test_cas,chem_dtxsid,chem_name,chem_pcp_can_smiles,chem_inchikey,n_atoms,in_pool,in_strict_PFAS
107-29-9,DTXSID2020004,Acetaldehyde oxime,CC=NO,,4,True,False
60-35-5,DTXSID7020005,Acetamide,CC(=O)N,,4,True,False
103-90-2,DTXSID2020006,Acetaminophen,CC(=O)NC1=CC=C(C=C1)O,,11,True,False
75-05-8,DTXSID7020009,Acetonitrile,CC#N,,3,True,False
127-06-0,DTXSID6020010,Acetoxime,CC(=NO)C,,5,True,False
520-45-6,DTXSID6020014,Dehydroacetic acid,CC1=CC(=O)C(C(=O)O1)C(=O)C,,12,True,False
114-83-0,DTXSID1020015,1-Acetyl-2-phenylhydrazine,CC(=O)NNC1=CC=CC=C1,,11,True,False
616-91-1,DTXSID5020021,N-Acetyl-L-cysteine,CC(=O)NC(CS)C(=O)O,,10,True,False
50594-66-6,DTXSID0020022,Acifluorfen,C1=CC(=C(C=C1C(F)(F)F)Cl)OC2=CC(=C(C=C2)[N+](=O)[O-])C(=O)O,,24,True,True
107-02-8,DTXSID5020023,Acrolein,C=CC=O,,4,True,False
79-06-1,DTXSID5020027,Acrylamide,C=CC(=O)N,,5,True,False
107-13-1,DTXSID5020029,Acrylonitrile,C=CC#N,,4,True,False
309-00-2,DTXSID8020040,Aldrin,C1C2C=CC1C3C2C4(C(=C(C3(C4(Cl)Cl)Cl)Cl)Cl)Cl,,18,True,False
97-59-6,DTXSID3020043,Allantoin,C1(C(=O)NC(=O)N1)NC(=O)N,,11,True,False
107-18-6,DTXSID8020044,Allyl alcohol,C=CCO,,4,True,False
57-06-7,DTXSID3020047,Allyl isothiocyanate,C=CCN=C=S,,6,True,False
99-57-0,DTXSID6020062,2-Amino-4-nitrophenol,C1=CC(=C(C=C1[N+](=O)[O-])N)O,,11,True,False
121-88-0,DTXSID1020063,2-Amino-5-nitrophenol,C1=CC(=C(C=C1[N+](=O)[O-])O)N,,11,True,False
119-34-6,DTXSID6020064,4-Amino-2-nitrophenol,C1=CC(=C(C=C1N)[N+](=O)[O-])O,,11,True,False
117-79-3,DTXSID6020068,2-Aminoanthraquinone,C1=CC=C2C(=C1)C(=O)C3=C(C2=O)C=C(C=C3)N,,17,True,False
60-32-2,DTXSID0020070,6-Aminocaproic acid,C(CCC(=O)O)CCN,,9,True,False
54381-16-7,DTXSID5020075,"2,2'-[(4-Aminophenyl)imino]bisethanol sulfate",C1=CC(=CC=C1N)N(CCO)CCO.OS(=O)(=O)O,,19,True,False
61-82-5,DTXSID0020076,Amitrole,C1=NNC(=N1)N,,6,True,False
12125-02-9,DTXSID0020078,Ammonium chloride,N.Cl,,2,True,False
1336-21-6,DTXSID4020080,Ammonium hydroxide,N.O,,2,True,False
57-43-2,DTXSID9020081,Amobarbital,CCC1(C(=O)NC(=O)NC1=O)CCC(C)C,,16,True,False
60-13-9,DTXSID4020082,Amphetamine sulfate,CC(CC1=CC=CC=C1)N.CC(CC1=CC=CC=C1)N.OS(=O)(=O)O,,25,True,False
4180-23-8,DTXSID9020087,(E)-Anethole,CC=CC1=CC=C(C=C1)OC,,11,True,False
15879-93-3,DTXSID4020088,Chloralose,C(C(C1C(C2C(O1)OC(O2)C(Cl)(Cl)Cl)O)O)O,,17,True,False
101-05-3,DTXSID9020089,Anilazine,C1=CC=C(C(=C1)NC2=NC(=NC(=N2)Cl)Cl)Cl,,16,True,False
62-53-3,DTXSID8020090,Aniline,C1=CC=C(C=C1)N,,7,True,False
142-04-1,DTXSID3020091,Aniline hydrochloride,C1=CC=C(C=C1)N.Cl,,8,True,False
118-92-3,DTXSID8020094,Anthranilic acid,C1=CC=C(C(=C1)C(=O)O)N,,10,True,False
84-65-1,DTXSID3020095,Anthraquinone,C1=CC=C2C(=C1)C(=O)C3=CC=CC=C3C2=O,,16,True,False
140-57-8,DTXSID3020097,Aramite,CC(COC1=CC=C(C=C1)C(C)(C)C)OS(=O)OCCCl,,21,True,False
1327-53-3,DTXSID0020103,Arsenic oxide (As2O3),[O-2].[O-2].[O-2].[As+3].[As+3],,5,True,False
7784-46-5,DTXSID5020104,Sodium arsenite,[O-][As]=O.[Na+],,4,True,False
50-81-7,DTXSID5020106,L-Ascorbic acid,C(C(C1C(=C(C(=O)O1)O)O)O)O,,12,True,False
50-78-2,DTXSID5020108,Aspirin,CC(=O)OC1=CC=CC=C1C(=O)O,,13,True,False
1912-24-9,DTXSID9020112,Atrazine,CCNC1=NC(=NC(=N1)Cl)NC(C)C,,14,True,False
2465-27-2,DTXSID9020114,Auramine hydrochloride,CN(C)C1=CC=C(C=C1)C(=N)C2=CC=C(C=C2)N(C)C.Cl,,21,True,False
26628-22-8,DTXSID8020121,Sodium azide,[N-]=[N+]=[N-].[Na+],,4,True,False
86-50-0,DTXSID3020122,Azinphos-methyl,COP(=S)(OC)SCN1C(=O)C2=CC=CC=C2N=N1,,19,True,False
103-33-3,DTXSID8020123,Azobenzene,C1=CC=C(C=C1)N=NC2=CC=CC=C2,,14,True,False
543-80-6,DTXSID7020130,Barium acetate,CC(=O)[O-].CC(=O)[O-].[Ba+2],,9,True,False
92-87-5,DTXSID2020137,Benzidine,C1=CC(=CC=C1C2=CC=C(C=C2)N)N,,14,True,False
50-32-8,DTXSID2020139,Benzo(a)pyrene,C1=CC=C2C3=C4C(=CC2=C1)C=CC5=C4C(=CC=C5)C=C3,,20,True,False
532-32-1,DTXSID1020140,Sodium benzoate,C1=CC=C(C=C1)C(=O)[O-].[Na+],,10,True,False
271-89-6,DTXSID6020141,"2,3-Benzofuran",C1=CC=C2C(=C1)C=CO2,,9,True,False
65-85-0,DTXSID6020143,Benzoic acid,C1=CC=C(C=C1)C(=O)O,,9,True,False
106-51-4,DTXSID6020145,"1,4-Benzoquinone",C1=CC(=O)C=CC1=O,,8,True,False
120-78-5,DTXSID1020146,"2,2'-Dithiobisbenzothiazole",C1=CC=C2C(=C1)N=C(S2)SSC3=NC4=CC=CC=C4S3,,20,True,False
95-14-7,DTXSID6020147,"1,2,3-Benzotriazole",C1=CC2=NNN=C2C=C1,,9,True,False
98-07-7,DTXSID1020148,Benzotrichloride,C1=CC=C(C=C1)C(Cl)(Cl)Cl,,10,True,False
140-11-4,DTXSID0020151,Benzyl acetate,CC(=O)OCC1=CC=CC=C1,,11,True,False
100-51-6,DTXSID5020152,Benzyl alcohol,C1=CC=C(C=C1)CO,,8,True,False
100-44-7,DTXSID0020153,Benzyl chloride,C1=CC=C(C=C1)CCl,,8,True,False
120-32-1,DTXSID5020154,Clorophene,C1=CC=C(C=C1)CC2=C(C=CC(=C2)Cl)O,,15,True,False
622-78-6,DTXSID0020155,Benzyl isothiocyanate,C1=CC=C(C=C1)CN=C=S,,10,True,False
3012-37-1,DTXSID5020156,Benzyl thiocyanate,C1=CC=C(C=C1)CSC#N,,10,True,False
13510-49-1,DTXSID0020159,Beryllium sulfate,[Be+2].[O-]S(=O)(=O)[O-],,6,True,False
82657-04-3,DTXSID9020160,Bifenthrin,CC1=C(C=CC=C1C2=CC=CC=C2)COC(=O)C3C(C3(C)C)C=C(C(F)(F)F)Cl,,29,True,True
92-52-4,DTXSID4020161,Biphenyl,C1=CC=C(C=C1)C2=CC=CC=C2,,12,True,False
56-35-9,DTXSID9020166,Bis(tributyltin)oxide,CCC[CH2].CCC[CH2].CCC[CH2].CCC[CH2].CCC[CH2].CCC[CH2].O.[Sn].[Sn],,27,True,False
108-60-1,DTXSID4020167,bis(2-Chloro-1-methylethyl) ether,CC(CCl)OC(C)CCl,,9,True,False
111-44-4,DTXSID9020168,Bis(2-chloroethyl) ether,C(CCl)OCCCl,,7,True,False
110-97-4,DTXSID8020179,Diisopropanolamine,CC(CNCC(C)O)O,,9,True,False
80-05-7,DTXSID7020182,Bisphenol A,CC(C)(C1=CC=C(C=C1)O)C2=CC=C(C=C2)O,,17,True,False
28407-37-6,DTXSID2020187,C.I. Direct Blue 218,C1=CC(=C(C=C1C2=CC(=C(C=C2)N=NC3=C(C4=C(C=C(C=C4C=C3S(=O)(=O)[O-])S(=O)(=O)[O-])N)[O-])[O-])[O-])N=NC5=C(C6=C(C=C(C=C6C=C5S(=O)(=O)[O-])S(=O)(=O)[O-])N)[O-].[Na+].[Na+].[Na+].[Na+].[Cu+2].[Cu+2],,64,True,False
3844-45-9,DTXSID2020189,FD&C Blue No. 1,CCN(CC1=CC(=CC=C1)S(=O)(=O)[O-])C2=CC=C(C=C2)C(=C3C=CC(=[N+](CC)CC4=CC(=CC=C4)S(=O)(=O)[O-])C=C3)C5=CC=CC=C5S(=O)(=O)[O-].[Na+].[Na+],,53,True,False
860-22-0,DTXSID1020190,C.I. Acid Blue 74,C1=CC2=C(C=C1S(=O)(=O)[O-])C(=C(N2)C3=NC4=C(C3=O)C=C(C=C4)S(=O)(=O)[O-])O.[Na+].[Na+],,30,True,False
10043-35-3,DTXSID1020194,Boric acid,B(O)(O)O,,4,True,False
75-27-4,DTXSID1020198,Bromodichloromethane,C(Cl)(Cl)Br,,4,True,False
75-65-0,DTXSID8020204,tert-Butyl alcohol,CC(C)(C)O,,5,True,False
85-68-7,DTXSID3020205,Benzyl butyl phthalate,CCCCOC(=O)C1=CC=CC=C1C(=O)OCC2=CC=CC=C2,,23,True,False
109-69-3,DTXSID8020206,1-Chlorobutane,CCCCCl,,5,True,False
88-85-7,DTXSID3020207,Dinoseb,CCC(C)C1=C(C(=CC(=C1)[N+](=O)[O-])[N+](=O)[O-])O,,17,True,False
94-26-8,DTXSID3020209,Butylparaben,CCCCOC(=O)C1=CC=C(C=C1)O,,14,True,False
128-37-0,DTXSID2020216,Butylated hydroxytoluene,CC1=CC(=C(C(=C1)C(C)(C)C)O)C(C)(C)C,,16,True,False
1948-33-0,DTXSID6020220,tert-Butylhydroquinone,CC(C)(C)C1=C(C=CC(=C1)O)O,,12,True,False
98-54-4,DTXSID1020221,4-tert-Butylphenol,CC(C)(C)C1=CC=C(C=C1)O,,11,True,False
96-48-0,DTXSID6020224,4-Butyrolactone,C1CC(=O)OC1,,6,True,False
10108-64-2,DTXSID6020226,Cadmium chloride,[Cl-].[Cl-].[Cd+2],,3,True,False
10124-36-4,DTXSID1020229,Cadmium sulfate (1:1),[O-]S(=O)(=O)[O-].[Cd+2],,6,True,False
58-08-2,DTXSID0020232,Caffeine,CN1C=NC2=C1C(=O)N(C(=O)N2C)C,,14,True,False
10043-52-4,DTXSID5020235,Calcium chloride,[Cl-].[Cl-].[Ca+2],,3,True,False
105-60-2,DTXSID4020240,Caprolactam,C1CCC(=O)NCC1,,8,True,False
404-86-4,DTXSID9020241,Capsaicin,CC(C)C=CCCCCC(=O)NCC1=CC(=C(C=C1)O)OC,,22,True,False
2425-06-1,DTXSID4020242,Captafol,C1C=CCC2C1C(=O)N(C2=O)SC(C(Cl)Cl)(Cl)Cl,,18,True,False
133-06-2,DTXSID9020243,Captan,C1C=CCC2C1C(=O)N(C2=O)SC(Cl)(Cl)Cl,,16,True,False
563-41-7,DTXSID4020244,Semicarbazide hydrochloride,C(=O)(N)NN.Cl,,6,True,False
121-59-5,DTXSID4020246,Carbarsone,C1=CC(=CC=C1NC(=O)N)[As](=O)(O)O,,14,True,False
63-25-2,DTXSID9020247,Carbaryl,CNC(=O)OC1=CC=CC2=CC=CC=C21,,15,True,False
86-74-8,DTXSID4020248,Carbazole,C1=CC=C2C(=C1)C3=CC=CC=C3N2,,13,True,False
1563-66-2,DTXSID9020249,Carbofuran,CC1(CC2=C(O1)C(=CC=C2)OC(=O)NC)C,,16,True,False
56-23-5,DTXSID8020250,Carbon tetrachloride,C(Cl)(Cl)(Cl)Cl,,5,True,False
120-80-9,DTXSID3020257,Catechol,C1=CC=C(C(=C1)O)O,,8,True,False
302-17-0,DTXSID7020261,Chloral hydrate,C(C(Cl)(Cl)Cl)(O)O,,7,True,False
133-90-4,DTXSID2020262,Chloramben,C1=C(C=C(C(=C1C(=O)O)Cl)N)Cl,,12,True,False
305-03-3,DTXSID7020263,Chlorambucil,C1=CC(=CC=C1CCCC(=O)O)N(CCCl)CCCl,,19,True,False
56-75-7,DTXSID7020265,Chloramphenicol,C1=CC(=CC=C1C(C(CO)NC(=O)C(Cl)Cl)O)[N+](=O)[O-],,20,True,False
118-75-2,DTXSID2020266,Chloranil,C1(=C(C(=O)C(=C(C1=O)Cl)Cl)Cl)Cl,,12,True,False
57-74-9,DTXSID7020267,Chlordane,C1C2C(C(C1Cl)Cl)C3(C(=C(C2(C3(Cl)Cl)Cl)Cl)Cl)Cl,,18,True,False
7782-50-5,DTXSID1020273,Chlorine,ClCl,,2,True,False
101-79-1,DTXSID1020275,4-Chloro-4'-aminodiphenyl ether,C1=CC(=CC=C1N)OC2=CC=C(C=C2)Cl,,15,True,False
97-00-7,DTXSID6020278,"1-Chloro-2,4-dinitrobenzene",C1=CC(=C(C=C1[N+](=O)[O-])[N+](=O)[O-])Cl,,13,True,False
563-47-3,DTXSID1020279,3-Chloro-2-methylpropene,CC(=C)CCl,,5,True,False
88-73-3,DTXSID0020280,1-Chloro-2-nitrobenzene,C1=CC=C(C(=C1)[N+](=O)[O-])Cl,,10,True,False
100-00-5,DTXSID5020281,1-Chloro-4-nitrobenzene,C1=CC(=CC=C1[N+](=O)[O-])Cl,,10,True,False
127-00-4,DTXSID5020285,1-Chloro-2-propanol,CC(CCl)O,,5,True,False
95-74-9,DTXSID0020286,3-Chloro-4-methylaniline,CC1=C(C=C(C=C1)N)Cl,,9,True,False
107-20-0,DTXSID4020292,Chloroacetaldehyde,C(C=O)Cl,,4,True,False
532-27-4,DTXSID9020293,2-Chloroacetophenone,C1=CC=C(C=C1)C(=O)CCl,,10,True,False
140-49-8,DTXSID4020294,4'-(Chloroacetyl)acetanilide,CC(=O)NC1=CC=C(C=C1)C(=O)CCl,,14,True,False
106-47-8,DTXSID9020295,4-Chloroaniline,C1=CC(=CC=C1N)Cl,,8,True,False
2698-41-1,DTXSID9020297,(2-Chlorobenzylidene)propanedinitrile,C1=CC=C(C(=C1)C=C(C#N)C#N)Cl,,13,True,False
108-90-7,DTXSID4020298,Chlorobenzene,C1=CC=C(C=C1)Cl,,7,True,False
510-15-6,DTXSID9020299,Chlorobenzilate,CCOC(=O)C(C1=CC=C(C=C1)Cl)(C2=CC=C(C=C2)Cl)O,,21,True,False
124-48-1,DTXSID1020300,Chlorodibromomethane,C(Cl)(Br)Br,,4,True,False
75-00-3,DTXSID1020302,Chloroethane,CCCl,,3,True,False
999-81-5,DTXSID6020303,Chlormequat chloride,C[N+](C)(C)CCCl.[Cl-],,8,True,False
67-66-3,DTXSID1020306,Chloroform,C(Cl)(Cl)Cl,,4,True,False
80-33-1,DTXSID5020310,Chlorfenson,C1=CC(=CC=C1OS(=O)(=O)C2=CC=C(C=C2)Cl)Cl,,18,True,False
150-68-5,DTXSID0020311,Monuron,CN(C)C(=O)NC1=CC=C(C=C1)Cl,,13,True,False
2227-13-6,DTXSID5020314,Tetrasul,C1=CC(=CC=C1SC2=CC(=C(C=C2Cl)Cl)Cl)Cl,,17,True,False
76-06-2,DTXSID0020315,Chloropicrin,C([N+](=O)[O-])(Cl)(Cl)Cl,,7,True,False
1897-45-6,DTXSID0020319,Chlorothalonil,C(#N)C1=C(C(=C(C(=C1Cl)Cl)Cl)C#N)Cl,,14,True,False
67-48-1,DTXSID4020325,Choline chloride,C[N+](C)(C)CCO.[Cl-],,8,True,False
1066-30-4,DTXSID4020327,Chromium(III) acetate,CC(=O)[O-].CC(=O)[O-].CC(=O)[O-].[Cr+3],,13,True,False
117-10-2,DTXSID9020328,Danthron,C1=CC2=C(C(=C1)O)C(=O)C3=C(C2=O)C=CC=C3O,,18,True,False
51481-61-9,DTXSID4020329,Cimetidine,CC1=C(N=CN1)CSCCNC(=NC)NC#N,,17,True,False
77-92-9,DTXSID3020332,Citric acid,C(C(=O)O)C(CC(=O)O)(C(=O)O)O,,13,True,False
518-75-2,DTXSID8020333,Citrinin,CC1C(OC=C2C1=C(C(=C(C2=O)C(=O)O)O)C)C,,18,True,False
637-07-0,DTXSID3020336,Clofibrate,CCOC(=O)C(C)(C)OC1=CC=C(C=C1)Cl,,16,True,False
1420-04-8,DTXSID3020338,Clonitralid,C1=CC(=C(C=C1[N+](=O)[O-])Cl)NC(=O)C2=C(C=CC(=C2)Cl)O.C(CO)N,,25,True,False
137-29-1,DTXSID2020345,Copper dimethyldithiocarbamate,CN(C)C(=S)[S-].CN(C)C(=S)[S-].[Cu+2],,13,True,False
10380-28-6,DTXSID7020346,Copper-8-hydroxyquinoline (1:2),C1=CC2=C(C(=C1)[O-])N=CC=C2.C1=CC2=C(C(=C1)[O-])N=CC=C2.[Cu+2],,23,True,False
56-72-4,DTXSID2020347,Coumaphos,CCOP(=S)(OCC)OC1=CC2=C(C=C1)C(=C(C(=O)O2)Cl)C,,22,True,False
91-64-5,DTXSID7020348,Coumarin,C1=CC=C2C(=C1)C=CC(=O)O2,,11,True,False
135-20-6,DTXSID1020352,Cupferron,C1=CC=C(C=C1)[N+](=NO)[O-].N,,11,True,False
108-94-1,DTXSID6020359,Cyclohexanone,C1CCC(=O)CC1,,7,True,False
1192-28-5,DTXSID0020363,Cyclopentanone oxime,C1CCC(=NO)C1,,7,True,False
50-18-0,DTXSID5020364,Cyclophosphamide,C1CNP(=O)(OC1)N(CCCl)CCCl,,14,True,False
59865-13-3,DTXSID0020365,Cyclosporin A,CCC1C(=O)N(CC(=O)N(C(C(=O)NC(C(=O)N(C(C(=O)NC(C(=O)NC(C(=O)N(C(C(=O)N(C(C(=O)N(C(C(=O)N(C(C(=O)N1)C(C(C)CC=CC)O)C)C(C)C)C)CC(C)C)C)CC(C)C)C)C)C)CC(C)C)C)C(C)C)CC(C)C)C)C,,85,True,False
427-51-0,DTXSID5020366,Cyproterone acetate,CC(=O)C1(CCC2C1(CCC3C2C=C(C4=CC(=O)C5CC5C34C)Cl)C)OC(=O)C,,29,True,False
1596-84-5,DTXSID9020370,Daminozide,CN(C)NC(=O)CCC(=O)O,,11,True,False
53-19-0,DTXSID9020372,"o,p'-DDD",C1=CC=C(C(=C1)C(C2=CC=C(C=C2)Cl)C(Cl)Cl)Cl,,18,True,False
72-54-8,DTXSID4020373,"p,p'-DDD",C1=CC(=CC=C1C(C2=CC=C(C=C2)Cl)C(Cl)Cl)Cl,,18,True,False
72-55-9,DTXSID9020374,"p,p'-DDE",C1=CC(=CC=C1C(=C(Cl)Cl)C2=CC=C(C=C2)Cl)Cl,,18,True,False
50-29-3,DTXSID4020375,"p,p'-DDT",C1=CC(=CC=C1C(C2=CC=C(C=C2)Cl)C(Cl)(Cl)Cl)Cl,,19,True,False
1163-19-5,DTXSID9020376,Decabromodiphenyl oxide,C1(=C(C(=C(C(=C1Br)Br)Br)Br)Br)OC2=C(C(=C(C(=C2Br)Br)Br)Br)Br,,23,True,False
52918-63-5,DTXSID8020381,Deltamethrin,CC1(C(C1C(=O)OC(C#N)C2=CC(=CC=C2)OC3=CC=CC=C3)C=C(Br)Br)C,,28,True,False
51481-10-8,DTXSID3020382,Deoxynivalenol,CC1=CC2C(C(C1=O)O)(C3(CC(C(C34CO4)O2)O)C)CO,,21,True,False
50-02-2,DTXSID3020384,Dexamethasone,CC1CC2C3CCC4=CC(=O)C=CC4(C3(C(CC2(C1(C(=O)CO)O)C)O)F)C,,28,True,False
2303-16-4,DTXSID2020391,Diallate,CC(C)N(C(C)C)C(=O)SCC(=CCl)Cl,,15,True,False
131-17-9,DTXSID7020392,Diallyl phthalate,C=CCOC(=O)C1=CC=CC=C1C(=O)OCC=C,,18,True,False
137-09-7,DTXSID9020401,"2,4-Diaminophenol dihydrochloride",C1=CC(=C(C=C1N)N)O.Cl.Cl,,11,True,False
95-80-7,DTXSID4020402,"2,4-Diaminotoluene",CC1=C(C=C(C=C1)N)N,,9,True,False
439-14-5,DTXSID4020406,Diazepam,CN1C(=O)CN=C(C2=C1C=CC(=C2)Cl)C3=CC=CC=C3,,20,True,False
333-41-5,DTXSID9020407,Diazinon,CCOP(=S)(OCC)OC1=NC(=NC(=C1)C)C(C)C,,19,True,False
53-70-3,DTXSID9020409,"Dibenz(a,h)anthracene",C1=CC=C2C(=C1)C=CC3=CC4=C(C=CC5=CC=CC=C54)C=C32,,22,True,False
96-12-8,DTXSID3020413,"1,2-Dibromo-3-chloropropane",C(C(CBr)Br)Cl,,6,True,False
106-93-4,DTXSID3020415,"1,2-Dibromoethane",C(CBr)Br,,4,True,False
1067-33-0,DTXSID3020419,Dibutyltin diacetate,CCC[CH2].CCC[CH2].CC(=O)[O-].CC(=O)[O-].[Sn+2],,17,True,False
23950-58-5,DTXSID2020420,Propyzamide,CC(C)(C#C)NC(=O)C1=CC(=CC(=C1)Cl)Cl,,16,True,False
117-80-6,DTXSID7020425,Dichlone,C1=CC=C2C(=C1)C(=O)C(=C(C2=O)Cl)Cl,,14,True,False
99-30-9,DTXSID2020426,Dicloran,C1=C(C=C(C(=C1Cl)N)Cl)[N+](=O)[O-],,12,True,False
79-43-6,DTXSID2020428,Dichloroacetic acid,C(C(=O)O)(Cl)Cl,,6,True,False
95-50-1,DTXSID6020430,"1,2-Dichlorobenzene",C1=CC=C(C(=C1)Cl)Cl,,8,True,False
106-46-7,DTXSID1020431,"1,4-Dichlorobenzene",C1=CC(=CC=C1Cl)Cl,,8,True,False
91-94-1,DTXSID6020432,"3,3'-Dichlorobenzidine",C1=CC(=C(C=C1C2=CC(=C(C=C2)N)Cl)Cl)N,,16,True,False
75-34-3,DTXSID1020437,"1,1-Dichloroethane",CC(Cl)Cl,,4,True,False
107-06-2,DTXSID6020438,"1,2-Dichloroethane",C(CCl)Cl,,4,True,False
120-83-2,DTXSID1020439,"2,4-Dichlorophenol",C1=CC(=C(C=C1Cl)Cl)O,,9,True,False
120-36-5,DTXSID0020440,Dichlorprop,CC(C(=O)O)OC1=C(C=C(C=C1)Cl)Cl,,14,True,False
94-75-7,DTXSID0020442,"2,4-Dichlorophenoxyacetic acid",C1=CC(=C(C=C1Cl)Cl)OCC(=O)O,,13,True,False
94-80-4,DTXSID5020443,"2,4-D 1-butyl ester",CCCCOC(=O)COC1=C(C=C(C=C1)Cl)Cl,,17,True,False
94-11-1,DTXSID5020445,"2,4-D isopropyl ester",CC(C)OC(=O)COC1=C(C=C(C=C1)Cl)Cl,,16,True,False
330-54-1,DTXSID0020446,Diuron,CN(C)C(=O)NC1=CC(=C(C=C1)Cl)Cl,,14,True,False
97-16-5,DTXSID5020447,"2,4-Dichlorophenyl benzenesulfonate",C1=CC=C(C=C1)S(=O)(=O)OC2=C(C=C(C=C2)Cl)Cl,,18,True,False
78-87-5,DTXSID0020448,"1,2-Dichloropropane",CC(CCl)Cl,,5,True,False
62-73-7,DTXSID5020449,Dichlorvos,COP(=O)(OC)OC=C(Cl)Cl,,11,True,False
115-32-2,DTXSID4020450,Dicofol,C1=CC(=CC=C1C(C2=CC=C(C=C2)Cl)(C(Cl)(Cl)Cl)O)Cl,,20,True,False
60-57-1,DTXSID9020453,Dieldrin,C1C2C3C(C1C4C2O4)C5(C(=C(C3(C5(Cl)Cl)Cl)Cl)Cl)Cl,,19,True,False
13366-73-9,DTXSID4020454,Photodieldrin,C12C3C(C4C1C5(C(C3(C4(C5(Cl)Cl)Cl)Cl)Cl)Cl)C6C2O6,,19,True,False
2921-88-2,DTXSID4020458,Chlorpyrifos,CCOP(=S)(OCC)OC1=NC(=C(C=C1Cl)Cl)Cl,,18,True,False
685-91-6,DTXSID9020459,Diethylacetamide,CCN(CC)C(=O)C,,8,True,False
111-46-6,DTXSID8020462,Diethylene glycol,C(COCCO)O,,7,True,False
141-05-9,DTXSID8020464,Diethyl maleate,CCOC(=O)C=CC(=O)OCC,,12,True,False
56-53-1,DTXSID3020465,Diethylstilbestrol,CCC(=C(CC)C1=CC=C(C=C1)O)C2=CC=C(C=C2)O,,20,True,False
105-55-5,DTXSID8020466,"N,N'-Diethylthiourea",CCNC(=S)NCC,,8,True,False
60-51-5,DTXSID7020479,Dimethoate,CNC(=O)CSP(=S)(OC)OC,,12,True,False
828-00-2,DTXSID6020480,Dimethoxane,CC1CC(OC(O1)C)OC(=O)C,,12,True,False
868-85-9,DTXSID5020493,Dimethyl hydrogen phosphite,CO[P+](=O)OC,,6,True,False
551-92-8,DTXSID5020497,"1,2-Dimethyl-5-nitroimidazole",CC1=NC=C(N1C)[N+](=O)[O-],,10,True,False
127-19-5,DTXSID5020499,"N,N-Dimethylacetamide",CC(=O)N(C)C,,6,True,False
6120-10-1,DTXSID2020503,"4-Dimethylamino-3,5-xylenol",CC1=CC(=CC(=C1N(C)C)C)O,,12,True,False
121-69-7,DTXSID2020507,"N,N-Dimethylaniline",CN(C)C1=CC=CC=C1,,9,True,False
75-60-5,DTXSID7020508,Dimethylarsinic acid,C[As](=O)(C)O,,5,True,False
57-97-6,DTXSID1020510,"7,12-Dimethylbenz(a)anthracene",CC1=C2C=CC3=CC=CC=C3C2=C(C4=CC=CC=C14)C,,20,True,False
68-12-2,DTXSID6020515,"N,N-Dimethylformamide",CN(C)C=O,,5,True,False
57-14-7,DTXSID1020516,"1,1-Dimethylhydrazine",CN(C)N,,4,True,False
51-28-5,DTXSID0020523,"2,4-Dinitrophenol",C1=CC(=C(C=C1[N+](=O)[O-])[N+](=O)[O-])O,,13,True,False
1011-73-0,DTXSID5020524,"2,4-Dinitrophenol sodium salt",C1=CC(=C(C=C1[N+](=O)[O-])[N+](=O)[O-])[O-].[Na+],,14,True,False
606-20-2,DTXSID5020528,"2,6-Dinitrotoluene",CC1=C(C=CC=C1[N+](=O)[O-])[N+](=O)[O-],,13,True,False
121-14-2,DTXSID0020529,"2,4-Dinitrotoluene",CC1=C(C=C(C=C1)[N+](=O)[O-])[N+](=O)[O-],,13,True,False
123-91-1,DTXSID4020533,"1,4-Dioxane",C1COCCO1,,6,True,False
78-34-2,DTXSID9020534,Dioxathion,CCOP(=S)(OCC)SC1C(OCCO1)SP(=S)(OCC)OCC,,24,True,False
147-24-0,DTXSID4020537,Diphenhydramine hydrochloride,CN(C)CCOC(C1=CC=CC=C1)C2=CC=CC=C2.Cl,,20,True,False
102-09-0,DTXSID3020540,Diphenylcarbonate,C1=CC=C(C=C1)OC(=O)OC2=CC=CC=C2,,16,True,False
57-41-0,DTXSID8020541,"5,5-Diphenylhydantoin",C1=CC=C(C=C1)C2(C(=O)NC(=O)N2)C3=CC=CC=C3,,19,True,False
142-46-1,DTXSID8020545,"2,5-Dithiobiurea",C(=S)(N)NNC(=S)N,,8,True,False
79-40-3,DTXSID3020546,Dithiooxamide,C(=S)(C(=S)N)N,,6,True,False
2439-10-3,DTXSID3020548,Dodine,CCCCCCCCCCCCN=C(N)N.CC(=O)O,,20,True,False
150-38-9,DTXSID7020556,Trisodium ethylenediaminetetraacetate,C(CN(CC(=O)[O-])CC(=O)[O-])N(CC(=O)O)CC(=O)[O-].[Na+].[Na+].[Na+],,23,True,False
115-29-7,DTXSID1020560,Endosulfan,C1C2C(COS(=O)O1)C3(C(=C(C2(C3(Cl)Cl)Cl)Cl)Cl)Cl,,19,True,False
72-20-8,DTXSID6020561,Endrin,C1C2C3C(C1C4C2O4)C5(C(=C(C3(C5(Cl)Cl)Cl)Cl)Cl)Cl,,19,True,False
106-89-8,DTXSID1020566,Epichlorohydrin,C1C(O1)CCl,,5,True,False
50-28-2,DTXSID0020573,17beta-Estradiol,CC12CCC3C(C1CCC2O)CCC4=C3C=CC(=C4)O,,20,True,False
57-63-6,DTXSID5020576,17alpha-Ethinylestradiol,CC12CCC3C(C1CCC2(C#C)O)CCC4=C3C=CC(=C4)O,,22,True,False
67-21-0,DTXSID0020579,dl-Ethionine,CCSCCC(C(=O)O)N,,10,True,False
91-53-2,DTXSID9020582,Ethoxyquin,CCOC1=CC2=C(C=C1)NC(C=C2C)(C)C,,16,True,False
140-88-5,DTXSID4020583,Ethyl acrylate,CCOC(=O)C=C,,7,True,False
64-17-5,DTXSID9020584,Ethanol,CCO,,3,True,False
72-56-0,DTXSID4020589,"p,p'-Ethyl-DDD",CCC1=CC=C(C=C1)C(C2=CC=C(C=C2)CC)C(Cl)Cl,,20,True,False
100-41-4,DTXSID3020596,Ethylbenzene,CCC1=CC=CC=C1,,8,True,False
107-21-1,DTXSID8020597,Ethylene glycol,C(CO)O,,4,True,False
151-56-4,DTXSID8020599,Ethyleneimine,C1CN1,,3,True,False
75-21-8,DTXSID0020600,Ethylene oxide,C1CO1,,3,True,False
96-45-7,DTXSID5020601,Ethylene thiourea,C1CNC(=S)N1,,6,True,False
120-93-4,DTXSID0020602,Ethylene urea,C1CNC(=O)N1,,6,True,False
142-59-6,DTXSID5020603,Nabam-sodium,C(CN=C([S-])[S-])NC(=S)S.[Na+].[Na+],,12,True,False
104-76-7,DTXSID5020605,2-Ethyl-1-hexanol,CCCCC(CC)CO,,9,True,False
103-23-1,DTXSID0020606,Di(2-ethylhexyl) adipate,CCCCC(CC)COC(=O)CCCCC(=O)OCC(CC)CCCC,,26,True,False
117-81-7,DTXSID5020607,Di(2-ethylhexyl) phthalate,CCCCC(CC)COC(=O)C1=CC=CC=C1C(=O)OCC(CC)CCCC,,28,True,False
470-82-6,DTXSID4020616,"1,8-Cineol",CC1(C2CCC(O1)(CC2)C)C,,11,True,False
97-53-0,DTXSID9020617,Eugenol,COC1=C(C=CC(=C1)CC=C)O,,12,True,False
55-38-9,DTXSID8020620,Fenthion,CC1=C(C=CC(=C1)OP(=S)(OC)OC)SC,,16,True,False
51630-58-1,DTXSID3020621,Fenvalerate,CC(C)C(C1=CC=C(C=C1)Cl)C(=O)OC(C#N)C2=CC(=CC=C2)OC3=CC=CC=C3,,30,True,False
14484-64-1,DTXSID8020624,Ferbam,CN(C)C(=S)[S-].CN(C)C(=S)[S-].CN(C)C(=S)[S-].[Fe+3],,19,True,False
86386-73-4,DTXSID3020627,Fluconazole,C1=CC(=C(C=C1F)F)C(CN2C=NC=N2)(CN3C=NC=N3)O,,22,True,False
2164-17-2,DTXSID8020628,Fluometuron,CN(C)C(=O)NC1=CC=CC(=C1)C(F)(F)F,,16,True,True
7681-49-4,DTXSID2020630,Sodium fluoride,[F-].[Na+],,2,True,False
56296-78-7,DTXSID7020635,Fluoxetine hydrochloride,CNCCC(C1=CC=CC=C1)OC2=CC=C(C=C2)C(F)(F)F.Cl,,23,True,True
50-00-0,DTXSID7020637,Formaldehyde,C=O,,2,True,False
39148-24-8,DTXSID1020643,Fosetyl-Al,CCOP(=O)=O.CCOP(=O)=O.CCOP(=O)=O.[Al+3],,19,True,False
110-00-9,DTXSID6020646,Furan,C1=COC=C1,,5,True,False
98-01-1,DTXSID1020647,Furfural,C1=COC(=C1)C=O,,7,True,False
149-91-7,DTXSID0020650,Gallic acid,C1=C(C=C(C(=C1O)O)O)C(=O)O,,12,True,False
25812-30-0,DTXSID0020652,Gemfibrozil,CC1=CC(=C(C=C1)C)OCCCC(C)(C)C(=O)O,,18,True,False
548-62-9,DTXSID5020653,Gentian Violet,CN(C)C1=CC=C(C=C1)C(=C2C=CC(=[N+](C)C)C=C2)C3=CC=C(C=C3)N(C)C.[Cl-],,29,True,False
77-06-5,DTXSID0020656,Gibberellic acid,CC12C(C=CC3(C1C(C45C3CCC(C4)(C(=C)C5)O)C(=O)O)OC2=O)O,,25,True,False
56-81-5,DTXSID9020663,Glycerol,C(C(CO)O)O,,6,True,False
96-24-2,DTXSID4020664,"3-Chloro-1,2-propanediol",C(C(CCl)O)O,,6,True,False
556-52-5,DTXSID4020666,Glycidol,C1C(O1)CO,,5,True,False
3741-38-6,DTXSID4020668,Glycol sulfite,C1COS(=O)O1,,6,True,False
4680-78-8,DTXSID3020671,FD&C Green No. 1,CCN(CC1=CC(=CC=C1)S(=O)(=O)[O-])C2=CC=C(C=C2)C(=C3C=CC(=[N+](CC)CC4=CC(=CC=C4)S(=O)(=O)[O-])C=C3)C5=CC=CC=C5.[Na+],,48,True,False
5141-20-8,DTXSID8020672,FD&C Green No. 2,CCN(CC1=CC(=CC=C1)S(=O)(=O)[O-])C2=CC=C(C=C2)C(=C3C=CC(=[N+](CC)CC4=CC(=CC=C4)S(=O)(=O)[O-])C=C3)C5=CC=C(C=C5)S(=O)(=O)[O-].[Na+].[Na+],,53,True,False
76-44-8,DTXSID3020679,Heptachlor,C1=CC(C2C1C3(C(=C(C2(C3(Cl)Cl)Cl)Cl)Cl)Cl)Cl,,17,True,False
111-68-2,DTXSID7020681,Heptylamine,CCCCCCCN,,8,True,False
118-74-1,DTXSID2020682,Hexachlorobenzene,C1(=C(C(=C(C(=C1Cl)Cl)Cl)Cl)Cl)Cl,,12,True,False
87-68-3,DTXSID7020683,"Hexachloro-1,3-butadiene",C(=C(Cl)Cl)(C(=C(Cl)Cl)Cl)Cl,,10,True,False
319-84-6,DTXSID2020684,"alpha-1,2,3,4,5,6-Hexachlorocyclohexane",C1(C(C(C(C(C1Cl)Cl)Cl)Cl)Cl)Cl,,12,True,False
319-85-7,DTXSID7020685,beta-Hexachlorocyclohexane,C1(C(C(C(C(C1Cl)Cl)Cl)Cl)Cl)Cl,,12,True,False
58-89-9,DTXSID2020686,Lindane,C1(C(C(C(C(C1Cl)Cl)Cl)Cl)Cl)Cl,,12,True,False
608-73-1,DTXSID7020687,"1,2,3,4,5,6-Hexachlorocyclohexane",C1(C(C(C(C(C1Cl)Cl)Cl)Cl)Cl)Cl,,12,True,False
77-47-4,DTXSID2020688,Hexachlorocyclopentadiene,C1(=C(C(C(=C1Cl)Cl)(Cl)Cl)Cl)Cl,,11,True,False
67-72-1,DTXSID7020689,Hexachloroethane,C(C(Cl)(Cl)Cl)(Cl)(Cl)Cl,,8,True,False
70-30-4,DTXSID6020690,Hexachlorophene,C1=C(C(=C(C(=C1Cl)Cl)CC2=C(C(=CC(=C2Cl)Cl)Cl)O)O)Cl,,21,True,False
100-97-0,DTXSID6020692,Methenamine,C1N2CN3CN1CN(C2)C3,,10,True,False
680-31-9,DTXSID6020694,Hexamethylphosphoramide,CN(C)P(=O)(N(C)C)N(C)C,,11,True,False
136-77-6,DTXSID1020699,4-Hexylresorcinol,CCCCCCC1=C(C=C(C=C1)O)O,,14,True,False
302-01-2,DTXSID3020702,Hydrazine,NN,,2,True,False
10034-93-2,DTXSID8020703,Hydrazine sulfate,NN.OS(=O)(=O)O,,7,True,False
122-66-7,DTXSID7020710,"1,2-Diphenylhydrazine",C1=CC=C(C=C1)NNC2=CC=CC=C2,,14,True,False
7647-01-0,DTXSID2020711,Hydrochloric acid,Cl,,1,True,False
50-23-7,DTXSID7020714,Hydrocortisone,CC12CCC(=O)C=C1CCC3C2C(CC4(C3CCC4(C(=O)CO)O)C)O,,26,True,False
7722-84-1,DTXSID2020715,Hydrogen peroxide,OO,,2,True,False
123-31-9,DTXSID7020716,Hydroquinone,C1=CC(=CC=C1O)O,,8,True,False
103-16-2,DTXSID2020717,4-(Benzyloxyl)phenol,C1=CC=C(C=C1)COC2=CC=C(C=C2)O,,15,True,False
148-24-3,DTXSID5020730,8-Hydroxyquinoline,C1=CC2=C(C(=C1)O)N=CC=C2,,11,True,False
15687-27-1,DTXSID5020732,Ibuprofen,CC(C)CC1=CC=C(C=C1)C(C)C(=O)O,,15,True,False
120-72-9,DTXSID0020737,Indole,C1=CC=C2C(=C1)C=CN2,,9,True,False
87-51-4,DTXSID5020738,Indole-3-acetic acid,C1=CC=C2C(=C1)C(=CN2)CC(=O)O,,13,True,False
53-86-1,DTXSID9020740,Indomethacin,CC1=C(C2=C(N1C(=O)C3=CC=C(C=C3)Cl)C=CC(=C2)OC)CC(=O)O,,25,True,False
144-48-9,DTXSID9020742,Iodoacetamide,C(C(=O)N)I,,5,True,False
75-47-8,DTXSID4020743,Iodoform,C(I)(I)I,,4,True,False
54-85-3,DTXSID8020755,Isoniazid,C1=CN=CC=C1C(=O)NN,,10,True,False
78-59-1,DTXSID8020759,Isophorone,CC1=CC(=O)CC(C1)(C)C,,10,True,False
3778-73-2,DTXSID7020760,Ifosfamide,C1CN(P(=O)(OC1)NCCCl)CCCl,,14,True,False
78-79-5,DTXSID2020761,Isoprene,CC(=C)C=C,,5,True,False
67-63-0,DTXSID7020762,Isopropanol,CC(C)O,,4,True,False
101-73-5,DTXSID2020763,4-Isopropoxydiphenylamine,CC(C)OC1=CC=C(C=C1)NC2=CC=CC=C2,,17,True,False
101-21-3,DTXSID7020764,Chlorpropham,CC(C)OC(=O)NC1=CC(=CC=C1)Cl,,14,True,False
119-38-0,DTXSID2020765,Isolane,CC1=NN(C(=C1)OC(=O)N(C)C)C(C)C,,15,True,False
122-42-9,DTXSID7020766,Propham,CC(C)OC(=O)NC1=CC=CC=C1,,13,True,False
143-50-0,DTXSID1020770,Kepone,C1(=O)C2(C3(C4(C1(C5(C2(C3(C(C45Cl)(Cl)Cl)Cl)Cl)Cl)Cl)Cl)Cl)Cl,,21,True,False
301-04-2,DTXSID6020773,Lead(II) acetate,CC(=O)[O-].CC(=O)[O-].[Pb+2],,9,True,False
5989-27-5,DTXSID1020778,D-Limonene,CC1=CCC(CC1)C(=C)C,,10,True,False
75330-75-5,DTXSID5020784,Lovastatin,CCC(C)C(=O)OC1CC(C=C2C1C(C(C=C2)C)CCC3CC(CC(=O)O3)O)C,,29,True,False
1634-78-2,DTXSID9020790,Malaoxon,CCOC(=O)CC(C(=O)OCC)SP(=O)(OC)OC,,19,True,False
121-75-5,DTXSID4020791,Malathion,CCOC(=O)CC(C(=O)OCC)SP(=S)(OC)OC,,19,True,False
123-33-1,DTXSID9020792,Maleic hydrazide,C1=CC(=O)NNC1=O,,8,True,False
12427-38-2,DTXSID9020794,Maneb,C(CN=C([S-])[S-])NC(=S)S.[Mn+2],,11,True,False
149-30-4,DTXSID1020807,2-Mercaptobenzothiazole,C1=CC=C2C(=C1)NC(=S)S2,,10,True,False
155-04-4,DTXSID6020808,"2-Mercaptobenzothiazole, zinc",C1=CC=C2C(=C1)N=C(S2)[S-].C1=CC=C2C(=C1)N=C(S2)[S-].[Zn+2],,21,True,False
50-44-2,DTXSID0020810,6-Mercaptopurine,C1=NC2=C(N1)C(=S)N=CN2,,10,True,False
7487-94-7,DTXSID5020811,Mercuric chloride,[Cl-].[Cl-].[Hg+2],,3,True,False
115-09-3,DTXSID5020813,Methylmercuric(II) chloride,C.[Cl-].[Hg+],,3,True,False
950-37-8,DTXSID5020819,Methidathion,COC1=NN(C(=O)S1)CSP(=S)(OC)OC,,16,True,False
60-56-0,DTXSID4020820,Methimazole,CN1C=CNC1=S,,7,True,False
59-51-8,DTXSID9020821,dl-Methionine,CSCCC(C(=O)O)N,,9,True,False
72-43-5,DTXSID9020827,Methoxychlor,COC1=CC=C(C=C1)C(C2=CC=C(C=C2)OC)C(Cl)(Cl)Cl,,21,True,False
150-76-5,DTXSID4020828,4-Methoxyphenol,COC1=CC=C(C=C1)O,,9,True,False
74-83-9,DTXSID8020832,Methyl bromide,CBr,,2,True,False
1634-04-4,DTXSID3020833,Methyl tert-butyl ether,CC(C)(C)OC,,6,True,False
80-62-6,DTXSID2020844,Methyl methacrylate,CC(=C)C(=O)OC,,7,True,False
66-27-3,DTXSID7020845,Methyl methanesulfonate,COS(=O)(=O)C,,6,True,False
70-25-7,DTXSID2020846,N-Methyl-N'-nitro-N-nitrosoguanidine,CN(C(=N)N[N+](=O)[O-])N=O,,10,True,False
298-00-0,DTXSID1020855,Methyl parathion,COP(=S)(OC)OC1=CC=C(C=C1)[N+](=O)[O-],,16,True,False
872-50-4,DTXSID6020856,N-Methyl-2-pyrrolidone,CN1CCCC1=O,,7,True,False
443-72-1,DTXSID1020857,(N-6)-Methyladenine,CNC1=NC=NC2=C1NC=N2,,11,True,False
452-86-8,DTXSID5020861,4-Methylcatechol,CC1=CC(=C(C=C1)O)O,,9,True,False
56-49-5,DTXSID0020862,3-Methylcholanthrene,CC1=C2CCC3=C2C(=CC4=C3C=CC5=CC=CC=C54)C=C1,,21,True,False
75-09-2,DTXSID0020868,Dichloromethane,C(Cl)Cl,,3,True,False
60-34-4,DTXSID4020874,Methylhydrazine,CNN,,3,True,False
90-12-0,DTXSID9020877,1-Methylnaphthalene,CC1=CC=CC2=CC=CC=C12,,11,True,False
91-57-6,DTXSID4020878,2-Methylnaphthalene,CC1=CC2=CC=CC=C2C=C1,,11,True,False
56-04-2,DTXSID2020890,6-Methyl-2-thiouracil,CC1=CC(=O)NC(=S)N1,,9,True,False
443-48-1,DTXSID2020892,Metronidazole,CC1=NC=C(N1CCO)[N+](=O)[O-],,12,True,False
315-18-4,DTXSID7020893,Mexacarbate,CC1=CC(=CC(=C1N(C)C)C)OC(=O)NC,,16,True,False
2385-85-5,DTXSID7020895,Mirex,C12(C3(C4(C5(C3(C(C1(C5(C2(C4(Cl)Cl)Cl)Cl)Cl)(Cl)Cl)Cl)Cl)Cl)Cl)Cl,,22,True,False
50-07-7,DTXSID2020898,Mitomycin C,CC1=C(C(=O)C2=C(C1=O)N3CC4C(C3(C2COC(=O)N)OC)N4)N,,24,True,False
1313-27-5,DTXSID7020899,Molybdenum trioxide,O.O.O.[Mo],,4,True,False
79-11-8,DTXSID4020901,Chloroacetic acid,C(C(=O)O)Cl,,5,True,False
315-22-0,DTXSID9020902,Monocrotaline,CC1C(=O)OC2CCN3C2C(=CC3)COC(=O)C(C1(C)O)(C)O,,23,True,False
124-58-3,DTXSID4020903,Methylarsonic acid,C[As](=O)(O)O,,5,True,False
91-20-3,DTXSID8020913,Naphthalene,C1=CC=C2C=CC=CC2=C1,,10,True,False
86-87-3,DTXSID8020915,1-Naphthaleneacetic acid,C1=CC=C2C(=C1)C=CC=C2CC(=O)O,,14,True,False
1465-25-4,DTXSID8020917,N-(1-Naphthyl)ethylenediamine dihydrochloride,C1=CC=C2C(=C1)C=CC=C2NCCN.Cl.Cl,,16,True,False
134-32-7,DTXSID7020920,1-Naphthylamine,C1=CC=C2C(=C1)C=CC=C2N,,11,True,False
7440-02-0,DTXSID2020925,Nickel,[Ni],,1,True,False
373-02-4,DTXSID7020926,Nickel(II) acetate,CC(=O)[O-].CC(=O)[O-].[Ni+2],,9,True,False
98-92-0,DTXSID2020929,Niacinamide,C1=CC(=CN=C1)C(=O)N,,9,True,False
54-11-5,DTXSID1020930,Nicotine,CN1CCCC1C2=CN=CC=C2,,12,True,False
59-67-6,DTXSID1020932,Nicotinic acid,C1=CC(=CN=C1)C(=O)O,,9,True,False
139-94-6,DTXSID1020936,Nithiazide,CCNC(=O)NC1=NC=C(S1)[N+](=O)[O-],,14,True,False
7631-99-4,DTXSID6020937,Sodium nitrate,[N+](=O)([O-])[O-].[Na+],,5,True,False
139-13-9,DTXSID6020939,Nitrilotriacetic acid,C(C(=O)O)N(CC(=O)O)CC(=O)O,,13,True,False
7632-00-0,DTXSID0020941,Sodium nitrite,N(=O)[O-].[Na+],,4,True,False
59-87-0,DTXSID5020944,Nitrofurazone,C1=C(OC(=C1)[N+](=O)[O-])C=NNC(=O)N,,14,True,False
121-19-7,DTXSID9020956,4-Hydroxy-3-nitrophenylarsonic acid,C1=CC(=C(C=C1[As](=O)(O)O)[N+](=O)[O-])O,,14,True,False
99-55-8,DTXSID4020959,2-Methyl-5-nitroaniline,CC1=C(C=C(C=C1)[N+](=O)[O-])N,,11,True,False
100-01-6,DTXSID8020961,4-Nitroaniline,C1=CC(=CC=C1N)[N+](=O)[O-],,10,True,False
91-23-6,DTXSID3020962,1-Methoxy-2-nitrobenzene,COC1=CC=CC=C1[N+](=O)[O-],,11,True,False
98-95-3,DTXSID3020964,Nitrobenzene,C1=CC=C(C=C1)[N+](=O)[O-],,9,True,False
62-23-7,DTXSID3020966,4-Nitrobenzoic acid,C1=CC(=CC=C1C(=O)O)[N+](=O)[O-],,12,True,False
1836-75-5,DTXSID7020970,Nitrofen,C1=CC(=CC=C1[N+](=O)[O-])OC2=C(C=C(C=C2)Cl)Cl,,18,True,False
67-20-9,DTXSID7020972,Nitrofurantoin,C1C(=O)NC(=O)N1N=CC2=CC=C(O2)[N+](=O)[O-],,17,True,False
10102-44-0,DTXSID7020974,Nitrogen dioxide,N(=O)[O],,3,True,False
86-57-7,DTXSID7020978,1-Nitronaphthalene,C1=CC=C2C(=C1)C=CC=C2[N+](=O)[O-],,13,True,False
79-46-9,DTXSID6020981,2-Nitropropane,CC(C)[N+](=O)[O-],,6,True,False
504-88-1,DTXSID1020982,3-Nitropropionic acid,C(C[N+](=O)[O-])C(=O)O,,8,True,False
684-93-5,DTXSID4021006,N-Nitroso-N-methylurea,CN(C(=O)N)N=O,,7,True,False
55-18-5,DTXSID2021028,N-Nitrosodiethylamine,CCN(CC)N=O,,7,True,False
62-75-9,DTXSID7021029,N-Nitrosodimethylamine,CN(C)N=O,,5,True,False
86-30-6,DTXSID6021030,N-Nitrosodiphenylamine,C1=CC=C(C=C1)N(C2=CC=CC=C2)N=O,,15,True,False
614-00-6,DTXSID9021053,Nitrosomethylaniline,CN(C1=CC=CC=C1)N=O,,10,True,False
59-89-2,DTXSID4021056,N-Nitrosomorpholine,C1COCCN1N=O,,8,True,False
29082-74-4,DTXSID2021074,Octachlorostyrene,C1(=C(C(=C(C(=C1Cl)Cl)Cl)Cl)Cl)C(=C(Cl)Cl)Cl,,16,True,False
23135-22-0,DTXSID6021086,Oxamyl,CNC(=O)ON=C(C(=O)N(C)C)SC,,14,True,False
14698-29-4,DTXSID1021089,Oxolinic acid,CCN1C=C(C(=O)C2=CC3=C(C=C21)OCO3)C(=O)O,,19,True,False
6452-73-9,DTXSID5021093,Oxprenolol hydrochloride,CC(C)NCC(COC1=CC=CC=C1OCC=C)O.Cl,,20,True,False
101-80-4,DTXSID0021094,"4,4'-Oxydianiline",C1=CC(=CC=C1N)OC2=CC=C(C=C2)N,,15,True,False
102-77-2,DTXSID0021096,N-Oxydiethylenebenzothiazole-2-sulfenamide,C1COCCN1SC2=NC3=CC=CC=C3S2,,16,True,False
2058-46-0,DTXSID5021097,Oxytetracycline hydrochloride,CC1(C2C(C3C(C(=O)C(=C(C3(C(=O)C2=C(C4=C1C=CC=C4O)O)O)O)C(=O)N)N(C)C)O)O.Cl,,34,True,False
10028-15-6,DTXSID0021098,Ozone,[O-][O+]=O,,3,True,False
56-38-2,DTXSID7021100,Parathion,CCOP(=S)(OCC)OC1=CC=C(C=C1)[N+](=O)[O-],,18,True,False
149-29-1,DTXSID2021101,Patulin,C1C=C2C(=CC(=O)O2)C(O1)O,,11,True,False
1825-21-4,DTXSID2021103,Pentachloroanisole,COC1=C(C(=C(C(=C1Cl)Cl)Cl)Cl)Cl,,13,True,False
76-01-7,DTXSID7021104,Pentachloroethane,C(C(Cl)(Cl)Cl)(Cl)Cl,,7,True,False
82-68-8,DTXSID2021105,Pentachloronitrobenzene,C1(=C(C(=C(C(=C1Cl)Cl)Cl)Cl)Cl)[N+](=O)[O-],,14,True,False
87-86-5,DTXSID7021106,Pentachlorophenol,C1(=C(C(=C(C(=C1Cl)Cl)Cl)Cl)Cl)O,,12,True,False
62-44-2,DTXSID1021116,Phenacetin,CCOC1=CC=C(C=C1)NC(=O)C,,13,True,False
60-80-0,DTXSID6021117,Phenazone,CC1=CC(=O)N(N1C)C2=CC=CC=C2,,14,True,False
136-40-3,DTXSID1021118,Phenazopyridine hydrochloride,C1=CC=C(C=C1)N=NC2=C(N=C(C=C2)N)N.Cl,,17,True,False
2257-09-2,DTXSID5021120,Phenethyl isothiocyanate,C1=CC=C(C=C1)CCN=C=S,,11,True,False
50-06-6,DTXSID5021122,Phenobarbital,CCC1(C(=O)NC(=O)NC1=O)C2=CC=CC=C2,,17,True,False
57-30-7,DTXSID0021123,Phenobarbital sodium,CCC1(C(=O)NC(=O)N=C1[O-])C2=CC=CC=C2.[Na+],,18,True,False
108-95-2,DTXSID5021124,Phenol,C1=CC=C(C=C1)O,,7,True,False
77-09-8,DTXSID0021125,Phenolphthalein,C1=CC=C2C(=C1)C(=O)OC2(C3=CC=C(C=C3)O)C4=CC=C(C=C4)O,,24,True,False
103-72-0,DTXSID0021129,Phenyl isothiocyanate,C1=CC=C(C=C1)N=C=S,,9,True,False
89-25-8,DTXSID9021130,1-Phenyl-3-methyl-5-pyrazolone,CC1=NN(C(=O)C1)C2=CC=CC=C2,,13,True,False
135-88-6,DTXSID4021131,N-Phenyl-2-naphthylamine,C1=CC=C(C=C1)NC2=CC3=CC=CC=C3C=C2,,17,True,False
103-85-5,DTXSID9021134,1-Phenyl-2-thiourea,C1=CC=C(C=C1)NC(=S)N,,10,True,False
106-50-3,DTXSID9021138,"1,4-Benzenediamine",C1=CC(=CC=C1N)N,,8,True,False
122-60-1,DTXSID8021145,Phenyl glycidyl ether,C1C(O1)COC2=CC=CC=C2,,11,True,False
100-63-0,DTXSID8021147,Phenylhydrazine,C1=CC=C(C=C1)NN,,8,True,False
59-88-1,DTXSID3021148,Phenylhydrazine hydrochloride,C1=CC=C(C=C1)NN.Cl,,9,True,False
62-38-4,DTXSID7021150,Phenylmercuric acetate,CC(=O)[O-].C1=CC=[C]C=C1.[Hg+],,11,True,False
90-43-7,DTXSID2021151,2-Phenylphenol,C1=CC=C(C=C1)C2=CC=CC=C2O,,13,True,False
92-69-3,DTXSID7021152,4-Phenylphenol,C1=CC=C(C=C1)C2=CC=C(C=C2)O,,13,True,False
132-27-4,DTXSID2021153,Sodium 2-phenylphenate,C1=CC=C(C=C1)C2=CC=CC=C2[O-].[Na+],,14,True,False
13171-21-6,DTXSID7021156,Phosphamidon,CCN(CC)C(=O)C(=C(C)OP(=O)(OC)OC)Cl,,18,True,False
85-44-9,DTXSID2021159,Phthalic anhydride,C1=CC=C2C(=C1)C(=O)OC2=O,,11,True,False
1918-02-1,DTXSID1021160,Picloram,C1(=C(C(=NC(=C1Cl)Cl)C(=O)O)Cl)N,,13,True,False
51-03-6,DTXSID1021166,Piperonyl butoxide,CCCCOCCOCCOCC1=CC2=C(C=C1CCC)OCO2,,24,True,False
120-62-7,DTXSID1021168,Piperonyl sulfoxide,CCCCCCCCS(=O)C(C)CC1=CC2=C(C=C1)OCO2,,22,True,False
298-14-6,DTXSID0021177,Potassium bicarbonate,C(=O)(O)[O-].[K+],,5,True,False
7447-40-7,DTXSID5021178,Potassium chloride,[Cl-].[K+],,2,True,False
55268-74-1,DTXSID9021182,Praziquantel,C1CCC(CC1)C(=O)N2CC3C4=CC=CC=C4CCN3C(=O)C2,,23,True,False
50-24-8,DTXSID9021184,Prednisolone,CC12CC(C3C(C1CCC2(C(=O)CO)O)CCC4=CC(=O)C=CC34C)O,,26,True,False
139-40-2,DTXSID3021196,Propazine,CC(C)NC1=NC(=NC(=N1)Cl)NC(C)C,,15,True,False
57-57-8,DTXSID8021197,beta-Propiolactone,C1COC1=O,,5,True,False
318-98-9,DTXSID3021198,Propranolol hydrochloride,CC(C)NCC(COC1=CC=CC2=CC=CC=C21)O.Cl,,20,True,False
1114-71-2,DTXSID8021199,Pebulate,CCCCN(CC)C(=O)SCCC,,13,True,False
83-59-0,DTXSID0021202,Propyl isome,CCCOC(=O)C1C(CC2=CC3=C(C=C2C1C(=O)OCCC)OCO3)C,,26,True,False
57-55-6,DTXSID0021206,"1,2-Propylene glycol",CC(CO)O,,5,True,False
75-56-9,DTXSID5021207,"1,2-Propylene oxide",CC1CO1,,4,True,False
51-52-5,DTXSID5021209,6-Propyl-2-thiouracil,CCCC1=CC(=O)NC(=S)N1,,11,True,False
99-50-3,DTXSID4021212,"3,4-Dihydroxybenzoic acid",C1=CC(=C(C=C1C(=O)O)O)O,,11,True,False
81-54-9,DTXSID4021214,Purpurin,C1=CC=C2C(=C1)C(=O)C3=C(C2=O)C(=C(C=C3O)O)O,,19,True,False
58-14-0,DTXSID9021217,Pyrimethamine,CCC1=C(C(=NC(=N1)N)N)C2=CC=C(C=C2)Cl,,17,True,False
117-39-5,DTXSID4021218,Quercetin,C1=CC(=C(C=C1C2=C(C(=O)C3=C(C=C(C=C3O2)O)O)O)O)O,,22,True,False
915-67-3,DTXSID2021232,Amaranth,C1=CC=C2C(=C1)C(=CC=C2S(=O)(=O)[O-])N=NC3=C4C=CC(=CC4=CC(=C3[O-])S(=O)(=O)O)S(=O)(=O)[O-].[Na+].[Na+].[Na+],,38,True,False
108-46-3,DTXSID2021238,Resorcinol,C1=CC(=CC(=C1)O)O,,8,True,False
302-79-4,DTXSID7021239,all-trans-Retinoic acid,CC1=C(C(CCC1)(C)C)C=CC(=CC=CC(=CC(=O)O)C)C,,22,True,False
989-38-8,DTXSID1021243,Rhodamine 6G,CCNC1=CC2=C(C=C1C)C(=C3C=C(C(=[NH+]CC)C=C3O2)C)C4=CC=CC=C4C(=O)OCC.[Cl-],,34,True,False
13292-46-1,DTXSID6021244,Rifampicin,CC1C=CC=C(C(=O)NC2=C(C(=C3C(=C2O)C(=C(C4=C3C(=O)C(O4)(OC=CC(C(C(C(C(C(C1O)C)O)C)OC(=O)C)C)OC)C)C)O)O)C=NN5CCN(CC5)C)C,,59,True,False
632-99-5,DTXSID6021246,C.I. Basic Violet 14,CC1=CC(=C(C2=CC=C(C=C2)N)C3=CC=C(C=C3)N)C=CC1=N.Cl,,24,True,False
83-79-4,DTXSID6021248,Rotenone,CC(=C)C1CC2=C(O1)C=CC3=C2OC4COC5=CC(=C(C=C5C4C3=O)OC)OC,,29,True,False
128-44-9,DTXSID5021253,Sodium saccharin,C1=CC=C2C(=C1)C(=NS2(=O)=O)[O-].[Na+],,13,True,False
94-59-7,DTXSID0021254,Safrole,C=CCC1=CC2=C(C=C1)OCO2,,12,True,False
144-34-3,DTXSID9021263,Selenium dimethyldithiocarbamate,CN(C)C(=S)S[Se](SC(=S)N(C)C)(SC(=S)N(C)C)SC(=S)N(C)C,,25,True,False
7446-08-4,DTXSID4021264,Selenium dioxide,O=[Se]=O,,3,True,False
122-34-9,DTXSID4021268,Simazine,CCNC1=NC(=NC(=N1)Cl)NCC,,13,True,False
144-55-8,DTXSID9021269,Sodium bicarbonate,C(=O)(O)[O-].[Na+],,5,True,False
7647-14-5,DTXSID3021271,Sodium chloride,[Na+].[Cl-],,2,True,False
7758-19-2,DTXSID8021272,Sodium chlorite,[O-]Cl=O.[Na+],,4,True,False
7681-52-9,DTXSID8021276,Sodium hypochlorite,[O-]Cl.[Na+],,3,True,False
100-42-5,DTXSID2021284,Styrene,C=CC1=CC=CC=C1,,8,True,False
96-09-3,DTXSID2021286,Styrene oxide,C1C(O1)C2=CC=CC=C2,,9,True,False
108-30-5,DTXSID7021287,Succinic anhydride,C1CC(=O)OC1=O,,7,True,False
57-50-1,DTXSID2021288,Sucrose,C(C1C(C(C(C(O1)OC2(C(C(C(O2)CO)O)O)CO)O)O)O)O,,23,True,False
95-06-7,DTXSID7021289,Sulfallate,CCN(CC)C(=S)SCC(=C)Cl,,12,True,False
57-68-1,DTXSID6021290,Sulfamethazine,CC1=CC(=NC(=N1)NS(=O)(=O)C2=CC=C(C=C2)N)C,,19,True,True
7757-82-6,DTXSID1021291,Sodium sulfate anyhdrous,[O-]S(=O)(=O)[O-].[Na+].[Na+],,7,True,False
127-69-5,DTXSID6021292,Sulfisoxazole,CC1=C(ON=C1C)NS(=O)(=O)C2=CC=C(C=C2)N,,18,True,False
107-35-7,DTXSID3021304,l-Taurine,C(CS(=O)(=O)O)N,,7,True,False
297-78-9,DTXSID3021306,Isobenzan,C12C(C(OC1Cl)Cl)C3(C(=C(C2(C3(Cl)Cl)Cl)Cl)Cl)Cl,,18,True,False
732-26-3,DTXSID2021311,"2,4,6-Tris(tert-butyl)phenol",CC(C)(C)C1=CC(=C(C(=C1)C(C)(C)C)O)C(C)(C)C,,19,True,False
2438-88-2,DTXSID2021313,"2,3,5,6-Tetrachloro-4-nitroanisole",COC1=C(C(=C(C(=C1Cl)Cl)[N+](=O)[O-])Cl)Cl,,15,True,False
1746-01-6,DTXSID2021315,"2,3,7,8-Tetrachlorodibenzo-p-dioxin",C1=C2C(=CC(=C1Cl)Cl)OC3=CC(=C(C=C3O2)Cl)Cl,,18,True,False
116-29-0,DTXSID7021316,Tetradifon,C1=CC(=CC=C1S(=O)(=O)C2=CC(=C(C=C2Cl)Cl)Cl)Cl,,19,True,False
630-20-6,DTXSID2021317,"1,1,1,2-Tetrachloroethane",C(C(Cl)(Cl)Cl)Cl,,6,True,False
79-34-5,DTXSID7021318,"1,1,2,2-Tetrachloroethane",C(C(Cl)Cl)(Cl)Cl,,6,True,False
127-18-4,DTXSID2021319,Tetrachloroethylene,C(=C(Cl)Cl)(Cl)Cl,,6,True,False
64-75-5,DTXSID6021321,Tetracycline hydrochloride,CC1(C2CC3C(C(=O)C(=C(C3(C(=O)C2=C(C4=C1C=CC=C4O)O)O)O)C(=O)N)N(C)C)O.Cl,,33,True,False
97-77-8,DTXSID1021322,Disulfiram,CCN(CC)C(=S)SSC(=S)N(CC)CC,,16,True,False
811-97-2,DTXSID1021324,"1,1,1,2-Tetrafluoroethane",C(C(F)(F)F)F,,6,True,True
109-99-9,DTXSID1021328,Tetrahydrofuran,C1CCOC1,,5,True,False
55566-30-8,DTXSID0021331,Tetrakis(hydroxymethyl)phosphonium sulfate,C(O)[P+](CO)(CO)CO.C(O)[P+](CO)(CO)CO.[O-]S(=O)(=O)[O-],,23,True,False
137-26-8,DTXSID5021332,Thiram,CN(C)C(=S)SSC(=S)N(C)C,,12,True,False
97-74-5,DTXSID0021333,Tetramethylthiuram monosulfide,CN(C)C(=S)SC(=S)N(C)C,,11,True,False
58-55-9,DTXSID5021336,Theophylline,CN1C2=C(C(=O)N(C1=O)C)NC=N2,,13,True,False
148-79-8,DTXSID0021337,Thiabendazole,C1=CC=C2C(=C1)NC(=N2)C3=CSC=N3,,14,True,False
15318-45-3,DTXSID5021338,Thiamphenicol,CS(=O)(=O)C1=CC=C(C=C1)C(C(CO)NC(=O)C(Cl)Cl)O,,21,True,False
62-55-5,DTXSID9021340,Thioacetamide,CC(=S)N,,4,True,False
97-18-7,DTXSID9021342,Bithionol,C1=C(C=C(C(=C1SC2=C(C(=CC(=C2)Cl)Cl)O)O)Cl)Cl,,19,True,False
540-72-7,DTXSID4021343,Sodium thiocyanate,C(#N)[S-].[Na+],,4,True,False
79-19-6,DTXSID9021346,Thiosemicarbazide,C(=S)(N)NN,,5,True,False
141-90-2,DTXSID4021347,Thiouracil,C1=CNC(=S)NC1=O,,8,True,False
62-56-6,DTXSID9021348,Thiourea,C(=S)(N)N,,4,True,False
7772-99-8,DTXSID8021351,Tin(II) chloride,[Cl-].[Cl-].[Sn+2],,3,True,False
13463-67-7,DTXSID3021352,Titanium dioxide,[O-2].[O-2].[Ti+2],,3,True,False
108-88-3,DTXSID7021360,Toluene,CC1=CC=CC=C1,,7,True,False
75-25-2,DTXSID1021374,Bromoform,C(Br)(Br)Br,,4,True,False
76-13-1,DTXSID6021377,"1,1,2-Trichloro-1,2,2-trifluoroethane",C(C(F)(Cl)Cl)(F)(F)Cl,,8,True,False
76-03-9,DTXSID1021378,Trichloroacetic acid,C(=O)(C(Cl)(Cl)Cl)O,,7,True,False
634-93-5,DTXSID6021379,"2,4,6-Trichloroaniline",C1=C(C=C(C(=C1Cl)N)Cl)Cl,,10,True,False
79-00-5,DTXSID5021380,"1,1,2-Trichloroethane",C(C(Cl)Cl)Cl,,5,True,False
71-55-6,DTXSID0021381,"1,1,1-Trichloroethane",CC(Cl)(Cl)Cl,,5,True,False
79-01-6,DTXSID0021383,Trichloroethylene,C(=C(Cl)Cl)Cl,,5,True,False
133-07-3,DTXSID0021385,Folpet,C1=CC=C2C(=C1)C(=O)N(C2=O)SC(Cl)(Cl)Cl,,16,True,False
88-06-2,DTXSID5021386,"2,4,6-Trichlorophenol",C1=C(C=C(C(=C1Cl)O)Cl)Cl,,10,True,False
93-72-1,DTXSID0021387,"2-(2,4,5-Trichlorophenoxy)propionic acid",CC(C(=O)O)OC1=CC(=C(C=C1Cl)Cl)Cl,,15,True,False
93-76-5,DTXSID5021388,"2,4,5-Trichlorophenoxyacetic acid",C1=C(C(=CC(=C1Cl)Cl)Cl)OCC(=O)O,,14,True,False
52-68-6,DTXSID0021389,Trichlorfon,COP(=O)(C(C(Cl)(Cl)Cl)O)OC,,12,True,False
96-18-4,DTXSID9021390,"1,2,3-Trichloropropane",C(C(CCl)Cl)Cl,,6,True,False
102-71-6,DTXSID9021392,Triethanolamine,C(CO)N(CCO)CCO,,10,True,False
112-27-6,DTXSID4021393,Triethylene glycol,C(COCCOCCO)O,,10,True,False
1582-09-8,DTXSID4021395,Trifluralin,CCCN(CCC)C1=C(C=C(C=C1[N+](=O)[O-])C(F)(F)F)[N+](=O)[O-],,23,True,True
95-63-6,DTXSID6021402,"1,2,4-Trimethylbenzene",CC1=CC(=C(C=C1)C)C,,9,True,False
512-56-1,DTXSID1021403,Trimethyl phosphate,COP(=O)(OC)OC,,8,True,False
2489-77-2,DTXSID6021404,"1,1,3-Trimethyl-2-thiourea",CNC(=S)N(C)C,,7,True,False
81-15-2,DTXSID1021405,"2,4,6-Trinitro-1,3-dimethyl-5-tert-butylbenzene",CC1=C(C(=C(C(=C1[N+](=O)[O-])C(C)(C)C)[N+](=O)[O-])C)[N+](=O)[O-],,21,True,False
99-35-4,DTXSID6021406,"1,3,5-Trinitrobenzene",C1=C(C=C(C=C1[N+](=O)[O-])[N+](=O)[O-])[N+](=O)[O-],,15,True,False
55-63-0,DTXSID1021407,Trinitroglycerin,C(C(CO[N+](=O)[O-])O[N+](=O)[O-])O[N+](=O)[O-],,15,True,False
115-96-8,DTXSID5021411,Tris(2-chloroethyl) phosphate,C(CCl)OP(=O)(OCCCl)OCCCl,,14,True,False
126-72-7,DTXSID5021413,"Tris(2,3-dibromopropyl) phosphate",C(C(CBr)Br)OP(=O)(OCC(CBr)Br)OCC(CBr)Br,,20,True,False
78-42-2,DTXSID0021414,Tris(2-ethylhexyl) phosphate,CCCCC(CC)COP(=O)(OCC(CC)CCCC)OCC(CC)CCCC,,29,True,False
13472-45-2,DTXSID4021420,Sodium tungstate,[O-2].[O-2].[O-2].[O-2].[Na+].[Na+].[W],,7,True,False
66-22-8,DTXSID4021424,Uracil,C1=CNC(=O)NC1=O,,8,True,False
57-13-6,DTXSID4021426,Urea,C(=O)(N)N,,4,True,False
51-79-6,DTXSID9021427,Urethane,CCOC(=O)N,,6,True,False
27774-13-6,DTXSID4021428,Vanadyl sulfate,O.[O-]S(=O)(=O)[O-].[V+2],,7,True,False
108-05-4,DTXSID3021431,Vinyl acetate,CC(=O)OC=C,,6,True,False
75-01-4,DTXSID8021434,Vinyl chloride,C=CCl,,3,True,False
75-35-4,DTXSID8021438,"1,1-Dichloroethylene",C=C(Cl)Cl,,4,True,False
1694-09-3,DTXSID7021441,Benzyl Violet 4B,CCN(CC1=CC(=CC=C1)S(=O)(=O)[O-])C2=CC=C(C=C2)C(=C3C=CC(=[N+](C)C)C=C3)C4=CC=C(C=C4)N(CC)CC5=CC(=CC=C5)S(=O)(=O)[O-].[Na+],,51,True,False
5567-15-7,DTXSID1021453,C.I. Pigment Yellow 83,CC(=O)C(C(=O)NC1=CC(=C(C=C1OC)Cl)OC)N=NC2=C(C=C(C=C2)C3=CC(=C(C=C3)N=NC(C(=O)C)C(=O)NC4=CC(=C(C=C4OC)Cl)OC)Cl)Cl,,54,True,False
1934-21-0,DTXSID1021455,FD&C Yellow 5,C1=CC(=CC=C1N=NC2=C(NN(C2=O)C3=CC=C(C=C3)S(=O)(=O)[O-])C(=O)[O-])S(=O)(=O)[O-].[Na+].[Na+].[Na+],,34,True,False
17924-92-4,DTXSID0021460,Zearalenone,CC1CCCC(=O)CCCC=CC2=C(C(=CC(=C2)O)O)C(=O)O1,,23,True,False
14324-55-1,DTXSID5021463,Zinc diethyldithiocarbamate,CCN(CC)C(=S)[S-].CCN(CC)C(=S)[S-].[Zn+2],,17,True,False
137-30-4,DTXSID0021464,Ziram,CN(C)C(=S)[S-].CN(C)C(=S)[S-].[Zn+2],,13,True,False
12122-67-7,DTXSID5021465,Zineb,C(CN=C([S-])[S-])NC(=S)S.[Zn+2],,11,True,False
14644-61-2,DTXSID0021466,Zirconium(IV) sulfate,[O-]S(=O)(=O)[O-].[O-]S(=O)(=O)[O-].[Zr+4],,11,True,False
13755-29-8,DTXSID9021477,Sodium tetrafluoroborate,[B-](F)(F)(F)F.[Na+],,6,True,False
67-64-1,DTXSID8021482,Acetone,CC(=O)C,,4,True,False
88-99-3,DTXSID8021484,Phthalic acid,C1=CC=C(C(=C1)C(=O)O)C(=O)O,,12,True,False
100-47-0,DTXSID7021491,Benzonitrile,C1=CC=C(C=C1)C#N,,8,True,False
140-29-4,DTXSID2021492,Benzyl cyanide,C1=CC=C(C=C1)CC#N,,9,True,False
79-08-3,DTXSID7021495,Bromoacetic acid,C(C(=O)O)Br,,5,True,False
590-17-0,DTXSID2021496,Bromoacetonitrile,C(C#N)Br,,4,True,False
78-76-2,DTXSID7021499,2-Bromobutane,CCC(C)Br,,5,True,False
123-72-8,DTXSID8021513,Butyraldehyde,CCCC=O,,5,True,False
107-92-6,DTXSID8021515,Butanoic acid,CCCC(=O)O,,6,True,False
78-93-3,DTXSID3021516,Methyl ethyl ketone,CCC(=O)C,,5,True,False
110-16-7,DTXSID8021517,Maleic acid,C(=CC(=O)O)C(=O)O,,8,True,False
110-17-8,DTXSID3021518,Fumaric acid,C(=CC(=O)O)C(=O)O,,8,True,False
112-34-5,DTXSID8021519,2-(2-Butoxyethoxy)ethanol,CCCCOCCOCCO,,11,True,False
107-14-2,DTXSID7021524,Chloroacetonitrile,C(C#N)Cl,,4,True,False
822-87-7,DTXSID1021530,2-Chlorocyclohexanone,C1CCC(=O)C(C1)Cl,,8,True,False
74-87-3,DTXSID0021541,Chloromethane,CCl,,2,True,False
95-57-8,DTXSID5021544,2-Chlorophenol,C1=CC=C(C(=C1)O)Cl,,8,True,False
107-94-8,DTXSID5021546,3-Chloropropanoic acid,C(CCl)C(=O)O,,6,True,False
506-68-3,DTXSID9021550,Cyanogen bromide,C(#N)Br,,3,True,False
506-77-4,DTXSID4021551,Cyanogen chloride,C(#N)Cl,,3,True,False
294-62-2,DTXSID9021552,Cyclododecane,C1CCCCCCCCCCC1,,12,True,False
683-72-7,DTXSID8021561,"2,2-Dichloroacetamide",C(C(=O)N)(Cl)Cl,,6,True,False
3018-12-0,DTXSID3021562,Dichloroacetonitrile,C(#N)C(Cl)Cl,,5,True,False
137-19-9,DTXSID8021563,"4,6-Dichloro-1,3-benzenediol",C1=C(C(=CC(=C1O)Cl)Cl)O,,10,True,False
75-99-0,DTXSID2021575,Dalapon,CC(C(=O)O)(Cl)Cl,,7,True,False
504-20-1,DTXSID1021584,Phorone,CC(=CC(=O)C=C(C)C)C,,10,True,False
111-71-7,DTXSID0021597,Heptanal,CCCCCCC=O,,8,True,False
116-16-5,DTXSID7021601,Hexachloroacetone,C(=O)(C(Cl)(Cl)Cl)C(Cl)(Cl)Cl,,10,True,False
57-10-3,DTXSID2021602,Hexadecanoic acid,CCCCCCCCCCCCCCCC(=O)O,,18,True,False
66-25-1,DTXSID2021604,Hexanal,CCCCCC=O,,7,True,False
124-04-9,DTXSID7021605,Hexanedioic acid,C(CCC(=O)O)CC(=O)O,,10,True,False
142-62-1,DTXSID7021607,Hexanoic acid,CCCCCC(=O)O,,8,True,False
99-06-9,DTXSID6021610,3-Hydroxybenzoic acid,C1=CC(=CC(=C1)O)C(=O)O,,10,True,False
124-63-0,DTXSID1021615,Methanesulfonyl chloride,CS(=O)(=O)Cl,,5,True,False
590-86-3,DTXSID1021619,3-Methylbutanal,CC(C)CC=O,,6,True,False
110-93-0,DTXSID5021629,6-Methyl-5-hepten-2-one,CC(=CCCC(=O)C)C,,9,True,False
78-84-2,DTXSID9021635,2-Methylpropanal,CC(C)C=O,,5,True,False
79-31-2,DTXSID4021636,2-Methylpropanoic acid,CC(C)C(=O)O,,6,True,False
123-99-9,DTXSID8021640,Nonanedioic acid,C(CCCC(=O)O)CCCC(=O)O,,13,True,False
112-05-0,DTXSID3021641,Nonanoic acid,CCCCCCCCC(=O)O,,11,True,False
57-11-4,DTXSID8021642,Octadecanoic acid,CCCCCCCCCCCCCCCCCC(=O)O,,20,True,False
123-76-2,DTXSID8021648,4-Oxopentanoic acid,CC(=O)CCC(=O)O,,8,True,False
127-17-3,DTXSID2021650,2-Oxopropanoic acid,CC(=O)C(=O)O,,6,True,False
1768-31-6,DTXSID7021651,"1,1,1,3,3-Pentachloropropanone",C(C(=O)C(Cl)(Cl)Cl)(Cl)Cl,,9,True,False
110-62-3,DTXSID7021653,Pentanal,CCCCC=O,,6,True,False
110-94-1,DTXSID2021654,Pentanedioic acid,C(CC(=O)O)CC(=O)O,,9,True,False
109-52-4,DTXSID7021655,Pentanoic acid,CCCCC(=O)O,,7,True,False
103-82-2,DTXSID2021656,Phenylacetic acid,C1=CC=C(C=C1)CC(=O)O,,10,True,False
123-38-6,DTXSID2021658,Propanal,CCC=O,,4,True,False
141-82-2,DTXSID7021659,Propanedioic acid,C(C(=O)O)C(=O)O,,7,True,False
124-25-4,DTXSID1021665,Tetradecanal,CCCCCCCCCCCCCC=O,,15,True,False
75-96-7,DTXSID6021668,Tribromoacetic acid,C(=O)(C(Br)(Br)Br)O,,7,True,False
545-06-2,DTXSID0021672,Trichloroacetonitrile,C(#N)C(Cl)(Cl)Cl,,6,True,False
918-00-3,DTXSID5021679,"1,1,1-Trichloropropanone",CC(=O)C(Cl)(Cl)Cl,,7,True,False
112-37-8,DTXSID8021690,Undecanoic acid,CCCCCCCCCCC(=O)O,,13,True,False
39145-47-6,DTXSID8021694,p-Chlorophenyl-o-nitrophenyl ether,C1=CC=C(C(=C1)[N+](=O)[O-])OC2=CC=C(C=C2)Cl,,17,True,False
4654-26-6,DTXSID3021699,Dioctyl terephthalate,CCCCCCCCOC(=O)C1=CC=C(C=C1)C(=O)OCCCCCCCC,,28,True,False
31638-89-8,DTXSID0021703,Tris(m-nitrophenyl)phosphine oxide,C1=CC(=CC(=C1)P(=O)(C2=CC=CC(=C2)[N+](=O)[O-])C3=CC=CC(=C3)[N+](=O)[O-])[N+](=O)[O-],,29,True,False
54-21-7,DTXSID5021708,Sodium salicylate,C1=CC=C(C(=C1)C(=O)O)[O-].[Na+],,11,True,False
55-21-0,DTXSID0021709,Benzamide,C1=CC=C(C=C1)C(=O)N,,9,True,False
56-37-1,DTXSID9021710,Benzyltriethylammonium chloride,CC[N+](CC)(CC)CC1=CC=CC=C1.[Cl-],,15,True,False
57-33-0,DTXSID9021712,Pentobarbital sodium,CCCC(C)C1(C(=O)NC(=O)N=C1[O-])CC.[Na+],,17,True,False
58-27-5,DTXSID4021715,Menadione,CC1=CC(=O)C2=CC=CC=C2C1=O,,13,True,False
58-90-2,DTXSID9021716,"2,3,4,6-Tetrachlorophenol",C1=C(C(=C(C(=C1Cl)Cl)Cl)O)Cl,,11,True,False
59-50-7,DTXSID4021717,4-Chloro-3-methylphenol,CC1=C(C=CC(=C1)O)Cl,,9,True,False
59-97-2,DTXSID9021718,Tolazoline hydrochloride,C1CN=C(N1)CC2=CC=CC=C2.Cl,,13,True,False
60-29-7,DTXSID3021720,Diethyl ether,CCOCC,,5,True,False
60-41-3,DTXSID8021721,Strychnine hemisulphate salt,C1CN2CC3=CCOC4CC(=O)N5C6C4C3CC2C61C7=CC=CC=C75.C1CN2CC3=CCOC4CC(=O)N5C6C4C3CC2C61C7=CC=CC=C75.OS(=O)(=O)O,,55,True,False
65-30-5,DTXSID8021725,Nicotine sulfate,CN1CCCC1C2=CN=CC=C2.CN1CCCC1C2=CN=CC=C2.OS(=O)(=O)O,,29,True,False
65-45-2,DTXSID3021726,Salicylamide,C1=CC=C(C(=C1)C(=O)N)O,,10,True,False
66-76-2,DTXSID8021729,Dicumarol,C1=CC=C2C(=C1)C(=C(C(=O)O2)CC3=C(C4=CC=CC=C4OC3=O)O)O,,25,True,False
67-36-7,DTXSID7021730,p-Phenoxybenzaldehyde,C1=CC=C(C=C1)OC2=CC=C(C=C2)C=O,,15,True,False
67-56-1,DTXSID2021731,Methanol,CO,,2,True,False
67-68-5,DTXSID2021735,Dimethyl sulfoxide,CS(=O)C,,4,True,False
70-69-9,DTXSID7021738,4'-Aminopropiophenone,CCC(=O)C1=CC=C(C=C1)N,,11,True,False
71-23-8,DTXSID2021739,1-Propanol,CCCO,,4,True,False
71-36-3,DTXSID1021740,1-Butanol,CCCCO,,5,True,False
71-41-0,DTXSID6021741,1-Pentanol,CCCCCO,,6,True,False
71-73-8,DTXSID1021744,Thiopental sodium,CCCC(C)C1(C(=O)NC(=S)N=C1[O-])CC.[Na+],,17,True,False
75-57-0,DTXSID6021749,Tetramethylammonium chloride,C[N+](C)(C)C.[Cl-],,6,True,False
75-89-8,DTXSID0021751,"2,2,2-Trifluoroethanol",C(C(F)(F)F)O,,6,True,True
75-97-8,DTXSID5021752,"3,3-Dimethyl-2-butanone",CC(=O)C(C)(C)C,,7,True,False
77-71-4,DTXSID5021754,"5,5-Dimethylhydantoin",CC1(C(=O)NC(=O)N1)C,,9,True,False
77-74-7,DTXSID0021755,3-Methyl-3-pentanol,CCC(C)(CC)O,,7,True,False
77-75-8,DTXSID5021756,3-Methyl-1-pentyn-3-ol,CCC(C)(C#C)O,,7,True,False
78-27-3,DTXSID0021757,1-Ethynylcyclohexanol,C#CC1(CCCCC1)O,,9,True,False
78-51-3,DTXSID5021758,Tris(2-butoxyethyl) phosphate,CCCCOCCOP(=O)(OCCOCCCC)OCCOCCCC,,26,True,False
78-83-1,DTXSID0021759,2-Methyl-1-propanol,CC(C)CO,,5,True,False
78-90-0,DTXSID4021761,"1,2-Diaminopropane",CC(CN)N,,5,True,False
78-92-2,DTXSID9021762,2-Butanol,CCC(C)O,,5,True,False
78-96-6,DTXSID9021764,1-Amino-2-propanol,CC(CN)O,,5,True,False
79-20-9,DTXSID4021767,Methyl acetate,CC(=O)OC,,5,True,False
79-77-6,DTXSID4021769,beta-Ionone,CC1=C(C(CCC1)(C)C)C=CC(=O)C,,14,True,False
79-95-8,DTXSID3021770,"2,2',6,6'-Tetrachlorobisphenol A",CC(C)(C1=CC(=C(C(=C1)Cl)O)Cl)C2=CC(=C(C(=C2)Cl)O)Cl,,21,True,False
80-46-6,DTXSID8021771,4-(2-Methylbutan-2-yl)phenol,CCC(C)(C)C1=CC=C(C=C1)O,,12,True,False
80-52-4,DTXSID3021772,"1,8-Diamino-p-menthane",CC1(CCC(CC1)C(C)(C)N)N,,12,True,False
81-19-6,DTXSID8021773,"alpha,alpha-2,6-Tetrachlorotoluene",C1=CC(=C(C(=C1)Cl)C(Cl)Cl)Cl,,11,True,False
83-32-9,DTXSID3021774,Acenaphthene,C1CC2=CC=CC3=C2C1=CC=C3,,12,True,False
83-34-1,DTXSID8021775,3-Methylindole,CC1=CNC2=CC=CC=C12,,10,True,False
83-88-5,DTXSID8021777,Riboflavin,CC1=CC2=C(C=C1C)N(C3=NC(=O)NC(=O)C3=N2)CC(C(C(CO)O)O)O,,27,True,False
84-62-8,DTXSID3021778,Diphenyl phthalate,C1=CC=C(C=C1)OC(=O)C2=CC=CC=C2C(=O)OC3=CC=CC=C3,,24,True,False
84-66-2,DTXSID7021780,Diethyl phthalate,CCOC(=O)C1=CC=CC=C1C(=O)OCC,,16,True,False
84-74-2,DTXSID2021781,Dibutyl phthalate,CCCCOC(=O)C1=CC=CC=C1C(=O)OCCCC,,20,True,False
85-22-3,DTXSID7021782,"2,3,4,5,6-Pentabromoethylbenzene",CCC1=C(C(=C(C(=C1Br)Br)Br)Br)Br,,13,True,False
87-17-2,DTXSID7021784,Salicylanilide,C1=CC=C(C=C1)NC(=O)C2=CC=CC=C2O,,16,True,False
88-30-2,DTXSID7021788,3-Trifluoromethyl-4-nitrophenol,C1=CC(=C(C=C1O)C(F)(F)F)[N+](=O)[O-],,14,True,True
88-68-6,DTXSID2021789,2-Aminobenzamide,C1=CC=C(C(=C1)C(=O)N)N,,10,True,False
88-75-5,DTXSID1021790,2-Nitrophenol,C1=CC=C(C(=C1)[N+](=O)[O-])O,,10,True,False
90-02-8,DTXSID1021792,Salicylaldehyde,C1=CC=C(C(=C1)C=O)O,,9,True,False
90-15-3,DTXSID6021793,1-Naphthol,C1=CC=C2C(=C1)C=CC=C2O,,11,True,False
90-47-1,DTXSID6021795,Xanthone,C1=CC=C2C(=C1)C(=O)C3=CC=CC=C3O2,,15,True,False
90-59-5,DTXSID1021796,"3,5-Dibromosalicylaldehyde",C1=C(C=C(C(=C1C=O)O)Br)Br,,11,True,False
91-22-5,DTXSID1021798,Quinoline,C1=CC=C2C(=C1)C=CC=N2,,10,True,False
91-65-6,DTXSID6021799,"N,N-Diethylcyclohexylamine",CCN(CC)C1CCCCC1,,11,True,False
91-66-7,DTXSID8021800,"N,N-Diethylaniline",CCN(CC)C1=CC=CC=C1,,11,True,False
91-88-3,DTXSID3021801,2-(N-Ethyl-m-toluidino)ethanol,CCN(CCO)C1=CC=CC(=C1)C,,13,True,False
92-51-3,DTXSID8021802,Dicyclohexyl,C1CCC(CC1)C2CCCCC2,,12,True,False
93-91-4,DTXSID3021803,1-Benzoylacetone,CC(=O)CC(=O)C1=CC=CC=C1,,12,True,False
94-09-7,DTXSID8021804,Benzocaine,CCOC(=O)C1=CC=C(C=C1)N,,12,True,False
94-62-2,DTXSID3021805,Piperine,C1CCN(CC1)C(=O)C=CC=CC2=CC3=C(C=C2)OCO3,,21,True,False
95-01-2,DTXSID8021806,"2,4-Dihydroxybenzaldehyde",C1=CC(=C(C=C1O)O)C=O,,10,True,False
95-47-6,DTXSID3021807,ortho-Xylene,CC1=CC=CC=C1C,,8,True,False
95-48-7,DTXSID8021808,o-Cresol,CC1=CC=CC=C1O,,8,True,False
95-51-2,DTXSID2021810,2-Chloroaniline,C1=CC=C(C(=C1)N)Cl,,8,True,False
95-52-3,DTXSID7021811,2-Fluorotoluene,CC1=CC=CC=C1F,,8,True,False
95-75-0,DTXSID2021814,"3,4-Dichlorotoluene",CC1=CC(=C(C=C1)Cl)Cl,,9,True,False
95-76-1,DTXSID7021815,"3,4-Dichloroaniline",C1=CC(=C(C=C1N)Cl)Cl,,9,True,False
96-05-9,DTXSID2021816,Allyl methacrylate,CC(=C)C(=O)OCC=C,,9,True,False
96-13-9,DTXSID7021817,"2,3-Dibromopropanol",C(C(CBr)Br)O,,6,True,False
96-17-3,DTXSID2021818,2-Methylbutanal,CCC(C)C=O,,6,True,False
96-22-0,DTXSID6021820,3-Pentanone,CCC(=O)CC,,6,True,False
96-29-7,DTXSID1021821,2-Butanone oxime,CCC(=NO)C,,6,True,False
96-80-0,DTXSID6021822,2-(Diisopropylamino)ethanol,CC(C)N(CCO)C(C)C,,10,True,False
97-02-9,DTXSID1021823,"2,4-Dinitroaniline",C1=CC(=C(C=C1[N+](=O)[O-])[N+](=O)[O-])N,,13,True,False
97-23-4,DTXSID6021824,Dichlorophen,C1=CC(=C(C=C1Cl)CC2=C(C=CC(=C2)Cl)O)O,,17,True,False
98-04-4,DTXSID1021825,Phenyltrimethylammonium iodide,C[N+](C)(C)C1=CC=CC=C1.[I-],,11,True,False
98-82-8,DTXSID1021827,Cumene,CC(C)C1=CC=CC=C1,,9,True,False
98-86-2,DTXSID6021828,Acetophenone,CC(=O)C1=CC=CC=C1,,9,True,False
99-03-6,DTXSID0021830,3-Aminoacetophenone,CC(=O)C1=CC(=CC=C1)N,,10,True,False
99-08-1,DTXSID5021831,3-Nitrotoluene,CC1=CC(=CC=C1)[N+](=O)[O-],,10,True,False
99-97-8,DTXSID0021832,"N,N,4-Trimethylaniline",CC1=CC=C(C=C1)N(C)C,,10,True,False
100-02-7,DTXSID0021834,4-Nitrophenol,C1=CC(=CC=C1[N+](=O)[O-])O,,10,True,False
100-10-7,DTXSID5021835,4-Dimethylaminobenzaldehyde,CN(C)C1=CC=C(C=C1)C=O,,11,True,False
100-25-4,DTXSID0021836,"1,4-Dinitrobenzene",C1=CC(=CC=C1[N+](=O)[O-])[N+](=O)[O-],,12,True,False
100-37-8,DTXSID5021837,"N,N-Diethylethanolamine",CCN(CC)CCO,,8,True,False
100-46-9,DTXSID5021839,Benzylamine,C1=CC=C(C=C1)CN,,8,True,False
100-61-8,DTXSID9021841,N-Methylaniline,CNC1=CC=CC=C1,,8,True,False
100-64-1,DTXSID4021842,Cyclohexanone oxime,C1CCC(=NO)CC1,,8,True,False
100-70-9,DTXSID9021843,2-Pyridinecarbonitrile,C1=CC=NC(=C1)C#N,,8,True,False
100-71-0,DTXSID4021844,2-Ethylpyridine,CCC1=CC=CC=N1,,8,True,False
100-79-8,DTXSID9021845,Solketal,CC1(OCC(O1)CO)C,,9,True,False
101-84-8,DTXSID9021847,Diphenyl oxide,C1=CC=C(C=C1)OC2=CC=CC=C2,,13,True,False
102-27-2,DTXSID4021848,N-Ethyl-3-methylaniline,CCNC1=CC=CC(=C1)C,,10,True,False
102-69-2,DTXSID9021849,Tripropylamine,CCCN(CCC)CCC,,10,True,False
103-05-9,DTXSID3021851,2-Methyl-4-phenylbutan-2-ol,CC(C)(CCC1=CC=CC=C1)O,,12,True,False
103-19-5,DTXSID8021852,bis(4-Methylphenyl) disulfide,CC1=CC=C(C=C1)SSC2=CC=C(C=C2)C,,16,True,False
103-76-4,DTXSID3021853,1-Piperazineethanol,C1CN(CCN1)CCO,,9,True,False
103-83-3,DTXSID8021854,"N,N-Dimethylbenzylamine",CN(C)CC1=CC=CC=C1,,10,True,False
104-13-2,DTXSID8021856,4-Butylaniline,CCCCC1=CC=C(C=C1)N,,11,True,False
104-42-7,DTXSID8021858,4-Dodecylaniline,CCCCCCCCCCCCC1=CC=C(C=C1)N,,19,True,False
104-88-1,DTXSID2021860,4-Chlorobenzaldehyde,C1=CC(=CC=C1C=O)Cl,,9,True,False
104-90-5,DTXSID7021861,5-Ethyl-2-methylpyridine,CCC1=CN=C(C=C1)C,,9,True,False
105-14-6,DTXSID2021862,5-Diethylamino-2-pentanone,CCN(CC)CCCC(=O)C,,11,True,False
105-53-3,DTXSID7021863,Diethyl propanedioate,CCOC(=O)CC(=O)OCC,,11,True,False
105-67-9,DTXSID2021864,"2,4-Dimethylphenol",CC1=CC(=C(C=C1)O)C,,9,True,False
105-75-9,DTXSID7021865,Dibutyl (2E)-but-2-enedioate,CCCCOC(=O)C=CC(=O)OCCCC,,16,True,False
105-99-7,DTXSID2021866,Dibutyl hexanedioate,CCCCOC(=O)CCCCC(=O)OCCCC,,18,True,False
106-40-1,DTXSID7021867,4-Bromoaniline,C1=CC(=CC=C1N)Br,,8,True,False
106-42-3,DTXSID2021868,para-Xylene,CC1=CC=C(C=C1)C,,8,True,False
106-44-5,DTXSID7021869,p-Cresol,CC1=CC=C(C=C1)O,,8,True,False
106-48-9,DTXSID1021871,4-Chlorophenol,C1=CC(=CC=C1O)Cl,,8,True,False
106-49-0,DTXSID6021872,4-Methylaniline,CC1=CC=C(C=C1)N,,8,True,False
106-63-8,DTXSID1021873,Isobutyl acrylate,CC(C)COC(=O)C=C,,9,True,False
106-94-5,DTXSID6021874,1-Bromopropane,CCCBr,,4,True,False
107-07-3,DTXSID1021877,2-Chloroethanol,C(CCl)O,,4,True,False
107-10-8,DTXSID6021878,Propylamine,CCCN,,4,True,False
107-12-0,DTXSID1021879,Propionitrile,CCC#N,,4,True,False
107-15-3,DTXSID5021881,Ethylenediamine,C(CN)N,,4,True,False
107-19-7,DTXSID5021883,Propargyl alcohol,C#CCO,,4,True,False
107-41-5,DTXSID5021885,"2-Methyl-2,4-pentanediol",CC(CC(C)(C)O)O,,8,True,False
107-45-9,DTXSID0021886,"2,4,4-Trimethyl-2-pentanamine",CC(C)(C)CC(C)(C)N,,9,True,False
107-47-1,DTXSID5021887,tert-Butyl sulfide,CC(C)(C)SC(C)(C)C,,9,True,False
107-87-9,DTXSID0021888,2-Pentanone,CCCC(=O)C,,6,True,False
108-10-1,DTXSID5021889,4-Methyl-2-pentanone,CC(C)CC(=O)C,,7,True,False
108-20-3,DTXSID4021890,Isopropyl ether,CC(C)OC(C)C,,7,True,False
108-89-4,DTXSID4021892,4-Methylpyridine,CC1=CC=NC=C1,,7,True,False
108-93-0,DTXSID4021894,Cyclohexanol,C1CCC(CC1)O,,7,True,False
108-99-6,DTXSID9021897,3-Methylpyridine,CC1=CN=CC=C1,,7,True,False
109-01-3,DTXSID4021898,1-Methylpiperazine,CN1CCNCC1,,7,True,False
109-06-8,DTXSID9021899,2-Methylpyridine,CC1=CC=CC=N1,,7,True,False
109-07-9,DTXSID1021900,2-Methylpiperazine,CC1CNCCN1,,7,True,False
109-60-4,DTXSID6021901,Propyl acetate,CCCOC(=O)C,,7,True,False
109-64-8,DTXSID1021902,"1,3-Dibromopropane",C(CBr)CBr,,5,True,False
109-65-9,DTXSID6021903,1-Bromobutane,CCCCBr,,5,True,False
109-73-9,DTXSID1021904,Butylamine,CCCCN,,5,True,False
109-75-1,DTXSID6021905,Allyl cyanide,C=CCC#N,,5,True,False
109-76-2,DTXSID1021906,"1,3-Diaminopropane",C(CN)CN,,5,True,False
109-77-3,DTXSID6021907,Propanedinitrile,C(C#N)C#N,,5,True,False
109-85-3,DTXSID1021908,2-Methoxyethylamine,COCCN,,5,True,False
109-89-7,DTXSID6021909,Diethylamine,CCNCC,,5,True,False
109-97-7,DTXSID5021910,Pyrrole,C1=CNC=C1,,5,True,False
110-06-5,DTXSID0021913,t-Butyl disulfide,CC(C)(C)SSC(C)(C)C,,10,True,False
110-12-3,DTXSID5021914,5-Methyl-2-hexanone,CC(C)CCC(=O)C,,8,True,False
110-40-7,DTXSID0021915,Diethyl decanedioate,CCOC(=O)CCCCCCCCC(=O)OCC,,18,True,False
110-43-0,DTXSID5021916,2-Heptanone,CCCCCC(=O)C,,8,True,False
110-54-3,DTXSID0021917,n-Hexane,CCCCCC,,6,True,False
110-56-5,DTXSID5021918,"1,4-Dichlorobutane",C(CCCl)CCl,,6,True,False
110-58-7,DTXSID0021919,Pentan-1-amine,CCCCCN,,6,True,False
110-65-6,DTXSID4021921,"2-Butyne-1,4-diol",C(C#CCO)O,,6,True,False
110-73-6,DTXSID9021922,2-(Ethylamino)ethanol,CCNCCO,,6,True,False
110-82-7,DTXSID4021923,Cyclohexane,C1CCCCC1,,6,True,False
110-86-1,DTXSID9021924,Pyridine,C1=CC=NC=C1,,6,True,False
110-88-3,DTXSID4021925,"1,3,5-Trioxane",C1OCOCO1,,6,True,False
111-13-7,DTXSID4021927,2-Octanone,CCCCCCC(=O)C,,9,True,False
111-15-9,DTXSID9021928,2-Ethoxyethyl acetate,CCOCCOC(=O)C,,9,True,False
111-25-1,DTXSID4021929,1-Bromohexane,CCCCCCBr,,7,True,False
111-26-2,DTXSID3021930,Hexylamine,CCCCCCN,,7,True,False
111-27-3,DTXSID8021931,1-Hexanol,CCCCCCO,,7,True,False
111-42-2,DTXSID3021932,Diethanolamine,C(CO)NCCO,,7,True,False
111-47-7,DTXSID3021934,Propyl sulfide,CCCSCCC,,7,True,False
111-69-3,DTXSID3021936,Hexanedinitrile,C(CCC#N)CC#N,,8,True,False
111-70-6,DTXSID8021937,1-Heptanol,CCCCCCCO,,8,True,False
111-83-1,DTXSID3021938,1-Bromooctane,CCCCCCCCBr,,9,True,False
111-86-4,DTXSID8021939,1-Octanamine,CCCCCCCCN,,9,True,False
111-87-5,DTXSID7021940,1-Octanol,CCCCCCCCO,,9,True,False
111-90-0,DTXSID2021941,2-(2-Ethoxyethoxy)ethanol,CCOCCOCCO,,9,True,False
112-12-9,DTXSID2021943,2-Undecanone,CCCCCCCCCC(=O)C,,12,True,False
112-20-9,DTXSID7021944,Nonylamine,CCCCCCCCCN,,10,True,False
112-30-1,DTXSID7021946,1-Decanol,CCCCCCCCCCO,,11,True,False
112-70-9,DTXSID2021947,1-Tridecanol,CCCCCCCCCCCCCO,,14,True,False
114-26-1,DTXSID7021948,Propoxur,CC(C)OC1=CC=CC=C1OC(=O)NC,,15,True,False
115-19-5,DTXSID2021949,2-Methyl-3-butyn-2-ol,CC(C)(C#C)O,,6,True,False
115-20-8,DTXSID1021950,"2,2,2-Trichloroethanol",C(C(Cl)(Cl)Cl)O,,6,True,False
115-86-6,DTXSID1021952,Triphenyl phosphate,C1=CC=C(C=C1)OP(=O)(OC2=CC=CC=C2)OC3=CC=CC=C3,,23,True,False
115-90-2,DTXSID6021953,Fensulfothion,CCOP(=S)(OCC)OC1=CC=C(C=C1)S(=O)C,,18,True,False
117-84-0,DTXSID1021956,Dioctyl phthalate,CCCCCCCCOC(=O)C1=CC=CC=C1C(=O)OCCCCCCCC,,28,True,False
118-55-8,DTXSID6021957,Phenyl salicylate,C1=CC=C(C=C1)OC(=O)C2=CC=CC=C2O,,16,True,False
118-61-6,DTXSID1021958,Ethyl salicylate,CCOC(=O)C1=CC=CC=C1O,,12,True,False
118-79-6,DTXSID6021959,"2,4,6-Tribromophenol",C1=C(C=C(C(=C1Br)O)Br)Br,,10,True,False
119-61-9,DTXSID0021961,Benzophenone,C1=CC=C(C=C1)C(=O)C2=CC=CC=C2,,14,True,False
120-07-0,DTXSID5021962,N-Phenyldiethanolamine,C1=CC=C(C=C1)N(CCO)CCO,,13,True,False
120-21-8,DTXSID0021963,4-(Diethylamino)benzaldehyde,CCN(CC)C1=CC=C(C=C1)C=O,,13,True,False
120-82-1,DTXSID0021965,"1,2,4-Trichlorobenzene",C1=CC(=C(C=C1Cl)Cl)Cl,,9,True,False
121-32-4,DTXSID5021968,3-Ethoxy-4-hydroxybenzaldehyde,CCOC1=C(C=CC(=C1)C=O)O,,12,True,False
121-33-5,DTXSID0021969,4-Hydroxy-3-methoxybenzaldehyde,COC1=C(C=CC(=C1)C=O)O,,11,True,False
121-73-3,DTXSID4021971,1-Chloro-3-nitrobenzene,C1=CC(=CC(=C1)Cl)[N+](=O)[O-],,10,True,False
121-87-9,DTXSID4021973,2-Chloro-4-nitroaniline,C1=CC(=C(C=C1[N+](=O)[O-])Cl)N,,11,True,False
122-03-2,DTXSID9021974,4-Isopropylbenzaldehyde,CC(C)C1=CC=C(C=C1)C=O,,11,True,False
122-39-4,DTXSID4021975,Diphenylamine,C1=CC=C(C=C1)NC2=CC=CC=C2,,13,True,False
122-99-6,DTXSID9021976,2-Phenoxyethanol,C1=CC=C(C=C1)OCCO,,10,True,False
123-07-9,DTXSID4021977,4-Ethylphenol,CCC1=CC=C(C=C1)O,,9,True,False
123-15-9,DTXSID9021978,2-Methylpentanal,CCCC(C)C=O,,7,True,False
123-54-6,DTXSID4021979,"2,4-Pentanedione",CC(=O)CC(=O)C,,7,True,False
123-66-0,DTXSID3021980,Ethyl hexanoate,CCCCCC(=O)OCC,,10,True,False
123-86-4,DTXSID3021982,Butyl acetate,CCCCOC(=O)C,,8,True,False
124-22-1,DTXSID3021984,1-Dodecanamine,CCCCCCCCCCCCN,,13,True,False
126-73-8,DTXSID3021986,Tributyl phosphate,CCCCOP(=O)(OCCCC)OCCCC,,17,True,False
126-81-8,DTXSID8021987,"5,5-Dimethyl-1,3-cyclohexanedione",CC1(CC(=O)CC(=O)C1)C,,10,True,False
127-66-2,DTXSID7021990,2-Phenyl-3-butyn-2-ol,CC(C#C)(C1=CC=CC=C1)O,,11,True,False
132-64-9,DTXSID2021993,Dibenzofuran,C1=CC=C2C(=C1)C3=CC=CC=C3O2,,13,True,False
133-11-9,DTXSID7021994,Phenyl 4-aminosalicylate,C1=CC=C(C=C1)OC(=O)C2=C(C=C(C=C2)N)O,,17,True,False
134-62-3,DTXSID2021995,DEET,CCN(CC)C(=O)C1=CC=CC(=C1)C,,14,True,False
137-40-6,DTXSID7021996,Sodium propionate,CCC(=O)[O-].[Na+],,6,True,False
140-31-8,DTXSID2021997,1-(2-Aminoethyl)piperazine,C1CN(CCN1)CCN,,9,True,False
141-03-7,DTXSID7021998,Dibutyl butanedioate,CCCCOC(=O)CCC(=O)OCCCC,,16,True,False
141-28-6,DTXSID2021999,Diethyl hexanedioate,CCOC(=O)CCCCC(=O)OCC,,14,True,False
141-43-5,DTXSID6022000,Ethanolamine,C(CO)N,,4,True,False
141-78-6,DTXSID1022001,Ethyl acetate,CCOC(=O)C,,6,True,False
141-91-3,DTXSID6022002,"2,6-Dimethyl morpholine",CC1CNCC(O1)C,,8,True,False
141-93-5,DTXSID1022003,"1,3-Diethylbenzene",CCC1=CC(=CC=C1)CC,,10,True,False
142-28-9,DTXSID6022004,"1,3-Dichloropropane",C(CCl)CCl,,5,True,False
142-92-7,DTXSID6022006,Hexyl acetate,CCCCCCOC(=O)C,,10,True,False
142-96-1,DTXSID1022007,Butyl ether,CCCCOCCCC,,9,True,False
143-08-8,DTXSID6022008,1-Nonanol,CCCCCCCCCO,,10,True,False
143-16-8,DTXSID1022009,Dihexylamine,CCCCCCNCCCCCC,,13,True,False
148-53-8,DTXSID5022011,2-Hydroxy-3-methoxybenzaldehyde,COC1=CC=CC(=C1O)C=O,,11,True,False
150-19-6,DTXSID0022012,3-Methoxyphenol,COC1=CC=CC(=C1)O,,9,True,False
150-78-7,DTXSID0022014,Hydroquinone dimethyl ether,COC1=CC=C(C=C1)OC,,10,True,False
280-57-9,DTXSID0022016,"1,4-Diazabicyclo[2.2.2]octane",C1CN2CCN1CC2,,8,True,False
281-23-2,DTXSID5022017,Adamantane,C1C2CC3CC1CC(C2)C3,,10,True,False
298-04-4,DTXSID0022018,Disulfoton,CCOP(=S)(OCC)SCCSCC,,14,True,False
309-43-3,DTXSID5022019,"Secobarbital, sodium salt",CCCC(C)C1(C(=O)NC(=O)N=C1[O-])CC=C.[Na+],,18,True,False
314-40-9,DTXSID4022020,Bromacil,CCC(C)N1C(=O)C(=C(NC1=O)C)Br,,14,True,False
329-71-5,DTXSID9022021,"2,5-Dinitrophenol",C1=CC(=C(C=C1[N+](=O)[O-])O)[N+](=O)[O-],,13,True,False
330-93-8,DTXSID9022023,p-Fluorophenyl ether,C1=CC(=CC=C1OC2=CC=C(C=C2)F)F,,15,True,False
350-46-9,DTXSID9022025,1-Fluoro-4-nitrobenzene,C1=CC(=CC=C1[N+](=O)[O-])F,,10,True,False
368-77-4,DTXSID4022026,"alpha,alpha,alpha-Trifluoro-m-tolunitrile",C1=CC(=CC(=C1)C(F)(F)F)C#N,,12,True,True
371-40-4,DTXSID9022027,4-Fluoroaniline,C1=CC(=CC=C1N)F,,8,True,False
387-45-1,DTXSID4022028,2-Chloro-6-fluorobenzaldehyde,C1=CC(=C(C(=C1)Cl)C=O)F,,10,True,False
393-39-5,DTXSID9022029,"alpha,alpha,alpha-4-Tetrafluoro-o-toluidine",C1=CC(=C(C=C1F)C(F)(F)F)N,,12,True,True
446-52-6,DTXSID8022030,2-Fluorobenzaldehyde,C1=CC=C(C(=C1)C=O)F,,9,True,False
447-60-9,DTXSID3022031,"alpha,alpha,alpha-Trifluoro-o-tolunitrile",C1=CC=C(C(=C1)C#N)C(F)(F)F,,12,True,True
454-89-7,DTXSID8022032,"alpha,alpha,alpha-Trifluoro-m-tolualdehyde",C1=CC(=CC(=C1)C(F)(F)F)C=O,,12,True,True
459-59-6,DTXSID3022033,4-Fluoro-N-methylaniline,CNC1=CC=C(C=C1)F,,9,True,False
462-18-0,DTXSID8022034,7-Tridecanone,CCCCCCC(=O)CCCCCC,,14,True,False
464-45-9,DTXSID3022035,[(1S)-endo]-(-)-Borneol,CC1(C2CCC1(C(C2)O)C)C,,11,True,False
464-48-2,DTXSID8022036,(1S)-(-)-Camphor,CC1(C2CCC1(C(=O)C2)C)C,,11,True,False
484-47-9,DTXSID3022039,"2,4,5-Triphenylimidazole",C1=CC=C(C=C1)C2=C(N=C(N2)C3=CC=CC=C3)C4=CC=CC=C4,,23,True,False
496-16-2,DTXSID2022040,"2,3-Dihydrobenzofuran",C1COC2=CC=CC=C21,,9,True,False
497-37-0,DTXSID7022041,exo-Norborneol,C1CC2CC1CC2O,,8,True,False
498-66-8,DTXSID2022042,Norbornylene,C1CC2CC1C=C2,,7,True,False
499-83-2,DTXSID7022043,"2,6-Pyridinedicarboxylic acid",C1=CC(=NC(=C1)C(=O)O)C(=O)O,,12,True,False
500-22-1,DTXSID2022044,3-Pyridinecarboxaldehyde,C1=CC(=CN=C1)C=O,,8,True,False
502-56-7,DTXSID7022045,5-Nonanone,CCCCC(=O)CCCC,,10,True,False
513-81-5,DTXSID2022046,"2,3-Dimethyl-1,3-butadiene",CC(=C)C(=C)C,,6,True,False
514-10-3,DTXSID7022047,Abietic acid,CC(C)C1=CC2=CCC3C(C2CC1)(CCCC3(C)C(=O)O)C,,22,True,False
525-82-6,DTXSID2022048,Flavone,C1=CC=C(C=C1)C2=CC(=O)C3=CC=CC=C3O2,,17,True,False
527-60-6,DTXSID7022049,"2,4,6-Trimethylphenol",CC1=CC(=C(C(=C1)C)O)C,,10,True,False
529-19-1,DTXSID6022050,2-Tolunitrile,CC1=CC=CC=C1C#N,,9,True,False
529-20-4,DTXSID1022051,2-Tolualdehyde,CC1=CC=CC=C1C=O,,9,True,False
534-52-1,DTXSID1022053,"2-Methyl-4,6-dinitrophenol",CC1=CC(=CC(=C1O)[N+](=O)[O-])[N+](=O)[O-],,14,True,False
538-68-1,DTXSID6022054,Pentylbenzene,CCCCCC1=CC=CC=C1,,11,True,False
540-88-5,DTXSID1022055,tert-Butyl acetate,CC(=O)OC(C)(C)C,,8,True,False
541-73-1,DTXSID6022056,"1,3-Dichlorobenzene",C1=CC(=CC(=C1)Cl)Cl,,8,True,False
542-75-6,DTXSID1022057,"1,3-Dichloropropene",C(C=CCl)Cl,,5,True,False
544-40-1,DTXSID6022058,Dibutyl sulfide,CCCCSCCCC,,9,True,False
552-41-0,DTXSID1022059,2'-Hydroxy-4'-methoxyacetophenone,CC(=O)C1=C(C=C(C=C1)OC)O,,12,True,False
552-89-6,DTXSID0022060,2-Nitrobenzaldehyde,C1=CC=C(C(=C1)C=O)[N+](=O)[O-],,11,True,False
555-16-8,DTXSID5022061,4-Nitrobenzaldehyde,C1=CC(=CC=C1C=O)[N+](=O)[O-],,11,True,False
563-80-4,DTXSID0022062,3-Methyl-2-butanone,CC(C)C(=O)C,,6,True,False
573-56-8,DTXSID5022063,"2,6-Dinitrophenol",C1=CC(=C(C(=C1)[N+](=O)[O-])O)[N+](=O)[O-],,13,True,False
583-53-9,DTXSID0022064,"1,2-Dibromobenzene",C1=CC=C(C(=C1)Br)Br,,8,True,False
589-09-3,DTXSID5022065,N-Allylaniline,C=CCNC1=CC=CC=C1,,10,True,False
589-16-2,DTXSID0022066,4-Ethylaniline,CCC1=CC=C(C=C1)N,,9,True,False
591-78-6,DTXSID0022068,2-Hexanone,CCCCC(=O)C,,7,True,False
593-08-8,DTXSID4022070,2-Tridecanone,CCCCCCCCCCCC(=O)C,,14,True,False
595-90-4,DTXSID9022071,Tetraphenyl tin,C1=CC=[C]C=C1.C1=CC=[C]C=C1.C1=CC=[C]C=C1.C1=CC=[C]C=C1.[Sn],,25,True,False
597-64-8,DTXSID9022073,Tetraethyl tin,C[CH2].C[CH2].C[CH2].C[CH2].[Sn],,9,True,False
598-74-3,DTXSID4022074,"1,2-Dimethylpropylamine",CC(C)C(C)N,,6,True,False
600-36-2,DTXSID9022075,"2,4-Dimethyl-3-pentanol",CC(C)C(C(C)C)O,,8,True,False
603-34-9,DTXSID4022076,Triphenylamine,C1=CC=C(C=C1)N(C2=CC=CC=C2)C3=CC=CC=C3,,19,True,False
607-00-1,DTXSID9022077,"N,N-Diphenylformamide",C1=CC=C(C=C1)N(C=O)C2=CC=CC=C2,,15,True,False
607-81-8,DTXSID4022078,Diethyl benzylmalonate,CCOC(=O)C(CC1=CC=CC=C1)C(=O)OCC,,18,True,False
608-71-9,DTXSID9022079,Pentabromophenol,C1(=C(C(=C(C(=C1Br)Br)Br)Br)Br)O,,12,True,False
609-23-4,DTXSID8022080,"2,4,6-Triiodophenol",C1=C(C=C(C(=C1I)O)I)I,,10,True,False
613-45-6,DTXSID3022081,"2,4-Dimethoxybenzaldehyde",COC1=CC(=C(C=C1)C=O)OC,,12,True,False
615-65-6,DTXSID3022083,2-Chloro-4-methylaniline,CC1=CC(=C(C=C1)N)Cl,,9,True,False
616-86-4,DTXSID8022084,4-Ethoxy-2-nitroaniline,CCOC1=CC(=C(C=C1)N)[N+](=O)[O-],,13,True,False
619-50-1,DTXSID3022085,Methyl p-nitrobenzoate,COC(=O)C1=CC=C(C=C1)[N+](=O)[O-],,13,True,False
619-80-7,DTXSID8022086,4-Nitrobenzamide,C1=CC(=CC=C1C(=O)N)[N+](=O)[O-],,12,True,False
620-88-2,DTXSID3022087,4-Nitrophenyl phenyl ether,C1=CC=C(C=C1)OC2=CC=C(C=C2)[N+](=O)[O-],,16,True,False
621-08-9,DTXSID8022088,Benzyl sulfoxide,C1=CC=C(C=C1)CS(=O)CC2=CC=CC=C2,,16,True,False
621-42-1,DTXSID3022089,3-Acetamidophenol,CC(=O)NC1=CC(=CC=C1)O,,11,True,False
622-40-2,DTXSID2022090,4-(2-Hydroxyethyl)morpholine,C1COCCN1CCO,,9,True,False
623-25-6,DTXSID7022091,"alpha,alpha'-Dichloro-p-xylene",C1=CC(=CC=C1CCl)CCl,,10,True,False
624-38-4,DTXSID2022092,"1,4-Diiodobenzene",C1=CC(=CC=C1I)I,,8,True,False
625-86-5,DTXSID7022093,"2,5-Dimethylfuran",CC1=CC=C(O1)C,,7,True,False
628-76-2,DTXSID2022094,"1,5-Dichloropentane",C(CCCl)CCCl,,7,True,False
629-04-9,DTXSID7022095,1-Bromoheptane,CCCCCCCBr,,8,True,False
629-19-6,DTXSID2022096,Dipropyl disulfide,CCCSSCCC,,8,True,False
629-40-3,DTXSID7022097,"1,6-Dicyanohexane",C(CCCC#N)CCC#N,,10,True,False
634-67-3,DTXSID2022098,"2,3,4-Trichloroaniline",C1=CC(=C(C(=C1N)Cl)Cl)Cl,,10,True,False
635-93-8,DTXSID7022099,5-Chlorosalicylaldehyde,C1=CC(=C(C=C1Cl)C=O)O,,10,True,False
645-56-7,DTXSID9022100,4-Propylphenol,CCCC1=CC=C(C=C1)O,,10,True,False
653-37-2,DTXSID4022101,Pentafluorobenzaldehyde,C(=O)C1=C(C(=C(C(=C1F)F)F)F)F,,13,True,False
693-16-3,DTXSID4022103,2-Octanamine,CCCCCCC(C)N,,9,True,False
693-54-9,DTXSID9022104,2-Decanone,CCCCCCCCC(=O)C,,11,True,False
693-65-2,DTXSID4022105,Pentyl ether,CCCCCOCCCCC,,11,True,False
693-93-6,DTXSID9022106,4-Methyloxazole,CC1=COC=N1,,6,True,False
693-98-1,DTXSID4022107,2-Methylimidazole,CC1=NC=CN1,,6,True,False
700-58-3,DTXSID9022108,2-Adamantanone,C1C2CC3CC1CC(C2)C3=O,,11,True,False
706-14-9,DTXSID4022109,gamma-Decanolactone,CCCCCCC1CCC(=O)O1,,12,True,False
708-76-9,DTXSID3022110,"4,6-Dimethoxy-2-hydroxybenzaldehyde",COC1=CC(=C(C(=C1)OC)C=O)O,,13,True,False
709-98-8,DTXSID8022111,Propanil,CCC(=O)NC1=CC(=C(C=C1)Cl)Cl,,13,True,False
760-23-6,DTXSID8022113,"3,4-Dichloro-1-butene",C=CC(CCl)Cl,,6,True,False
761-65-9,DTXSID3022114,"N,N-Dibutylformamide",CCCCN(CCCC)C=O,,11,True,False
764-01-2,DTXSID8022115,2-Butyn-1-ol,CC#CCO,,5,True,False
764-13-6,DTXSID3022116,"2,5-Dimethyl-2,4-hexadiene",CC(=CC=C(C)C)C,,8,True,False
768-94-5,DTXSID8022117,Amantadine,C1C2CC3CC1CC(C2)(C3)N,,11,True,False
769-28-8,DTXSID3022118,"3-Cyano-4,6-dimethyl-2-hydroxypyridine",CC1=CC(=C(C(=O)N1)C#N)C,,11,True,False
771-60-8,DTXSID8022119,"2,3,4,5,6-Pentafluoroaniline",C1(=C(C(=C(C(=C1F)F)F)F)F)N,,12,True,False
786-19-6,DTXSID7022120,Carbophenothion,CCOP(=S)(OCC)SCSC1=CC=C(C=C1)Cl,,18,True,False
791-28-6,DTXSID2022121,Triphenylphosphine oxide,C1=CC=C(C=C1)P(=O)(C2=CC=CC=C2)C3=CC=CC=C3,,20,True,False
818-61-1,DTXSID2022123,2-Hydroxyethyl acrylate,C=CC(=O)OCCO,,8,True,False
818-72-4,DTXSID7022124,1-Octyn-3-ol,CCCCCC(C#C)O,,9,True,False
821-55-6,DTXSID2022125,2-Nonanone,CCCCCCCC(=O)C,,10,True,False
822-86-6,DTXSID7022126,"trans-1,2-Dichlorocyclohexane",C1CCC(C(C1)Cl)Cl,,8,True,False
831-82-3,DTXSID2022127,4-Phenoxyphenol,C1=CC=C(C=C1)OC2=CC=C(C=C2)O,,14,True,False
868-77-9,DTXSID7022128,2-Hydroxyethyl methacrylate,CC(=C)C(=O)OCCO,,9,True,False
872-31-1,DTXSID2022129,3-Bromothiophene,C1=CSC=C1Br,,6,True,False
874-42-0,DTXSID1022130,"2,4-Dichlorobenzaldehyde",C1=CC(=C(C=C1Cl)Cl)C=O,,10,True,False
882-33-7,DTXSID6022131,Diphenyl disulfide,C1=CC=C(C=C1)SSC2=CC=CC=C2,,14,True,False
886-86-2,DTXSID6022133,Ethyl 3-aminobenzoate methanesulfonic acid salt,CCOC(=O)C1=CC(=CC=C1)N.CS(=O)(=O)O,,17,True,False
920-66-1,DTXSID1022134,"1,1,1,3,3,3-Hexafluoro-2-propanol",C(C(F)(F)F)(C(F)(F)F)O,,10,True,True
924-41-4,DTXSID6022135,"1,5-Hexadien-3-ol",C=CCC(C=C)O,,7,True,False
927-74-2,DTXSID1022136,3-Butyn-1-ol,C#CCCO,,5,True,False
928-96-1,DTXSID6022137,(Z)-3-Hexen-1-ol,CCC=CCCO,,7,True,False
928-97-2,DTXSID1022138,(E)-3-Hexen-1-ol,CCC=CCCO,,7,True,False
932-16-1,DTXSID6022139,2-Acetyl-1-methylpyrrole,CC(=O)C1=CC=CN1C,,9,True,False
939-23-1,DTXSID5022140,4-Phenylpyridine,C1=CC=C(C=C1)C2=CC=NC=C2,,12,True,False
945-51-7,DTXSID0022141,Phenyl sulfoxide,C1=CC=C(C=C1)S(=O)C2=CC=CC=C2,,14,True,False
955-83-9,DTXSID5022142,"2,5-Diphenylfuran",C1=CC=C(C=C1)C2=CC=C(O2)C3=CC=CC=C3,,17,True,False
999-61-1,DTXSID0022143,2-Hydroxypropyl acrylate,CC(COC(=O)C=C)O,,9,True,False
1072-97-5,DTXSID5022144,2-Amino-5-bromopyridine,C1=CC(=NC=C1Br)N,,8,True,False
1080-32-6,DTXSID0022145,Diethyl benzylphosphonate,CCOP(=O)(CC1=CC=CC=C1)OCC,,15,True,False
1120-16-7,DTXSID5022146,Dodecanamide,CCCCCCCCCCCC(=O)N,,14,True,False
1122-54-9,DTXSID0022147,4-Acetylpyridine,CC(=O)C1=CC=NC=C1,,9,True,False
1126-46-1,DTXSID5022148,Methyl p-chlorobenzoate,COC(=O)C1=CC=C(C=C1)Cl,,11,True,False
1126-79-0,DTXSID0022149,Butyl phenyl ether,CCCCOC1=CC=CC=C1,,11,True,False
1129-35-7,DTXSID9022150,Methyl 4-cyanobenzoate,COC(=O)C1=CC=C(C=C1)C#N,,12,True,False
1198-55-6,DTXSID4022151,Tetrachlorocatechol,C1(=C(C(=C(C(=C1Cl)Cl)Cl)Cl)O)O,,12,True,False
1204-21-3,DTXSID9022152,"alpha-Bromo-2',5'-dimethoxyacetophenone",COC1=CC(=C(C=C1)OC)C(=O)CBr,,14,True,False
1461-25-2,DTXSID4022153,Tetrabutyltin,CCC[CH2].CCC[CH2].CCC[CH2].CCC[CH2].[Sn],,17,True,False
1484-13-5,DTXSID4022155,N-Vinylcarbazole,C=CN1C2=CC=CC=C2C3=CC=CC=C31,,15,True,False
1484-26-0,DTXSID9022156,3-Benzyloxyaniline,C1=CC=C(C=C1)COC2=CC=CC(=C2)N,,15,True,False
1647-16-1,DTXSID4022159,"1,9-Decadiene",C=CCCCCCCC=C,,10,True,False
1689-82-3,DTXSID3022160,p-Phenylazophenol,C1=CC=C(C=C1)N=NC2=CC=C(C=C2)O,,15,True,False
1689-83-4,DTXSID8022161,Ioxynil,C1=C(C=C(C(=C1I)O)I)C#N,,11,True,False
1689-84-5,DTXSID3022162,Bromoxynil,C1=C(C=C(C(=C1Br)O)Br)C#N,,11,True,False
1740-19-8,DTXSID8022163,Dehydroabietic acid,CC(C)C1=CC2=C(C=C1)C3(CCCC(C3CC2)(C)C(=O)O)C,,22,True,False
1745-81-9,DTXSID3022164,2-Allylphenol,C=CCC1=CC=CC=C1O,,10,True,False
1761-61-1,DTXSID8022165,5-Bromosalicylaldehyde,C1=CC(=C(C=C1Br)C=O)O,,10,True,False
1871-57-4,DTXSID3022166,3-Chloro-2-chloromethyl-1-propene,C=C(CCl)CCl,,6,True,False
1891-95-8,DTXSID8022167,Chloroxynil,C1=C(C=C(C(=C1Cl)O)Cl)C#N,,11,True,False
1962-75-0,DTXSID3022168,Dibutyl terephthalate,CCCCOC(=O)C1=CC=C(C=C1)C(=O)OCCCC,,20,True,False
1965-09-9,DTXSID8022169,"4,4'-Dihydroxydiphenyl ether",C1=CC(=CC=C1O)OC2=CC=C(C=C2)O,,15,True,False
2008-58-4,DTXSID7022170,"2,6-Dichlorobenzamide",C1=CC(=C(C(=C1)Cl)C(=O)N)Cl,,11,True,False
2016-57-1,DTXSID2022171,1-Decanamine,CCCCCCCCCCN,,11,True,False
2032-59-9,DTXSID7022172,Aminocarb,CC1=C(C=CC(=C1)OC(=O)NC)N(C)C,,15,True,False
2034-22-2,DTXSID2022173,"2,4,5-Tribromoimidazole",C1(=C(N=C(N1)Br)Br)Br,,8,True,False
2104-64-5,DTXSID7022174,EPN,CCOP(=S)(C1=CC=CC=C1)OC2=CC=C(C=C2)[N+](=O)[O-],,21,True,False
2117-11-5,DTXSID2022175,(+-)-4-Pentyn-2-ol,CC(CC#C)O,,6,True,False
2138-22-9,DTXSID7022176,4-Chlorocatechol,C1=CC(=C(C=C1Cl)O)O,,9,True,False
2150-47-2,DTXSID2022177,"Methyl 2,4-dihydroxybenzoate",COC(=O)C1=C(C=C(C=C1)O)O,,12,True,False
2156-97-0,DTXSID7022178,Lauryl acrylate,CCCCCCCCCCCCOC(=O)C=C,,17,True,False
2176-62-7,DTXSID2022179,Pentachloropyridine,C1(=C(C(=NC(=C1Cl)Cl)Cl)Cl)Cl,,11,True,False
2232-08-8,DTXSID6022181,1-(p-Toluenesulfonyl)imidazole,CC1=CC=C(C=C1)S(=O)(=O)N2C=CN=C2,,15,True,False
2234-16-4,DTXSID1022182,"2',4'-Dichloroacetophenone",CC(=O)C1=C(C=C(C=C1)Cl)Cl,,11,True,False
2243-27-8,DTXSID6022183,Octyl cyanide,CCCCCCCCC#N,,10,True,False
2357-47-3,DTXSID1022184,"alpha,alpha,alpha-4-Tetrafluoro-m-toluidine",C1=CC(=C(C=C1N)C(F)(F)F)F,,12,True,True
2362-61-0,DTXSID6022185,trans-2-Phenyl-1-cyclohexanol,C1CCC(C(C1)C2=CC=CC=C2)O,,13,True,False
2370-63-0,DTXSID1022186,2-Ethoxyethyl methacrylate,CCOCCOC(=O)C(=C)C,,11,True,False
2416-94-6,DTXSID6022187,"2,3,6-Trimethylphenol",CC1=C(C(=C(C=C1)C)O)C,,10,True,False
2437-25-4,DTXSID1022188,Dodecanenitrile,CCCCCCCCCCCC#N,,13,True,False
2439-77-2,DTXSID6022189,2-Methoxybenzamide,COC1=CC=CC=C1C(=O)N,,11,True,False
2447-79-2,DTXSID5022190,"2,4-Dichlorobenzamide",C1=CC(=C(C=C1Cl)Cl)C(=O)N,,11,True,False
2455-24-5,DTXSID0022191,Tetrahydrofurfuryl methacrylate,CC(=C)C(=O)OCC1CCCO1,,12,True,False
2495-37-6,DTXSID0022193,Benzyl methacrylate,CC(=C)C(=O)OCC1=CC=CC=C1,,13,True,False
2499-95-8,DTXSID5022194,Hexyl acrylate,CCCCCCOC(=O)C=C,,11,True,False
2706-56-1,DTXSID5022196,2-(2-Aminoethyl)pyridine,C1=CC=NC(=C1)CCN,,9,True,False
2759-28-6,DTXSID0022197,1-Benzylpiperazine,C1CN(CCN1)CC2=CC=CC=C2,,13,True,False
2859-67-8,DTXSID5022198,3-(3-Pyridyl)-1-propanol,C1=CC(=CN=C1)CCCO,,10,True,False
2869-34-3,DTXSID0022199,Tridecylamine,CCCCCCCCCCCCCN,,14,True,False
2894-51-1,DTXSID2022200,2-Amino-4'-chlorobenzophenone,C1=CC=C(C(=C1)C(=O)C2=CC=C(C=C2)Cl)N,,16,True,False
2905-69-3,DTXSID7022201,"Methyl 2,5-dichlorobenzoate",COC(=O)C1=C(C=CC(=C1)Cl)Cl,,12,True,False
2973-76-4,DTXSID7022203,5-Bromovanillin,COC1=C(C(=CC(=C1)C=O)Br)O,,12,True,False
3066-71-5,DTXSID2022204,Cyclohexyl acrylate,C=CC(=O)OC1CCCCC1,,11,True,False
3085-42-5,DTXSID7022205,4-Chlorophenyl sulfoxide,C1=CC(=CC=C1S(=O)C2=CC=C(C=C2)Cl)Cl,,16,True,False
3206-31-3,DTXSID2022206,Triethyl nitrilotricarboxylate,CCOC(=O)N(C(=O)OCC)C(=O)OCC,,16,True,False
3428-24-8,DTXSID7022207,"4,5-Dichlorocatechol",C1=C(C(=CC(=C1Cl)Cl)O)O,,10,True,False
3481-20-7,DTXSID2022208,"2,3,5,6-Tetrachloroaniline",C1=C(C(=C(C(=C1Cl)Cl)N)Cl)Cl,,11,True,False
3558-69-8,DTXSID7022209,"2,6-Diphenylpyridine",C1=CC=C(C=C1)C2=NC(=CC=C2)C3=CC=CC=C3,,18,True,False
3698-83-7,DTXSID6022210,"1,3-Dichloro-4,6-dinitrobenzene",C1=C(C(=CC(=C1[N+](=O)[O-])Cl)Cl)[N+](=O)[O-],,14,True,False
3808-87-5,DTXSID1022211,"2,4,5-Trichlorophenyl disulfide",C1=C(C(=CC(=C1Cl)Cl)Cl)SSC2=CC(=C(C=C2Cl)Cl)Cl,,20,True,False
4214-79-3,DTXSID1022215,5-Chloro-2-pyridinol,C1=CC(=O)NC=C1Cl,,8,True,False
4253-89-8,DTXSID6022216,Isopropyl disulfide,CC(C)SSC(C)C,,8,True,False
4460-86-0,DTXSID1022217,"2,4,5-Trimethoxybenzaldehyde",COC1=CC(=C(C=C1C=O)OC)OC,,14,True,False
4655-34-9,DTXSID6022218,Isopropyl methacrylate,CC(C)OC(=O)C(=C)C,,9,True,False
4798-44-1,DTXSID1022219,1-Hexen-3-ol,CCCC(C=C)O,,7,True,False
4901-51-3,DTXSID0022220,"2,3,4,5-Tetrachlorophenol",C1=C(C(=C(C(=C1Cl)Cl)Cl)Cl)O,,11,True,False
4916-57-8,DTXSID5022221,"1,2-bis(4-Pyridyl)ethane",C1=CN=CC=C1CCC2=CC=NC=C2,,14,True,False
5217-47-0,DTXSID0022222,"1,3-Diethyl-2-thiobarbituric acid",CCN1C(=O)CC(=O)N(C1=S)CC,,13,True,False
5292-45-5,DTXSID5022223,Dimethyl nitroterephthalate,COC(=O)C1=CC(=C(C=C1)C(=O)OC)[N+](=O)[O-],,17,True,False
5331-91-9,DTXSID0022224,5-Chloro-2-mercaptobenzothiazole,C1=CC2=C(C=C1Cl)NC(=S)S2,,11,True,False
5372-81-6,DTXSID5022225,Dimethyl aminoterephthalate,COC(=O)C1=CC(=C(C=C1)C(=O)OC)N,,15,True,False
5395-75-5,DTXSID0022226,"3,6-Dithiaoctane",CCSCCSCC,,8,True,False
5407-04-5,DTXSID5022227,Dimethylaminopropyl chloride hydrochloride,CN(C)CCCCl.Cl,,8,True,False
5465-65-6,DTXSID0022228,4'-Chloro-3'-nitroacetophenone,CC(=O)C1=CC(=C(C=C1)Cl)[N+](=O)[O-],,13,True,False
5600-21-5,DTXSID5022229,2-Amino-4-chloro-6-methylpyrimidine,CC1=CC(=NC(=N1)N)Cl,,9,True,False
5673-07-4,DTXSID4022230,"2,6-Dimethoxytoluene",CC1=C(C=CC=C1OC)OC,,11,True,False
5683-33-0,DTXSID9022231,2-Dimethylaminopyridine,CN(C)C1=CC=CC=N1,,9,True,False
5813-64-9,DTXSID4022232,"2,2-Dimethyl-1-propylamine",CC(C)(C)CN,,6,True,False
5835-26-7,DTXSID9022233,Isopimaric acid,CC1(CCC2C(=CCC3C2(CCCC3(C)C(=O)O)C)C1)C=C,,22,True,False
5922-60-1,DTXSID4022234,2-Amino-5-chlorobenzonitrile,C1=CC(=C(C=C1Cl)C#N)N,,10,True,False
6175-49-1,DTXSID4022236,2-Dodecanone,CCCCCCCCCCC(=O)C,,13,True,False
6203-18-5,DTXSID9022237,4-Dimethylaminocinnamaldehyde,CN(C)C1=CC=C(C=C1)C=CC=O,,13,True,False
6266-23-5,DTXSID4022238,1-(Carboxymethyl)pyridinium chloride,C1=CC=[N+](C=C1)CC(=O)[O-].Cl,,11,True,False
6284-83-9,DTXSID9022239,"1,3,5-Trichloro-2,4-dinitrobenzene",C1=C(C(=C(C(=C1Cl)[N+](=O)[O-])Cl)[N+](=O)[O-])Cl,,15,True,False
6361-21-3,DTXSID8022240,2-Chloro-5-nitrobenzaldehyde,C1=CC(=C(C=C1[N+](=O)[O-])C=O)Cl,,12,True,False
6575-09-3,DTXSID3022241,2-Chloro-6-methylbenzonitrile,CC1=C(C(=CC=C1)Cl)C#N,,10,True,False
6602-32-0,DTXSID8022242,2-Bromo-3-pyridinol,C1=CC(=C(N=C1)Br)O,,8,True,False
6636-78-8,DTXSID3022243,2-Chloro-3-pyridinol,C1=CC(=C(N=C1)Cl)O,,8,True,False
6921-29-5,DTXSID8022244,Tripropargylamine,C#CCN(CC#C)CC#C,,10,True,False
6948-86-3,DTXSID3022245,"N,N-bis(2,2-Diethoxyethyl)methylamine",CCOC(CN(C)CC(OCC)OCC)OCC,,18,True,False
7209-38-3,DTXSID8022246,"1,4-bis(3-Aminopropyl)piperazine",C1CN(CCN1CCCN)CCCN,,14,True,False
7212-44-4,DTXSID3022247,Nerolidol,CC(=CCCC(=CCCC(C)(C=C)O)C)C,,16,True,False
7250-67-1,DTXSID8022248,1-(2-Chloroethyl)pyrrolidine hydrochloride,C1CCN(C1)CCCl.Cl,,9,True,False
7307-55-3,DTXSID3022249,Undecylamine,CCCCCCCCCCCN,,12,True,False
7383-19-9,DTXSID2022250,1-Heptyn-3-ol,CCCCC(C#C)O,,8,True,False
10031-82-0,DTXSID7022251,p-Ethoxybenzaldehyde,CCOC1=CC=C(C=C1)C=O,,11,True,False
10293-06-8,DTXSID2022252,(1R-endo)-(+)-3-Bromocamphor,CC1(C2CCC1(C(=O)C2Br)C)C,,12,True,False
10453-86-8,DTXSID7022253,Resmethrin,CC(=CC1C(C1(C)C)C(=O)OCC2=COC(=C2)CC3=CC=CC=C3)C,,25,True,False
13071-79-9,DTXSID2022254,Terbufos,CCOP(=S)(OCC)SCSC(C)(C)C,,15,True,False
13209-15-9,DTXSID7022255,"alpha,alpha,alpha',alpha'-Tetrabromo-o-xylene",C1=CC=C(C(=C1)C(Br)Br)C(Br)Br,,12,True,False
13608-87-2,DTXSID2022256,"2',3',4'-Trichloroacetophenone",CC(=O)C1=C(C(=C(C=C1)Cl)Cl)Cl,,12,True,False
13909-73-4,DTXSID7022257,"2',3',4'-Trimethoxyacetophenone",CC(=O)C1=C(C(=C(C=C1)OC)OC)OC,,15,True,False
14064-10-9,DTXSID2022258,Diethyl chloromalonate,CCOC(=O)C(C(=O)OCC)Cl,,12,True,False
14321-27-8,DTXSID7022259,N-Ethylbenzylamine,CCNCC1=CC=CC=C1,,10,True,False
14338-32-0,DTXSID6022260,2-Chloro-1-methylpyridinium iodide,C[N+]1=CC=CC=C1Cl.[I-],,9,True,False
14548-45-9,DTXSID1022261,4-Bromophenyl 3-pyridyl ketone,C1=CC(=CN=C1)C(=O)C2=CC=C(C=C2)Br,,15,True,False
14548-46-0,DTXSID6022262,4-Benzoylpyridine,C1=CC=C(C=C1)C(=O)C2=CC=NC=C2,,14,True,False
15045-43-9,DTXSID1022263,"2,2,5,5-Tetramethyltetrahydrofuran",CC1(CCC(O1)(C)C)C,,9,True,False
15128-82-2,DTXSID6022264,3-Hydroxy-2-nitropyridine,C1=CC(=C(N=C1)[N+](=O)[O-])O,,10,True,False
15972-60-8,DTXSID1022265,Alachlor,CCC1=C(C(=CC=C1)CC)N(COC)C(=O)CCl,,18,True,False
16245-79-7,DTXSID6022266,4-Octylaniline,CCCCCCCCC1=CC=C(C=C1)N,,15,True,False
16752-77-5,DTXSID1022267,Methomyl,CC(=NOC(=O)NC)SC,,10,True,False
16879-02-0,DTXSID6022268,6-Chloro-2-pyridinol,C1=CC(=O)NC(=C1)Cl,,8,True,False
17584-12-2,DTXSID1022269,"3-Amino-5,6-dimethyl-1,2,4-triazine",CC1=C(N=NC(=N1)N)C,,9,True,False
17754-90-4,DTXSID5022271,4-(Diethylamino)salicylaldehyde,CCN(CC)C1=CC(=C(C=C1)C=O)O,,14,True,False
18368-63-3,DTXSID0022272,6-Chloro-2-picoline,CC1=NC(=CC=C1)Cl,,8,True,False
19549-98-5,DTXSID5022273,"3,6-Dimethyl-1-heptyn-3-ol",CC(C)CCC(C)(C#C)O,,10,True,False
20662-84-4,DTXSID0022274,"2,4,5-Trimethyloxazole",CC1=C(OC(=N1)C)C,,8,True,False
22104-62-7,DTXSID5022275,4-Dimethylamino-3-methyl-2-butanone,CC(CN(C)C)C(=O)C,,9,True,False
22726-00-7,DTXSID5022277,3-Bromobenzamide,C1=CC(=CC(=C1)Br)C(=O)N,,10,True,False
24544-04-5,DTXSID5022279,"2,6-Diisopropylaniline",CC(C)C1=C(C(=CC=C1)C(C)C)N,,13,True,False
29553-26-2,DTXSID9022283,"2-Methyl-3,3,4,4-tetrafluoro-2-butanol",CC(C)(C(C(F)F)(F)F)O,,10,True,True
13952-84-6,DTXSID4022284,2-Butanamine,CCC(C)N,,5,True,False
34274-04-9,DTXSID9022285,"N-(3-Methoxypropyl)-3,4,5-trimethoxybenzylamine",COCCCNCC1=CC(=C(C(=C1)OC)OC)OC,,19,True,False
37529-30-9,DTXSID9022287,4-Decylaniline,CCCCCCCCCCC1=CC=C(C=C1)N,,17,True,False
39905-57-2,DTXSID4022288,4-Hexyloxyaniline,CCCCCCOC1=CC=C(C=C1)N,,14,True,False
42087-80-9,DTXSID9022289,Methyl 4-chloro-2-nitrobenzoate,COC(=O)C1=C(C=C(C=C1)Cl)[N+](=O)[O-],,14,True,False
42454-06-8,DTXSID8022290,5-Hydroxy-2-nitrobenzaldehyde,C1=CC(=C(C=C1O)C=O)[N+](=O)[O-],,12,True,False
52645-53-1,DTXSID8022292,Permethrin,CC1(C(C1C(=O)OCC2=CC(=CC=C2)OC3=CC=CC=C3)C=C(Cl)Cl)C,,26,True,False
56108-12-4,DTXSID3022295,p-(tert-Butyl)benzamide,CC(C)(C)C1=CC=C(C=C1)C(=O)N,,13,True,False
2028-63-9,DTXSID3022297,(+/-)-3-Butyn-2-ol,CC(C#C)O,,5,True,False
69723-94-0,DTXSID3022299,1-Benzylpyridinium 3-sulfonate,C1=CC=C(C=C1)C[N+]2=CC=CC(=C2)S(=O)(=O)[O-],,17,True,False
69770-23-6,DTXSID5022300,3-(4-tert-Butylphenoxy)benzaldehyde,CC(C)(C)C1=CC=C(C=C1)OC2=CC=CC(=C2)C=O,,19,True,False
70124-77-5,DTXSID0022301,Flucythrinate,CC(C)C(C1=CC=C(C=C1)OC(F)F)C(=O)OC(C#N)C2=CC(=CC=C2)OC3=CC=CC=C3,,33,True,False
79124-76-8,DTXSID0022303,"3-(3,4-Dichlorophenoxy)benzaldehyde",C1=CC(=CC(=C1)OC2=CC(=C(C=C2)Cl)Cl)C=O,,17,True,False
446-72-0,DTXSID5022308,Genistein,C1=CC(=CC=C1C2=COC3=CC(=CC(=C3C2=O)O)O)O,,20,True,False
1806-26-4,DTXSID9022312,4-Octylphenol,CCCCCCCCC1=CC=C(C=C1)O,,15,True,False
3424-82-6,DTXSID4022313,"o,p'-DDE",C1=CC=C(C(=C1)C(=C(Cl)Cl)C2=CC=C(C=C2)Cl)Cl,,18,True,False
89-72-5,DTXSID2022331,2-(Butan-2-yl)phenol,CCC(C)C1=CC=CC=C1O,,11,True,False
99-71-8,DTXSID7022332,4-(Butan-2-yl)phenol,CCC(C)C1=CC=C(C=C1)O,,11,True,False
1610-18-0,DTXSID6022341,Prometon,CC(C)NC1=NC(=NC(=N1)OC)NC(C)C,,16,True,False
789-02-6,DTXSID6022345,"o,p'-DDT",C1=CC=C(C(=C1)C(C2=CC=C(C=C2)Cl)C(Cl)(Cl)Cl)Cl,,19,True,False
92-04-6,DTXSID0022353,2-Chloro-4-phenylphenol,C1=CC=C(C=C1)C2=C(C=C(C=C2)O)Cl,,14,True,False
140-66-9,DTXSID9022360,"4-(1,1,3,3-Tetramethylbutyl)phenol",CC(C)(C)CC(C)(C)C1=CC=C(C=C1)O,,15,True,False
50471-44-8,DTXSID4022361,Vinclozolin,CC1(C(=O)N(C(=O)O1)C2=CC(=CC(=C2)Cl)Cl)C=C,,18,True,False
521-18-6,DTXSID9022364,5alpha-Dihydrotestosterone,CC12CCC(=O)CC1CCC3C2CCC4(C3CCC4O)C,,21,True,False
53-16-7,DTXSID4022367,Estrone,CC12CCC3C(C1CCC2=O)CCC4=C3C=CC(=C4)O,,20,True,False
129453-61-8,DTXSID4022369,Fulvestrant,CC12CCC3C(C1CCC2O)C(CC4=C3C=CC(=C4)O)CCCCCCCCCS(=O)CCCC(C(F)(F)F)(F)F,,41,True,True
57-83-0,DTXSID3022370,Progesterone,CC(=O)C1CCC2C1(CCC3C2CCC4=CC(=O)CCC34C)C,,23,True,False
58-22-0,DTXSID8022371,Testosterone,CC12CCC3C(C1CCC2O)CCC4=CC(=O)CCC34C,,21,True,False
362-05-0,DTXSID3022372,2-Hydroxy-estradiol,CC12CCC3C(C1CCC2O)CCC4=CC(=C(C=C34)O)O,,21,True,False
5976-61-4,DTXSID3022374,4-Hydroxy-estradiol,CC12CCC3C(C1CCC2O)CCC4=C3C=CC(=C4O)O,,21,True,False
84-17-3,DTXSID7022382,Dienestrol,CC=C(C1=CC=C(C=C1)O)C(=CC)C2=CC=C(C=C2)O,,20,True,False
480-41-1,DTXSID1022392,Naringenin,C1C(OC2=CC(=CC(=C2C1=O)O)O)C3=CC=C(C=C3)O,,20,True,False
60-82-2,DTXSID6022393,Phloretin,C1=CC(=CC=C1CCC(=O)C2=C(C=C(C=C2O)O)O)O,,20,True,False
57-88-5,DTXSID3022401,Cholesterol,CC(C)CCCC(C)C1CCC2C1(CCC3C2CC=C4C3(CCC(C4)O)C)C,,28,True,False
131-53-3,DTXSID3022403,"2,2'-Dihydroxy-4-methoxybenzophenone",COC1=CC(=C(C=C1)C(=O)C2=CC=CC=C2O)O,,18,True,False
131-57-7,DTXSID3022405,2-Hydroxy-4-methoxybenzophenone,COC1=CC(=C(C=C1)C(=O)C2=CC=CC=C2)O,,17,True,False
131-56-6,DTXSID8022406,"2,4-Dihydroxybenzophenone",C1=CC=C(C=C1)C(=O)C2=C(C=C(C=C2)O)O,,16,True,False
143-74-8,DTXSID8022408,Phenol red,C1=CC=C2C(=C1)C(OS2(=O)=O)(C3=CC=C(C=C3)O)C4=CC=C(C=C4)O,,25,True,False
80-09-1,DTXSID3022409,"4,4'-Sulfonyldiphenol",C1=CC(=CC=C1O)S(=O)(=O)C2=CC=C(C=C2)O,,17,True,False
575-43-9,DTXSID7022415,"1,6-Dimethylnaphthalene",CC1=CC2=CC=CC(=C2C=C1)C,,12,True,False
94-25-7,DTXSID7022417,Butyl 4-aminobenzoate,CCCCOC(=O)C1=CC=C(C=C1)N,,14,True,False
52-39-1,DTXSID7022419,Aldosterone,CC12CCC(=O)C=C1CCC3C2C(CC4(C3CCC4C(=O)CO)C=O)O,,26,True,False
218-01-9,DTXSID0022432,Chrysene,C1=CC=C2C(=C1)C=CC3=C2C=CC4=CC=CC=C43,,18,True,False
2467-02-9,DTXSID4022446,Bisphenol F,C1=CC=C(C(=C1)CC2=CC=CC=C2O)O,,15,True,False
51218-45-2,DTXSID4022448,Metolachlor,CCC1=CC=CC(=C1N(C(C)COC)C(=O)CCl)C,,19,True,False
131-11-3,DTXSID3022455,Dimethyl phthalate,COC(=O)C1=CC=CC=C1C(=O)OC,,14,True,False
104-51-8,DTXSID6022472,Butylbenzene,CCCCC1=CC=CC=C1,,10,True,False
28463-03-8,DTXSID0022482,Monohydroxymethoxychlor,COC1=CC=C(C=C1)C(C2=CC=C(C=C2)O)C(Cl)(Cl)Cl,,20,True,False
7773-34-4,DTXSID4022494,Diethylstilbestrol dimethyl ether,CCC(=C(CC)C1=CC=C(C=C1)OC)C2=CC=C(C=C2)OC,,22,True,False
104-43-8,DTXSID1022508,4-Dodecylphenol,CCCCCCCCCCCCC1=CC=C(C=C1)O,,19,True,False
1570-64-5,DTXSID5022510,4-Chloro-2-methylphenol,CC1=C(C=CC(=C1)Cl)O,,9,True,False
34883-43-7,DTXSID0022511,"2,4'-Dichlorobiphenyl",C1=CC=C(C(=C1)C2=CC=C(C=C2)Cl)Cl,,14,True,False
2437-79-8,DTXSID0022513,"2,2',4,4'-Tetrachlorobiphenyl",C1=CC(=C(C=C1Cl)Cl)C2=C(C=C(C=C2)Cl)Cl,,16,True,False
32598-13-3,DTXSID5022514,"3,3',4,4'-Tetrachlorobinphenyl",C1=CC(=C(C=C1C2=CC(=C(C=C2)Cl)Cl)Cl)Cl,,16,True,False
2050-68-2,DTXSID0022515,"4,4'-Dichlorobiphenyl",C1=CC(=CC=C1C2=CC=C(C=C2)Cl)Cl,,14,True,False
84-69-5,DTXSID9022522,Diisobutyl phthalate,CC(C)COC(=O)C1=CC=CC=C1C(=O)OCC(C)C,,20,True,False
94-18-8,DTXSID9022526,Benzylparaben,C1=CC=C(C=C1)COC(=O)C2=CC=C(C=C2)O,,17,True,False
94-13-3,DTXSID4022527,Propylparaben,CCCOC(=O)C1=CC=C(C=C1)O,,13,True,False
120-47-8,DTXSID9022528,Ethylparaben,CCOC(=O)C1=CC=C(C=C1)O,,12,True,False
99-76-3,DTXSID4022529,Methylparaben,COC(=O)C1=CC=C(C=C1)O,,11,True,False
103-84-4,DTXSID2022543,Acetanilide,CC(=O)NC1=CC=CC=C1,,10,True,False
58-61-7,DTXSID1022558,Adenosine,C1=NC(=C2C(=N1)N(C=N2)C3C(C(C(O3)CO)O)O)N,,19,True,False
54965-21-8,DTXSID0022563,Albendazole,CCCSC1=CC2=C(C=C1)N=C(N2)NC(=O)OC,,18,True,False
125-84-8,DTXSID8022589,Aminoglutethimide,CCC1(CCC(=O)NC1=O)C2=CC=C(C=C2)N,,17,True,False
50-48-6,DTXSID7022594,Amitriptyline,CN(C)CCC=C1C2=CC=CC=C2CCC3=CC=CC=C31,,21,True,False
69-53-4,DTXSID4022602,Ampicillin,CC1(C(N2C(S1)C(C2=O)NC(=O)C(C3=CC=CC=C3)N)C(=O)O)C,,24,True,False
120511-73-1,DTXSID9022607,Anastrozole,CC(C)(C#N)C1=CC(=CC(=C1)CN2C=NC=N2)C(C)(C)C#N,,22,True,False
83-89-6,DTXSID7022627,Atabrine,CCN(CC)CCCC(C)NC1=C2C=C(C=CC2=NC3=C1C=CC(=C3)Cl)OC,,28,True,False
29122-68-7,DTXSID2022628,Atenolol,CC(C)NCC(COC1=CC=C(C=C1)CC(=O)N)O,,19,True,False
57-44-3,DTXSID5022643,Barbital,CCC1(C(=O)NC(=O)NC1=O)CC,,13,True,False
2152-44-5,DTXSID7022673,Betamethasone valerate,CCCCC(=O)OC1(C(CC2C1(CC(C3(C2CCC4=CC(=O)C=CC43C)F)O)C)C)C(=O)CO,,34,True,False
58-85-5,DTXSID7022679,Biotin,C1C2C(C(S1)CCCCC(=O)O)NC(=O)N2,,16,True,False
298-46-4,DTXSID4022731,Carbamazepine,C1=CC=C2C(=C1)C=CC3=CC=CC=C3N2C(=O)N,,18,True,False
169590-42-5,DTXSID0022777,Celecoxib,CC1=CC=C(C=C1)C2=CC(=NN2C3=CC=C(C=C3)S(=O)(=O)N)C(F)(F)F,,26,True,True
50-53-3,DTXSID0022808,Chlorpromazine,CN(C)CCCN1C2=CC=CC=C2SC3=C1C=C(C=C3)Cl,,21,True,False
57-62-5,DTXSID9022811,Chlortetracycline,CC1(C2CC3C(C(=O)C(=C(C3(C(=O)C2=C(C4=C(C=CC(=C41)Cl)O)O)O)O)C(=O)N)N(C)C)O,,33,True,False
77-36-1,DTXSID4022812,Chlorthalidone,C1=CC=C2C(=C1)C(=O)NC2(C3=CC(=C(C=C3)Cl)S(=O)(=O)N)O,,22,True,False
632-69-9,DTXSID4022814,Rose bengal sodium,C1=C2C(=C(C(=C1I)[O-])I)OC3=C(C(=C(C=C3C24C5=C(C(=C(C(=C5Cl)Cl)Cl)Cl)C(=O)O4)I)[O-])I.[Na+].[Na+],,35,True,False
573-58-0,DTXSID4022816,C.I. Direct Red 28,C1=CC=C2C(=C1)C(=CC(=C2N)N=NC3=CC=C(C=C3)C4=CC=C(C=C4)N=NC5=C(C6=CC=CC=C6C(=C5)S(=O)(=O)[O-])N)S(=O)(=O)[O-].[Na+].[Na+],,48,True,False
85721-33-1,DTXSID8022824,Ciprofloxacin,C1CC1N2C=C(C(=O)C3=CC(=C(C=C32)N4CCNCC4)F)C(=O)O,,24,True,False
59729-33-8,DTXSID8022826,Citalopram,CN(C)CCCC1(C2=C(CO1)C=C(C=C2)C#N)C3=CC=C(C=C3)F,,24,True,False
81103-11-9,DTXSID3022829,Clarithromycin,CCC1C(C(C(C(=O)C(CC(C(C(C(C(C(=O)O1)C)OC2CC(C(C(O2)C)O)(C)OC)C)OC3C(C(CC(O3)C)N(C)C)O)(C)OC)C)C)O)(C)O,,52,True,False
130-26-7,DTXSID7022837,Clioquinol,C1=CC2=C(C(=C(C=C2Cl)I)O)N=C1,,13,True,False
61-72-3,DTXSID5022853,Cloxacillin,CC1=C(C(=NO1)C2=CC=CC=C2Cl)C(=O)NC3C4N(C3=O)C(C(S4)(C)C)C(=O)O,,29,True,False
5786-21-0,DTXSID5022855,Clozapine,CN1CCN(CC1)C2=NC3=C(C=CC(=C3)Cl)NC4=CC=CC=C42,,23,True,False
50-04-4,DTXSID0022858,Cortisone acetate,CC(=O)OCC(=O)C1(CCC2C1(CC(=O)C3C2CCC4=CC(=O)CCC34C)C)O,,29,True,False
541-22-0,DTXSID2022886,Decamethonium bromide,C[N+](C)(C)CCCCCCCCCC[N+](C)(C)C.[Br-].[Br-],,20,True,False
1177-87-3,DTXSID8022901,Dexamethasone acetate,CC1CC2C3CCC4=CC(=O)C=CC4(C3(C(CC2(C1(C(=O)COC(=O)C)O)C)O)F)C,,31,True,False
50-99-7,DTXSID7022910,D-Glucose,C(C(C(C(C(C=O)O)O)O)O)O,,12,True,False
15307-86-5,DTXSID6022923,Diclofenac,C1=CC=C(C(=C1)CC(=O)O)NC2=C(C=CC=C2Cl)Cl,,19,True,False
20830-75-5,DTXSID5022934,Digoxin,CC1C(C(CC(O1)OC2C(OC(CC2O)OC3C(OC(CC3O)OC4CCC5(C(C4)CCC6C5CC(C7(C6(CCC7C8=CC(=O)OC8)O)C)O)C)C)C)O)O,,55,True,False
128-46-1,DTXSID0022937,Dihydrostreptomycin,CC1C(C(C(O1)OC2C(C(C(C(C2O)O)N=C(N)N)O)N=C(N)N)OC3C(C(C(C(O3)CO)O)O)NC)(CO)O,,40,True,False
42399-41-7,DTXSID9022940,Diltiazem,CC(=O)OC1C(SC2=CC=CC=C2N(C1=O)CCN(C)C)C3=CC=C(C=C3)OC,,29,True,False
908-54-3,DTXSID4022945,Diminazene diaceturate,CC(=O)NCC(=O)O.CC(=O)NCC(=O)O.C1=CC(=CC=C1C(=N)N)NN=NC2=CC=C(C=C2)C(=N)N,,37,True,False
363-24-6,DTXSID4022947,Dinoprostone,CCCCCC(C=CC1C(CC(=O)C1CC=CCCCC(=O)O)O)O,,25,True,False
58-73-1,DTXSID4022949,Diphenhydramine,CN(C)CCOC(C1=CC=CC=C1)C2=CC=CC=C2,,19,True,False
148-18-5,DTXSID3022956,Sodium diethyldithiocarbamate,CCN(CC)C(=S)[S-].[Na+],,9,True,False
577-11-7,DTXSID8022959,Docusate sodium,CCCCC(CC)COC(=O)CC(C(=O)OCC(CC)CCCC)S(=O)(=O)[O-].[Na+],,29,True,False
60-00-4,DTXSID6022977,Ethylenediaminetetraacetic acid,C(CN(CC(=O)O)CC(=O)O)N(CC(=O)O)CC(=O)O,,20,True,False
114-07-8,DTXSID4022991,Erythromycin,CCC1C(C(C(C(=O)C(CC(C(C(C(C(C(=O)O1)C)OC2CC(C(C(O2)C)O)(C)OC)C)OC3C(C(CC(O3)C)N(C)C)O)(C)O)C)C)O)(C)O,,51,True,False
33125-97-2,DTXSID5023033,Etomidate,CCOC(=O)C1=CN=CN1C(C)C2=CC=CC=C2,,18,True,False
33419-42-0,DTXSID5023035,Etoposide,CC1OCC2C(O1)C(C(C(O2)OC3C4COC(=O)C4C(C5=CC6=C(C=C35)OCO6)C7=CC(=C(C(=C7)OC)O)OC)O)O,,42,True,False
31430-15-6,DTXSID8023058,Flubendazole,COC(=O)NC1=NC2=C(N1)C=C(C=C2)C(=O)C3=CC=C(C=C3)F,,23,True,False
54910-89-3,DTXSID7023067,(+/-) -Fluoxetine,CNCCC(C1=CC=CC=C1)OC2=CC=C(C=C2)C(F)(F)F,,22,True,True
90-05-1,DTXSID0023113,2-Methoxyphenol,COC1=CC=CC=C1O,,9,True,False
113-00-8,DTXSID0023117,Guanidine,C(=N)(N)N,,4,True,False
56-29-1,DTXSID9023122,Hexobarbital,CC1(C(=O)NC(=O)N(C1=O)C)C2=CCCCC2,,17,True,False
71-00-1,DTXSID9023126,Histidine,C1=C(NC=N1)CC(C(=O)O)N,,11,True,False
87-89-8,DTXSID7023146,myo-Inositol,C1(C(C(C(C(C1O)O)O)O)O)O,,12,True,False
83-73-8,DTXSID6023155,Iodoquinol,C1=CC2=C(C(=C(C=C2I)I)O)N=C1,,13,True,False
50-21-5,DTXSID7023192,Lactic acid,CC(C(=O)O)O,,6,True,False
112809-51-5,DTXSID4023202,Letrozole,C1=CC(=CC=C1C#N)C(C2=CC=C(C=C2)C#N)N3C=NC=N3,,22,True,False
14769-73-4,DTXSID4023206,Levamisole,C1CSC2=NC(CN21)C3=CC=CC=C3,,14,True,False
59-92-7,DTXSID9023209,L-Dopa,C1=CC(=C(C=C1CC(C(=O)O)N)O)O,,14,True,False
51-48-9,DTXSID8023214,Levothyroxine,C1=C(C=C(C(=C1I)OC2=CC(=C(C(=C2)I)O)I)I)CC(C(=O)O)N,,24,True,False
154-21-2,DTXSID3023215,Lincomycin,CCCC1CC(N(C1)C)C(=O)NC(C2C(C(C(C(O2)SC)O)O)O)C(C)O,,27,True,False
6893-02-3,DTXSID8023216,"3,5,3'-Triiodothyronine",C1=CC(=C(C=C1OC2=C(C=C(C=C2I)CC(C(=O)O)N)I)I)O,,23,True,False
61-68-7,DTXSID5023243,Mefenamic acid,CC1=C(C(=CC=C1)NC2=CC=CC=C2C(=O)O)C,,18,True,False
6284-40-8,DTXSID0023244,Meglumine,CNCC(C(C(C(CO)O)O)O)O,,13,True,False
657-24-9,DTXSID2023270,Metformin,CN(C)C(=N)N=C(N)N,,9,True,False
61-73-4,DTXSID0023296,Methylene blue,CN(C)C1=CC2=C(C=C1)N=C3C=CC(=[N+](C)C)C=C3S2.[Cl-],,21,True,False
51384-51-1,DTXSID2023309,Metoprolol,CC(C)NCC(COC1=CC=C(C=C1)CCOC)O,,19,True,False
54-36-4,DTXSID1023314,Metyrapone,CC(C)(C1=CN=CC=C1)C(=O)C2=CN=CC=C2,,17,True,False
57-27-2,DTXSID9023336,Morphine,CN1CCC23C4C1CC5=C2C(=C(C=C5)O)OC3C(C=C4)O,,21,True,False
42200-33-9,DTXSID3023342,Nadolol,CC(C)(C)NCC(COC1=CC=CC2=C1CC(C(C2)O)O)O,,22,True,False
68-22-4,DTXSID9023380,Norethindrone,CC12CCC3C(C1CCC2(C#C)O)CCC4=CC(=O)CCC34,,22,True,False
7542-37-2,DTXSID8023424,Paromomycin,C1C(C(C(C(C1N)OC2C(C(C(C(O2)CO)O)O)N)OC3C(C(C(O3)CO)OC4C(C(C(C(O4)CN)O)O)N)O)O)N,,42,True,False
61869-08-7,DTXSID3023425,Paroxetine,C1CNCC(C1C2=CC=C(C=C2)F)COC3=CC4=C(C=C3)OCO4,,24,True,False
70-70-2,DTXSID8023426,Paroxypropione,CCC(=O)C1=CC=C(C=C1)O,,11,True,False
67-43-6,DTXSID2023434,Pentetic acid,C(CN(CC(=O)O)CC(=O)O)N(CCN(CC(=O)O)CC(=O)O)CC(=O)O,,27,True,False
76-74-4,DTXSID7023435,Pentobarbital,CCCC(C)C1(C(=O)NC(=O)NC1=O)CC,,16,True,False
59-42-7,DTXSID9023465,Phenylephrine,CNCC(C1=CC(=CC=C1)O)O,,12,True,False
57-47-6,DTXSID3023471,Physostigmine,CC12CCN(C1N(C3=C2C=C(C=C3)OC(=O)NC)C)C,,20,True,False
525-66-6,DTXSID6023525,Propranolol,CC(C)NCC(COC1=CC=CC2=CC=CC=C21)O,,19,True,False
68-26-8,DTXSID3023556,Retinol,CC1=C(C(CCC1)(C)C)C=CC(=CC=CC(=CCO)C)C,,21,True,False
79617-96-2,DTXSID6023577,Sertraline,CNC1CCC(C2=CC=CC=C12)C3=CC(=C(C=C3)Cl)Cl,,20,True,False
79902-63-9,DTXSID0023581,Simvastatin,CCC(C)(C)C(=O)OC1CC(C=C2C1C(C(C=C2)C)CCC3CC(CC(=O)O3)O)C,,30,True,False
57-92-1,DTXSID4023597,Streptomycin A,CC1C(C(C(O1)OC2C(C(C(C(C2O)O)N=C(N)N)O)N=C(N)N)OC3C(C(C(C(O3)CO)O)O)NC)(C=O)O,,40,True,False
57-24-9,DTXSID6023600,Strychnine,C1CN2CC3=CCOC4CC(=O)N5C6C4C3CC2C61C7=CC=CC=C75,,25,True,False
110-15-6,DTXSID6023602,Butanedioic acid,C(CC(=O)O)C(=O)O,,8,True,False
122-11-2,DTXSID1023607,Sulfadimethoxine,COC1=NC(=NC(=C1)NS(=O)(=O)C2=CC=C(C=C2)N)OC,,21,True,False
57-67-0,DTXSID1023609,Sulfaguanidine,C1=CC(=CC=C1N)S(=O)(=O)N=C(N)N,,14,True,False
80-35-3,DTXSID5023611,Sulfamethoxypyridazine,COC1=NN=C(C=C1)NS(=O)(=O)C2=CC=C(C=C2)N,,19,True,False
127-79-7,DTXSID0023612,Sulfamerazine,CC1=NC(=NC=C1)NS(=O)(=O)C2=CC=C(C=C2)N,,18,True,False
144-82-1,DTXSID5023615,Sulfamethizole,CC1=NN=C(S1)NS(=O)(=O)C2=CC=C(C=C2)N,,17,True,False
80-53-5,DTXSID7023643,Terpin,CC1(CCC(CC1)C(C)(C)O)O,,12,True,False
60-54-8,DTXSID7023645,Tetracycline,CC1(C2CC3C(C(=O)C(=C(C3(C(=O)C2=C(C4=C1C=CC=C4O)O)O)O)C(=O)N)N(C)C)O,,32,True,False
50-89-5,DTXSID5023661,Thymidine,CC1=CN(C(=O)NC1=O)C2CC(C(O2)CO)O,,17,True,False
36282-47-0,DTXSID7023691,Tramadol hydrochloride,CN(C)CC1CCCCC1(C2=CC(=CC=C2)OC)O.Cl,,20,True,False
133-67-5,DTXSID7023699,Trichlormethiazide,C1=C2C(=CC(=C1Cl)S(=O)(=O)N)S(=O)(=O)NC(N2)C(Cl)Cl,,20,True,False
306-52-5,DTXSID9023700,Triclofos,C(C(Cl)(Cl)Cl)OP(=O)(O)O,,10,True,False
112-24-3,DTXSID9023702,Triethylenetetramine,C(CNCCNCCN)N,,10,True,False
738-70-5,DTXSID3023712,Trimethoprim,COC1=CC(=CC(=C1OC)OC)CC2=CN=C(N=C2N)N,,21,True,False
77-86-1,DTXSID2023723,Tromethamine,C(C(CO)(CO)N)O,,8,True,False
99-66-1,DTXSID6023733,Valproic acid,CCCC(CCC)C(=O)O,,10,True,False
137862-53-4,DTXSID6023735,Valsartan,CCCCC(=O)N(CC1=CC=C(C=C1)C2=CC=CC=C2C3=NNN=N3)C(C(C)C)C(=O)O,,32,True,False
93413-69-5,DTXSID6023737,Venlafaxine,CN(C)CC(C1=CC=C(C=C1)OC)C2(CCCCC2)O,,20,True,False
81-81-2,DTXSID5023742,Warfarin,CC(=O)CC(C1=CC=CC=C1)C2=C(C3=CC=CC=C3OC2=O)O,,23,True,False
192-97-2,DTXSID3023764,Benzo(e)pyrene,C1=CC=C2C(=C1)C3=CC=CC4=C3C5=C(C=CC=C25)C=C4,,20,True,False
554-13-2,DTXSID1023784,Lithium carbonate,[Li+].[Li+].C(=O)([O-])[O-],,6,True,False
7786-81-4,DTXSID6023787,Nickel sulfate,[O-]S(=O)(=O)[O-].[Ni+2],,6,True,False
99-99-0,DTXSID5023792,4-Nitrotoluene,CC1=CC=C(C=C1)[N+](=O)[O-],,10,True,False
1314-62-1,DTXSID2023806,Vanadium pentoxide,O.O.O.O.O.[V].[V],,7,True,False
121-54-0,DTXSID6023810,Benzethonium chloride,CC(C)(C)CC(C)(C)C1=CC=C(C=C1)OCCOCC[N+](C)(C)CC2=CC=CC=C2.[Cl-],,31,True,False
631-64-1,DTXSID1023815,Dibromoacetic acid,C(C(=O)O)(Br)Br,,6,True,False
7789-38-0,DTXSID9023837,Sodium bromate,[O-]Br(=O)=O.[Na+],,5,True,False
10599-90-3,DTXSID8023842,Chloramine,NCl,,2,True,False
30560-19-1,DTXSID8023846,Acephate,CC(=O)NP(=O)(OC)SC,,10,True,False
34256-82-1,DTXSID8023848,Acetochlor,CCC1=CC=CC(=C1N(COCC)C(=O)CCl)C,,18,True,False
75-36-5,DTXSID2023852,Acetyl chloride,CC(=O)Cl,,4,True,False
62476-59-9,DTXSID7023853,Acifluorfen-sodium,C1=CC(=C(C=C1C(F)(F)F)Cl)OC2=CC(=C(C=C2)[N+](=O)[O-])C(=O)[O-].[Na+],,25,True,True
1646-88-4,DTXSID6023862,Aldoxycarb,CC(C)(C=NOC(=O)NC)S(=O)(=O)C,,14,True,False
74223-64-6,DTXSID6023864,Metsulfuron-methyl,CC1=NC(=NC(=N1)OC)NC(=O)NS(=O)(=O)C2=CC=CC=C2C(=O)OC,,26,True,False
20859-73-8,DTXSID1023867,Aluminum phosphide,[Al+3].[P-3],,2,True,False
67485-29-4,DTXSID6023868,Hydramethylnon,CC1(CNC(=NC1)NN=C(C=CC2=CC=C(C=C2)C(F)(F)F)C=CC3=CC=C(C=C3)C(F)(F)F)C,,35,True,True
834-12-8,DTXSID1023869,Ametryn,CCNC1=NC(=NC(=N1)SC)NC(C)C,,15,True,False
504-24-5,DTXSID0023870,4-Aminopyridine,C1=CN=CC=C1N,,7,True,False
33089-61-1,DTXSID5023871,Amitraz,CC1=CC(=C(C=C1)N=CN(C)C=NC2=C(C=C(C=C2)C)C)C,,22,True,False
7664-41-7,DTXSID0023872,Ammonia,N,,1,True,False
631-61-8,DTXSID5023873,Ammonium acetate,CC(=O)O.N,,5,True,False
7773-06-0,DTXSID5023875,Ammonium sulfamate,N.NS(=O)(=O)O,,6,True,False
90-04-0,DTXSID5023877,2-Anisidine,COC1=CC=CC=C1N,,9,True,False
120-12-7,DTXSID0023878,Anthracene,C1=CC=C2C=C3C=CC=CC3=CC2=C1,,14,True,False
7440-36-0,DTXSID5023879,Antimony,[Sb],,1,True,False
1309-64-4,DTXSID4023880,Antimony trioxide,O.O.O.[Sb].[Sb],,5,True,False
74115-24-5,DTXSID9023881,Clofentezine,C1=CC=C(C(=C1)C2=NN=C(N=N2)C3=CC=CC=C3Cl)Cl,,20,True,False
7440-38-2,DTXSID4023886,Arsenic,[As],,1,True,False
76578-14-8,DTXSID9023889,Quizalofop-ethyl,CCOC(=O)C(C)OC1=CC=C(C=C1)OC2=CN=C3C=C(C=CC3=N2)Cl,,26,True,False
3337-71-1,DTXSID8023890,Asulam,COC(=O)NS(=O)(=O)C1=CC=C(C=C1)N,,15,True,False
43121-43-3,DTXSID3023897,Triadimefon,CC(C)(C)C(=O)C(N1C=NC=N1)OC2=CC=C(C=C2)Cl,,20,True,False
1861-40-1,DTXSID3023899,Benfluralin,CCCCN(CC)C1=C(C=C(C=C1[N+](=O)[O-])C(F)(F)F)[N+](=O)[O-],,23,True,True
17804-35-2,DTXSID5023900,Benomyl,CCCCNC(=O)N1C2=CC=CC=C2N=C1NC(=O)OC,,21,True,False
25057-89-0,DTXSID0023901,Bentazone,CC(C)N1C(=O)C2=CC=CC=C2NS1(=O)=O,,16,True,False
56-55-3,DTXSID5023902,Benz(a)anthracene,C1=CC=C2C(=C1)C=CC3=CC4=CC=CC=C4C=C32,,18,True,False
205-99-2,DTXSID0023907,Benzo(b)fluoranthene,C1=CC=C2C3=C4C(=CC=C3)C5=CC=CC=C5C4=CC2=C1,,20,True,False
191-24-2,DTXSID5023908,"Benzo(g,h,i)perylene",C1=CC2=C3C(=C1)C4=CC=CC5=C4C6=C(C=C5)C=CC(=C36)C=C2,,22,True,False
207-08-9,DTXSID0023909,Benzo(k)fluoranthene,C1=CC=C2C=C3C4=CC=CC5=C4C(=CC=C5)C3=CC2=C1,,20,True,False
141-66-2,DTXSID9023914,Dicrotophos,CC(=CC(=O)N(C)C)OP(=O)(OC)OC,,15,True,False
111-91-1,DTXSID4023917,Bis(2-chloroethoxy)methane,C(CCl)OCOCCCl,,9,True,False
101-55-3,DTXSID8023927,p-Bromodiphenyl ether,C1=CC=C(C=C1)OC2=CC=C(C=C2)Br,,14,True,False
1689-99-2,DTXSID7023932,Bromoxynil octanoate,CCCCCCCC(=O)OC1=C(C=C(C=C1Br)C#N)Br,,20,True,False
2008-41-5,DTXSID7023936,Butylate,CCSC(=O)N(CC(C)C)CC(C)C,,14,True,False
507-20-0,DTXSID2023937,t-Butylchloride,CC(C)(C)Cl,,5,True,False
85-70-1,DTXSID7023938,Butylphthalyl butylglycolate,CCCCOC(=O)COC(=O)C1=CC=CC=C1C(=O)OCCCC,,24,True,False
7440-43-9,DTXSID1023940,Cadmium,[Cd],,1,True,False
75-15-0,DTXSID6023947,Carbon disulfide,C(=S)=S,,3,True,False
55285-14-8,DTXSID5023950,Carbosulfan,CCCCN(CCCC)SN(C)C(=O)OC1=CC=CC2=C1OC(C2)(C)C,,26,True,False
5234-68-4,DTXSID0023951,Carboxin,CC1=C(SCCO1)C(=O)NC2=CC=CC=C2,,16,True,False
90982-32-4,DTXSID0023955,Chlorimuron-ethyl,CCOC(=O)C1=CC=CC=C1S(=O)(=O)NC(=O)NC2=NC(=CC(=N2)Cl)OC,,27,True,False
10049-04-4,DTXSID5023958,Chlorine dioxide,O=Cl[O],,3,True,False
78-86-4,DTXSID9023966,2-Chlorobutane,CCC(C)Cl,,5,True,False
95-49-8,DTXSID8023977,2-Chlorotoluene,CC1=CC=CC=C1Cl,,8,True,False
64902-72-3,DTXSID7023980,Chlorsulfuron,CC1=NC(=NC(=N1)OC)NC(=O)NS(=O)(=O)C2=CC=CC=C2Cl,,23,True,False
16065-83-1,DTXSID2023981,Chromium (III),[Cr+3],,1,True,False
18540-29-9,DTXSID7023982,Chromium (VI) ion,[Cr+6],,1,True,False
544-92-3,DTXSID7023986,Copper cyanide,[C-]#N.[Cu+],,3,True,False
21725-46-2,DTXSID1023990,Cyanazine,CCNC1=NC(=NC(=N1)Cl)NC(C)(C)C#N,,16,True,False
57-12-5,DTXSID6023991,Cyanide,[C-]#N,,2,True,False
108-91-8,DTXSID1023996,Cyclohexylamine,C1CCC(CC1)N,,7,True,False
52315-07-8,DTXSID1023998,Cypermethrin,CC1(C(C1C(=O)OC(C#N)C2=CC(=CC=C2)OC3=CC=CC=C3)C=C(Cl)Cl)C,,28,True,False
66215-27-8,DTXSID6023999,Cyromazine,C1CC1NC2=NC(=NC(=N2)N)N,,12,True,False
1861-32-1,DTXSID0024000,Chlorthal-dimethyl,COC(=O)C1=C(C(=C(C(=C1Cl)Cl)C(=O)OC)Cl)Cl,,18,True,False
127-20-8,DTXSID5024001,Dalapon-sodium,CC(C(=O)[O-])(Cl)Cl.[Na+],,8,True,False
39515-41-8,DTXSID0024002,Fenpropathrin,CC1(C(C1(C)C)C(=O)OC(C#N)C2=CC(=CC=C2)OC3=CC=CC=C3)C,,26,True,False
106-37-6,DTXSID4024012,"1,4-Dibromobenzene",C1=CC(=CC=C1Br)Br,,8,True,False
2050-47-7,DTXSID9024015,"4,4'-Dibromodiphenyl ether",C1=CC(=CC=C1OC2=CC=C(C=C2)Br)Br,,15,True,False
1918-00-9,DTXSID4024018,Dicamba,COC1=C(C=CC(=C1C(=O)O)Cl)Cl,,13,True,False
156-59-2,DTXSID2024030,"(Z)-1,2-Dichloroethylene",C(=CCl)Cl,,4,True,False
156-60-5,DTXSID7024031,"(E)-1,2-Dichloroethylene",C(=CCl)Cl,,4,True,False
94-82-6,DTXSID7024035,"2,4-DB",C1=CC(=C(C=C1Cl)Cl)OCCCC(=O)O,,15,True,False
311-45-5,DTXSID6024046,Paraoxon,CCOP(=O)(OCC)OC1=CC=C(C=C1)[N+](=O)[O-],,18,True,False
693-21-0,DTXSID1024047,Diethylene glycol dinitrate,C(CO[N+](=O)[O-])OCCO[N+](=O)[O-],,13,True,False
43222-48-6,DTXSID6024048,Difenzoquat metilsulfate,CN1C(=CC(=[N+]1C)C2=CC=CC=C2)C3=CC=CC=C3.COS(=O)(=O)[O-],,25,True,False
35367-38-5,DTXSID1024049,Diflubenzuron,C1=CC(=C(C(=C1)F)C(=O)NC(=O)NC2=CC=C(C=C2)Cl)F,,21,True,False
1445-75-6,DTXSID5024051,Diisopropyl methylphosphonate,CC(C)OP(=O)(C)OC(C)C,,11,True,False
55290-64-7,DTXSID0024052,Dimethipin,CC1=C(S(=O)(=O)CCS1(=O)=O)C,,12,True,False
77-78-1,DTXSID5024055,Dimethyl sulfate,COS(=O)(=O)OC,,7,True,False
124-40-3,DTXSID5024057,Dimethylamine,CNC,,3,True,False
119-93-7,DTXSID5024059,"3,3'-Dimethylbenzidine",CC1=C(C=CC(=C1)C2=CC(=C(C=C2)N)C)N,,16,True,False
95-65-8,DTXSID4024062,"3,4-Dimethylphenol",CC1=C(C=C(C=C1)O)C,,9,True,False
576-26-1,DTXSID9024063,"2,6-Dimethylphenol",CC1=C(C(=CC=C1)C)O,,9,True,False
131-89-5,DTXSID4024064,Dinex,C1CCC(CC1)C2=C(C(=CC(=C2)[N+](=O)[O-])[N+](=O)[O-])O,,19,True,False
99-65-0,DTXSID9024065,"1,3-Dinitrobenzene",C1=CC(=CC(=C1)[N+](=O)[O-])[N+](=O)[O-],,12,True,False
528-29-0,DTXSID4024066,"1,2-Dinitrobenzene",C1=CC=C(C(=C1)[N+](=O)[O-])[N+](=O)[O-],,12,True,False
957-51-7,DTXSID8024072,Diphenamid,CN(C)C(=O)C(C1=CC=CC=C1)C2=CC=CC=C2,,18,True,False
85-00-7,DTXSID3024075,Diquat dibromide,C1C[N+]2=CC=CC=C2C3=CC=CC=[N+]31.[Br-].[Br-],,16,True,False
505-29-3,DTXSID3024077,"1,4-Dithiane",C1CSCCS1,,6,True,False
145-73-3,DTXSID7024081,Endothal,C1CC2C(C(C1O2)C(=O)O)C(=O)O,,13,True,False
16672-87-0,DTXSID7024085,Ethephon,C(CCl)P(=O)(O)O,,7,True,False
563-12-2,DTXSID2024086,Ethion,CCOP(=S)(OCC)SCSP(=S)(OCC)OCC,,19,True,False
110-80-5,DTXSID7024087,2-Ethoxyethanol,CCOCCO,,6,True,False
759-94-4,DTXSID1024091,EPTC,CCCN(CCC)C(=O)SCC,,12,True,False
111-76-2,DTXSID1024097,2-Butoxyethanol,CCCCOCCO,,8,True,False
101200-48-0,DTXSID8024101,Tribenuron-methyl,CC1=NC(=NC(=N1)OC)N(C)C(=O)NS(=O)(=O)C2=CC=CC=C2C(=O)OC,,27,True,False
22224-92-6,DTXSID3024102,Fenamiphos,CCOP(=O)(NC(C)C)OC1=CC(=C(C=C1)SC)C,,19,True,False
206-44-0,DTXSID3024104,Fluoranthene,C1=CC=C2C(=C1)C3=CC=CC4=C3C2=CC=C4,,16,True,False
86-73-7,DTXSID8024105,Fluorene,C1C2=CC=CC=C2C3=CC=CC=C31,,13,True,False
59756-60-4,DTXSID8024107,Fluridone,CN1C=C(C(=O)C(=C1)C2=CC(=CC=C2)C(F)(F)F)C3=CC=CC=C3,,24,True,True
56425-91-3,DTXSID3024108,Flurprimidol,CC(C)C(C1=CC=C(C=C1)OC(F)(F)F)(C2=CN=CN=C2)O,,22,True,True
66332-96-5,DTXSID8024109,Flutolanil,CC(C)OC1=CC=CC(=C1)NC(=O)C2=CC=CC=C2C(F)(F)F,,23,True,True
69409-94-5,DTXSID7024110,Fluvalinate,CC(C)C(C(=O)OC(C#N)C1=CC(=CC=C1)OC2=CC=CC=C2)NC3=C(C=C(C=C3)C(F)(F)F)Cl,,35,True,True
72178-02-0,DTXSID7024112,Fomesafen,CS(=O)(=O)NC(=O)C1=C(C=CC(=C1)OC2=C(C=C(C=C2)C(F)(F)F)Cl)[N+](=O)[O-],,28,True,True
944-22-9,DTXSID2024113,Fonofos,CCOP(=S)(CC)SC1=CC=CC=C1,,14,True,False
64-18-6,DTXSID2024115,Formic acid,C(=O)O,,3,True,False
77182-82-2,DTXSID1024120,Glufosinate-ammonium,CP(=O)(CCC(C(=O)O)N)O.N,,12,True,False
1071-83-6,DTXSID1024122,Glyphosate,C(C(=O)O)NCP(=O)(O)O,,10,True,False
79277-27-3,DTXSID1024124,Thifensulfuron-methyl,CC1=NC(=NC(=N1)OC)NC(=O)NS(=O)(=O)C2=C(SC=C2)C(=O)OC,,25,True,False
1024-57-3,DTXSID1024126,Heptachlor epoxide,C12C(C(C3C1O3)Cl)C4(C(=C(C2(C4(Cl)Cl)Cl)Cl)Cl)Cl,,18,True,False
142-82-5,DTXSID6024127,Heptane,CCCCCCC,,7,True,False
319-86-8,DTXSID5024134,delta-Hexachlorocyclohexane,C1(C(C(C(C(C1Cl)Cl)Cl)Cl)Cl)Cl,,12,True,False
121-82-4,DTXSID9024142,Cyclonite,C1N(CN(CN1[N+](=O)[O-])[N+](=O)[O-])[N+](=O)[O-],,15,True,False
51235-04-2,DTXSID4024145,Hexazinone,CN1C(=NC(=O)N(C1=O)C2CCCCC2)N(C)C,,18,True,False
74-90-8,DTXSID9024148,Hydrogen cyanide,C#N,,2,True,False
7783-06-4,DTXSID4024149,Hydrogen sulfide,S,,1,True,False
35554-44-0,DTXSID8024151,Imazalil,C=CCOC(CN1C=CN=C1)C2=C(C=C(C=C2)Cl)Cl,,19,True,False
81335-37-7,DTXSID3024152,Imazaquin,CC(C)C1(C(=O)NC(=N1)C2=NC3=CC=CC=C3C=C2C(=O)O)C,,23,True,False
193-39-5,DTXSID8024153,"Indeno(1,2,3-cd)pyrene",C1=CC=C2C(=C1)C3=C4C2=CC5=CC=CC6=C5C4=C(C=C6)C=C3,,22,True,False
36734-19-7,DTXSID3024154,Iprodione,CC(C)NC(=O)N1CC(=O)N(C1=O)C2=CC(=CC(=C2)Cl)Cl,,21,True,False
33820-53-0,DTXSID8024157,Isopropalin,CCCN(CCC)C1=C(C=C(C=C1[N+](=O)[O-])C(C)C)[N+](=O)[O-],,22,True,False
82558-50-7,DTXSID8024159,Isoxaben,CCC(C)(CC)C1=NOC(=C1)NC(=O)C2=C(C=CC=C2OC)OC,,24,True,False
77501-63-4,DTXSID7024160,Lactofen,CCOC(=O)C(C)OC(=O)C1=C(C=CC(=C1)OC2=C(C=C(C=C2)C(F)(F)F)Cl)[N+](=O)[O-],,31,True,True
7439-92-1,DTXSID2024161,Lead,[Pb],,1,True,False
330-55-2,DTXSID2024163,Linuron,CN(C(=O)NC1=CC(=C(C=C1)Cl)Cl)OC,,15,True,False
83055-99-6,DTXSID7024164,Bensulfuron-methyl,COC1=CC(=NC(=N1)NC(=O)NS(=O)(=O)CC2=CC=CC=C2C(=O)OC)OC,,28,True,False
108-31-6,DTXSID7024166,"2,5-Furandione",C1=CC(=O)OC1=O,,7,True,False
24307-26-4,DTXSID1024170,Mepiquat chloride,C[N+]1(CCCCC1)C.[Cl-],,9,True,False
150-50-5,DTXSID6024173,Merphos,CCCCSP(SCCCC)SCCCC,,16,True,False
78-48-8,DTXSID1024174,Tribufos,CCCCSP(=O)(SCCCC)SCCCC,,17,True,False
57837-19-1,DTXSID6024175,Metalaxyl,CC1=C(C(=CC=C1)C)N(C(C)C(=O)OC)C(=O)COC,,20,True,False
10265-92-6,DTXSID6024177,Methamidophos,COP(=O)(N)SC,,7,True,False
109-86-4,DTXSID5024182,2-Methoxyethanol,COCCO,,5,True,False
96-33-3,DTXSID0024183,Methyl acrylate,COC(=O)C=C,,6,True,False
74-88-4,DTXSID0024187,Methyl iodide,CI,,2,True,False
94-81-5,DTXSID4024193,MCPB,CC1=C(C=CC(=C1)Cl)OCCCC(=O)O,,15,True,False
93-65-2,DTXSID9024194,Mecoprop,CC1=C(C=CC(=C1)Cl)OC(C)C(=O)O,,14,True,False
94-74-6,DTXSID4024195,MCPA,CC1=C(C=CC(=C1)Cl)OCC(=O)O,,13,True,False
22967-92-6,DTXSID9024198,Methyl mercury(II) cation,C.[Hg+],,2,True,False
108-39-4,DTXSID6024200,m-Cresol,CC1=CC(=CC=C1)O,,8,True,False
21087-64-9,DTXSID6024204,Metribuzin,CC(C)(C)C1=NN=C(N(C1=O)N)SC,,14,True,False
2212-67-1,DTXSID6024206,Molinate,CCSC(=O)N1CCCCCC1,,12,True,False
300-76-5,DTXSID1024209,Naled,COP(=O)(OC)OC(C(Cl)(Cl)Br)Br,,13,True,False
15299-99-7,DTXSID5024211,Napropamide,CCN(CC)C(=O)C(C)OC1=CC=CC2=CC=CC=C21,,20,True,False
1929-82-4,DTXSID0024216,Nitrapyrin,C1=CC(=NC(=C1)Cl)C(Cl)(Cl)Cl,,11,True,False
556-88-7,DTXSID4024222,Nitroguanidine,C(=N)(N)N[N+](=O)[O-],,7,True,False
27314-13-2,DTXSID8024234,Norflurazon,CNC1=C(C(=O)N(N=C1)C2=CC=CC(=C2)C(F)(F)F)Cl,,20,True,True
2691-41-0,DTXSID3024237,Cyclotetramethylenetetranitramine,C1N(CN(CN(CN1[N+](=O)[O-])[N+](=O)[O-])[N+](=O)[O-])[N+](=O)[O-],,20,True,False
19044-88-3,DTXSID8024238,Oryzalin,CCCN(CCC)C1=C(C=C(C=C1[N+](=O)[O-])S(=O)(=O)N)[N+](=O)[O-],,23,True,False
19666-30-9,DTXSID3024239,Oxadiazon,CC(C)OC1=C(C=C(C(=C1)N2C(=O)OC(=N2)C(C)(C)C)Cl)Cl,,22,True,False
42874-03-3,DTXSID7024241,Oxyfluorfen,CCOC1=C(C=CC(=C1)OC2=C(C=C(C=C2)C(F)(F)F)Cl)[N+](=O)[O-],,24,True,True
76738-62-0,DTXSID2024242,Paclobutrazol,CC(C)(C)C(C(CC1=CC=C(C=C1)Cl)N2C=NC=N2)O,,20,True,False
1910-42-5,DTXSID7024243,Paraquat dichloride,C[N+]1=CC=C(C=C1)C2=CC=[N+](C=C2)C.[Cl-].[Cl-],,16,True,False
40487-42-1,DTXSID7024245,Pendimethalin,CCC(CC)NC1=C(C=C(C(=C1[N+](=O)[O-])C)C)[N+](=O)[O-],,20,True,False
608-93-5,DTXSID7024247,Pentachlorobenzene,C1=C(C(=C(C(=C1Cl)Cl)Cl)Cl)Cl,,11,True,False
85-01-8,DTXSID6024254,Phenanthrene,C1=CC=C2C(=C1)C=CC3=CC=CC=C32,,14,True,False
13684-63-4,DTXSID1024255,Phenmedipham,CC1=CC(=CC=C1)NC(=O)OC2=CC=CC(=C2)NC(=O)OC,,22,True,False
2310-17-0,DTXSID1024259,Phosalone,CCOP(=S)(OCC)SCN1C2=C(C=C(C=C2)Cl)OC1=O,,21,True,False
732-11-6,DTXSID5024261,Phosmet,COP(=S)(OC)SCN1C(=O)C2=CC=CC=C2C1=O,,19,True,False
7664-38-2,DTXSID5024263,Phosphoric acid,OP(=O)(O)O,,5,True,False
29232-93-7,DTXSID0024266,Pirimiphos-methyl,CCN(CC)C1=NC(=CC(=N1)OP(=S)(OC)OC)C,,19,True,False
151-50-8,DTXSID0024268,Potassium cyanide,[C-]#N.[K+],,3,True,False
67747-09-5,DTXSID4024270,Prochloraz,CCCN(CCOC1=C(C=C(C=C1Cl)Cl)Cl)C(=O)N2C=CN=C2,,23,True,False
7287-19-6,DTXSID4024272,Prometryn,CC(C)NC1=NC(=NC(=N1)SC)NC(C)C,,16,True,False
1918-16-7,DTXSID4024274,Propachlor,CC(C)N(C1=CC=CC=C1)C(=O)CCl,,14,True,False
2312-35-8,DTXSID4024276,Propargite,CC(C)(C)C1=CC=C(C=C1)OC2CCCCC2OS(=O)OCC#C,,24,True,False
60207-90-1,DTXSID8024280,Propiconazole,CCCC1COC(O1)(CN2C=NC=N2)C3=C(C=C(C=C3)Cl)Cl,,22,True,False
107-98-2,DTXSID8024284,1-Methoxy-2-propanol,CC(COC)O,,6,True,False
81335-77-5,DTXSID3024287,Imazethapyr,CCC1=CC(=C(N=C1)C2=NC(C(=O)N2)(C)C(C)C)C(=O)O,,21,True,False
129-00-0,DTXSID3024289,Pyrene,C1=CC2=C3C(=C1)C=CC4=CC=CC(=C43)C=C2,,16,True,False
13593-03-8,DTXSID7024291,Quinalphos,CCOP(=S)(OCC)OC1=NC2=CC=CC=C2N=C1,,19,True,False
78587-05-0,DTXSID7024299,Hexythiazox,CC1C(SC(=O)N1C(=O)NC2CCCCC2)C3=CC=C(C=C3)Cl,,23,True,False
7783-00-8,DTXSID9024300,Selenious acid,O[Se](=O)O,,4,True,False
74051-80-2,DTXSID9024304,Sethoxydim,CCCC(=NOCC)C1=C(CC(CC1=O)CC(C)SCC)O,,22,True,False
506-64-9,DTXSID9024306,Silver cyanide,[C-]#N.[Ag+],,3,True,False
143-33-9,DTXSID4024309,Sodium cyanide,[C-]#N.[Na+],,3,True,False
62-74-8,DTXSID8024311,Sodium fluoroacetate,C(C(=O)[O-])F.[Na+],,6,True,False
88671-89-0,DTXSID8024315,Myclobutanil,CCCCC(CN1C=NC=N1)(C#N)C2=CC=C(C=C2)Cl,,20,True,False
34014-18-1,DTXSID3024316,Tebuthiuron,CC(C)(C)C1=NN=C(S1)N(C)C(=O)NC,,15,True,False
5902-51-2,DTXSID8024317,Terbacil,CC1=C(C(=O)N(C(=O)N1)C(C)(C)C)Cl,,14,True,False
886-50-0,DTXSID3024318,Terbutryn,CCNC1=NC(=NC(=N1)SC)NC(C)(C)C,,16,True,False
95-94-3,DTXSID7024320,"1,2,4,5-Tetrachlorobenzene",C1=C(C(=CC(=C1Cl)Cl)Cl)Cl,,10,True,False
3689-24-5,DTXSID7024328,Sulfotepp,CCOP(=S)(OCC)OP(=S)(OCC)OCC,,17,True,False
563-68-8,DTXSID6024331,Thallium acetate,CC(=O)[O-].[Tl+],,5,True,False
10102-45-1,DTXSID1024334,Thallium nitrate,[N+](=O)([O-])[O-].[Tl+],,5,True,False
7446-18-6,DTXSID1024336,Thallium(I) sulfate,[O-]S(=O)(=O)[O-].[Tl+].[Tl+],,7,True,False
28249-77-6,DTXSID6024337,Thiobencarb,CCN(CC)C(=O)SCC1=CC=C(C=C1)Cl,,16,True,False
23564-05-8,DTXSID1024338,Thiophanate-methyl,COC(=O)NC(=S)NC1=CC=CC=C1NC(=S)NC(=O)OC,,22,True,False
66841-25-6,DTXSID0024343,Tralomethrin,CC1(C(C1C(=O)OC(C#N)C2=CC(=CC=C2)OC3=CC=CC=C3)C(C(Br)(Br)Br)Br)C,,30,True,False
2303-17-5,DTXSID5024344,Tri-allate,CC(C)N(C(C)C)C(=O)SCC(=C(Cl)Cl)Cl,,16,True,False
82097-50-5,DTXSID0024345,Triasulfuron,CC1=NC(=NC(=N1)OC)NC(=O)NS(=O)(=O)C2=CC=CC=C2OCCCl,,26,True,False
615-54-3,DTXSID5024346,"1,2,4-Tribromobenzene",C1=CC(=C(C=C1Br)Br)Br,,9,True,False
95-95-4,DTXSID4024359,"2,4,5-Trichlorophenol",C1=C(C(=CC(=C1Cl)Cl)Cl)O,,10,True,False
58138-08-2,DTXSID8024365,Tridiphane,C1C(O1)(CC(Cl)(Cl)Cl)C2=CC(=CC(=C2)Cl)Cl,,16,True,False
121-44-8,DTXSID3024366,Triethylamine,CCN(CC)CC,,7,True,False
118-96-7,DTXSID7024372,"2,4,6-Trinitrotoluene",CC1=C(C=C(C=C1[N+](=O)[O-])[N+](=O)[O-])[N+](=O)[O-],,16,True,False
1929-77-7,DTXSID7024376,Vernolate,CCCN(CCC)C(=O)SCCC,,13,True,False
7723-14-0,DTXSID1024382,Phosphorus,P,,1,True,False
556-08-1,DTXSID5024392,4-Acetamidobenzoic acid,CC(=O)NC1=CC=C(C=C1)C(=O)O,,13,True,False
64-19-7,DTXSID5024394,Acetic acid,CC(=O)O,,4,True,False
108-24-7,DTXSID0024395,Acetic anhydride,CC(=O)OC(=O)C,,7,True,False
102-01-2,DTXSID0024397,Acetoacetanilide,CC(=O)CC(=O)NC1=CC=CC=C1,,13,True,False
1122-62-9,DTXSID7024409,2-Acetylpyridine,CC(=O)C1=CC=CC=N1,,9,True,False
537-92-8,DTXSID6024412,N-Acetyl-m-toluidine,CC1=CC(=CC=C1)NC(=O)C,,11,True,False
120-66-1,DTXSID1024413,N-Acetyl-o-toluidine,CC1=CC=CC=C1NC(=O)C,,11,True,False
1064-48-8,DTXSID1024415,C.I. Acid Black 1,C1=CC=C(C=C1)N=NC2=C(C=C3C=C(C(=C(C3=C2[O-])N)N=NC4=CC=C(C=C4)[N+](=O)[O-])S(=O)(=O)[O-])S(=O)(=O)O.[Na+].[Na+],,41,True,False
107-11-9,DTXSID8024440,Allylamine,C=CCN,,4,True,False
109-57-9,DTXSID3024449,Allylthiourea,C=CCNC(=S)N,,7,True,False
557-11-9,DTXSID2024450,Allylurea,C=CCNC(=O)N,,7,True,False
122-80-5,DTXSID7024455,4-Aminoacetanilide,CC(=O)NC1=CC=C(C=C1)N,,11,True,False
90-45-9,DTXSID2024456,9-Aminoacridine,C1=CC=C2C(=C1)C(=C3C=CC=CC3=N2)N,,15,True,False
60-09-3,DTXSID6024460,4-Aminoazobenzene,C1=CC=C(C=C1)N=NC2=CC=C(C=C2)N,,15,True,False
121-57-3,DTXSID6024464,4-Aminobenzenesulfonic acid,C1=CC(=CC=C1N)S(=O)(=O)O,,11,True,False
150-13-0,DTXSID6024466,4-Aminobenzoic acid,C1=CC(=CC=C1C(=O)O)N,,10,True,False
96-91-3,DTXSID5024479,"2-Amino-4,6-dinitrophenol",C1=C(C=C(C(=C1N)O)[N+](=O)[O-])[N+](=O)[O-],,14,True,False
95-84-1,DTXSID4024488,2-Amino-4-methylphenol,CC1=CC(=C(C=C1)O)N,,9,True,False
591-27-5,DTXSID3024497,3-Aminophenol,C1=CC(=CC(=C1)O)N,,8,True,False
95-55-6,DTXSID8024498,2-Aminophenol,C1=CC=C(C(=C1)N)O,,8,True,False
123-30-8,DTXSID3024499,4-Aminophenol,C1=CC(=CC=C1N)O,,8,True,False
98-37-3,DTXSID5024500,2-Amino-1-phenol-4-sulfonic acid,C1=CC(=C(C=C1S(=O)(=O)O)N)O,,12,True,False
521-31-3,DTXSID5024504,Luminol,C1=CC2=C(C(=C1)N)C(=O)NNC2=O,,13,True,False
504-29-0,DTXSID0024505,2-Aminopyridine,C1=CC=NC(=C1)N,,7,True,False
89-57-6,DTXSID5024506,5-Aminosalicylic acid,C1=CC(=C(C=C1N)C(=O)O)O,,11,True,False
98-16-8,DTXSID9024512,3-(Trifluoromethyl)aniline,C1=CC(=CC(=C1)N)C(F)(F)F,,11,True,True
7790-98-9,DTXSID4024515,Ammonium perchlorate,N.OCl(=O)(=O)=O,,6,True,False
994-05-8,DTXSID8024521,tert-Amyl methyl ether,CCC(C)(C)OC,,7,True,False
63-05-8,DTXSID8024523,"4-Androstene-3,17-dione",CC12CCC(=O)C=C1CCC3C2CCC4(C3CCC4=O)C,,21,True,False
536-90-3,DTXSID8024529,3-Methoxyaniline,COC1=CC=CC(=C1)N,,9,True,False
104-94-9,DTXSID7024532,4-Methoxyaniline,COC1=CC=C(C=C1)N,,9,True,False
98-11-3,DTXSID9024568,Benzenesulfonic acid,C1=CC=C(C=C1)S(=O)(=O)O,,10,True,False
51-17-2,DTXSID8024573,Benzimidazole,C1=CC=C2C(=C1)NC=N2,,9,True,False
85-02-9,DTXSID2024585,Benzo(f)quinoline,C1=CC=C2C(=C1)C=CC3=C2C=CC=N3,,14,True,False
95-16-9,DTXSID7024586,Benzothiazole,C1=CC=C2C(=C1)N=CS2,,9,True,False
98-08-8,DTXSID2024589,Benzotrifluoride,C1=CC=C(C=C1)C(F)(F)F,,10,True,True
538-74-9,DTXSID6024599,Benzyl sulfide,C1=CC=C(C=C1)CSCC2=CC=CC=C2,,15,True,False
56-93-9,DTXSID8024600,Benzyltrimethylammonium chloride,C[N+](C)(C)CC1=CC=CC=C1.[Cl-],,12,True,False
1675-54-3,DTXSID6024624,Bisphenol A diglycidyl ether,CC(C)(C1=CC=C(C=C1)OCC2CO2)C3=CC=C(C=C3)OCC4CO4,,25,True,False
37853-59-1,DTXSID1024627,"1,2-Bis(2,4,6-tribromophenoxy)ethane",C1=C(C=C(C(=C1Br)OCCOC2=C(C=C(C=C2Br)Br)Br)Br)Br,,22,True,False
108-86-1,DTXSID5024637,Bromobenzene,C1=CC=C(C=C1)Br,,7,True,False
52-51-7,DTXSID8024652,Bronopol,C(C(CO)([N+](=O)[O-])Br)O,,9,True,False
357-57-3,DTXSID2024662,Brucine,COC1=C(C=C2C(=C1)C34CCN5C3CC6C7C4N2C(=O)CC7OCC=C6C5)OC,,29,True,False
110-63-4,DTXSID2024666,"1,4-Butanediol",C(CCO)CO,,6,True,False
112-56-1,DTXSID6024674,2-(2-Butoxyethoxy)ethyl thiocyanate,CCCCOCCOCCSC#N,,13,True,False
141-32-2,DTXSID6024676,Butyl acrylate,CCCCOC(=O)C=C,,9,True,False
75-64-9,DTXSID5024681,tert-Butylamine,CC(C)(C)N,,5,True,False
762-75-4,DTXSID4024690,tert-Butyl formate,CC(C)(C)OC=O,,7,True,False
2426-08-6,DTXSID9024691,Butyl glycidyl ether,CCCCOCC1CO1,,9,True,False
75-91-2,DTXSID9024693,tert-Butyl hydroperoxide,CC(C)(C)OO,,6,True,False
97-88-1,DTXSID4024696,Butyl methacrylate,CCCCOC(=O)C(=C)C,,10,True,False
98-51-1,DTXSID1024704,4-tert-Butyltoluene,CC1=CC=C(C=C1)C(C)(C)C,,11,True,False
1306-19-0,DTXSID0024715,Cadmium oxide,O.[Cd],,2,True,False
464-49-3,DTXSID4024721,D-Camphor,CC1(C2CCC1(C(=O)C2)C)C,,11,True,False
111-64-8,DTXSID9024724,Caprylyl chloride,CCCCCCCC(=O)Cl,,10,True,False
10605-21-7,DTXSID4024729,Carbendazim,COC(=O)NC1=NC2=CC=CC=C2N1,,14,True,False
75-87-6,DTXSID7024744,Chloral,C(=O)C(Cl)(Cl)Cl,,6,True,False
4080-31-3,DTXSID5024760,N-(3-Chloroallyl)hexaminium chloride,C1N2CN3CN1C[N+](C2)(C3)CC=CCl.[Cl-],,15,True,False
108-42-9,DTXSID0024761,3-Chloroaniline,C1=CC(=CC(=C1)Cl)N,,8,True,False
89-98-5,DTXSID5024764,2-Chlorobenzaldehyde,C1=CC=C(C(=C1)C=O)Cl,,9,True,False
535-80-8,DTXSID9024770,3-Chlorobenzoic acid,C1=CC(=CC(=C1)Cl)C(=O)O,,10,True,False
74-11-3,DTXSID9024772,4-Chlorobenzoic acid,C1=CC(=CC=C1C(=O)O)Cl,,10,True,False
4584-49-0,DTXSID3024780,2-Chloropropyldimethylamine hydrochloride,CC(CN(C)C)Cl.Cl,,8,True,False
90-13-1,DTXSID2024791,1-Chloronaphthalene,C1=CC=C2C(=C1)C=CC=C2Cl,,11,True,False
2675-77-6,DTXSID2024793,Chloroneb,COC1=CC(=C(C=C1Cl)OC)Cl,,12,True,False
108-43-0,DTXSID4024800,3-Chlorophenol,C1=CC(=CC(=C1)Cl)O,,8,True,False
627-30-5,DTXSID9024809,3-Chloro-1-propanol,C(CO)CCl,,5,True,False
106-43-4,DTXSID8024814,4-Chlorotoluene,CC1=CC=C(C=C1)Cl,,8,True,False
69-09-0,DTXSID7024827,Chlorpromazine hydrochloride,CN(C)CCCN1C2=CC=CC=C2SC3=C1C=C(C=C3)Cl.Cl,,22,True,False
104-55-2,DTXSID1024835,3-Phenylprop-2-enal,C1=CC=C(C=C1)C=CC=O,,10,True,False
64-86-8,DTXSID5024845,Colchicine,CC(=O)NC1CCC2=CC(=C(C(=C2C3=CC=C(C(=O)C=C13)OC)OC)OC)OC,,29,True,False
4170-30-3,DTXSID8024864,Crotonaldehyde,CC=CC=O,,5,True,False
80-15-9,DTXSID3024869,Cumene hydroperoxide,CC(C)(C1=CC=CC=C1)OO,,11,True,False
108-80-5,DTXSID7024873,Cyanuric acid,C1(=O)NC(=O)NC(=O)N1,,9,True,False
66-81-9,DTXSID6024882,Cycloheximide,CC1CC(C(=O)C(C1)C(CC2CC(=O)NC(=O)C2)O)C,,20,True,False
287-92-3,DTXSID6024886,Cyclopentane,C1CCCC1,,5,True,False
2008-39-1,DTXSID0024896,"2,4-D, Dimethylamine salt",CNC.C1=CC(=C(C=C1Cl)Cl)OCC(=O)O,,16,True,False
533-74-4,DTXSID7024902,Dazomet,CN1CN(C(=S)SC1)C,,9,True,False
4403-90-1,DTXSID2024903,D&C Green 5,CC1=CC(=C(C=C1)NC2=C3C(=C(C=C2)NC4=C(C=C(C=C4)C)S(=O)(=O)[O-])C(=O)C5=CC=CC=C5C3=O)S(=O)(=O)[O-].[Na+].[Na+],,42,True,False
91-17-8,DTXSID1024912,Decalin,C1CCC2CCCCC2C1,,10,True,False
124-18-5,DTXSID6024913,Decane,CCCCCCCCCC,,10,True,False
123-42-2,DTXSID6024917,Diacetone alcohol,CC(=O)CC(C)(C)O,,8,True,False
124-02-7,DTXSID1024918,Diallylamine,C=CCNCC=C,,7,True,False
2050-92-2,DTXSID4024931,N-pentylpentan-1-amine,CCCCCNCCCCC,,11,True,False
262-20-4,DTXSID4024937,Phenoxathiin,C1=CC=C2C(=C1)OC3=CC=CC=C3S2,,14,True,False
3252-43-5,DTXSID3024940,Dibromoacetonitrile,C(#N)C(Br)Br,,5,True,False
35691-65-7,DTXSID3024944,"1,2-Dibromo-2,4-dicyanobutane",C(CC(CBr)(C#N)Br)C#N,,10,True,False
111-92-2,DTXSID7024952,N-Butyl-1-butanamine,CCCCNCCCC,,9,True,False
102-81-8,DTXSID2024953,2-(Dibutylamino)ethanol,CCCCN(CCCC)CCO,,12,True,False
77-58-7,DTXSID6024961,Dibutyltin dilaurate,CCC[CH2].CCC[CH2].CCCCCCCCCCCC(=O)[O-].CCCCCCCCCCCC(=O)[O-].[Sn+2],,37,True,False
554-00-7,DTXSID1024966,"2,4-Dichloroaniline",C1=CC(=C(C=C1Cl)Cl)N,,9,True,False
95-82-9,DTXSID6024967,"2,5-Dichloroaniline",C1=CC(=C(C=C1Cl)N)Cl,,9,True,False
6287-38-3,DTXSID0024971,"3,4-Dichlorobenzaldehyde",C1=CC(=C(C=C1C=O)Cl)Cl,,10,True,False
50-84-0,DTXSID0024977,"2,4-Dichlorobenzoic acid",C1=CC(=C(C=C1Cl)Cl)C(=O)O,,11,True,False
50-30-6,DTXSID0024979,"2,6-Dichlorobenzoic acid",C1=CC(=C(C(=C1)Cl)C(=O)O)Cl,,11,True,False
118-52-5,DTXSID4024985,"1,3-Dichloro-5,5-dimethylhydantoin",CC1(C(=O)N(C(=O)N1Cl)Cl)C,,11,True,False
80-07-9,DTXSID9024986,"4,4'-Dichlorodiphenyl sulfone",C1=CC(=CC=C1S(=O)(=O)C2=CC=C(C=C2)Cl)Cl,,17,True,False
540-59-0,DTXSID8024991,"1,2-Dichloroethylene",C(=CCl)Cl,,4,True,False
2893-78-9,DTXSID3024994,Sodium dichloroisocyanurate,C1(=NC(=O)N(C(=O)N1Cl)Cl)[O-].[Na+],,12,True,False
3209-22-1,DTXSID8024997,"2,3-Dichloronitrobenzene",C1=CC(=C(C(=C1)Cl)Cl)[N+](=O)[O-],,11,True,False
611-06-3,DTXSID3024998,"2,4-Dichloronitrobenzene",C1=CC(=C(C=C1Cl)Cl)[N+](=O)[O-],,11,True,False
99-54-7,DTXSID8024999,"3,4-Dichloronitrobenzene",C1=CC(=C(C=C1[N+](=O)[O-])Cl)Cl,,11,True,False
583-78-8,DTXSID7025003,"2,5-Dichlorophenol",C1=CC(=C(C=C1Cl)O)Cl,,9,True,False
87-65-0,DTXSID2025004,"2,6-Dichlorophenol",C1=CC(=C(C(=C1)Cl)O)Cl,,9,True,False
95-77-2,DTXSID7025005,"3,4-Dichlorophenol",C1=CC(=C(C=C1O)Cl)Cl,,9,True,False
591-35-5,DTXSID2025006,"3,5-Dichlorophenol",C1=C(C=C(C=C1Cl)Cl)O,,9,True,False
96-23-1,DTXSID6025010,"1,3-Dichloro-2-propanol",C(C(CCl)O)Cl,,6,True,False
78-88-6,DTXSID6025012,"2,3-Dichloro-1-propene",C=C(CCl)Cl,,5,True,False
101-83-7,DTXSID6025018,Dicyclohexylamine,C1CCC(CC1)NC2CCCCC2,,13,True,False
77-73-6,DTXSID5025023,Dicyclopentadiene,C1C=CC2C1C3CC2C=C3,,10,True,False
85-98-3,DTXSID8025040,"N,N'-Diethylcarbanilide",CCN(C1=CC=CC=C1)C(=O)N(CC)C2=CC=CC=C2,,20,True,False
112-73-2,DTXSID8025046,Diethylene glycol dibutyl ether,CCCCOCCOCCOCCCC,,15,True,False
112-36-7,DTXSID3025047,Diethylene glycol diethyl ether,CCOCCOCCOCC,,11,True,False
111-77-3,DTXSID3025049,Diethylene glycol monomethyl ether,COCCOCCO,,8,True,False
111-40-0,DTXSID2025050,Diethylenetriamine,C(CNCCN)N,,7,True,False
78-38-6,DTXSID7025051,Diethyl ethylphosphonate,CCOP(=O)(CC)OCC,,10,True,False
106-20-7,DTXSID7025053,"2,2'-Diethylhexylamine",CCCCC(CC)CNCC(CC)CCCC,,17,True,False
367-25-9,DTXSID6025064,"2,4-Difluoroaniline",C1=CC(=C(C=C1F)F)N,,9,True,False
84-75-3,DTXSID6025068,Dihexyl phthalate,CCCCCCOC(=O)C1=CC=CC=C1C(=O)OCCCCCC,,24,True,False
89-86-1,DTXSID0025074,"2,4-Dihydroxybenzoic acid",C1=CC(=C(C=C1O)O)C(=O)O,,11,True,False
2107-76-8,DTXSID0025078,"5,7-Dihydroxy-4-methylcoumarin",CC1=CC(=O)OC2=CC(=CC(=C12)O)O,,14,True,False
110-96-3,DTXSID5025079,Diisobutylamine,CC(C)CNCC(C)C,,9,True,False
108-83-8,DTXSID4025080,Diisobutyl ketone,CC(C)CC(=O)CC(C)C,,10,True,False
108-18-9,DTXSID9025085,Diisopropylamine,CC(C)NC(C)C,,7,True,False
119-90-4,DTXSID3025091,"3,3'-Dimethoxybenzidine",COC1=C(C=CC(=C1)C2=CC(=C(C=C2)N)OC)N,,18,True,False
2439-35-2,DTXSID5025100,2-(Dimethylamino)ethyl acrylate,CN(C)CCOC(=O)C=C,,10,True,False
624-92-0,DTXSID4025117,Methyl disulfide,CSSC,,4,True,False
83-41-0,DTXSID7025132,"1,2-Dimethyl-3-nitrobenzene",CC1=C(C(=CC=C1)[N+](=O)[O-])C,,11,True,False
99-51-4,DTXSID2025133,"1,2-Dimethyl-4-nitrobenzene",CC1=C(C=C(C=C1)[N+](=O)[O-])C,,11,True,False
89-58-7,DTXSID2025137,"1,4-Dimethyl-2-nitrobenzene",CC1=CC(=C(C=C1)C)[N+](=O)[O-],,11,True,False
138-89-6,DTXSID7025138,"N,N-Dimethyl-4-nitrosoaniline",CN(C)C1=CC=C(C=C1)N=O,,11,True,False
526-75-0,DTXSID6025143,"2,3-Dimethylphenol",CC1=C(C(=CC=C1)O)C,,9,True,False
95-87-4,DTXSID6025145,"2,5-Dimethylphenol",CC1=CC(=C(C=C1)C)O,,9,True,False
108-68-9,DTXSID1025148,"3,5-Dimethylphenol",CC1=CC(=CC(=C1)O)C,,9,True,False
99-98-9,DTXSID6025149,"N,N-Dimethyl-p-phenylenediamine",CN(C)C1=CC=C(C=C1)N,,10,True,False
813-78-5,DTXSID5025150,Dimethyl phosphate,COP(=O)(O)OC,,7,True,False
96-31-1,DTXSID5025156,"N,N'-Dimethylurea",CNC(=O)NC,,6,True,False
101-67-7,DTXSID3025170,"4,4'-Dioctyldiphenylamine",CCCCCCCCC1=CC=C(C=C1)NC2=CC=C(C=C2)CCCCCCCC,,29,True,False
102-07-8,DTXSID2025183,Diphenylurea,C1=CC=C(C=C1)NC(=O)NC2=CC=CC=C2,,16,True,False
142-84-7,DTXSID2025185,Dipropylamine,CCCNCCC,,7,True,False
3179-90-6,DTXSID8025208,C.I. Disperse Blue 7,C1=CC(=C2C(=C1NCCO)C(=O)C3=C(C=CC(=C3C2=O)O)O)NCCO,,26,True,False
119-06-2,DTXSID2025214,Ditridecyl phthalate,CCCCCCCCCCCCCOC(=O)C1=CC=CC=C1C(=O)OCCCCCCCCCCCCC,,38,True,False
3648-20-2,DTXSID7025215,Diundecyl phthalate,CCCCCCCCCCCOC(=O)C1=CC=CC=C1C(=O)OCCCCCCCCCCC,,34,True,False
24169-02-6,DTXSID6025226,Econazole nitrate,C1=CC(=CC=C1COC(CN2C=CN=C2)C3=C(C=C(C=C3)Cl)Cl)Cl.[N+](=O)(O)[O-],,28,True,False
17372-87-1,DTXSID0025234,Eosin,C1=CC=C2C(=C1)C(=O)OC23C4=CC(=C(C(=C4OC5=C(C(=C(C=C35)Br)[O-])Br)Br)[O-])Br.[Na+].[Na+],,31,True,False
103-69-5,DTXSID1025271,N-Ethylaniline,CCNC1=CC=CC=C1,,9,True,False
87-25-2,DTXSID6025272,Ethyl anthranilate,CCOC(=O)C1=CC=CC=C1N,,12,True,False
123-05-7,DTXSID9025291,2-Ethylhexanal,CCCCC(CC)C=O,,9,True,False
94-96-2,DTXSID4025292,"2-Ethyl-1,3-hexanediol",CCCC(C(CC)CO)O,,10,True,False
149-57-5,DTXSID9025293,2-Ethylhexanoic acid,CCCCC(CC)C(=O)O,,10,True,False
645-62-5,DTXSID4025296,2-Ethyl-2-hexenal,CCCC=C(CC)C=O,,9,True,False
103-11-7,DTXSID9025297,2-Ethylhexyl acrylate,CCCCC(CC)COC(=O)C=C,,13,True,False
104-75-6,DTXSID4025298,2-Ethylhexylamine,CCCCC(CC)CN,,9,True,False
1241-94-7,DTXSID1025300,2-Ethylhexyl diphenyl phosphate,CCCCC(CC)COP(=O)(OC1=CC=CC=C1)OC2=CC=CC=C2,,25,True,False
2461-15-6,DTXSID6025301,2-Ethylhexyl glycidyl ether,CCCCC(CC)COCC1CO1,,13,True,False
5466-77-3,DTXSID1025302,Octinoxate,CCCCC(CC)COC(=O)C=CC1=CC=C(C=C1)OC,,21,True,False
97-63-2,DTXSID1025308,Ethyl methacrylate,CCOC(=O)C(=C)C,,8,True,False
62-50-0,DTXSID6025309,Ethyl methanesulfonate,CCOS(=O)(=O)C,,7,True,False
1629-58-9,DTXSID5025318,Ethyl vinyl ketone,CCC(=O)C=C,,6,True,False
518-47-8,DTXSID9025328,Fluorescein sodium,C1=CC=C2C(=C1)C(=O)OC23C4=C(C=C(C=C4)[O-])OC5=C3C=CC(=C5)[O-].[Na+].[Na+],,27,True,False
462-06-6,DTXSID4025329,Fluorobenzene,C1=CC=C(C=C1)F,,7,True,False
98-00-0,DTXSID2025347,Furfuryl alcohol,C1=COC(=C1)CO,,7,True,False
111-30-8,DTXSID6025355,Glutaraldehyde,C(CC=O)CC=O,,7,True,False
107-22-2,DTXSID5025364,Glyoxal,C(=O)C=O,,4,True,False
80-13-7,DTXSID9025370,Halazone,C1=CC(=CC=C1C(=O)O)S(=O)(=O)N(Cl)Cl,,15,True,False
25637-99-4,DTXSID8025383,"Hexabromocyclododecane, mixed isomers",C1C(CC(CC(CC(CC(CC1Br)Br)Br)Br)Br)Br,,18,True,False
143-27-1,DTXSID7025390,Hexadecylamine,CCCCCCCCCCCCCCCCN,,17,True,False
4719-04-4,DTXSID7025394,"1,3,5-Triazine-1,3,5(2H,4H,6H)-triethanol",C1N(CN(CN1CCO)CCO)CCO,,15,True,False
592-41-6,DTXSID4025402,1-Hexene,CCCCC=C,,6,True,False
495-18-1,DTXSID7025421,N-Hydroxybenzamide,C1=CC=C(C=C1)C(=O)NO,,10,True,False
10039-54-0,DTXSID2025424,Hydroxylamine sulfate (2:1),[NH3+]O.[NH3+]O.[O-]S(=O)(=O)[O-],,9,True,False
75-86-5,DTXSID7025427,2-Hydroxy-2-methylpropanenitrile,CC(C)(C#N)O,,6,True,False
78-97-7,DTXSID6025432,Lactonitrile,CC(C#N)O,,5,True,False
64-69-7,DTXSID5025445,Iodoacetic acid,C(C(=O)O)I,,5,True,False
123-92-2,DTXSID9025453,3-Methylbutyl acetate,CC(C)CCOC(=O)C,,9,True,False
78-81-9,DTXSID9025459,Isobutylamine,CC(C)CN,,5,True,False
108-21-4,DTXSID2025478,Isopropyl acetate,CC(C)OC(=O)C,,7,True,False
768-52-5,DTXSID7025479,N-Isopropylaniline,CC(C)NC1=CC=CC=C1,,10,True,False
51-30-9,DTXSID6025486,Isoproterenol hydrochloride,CC(C)NCC(C1=CC(=C(C=C1)O)O)O.Cl,,16,True,False
112-52-7,DTXSID0025492,1-Chlorododecane,CCCCCCCCCCCCCl,,13,True,False
1314-87-0,DTXSID0025498,Lead(II) sulfide,[S-2].[Pb+2],,2,True,False
78-70-6,DTXSID7025502,Linalool,CC(=CCCC(C)(C=C)O)C,,11,True,False
60-33-3,DTXSID2025505,Linoleic acid,CCCCCC=CCC=CCCCCCCCC(=O)O,,20,True,False
463-40-1,DTXSID7025506,Linolenic acid,CCC=CCC=CCC=CCCCCCCCC(=O)O,,20,True,False
7447-41-8,DTXSID2025509,Lithium chloride,[Li+].[Cl-],,2,True,False
569-64-2,DTXSID1025512,Malachite green,CN(C)C1=CC=C(C=C1)C(=C2C=CC(=[N+](C)C)C=C2)C3=CC=CC=C3.[Cl-],,26,True,False
2437-29-8,DTXSID6025513,Malachite green oxalate,CN(C)C1=CC=C(C=C1)C(=C2C=CC(=[N+](C)C)C=C2)C3=CC=CC=C3.CN(C)C1=CC=C(C=C1)C(=C2C=CC(=[N+](C)C)C=C2)C3=CC=CC=C3.C(=O)(C(=O)O)O.C(=O)(C(=O)O)O.C(=O)(C(=O)[O-])[O-],,68,True,False
54-64-8,DTXSID3025540,Thimerosal,C[CH2].C1=CC=C(C(=C1)C(=O)[O-])[S-].[Na+].[Hg+],,14,True,False
301-12-2,DTXSID8025541,Oxydemeton-methyl,CCS(=O)CCSP(=O)(OC)OC,,13,True,False
79-41-4,DTXSID3025542,Methacrylic acid,CC(=C)C(=O)O,,6,True,False
110-49-6,DTXSID2025553,2-Methoxyethyl acetate,CC(=O)OCCOC,,8,True,False
123-88-6,DTXSID2025555,Methoxyethyl mercury chloride,COC[CH2].[Cl-].[Hg+],,6,True,False
109-87-5,DTXSID1025564,Dimethoxymethane,COCOC,,5,True,False
55-55-0,DTXSID6025565,N-Methyl-p-aminophenol sulfate,CNC1=CC=C(C=C1)O.CNC1=CC=C(C=C1)O.OS(=O)(=O)O,,23,True,False
134-20-3,DTXSID6025567,Methyl 2-aminobenzoate,COC(=O)C1=CC=CC=C1N,,11,True,False
93-58-3,DTXSID5025572,Methyl benzoate,COC(=O)C1=CC=CC=C1,,10,True,False
92-48-8,DTXSID9025588,6-Methyl coumarin,CC1=CC2=C(C=C1)OC(=O)C=C2,,12,True,False
6317-18-6,DTXSID8025599,Methylene bis(thiocyanate),C(SC#N)SC#N,,7,True,False
93-15-2,DTXSID5025607,Methyleugenol,COC1=C(C=C(C=C1)CC=C)OC,,13,True,False
534-22-5,DTXSID9025611,2-Methylfuran,CC1=CC=CO1,,6,True,False
593-56-6,DTXSID9025615,O-Methylhydroxylamine hydrochloride,CON.Cl,,4,True,False
603-83-8,DTXSID8025628,2-Methyl-3-nitroaniline,CC1=C(C=CC=C1[N+](=O)[O-])N,,11,True,False
99-52-5,DTXSID3025629,2-Methyl-4-nitroaniline,CC1=C(C=CC(=C1)[N+](=O)[O-])N,,11,True,False
570-24-1,DTXSID7025631,2-Methyl-6-nitroaniline,CC1=C(C(=CC=C1)[N+](=O)[O-])N,,11,True,False
89-62-3,DTXSID2025632,4-Methyl-2-nitroaniline,CC1=CC(=C(C=C1)N)[N+](=O)[O-],,11,True,False
119-32-4,DTXSID7025633,4-Methyl-3-nitroaniline,CC1=C(C=C(C=C1)N)[N+](=O)[O-],,11,True,False
578-46-1,DTXSID2025634,5-Methyl-2-nitroaniline,CC1=CC(=C(C=C1)[N+](=O)[O-])N,,11,True,False
90-33-5,DTXSID8025670,4-Methylumbelliferone,CC1=CC(=O)OC2=C1C=CC(=C2)O,,13,True,False
78-94-4,DTXSID3025671,Methyl vinyl ketone,CC(=O)C=C,,5,True,False
75-04-7,DTXSID8025678,Ethanamine,CCN,,3,True,False
4376-20-9,DTXSID2025680,MEHP,CCCCC(CC)COC(=O)C1=CC=CC=C1C(=O)O,,20,True,False
75-31-0,DTXSID2025682,Isopropylamine,CC(C)N,,4,True,False
74-89-5,DTXSID7025683,Methylamine,CN,,2,True,False
2163-80-6,DTXSID2025686,Monosodium methanearsonate,C[As](=O)(O)[O-].[Na+],,6,True,False
110-91-8,DTXSID2025688,Morpholine,C1COCCN1,,6,True,False
83-66-9,DTXSID7025689,Musk ambrette,CC1=C(C=C(C(=C1[N+](=O)[O-])OC)C(C)(C)C)[N+](=O)[O-],,19,True,False
81-14-1,DTXSID6025690,Musk ketone,CC1=C(C(=C(C(=C1[N+](=O)[O-])C(C)(C)C)[N+](=O)[O-])C)C(=O)C,,21,True,False
93-45-8,DTXSID8025701,4-(2-Naphthylamino)phenol,C1=CC=C2C=C(C=CC2=C1)NC3=CC=C(C=C3)O,,18,True,False
551-06-4,DTXSID8025703,alpha-Naphylisothiocyanate,C1=CC=C2C(=C1)C=CC=C2N=C=S,,13,True,False
1313-99-1,DTXSID7025710,Nickel (II) oxide,[O-2].[Ni+2],,2,True,False
99-09-2,DTXSID6025725,3-Nitroaniline,C1=CC(=CC(=C1)[N+](=O)[O-])N,,10,True,False
88-74-4,DTXSID1025726,2-Nitroaniline,C1=CC=C(C(=C1)N)[N+](=O)[O-],,10,True,False
122-04-3,DTXSID9025742,4-Nitrobenzoyl chloride,C1=CC(=CC=C1C(=O)Cl)[N+](=O)[O-],,12,True,False
100-14-1,DTXSID4025745,4-Nitrobenzyl chloride,C1=CC(=CC=C1CCl)[N+](=O)[O-],,11,True,False
609-31-4,DTXSID9025748,2-Nitro-1-butanol,CCC(CO)[N+](=O)[O-],,8,True,False
55-86-7,DTXSID8025757,Nitrogen mustard hydrochloride,CN(CCCl)CCCl.Cl,,9,True,False
554-84-7,DTXSID2025765,3-Nitrophenol,C1=CC(=CC(=C1)O)[N+](=O)[O-],,10,True,False
88-72-2,DTXSID4025791,2-Nitrotoluene,CC1=CC=CC=C1[N+](=O)[O-],,10,True,False
3268-87-9,DTXSID4025799,Octachlorodibenzo-p-dioxin,C12=C(C(=C(C(=C1Cl)Cl)Cl)Cl)OC3=C(O2)C(=C(C(=C3Cl)Cl)Cl)Cl,,22,True,False
2234-13-1,DTXSID6025800,"1,2,3,4,5,6,7,8-Octachloronaphthalene",C12=C(C(=C(C(=C1Cl)Cl)Cl)Cl)C(=C(C(=C2Cl)Cl)Cl)Cl,,18,True,False
124-30-1,DTXSID1025801,1-Octadecanamine,CCCCCCCCCCCCCCCCCCN,,19,True,False
111-66-0,DTXSID6025804,1-Octene,CCCCCCC=C,,8,True,False
26530-20-1,DTXSID1025805,Octhilinone,CCCCCCCCN1C(=O)C=CS1,,14,True,False
112-80-1,DTXSID1025809,Oleic acid,CCCCCCCCC=CCCCCCCCC(=O)O,,20,True,False
65-86-1,DTXSID0025814,Orotic acid,C1=C(NC(=O)NC1=O)C(=O)O,,11,True,False
341-69-5,DTXSID5025815,Orphenadrine hydrochloride,CC1=CC=CC=C1C(C2=CC=CC=C2)OCCN(C)C.Cl,,21,True,False
144-62-7,DTXSID0025816,Oxalic acid,C(=O)(C(=O)O)O,,6,True,False
87-83-2,DTXSID3025833,Pentabromotoluene,CC1=C(C(=C(C(=C1Br)Br)Br)Br)Br,,12,True,False
109-66-0,DTXSID2025846,Pentane,CCCCC,,5,True,False
79-21-0,DTXSID1025853,Peracetic acid,CC(=O)OO,,5,True,False
66-71-7,DTXSID1025857,"1,10-Phenanthroline",C1=CC2=C(C3=C(C=CC=N3)C=C2)N=C1,,14,True,False
122-59-8,DTXSID9025873,Phenoxyacetic acid,C1=CC=C(C=C1)OCC(=O)O,,11,True,False
95-54-5,DTXSID3025881,"1,2-Phenylenediamine",C1=CC=C(C(=C1)N)N,,8,True,False
90-30-2,DTXSID2025892,N-Phenyl-1-naphthylamine,C1=CC=C(C=C1)NC2=CC=CC3=CC=CC=C32,,17,True,False
101-54-2,DTXSID7025895,"N-Phenyl-1,4-benzenediamine",C1=CC=C(C=C1)NC2=CC=C(C=C2)N,,14,True,False
88-89-1,DTXSID4025909,Picric acid,C1=C(C=C(C(=C1[N+](=O)[O-])O)[N+](=O)[O-])[N+](=O)[O-],,16,True,False
473-55-2,DTXSID7025922,Pinane,CC1CCC2CC1C2(C)C,,10,True,False
83-26-1,DTXSID1025930,Pindone,CC(C)(C)C(=O)C1C(=O)C2=CC=CC=C2C1=O,,17,True,False
7758-02-3,DTXSID5025946,Potassium bromide,[K+].[Br-],,2,True,False
7778-50-9,DTXSID5025948,Potassium dichromate,O.O.O.O.O.[OH-].[OH-].[K+].[K+].[Cr].[Cr],,11,True,False
143-18-0,DTXSID0025949,Potassium oleate,CCCCCCCCC=CCCCCCCCC(=O)[O-].[K+],,21,True,False
79-09-4,DTXSID8025961,Propionic acid,CCC(=O)O,,5,True,False
89-82-7,DTXSID2025975,R-(+)-Pulegone,CC1CCC(=C(C)C)C(=O)C1,,11,True,False
87-66-1,DTXSID6025983,Pyrogallol,C1=CC(=C(C(=C1)O)O)O,,9,True,False
69-05-6,DTXSID6025985,Quinacrine dihydrochloride,CCN(CC)CCCC(C)NC1=C2C=C(C=CC2=NC3=C1C=CC(=C3)Cl)OC.Cl.Cl,,30,True,False
5323-95-5,DTXSID9026005,Sodium ricinoleate,CCCCCCC(CC=CCCCCCCCC(=O)[O-])O.[Na+],,22,True,False
1344-00-9,DTXSID7026021,Sodium aluminosilicate,[O-][Si](=O)[O-].[O-][Si](=O)[O-].[Na+].[Al+3],,10,True,False
7775-09-9,DTXSID7026025,Sodium chlorate,[O-]Cl(=O)=O.[Na+],,5,True,False
151-21-3,DTXSID1026031,Sodium dodecyl sulfate,CCCCCCCCCCCCOS(=O)(=O)[O-].[Na+],,18,True,False
2492-26-4,DTXSID1026035,Sodium 2-mercaptobenzothiolate,C1=CC=C2C(=C1)N=C(S2)[S-].[Na+],,11,True,False
7558-79-4,DTXSID1026039,Dibasic sodium phosphate,OP(=O)([O-])[O-].[Na+].[Na+],,7,True,False
3810-74-0,DTXSID9026053,Streptomycin sulfate (2:3),CC1C(C(C(O1)OC2C(C(C(C(C2O)O)N=C(N)N)O)N=C(N)N)OC3C(C(C(C(O3)CO)O)O)NC)(C=O)O.CC1C(C(C(O1)OC2C(C(C(C(C2O)O)N=C(N)N)O)N=C(N)N)OC3C(C(C(C(O3)CO)O)O)NC)(C=O)O.OS(=O)(=O)O.OS(=O)(=O)O.OS(=O)(=O)O,,95,True,False
723-46-6,DTXSID8026064,Sulfamethoxazole,CC1=CC(=NO1)NS(=O)(=O)C2=CC=C(C=C2)N,,17,True,False
144-83-2,DTXSID3026067,Sulfapyridine,C1=CC=NC(=C1)NS(=O)(=O)C2=CC=C(C=C2)N,,17,True,False
72-14-0,DTXSID8026068,Sulfathiazole,C1=CC(=CC=C1N)S(=O)(=O)NC2=NC=CS2,,16,True,False
93-79-8,DTXSID7026073,"Butyl (2,4,5-trichlorophenoxy)acetate",CCCCOC(=O)COC1=CC(=C(C=C1Cl)Cl)Cl,,18,True,False
1401-55-4,DTXSID2026076,Tannic acid,C1=C(C=C(C(=C1O)O)O)C(=O)OC2=CC(=CC(=C2O)O)C(=O)OCC3C(C(C(C(O3)OC(=O)C4=CC(=C(C(=C4)OC(=O)C5=CC(=C(C(=C5)O)O)O)O)O)OC(=O)C6=CC(=C(C(=C6)OC(=O)C7=CC(=C(C(=C7)O)O)O)O)O)OC(=O)C8=CC(=C(C(=C8)OC(=O)C9=CC(=C(C(=C9)O)O)O)O)O)OC(=O)C1=CC(=C(C(=C1)OC(=O)C1=CC(=C(C(=C1)O)O)O)O)O,,122,True,False
100-21-0,DTXSID6026080,Terephthalic acid,C1=CC(=CC=C1C(=O)O)C(=O)O,,12,True,False
79-94-7,DTXSID1026081,"3,3',5,5'-Tetrabromobisphenol A",CC(C)(C1=CC(=C(C(=C1)Br)O)Br)C2=CC(=C(C(=C2)Br)O)Br,,21,True,False
632-79-1,DTXSID6026084,Tetrabromophthalic anhydride,C12=C(C(=C(C(=C1Br)Br)Br)Br)C(=O)OC2=O,,15,True,False
634-66-2,DTXSID6026088,"1,2,3,4-Tetrachlorobenzene",C1=CC(=C(C(=C1Cl)Cl)Cl)Cl,,10,True,False
634-90-2,DTXSID1026089,"1,2,3,5-Tetrachlorobenzene",C1=C(C=C(C(=C1Cl)Cl)Cl)Cl,,10,True,False
879-39-0,DTXSID5026097,"2,3,4,5-Tetrachloronitrobenzene",C1=C(C(=C(C(=C1Cl)Cl)Cl)Cl)[N+](=O)[O-],,13,True,False
117-18-0,DTXSID0026098,"2,3,5,6-Tetrachloronitrobenzene",C1=C(C(=C(C(=C1Cl)Cl)[N+](=O)[O-])Cl)Cl,,13,True,False
935-95-5,DTXSID2026101,"2,3,5,6-Tetrachlorophenol",C1=C(C(=C(C(=C1Cl)Cl)O)Cl)Cl,,11,True,False
117-08-8,DTXSID7026102,Tetrachlorophthalic anhydride,C12=C(C(=C(C(=C1Cl)Cl)Cl)Cl)C(=O)OC2=O,,15,True,False
119-64-2,DTXSID1026118,Tetralin,C1CCC2=CC=CC=C2C1,,10,True,False
75-74-1,DTXSID0026123,Tetramethyl lead,C.C.C.C.[Pb],,5,True,False
2782-91-4,DTXSID5026126,"1,1,3,3-Tetramethyl-2-thiourea",CN(C)C(=S)N(C)C,,8,True,False
102-08-9,DTXSID4026139,Thiocarbanilide,C1=CC=C(C=C1)NC(=S)NC2=CC=CC=C2,,16,True,False
68-11-1,DTXSID8026141,Thioglycolic acid,C(C(=O)O)S,,5,True,False
110-02-1,DTXSID8026145,Thiophene,C1=CSC=C1,,5,True,False
584-84-9,DTXSID7026156,"Toluene-2,4-diisocyanate",CC1=C(C=C(C=C1)N=C=O)N=C=O,,13,True,False
95-53-4,DTXSID1026164,2-Methylaniline,CC1=CC=CC=C1N,,8,True,False
621-77-2,DTXSID0026177,Tripentylamine,CCCCCN(CCCCC)CCCCC,,16,True,False
2244-21-5,DTXSID5026178,Potassium dichloroisocyanurate,C1(=NC(=O)N(C(=O)N1Cl)Cl)[O-].[K+],,12,True,False
102-82-9,DTXSID4026183,Tributylamine,CCCCN(CCCC)CCCC,,13,True,False
688-74-4,DTXSID9026184,Tributyl borate,B(OCCCC)(OCCCC)OCCCC,,16,True,False
87-61-6,DTXSID8026193,"1,2,3-Trichlorobenzene",C1=CC(=C(C(=C1)Cl)Cl)Cl,,9,True,False
108-70-3,DTXSID8026195,"1,3,5-Trichlorobenzene",C1=C(C=C(C=C1Cl)Cl)Cl,,9,True,False
7673-09-8,DTXSID5026201,Trichloromelamine,C1(=NC(=NC(=N1)NCl)NCl)NCl,,12,True,False
17700-09-3,DTXSID0026202,"2,3,4-Trichloronitrobenzene",C1=CC(=C(C(=C1[N+](=O)[O-])Cl)Cl)Cl,,12,True,False
15950-66-0,DTXSID5026207,"2,3,4-Trichlorophenol",C1=CC(=C(C(=C1O)Cl)Cl)Cl,,10,True,False
933-78-8,DTXSID0026208,"2,3,5-Trichlorophenol",C1=C(C=C(C(=C1O)Cl)Cl)Cl,,10,True,False
933-75-5,DTXSID5026209,"2,3,6-Trichlorophenol",C1=CC(=C(C(=C1Cl)O)Cl)Cl,,10,True,False
609-19-8,DTXSID4026212,"3,4,5-Trichlorophenol",C1=C(C=C(C(=C1Cl)Cl)Cl)O,,10,True,False
101-20-2,DTXSID4026214,Triclocarban,C1=CC(=CC=C1NC(=O)NC2=CC(=C(C=C2)Cl)Cl)Cl,,19,True,False
51-18-3,DTXSID3026225,Triethylenemelamine,C1CN1C2=NC(=NC(=N2)N3CC3)N4CC4,,15,True,False
1067-14-7,DTXSID3026227,Triethyllead chloride,C[CH2].C[CH2].C[CH2].[Cl-].[Pb],,8,True,False
78-40-0,DTXSID8026228,Triethyl phosphate,CCOP(=O)(OCC)OCC,,11,True,False
535-83-1,DTXSID2026230,Trigonelline,C[N+]1=CC=CC(=C1)C(=O)[O-],,10,True,False
75-50-3,DTXSID2026238,Trimethylamine,CN(C)C,,4,True,False
13674-87-8,DTXSID9026261,TDCPP,C(C(CCl)OP(=O)(OC(CCl)CCl)OC(CCl)CCl)Cl,,20,True,False
301-13-3,DTXSID4026264,Tris(2-ethylhexyl) phosphite,CCCCC(CC)COP(OCC(CC)CCCC)OCC(CC)CCCC,,28,True,False
72-57-1,DTXSID4026268,C.I. Direct Blue 14,CC1=C(C=CC(=C1)C2=CC(=C(C=C2)N=NC3=C(C4=C(C=C(C=C4C=C3S(=O)(=O)O)S(=O)(=O)[O-])N)[O-])C)N=NC5=C(C6=C(C=C(C=C6C=C5S(=O)(=O)O)S(=O)(=O)[O-])N)[O-].[Na+].[Na+].[Na+].[Na+],,62,True,False
482-89-3,DTXSID3026279,Indigo,C1=CC=C2C(=C1)C(=C(N2)C3=NC4=CC=CC=C4C3=O)O,,20,True,False
81-77-6,DTXSID2026280,Vat Blue 4,C1=CC=C2C(=C1)C(=O)C3=C(C2=O)C4=C(C=C3)NC5=C(N4)C=CC6=C5C(=O)C7=CC=CC=C7C6=O,,34,True,False
108-38-3,DTXSID6026298,m-Xylene,CC1=CC(=CC=C1)C,,8,True,False
87-59-2,DTXSID3026304,"2,3-Dimethylaniline",CC1=C(C(=CC=C1)N)C,,9,True,False
95-68-1,DTXSID8026305,"2,4-Dimethylaniline",CC1=CC(=C(C=C1)N)C,,9,True,False
87-62-7,DTXSID8026307,"2,6-Dimethylaniline",CC1=C(C(=CC=C1)C)N,,9,True,False
95-64-7,DTXSID3026308,"3,4-Dimethylaniline",CC1=C(C=C(C=C1)N)C,,9,True,False
108-69-0,DTXSID8026309,"3,5-Dimethylaniline",CC1=CC(=CC(=C1)N)C,,9,True,False
13463-41-7,DTXSID7026314,Zinc pyrithione,C1=CC(=S)N(C=C1)[O-].C1=CC(=S)N(C=C1)[O-].[Zn+2],,17,True,False
60-24-2,DTXSID4026343,2-Mercaptoethanol,C(CS)O,,4,True,False
64-02-8,DTXSID3026350,Ethylenediaminetetraacetic acid tetrasodium salt,C(CN(CC(=O)[O-])CC(=O)[O-])N(CC(=O)[O-])CC(=O)[O-].[Na+].[Na+].[Na+].[Na+],,24,True,False
68-04-2,DTXSID2026363,Trisodium citrate,C(C(=O)[O-])C(CC(=O)[O-])(C(=O)[O-])O.[Na+].[Na+].[Na+],,16,True,False
69-72-7,DTXSID7026368,Salicylic acid,C1=CC=C(C(=C1)C(=O)O)O,,10,True,False
71-48-7,DTXSID6026373,Cobalt(II) acetate,CC(=O)[O-].CC(=O)[O-].[Co+2],,9,True,False
74-93-1,DTXSID5026382,Methanethiol,CS,,2,True,False
75-08-1,DTXSID9026394,Ethanethiol,CCS,,3,True,False
75-18-3,DTXSID9026398,Dimethyl sulfide,CSC,,3,True,False
75-98-9,DTXSID8026432,"2,2-Dimethylpropanoic acid",CC(C)(C)C(=O)O,,7,True,False
77-99-6,DTXSID2026448,"2-Ethyl-2-(hydroxymethyl)-1,3-propanediol",CCC(CO)(CO)CO,,9,True,False
78-82-0,DTXSID5026461,2-Methylpropanenitrile,CC(C)C#N,,5,True,False
79-92-5,DTXSID8026488,Camphene,CC1(C2CCC(C2)C1=C)C,,10,True,False
80-56-8,DTXSID4026501,alpha-Pinene,CC1=CCC2CC1C2(C)C,,10,True,False
85-41-6,DTXSID3026514,Phthalimide,C1=CC=C2C(=C1)C(=O)NC2=O,,11,True,False
85-42-7,DTXSID8026515,Hexahydrophthalic anhydride,C1CCC2C(C1)C(=O)OC2=O,,11,True,False
85-69-8,DTXSID8026519,Butyl 2-ethylhexyl phthalate,CCCCC(CC)COC(=O)C1=CC=CC=C1C(=O)OCCCC,,24,True,False
87-90-1,DTXSID2026523,Symclosene,C1(=O)N(C(=O)N(C(=O)N1Cl)Cl)Cl,,12,True,False
88-18-6,DTXSID2026525,2-tert-Butylphenol,CC(C)(C)C1=CC=CC=C1O,,11,True,False
90-51-7,DTXSID0026547,6-Amino-4-hydroxynaphthalene-2-sulfonic acid,C1=CC(=CC2=C(C=C(C=C21)S(=O)(=O)O)O)N,,16,True,False
96-49-1,DTXSID2026600,"1,3-Dioxolan-2-one",C1COC(=O)O1,,6,True,False
97-65-4,DTXSID2026608,Methylenebutanedioic acid,C=C(CC(=O)O)C(=O)O,,9,True,False
98-09-9,DTXSID1026619,Benzenesulfonyl chloride,C1=CC=C(C=C1)S(=O)(=O)Cl,,10,True,False
98-55-5,DTXSID5026625,alpha-Terpineol,CC1=CCC(CC1)C(C)(C)O,,11,True,False
98-88-4,DTXSID9026631,Benzoyl chloride,C1=CC=C(C=C1)C(=O)Cl,,9,True,False
99-62-7,DTXSID8026640,"1,3-Diisopropylbenzene",CC(C)C1=CC(=CC=C1)C(C)C,,12,True,False
99-87-6,DTXSID3026645,p-Cymene,CC1=CC=C(C=C1)C(C)C,,10,True,False
99-96-7,DTXSID3026647,4-Hydroxybenzoic acid,C1=CC(=CC=C1C(=O)O)O,,10,True,False
101-63-3,DTXSID0026676,"1,1'-Oxybis(4-nitrobenzene)",C1=CC(=CC=C1[N+](=O)[O-])OC2=CC=C(C=C2)[N+](=O)[O-],,19,True,False
104-66-5,DTXSID5026706,"1,2-Diphenoxyethane",C1=CC=C(C=C1)OCCOC2=CC=CC=C2,,16,True,False
105-39-5,DTXSID4026715,Ethyl chloroacetate,CCOC(=O)CCl,,7,True,False
106-14-9,DTXSID8026725,12-Hydroxyoctadecanoic acid,CCCCCCC(CCCCCCCCCCC(=O)O)O,,21,True,False
106-24-1,DTXSID8026727,Geraniol,CC(=CCCC(=CCO)C)C,,11,True,False
106-75-2,DTXSID2026739,"Carbonochloridic acid, oxydi-2,1-ethanediyl ester",C(COC(=O)Cl)OCCOC(=O)Cl,,13,True,False
107-03-9,DTXSID5026750,1-Propanethiol,CCCS,,4,True,False
107-64-2,DTXSID8026771,Dimethyldioctadecylammonium chloride,CCCCCCCCCCCCCCCCCC[N+](C)(C)CCCCCCCCCCCCCCCCCC.[Cl-],,40,True,False
108-11-2,DTXSID2026781,4-Methyl-2-pentanol,CC(C)CC(C)O,,7,True,False
108-44-1,DTXSID1026792,3-Methylaniline,CC1=CC(=CC=C1)N,,8,True,False
108-65-6,DTXSID1026796,1-Methoxy-2-propyl acetate,CC(COC)OC(=O)C,,9,True,False
108-67-8,DTXSID6026797,"1,3,5-Trimethylbenzene",CC1=CC(=CC(=C1)C)C,,9,True,False
108-98-5,DTXSID7026811,Benzenethiol,C1=CC=C(C=C1)S,,7,True,False
109-74-0,DTXSID1026823,Butanenitrile,CCCC#N,,5,True,False
109-79-5,DTXSID6026824,1-Butanethiol,CCCCS,,5,True,False
110-19-0,DTXSID5026837,Isobutyl acetate,CC(C)COC(=O)C,,8,True,False
111-55-7,DTXSID0026880,"1,2-Ethanediol diacetate",CC(=O)OCCOC(=O)C,,10,True,False
111-65-9,DTXSID0026882,Octane,CCCCCCCC,,8,True,False
111-78-4,DTXSID0026888,"1,5-Cyclooctadiene",C1CC=CCCC=C1,,8,True,False
112-00-5,DTXSID1026900,Dodecyltrimethylammonium chloride,CCCCCCCCCCCC[N+](C)(C)C.[Cl-],,17,True,False
112-02-7,DTXSID6026901,Hexadecyl trimethyl ammonium chloride,CCCCCCCCCCCCCCCC[N+](C)(C)C.[Cl-],,21,True,False
112-03-8,DTXSID1026902,"N,N,N-Trimethyloctadecan-1-aminium chloride",CCCCCCCCCCCCCCCCCC[N+](C)(C)C.[Cl-],,23,True,False
112-18-5,DTXSID1026906,"N,N-Dimethyldodecan-1-amine",CCCCCCCCCCCCN(C)C,,15,True,False
112-40-3,DTXSID0026913,Dodecane,CCCCCCCCCCCC,,12,True,False
112-42-5,DTXSID0026915,1-Undecanol,CCCCCCCCCCCO,,12,True,False
112-53-8,DTXSID5026918,1-Dodecanol,CCCCCCCCCCCCO,,13,True,False
112-60-7,DTXSID9026922,Tetraethylene glycol,C(COCCOCCOCCO)O,,13,True,False
112-92-5,DTXSID8026935,1-Octadecanol,CCCCCCCCCCCCCCCCCCO,,19,True,False
115-77-5,DTXSID2026943,Pentaerythritol,C(C(CO)(CO)CO)O,,9,True,False
118-29-6,DTXSID1026954,"2-(Hydroxymethyl)-1H-Isoindole-1,3(2H)-dione",C1=CC=C2C(=C1)C(=O)N(C2=O)CO,,13,True,False
119-33-5,DTXSID0026961,4-Methyl-2-nitrophenol,CC1=CC(=C(C=C1)O)[N+](=O)[O-],,11,True,False
121-86-8,DTXSID3026984,2-Chloro-1-methyl-4-nitrobenzene,CC1=C(C=C(C=C1)[N+](=O)[O-])Cl,,11,True,False
123-01-3,DTXSID7026994,Dodecylbenzene,CCCCCCCCCCCCC1=CC=CC=C1,,18,True,False
123-11-5,DTXSID2026997,4-Methoxybenzaldehyde,COC1=CC=C(C=C1)C=O,,10,True,False
123-95-5,DTXSID5027013,"Octadecanoic acid, butyl ester",CCCCCCCCCCCCCCCCCC(=O)OCCCC,,24,True,False
123-96-6,DTXSID0027014,2-Octanol,CCCCCCC(C)O,,9,True,False
124-38-9,DTXSID4027028,Carbon dioxide,C(=O)=O,,3,True,False
126-11-4,DTXSID8027034,"2-(Hydroxymethyl)-2-nitro-1,3-propanediol",C(C(CO)(CO)[N+](=O)[O-])O,,10,True,False
126-33-0,DTXSID3027037,Sulfolane,C1CCS(=O)(=O)C1,,7,True,False
127-08-2,DTXSID7027043,Potassium acetate,CC(=O)[O-].[K+],,5,True,False
127-09-3,DTXSID2027044,Sodium acetate,CC(=O)[O-].[Na+],,5,True,False
127-68-4,DTXSID2027048,Sodium 3-nitrobenzenesulfonate,C1=CC(=CC(=C1)S(=O)(=O)[O-])[N+](=O)[O-].[Na+],,14,True,False
128-04-1,DTXSID6027050,Sodium dimethyldithiocarbamate,CN(C)C(=S)[S-].[Na+],,7,True,False
128-39-2,DTXSID6027052,"2,6-Di-tert-butylphenol",CC(C)(C)C1=C(C(=CC=C1)C(C)(C)C)O,,15,True,False
135-19-3,DTXSID5027061,2-Naphthalenol,C1=CC=C2C=C(C=CC2=C1)O,,11,True,False
137-16-6,DTXSID0027066,Sodium [dodecanoyl(methyl)amino]acetate,CCCCCCCCCCCC(=O)N(C)CC(=O)[O-].[Na+],,20,True,False
137-20-2,DTXSID5027067,Sodium N-methyl-N-oleoyltaurate,CCCCCCCCC=CCCCCCCCC(=O)N(C)CCS(=O)(=O)[O-].[Na+],,28,True,False
139-33-3,DTXSID9027073,"Ethylenediaminetetraacetic acid, disodium salt",C(CN(CC(=O)[O-])CC(=O)[O-])N(CC(=O)O)CC(=O)O.[Na+].[Na+],,22,True,False
139-89-9,DTXSID9027075,"Glycine, N-[2-[bis(carboxymethyl)amino]ethyl]-N-(2-hydroxyethyl)-, trisodium salt",C(CN(CC(=O)[O-])CC(=O)[O-])N(CCO)CC(=O)[O-].[Na+].[Na+].[Na+],,22,True,False
140-01-2,DTXSID9027077,Diethylenetriaminepentaacetic acid pentasodium salt,C(CN(CC(=O)[O-])CC(=O)[O-])N(CCN(CC(=O)[O-])CC(=O)[O-])CC(=O)[O-].[Na+].[Na+].[Na+].[Na+].[Na+],,32,True,False
140-93-2,DTXSID8027084,Proxan-sodium,CC(C)OC(=S)[S-].[Na+],,8,True,False
141-23-1,DTXSID8027086,Methyl 12-hydroxyoctadecanoate,CCCCCCC(CCCCCCCCCCC(=O)OC)O,,22,True,False
141-53-7,DTXSID2027090,Sodium formate,C(=O)[O-].[Na+],,4,True,False
141-97-9,DTXSID2027092,Ethyl acetoacetate,CCOC(=O)CC(=O)C,,9,True,False
141-98-0,DTXSID7027093,"Carbamothioic acid, ethyl-, O-(1-methylethyl) ester",CCNC(=S)OC(C)C,,9,True,False
142-22-3,DTXSID7027095,"2,5,8,10-Tetraoxatridec-12-enoic acid, 9-oxo-, 2-propenyl ester",C=CCOC(=O)OCCOCCOC(=O)OCC=C,,19,True,False
142-30-3,DTXSID2027096,"2,5-Dimethyl-3-hexyne-2,5-diol",CC(C)(C#CC(C)(C)O)O,,10,True,False
149-44-0,DTXSID7027120,Sodium hydroxymethanesulfinate,C(O)S(=O)[O-].[Na+],,6,True,False
288-88-0,DTXSID6027131,"1H-1,2,4-Triazole",C1=NC=NN1,,5,True,False
298-06-6,DTXSID6027133,"O,O-Diethyl dithiophosphate",CCOP(=S)(OCC)S,,9,True,False
298-07-7,DTXSID1027134,Bis(2-ethylhexyl) phosphate,CCCCC(CC)COP(=O)(O)OCC(CC)CCCC,,21,True,False
372-09-8,DTXSID0027149,Cyanoacetic acid,C(C#N)C(=O)O,,6,True,False
554-12-1,DTXSID7027201,Methyl propanoate,CCC(=O)OC,,6,True,False
556-61-6,DTXSID2027204,Methyl isothiocyanate,CN=C=S,,4,True,False
556-67-2,DTXSID7027205,Octamethylcyclotetrasiloxane,C[Si]1(O[Si](O[Si](O[Si](O1)(C)C)(C)C)(C)C)C,,16,True,False
579-66-8,DTXSID6027218,"2,6-Diethylaniline",CCC1=C(C(=CC=C1)CC)N,,11,True,False
586-62-9,DTXSID0027222,Terpinolene,CC1=CCC(=C(C)C)CC1,,10,True,False
593-81-7,DTXSID5027229,"N,N-Dimethylmethanamine hydrochloride",CN(C)C.Cl,,5,True,False
602-01-7,DTXSID4027236,"2,3-Dinitrotoluene",CC1=C(C(=CC=C1)[N+](=O)[O-])[N+](=O)[O-],,13,True,False
610-39-9,DTXSID8027240,"3,4-Dinitrotoluene",CC1=CC(=C(C=C1)[N+](=O)[O-])[N+](=O)[O-],,13,True,False
616-45-5,DTXSID8027246,2-Pyrrolidinone,C1CC(=O)NC1,,6,True,False
617-94-7,DTXSID3027247,2-Phenylpropan-2-ol,CC(C)(C1=CC=CC=C1)O,,10,True,False
619-15-8,DTXSID8027248,"2,5-Dinitrotoluene",CC1=C(C=CC(=C1)[N+](=O)[O-])[N+](=O)[O-],,13,True,False
623-91-6,DTXSID7027253,Diethyl (2E)-but-2-enedioate,CCOC(=O)C=CC(=O)OCC,,12,True,False
626-17-5,DTXSID7027259,"1,3-Benzenedicarbonitrile",C1=CC(=CC(=C1)C#N)C#N,,10,True,False
628-63-7,DTXSID1027263,Pentyl acetate,CCCCCOC(=O)C,,9,True,False
646-06-0,DTXSID4027284,"1,3-Dioxolane",C1COCO1,,5,True,False
683-18-1,DTXSID8027292,Dibutyltin dichloride,CCC[CH2].CCC[CH2].[Cl-].[Cl-].[Sn+2],,11,True,False
753-73-1,DTXSID5027304,Dimethyltin dichloride,C.C.[Cl-].[Cl-].[Sn+2],,5,True,False
756-80-9,DTXSID5027306,"O,O-Dimethyldithiophosphate",COP(=S)(OC)S,,7,True,False
764-41-0,DTXSID9027310,"1,4-Dichloro-2-butene",C(C=CCCl)Cl,,6,True,False
818-08-6,DTXSID4027315,"Stannane, dibutyloxo-",CCC[CH2].CCC[CH2].O.[Sn],,10,True,False
825-90-1,DTXSID8027321,Monosodium 4-phenolsulfonate,C1=CC(=CC=C1[O-])S(=O)(=O)O.[Na+],,12,True,False
836-30-6,DTXSID8027323,4-Nitro-N-phenylaniline,C1=CC=C(C=C1)NC2=CC=C(C=C2)[N+](=O)[O-],,16,True,False
870-72-4,DTXSID3027328,Sodium hydroxymethanesulfonate,C(O)S(=O)(=O)[O-].[Na+],,7,True,False
1002-62-6,DTXSID0027351,Sodium decanoate,CCCCCCCCCC(=O)[O-].[Na+],,13,True,False
1074-82-4,DTXSID5027358,"Potassium 1,3-dioxo-1,3-dihydroisoindol-2-ide",C1=CC=C2C(=C1)C(=NC2=O)[O-].[K+],,12,True,False
1111-78-0,DTXSID9027360,Ammonium carbamate,C(=O)(N)O.N,,5,True,False
1222-05-5,DTXSID8027373,"Cyclopenta[g]-2-benzopyran, 1,3,4,6,7,8-hexahydro-4,6,6,7,8,8-hexamethyl-",CC1COCC2=CC3=C(C=C12)C(C(C3(C)C)C)(C)C,,19,True,False
1338-43-8,DTXSID6027397,"Sorbitan, mono-(9Z)-9-octadecenoate",CCCCCCCCC=CCCCCCCCC(=O)OCC(C1C(C(CO1)O)O)O,,30,True,False
1975-78-6,DTXSID9027449,Decanenitrile,CCCCCCCCCC#N,,11,True,False
1982-69-0,DTXSID8027450,Sodium dicamba,COC1=C(C=CC(=C1C(=O)[O-])Cl)Cl.[Na+],,14,True,False
2487-90-3,DTXSID0027482,Trimethoxysilane,CO[SiH](OC)OC,,7,True,False
2702-72-9,DTXSID4027496,"2,4-D sodium salt",C1=CC(=C(C=C1Cl)Cl)OCC(=O)[O-].[Na+],,14,True,False
2814-20-2,DTXSID1027502,2-Isopropyl-6-methyl-4-pyrimidone,CC1=CC(=O)NC(=N1)C(C)C,,11,True,False
2855-13-2,DTXSID6027503,Isophorone diamine,CC1(CC(CC(C1)(C)CN)N)C,,12,True,False
3194-55-6,DTXSID4027527,"1,2,5,6,9,10-Hexabromocyclododecane",C1CC(C(CCC(C(CCC(C1Br)Br)Br)Br)Br)Br,,18,True,False
3622-84-2,DTXSID7027540,N-Butylbenzenesulfonamide,CCCCNS(=O)(=O)C1=CC=CC=C1,,14,True,True
3734-48-3,DTXSID2027545,Chlordene,C1C=CC2C1C3(C(=C(C2(C3(Cl)Cl)Cl)Cl)Cl)Cl,,16,True,False
3926-62-3,DTXSID1027550,Sodium chloroacetate,C(C(=O)[O-])Cl.[Na+],,6,True,False
4904-61-4,DTXSID8027581,"1,5,9-Cyclododecatriene",C1CC=CCCC=CCCC=C1,,12,True,False
4948-28-1,DTXSID3027582,cis-2-Pinanol,CC1(C2CCC(C1C2)(C)O)C,,11,True,False
5064-31-3,DTXSID8027587,"Glycine, N,N-bis(carboxymethyl)-, trisodium salt",C(C(=O)[O-])N(CC(=O)[O-])CC(=O)[O-].[Na+].[Na+].[Na+],,16,True,False
5131-66-8,DTXSID8027589,1-Butoxy-2-propanol,CCCCOCC(C)O,,9,True,False
5421-46-5,DTXSID2027599,Ammonium thioglycolate,C(C(=O)O)S.N,,6,True,False
5915-41-3,DTXSID4027608,Terbuthylazine,CCNC1=NC(=NC(=N1)Cl)NC(C)(C)C,,15,True,False
7398-69-8,DTXSID4027650,Dimethyldiallylammonium chloride,C[N+](C)(CC=C)CC=C.[Cl-],,10,True,False
7440-44-0,DTXSID9027651,Carbon,C,,1,True,False
10124-65-9,DTXSID5027722,Potassium dodecanoate,CCCCCCCCCCCC(=O)[O-].[K+],,15,True,False
14433-76-2,DTXSID1027764,"N,N-Dimethyldecanamide",CCCCCCCCCC(=O)N(C)C,,14,True,False
15708-41-5,DTXSID5027774,Ethylenediaminetetraacetic acid ferric sodium salt,C(CN(CC(=O)[O-])CC(=O)[O-])N(CC(=O)[O-])CC(=O)[O-].[Na+].[Fe+3],,22,True,False
16485-47-5,DTXSID9027782,"Ferrate(1-), [N-[2-[bis[(carboxy-.kappa.O)methyl]amino-.kappa.N]ethyl]-N-[2-(hydroxy-.kappa.O)ethyl]glycinato(3-)-.kappa.N,.kappa.O]-, sodium",C(CN(CC(=O)[O-])CC(=O)[O-])N(CCO)CC(=O)[O-].[Na+].[Fe+2],,21,True,False
20824-56-0,DTXSID9027813,"Glycine, N,N'-1,2-ethanediylbis[N-(carboxymethyl)-, diammonium salt",C(CN(CC(=O)O)CC(=O)O)N(CC(=O)O)CC(=O)O.N.N,,22,True,False
21265-50-9,DTXSID9027815,"Ferrate(1-), [[N,N'-1,2-ethanediylbis[N-[(carboxy-.kappa.O)methyl]glycinato-.kappa.N,.kappa.O]](4-)]-, ammonium, (OC-6-21)-",C(CN(CC(=O)[O-])CC(=O)[O-])N(CC(=O)O)CC(=O)[O-].N.[Fe+3],,22,True,False
21351-39-3,DTXSID4027816,"Urea, sulfate (1:1)",C(=O)(N)N.OS(=O)(=O)O,,9,True,False
22473-78-5,DTXSID8027820,"Glycine, N,N'-1,2-ethanediylbis[N-(carboxymethyl)-, tetraammonium salt",C(CN(CC(=O)O)CC(=O)O)N(CC(=O)O)CC(=O)O.N.N.N.N,,24,True,False
24448-09-7,DTXSID7027831,N-Methylperfluorooctanesulfonamidoethanol,CN(CCO)S(=O)(=O)C(C(C(C(C(C(C(C(F)(F)F)(F)F)(F)F)(F)F)(F)F)(F)F)(F)F)(F)F,,33,True,True
25646-71-3,DTXSID2027882,"Methanesulfonamide, N-[2-[(4-amino-3-methylphenyl)ethylamino]ethyl]-, sulfate (2:3)",CCN(CCNS(=O)(=O)C)C1=CC(=C(C=C1)N)C.CCN(CCNS(=O)(=O)C)C1=CC(=C(C=C1)N)C.OS(=O)(=O)O.OS(=O)(=O)O.OS(=O)(=O)O,,51,True,True
26040-51-7,DTXSID7027887,Bis(2-ethylhexyl) tetrabromophthalate,CCCCC(CC)COC(=O)C1=C(C(=C(C(=C1Br)Br)Br)Br)C(=O)OCC(CC)CCCC,,32,True,False
28324-52-9,DTXSID9027940,"Hydroperoxide, 2,6,6-trimethylbicyclo[3.1.1]heptyl",CC1CCC2CC1(C2(C)C)OO,,12,True,False
36653-82-4,DTXSID4027991,1-Hexadecanol,CCCCCCCCCCCCCCCCO,,17,True,False
37764-25-3,DTXSID4027997,Dichlormid,C=CCN(CC=C)C(=O)C(Cl)Cl,,12,True,False
39515-51-0,DTXSID3028005,3-Phenoxybenzaldehyde,C1=CC=C(C=C1)OC2=CC=CC(=C2)C=O,,15,True,False
55406-53-6,DTXSID0028038,3-Iodo-2-propynyl-N-butylcarbamate,CCCCNC(=O)OCC#CI,,12,True,False
95-70-5,DTXSID6029123,"2-Methyl-1,4-benzenediamine",CC1=C(C=CC(=C1)N)N,,9,True,False
95-93-2,DTXSID1029124,"1,2,4,5-Tetramethylbenzene",CC1=CC(=C(C=C1C)C)C,,10,True,False
97-64-3,DTXSID6029127,Ethyl lactate,CCOC(=O)C(C)O,,8,True,False
97-99-4,DTXSID1029128,Tetrahydrofurfuryl alcohol,C1CC(OC1)CO,,7,True,False
99-93-4,DTXSID0029133,4-Hydroxyacetophenone,CC(=O)C1=CC=C(C=C1)O,,10,True,False
120-51-4,DTXSID8029153,Benzyl benzoate,C1=CC=C(C=C1)COC(=O)C2=CC=CC=C2,,16,True,False
120-92-3,DTXSID3029154,Cyclopentanone,C1CCC(=O)C1,,6,True,False
137-42-8,DTXSID2029167,Metam-sodium,CNC(=S)[S-].[Na+],,6,True,False
141-24-2,DTXSID2029169,Methyl ricinoleate,CCCCCCC(CC=CCCCCCCCC(=O)OC)O,,22,True,False
141-79-7,DTXSID1029170,4-Methylpent-3-en-2-one,CC(=CC(=O)C)C,,7,True,False
142-29-0,DTXSID6029171,Cyclopentene,C1CC=CC1,,5,True,False
581-42-0,DTXSID0029187,"2,6-Dimethylnaphthalene",CC1=CC2=C(C=C1)C=C(C=C2)C,,12,True,False
1603-41-4,DTXSID4029220,5-Methylpyridin-2-amine,CC1=CN=C(C=C1)N,,8,True,False
1702-17-6,DTXSID9029221,Clopyralid,C1=CC(=NC(=C1Cl)C(=O)O)Cl,,11,True,False
3302-10-1,DTXSID6029254,"3,5,5-Trimethylhexanoic acid",CC(CC(=O)O)CC(C)(C)C,,11,True,False
5283-66-9,DTXSID5029269,Trichloro(octyl)silane,CCCCCCCC[Si](Cl)(Cl)Cl,,12,True,False
7747-35-5,DTXSID3029289,"5-Ethyl-1-aza-3,7-dioxabicyclo[3.3.0]octane",CCC12COCN1COC2,,10,True,False
34375-28-5,DTXSID4029357,2-(Hydroxymethylamino)ethanol,CN(CCO)O,,6,True,False
78491-02-8,DTXSID0029559,Diazolidinyl urea,C(NC(=O)N(CO)C1C(=O)N(C(=O)N1CO)CO)O,,19,True,False
98730-04-2,DTXSID3029572,Benoxacor,CC1COC2=CC=CC=C2N1C(=O)C(Cl)Cl,,16,True,False
78-04-6,DTXSID6029599,Dibutyltin maleate,CCC[CH2].CCC[CH2].C(=CC(=O)[O-])C(=O)[O-].[Sn+2],,17,True,False
91-15-6,DTXSID8029604,"1,2-Benzenedicarbonitrile",C1=CC=C(C(=C1)C#N)C#N,,10,True,False
138-86-3,DTXSID2029612,Limonene,CC1=CCC(CC1)C(=C)C,,10,True,False
288-32-4,DTXSID2029616,Imidazole,C1=CN=CN1,,5,True,False
333-20-0,DTXSID7029619,Potassium thiocyanate,C(#N)[S-].[K+],,4,True,False
497-19-8,DTXSID1029621,Sodium carbonate,C(=O)([O-])[O-].[Na+].[Na+],,6,True,False
1309-37-1,DTXSID0029632,Iron(III) oxide,[O-2].[O-2].[O-2].[Fe+3].[Fe+3],,5,True,False
1310-58-3,DTXSID5029633,Potassium hydroxide,[OH-].[K+],,2,True,False
1310-73-2,DTXSID0029634,Sodium hydroxide,[OH-].[Na+],,2,True,False
1313-82-2,DTXSID0029636,Disodium sulfide,[Na+].[Na+].[S-2],,3,True,False
1317-36-8,DTXSID0029638,Lead monoxide,[O-2].[Pb+2],,2,True,False
1663-39-4,DTXSID8029652,tert-Butyl acrylate,CC(C)(C)OC(=O)C=C,,9,True,False
1762-95-4,DTXSID3029653,"Thiocyanic acid, ammonium salt",C(#N)S.N,,4,True,False
3452-97-9,DTXSID7029661,"3,5,5-Trimethyl-1-hexanol",CC(CCO)CC(C)(C)C,,10,True,False
6834-92-0,DTXSID7029669,Sodium metasilicate,[O-][Si](=O)[O-].[Na+].[Na+],,6,True,False
7446-70-0,DTXSID6029674,Aluminum chloride,[Al+3].[Cl-].[Cl-].[Cl-],,4,True,False
7631-86-9,DTXSID1029677,Silica,O=[Si]=O,,3,True,False
7646-78-8,DTXSID1029679,Tetrachlorostannane,[Cl-].[Cl-].[Cl-].[Cl-].[Sn+4],,5,True,False
7664-93-9,DTXSID5029683,Sulfuric acid,OS(=O)(=O)O,,5,True,False
7681-57-4,DTXSID0029684,Sodium metabisulfite,[O-]S(=O)S(=O)(=O)[O-].[Na+].[Na+],,9,True,False
7697-37-2,DTXSID5029685,Nitric acid,[N+](=O)(O)[O-],,4,True,False
7727-21-1,DTXSID4029690,Potassium persulfate,[O-]S(=O)(=O)OOS(=O)(=O)[O-].[K+].[K+],,12,True,False
7727-54-0,DTXSID9029691,Diammonium peroxydisulfate,N.N.OS(=O)(=O)OOS(=O)(=O)O,,12,True,False
7757-79-1,DTXSID4029692,Potassium nitrate,[N+](=O)([O-])[O-].[K+],,5,True,False
7758-94-3,DTXSID9029695,Iron(II) chloride,[Cl-].[Cl-].[Fe+2],,3,True,False
7775-14-6,DTXSID9029697,"Dithionous acid, disodium salt",[O-]S(=O)S(=O)[O-].[Na+].[Na+],,8,True,False
7775-27-1,DTXSID4029698,Sodium persulfate,[O-]S(=O)(=O)OOS(=O)(=O)[O-].[Na+].[Na+],,12,True,False
7778-18-9,DTXSID9029699,Calcium sulfate,[O-]S(=O)(=O)[O-].[Ca+2],,6,True,False
7778-54-3,DTXSID1029700,Calcium hypochlorite,[O-]Cl.[O-]Cl.[Ca+2],,5,True,False
7778-80-5,DTXSID6029701,Potassium sulfate,[O-]S(=O)(=O)[O-].[K+].[K+],,7,True,False
7783-18-8,DTXSID6029703,Ammonium thiosulfate,N.N.OS(=O)(=S)O,,7,True,False
7783-20-2,DTXSID1029704,Ammonium sulfate,N.N.OS(=O)(=O)O,,7,True,False
7783-28-0,DTXSID6029705,Diammonium hydrogen phosphate,N.N.OP(=O)(O)O,,7,True,False
7790-94-5,DTXSID1029706,Chlorosulfuric acid,OS(=O)(=O)Cl,,5,True,False
10028-22-5,DTXSID5029712,Ferric sulfate,[O-]S(=O)(=O)[O-].[O-]S(=O)(=O)[O-].[O-]S(=O)(=O)[O-].[Fe+3].[Fe+3],,17,True,False
15630-89-4,DTXSID3029736,"Carbonic acid disodium salt, compd. with hydrogen peroxide (H2O2) (2:3)",C(=O)([O-])[O-].C(=O)([O-])[O-].OO.OO.OO.[Na+].[Na+].[Na+].[Na+],,18,True,False
16721-80-5,DTXSID3029738,Sodium sulfide,[Na+].[SH-],,2,True,False
51580-86-0,DTXSID0029761,Sodium dichloro-s-triazinetrione dihydrate,C1(=NC(=O)N(C(=O)N1Cl)Cl)[O-].O.O.[Na+],,14,True,False
134523-00-5,DTXSID8029868,Atorvastatin,CC(C)C1=C(C(=C(N1CCC(CC(CC(=O)O)O)O)C2=CC=C(C=C2)F)C3=CC=CC=C3)C(=O)NC4=CC=CC=C4,,41,True,False
41859-67-0,DTXSID3029869,Bezafibrate,CC(C)(C(=O)O)OC1=CC=C(C=C1)CCNC(=O)C2=CC=C(C=C2)Cl,,25,True,False
23593-75-1,DTXSID7029871,Clotrimazole,C1=CC=C(C=C1)C(C2=CC=CC=C2)(C3=CC=CC=C3Cl)N4C=CN=C4,,25,True,False
49562-28-9,DTXSID2029874,Fenofibrate,CC(C)OC(=O)C(C)(C)OC1=CC=C(C=C1)C(=O)C2=CC=C(C=C2)Cl,,25,True,False
65277-42-1,DTXSID7029879,Ketoconazole,CC(=O)N1CCN(CC1)C2=CC=C(C=C2)OCC3COC(O3)(CN4C=CN=C4)C5=C(C=C(C=C5)Cl)Cl,,36,True,False
678-39-7,DTXSID7029904,"1,1,2,2-Tetrahydroperfluoro-1-decanol",C(CO)C(C(C(C(C(C(C(C(F)(F)F)(F)F)(F)F)(F)F)(F)F)(F)F)(F)F)(F)F,,28,True,True
68631-49-2,DTXSID4030047,"2,2',4,4',5,5'-Hexabromodiphenyl ether",C1=C(C(=CC(=C1Br)Br)Br)OC2=CC(=C(C=C2Br)Br)Br,,19,True,False
60348-60-9,DTXSID9030048,"2,2',4,4',5-Pentabromodiphenyl ether",C1=CC(=C(C=C1Br)Br)OC2=CC(=C(C=C2Br)Br)Br,,18,True,False
5436-43-1,DTXSID3030056,"2,2'4,4'-Tetrabromodiphenyl ether",C1=CC(=C(C=C1Br)Br)OC2=C(C=C(C=C2)Br)Br,,17,True,False
594-20-7,DTXSID7030060,"2,2-Dichloropropane",CC(C)(Cl)Cl,,5,True,False
90-41-5,DTXSID3030189,2-Biphenylamine,C1=CC=C(C=C1)C2=CC=CC=C2N,,13,True,False
96-47-9,DTXSID9030258,2-Methyltetrahydrofuran,CC1CCCO1,,6,True,False
626-43-7,DTXSID7030307,"3,5-Dichloroaniline",C1=C(C=C(C=C1Cl)Cl)N,,9,True,False
542-76-7,DTXSID4030336,3-Chloropropionitrile,C(CCl)C#N,,5,True,False
89-63-4,DTXSID4030384,4-Chloro-2-nitroaniline,C1=CC(=C(C=C1Cl)[N+](=O)[O-])N,,11,True,False
6051-87-2,DTXSID8030423,"5,6-Benzoflavone",C1=CC=C(C=C1)C2=CC(=O)C3=C(O2)C=CC4=CC=CC=C43,,21,True,False
67-47-0,DTXSID3030428,5-(Hydroxymethyl)-2-furfural,C1=C(OC(=C1)C=O)CO,,9,True,False
7784-18-1,DTXSID8030712,Aluminum fluoride,[F-].[F-].[F-].[Al+3],,4,True,False
83905-01-5,DTXSID8030760,Azithromycin,CCC1C(C(C(N(CC(CC(C(C(C(C(C(=O)O1)C)OC2CC(C(C(O2)C)O)(C)OC)C)OC3C(C(CC(O3)C)N(C)C)O)(C)O)C)C)C)O)(C)O,,52,True,False
107-95-9,DTXSID0030823,beta-Alanine,C(CN)C(=O)O,,6,True,False
76-22-2,DTXSID5030955,Camphor,CC1(C2CCC1(C(=O)C2)C)C,,11,True,False
7440-47-3,DTXSID3031022,Chromium,[Cr],,1,True,False
7440-48-4,DTXSID1031040,Cobalt,[Co],,1,True,False
10124-43-3,DTXSID1031042,Cobalt sulfate,[O-]S(=O)(=O)[O-].[Co+2],,6,True,False
143545-90-8,DTXSID2031083,Cylindrospermopsin,CC1C(CC2CC(NC3=NCC1N23)C(C4=CC(=O)NC(=O)N4)O)OS(=O)(=O)O,,28,True,False
131-16-8,DTXSID5031133,Dipropyl phthalate,CCCOC(=O)C1=CC=CC=C1C(=O)OCCC,,18,True,False
79917-90-1,DTXSID6031461,1-Butyl-3-methylimidazolium chloride,CCCCN1C=C[N+](=C1)C.[Cl-],,11,True,False
481-39-0,DTXSID0031504,Juglone,C1=CC2=C(C(=O)C=CC2=O)C(=C1)O,,13,True,False
101043-37-2,DTXSID3031654,Microcystin LR,CC1C(NC(=O)C(NC(=O)C(C(NC(=O)C(NC(=O)C(NC(=O)C(=C)N(C(=O)CCC(NC1=O)C(=O)O)C)C)CC(C)C)C(=O)O)C)CCCN=C(N)N)C=CC(=CC(C)C(CC2=CC=CC=C2)OC)C,,71,True,False
99685-96-8,DTXSID4031772,Fullerene C60,C12=C3C4=C5C6=C1C7=C8C9=C1C%10=C%11C(=C29)C3=C2C3=C4C4=C5C5=C9C6=C7C6=C7C8=C1C1=C8C%10=C%10C%11=C2C2=C3C3=C4C4=C5C5=C%11C%12=C(C6=C95)C7=C1C1=C%12C5=C%11C4=C3C3=C5C(=C81)C%10=C23,,60,True,False
335-76-2,DTXSID3031860,PFDA,C(=O)(C(C(C(C(C(C(C(C(C(F)(F)F)(F)F)(F)F)(F)F)(F)F)(F)F)(F)F)(F)F)(F)F)O,,31,True,True
307-55-1,DTXSID8031861,Perfluorododecanoic acid,C(=O)(C(C(C(C(C(C(C(C(C(C(C(F)(F)F)(F)F)(F)F)(F)F)(F)F)(F)F)(F)F)(F)F)(F)F)(F)F)(F)F)O,,37,True,True
307-24-4,DTXSID3031862,PFHxA,C(=O)(C(C(C(C(C(F)(F)F)(F)F)(F)F)(F)F)(F)F)O,,19,True,True
375-95-1,DTXSID8031863,PFNA,C(=O)(C(C(C(C(C(C(C(C(F)(F)F)(F)F)(F)F)(F)F)(F)F)(F)F)(F)F)(F)F)O,,28,True,True
1763-23-1,DTXSID3031864,PFOS,C(C(C(C(C(F)(F)S(=O)(=O)O)(F)F)(F)F)(F)F)(C(C(C(F)(F)F)(F)F)(F)F)(F)F,,29,True,True
335-67-1,DTXSID8031865,PFOA,C(=O)(C(C(C(C(C(C(C(F)(F)F)(F)F)(F)F)(F)F)(F)F)(F)F)(F)F)O,,25,True,True
13746-66-2,DTXSID9031939,Potassium ferricyanide,[C-]#N.[C-]#N.[C-]#N.[C-]#N.[C-]#N.[C-]#N.[K+].[K+].[K+].[Fe+3],,16,True,False
7789-23-3,DTXSID8031940,Potassium fluoride,[F-].[K+],,2,True,False
13311-84-7,DTXSID7032004,Flutamide,CC(C)C(=O)NC1=CC(=C(C=C1)[N+](=O)[O-])C(F)(F)F,,19,True,True
563-63-3,DTXSID8032041,Silver acetate,CC(=O)[O-].[Ag+],,5,True,False
7761-88-8,DTXSID3032042,Silver nitrate,[N+](=O)([O-])[O-].[Ag+],,5,True,False
7778-43-0,DTXSID8032047,Disodium arsenate,O[As](=O)([O-])[O-].[Na+].[Na+],,7,True,False
7775-11-3,DTXSID7032056,Sodium chromate,O.O.[OH-].[OH-].[Na+].[Na+].[Cr],,7,True,False
13410-01-0,DTXSID5032076,Sodium selenate,[O-][Se](=O)(=O)[O-].[Na+].[Na+],,7,True,False
10102-18-8,DTXSID0032077,Sodium selenite,[O-][Se](=O)[O-].[Na+].[Na+],,6,True,False
107534-96-3,DTXSID9032113,Tebuconazole,CC(C)(C)C(CCC1=CC=C(C=C1)Cl)(CN2C=NC=N2)O,,21,True,False
57465-28-8,DTXSID3032179,"3,3',4,4',5-Pentachlorobiphenyl",C1=CC(=C(C=C1C2=CC(=C(C(=C2)Cl)Cl)Cl)Cl)Cl,,17,True,False
35065-27-1,DTXSID2032180,"2,2',4,4',5,5'-Hexachlorobiphenyl",C1=C(C(=CC(=C1Cl)Cl)Cl)C2=CC(=C(C=C2Cl)Cl)Cl,,18,True,False
1929-73-3,DTXSID1032309,"2,4-D-Butotyl",CCCCOCCOC(=O)COC1=C(C=C(C=C1)Cl)Cl,,20,True,False
51200-87-4,DTXSID0032314,"4,4-Dimethyloxazolidine",CC1(COCN1)C,,7,True,False
64359-81-5,DTXSID5032315,"4,5-Dichloro-2-octyl-3(2H)-isothiazolone",CCCCCCCCN1C(=O)C(=C(S1)Cl)Cl,,16,True,False
88-04-0,DTXSID0032316,"4-Chloro-3,5-dimethylphenol",CC1=CC(=CC(=C1Cl)C)O,,10,True,False
22781-23-3,DTXSID9032327,Bendiocarb,CC1(OC2=C(O1)C(=CC=C2)OC(=O)NC)C,,16,True,False
741-58-2,DTXSID9032329,Bensulide,CC(C)OP(=S)(OC(C)C)SCCNS(=O)(=O)C1=CC=CC=C1,,23,True,False
3064-70-8,DTXSID3032331,Bis(trichloromethyl)sulfone,C(S(=O)(=O)C(Cl)(Cl)Cl)(Cl)(Cl)Cl,,11,True,False
3861-41-4,DTXSID3032335,Bromoxynil butyrate,CCCC(=O)OC1=C(C=C(C=C1Br)C#N)Br,,16,True,False
33629-47-9,DTXSID3032337,Butralin,CCC(C)NC1=C(C=C(C=C1[N+](=O)[O-])C(C)(C)C)[N+](=O)[O-],,21,True,False
2439-01-2,DTXSID2032342,Chinomethionate,CC1=CC2=C(C=C1)N=C3C(=N2)SC(=O)S3,,15,True,False
54593-83-8,DTXSID2032344,Chlorethoxyfos,CCOP(=S)(OCC)OC(C(Cl)(Cl)Cl)Cl,,15,True,False
3691-35-8,DTXSID2032348,Chlorophacinone,C1=CC=C(C=C1)C(C2=CC=C(C=C2)Cl)C(=O)C3C(=O)C4=CC=CC=C4C3=O,,27,True,False
5598-13-0,DTXSID6032352,Chlorpyrifos-methyl,COP(=S)(OC)OC1=NC(=C(C=C1Cl)Cl)Cl,,16,True,False
105512-06-9,DTXSID6032354,Clodinafop-propargyl,CC(C(=O)OCC#C)OC1=CC=C(C=C1)OC2=C(C=C(C=N2)Cl)F,,24,True,False
81777-89-1,DTXSID1032355,Clomazone,CC1(CON(C1=O)CC2=CC=CC=C2Cl)C,,16,True,False
1134-23-2,DTXSID6032356,Cycloate,CCN(C1CCCCC1)C(=O)SCC,,14,True,False
57966-95-7,DTXSID6032358,Cymoxanil,CCNC(=O)NC(=O)C(=NOC)C#N,,14,True,False
121552-61-2,DTXSID1032359,Cyprodinil,CC1=CC(=NC(=N1)NC2=CC=CC=C2)C3CC3,,17,True,False
10222-01-2,DTXSID5032361,"2,2-Dibromo-3-nitrilopropionamide",C(#N)C(C(=O)N)(Br)Br,,8,True,False
1194-65-6,DTXSID5032365,Dichlobenil,C1=CC(=C(C(=C1)Cl)C#N)Cl,,10,True,False
2227-17-0,DTXSID9032371,Dienochlor,C1(=C(C(C(=C1Cl)Cl)(C2(C(=C(C(=C2Cl)Cl)Cl)Cl)Cl)Cl)Cl)Cl,,20,True,False
119446-68-3,DTXSID4032372,Difenoconazole,CC1COC(O1)(CN2C=NC=N2)C3=C(C=C(C=C3)OC4=CC=C(C=C4)Cl)Cl,,27,True,False
104653-34-1,DTXSID4032374,Difethialone,C1C(CC2=CC=CC=C2C1C3=C(SC4=CC=CC=C4C3=O)O)C5=CC=C(C=C5)C6=CC=C(C=C6)Br,,35,True,False
87674-68-8,DTXSID4032376,Dimethenamid,CC1=CSC(=C1N(C(C)COC)C(=O)CCl)C,,17,True,False
82-66-6,DTXSID4032378,Diphacinone,C1=CC=C(C=C1)C(C2=CC=CC=C2)C(=O)C3C(=O)C4=CC=CC=C4C3=O,,26,True,False
97886-45-8,DTXSID9032379,Dithiopyr,CC(C)CC1=C(C(=NC(=C1C(=O)SC)C(F)(F)F)C(F)F)C(=O)SC,,25,True,True
55283-68-6,DTXSID8032386,Ethalfluralin,CCN(CC(=C)C)C1=C(C=C(C=C1[N+](=O)[O-])C(F)(F)F)[N+](=O)[O-],,23,True,True
4602-84-0,DTXSID3032389,Farnesol,CC(=CCCC(=CCCC(=CCO)C)C)C,,16,True,False
60168-88-9,DTXSID2032390,Fenarimol,C1=CC=C(C(=C1)C(C2=CC=C(C=C2)Cl)(C3=CN=CN=C3)O)Cl,,22,True,False
13356-08-6,DTXSID7032391,Fenbutatin oxide,CC(C)([CH2])C1=CC=CC=C1.CC(C)([CH2])C1=CC=CC=C1.CC(C)([CH2])C1=CC=CC=C1.CC(C)([CH2])C1=CC=CC=C1.CC(C)([CH2])C1=CC=CC=C1.CC(C)([CH2])C1=CC=CC=C1.O.[Sn].[Sn],,63,True,False
66441-23-4,DTXSID2032392,Fenoxaprop-ethyl,CCOC(=O)C(C)OC1=CC=C(C=C1)OC2=NC3=C(O2)C=C(C=C3)Cl,,25,True,False
72490-01-8,DTXSID7032393,Fenoxycarb,CCOC(=O)NCCOC1=CC=C(C=C1)OC2=CC=CC=C2,,22,True,False
131341-86-1,DTXSID2032398,Fludioxonil,C1=CC(=C2C(=C1)OC(O2)(F)F)C3=CNC=C3C#N,,18,True,False
23422-53-9,DTXSID4032405,Formetanate hydrochloride,CNC(=O)OC1=CC=CC(=C1)N=CN(C)C.Cl,,17,True,False
25954-13-6,DTXSID9032406,Fosamine ammonium,CCOP(=O)(C(=O)N)O.N,,10,True,False
53042-79-8,DTXSID3032410,"Hexadeca-7,11-dien-1-yl acetate (Z,E)-",CCCCC=CCCC=CCCCCCCOC(=O)C,,20,True,False
28159-98-0,DTXSID3032416,Cybutryne,CC(C)(C)NC1=NC(=NC(=N1)NC2CC2)SC,,17,True,False
25311-71-1,DTXSID8032417,Isofenphos,CCOP(=S)(NC(C)C)OC1=CC=CC=C1C(=O)OC(C)C,,22,True,False
29457-72-5,DTXSID2032421,Lithium perfluorooctane sulfonate,[Li+].C(C(C(C(C(F)(F)S(=O)(=O)[O-])(F)F)(F)F)(F)F)(C(C(C(F)(F)F)(F)F)(F)F)(F)F,,30,True,True
104206-82-8,DTXSID7032424,Mesotrione,CS(=O)(=O)C1=CC(=C(C=C1)C(=O)C2C(=O)CCCC2=O)[N+](=O)[O-],,23,True,False
87392-12-9,DTXSID6032431,S-Metolachlor,CCC1=CC=CC(=C1N(C(C)COC)C(=O)CCl)C,,19,True,False
82633-79-2,DTXSID6032433,"2-Methyl-5,6-dihydro-2H-cyclopenta[d][1,2]thiazol-3(4H)-one",CN1C(=O)C2=C(S1)CCC2,,10,True,False
132-66-1,DTXSID6032437,Naptalam,C1=CC=C2C(=C1)C=CC=C2NC(=O)C3=CC=CC=C3C(=O)O,,22,True,False
138261-41-3,DTXSID5032442,Imidacloprid,C1CN(C(=N1)N[N+](=O)[O-])CC2=CN=C(C=C2)Cl,,17,True,False
58-36-6,DTXSID0032443,"10,10'-Oxybisphenoxarsine",C1=CC=C2C(=C1)OC3=CC=CC=C3[As]2O[As]4C5=CC=CC=C5OC6=CC=CC=C64,,29,True,False
298-02-2,DTXSID4032459,Phorate,CCOP(=S)(OCC)SCSCC,,13,True,False
86209-51-0,DTXSID8032463,Primisulfuron-methyl,COC(=O)C1=CC=CC=C1S(=O)(=O)NC(=O)NC2=NC(=CC(=N2)OC(F)F)OC(F)F,,31,True,False
41198-08-7,DTXSID3032464,Profenofos,CCCSP(=O)(OCC)OC1=C(C=C(C=C1)Br)Cl,,18,True,False
31218-83-4,DTXSID7032470,Propetamphos,CCNP(=S)(OC)OC(=CC(=O)OC(C)C)C,,17,True,False
1982-49-6,DTXSID7032474,Siduron,CC1CCCCC1NC(=O)NC2=CC=CC=C2,,17,True,False
96182-53-5,DTXSID1032482,Tebupirimfos,CCOP(=S)(OC1=CN=C(N=C1)C(C)(C)C)OC(C)C,,20,True,False
3383-96-8,DTXSID1032484,Temephos,COP(=S)(OC)OC1=CC=C(C=C1)SC2=CC=C(C=C2)OP(=S)(OC)OC,,27,True,False
117718-60-2,DTXSID1032488,Thiazopyr,CC(C)CC1=C(C(=NC(=C1C(=O)OC)C(F)F)C(F)(F)F)C2=NCCS2,,26,True,True
55219-65-3,DTXSID0032493,Triadimenol,CC(C)(C)C(C(N1C=NC=N1)OC2=CC=C(C=C2)Cl)O,,20,True,False
55335-06-3,DTXSID0032497,Triclopyr,C1=C(C(=NC(=C1Cl)Cl)OCC(=O)O)Cl,,14,True,False
3380-34-5,DTXSID5032498,Triclosan,C1=CC(=C(C=C1Cl)O)OC2=C(C=C(C=C2)Cl)Cl,,17,True,False
68694-11-1,DTXSID2032500,Triflumizole,CCCOCC(=NC1=C(C=C(C=C1)Cl)C(F)(F)F)N2C=CN=C2,,23,True,True
83657-22-1,DTXSID7032505,Uniconazole,CC(C)(C)C(C(=CC1=CC=C(C=C1)Cl)N2C=NC=N2)O,,20,True,False
3244-90-4,DTXSID6032510,Aspon,CCCOP(=S)(OCCC)OP(=S)(OCCC)OCCC,,21,True,False
7779-27-3,DTXSID1032511,"1,3,5-Triethylhexahydro-s-triazine",CCN1CN(CN(C1)CC)CC,,12,True,False
85264-33-1,DTXSID1032513,"(3,5-Dimethyl-1H-pyrazol-1-yl)methanol",CC1=CC(=NN1CO)C,,9,True,False
643-79-8,DTXSID6032514,"1,2-Benzenedicarboxaldehyde",C1=CC=C(C(=C1)C=O)C=O,,10,True,False
3547-33-9,DTXSID6032516,2-Hydroxyethyl octyl sulfide,CCCCCCCCSCCO,,12,True,False
1192-52-5,DTXSID6032518,"4,5-Dichloro-3H-1,2-dithiol-3-one",C1(=C(SSC1=O)Cl)Cl,,8,True,False
135158-54-2,DTXSID1032519,Acibenzolar-S-methyl,CSC(=O)C1=C2C(=CC=C1)N=NS2,,13,True,False
131860-33-8,DTXSID0032520,Azoxystrobin,COC=C(C1=CC=CC=C1OC2=NC=NC(=C2)OC3=CC=CC=C3C#N)C(=O)OC,,30,True,False
50723-80-3,DTXSID0032522,Bentazone-sodium,CC(C)N1C(=O)C2=CC=CC=C2[N-]S1(=O)=O.[Na+],,17,True,False
2634-33-5,DTXSID5032523,"1,2-Benzisothiazolin-3-one",C1=CC=C2C(=C1)C(=O)NS2,,10,True,False
149877-41-8,DTXSID5032525,Bifenazate,CC(C)OC(=O)NNC1=C(C=CC(=C1)C2=CC=CC=C2)OC,,22,True,False
2224-44-4,DTXSID5032527,4-(2-Nitrobutyl)morpholine,CCC(CN1CCOCC1)[N+](=O)[O-],,13,True,False
56073-10-0,DTXSID5032529,Brodifacoum,C1C(CC2=CC=CC=C2C1C3=C(C4=CC=CC=C4OC3=O)O)C5=CC=C(C=C5)C6=CC=C(C=C6)Br,,35,True,False
116255-48-2,DTXSID9032531,Bromuconazole,C1C(COC1(CN2C=NC=N2)C3=C(C=C(C=C3)Cl)Cl)Br,,20,True,False
128639-02-1,DTXSID4032532,Carfentrazone-ethyl,CCOC(=O)C(CC1=CC(=C(C=C1Cl)F)N2C(=O)N(C(=N2)C)C(F)F)Cl,,26,True,False
122453-73-0,DTXSID9032533,Chlorfenapyr,CCOCN1C(=C(C(=C1C(F)(F)F)Br)C#N)C2=CC=C(C=C2)Cl,,23,True,True
2536-31-4,DTXSID4032534,Chlorflurenol-methyl,COC(=O)C1(C2=CC=CC=C2C3=C1C=C(C=C3)Cl)O,,19,True,False
95266-40-3,DTXSID9032535,Trinexapac-ethyl,CCOC(=O)C1CC(=O)C(=C(C2CC2)O)C(=O)C1,,18,True,False
39515-40-7,DTXSID4032536,Cyphenothrin,CC(=CC1C(C1(C)C)C(=O)OC(C#N)C2=CC(=CC=C2)OC3=CC=CC=C3)C,,28,True,False
7173-51-5,DTXSID9032537,Didecyldimethylammonium chloride,CCCCCCCCCC[N+](C)(C)CCCCCCCCCC.[Cl-],,24,True,False
38727-55-8,DTXSID9032539,Diethatyl-ethyl,CCC1=C(C(=CC=C1)CC)N(CC(=O)OCC)C(=O)CCl,,21,True,False
20018-09-1,DTXSID3032541,Diiodomethyl 4-methylphenyl sulfone,CC1=CC=C(C=C1)S(=O)(=O)C(I)I,,13,True,False
136-45-8,DTXSID8032544,"Dipropyl 2,5-pyridinedicarboxylate",CCCOC(=O)C1=CN=C(C=C1)C(=O)OCCC,,18,True,False
2593-15-9,DTXSID3032547,Etridiazole,CCOC1=NC(=NS1)C(Cl)(Cl)Cl,,12,True,False
114369-43-6,DTXSID8032548,Fenbuconazole,C1=CC=C(C=C1)C(CCC2=CC=C(C=C2)Cl)(CN3C=NC=N3)C#N,,24,True,False
126833-17-8,DTXSID3032549,Fenhexamid,CC1(CCCCC1)C(=O)NC2=C(C(=C(C=C2)O)Cl)Cl,,19,True,False
79622-59-6,DTXSID7032551,Fluazinam,C1=C(C=NC(=C1Cl)NC2=C(C=C(C(=C2[N+](=O)[O-])Cl)C(F)(F)F)[N+](=O)[O-])C(F)(F)F,,29,True,True
142459-58-3,DTXSID2032552,Flufenacet,CC(C)N(C1=CC=C(C=C1)F)C(=O)COC2=NN=C(S2)C(F)(F)F,,24,True,True
62924-70-3,DTXSID7032553,Flumetralin,CCN(CC1=C(C=CC=C1Cl)F)C2=C(C=C(C=C2[N+](=O)[O-])C(F)(F)F)[N+](=O)[O-],,28,True,True
103361-09-7,DTXSID7032555,Flumioxazin,C#CCN1C(=O)COC2=CC(=C(C=C21)N3C(=O)C4=C(C3=O)CCCC4)F,,26,True,False
117337-19-6,DTXSID2032556,Fluthiacet-methyl,COC(=O)CSC1=C(C=C(C(=C1)N=C2N3CCCCN3C(=O)S2)F)Cl,,25,True,False
134098-61-6,DTXSID7032557,Fenpyroximate,CC1=NN(C(=C1C=NOCC2=CC=C(C=C2)C(=O)OC(C)(C)C)OC3=CC=CC=C3)C,,31,True,False
143390-89-0,DTXSID2032558,Kresoxim-methyl,CC1=CC=CC=C1OCC2=CC=CC=C2C(=NOC)C(=O)OC,,23,True,False
91465-08-6,DTXSID7032559,lambda-Cyhalothrin,CC1(C(C1C(=O)OC(C#N)C2=CC(=CC=C2)OC3=CC=CC=C3)C=C(C(F)(F)F)Cl)C,,31,True,True
113-48-4,DTXSID6032562,MGK-264,CCCCC(CC)CN1C(=O)C2C3CC(C2C1=O)C=C3,,20,True,False
23103-98-2,DTXSID1032569,Pirimicarb,CC1=C(N=C(N=C1OC(=O)N(C)C)N(C)C)C,,17,True,False
23031-36-9,DTXSID0032572,Prallethrin,CC1=C(C(=O)CC1OC(=O)C2C(C2(C)C)C=C(C)C)CC#C,,22,True,False
96489-71-3,DTXSID5032573,Pyridaben,CC(C)(C)C1=CC=C(C=C1)CSC2=C(C(=O)N(N=C2)C(C)(C)C)Cl,,24,True,False
15662-33-6,DTXSID0032574,Ryanodine,CC1CCC2(C3(CC4(C5(C(C(C3(C5(C2(C1O)O4)O)O)OC(=O)C6=CC=CN6)(C(C)C)O)C)O)C)O,,35,True,False
79538-32-2,DTXSID5032577,Tefluthrin,CC1=C(C(=C(C(=C1F)F)COC(=O)C2C(C2(C)C)C=C(C(F)(F)F)Cl)F)F,,27,True,True
59669-26-0,DTXSID0032578,Thiodicarb,CC(=NOC(=O)N(C)SN(C)C(=O)ON=C(C)SC)SC,,21,True,False
64700-56-7,DTXSID5032579,Triclopyr-butotyl,CCCCOCCOC(=O)COC1=NC(=C(C=C1Cl)Cl)Cl,,21,True,False
141517-21-7,DTXSID4032580,Trifloxystrobin,CC(=NOCC1=CC=CC=C1C(=NOC)C(=O)OC)C2=CC(=CC=C2)C(F)(F)F,,29,True,True
156052-68-5,DTXSID9032581,Zoxamide,CCC(C)(C(=O)CCl)NC(=O)C1=CC(=C(C(=C1)Cl)C)Cl,,20,True,False
28772-56-7,DTXSID9032589,Bromadiolone,C1=CC=C(C=C1)C(CC(C2=CC=C(C=C2)C3=CC=C(C=C3)Br)O)C4=C(C5=CC=CC=C5OC4=O)O,,35,True,False
63333-35-7,DTXSID8032590,Bromethalin,CN(C1=C(C=C(C=C1[N+](=O)[O-])[N+](=O)[O-])C(F)(F)F)C2=C(C=C(C=C2Br)Br)Br,,27,True,True
16079-88-2,DTXSID3032591,"Bromo-3-chloro-5,5-dimethylhydantoin",CC1(C(=O)N(C(=O)N1Br)Cl)C,,11,True,False
56634-95-8,DTXSID8032592,Bromoxynil heptanoate,CCCCCCC(=O)OC1=C(C=C(C=C1Br)C#N)Br,,19,True,False
113136-77-9,DTXSID5032600,Cyclanilide,C1CC1(C(=O)NC2=C(C=C(C=C2)Cl)Cl)C(=O)O,,17,True,False
94361-06-5,DTXSID0032601,Cyproconazole,CC(C1CC1)C(CN2C=NC=N2)(C3=CC=C(C=C3)Cl)O,,20,True,False
51338-27-3,DTXSID0032605,Diclofop-methyl,CC(C(=O)OC)OC1=CC=C(C=C1)OC2=C(C=C(C=C2)Cl)Cl,,22,True,False
80844-07-1,DTXSID9032610,Etofenprox,CCOC1=CC=C(C=C1)C(C)(C)COCC2=CC(=CC=C2)OC3=CC=CC=C3,,28,True,False
13194-48-4,DTXSID4032611,Ethoprop,CCCSP(=O)(OCC)SCCC,,13,True,False
122-14-5,DTXSID4032613,Fenitrothion,CC1=C(C=CC(=C1)OP(=S)(OC)OC)[N+](=O)[O-],,17,True,False
33245-39-5,DTXSID9032614,Fluchloralin,CCCN(CCCl)C1=C(C=C(C=C1[N+](=O)[O-])C(F)(F)F)[N+](=O)[O-],,23,True,True
98967-40-9,DTXSID4032615,Flumetsulam,CC1=NC2=NC(=NN2C=C1)S(=O)(=O)NC3=C(C=CC=C3F)F,,22,True,False
112226-61-6,DTXSID4032619,Halofenozide,CC(C)(C)N(C(=O)C1=CC=CC=C1)NC(=O)C2=CC=C(C=C2)Cl,,23,True,False
86479-06-3,DTXSID3032620,Hexaflumuron,C1=CC(=C(C(=C1)F)C(=O)NC(=O)NC2=CC(=C(C(=C2)Cl)OC(C(F)F)(F)F)Cl)F,,29,True,True
10004-44-1,DTXSID3032622,Hymexazol,CC1=CC(=O)NO1,,7,True,False
133-32-4,DTXSID8032623,Indole-3-butyric acid,C1=CC=C2C(=C1)C(=CN2)CCCC(=O)O,,15,True,False
42588-37-4,DTXSID3032624,Kinoprene,CC(C)CCCC(C)CC=CC(=CC(=O)OCC#C)C,,20,True,False
2032-65-7,DTXSID3032626,Methiocarb,CC1=CC(=CC(=C1SC)C)OC(=O)NC,,15,True,False
40596-69-8,DTXSID8032627,Methoprene,CC(C)OC(=O)C=C(C)C=CCC(C)CCCC(C)(C)OC,,22,True,False
161050-58-4,DTXSID3032628,Methoxyfenozide,CC1=CC(=CC(=C1)C(=O)N(C(C)(C)C)NC(=O)C2=C(C(=CC=C2)OC)C)C,,27,True,False
1214-39-7,DTXSID7032630,N-Benzyladenine,C1=CC=C(C=C1)CNC2=NC=NC3=C2NC=N3,,17,True,False
77732-09-3,DTXSID2032631,Oxadixyl,CC1=C(C(=CC=C1)C)N(C(=O)COC)N2CCOC2=O,,20,True,False
3478-94-2,DTXSID7032634,Piperalin,CC1CCCCN1CCCOC(=O)C2=CC(=C(C=C2)Cl)Cl,,21,True,False
123312-89-0,DTXSID2032637,Pymetrozine,CC1=NNC(=O)N(C1)N=CC2=CN=CC=C2,,16,True,False
175013-18-0,DTXSID7032638,Pyraclostrobin,COC(=O)N(C1=CC=CC=C1COC2=NN(C=C2)C3=CC=C(C=C3)Cl)OC,,27,True,False
55512-33-9,DTXSID2032639,Pyridate,CCCCCCCCSC(=O)OC1=CC(=NN=C1C2=CC=CC=C2)Cl,,25,True,False
95737-68-1,DTXSID1032640,Pyriproxyfen,CC(COC1=CC=C(C=C1)OC2=CC=CC=C2)OC3=CC=CC=N3,,24,True,False
84087-01-4,DTXSID6032641,Quinclorac,C1=CC(=C(C2=NC=C(C=C21)Cl)C(=O)O)Cl,,15,True,False
122931-48-0,DTXSID1032642,Rimsulfuron,CCS(=O)(=O)C1=C(N=CC=C1)S(=O)(=O)NC(=O)NC2=NC(=CC(=N2)OC)OC,,28,True,False
122836-35-5,DTXSID6032645,Sulfentrazone,CC1=NN(C(=O)N1C(F)F)C2=C(C=C(C(=C2)NS(=O)(=O)C)Cl)Cl,,23,True,False
4151-50-2,DTXSID1032646,Sulfluramid,CCNS(=O)(=O)C(C(C(C(C(C(C(C(F)(F)F)(F)F)(F)F)(F)F)(F)F)(F)F)(F)F)(F)F,,31,True,True
21564-17-0,DTXSID6032647,2-(Thiocyanomethylthio)benzothiazole,C1=CC=C2C(=C1)N=C(S2)SCSC#N,,14,True,False
22248-79-9,DTXSID1032648,Z-Tetrachlorvinphos,COP(=O)(OC)OC(=CCl)C1=CC(=C(C=C1Cl)Cl)Cl,,19,True,False
7696-12-0,DTXSID6032649,Tetramethrin,CC(=CC1C(C1(C)C)C(=O)OCN2C(=O)C3=C(C2=O)CCCC3)C,,24,True,False
51707-55-2,DTXSID0032651,Thidiazuron,C1=CC=C(C=C1)NC(=O)NC2=CN=NS2,,15,True,False
27519-02-4,DTXSID0032653,(Z)-9-Tricosene,CCCCCCCCCCCCCC=CCCCCCCCC,,23,True,False
26644-46-2,DTXSID5032654,Triforine,C1CN(CCN1C(C(Cl)(Cl)Cl)NC=O)C(C(Cl)(Cl)Cl)NC=O,,22,True,False
131983-72-7,DTXSID0032655,Triticonazole,CC1(CCC(=CC2=CC=C(C=C2)Cl)C1(CN3C=NC=N3)O)C,,22,True,False
144-21-8,DTXSID4032665,Disodium methanearsonate,C[As](=O)([O-])[O-].[Na+].[Na+],,7,True,False
66230-04-4,DTXSID4032667,Esfenvalerate,CC(C)C(C1=CC=C(C=C1)Cl)C(=O)OC(C#N)C2=CC(=CC=C2)OC3=CC=CC=C3,,30,True,False
16484-77-8,DTXSID3032670,Mecoprop-P,CC1=C(C=CC(=C1)Cl)OC(C)C(=O)O,,14,True,False
70630-17-0,DTXSID8032671,Metalaxyl-M,CC1=C(C(=CC=C1)C)N(C(C)C(=O)OC)C(=O)COC,,20,True,False
35400-43-2,DTXSID8032675,Sulprofos,CCCSP(=S)(OCC)OC1=CC=C(C=C1)SC,,18,True,False
7786-34-7,DTXSID2032683,Mevinphos,CC(=CC(=O)OC)OP(=O)(OC)OC,,14,True,False
1076-46-6,DTXSID7032686,Chloramben-ammonium,C1=C(C=C(C(=C1C(=O)O)Cl)N)Cl.N,,13,True,False
26002-80-2,DTXSID7032688,Phenothrin,CC(=CC1C(C1(C)C)C(=O)OCC2=CC(=CC=C2)OC3=CC=CC=C3)C,,26,True,False
173584-44-6,DTXSID1032690,Indoxacarb,COC(=O)C12CC3=C(C1=NN(CO2)C(=O)N(C4=CC=C(C=C4)OC(F)(F)F)C(=O)OC)C=CC(=C3)Cl,,36,True,True
594-61-6,DTXSID4032954,2-Hydroxyisobutyric acid,CC(C)(C(=O)O)O,,7,True,False
59-14-3,DTXSID7033105,5-Bromo-2'-deoxyuridine,C1C(C(OC1N2C=C(C(=O)NC2=O)Br)CO)O,,17,True,False
1646-87-3,DTXSID1033161,Aldicarb sulfoxide,CC(C)(C=NOC(=O)NC)S(=O)C,,13,True,False
328-50-7,DTXSID5033179,alpha-Ketoglutaric acid,C(CC(=O)O)C(=O)C(=O)O,,10,True,False
549-18-8,DTXSID9033187,Amitriptyline hydrochloride,CN(C)CCC=C1C2=CC=CC=C2CCC3=CC=CC=C31.Cl,,22,True,False
2550-26-7,DTXSID6033241,Benzylacetone,CC(=O)CCC1=CC=CC=C1,,11,True,False
140-72-7,DTXSID3033307,Cetylpyridinium bromide,CCCCCCCCCCCCCCCC[N+]1=CC=CC=C1.[Br-],,23,True,False
55-56-1,DTXSID2033314,Chlorhexidine,C1=CC(=CC=C1NC(=NC(=NCCCCCCN=C(N)N=C(N)NC2=CC=C(C=C2)Cl)N)N)Cl,,34,True,False
96-41-3,DTXSID1033371,Cyclopentanol,C1CCC(C1)O,,6,True,False
302-95-4,DTXSID5033389,Sodium deoxycholate,CC(CCC(=O)[O-])C1CCC2C1(C(CC3C2CCC4C3(CCC(C4)O)C)O)C.[Na+],,29,True,False
609-14-3,DTXSID2033493,Ethyl-2-methyl acetoacetate,CCOC(=O)C(C)C(=O)C,,10,True,False
627-63-4,DTXSID3033519,Fumaryl chloride,C(=CC(=O)Cl)C(=O)Cl,,8,True,False
10025-82-8,DTXSID8033566,Indium trichloride,[Cl-].[Cl-].[Cl-].[In+3],,4,True,False
105-34-0,DTXSID8033649,Methyl cyanoacetate,COC(=O)CC#N,,7,True,False
58-18-4,DTXSID1033664,17-Methyltestosterone,CC12CCC(=O)C=C1CCC3C2CCC4(C3CCC4(C)O)C,,22,True,False
111-18-2,DTXSID5033701,"N,N,N',N`-Tetramethylhexanediamine",CN(C)CCCCCCN(C)C,,12,True,False
104-40-5,DTXSID5033836,4-Nonylphenol,CCCCCCCCCC1=CC=C(C=C1)O,,16,True,False
32809-16-8,DTXSID9033923,Procymidone,CC12CC1(C(=O)N(C2=O)C3=CC(=CC(=C3)Cl)Cl)C,,18,True,False
7681-38-1,DTXSID3033983,Sodium hydrogen sulfate,OS(=O)(=O)[O-].[Na+],,6,True,False
5329-14-6,DTXSID6034005,Sulfamic acid,NS(=O)(=O)O,,5,True,False
152-11-4,DTXSID2034095,Verapamil hydrochloride,CC(C)C(CCCN(C)CCC1=CC(=C(C=C1)OC)OC)(C#N)C2=CC(=C(C=C2)OC)OC.Cl,,34,True,False
102676-47-1,DTXSID5034141,Fadrozole,C1CC(N2C=NC=C2C1)C3=CC=C(C=C3)C#N,,17,True,False
52-86-8,DTXSID4034150,Haloperidol,C1CN(CCC1(C2=CC=C(C=C2)Cl)O)CCCC(=O)C3=CC=C(C=C3)F,,26,True,False
7601-89-0,DTXSID1034185,Sodium perchlorate,[O-]Cl(=O)(=O)=O.[Na+],,6,True,False
10540-29-1,DTXSID1034187,Tamoxifen,CCC(=C(C1=CC=CC=C1)C2=CC=C(C=C2)OCCN(C)C)C3=CC=CC=C3,,28,True,False
10161-33-8,DTXSID0034192,17beta-Trenbolone,CC12C=CC3=C4CCC(=O)C=C4CCC3C1CCC2O,,20,True,False
2074-50-2,DTXSID7034202,"1,1'-Dimethyl-4,4'-bipyridinium bis(methyl sulfate)",C[N+]1=CC=C(C=C1)C2=CC=[N+](C=C2)C.COS(=O)(=O)[O-].COS(=O)(=O)[O-],,26,True,False
29091-21-2,DTXSID1034210,Prodiamine,CCCN(CCC)C1=C(C=C(C(=C1[N+](=O)[O-])N)C(F)(F)F)[N+](=O)[O-],,24,True,True
118134-30-8,DTXSID1034212,Spiroxamine,CCCN(CC)CC1COC2(O1)CCC(CC2)C(C)(C)C,,21,True,False
119168-77-3,DTXSID0034223,Tebufenpyrad,CCC1=NN(C(=C1Cl)C(=O)NCC2=CC=C(C=C2)C(C)(C)C)C,,23,True,False
119515-38-7,DTXSID0034227,Icaridin,CCC(C)OC(=O)N1CCCCC1CCO,,16,True,False
62732-91-6,DTXSID5034228,Debacarb,CCOCCOCCOC(=O)NC1=NC2=CC=CC=C2N1,,21,True,False
1928-43-4,DTXSID4034235,"2,4-D 2-EHE",CCCCC(CC)COC(=O)COC1=C(C=C(C=C1)Cl)Cl,,21,True,False
5742-19-8,DTXSID9034238,"2,4-Dichlorophenoxyacetic acid diethanolamine",C1=CC(=C(C=C1Cl)Cl)OCC(=O)O.C(CO)NCCO,,20,True,False
470-90-6,DTXSID7034250,Chlorfenvinphos,CCOP(=O)(OCC)OC(=CCl)C1=C(C=C(C=C1)Cl)Cl,,20,True,False
149979-41-9,DTXSID7034252,Tepraloxydim,CCC(=NOCC=CCl)C1=C(CC(CC1=O)C2CCOCC2)O,,23,True,False
58842-20-9,DTXSID7034256,Nithiazine,C1CNC(=C[N+](=O)[O-])SC1,,10,True,False
2682-20-4,DTXSID2034259,2-Methyl-3(2H)-isothiazolone,CN1C(=O)C=CS1,,7,True,False
79-57-2,DTXSID1034260,Oxytetracycline,CC1(C2C(C3C(C(=O)C(=C(C3(C(=O)C2=C(C4=C1C=CC=C4O)O)O)O)C(=O)N)N(C)C)O)O,,33,True,False
6753-47-5,DTXSID1034262,Picloram triisopropanolamine salt,CC(CN(CC(C)O)CC(C)O)O.C1(=C(C(=NC(=C1Cl)Cl)C(=O)O)Cl)N,,26,True,False
57754-85-5,DTXSID6034265,Clopyralid-olamine,C1=CC(=NC(=C1Cl)C(=O)O)Cl.C(CO)N,,15,True,False
104098-48-8,DTXSID5034270,Imazapic,CC1=CC(=C(N=C1)C2=NC(C(=O)N2)(C)C(C)C)C(=O)O,,20,True,False
81052-29-1,DTXSID5034272,"3-Pyridinecarboxylic acid, 2-(4-chlorophenyl)-1-ethyl-1,4-dihydro-6-methyl-4-oxo-, potassium salt",CCN1C(=CC(=O)C(=C1C2=CC=C(C=C2)Cl)C(=O)[O-])C.[K+],,21,True,False
122-88-3,DTXSID9034282,4-Chlorophenoxyacetic acid,C1=CC(=CC=C1OCC(=O)O)Cl,,12,True,False
26172-55-4,DTXSID9034286,5-Chloro-2-methyl-3(2H)-isothiazolone,CN1C(=O)C=C(S1)Cl,,8,True,False
57960-19-7,DTXSID8034297,Acequinocyl,CCCCCCCCCCCCC1=C(C(=O)C2=CC=CC=C2C1=O)OC(=O)C,,28,True,False
53780-36-2,DTXSID3034298,Mefluidide-diolamine,CC1=CC(=C(C=C1NC(=O)C)NS(=O)(=O)C(F)(F)F)C.C(CO)NCCO,,27,True,True
135410-20-7,DTXSID0034300,Acetamiprid,CC(=NC#N)N(C)CC1=CN=C(C=C1)Cl,,15,True,False
57213-69-1,DTXSID0034302,Triclopyr triethylamine salt,CCN(CC)CC.C1=C(C(=NC(=C1Cl)Cl)OCC(=O)O)Cl,,21,True,False
81406-37-3,DTXSID5034303,Fluroxypyr-meptyl,CCCCCCC(C)OC(=O)COC1=NC(=C(C(=C1Cl)N)Cl)F,,23,True,False
112143-82-5,DTXSID5034307,Triazamate,CCOC(=O)CSC1=NC(=NN1C(=O)N(C)C)C(C)(C)C,,21,True,False
14816-18-3,DTXSID8034324,Phoxim,CCOP(=S)(OCC)ON=C(C#N)C1=CC=CC=C1,,19,True,False
129909-90-6,DTXSID3034329,Amicarbazone,CC(C)C1=NN(C(=O)N1N)C(=O)NC(C)(C)C,,17,True,False
150114-71-9,DTXSID2034330,Aminopyralid,C1=C(C(=C(N=C1Cl)C(=O)O)Cl)N,,12,True,False
12771-68-5,DTXSID2034338,Ancymidol,COC1=CC=C(C=C1)C(C2CC2)(C3=CN=CN=C3)O,,19,True,False
7778-39-4,DTXSID1034341,Arsenic acid,O[As](=O)(O)O,,5,True,False
1303-28-2,DTXSID1034343,Arsenic(V) pentoxide,O=[As](=O)O[As](=O)=O,,7,True,False
13701-59-2,DTXSID1034347,Barium metaborate,B(=O)[O-].B(=O)[O-].[Ba+2],,7,True,False
64628-44-0,DTXSID5034355,Triflumuron,C1=CC=C(C(=C1)C(=O)NC(=O)NC2=CC=C(C=C2)OC(F)(F)F)Cl,,24,True,True
103055-07-8,DTXSID5034357,Lufenuron,C1=CC(=C(C(=C1)F)C(=O)NC(=O)NC2=CC(=C(C=C2Cl)OC(C(C(F)(F)F)F)(F)F)Cl)F,,32,True,True
134605-64-4,DTXSID9034365,Butafenacil,CC(C)(C(=O)OCC=C)OC(=O)C1=C(C=CC(=C1)N2C(=O)C=C(N(C2=O)C)C(F)(F)F)Cl,,32,True,True
2300-66-5,DTXSID9034369,Dicamba-dimethylammonium,CNC.COC1=C(C=CC(=C1C(=O)O)Cl)Cl,,16,True,False
10007-85-9,DTXSID8034370,Dicamba-potassium,COC1=C(C=CC(=C1C(=O)[O-])Cl)Cl.[K+],,14,True,False
147150-35-4,DTXSID8034372,Cloransulam-methyl,CCOC1=NC(=CC2=NC(=NN21)S(=O)(=O)NC3=C(C=CC=C3Cl)C(=O)OC)F,,28,True,False
28434-01-7,DTXSID2034382,Bioresmethrin,CC(=CC1C(C1(C)C)C(=O)OCC2=COC(=C2)CC3=CC=CC=C3)C,,25,True,False
125401-92-5,DTXSID7034383,Bispyribac-sodium,COC1=CC(=NC(=N1)OC2=C(C(=CC=C2)OC3=NC(=CC(=N3)OC)OC)C(=O)[O-])OC.[Na+],,32,True,False
1303-96-4,DTXSID2034384,Borax,B1(OB2OB(OB(O1)O2)[O-])[O-].O.O.O.O.O.O.O.O.O.O.[Na+].[Na+],,23,True,False
7775-19-1,DTXSID2034386,Sodium metaborate,B(=O)[O-].[Na+],,4,True,False
188425-85-6,DTXSID6034392,Boscalid,C1=CC=C(C(=C1)C2=CC=C(C=C2)Cl)NC(=O)C3=C(N=CC=C3)Cl,,23,True,False
69327-76-0,DTXSID8034401,Buprofezin,CC(C)N1C(=NC(C)(C)C)SCN(C1=O)C2=CC=CC=C2,,21,True,False
23184-66-9,DTXSID3034402,Butachlor,CCCCOCN(C1=C(C=CC=C1CC)CC)C(=O)CCl,,21,True,False
124-65-2,DTXSID3034408,"Cacodylic acid, sodium salt",C[As](=O)(C)[O-].[Na+],,6,True,False
1305-62-0,DTXSID7034410,Calcium hydroxide,[OH-].[OH-].[Ca+2],,3,True,False
2939-80-2,DTXSID7034418,cis-Captafol,C1C=CCC2C1C(=O)N(C2=O)SC(C(Cl)Cl)(Cl)Cl,,18,True,False
2302-17-2,DTXSID1034420,Asulam-sodium,COC(=NS(=O)(=O)C1=CC=C(C=C1)N)[O-].[Na+],,16,True,False
138-93-2,DTXSID6034423,Disodium cyanodithioimidocarbonate,C(#N)N=C([S-])[S-].[Na+].[Na+],,8,True,False
137-41-7,DTXSID1034424,Potassium N-methyldithiocarbamate,CNC(=S)[S-].[K+],,6,True,False
87818-31-3,DTXSID3034456,Cinmethylin,CC1=CC=CC=C1COC2CC3(CCC2(O3)C)C(C)C,,20,True,False
99129-21-2,DTXSID3034458,Clethodim,CCC(=NOCC=CCl)C1=C(CC(CC1=O)CC(C)SCC)O,,23,True,False
210880-92-5,DTXSID2034465,Clothianidin,CN=C(NCC1=CN=C(S1)Cl)N[N+](=O)[O-],,15,True,False
20427-59-2,DTXSID6034473,Copper(II) hydroxide,[OH-].[OH-].[Cu+2],,3,True,False
1332-65-6,DTXSID6034475,Copper oxychloride,[OH-].[OH-].[OH-].[Cl-].[Cu+2].[Cu+2],,6,True,False
7758-98-7,DTXSID6034479,Copper sulfate,[O-]S(=O)(=O)[O-].[Cu+2],,6,True,False
1317-38-0,DTXSID5034488,Cupric oxide,[O-2].[Cu+2],,2,True,False
1317-39-1,DTXSID0034489,Cuprous oxide,[O-2].[Cu+].[Cu+],,3,True,False
420-04-2,DTXSID9034490,Cyanamide,C(#N)N,,3,True,False
120116-88-3,DTXSID9034492,Cyazofamid,CC1=CC=C(C=C1)C2=C(N=C(N2S(=O)(=O)N(C)C)C#N)Cl,,21,True,False
127277-53-6,DTXSID9034496,Prohexadione-calcium,CCC(=C1C(=O)CC(CC1=O)C(=O)[O-])[O-].[Ca+2],,16,True,False
125116-23-6,DTXSID4034497,Metconazole,CC1(CCC(C1(CN2C=NC=N2)O)CC3=CC=C(C=C3)Cl)C,,22,True,False
76703-62-3,DTXSID1034501,gamma-Cyhalothrin,CC1(C(C1C(=O)OC(C#N)C2=CC(=CC=C2)OC3=CC=CC=C3)C=C(C(F)(F)F)Cl)C,,31,True,True
122008-85-9,DTXSID1034503,Cyhalofop-butyl,CCCCOC(=O)C(C)OC1=CC=C(C=C1)OC2=C(C=C(C=C2)C#N)F,,26,True,False
13684-56-5,DTXSID0034518,Desmedipham,CCOC(=O)NC1=CC(=CC=C1)OC(=O)NC2=CC=CC=C2,,22,True,False
18472-51-0,DTXSID5034519,"D-Gluconic acid, compd with N,N''-bis(4-chlorophenyl)-3,12-diimino-2,4,11,13-tetraazatetradecanediimidamide (2:1)",C1=CC(=CC=C1NC(=NC(=NCCCCCCN=C(N)N=C(N)NC2=CC=C(C=C2)Cl)N)N)Cl.C(C(C(C(C(C(=O)O)O)O)O)O)O.C(C(C(C(C(C(=O)O)O)O)O)O)O,,60,True,False
145701-21-9,DTXSID4034528,Diclosulam,CCOC1=NC(=CC2=NC(=NN21)S(=O)(=O)NC3=C(C=CC=C3Cl)Cl)F,,25,True,False
52508-35-7,DTXSID2034540,Dikegulac sodium,CC1(OCC2C(O1)C3C(O2)(OC(O3)(C)C)C(=O)[O-])C.[Na+],,20,True,False
163515-14-8,DTXSID2034542,Dimethenamid-P,CC1=CSC(=C1N(C(C)COC)C(=O)CCl)C,,17,True,False
110488-70-5,DTXSID7034545,Dimethomorph,COC1=C(C=C(C=C1)C(=CC(=O)N2CCOCC2)C3=CC=C(C=C3)Cl)OC,,27,True,False
2758-42-1,DTXSID7034547,"Dimethylamine 4-(2,4-dichlorophenoxy)butyrate",CNC.C1=CC(=C(C=C1Cl)Cl)OCCCC(=O)O,,18,True,False
165252-70-0,DTXSID7034549,Dinotefuran,CN=C(NCC1CCOC1)N[N+](=O)[O-],,14,True,False
2764-72-9,DTXSID6034554,Diquat,C1C[N+]2=CC=CC=C2C3=CC=CC=[N+]31,,14,True,False
2164-07-0,DTXSID0034568,Endothal-dipotassium,C1CC2C(C(C1O2)C(=O)[O-])C(=O)[O-].[K+].[K+],,15,True,False
97780-06-8,DTXSID9034573,Ethametsulfuron-methyl,CCOC1=NC(=NC(=N1)NC(=O)NS(=O)(=O)C2=CC=CC=C2C(=O)OC)NC,,28,True,False
2491-38-5,DTXSID4034576,2-Bromo-4-hydroxyacetophenone,C1=CC(=CC=C1C(=O)CBr)O,,11,True,False
26225-79-6,DTXSID8034580,Ethofumesate,CCOC1C(C2=C(O1)C=CC(=C2)OS(=O)(=O)C)(C)C,,19,True,False
2122-70-5,DTXSID3034583,Ethyl 1-naphthaleneacetate,CCOC(=O)CC1=CC=CC2=CC=CC=C21,,16,True,False
153233-91-1,DTXSID8034586,Etoxazole,CCOC1=C(C=CC(=C1)C(C)(C)C)C2COC(=N2)C3=C(C=CC=C3F)F,,26,True,False
131807-57-3,DTXSID8034588,Famoxadone,CC1(C(=O)N(C(=O)O1)NC2=CC=CC=C2)C3=CC=C(C=C3)OC4=CC=CC=C4,,28,True,False
161326-34-7,DTXSID2034590,Fenamidone,CC1(C(=O)N(C(=N1)SC)NC2=CC=CC=C2)C3=CC=CC=C3,,22,True,False
71283-80-2,DTXSID2034598,Fenoxaprop-P-ethyl,CCOC(=O)C(C)OC1=CC=C(C=C1)OC2=NC3=C(O2)C=C(C=C3)Cl,,25,True,False
67564-91-4,DTXSID4034601,"(2R,6S)-Fenpropimorph",CC1CN(CC(O1)C)CC(C)CC2=CC=C(C=C2)C(C)(C)C,,22,True,False
120068-37-3,DTXSID4034609,Fipronil,C1=C(C=C(C(=C1Cl)N2C(=C(C(=N2)C#N)S(=O)C(F)(F)F)N)Cl)C(F)(F)F,,26,True,True
104040-78-0,DTXSID3034610,Flazasulfuron,COC1=CC(=NC(=N1)NC(=O)NS(=O)(=O)C2=C(C=CC=N2)C(F)(F)F)OC,,27,True,True
158062-67-0,DTXSID8034611,Flonicamid,C1=CN=CC(=C1C(F)(F)F)C(=O)NCC#N,,16,True,True
69806-50-4,DTXSID3034612,Fluazifop-butyl,CCCCOC(=O)C(C)OC1=CC=C(C=C1)OC2=NC=C(C=C2)C(F)(F)F,,27,True,True
181274-17-9,DTXSID3034614,Flucarbazone-sodium,CN1C(=NN(C1=O)C(=NS(=O)(=O)C2=CC=CC=C2OC(F)(F)F)[O-])OC.[Na+],,27,True,True
188489-07-8,DTXSID3034618,Flufenpyr-ethyl,CCOC(=O)COC1=C(C=C(C(=C1)N2C(=O)C(=C(C=N2)C(F)(F)F)C)F)Cl,,27,True,True
239110-15-7,DTXSID7034624,Fluopicolide,C1=CC(=C(C(=C1)Cl)C(=O)NCC2=C(C=C(C=N2)C(F)(F)F)Cl)Cl,,23,True,True
361377-29-9,DTXSID2034625,Fluoxastrobin,CON=C(C1=CC=CC=C1OC2=C(C(=NC=N2)OC3=CC=CC=C3Cl)F)C4=NOCCO4,,32,True,False
69377-81-7,DTXSID2034627,Fluroxypyr,C(C(=O)O)OC1=NC(=C(C(=C1Cl)N)Cl)F,,15,True,False
68157-60-8,DTXSID1034634,Forchlorfenuron,C1=CC=C(C=C1)NC(=O)NC2=CC(=NC=C2)Cl,,17,True,False
38641-94-0,DTXSID0034649,Glyphosate-isopropylamine,CC(C)N.C(C(=O)O)NCP(=O)(O)O,,14,True,False
100784-20-1,DTXSID9034650,Halosulfuron-methyl,CN1C(=C(C(=N1)Cl)C(=O)OC)S(=O)(=O)NC(=O)NC2=NC(=CC(=N2)OC)OC,,28,True,False
79983-71-4,DTXSID4034653,Hexaconazole,CCCCC(CN1C=NC=N1)(C2=C(C=C(C=C2)Cl)Cl)O,,20,True,False
114311-32-9,DTXSID3034664,Imazamox,CC(C)C1(C(=O)NC(=N1)C2=C(C=C(C=N2)COC)C(=O)O)C,,22,True,False
81334-34-1,DTXSID8034665,Imazapyr,CC(C)C1(C(=O)NC(=N1)C2=C(C=CC=N2)C(=O)O)C,,19,True,False
7553-56-2,DTXSID7034672,Iodine,II,,2,True,False
144550-36-7,DTXSID2034673,Iodosulfuron-methyl-sodium,CC1=NC(=NC(=N1)OC)NC(=NS(=O)(=O)C2=C(C=CC(=C2)I)C(=O)OC)[O-].[Na+],,28,True,False
125225-28-7,DTXSID7034674,Ipconazole,CC(C)C1CCC(C1(CN2C=NC=N2)O)CC3=CC=C(C=C3)Cl,,23,True,False
79-33-4,DTXSID6034689,L-Lactic acid,CC(C(=O)O)O,,6,True,False
7786-30-3,DTXSID5034690,Magnesium chloride,[Mg+2].[Cl-].[Cl-],,3,True,False
28382-15-2,DTXSID5034694,"Maleic hydrazide, potassium salt",C1C=C(N=NC1=O)[O-].[K+],,9,True,False
29450-45-1,DTXSID5034698,MCPA-2-ethylhexyl,CCCCC(CC)COC(=O)COC1=C(C=C(C=C1)Cl)C,,21,True,False
2039-46-5,DTXSID0034699,MCPA dimethylamine salt,CC1=C(C=CC(=C1)Cl)OCC(=O)O.CNC,,16,True,False
3653-48-3,DTXSID2034700,MCPA-sodium,CC1=C(C=CC(=C1)Cl)OCC(=O)[O-].[Na+],,14,True,False
6062-26-6,DTXSID2034702,MCPB-sodium,CC1=C(C=CC(=C1)Cl)OCCCC(=O)[O-].[Na+],,16,True,False
1929-86-8,DTXSID7034707,Mecoprop-potassium,CC1=C(C=CC(=C1)Cl)OC(C)C(=O)[O-].[K+],,15,True,False
53780-34-0,DTXSID7034709,Mefluidide,CC1=CC(=C(C=C1NC(=O)C)NS(=O)(=O)C(F)(F)F)C,,20,True,True
208465-21-8,DTXSID6034712,Mesosulfuron-methyl,COC1=CC(=NC(=N1)NC(=O)NS(=O)(=O)C2=C(C=CC(=C2)CNS(=O)(=O)C)C(=O)OC)OC,,33,True,False
108-62-3,DTXSID1034715,Metaldehyde acetaldehyde tetramer,CC1OC(OC(OC(O1)C)C)C,,12,True,False
30388-01-3,DTXSID0034720,2-Hydroxypropyl methanethiosulfonate,CC(CSS(=O)(=O)C)O,,9,True,False
210631-68-8,DTXSID0034722,Topramezone,CC1=C(C=CC(=C1C2=NOCC2)S(=O)(=O)C)C(=O)C3=CNN(C3=O)C,,25,True,False
141112-29-0,DTXSID5034723,Isoxaflutole,CS(=O)(=O)C1=C(C=CC(=C1)C(F)(F)F)C(=O)C2=C(ON=C2)C3CC3,,24,True,True
240494-70-6,DTXSID4034738,Metofluthrin,CC=CC1C(C1(C)C)C(=O)OCC2=C(C(=C(C(=C2F)F)COC)F)F,,25,True,False
173159-57-4,DTXSID7034753,Foramsulfuron,CN(C)C(=O)C1=C(C=C(C=C1)NC=O)S(=O)(=O)NC(=O)NC2=NC(=CC(=N2)OC)OC,,31,True,False
132-67-2,DTXSID7034759,Naptalam-sodium,C1=CC=C2C(=C1)C=CC=C2N=C(C3=CC=CC=C3C(=O)O)[O-].[Na+],,23,True,False
330-95-0,DTXSID6034762,Nicarbazin,CC1=CC(=NC(=O)N1)C.C1=CC(=CC=C1NC(=O)NC2=CC=C(C=C2)[N+](=O)[O-])[N+](=O)[O-],,31,True,False
111991-09-4,DTXSID6034764,Nicosulfuron,CN(C)C(=O)C1=C(N=CC=C1)S(=O)(=O)NC(=O)NC2=NC(=CC(=N2)OC)OC,,28,True,False
116714-46-6,DTXSID5034773,Novaluron,C1=CC(=C(C(=C1)F)C(=O)NC(=O)NC2=CC(=C(C=C2)OC(C(OC(F)(F)F)F)(F)F)Cl)F,,32,True,True
121451-02-3,DTXSID0034774,Noviflumuron,C1=CC(=C(C(=C1)F)C(=O)NC(=O)NC2=CC(=C(C(=C2F)Cl)OC(C(C(F)(F)F)F)(F)F)Cl)F,,33,True,True
57018-04-9,DTXSID0034776,Tolclofos-methyl,CC1=CC(=C(C(=C1)Cl)OP(=S)(OC)OC)Cl,,16,True,False
213464-77-8,DTXSID4034788,Orthosulfamuron,CN(C)C(=O)C1=CC=CC=C1NS(=O)(=O)NC(=O)NC2=NC(=CC(=N2)OC)OC,,29,True,False
5259-88-1,DTXSID8034792,Oxycarboxin,CC1=C(S(=O)(=O)CCO1)C(=O)NC2=CC=CC=C2,,18,True,False
4685-14-7,DTXSID3034799,Paraquat,C[N+]1=CC=C(C=C1)C2=CC=[N+](C=C2)C,,14,True,False
219714-96-2,DTXSID0034803,Penoxsulam,COC1=CN=C(N2C1=NC(=N2)NS(=O)(=O)C3=C(C=CC=C3OCC(F)F)C(F)(F)F)OC,,32,True,True
6923-22-4,DTXSID9034816,Monocrotophos,CC(=CC(=O)NC)OP(=O)(OC)OC,,14,True,False
35575-96-3,DTXSID9034818,Azamethiphos,COP(=O)(OC)SCN1C2=C(C=C(C=N2)Cl)OC1=O,,19,True,False
2545-60-0,DTXSID8034821,Picloram-potassium,C1(=C(C(=NC(=C1Cl)Cl)C(=O)[O-])Cl)N.[K+],,14,True,False
243973-20-8,DTXSID8034823,Pinoxaden,CCC1=CC(=CC(=C1C2=C(N3CCOCCN3C2=O)OC(=O)C(C)(C)C)CC)C,,29,True,False
128-03-0,DTXSID7034834,Potassium dimethyldithiocarbamate,CN(C)C(=S)[S-].[K+],,7,True,False
7681-11-0,DTXSID7034836,Potassium iodide,[K+].[I-],,2,True,False
7722-64-7,DTXSID2034839,Potassium permanganate,O.O.O.[OH-].[K+].[Mn],,6,True,False
25606-41-1,DTXSID6034849,Propamocarb hydrochloride,CCCOC(=O)NCCCN(C)C.Cl,,14,True,False
15165-67-0,DTXSID0034851,Dichlorprop-P,CC(C(=O)O)OC1=C(C=C(C=C1)Cl)Cl,,14,True,False
79241-46-6,DTXSID0034855,Fluazifop-P-butyl,CCCCOC(=O)C(C)OC1=CC=C(C=C1)OC2=NC=C(C=C2)C(F)(F)F,,27,True,True
66423-09-4,DTXSID5034856,Mecoprop-P-dimethylammonium,CC1=C(C=CC(=C1)Cl)OC(C)C(=O)O.CNC,,17,True,False
100646-51-3,DTXSID0034857,Quizalofop-P-ethyl,CCOC(=O)C(C)OC1=CC=C(C=C1)OC2=CN=C3C=C(C=CC3=N2)Cl,,26,True,False
181274-15-7,DTXSID9034864,Propoxycarbazone-sodium,CCCOC1=NN(C(=O)N1C)C(=NS(=O)(=O)C2=CC=CC=C2C(=O)OC)[O-].[Na+],,28,True,False
94125-34-5,DTXSID9034868,Prosulfuron,CC1=NC(=NC(=N1)OC)NC(=O)NS(=O)(=O)C2=CC=CC=C2CCC(F)(F)F,,28,True,True
178928-70-6,DTXSID4034869,Prothioconazole,C1CC1(C(CC2=CC=CC=C2Cl)(CN3C(=S)N=CN3)O)Cl,,21,True,False
129630-19-9,DTXSID8034871,Pyraflufen-ethyl,CCOC(=O)COC1=C(C=C(C(=C1)C2=NN(C(=C2Cl)OC(F)F)C)F)Cl,,26,True,False
1698-60-8,DTXSID3034872,Chloridazon,C1=CC=C(C=C1)N2C(=O)C(=C(C=N2)N)Cl,,15,True,False
179101-81-6,DTXSID8034875,Pyridalyl,C1=CC(=NC=C1C(F)(F)F)OCCCOC2=C(C=C(C=C2Cl)OCC=C(Cl)Cl)Cl,,29,True,True
53112-28-0,DTXSID8034877,Pyrimethanil,CC1=CC(=NC(=N1)NC2=CC=CC=C2)C,,15,True,False
124495-18-7,DTXSID2034881,Quinoxyfen,C1=CC(=CC=C1OC2=C3C(=CC(=CC3=NC=C2)Cl)Cl)F,,20,True,False
299-84-3,DTXSID2034885,Fenchlorphos,COP(=S)(OC)OC1=CC(=C(C=C1Cl)Cl)Cl,,16,True,False
2312-76-7,DTXSID1034898,"Sodium 4,6-dinitro-2-methylphenolate",CC1=CC(=CC(=C1[O-])[N+](=O)[O-])[N+](=O)[O-].[Na+],,15,True,False
3567-25-7,DTXSID6034899,Sulcofuron-sodium,C1=CC(=C(C=C1NC(=NC2=C(C=CC(=C2)Cl)OC3=C(C=C(C=C3)Cl)S(=O)(=O)O)[O-])Cl)Cl.[Na+],,32,True,False
7631-90-5,DTXSID8034902,Sodium bisulfite,OS(=O)[O-].[Na+],,5,True,False
7647-15-6,DTXSID3034903,Sodium bromide,[Na+].[Br-],,2,True,False
15922-78-8,DTXSID6034920,Sodium pyrithione,C1=CC(=S)N(C=C1)[O-].[Na+],,9,True,False
7345-69-9,DTXSID1034923,Sodium tetrathiocarbamate,C(=S)([S-])S[S-].[Na+].[Na+],,7,True,False
650-51-1,DTXSID6034924,Sodium trichloroacetate,C(=O)(C(Cl)(Cl)Cl)[O-].[Na+],,8,True,False
148477-71-8,DTXSID6034928,Spirodiclofen,CCC(C)(C)C(=O)OC1=C(C(=O)OC12CCCCC2)C3=C(C=C(C=C3)Cl)Cl,,27,True,False
283594-90-1,DTXSID1034929,Spiromesifen,CC1=CC(=C(C(=C1)C)C2=C(C3(CCCC3)OC2=O)OC(=O)CC(C)(C)C)C,,27,True,False
98886-44-3,DTXSID0034930,Fosthiazate,CCC(C)SP(=O)(N1CCSC1=O)OCC,,16,True,False
74222-97-2,DTXSID0034936,Sulfometuron-methyl,CC1=CC(=NC(=N1)NC(=O)NS(=O)(=O)C2=CC=CC=C2C(=O)OC)C,,25,True,False
81591-81-3,DTXSID5034939,Glyphosate-trimesium,C[S+](C)C.C(C(=O)[O-])NCP(=O)(O)O,,14,True,False
141776-32-1,DTXSID4034940,Sulfosulfuron,CCS(=O)(=O)C1=C(N2C=CC=CC2=N1)S(=O)(=O)NC(=O)NC3=NC(=CC(=N3)OC)OC,,31,True,False
112410-23-8,DTXSID4034948,Tebufenozide,CCC1=CC=C(C=C1)C(=O)NN(C(=O)C2=CC(=CC(=C2)C)C)C(C)(C)C,,26,True,False
112281-77-3,DTXSID8034956,Tetraconazole,C1=CC(=C(C=C1Cl)Cl)C(CN2C=NC=N2)COC(C(F)F)(F)F,,23,True,True
107-49-3,DTXSID3034957,Tetraethyl pyrophosphate,CCOP(=O)(OCC)OP(=O)(OCC)OCC,,17,True,False
111988-49-9,DTXSID7034961,Thiacloprid,C1CSC(=NC#N)N1CC2=CN=C(C=C2)Cl,,16,True,False
153719-23-4,DTXSID2034962,Thiamethoxam,CN1COCN(C1=N[N+](=O)[O-])CC2=CN=C(S2)Cl,,18,True,False
541-53-7,DTXSID2034968,"2,4-Dithiobiuret",C(=S)(N)NC(=S)N,,7,True,False
89-83-8,DTXSID6034972,Thymol,CC1=CC(=C(C=C1)C(C)C)O,,11,True,False
87820-88-0,DTXSID1034973,Tralkoxydim,CCC(=NOCC)C1=C(CC(CC1=O)C2=C(C=C(C=C2C)C)C)O,,24,True,False
81741-28-8,DTXSID9034997,Tributyltetradecylphosphonium chloride,CCCCCCCCCCCCCC[P+](CCCC)(CCCC)CCCC.[Cl-],,28,True,False
112-38-9,DTXSID8035001,10-Undecenoic acid,C=CCCCCCCCCC(=O)O,,13,True,False
30043-49-3,DTXSID8035005,Ethidimuron,CCS(=O)(=O)C1=NN=C(S1)N(C)C(=O)NC,,16,True,False
7440-66-6,DTXSID7035012,Zinc,[Zn],,1,True,False
7646-85-7,DTXSID2035013,Zinc chloride,[Cl-].[Cl-].[Zn+2],,3,True,False
1314-13-2,DTXSID7035016,Zinc oxide,[O-2].[Zn+2],,2,True,False
10099-74-8,DTXSID2035069,Lead nitrate,[N+](=O)([O-])[O-].[N+](=O)([O-])[O-].[Pb+2],,9,True,False
56-12-2,DTXSID6035106,4-Aminobutanoic acid,C(CC(=O)O)CN,,7,True,False
98-50-0,DTXSID8035138,(4-Aminophenyl)arsonic acid,C1=CC(=CC=C1N)[As](=O)(O)O,,11,True,False
525-79-1,DTXSID9035175,Kinetin,C1=COC(=C1)CNC2=NC=NC3=C2NC=N3,,16,True,False
584-79-2,DTXSID8035180,Allethrin,CC1=C(C(=O)CC1OC(=O)C2C(C2(C)C)C=C(C)C)CC=C,,22,True,False
2179-57-9,DTXSID9035206,Diallyl disulfide,C=CCSSCC=C,,8,True,False
6440-58-0,DTXSID8035217,"1,3-Dimethylol-5,5-dimethylhydantoin",CC1(C(=O)N(C(=O)N1CO)CO)C,,13,True,False
7558-80-7,DTXSID7035222,Monosodium phosphate,OP(=O)(O)[O-].[Na+],,6,True,False
7601-54-9,DTXSID2035223,Trisodium phosphate,[O-]P(=O)([O-])[O-].[Na+].[Na+].[Na+],,8,True,False
7726-95-6,DTXSID1035238,Bromine,BrBr,,2,True,False
7758-89-6,DTXSID5035242,Copper(I) chloride,[Cl-].[Cu+],,2,True,False
7783-90-6,DTXSID4035251,Silver chloride,[Cl-].[Ag+],,2,True,False
13863-41-7,DTXSID4035259,Bromine chloride,ClBr,,2,True,False
33956-49-9,DTXSID1035288,Codlelure,CC=CC=CCCCCCCCO,,13,True,False
77-48-5,DTXSID3035341,"1,3-Dibromo-5,5-dimethylhydantoin",CC1(C(=O)N(C(=O)N1Br)Br)C,,11,True,False
3572-06-3,DTXSID2035481,4-(4-(Acetyloxy)phenyl)-2-butanone,CC(=O)CCC1=CC=C(C=C1)OC(=O)C,,15,True,False
7758-11-4,DTXSID8035506,Dipotassium monohydrogen phosphate,OP(=O)([O-])[O-].[K+].[K+],,7,True,False
32426-11-2,DTXSID9035549,Octyl decyl dimethyl ammonium chloride,CCCCCCCCCC[N+](C)(C)CCCCCCCC.[Cl-],,22,True,False
1066-33-7,DTXSID5035618,Ammonium hydrogen carbonate,C(=O)(O)O.N,,5,True,False
4299-07-4,DTXSID2035649,"1,2-Benzisothiazol-3(2H)-one, 2-butyl-",CCCCN1C(=O)C2=CC=CC=C2S1,,14,True,False
7778-77-0,DTXSID0035667,Monobasic potassium phosphate,OP(=O)(O)[O-].[K+],,6,True,False
12124-97-9,DTXSID8035681,Ammonium bromide,N.Br,,2,True,False
23526-02-5,DTXSID4035706,Thuringiensin,C1=NC(=C2C(=N1)N(C=N2)C3C(C(C(O3)COC4C(OC(C(C4O)O)OC(C(C(C(C(=O)O)O)OP(=O)(O)O)O)C(=O)O)CO)O)O)N,,47,True,False
34010-21-4,DTXSID6035730,(Z)-11-Hexadecenyl acetate,CCCCC=CCCCCCCCCCCOC(=O)C,,20,True,False
52304-36-6,DTXSID9035753,Ethyl 3-(N-butylacetamido)propionate,CCCCN(CCC(=O)OCC)C(=O)C,,15,True,False
65954-19-0,DTXSID6035786,(Z)-4-Tridecen-1-yl acetate,CCCCCCCCC=CCCCOC(=O)C,,17,True,False
67233-85-6,DTXSID0035790,Sodium 2-methoxy-5-nitrophenolate,COC1=C(C=C(C=C1)[N+](=O)[O-])[O-].[Na+],,13,True,False
70161-44-3,DTXSID5035799,"N-(Hydroxymethyl)glycine, monosodium salt",C(C(=O)[O-])NCO.[Na+],,8,True,False
68359-37-5,DTXSID5035957,Cyfluthrin,CC1(C(C1C(=O)OC(C#N)C2=CC(=C(C=C2)F)OC3=CC=CC=C3)C=C(Cl)Cl)C,,29,True,False
7440-28-0,DTXSID2036035,Thallium,[Tl],,1,True,False
142-87-0,DTXSID4036229,Sodium decyl sulfate,CCCCCCCCCCOS(=O)(=O)[O-].[Na+],,16,True,False
471-34-1,DTXSID3036238,Carbonic acid calcium salt (1:1),C(=O)([O-])[O-].[Ca+2],,5,True,False
584-08-7,DTXSID2036245,"Carbonic acid, dipotassium salt",C(=O)([O-])[O-].[K+].[K+],,6,True,False
7378-99-6,DTXSID2036299,"N,N-Dimethyloctylamine",CCCCCCCCN(C)C,,11,True,False
7758-29-4,DTXSID9036307,Pentasodium triphosphate,[O-]P(=O)([O-])OP(=O)([O-])OP(=O)([O-])[O-].[Na+].[Na+].[Na+].[Na+].[Na+],,18,True,False
139-08-2,DTXSID6036384,Tetradecyldimethylbenzylammonium chloride,CCCCCCCCCCCCCC[N+](C)(C)CC1=CC=CC=C1.[Cl-],,25,True,False
27344-41-8,DTXSID6036467,"Disodium 4,4'-bis(2-sulfostyryl)biphenyl",C1=CC=C(C(=C1)C=CC2=CC=C(C=C2)C3=CC=C(C=C3)C=CC4=CC=CC=C4S(=O)(=O)[O-])S(=O)(=O)[O-].[Na+].[Na+],,38,True,False
564-35-2,DTXSID8036499,11-Keto-testosterone,CC12CCC(=O)C=C1CCC3C2C(=O)CC4(C3CCC4O)C,,22,True,False
145-13-1,DTXSID1036541,Pregnenolone,CC(=O)C1CCC2C1(CCC3C2CC=C4C3(CCC(C4)O)C)C,,23,True,False
124-20-9,DTXSID4036645,Spermidine,C(CCNCCCN)CN,,10,True,False
21293-29-8,DTXSID0036766,(1S)-Abscisic acid,CC1=CC(=O)CC(C1(C=CC(=CC(=O)O)C)O)(C)C,,19,True,False
14402-89-2,DTXSID2036794,Sodium nitroprusside,[C-]#N.[C-]#N.[C-]#N.[C-]#N.[C-]#N.[N-]=O.[Na+].[Na+].[Fe+3],,15,True,False
91-95-2,DTXSID2036827,"3,3'-Diaminobenzidine",C1=CC(=C(C=C1C2=CC(=C(C=C2)N)N)N)N,,16,True,False
62-76-0,DTXSID1037018,Sodium oxalate,C(=O)(C(=O)[O-])[O-].[Na+].[Na+],,8,True,False
57-09-0,DTXSID5037028,Hexadecyltrimethylammonium bromide,CCCCCCCCCCCCCCCC[N+](C)(C)C.[Br-],,21,True,False
54029-45-7,DTXSID9037038,2-Nitro-4-thiocyanoaniline,C1=CC(=C(C=C1SC#N)[N+](=O)[O-])N,,13,True,False
3398-33-2,DTXSID4037039,Sodium undecylenate,C=CCCCCCCCCC(=O)[O-].[Na+],,14,True,False
26787-78-0,DTXSID3037044,Amoxicillin,CC1(C(N2C(S1)C(C2=O)NC(=O)C(C3=CC=C(C=C3)O)N)C(=O)O)C,,25,True,False
1069-66-5,DTXSID5037072,Sodium valproate,CCCC(CCC)C(=O)[O-].[Na+],,11,True,False
68392-35-8,DTXSID3037094,4-Hydroxytamoxifen,CCC(=C(C1=CC=C(C=C1)O)C2=CC=C(C=C2)OCCN(C)C)C3=CC=CC=C3,,29,True,False
505-60-2,DTXSID0037100,Bis-(2-chloroethyl)sulfide,C(CCl)SCCCl,,7,True,False
537-46-2,DTXSID8037128,Methamphetamine,CC(CC1=CC=CC=C1)NC,,11,True,False
122320-73-4,DTXSID7037131,Rosiglitazone,CN(CCOC1=CC=C(C=C1)CC2C(=O)NC(=O)S2)C3=CC=CC=N3,,25,True,False
62571-86-2,DTXSID1037197,Captopril,CC(CS)C(=O)N1CCCC1C(=O)O,,14,True,False
7790-86-5,DTXSID1037199,Cerium chloride,[Cl-].[Cl-].[Cl-].[Ce+3],,4,True,False
15307-79-6,DTXSID3037208,Diclofenac sodium,C1=CC=C(C(=C1)CC(=O)[O-])NC2=C(C=CC=C2Cl)Cl.[Na+],,20,True,False
7803-57-8,DTXSID9037240,Hydrazine hydrate,NN.O,,3,True,False
56392-17-7,DTXSID9037248,Metoprolol tartrate,CC(C)NCC(COC1=CC=C(C=C1)CCOC)O.CC(C)NCC(COC1=CC=C(C=C1)CCOC)O.C(C(C(=O)O)O)(C(=O)O)O,,48,True,False
1434-54-4,DTXSID7037262,Pregnenolone carbonitrile,CC(=O)C1C(CC2C1(CCC3C2CC=C4C3(CCC(C4)O)C)C)C#N,,25,True,False
13721-39-6,DTXSID2037269,Sodium orthovanadate,O.[OH-].[OH-].[OH-].[Na+].[Na+].[Na+].[V],,8,True,False
375-85-9,DTXSID1037303,Perfluoroheptanoic acid,C(=O)(C(C(C(C(C(C(F)(F)F)(F)F)(F)F)(F)F)(F)F)(F)F)O,,22,True,True
41814-78-2,DTXSID7037478,"2,7,8,9-Tricyclazole",CC1=C2C(=CC=C1)SC3=NN=CN23,,13,True,False
187022-11-3,DTXSID6037483,Acetochlor ESA,CCC1=CC=CC(=C1N(COCC)C(=O)CS(=O)(=O)O)C,,21,True,False
1066-51-9,DTXSID5037490,Aminomethylphosphonic acid,C(N)P(=O)(O)O,,6,True,False
1610-17-9,DTXSID0037493,Atraton,CCNC1=NC(=NC(=N1)OC)NC(C)C,,15,True,False
6190-65-4,DTXSID5037494,Deethylatrazine,CC(C)NC1=NC(=NC(=N1)N)Cl,,12,True,False
1007-28-9,DTXSID0037495,Deisopropylatrazine,CCNC1=NC(=NC(=N1)N)Cl,,11,True,False
11141-17-6,DTXSID0037497,Azadirachtin,CC=C(C)C(=O)OC1CC(C2(COC3C2C14COC(C4C(C3O)(C)C56C7CC(C5(O6)C)C8(C=COC8O7)O)(C(=O)OC)O)C(=O)OC)OC(=O)C,,51,True,False
2642-71-9,DTXSID5037498,Azinphos-ethyl,CCOP(=S)(OCC)SCN1C(=O)C2=CC=CC=C2N=N1,,21,True,False
55179-31-2,DTXSID2037502,Bitertanol,CC(C)(C)C(C(N1C=NC=N1)OC2=CC=C(C=C2)C3=CC=CC=C3)O,,25,True,False
95465-99-9,DTXSID7037505,Cadusafos,CCC(C)SP(=O)(OCC)SC(C)CC,,15,True,False
6164-98-3,DTXSID2037508,Chlordimeform,CC1=C(C=CC(=C1)Cl)N=CN(C)C,,13,True,False
24934-91-6,DTXSID1037511,Chlormephos,CCOP(=S)(OCC)SCCl,,11,True,False
5598-52-7,DTXSID6037512,Fospirate,COP(=O)(OC)OC1=NC(=C(C=C1Cl)Cl)Cl,,16,True,False
7700-17-6,DTXSID6037514,Crotoxyphos,CC(C1=CC=CC=C1)OC(=O)C=C(C)OP(=O)(OC)OC,,21,True,False
299-86-5,DTXSID1037515,Crufomate,CC(C)(C)C1=CC(=C(C=C1)OP(=O)(NC)OC)Cl,,18,True,False
919-86-8,DTXSID5037521,Demeton-S-methyl,CCSCCSP(=O)(OC)OC,,12,True,False
10311-84-9,DTXSID0037522,Dialifor,CCOP(=S)(OCC)SC(CCl)N1C(=O)C2=CC=CC=C2C1=O,,23,True,False
962-58-3,DTXSID5037523,Diazoxon,CCOP(=O)(OCC)OC1=NC(=NC(=C1)C)C(C)C,,19,True,False
4147-51-7,DTXSID9037533,Dipropetryn,CCSC1=NC(=NC(=N1)NC(C)C)NC(C)C,,17,True,False
126-75-0,DTXSID9037535,Demeton-S,CCOP(=O)(OCC)SCCSCC,,14,True,False
2497-07-6,DTXSID4037536,Oxydisulfoton,CCOP(=S)(OCC)SCCS(=O)CC,,15,True,False
959-98-8,DTXSID9037539,Endosulfan I,C1C2C(COS(=O)O1)C3(C(=C(C2(C3(Cl)Cl)Cl)Cl)Cl)Cl,,19,True,False
33213-65-9,DTXSID8037540,Endosulfan II,C1C2C(COS(=O)O1)C3(C(=C(C2(C3(Cl)Cl)Cl)Cl)Cl)Cl,,19,True,False
1031-07-8,DTXSID3037541,Endosulfan sulfate,C1C2C(COS(=O)(=O)O1)C3(C(=C(C2(C3(Cl)Cl)Cl)Cl)Cl)Cl,,20,True,False
136-25-4,DTXSID3037543,Erbon,CC(C(=O)OCCOC1=CC(=C(C=C1Cl)Cl)Cl)(Cl)Cl,,19,True,False
31972-44-8,DTXSID3037547,Fenamiphos sulfone,CCOP(=O)(NC(C)C)OC1=CC(=C(C=C1)S(=O)(=O)C)C,,21,True,False
31972-43-7,DTXSID8037548,Fenamiphos sulfoxide,CCOP(=O)(NC(C)C)OC1=CC(=C(C=C1)S(=O)C)C,,20,True,False
101-42-8,DTXSID7037551,Fenuron,CN(C)C(=O)NC1=CC=CC=C1,,12,True,False
15457-05-3,DTXSID7037553,Fluorodifen,C1=CC(=CC=C1[N+](=O)[O-])OC2=C(C=C(C=C2)C(F)(F)F)[N+](=O)[O-],,23,True,True
102851-06-9,DTXSID7037555,tau-Fluvalinate,CC(C)C(C(=O)OC(C#N)C1=CC(=CC=C1)OC2=CC=CC=C2)NC3=C(C=C(C=C3)C(F)(F)F)Cl,,35,True,True
135590-91-9,DTXSID6037564,Mefenpyr-diethyl,CCOC(=O)C1=NN(C(C1)(C)C(=O)OCC)C2=C(C=C(C=C2)Cl)Cl,,24,True,False
18691-97-9,DTXSID0037570,Methabenzthiazuron,CNC(=O)N(C)C1=NC2=CC=CC=C2S1,,15,True,False
950-35-6,DTXSID5037571,Methylparaoxon,COP(=O)(OC)OC1=CC=C(C=C1)[N+](=O)[O-],,16,True,False
1746-81-2,DTXSID0037576,Monolinuron,CN(C(=O)NC1=CC=C(C=C1)Cl)OC,,14,True,False
1113-02-6,DTXSID4037580,Omethoate,CNC(=O)CSP(=O)(OC)OC,,12,True,False
527-20-8,DTXSID4037584,Pentachloroaniline,C1(=C(C(=C(C(=C1Cl)Cl)Cl)Cl)Cl)N,,12,True,False
26259-45-0,DTXSID8037594,Secbumeton,CCC(C)NC1=NC(=NC(=N1)NCC)OC,,16,True,False
1014-70-6,DTXSID8037596,Simetryn,CCNC1=NC(=NC(=N1)SC)NCC,,14,True,False
131929-60-7,DTXSID8037598,Spinosyn A,CCC1CCCC(C(C(=O)C2=CC3C4CC(CC4C=CC3C2CC(=O)O1)OC5C(C(C(C(O5)C)OC)OC)OC)C)OC6CCC(C(O6)C)N(C)C,,52,True,False
61949-77-7,DTXSID4037611,trans-Permethrin,CC1(C(C1C(=O)OCC2=CC(=CC=C2)OC3=CC=CC=C3)C=C(Cl)Cl)C,,26,True,False
24017-47-8,DTXSID9037612,Triazophos,CCOP(=S)(OCC)OC1=NN(C=N1)C2=CC=CC=C2,,20,True,False
156-54-7,DTXSID3037672,Sodium butyrate,CCCC(=O)[O-].[Na+],,7,True,False
70458-96-7,DTXSID7037680,Norfloxacin,CCN1C=C(C(=O)C2=CC(=C(C=C21)N3CCNCC3)F)C(=O)O,,23,True,False
2795-39-3,DTXSID8037706,PFOS-K,C(C(C(C(C(F)(F)S(=O)(=O)[O-])(F)F)(F)F)(F)F)(C(C(C(F)(F)F)(F)F)(F)F)(F)F.[K+],,30,True,True
29420-49-3,DTXSID3037707,PFBS-K,C(C(C(F)(F)S(=O)(=O)[O-])(F)F)(C(F)(F)F)(F)F.[K+],,18,True,True
3825-26-1,DTXSID8037708,"PFOA, ammonium salt",C(=O)(C(C(C(C(C(C(C(F)(F)F)(F)F)(F)F)(F)F)(F)F)(F)F)(F)F)O.N,,26,True,True
1987-50-4,DTXSID2037714,4-Heptylphenol,CCCCCCCC1=CC=C(C=C1)O,,14,True,False
1478-61-1,DTXSID7037717,Bisphenol AF,C1=CC(=CC=C1C(C2=CC=C(C=C2)O)(C(F)(F)F)C(F)(F)F)O,,23,True,True
18263-25-7,DTXSID0037734,2-Bromohexadecanoic acid,CCCCCCCCCCCCCCC(C(=O)O)Br,,19,True,False
134-84-9,DTXSID9037741,4-Methylbenzophenone,CC1=CC=C(C=C1)C(=O)C2=CC=CC=C2,,15,True,False
3397-62-4,DTXSID1037806,"2-Chloro-4,6-diamino-1,3,5-triazine",C1(=NC(=NC(=N1)Cl)N)N,,9,True,False
2163-68-0,DTXSID6037807,2-Hydroxyatrazine,CCNC1=NC(=O)NC(=N1)NC(C)C,,14,True,False
37680-73-2,DTXSID8038304,"2,2,4,5,5'-Pentochlorobiphenyl",C1=CC(=C(C=C1Cl)C2=CC(=C(C=C2Cl)Cl)Cl)Cl,,17,True,False
35693-99-3,DTXSID3038305,"2,2',5,5'-Tetrachlorobiphenyl",C1=CC(=C(C=C1Cl)C2=C(C=CC(=C2)Cl)Cl)Cl,,16,True,False
32598-14-4,DTXSID8038306,"2,3,3',4,4'-Pentachlorobiphenyl",C1=CC(=C(C=C1C2=C(C(=C(C=C2)Cl)Cl)Cl)Cl)Cl,,17,True,False
32598-11-1,DTXSID3038309,"2,3',4',5-Tetrachlorobiphenyl",C1=CC(=C(C=C1C2=C(C=CC(=C2)Cl)Cl)Cl)Cl,,16,True,False
7012-37-5,DTXSID2038310,"2,4,4'-Trichlorobiphenyl",C1=CC(=CC=C1C2=C(C=C(C=C2)Cl)Cl)Cl,,15,True,False
6515-38-4,DTXSID7038317,"3,5,6-Trichloro-2-pyridinol",C1=C(C(=O)NC(=C1Cl)Cl)Cl,,10,True,False
5103-71-9,DTXSID6038326,cis-Chlordane,C1C2C(C(C1Cl)Cl)C3(C(=C(C2(C3(Cl)Cl)Cl)Cl)Cl)Cl,,18,True,False
5103-74-2,DTXSID4038346,trans-Chlordane,C1C2C(C(C1Cl)Cl)C3(C(=C(C2(C3(Cl)Cl)Cl)Cl)Cl)Cl,,18,True,False
327-98-0,DTXSID9038420,Trichloronat,CCOP(=S)(CC)OC1=CC(=C(C=C1Cl)Cl)Cl,,17,True,False
5598-15-2,DTXSID1038666,Chlorpyrifos oxon,CCOP(=O)(OCC)OC1=NC(=C(C=C1Cl)Cl)Cl,,18,True,False
93-89-0,DTXSID3038696,Ethyl benzoate,CCOC(=O)C1=CC=CC=C1,,11,True,False
110-83-8,DTXSID9038717,Cyclohexene,C1CCC=CC1,,6,True,False
123-25-1,DTXSID2038732,Diethyl butanedioate,CCOC(=O)CCC(=O)OCC,,12,True,False
128-08-5,DTXSID2038738,"1-Bromopyrrolidine-2,5-dione",C1CC(=O)N(C1=O)Br,,8,True,False
136-85-6,DTXSID1038743,5-Methyl-1H-benzotriazole,CC1=CC2=NNN=C2C=C1,,10,True,False
2051-79-8,DTXSID1038799,"N4,N4-Diethyl-2-methylbenzene-1,4-diamine hydrochloride",CCN(CC)C1=CC(=C(C=C1)N)C.Cl,,14,True,False
2312-73-4,DTXSID8038801,N-Benzyl-9-(tetrahydro-2H-pyran-2-yl)adenine,C1CCOC(C1)N2C=NC3=C(N=CN=C32)NCC4=CC=CC=C4,,23,True,False
3055-93-4,DTXSID7038816,2-[2-(Dodecyloxy)ethoxy]ethanol,CCCCCCCCCCCCOCCOCCO,,19,True,False
633-96-5,DTXSID0038881,C.I. Acid Orange 7,C1=CC=C2C(=C1)C=CC(=C2N=NC3=CC=C(C=C3)S(=O)(=O)O)[O-].[Na+],,24,True,False
2321-07-5,DTXSID0038887,Fluorescein,C1=CC=C2C(=C1)C(=O)OC23C4=C(C=C(C=C4)O)OC5=C3C=CC(=C5)O,,25,True,False
6259-76-3,DTXSID4038924,Hexyl salicylate,CCCCCCOC(=O)C1=CC=CC=C1O,,16,True,False
116-06-3,DTXSID0039223,Aldicarb,CC(C)(C=NOC(=O)NC)SC,,12,True,False
75-07-0,DTXSID5039224,Acetaldehyde,CC=O,,3,True,False
53-96-3,DTXSID0039227,2-Acetylaminofluorene,CC(=O)NC1=CC2=C(C=C1)C3=CC=CC=C3C2,,17,True,False
79-10-7,DTXSID0039229,Acrylic acid,C=CC(=O)O,,5,True,False
107-05-1,DTXSID4039231,Allyl chloride,C=CCCl,,4,True,False
106-92-3,DTXSID9039232,Allyl glycidyl ether,C=CCOCC1CO1,,8,True,False
10043-67-1,DTXSID9039234,Aluminum potassium sulfate,[O-]S(=O)(=O)[O-].[O-]S(=O)(=O)[O-].[Al+3].[K+],,12,True,False
81-49-2,DTXSID4039235,"1-Amino-2,4-dibromoanthraquinone",C1=CC=C2C(=C1)C(=O)C3=C(C2=O)C(=C(C=C3Br)Br)N,,19,True,False
28300-74-5,DTXSID3039240,Antimony potassium tartrate trihydrate,C(C(C(=O)[O-])[O-])(C(=O)[O-])[O-].C(C(C(=O)[O-])[O-])(C(=O)[O-])[O-].O.O.O.[K+].[K+].[Sb+3].[Sb+3],,27,True,False
100-52-7,DTXSID8039241,Benzaldehyde,C1=CC=C(C=C1)C=O,,8,True,False
71-43-2,DTXSID3039242,Benzene,C1=CC=CC=C1,,6,True,False
28434-00-6,DTXSID2039336,S-Bioallethrin,CC1=C(C(=O)CC1OC(=O)C2C(C2(C)C)C=C(C)C)CC=C,,22,True,False
13464-38-5,DTXSID9039367,Trisodium arsenate,[O-][As](=O)([O-])[O-].[Na+].[Na+].[Na+],,8,True,False
14265-44-2,DTXSID7039672,Phosphate,[O-]P(=O)([O-])[O-],,5,True,False
10124-37-5,DTXSID1039719,Calcium nitrate,[N+](=O)([O-])[O-].[N+](=O)([O-])[O-].[Ca+2],,9,True,False
4376-18-5,DTXSID9040001,Monomethyl phthalate,COC(=O)C1=CC=CC=C1C(=O)O,,13,True,False
131-70-4,DTXSID4040002,Monobutyl phthalate,CCCCOC(=O)C1=CC=CC=C1C(=O)O,,16,True,False
105-37-3,DTXSID1040110,Ethyl propionate,CCC(=O)OCC,,7,True,False
105-54-4,DTXSID6040111,Ethyl butyrate,CCCC(=O)OCC,,8,True,False
1333-82-0,DTXSID0040125,Chromium trioxide,O.O.O.[Cr],,4,True,False
141-86-6,DTXSID0040127,"2,6-Diaminopyridine",C1=CC(=NC(=C1)N)N,,8,True,False
33286-22-5,DTXSID8040147,Diltiazem hydrochloride,CC(=O)OC1C(SC2=CC=CC=C2N(C1=O)CCN(C)C)C3=CC=C(C=C3)OC.Cl,,30,True,False
576-55-6,DTXSID6040163,"2,3,4,5-Tetrabromo-6-methylphenol",CC1=C(C(=C(C(=C1Br)Br)Br)Br)O,,12,True,False
7446-20-0,DTXSID0040175,Zinc sulfate heptahydrate,O.O.O.O.O.O.O.[O-]S(=O)(=O)[O-].[Zn+2],,13,True,False
7646-79-9,DTXSID9040180,Cobalt chloride,[Cl-].[Cl-].[Co+2],,3,True,False
1306-38-3,DTXSID4040214,Ceric oxide,[O-2].[O-2].[Ce+4],,3,True,False
501-30-4,DTXSID2040236,Kojic acid,C1=C(OC=C(C1=O)O)CO,,10,True,False
79559-97-0,DTXSID1040243,Sertraline hydrochloride,CNC1CCC(C2=CC=CC=C12)C3=CC(=C(C=C3)Cl)Cl.Cl,,21,True,False
29118-87-4,DTXSID9040263,cis-Thiocarboxime,CC(=NOC(=O)NC)SCCC#N,,13,True,False
131-52-2,DTXSID4040264,Sodium pentachlorophenate,C1(=C(C(=C(C(=C1Cl)Cl)Cl)Cl)Cl)[O-].[Na+],,13,True,False
29091-05-2,DTXSID9040265,Dinitramine,CCN(CC)C1=C(C=C(C(=C1[N+](=O)[O-])N)C(F)(F)F)[N+](=O)[O-],,22,True,True
115-31-1,DTXSID4040266,Thanite,CC1(C2CCC1(C(C2)OC(=O)CSC#N)C)C,,17,True,False
20762-60-1,DTXSID9040267,Potassium azide,[N-]=[N+]=[N-].[K+],,4,True,False
973-21-7,DTXSID4040268,Dinobuton,CCC(C)C1=C(C(=CC(=C1)[N+](=O)[O-])[N+](=O)[O-])OC(=O)OC(C)C,,23,True,False
485-31-4,DTXSID9040269,Binapacryl,CCC(C)C1=C(C(=CC(=C1)[N+](=O)[O-])[N+](=O)[O-])OC(=O)C=C(C)C,,23,True,False
3347-22-6,DTXSID8040270,Dithianon,C1=CC=C2C(=C1)C(=O)C3=C(C2=O)SC(=C(S3)C#N)C#N,,20,True,False
91-63-4,DTXSID3040271,Quinaldine,CC1=NC2=CC=CC=C2C=C1,,11,True,False
3096-70-6,DTXSID8040272,"3,5-Dimethyl-4-aminophenol",CC1=CC(=CC(=C1N)C)O,,10,True,False
97-17-6,DTXSID8040274,Dichlofenthion,CCOP(=S)(OCC)OC1=C(C=C(C=C1)Cl)Cl,,17,True,False
953-17-3,DTXSID3040275,Methyl trithion,COP(=S)(OC)SCSC1=CC=C(C=C1)Cl,,16,True,False
18181-70-9,DTXSID8040278,Iodenphos,COP(=S)(OC)OC1=CC(=C(C=C1Cl)I)Cl,,16,True,False
21609-90-5,DTXSID3040279,Leptophos,COP(=S)(C1=CC=CC=C1)OC2=CC(=C(C=C2Cl)Br)Cl,,20,True,False
2782-70-9,DTXSID2040280,"S-{4-[(Dimethoxyphosphorothioyl)sulfanyl]benzyl} O,O-dimethyl phosphorodithioate",COP(=S)(OC)SCC1=CC=C(C=C1)SP(=S)(OC)OC,,21,True,False
22212-55-1,DTXSID7040281,Benzoylprop-ethyl,CCOC(=O)C(C)N(C1=CC(=C(C=C1)Cl)Cl)C(=O)C2=CC=CC=C2,,24,True,False
80-06-8,DTXSID7040283,Chlorfenethol,CC(C1=CC=C(C=C1)Cl)(C2=CC=C(C=C2)Cl)O,,17,True,False
85-34-7,DTXSID2040284,Chlorfenac,C1=CC(=C(C(=C1Cl)CC(=O)O)Cl)Cl,,13,True,False
118-93-4,DTXSID7040285,2-Hydroxyacetophenone,CC(=O)C1=CC=CC=C1O,,10,True,False
841-06-5,DTXSID2040286,Methoprotryne,CC(C)NC1=NC(=NC(=N1)NCCCOC)SC,,18,True,False
1982-47-4,DTXSID7040287,Chloroxuron,CN(C)C(=O)NC1=CC=C(C=C1)OC2=CC=C(C=C2)Cl,,20,True,False
4684-94-0,DTXSID7040289,6-Chloro-2-picolinic acid,C1=CC(=NC(=C1)Cl)C(=O)O,,10,True,False
13360-45-7,DTXSID6040290,Chlorbromuron,CN(C(=O)NC1=CC(=C(C=C1)Br)Cl)OC,,15,True,False
18530-56-8,DTXSID6040292,Norea,CN(C)C(=O)NC1CC2CC1C3C2CCC3,,16,True,False
20354-26-1,DTXSID1040293,Methazole,CN1C(=O)N(OC1=O)C2=CC(=C(C=C2)Cl)Cl,,16,True,False
22936-86-3,DTXSID6040294,Cyprazine,CC(C)NC1=NC(=NC(=N1)NC2CC2)Cl,,15,True,False
24579-73-5,DTXSID1040295,Propamocarb,CCCOC(=O)NCCCN(C)C,,13,True,False
50-31-7,DTXSID6040296,"2,3,6-Trichlorobenzoic acid",C1=CC(=C(C(=C1Cl)C(=O)O)Cl)Cl,,12,True,False
2051-60-7,DTXSID6040298,2-Chlorobiphenyl,C1=CC=C(C=C1)C2=CC=CC=C2Cl,,13,True,False
2051-61-8,DTXSID1040299,3-Chlorobiphenyl,C1=CC=C(C=C1)C2=CC(=CC=C2)Cl,,13,True,False
2051-62-9,DTXSID3040300,4-Chlorobiphenyl,C1=CC=C(C=C1)C2=CC=C(C=C2)Cl,,13,True,False
33979-03-2,DTXSID3040302,"2,2',4,4',6,6'-Hexachlorobiphenyl",C1=C(C=C(C(=C1Cl)C2=C(C=C(C=C2Cl)Cl)Cl)Cl)Cl,,18,True,False
15271-41-7,DTXSID3040304,Tranid,CNC(=O)ON=C1C2CC(C1Cl)CC2C#N,,16,True,False
70-38-2,DTXSID8040305,Dimethrin,CC1=CC(=C(C=C1)COC(=O)C2C(C2(C)C)C=C(C)C)C,,21,True,False
1773-89-3,DTXSID3040306,Chlorendate dimethyl,COC(=O)C1C(C2(C(=C(C1(C2(Cl)Cl)Cl)Cl)Cl)Cl)C(=O)OC,,21,True,False
80-12-6,DTXSID8040307,Tetramine,C1N2CN3CN(S2(=O)=O)CN1S3(=O)=O,,14,True,False
502-39-6,DTXSID8040309,Methyl mercury dicyandiamide,C.C(=[N-])=NC(=N)N.[Hg+],,8,True,False
3251-23-8,DTXSID7040314,Copper nitrate,[N+](=O)([O-])[O-].[N+](=O)([O-])[O-].[Cu+2],,9,True,False
7733-02-0,DTXSID2040315,Zinc sulfate,[O-]S(=O)(=O)[O-].[Zn+2],,6,True,False
7718-54-9,DTXSID7040316,Nickel(II) chloride,[Cl-].[Cl-].[Ni+2],,3,True,False
10043-01-3,DTXSID2040317,Aluminum sulfate,[O-]S(=O)(=O)[O-].[O-]S(=O)(=O)[O-].[O-]S(=O)(=O)[O-].[Al+3].[Al+3],,17,True,False
13473-90-0,DTXSID7040318,Aluminum nitrate,[N+](=O)([O-])[O-].[N+](=O)([O-])[O-].[N+](=O)([O-])[O-].[Al+3],,13,True,False
532-34-3,DTXSID2040319,Butopyronoxyl,CCCCOC(=O)C1=CC(=O)CC(O1)(C)C,,16,True,False
42576-02-3,DTXSID1040320,Bifenox,COC(=O)C1=C(C=CC(=C1)OC2=C(C=C(C=C2)Cl)Cl)[N+](=O)[O-],,22,True,False
127-65-1,DTXSID6040321,Chloramine-T,CC1=CC=C(C=C1)S(=O)(=O)[N-]Cl.[Na+],,13,True,False
64-00-6,DTXSID1040324,m-Cumenyl methylcarbamate,CC(C)C1=CC(=CC=C1)OC(=O)NC,,14,True,False
134-30-5,DTXSID1040326,8-Hydroxyquinoline citrate,C1=CC2=C(C(=C1)O)N=CC=C2.C(C(=O)O)C(CC(=O)O)(C(=O)O)O,,24,True,False
148788-55-0,DTXSID6040329,Didecyl dimethyl ammonium carbonate,CCCCCCCCCC[N+](C)(C)CCCCCCCCCC.CCCCCCCCCC[N+](C)(C)CCCCCCCCCC.C(=O)([O-])[O-],,50,True,False
4104-14-7,DTXSID5040330,Phosacetim,CC(=NP(=S)(OC1=CC=C(C=C1)Cl)OC2=CC=C(C=C2)Cl)N,,22,True,False
62441-54-7,DTXSID0040331,Fentrifanil,C1=CC(=C(C=C1C(F)(F)F)NC2=C(C=C(C=C2[N+](=O)[O-])[N+](=O)[O-])C(F)(F)F)Cl,,28,True,True
5437-45-6,DTXSID4040343,Benzyl bromoacetate,C1=CC=C(C=C1)COC(=O)CBr,,12,True,False
19398-13-1,DTXSID4040349,Fenoprop-butotyl,CCCCOCCOC(=O)C(C)OC1=CC(=C(C=C1Cl)Cl)Cl,,22,True,False
52756-25-9,DTXSID8040353,Flamprop-methyl,CC(C(=O)OC)N(C1=CC(=C(C=C1)F)Cl)C(=O)C2=CC=CC=C2,,23,True,False
163520-33-0,DTXSID7040360,Isoxadifen-ethyl,CCOC(=O)C1=NOC(C1)(C2=CC=CC=C2)C3=CC=CC=C3,,22,True,False
50-65-7,DTXSID7040362,Niclosamide,C1=CC(=C(C=C1[N+](=O)[O-])Cl)NC(=O)C2=C(C=CC(=C2)Cl)O,,21,True,False
140-56-7,DTXSID6040371,Fenaminosulf,CN(C)C1=CC=C(C=C1)N=NS(=O)(=O)[O-].[Na+],,16,True,False
133855-98-8,DTXSID1040372,Epoxiconazole,C1=CC=C(C(=C1)C2C(O2)(CN3C=NC=N3)C4=CC=C(C=C4)F)Cl,,23,True,False
139968-49-3,DTXSID6040373,Metaflumizone,C1=CC(=CC(=C1)C(F)(F)F)C(=NNC(=O)NC2=CC=C(C=C2)OC(F)(F)F)CC3=CC=C(C=C3)C#N,,36,True,True
6980-18-3,DTXSID1040374,Kasugamycin,CC1C(CC(C(O1)OC2C(C(C(C(C2O)O)O)O)O)N)N=C(C(=O)O)N,,26,True,False
5289-74-7,DTXSID5040388,20-Hydroxyecdysone,CC12CCC3C(=CC(=O)C4C3(CC(C(C4)O)O)C)C1(CCC2C(C)(C(CCC(C)(C)O)O)O)O,,34,True,False
506-32-1,DTXSID4040420,Arachidonic acid,CCCCCC=CCC=CCC=CCC=CCCCC(=O)O,,22,True,False
7647-17-8,DTXSID3040435,Caesium chloride,[Cl-].[Cs+],,2,True,False
60-92-4,DTXSID8040436,cAMP,C1C2C(C(C(O2)N3C=NC4=C(N=CN=C43)N)O)OP(=O)(O1)O,,22,True,False
7447-39-4,DTXSID7040449,Copper(II) chloride,[Cl-].[Cl-].[Cu+2],,3,True,False
120928-09-8,DTXSID4040476,Fenazaquin,CC(C)(C)C1=CC=C(C=C1)CCOC2=NC=NC3=CC=CC=C32,,23,True,False
31121-93-4,DTXSID4040501,Ibuprofen sodium,CC(C)CC1=CC=C(C=C1)C(C)C(=O)[O-].[Na+],,16,True,False
69-57-8,DTXSID6040581,Penicillin G sodium,CC1(C(N2C(S1)C(C2=O)N=C(CC3=CC=CC=C3)[O-])C(=O)O)C.[Na+],,24,True,False
13408-56-5,DTXSID0040595,Ponasterone A,CC(C)CCC(C(C)(C1CCC2(C1(CCC3C2=CC(=O)C4C3(CC(C(C4)O)O)C)C)O)O)O,,33,True,False
1464-42-2,DTXSID7040609,Selenomethionine,C[Se]CCC(C(=O)O)N,,9,True,False
10476-85-4,DTXSID6040616,Strontium chloride,[Cl-].[Cl-].[Sr+2],,3,True,False
67-03-8,DTXSID0040622,Thiamine hydrochloride,CC1=C(SC=[N+]1CC2=CN=C(N=C2N)C)CCO.Cl.[Cl-],,20,True,False
87-11-6,DTXSID0040624,Thiolutin,CC(=O)NC1=C2C(=CSS2)N(C1=O)C,,14,True,False
882-09-7,DTXSID1040661,Clofibric acid,CC(C)(C(=O)O)OC1=CC=C(C=C1)Cl,,14,True,False
57808-65-8,DTXSID6040662,Closantel,CC1=CC(=C(C=C1NC(=O)C2=C(C(=CC(=C2)I)I)O)Cl)C(C#N)C3=CC=C(C=C3)Cl,,30,True,False
55-91-4,DTXSID1040667,Diisopropyl fluorophosphate,CC(C)OP(=O)(OC(C)C)F,,11,True,False
43210-67-9,DTXSID0040672,Fenbendazole,COC(=O)NC1=NC2=C(N1)C=C(C=C2)SC3=CC=CC=C3,,21,True,False
98079-51-7,DTXSID4040680,Lomefloxacin,CCN1C=C(C(=O)C2=CC(=C(C(=C21)F)N3CCNC(C3)C)F)C(=O)O,,25,True,False
7773-01-5,DTXSID9040681,Manganese(II) chloride,[Cl-].[Cl-].[Mn+2],,3,True,False
31431-39-7,DTXSID4040682,Mebendazole,COC(=O)NC1=NC2=C(N1)C=C(C=C2)C(=O)C3=CC=CC=C3,,22,True,False
22204-53-1,DTXSID4040686,Naproxen,CC(C1=CC2=C(C=C1)C=C(C=C2)OC)C(=O)O,,17,True,False
126-71-6,DTXSID8040698,Triisobutyl phosphate,CC(C)COP(=O)(OCC(C)C)OCC(C)C,,17,True,False
83-05-6,DTXSID3040699,"p,p'-DDA",C1=CC(=CC=C1C(C2=CC=C(C=C2)Cl)C(=O)O)Cl,,18,True,False
77-93-0,DTXSID0040701,Triethyl citrate,CCOC(=O)CC(CC(=O)OCC)(C(=O)OCC)O,,19,True,False
95-73-8,DTXSID5040702,"2,4-Dichlorotoluene",CC1=C(C=C(C=C1)Cl)Cl,,9,True,False
98-73-7,DTXSID0040703,4-tert-Butylbenzoic acid,CC(C)(C)C1=CC=C(C=C1)C(=O)O,,13,True,False
130-15-4,DTXSID5040704,"1,4-Naphthoquinone",C1=CC=C2C(=O)C=CC(=O)C2=C1,,12,True,False
33228-45-4,DTXSID5040708,4-Hexylaniline,CCCCCCC1=CC=C(C=C1)N,,13,True,False
688-73-3,DTXSID0040709,Tributyltin,[HH].CCC[CH2].CCC[CH2].CCC[CH2].[Sn],,14,True,False
59-85-8,DTXSID8040725,4-Chloromercuribenzoic acid,C1=C=C[CH]C(=C1)C(=O)[O-].Cl.[Hg+],,11,True,False
76674-21-0,DTXSID8040727,Flutriafol,C1=CC=C(C(=C1)C(CN2C=NC=N2)(C3=CC=C(C=C3)F)O)F,,22,True,False
107-66-4,DTXSID3040728,"Phosphoric acid, dibutyl ester",CCCCOP(=O)(O)OCCCC,,13,True,False
4419-39-0,DTXSID5040750,Beclomethasone,CC1CC2C3CCC4=CC(=O)C=CC4(C3(C(CC2(C1(C(=O)CO)O)C)O)Cl)C,,28,True,False
10543-57-4,DTXSID5040752,Tetraacetylethylenediamine,CC(=O)N(CCN(C(=O)C)C(=O)C)C(=O)C,,16,True,False
2016-42-4,DTXSID9040768,Tetradecylamine,CCCCCCCCCCCCCCN,,15,True,False
40716-66-3,DTXSID2040783,trans-Nerolidol,CC(=CCCC(=CCCC(C)(C=C)O)C)C,,16,True,False
139-07-1,DTXSID2040787,Benzyldimethyldodecylammonium chloride,CCCCCCCCCCCC[N+](C)(C)CC1=CC=CC=C1.[Cl-],,23,True,False
58-56-0,DTXSID1040792,Pyridoxine hydrochloride,CC1=NC=C(C(=C1O)CO)CO.Cl,,13,True,False
144171-61-9,DTXSID3040801,(+-)-Indoxacarb,COC(=O)C12CC3=C(C1=NN(CO2)C(=O)N(C4=CC=C(C=C4)OC(F)(F)F)C(=O)OC)C=CC(=C3)Cl,,36,True,True
555-60-2,DTXSID7040990,Carbonyl cyanide chlorophenylhydrazone,C1=CC(=CC(=C1)Cl)NN=C(C#N)C#N,,14,True,False
17397-89-6,DTXSID2040995,Cerulenin,CC=CCC=CCCC(=O)C1C(O1)C(=O)N,,16,True,False
3483-12-3,DTXSID5041017,Dithiothreitol,C(C(C(CS)O)O)S,,8,True,False
10045-89-3,DTXSID4041028,Ferrous ammonium sulfate,N.N.OS(=O)(=O)O.[O-]S(=O)(=O)[O-].[Fe+2],,13,True,False
42017-89-0,DTXSID8041030,Fenofibric acid,CC(C)(C(=O)O)OC1=CC=C(C=C1)C(=O)C2=CC=C(C=C2)Cl,,22,True,False
7758-95-4,DTXSID1041059,Lead(II) chloride,[Cl-].[Cl-].[Pb+2],,3,True,False
100986-85-4,DTXSID0041060,Levofloxacin,CC1COC2=C3N1C=C(C(=O)C3=CC(=C2N4CCN(CC4)C)F)C(=O)O,,26,True,False
150824-47-8,DTXSID8041080,(E)-Nitenpyram,CCN(CC1=CN=C(C=C1)Cl)C(=C[N+](=O)[O-])NC,,18,True,False
82419-36-1,DTXSID3041085,Ofloxacin,CC1COC2=C3N1C=C(C(=O)C3=CC(=C2N4CCN(CC4)C)F)C(=O)O,,26,True,False
54-71-7,DTXSID2041096,Pilocarpine hydrochloride,CCC1C(COC1=O)CC2=CN=CN2C.Cl,,16,True,False
110-60-1,DTXSID4041107,Putrescine,C(CCN)CN,,6,True,False
512-69-6,DTXSID8041111,Raffinose,C(C1C(C(C(C(O1)OCC2C(C(C(C(O2)OC3(C(C(C(O3)CO)O)O)CO)O)O)O)O)O)O)O,,34,True,False
80214-83-1,DTXSID8041117,Roxithromycin,CCC1C(C(C(C(=NOCOCCOC)C(CC(C(C(C(C(C(=O)O1)C)OC2CC(C(C(O2)C)O)(C)OC)C)OC3C(C(CC(O3)C)N(C)C)O)(C)O)C)C)O)(C)O,,58,True,False
7681-82-5,DTXSID2041125,Sodium iodide,[Na+].[I-],,2,True,False
56-34-8,DTXSID6041137,Tetraethylammonium chloride,CC[N+](CC)(CC)CC.[Cl-],,10,True,False
52-53-9,DTXSID9041152,Verapamil,CC(C)C(CCCN(C)CCC1=CC(=C(C=C1)OC)OC)(C#N)C2=CC(=C(C=C2)OC)OC,,33,True,False
7791-20-0,DTXSID7041170,Nickel(II) chloride hexahydrate,O.O.O.O.O.O.[Cl-].[Cl-].[Ni+2],,9,True,False
18172-67-3,DTXSID1041184,(-)-beta-Pinene,CC1(C2CCC(=C)C1C2)C,,10,True,False
67375-30-8,DTXSID7041201,alpha-Cypermethrin,CC1(C(C1C(=O)OC(C#N)C2=CC(=CC=C2)OC3=CC=CC=C3)C=C(Cl)Cl)C,,28,True,False
125590-73-0,DTXSID2041202,"alpha-D-Glucopyranoside, 2-ethylhexyl",CCCCC(CC)COC1C(C(C(C(O1)CO)O)O)O,,20,True,False
99-85-4,DTXSID6041210,gamma-Terpinene,CC1=CCC(=CC1)C(C)C,,10,True,False
7388-31-0,DTXSID6041216,"1,1'-(2,2-Dichloroethylidene)bis(4-methoxybenzene)",COC1=CC=C(C=C1)C(C2=CC=C(C=C2)OC)C(Cl)Cl,,20,True,False
57-15-8,DTXSID1041217,"1,1,1-Trichloro-2-methyl-2-propanol",CC(C)(C(Cl)(Cl)Cl)O,,8,True,False
106-69-4,DTXSID0041224,"1,2,6-Hexanetriol",C(CCO)CC(CO)O,,9,True,False
99-86-5,DTXSID9041237,alpha-Terpinene,CC1=CC=C(CC1)C(C)C,,10,True,False
2372-82-9,DTXSID3041243,"1,3-Propanediamine, N-(3-aminopropyl)-N-dodecyl-",CCCCCCCCCCCCN(CCCN)CCCN,,21,True,False
504-63-2,DTXSID8041246,"1,3-Propanediol",C(CO)CO,,5,True,False
128-95-0,DTXSID2041252,"1,4-Diaminoanthraquinone",C1=CC=C2C(=C1)C(=O)C3=C(C=CC(=C3C2=O)N)N,,18,True,False
4638-03-3,DTXSID1041261,1-Allyloxy-3-chloro-2-propanol,C=CCOCC(CCl)O,,9,True,False
83-42-1,DTXSID1041263,1-Chloro-2-methyl-3-nitrobenzene,CC1=C(C=CC=C1Cl)[N+](=O)[O-],,11,True,False
2425-66-3,DTXSID6041264,1-Chloro-2-nitropropane,CC(CCl)[N+](=O)[O-],,7,True,False
1569-02-4,DTXSID1041267,1-Ethoxy-2-propanol,CCOCC(C)O,,7,True,False
4292-10-8,DTXSID4041282,"1-Propanaminium, N-(carboxymethyl)-N,N-dimethyl-3-[(1-oxododecyl)amino]-, inner salt",CCCCCCCCCCCC(=O)NCCC[N+](C)(C)CC(=O)[O-],,24,True,False
4754-44-3,DTXSID8041292,"1-Tetradecanol, hydrogen sulfate",CCCCCCCCCCCCCCOS(=O)(=O)O,,19,True,False
34911-46-1,DTXSID0041305,2-(4-Hydroxyphenyl)glyoxylohydroximoyl chloride,C1=CC(=CC=C1C(=O)C(=NO)Cl)O,,13,True,False
5736-15-2,DTXSID4041313,"2,2'-Methylenebis(3,4,6-trichlorophenol) monosodium salt",C1=C(C(=C(C(=C1Cl)Cl)CC2=C(C(=CC(=C2Cl)Cl)Cl)[O-])O)Cl.[Na+],,22,True,False
2439-00-1,DTXSID4041319,"2,3,6-Trichlorophenylacetic acid sodium salt",C1=CC(=C(C(=C1Cl)CC(=O)[O-])Cl)Cl.[Na+],,14,True,False
2545-59-7,DTXSID3041328,"2,4,5-T-butotyl",CCCCOCCOC(=O)COC1=CC(=C(C=C1Cl)Cl)Cl,,21,True,False
120-39-8,DTXSID2041331,"2,4,5-T-pentyl",CCCCCOC(=O)COC1=CC(=C(C=C1Cl)Cl)Cl,,19,True,False
93-78-7,DTXSID7041332,"2,4,5-T-isopropyl",CC(C)OC(=O)COC1=CC(=C(C=C1Cl)Cl)Cl,,17,True,False
845-52-3,DTXSID6041341,"2,4-Bis((3-methoxypropyl)amino)-6(methylthio)-s-triazine",COCCCNC1=NC(=NC(=N1)SC)NCCCOC,,20,True,False
533-23-3,DTXSID1041346,"2,4-D-ethyl ester",CCOC(=O)COC1=C(C=C(C=C1)Cl)Cl,,15,True,False
119-27-7,DTXSID9041366,"2,4-Dinitroanisole",COC1=C(C=C(C=C1)[N+](=O)[O-])[N+](=O)[O-],,14,True,False
1594-56-5,DTXSID4041367,"2,4-Dinitrophenyl thiocyanate",C1=CC(=C(C=C1[N+](=O)[O-])[N+](=O)[O-])SC#N,,15,True,False
94051-08-8,DTXSID2041387,"2-[4-(6-chloroquinoxaline-2-yl-oxy)phenoxy]propanoic acid, (2R)-",CC(C(=O)O)OC1=CC=C(C=C1)OC2=CN=C3C=C(C=CC3=N2)Cl,,24,True,False
3011-89-0,DTXSID3041405,2-Chloro-4-nitrobenzamide,C1=CC(=C(C=C1[N+](=O)[O-])Cl)C(=O)N,,13,True,False
6485-40-1,DTXSID7041413,R-(-)-Carvone,CC1=CCC(CC1=O)C(=C)C,,11,True,False
110-87-2,DTXSID6041426,"3,4-Dihydro-2H-pyran",C1CC=COC1,,6,True,False
4189-47-3,DTXSID0041430,2-Hydroxypropyl bromoacetate,CC(COC(=O)CBr)O,,9,True,False
75-85-4,DTXSID0041436,2-Methyl-2-butanol,CCC(C)(C)O,,6,True,False
532-02-5,DTXSID4041442,Sodium 2-naphthalenesulfonate,C1=CC=C2C=C(C=CC2=C1)S(=O)(=O)[O-].[Na+],,15,True,False
869-29-4,DTXSID8041450,"2-Propene-1,1-diol diacetate",CC(=O)OC(C=C)OC(=O)C,,11,True,False
301-11-1,DTXSID8041456,2-Thiocyanatoethyl dodecanoate,CCCCCCCCCCCC(=O)OCCSC#N,,19,True,False
111-94-4,DTXSID2041464,"3,3'-Iminobispropanenitrile",C(CNCCC#N)C#N,,9,True,False
104-54-1,DTXSID9041491,3-Phenyl-2-propen-1-ol,C1=CC=C(C=C1)C=CCO,,10,True,False
83164-33-4,DTXSID4041494,Diflufenican,C1=CC(=CC(=C1)OC2=C(C=CC=N2)C(=O)NC3=C(C=C(C=C3)F)F)C(F)(F)F,,28,True,True
122454-29-9,DTXSID6041503,Tralopyril,C1=CC(=CC=C1C2=C(C(=C(N2)C(F)(F)F)Br)C#N)Cl,,19,True,True
140-38-5,DTXSID5041512,4-Chlorophenylurea,C1=CC(=CC=C1NC(=O)N)Cl,,11,True,False
121-61-9,DTXSID4041529,4'-Sulfamylacetanilide,CC(=O)NC1=CC=C(C=C1)S(=O)(=O)N,,14,True,False
17757-70-9,DTXSID8041531,Carboxin sulfoxide,CC1=C(S(=O)CCO1)C(=O)NC2=CC=CC=C2,,17,True,False
21145-77-7,DTXSID7041544,"6-Acetyl-1,1,2,4,4,7-hexamethyltetralin",CC1CC(C2=C(C1(C)C)C=C(C(=C2)C(=O)C)C)(C)C,,19,True,False
19932-84-4,DTXSID2041545,"6-Chloro-2,3-dihydrobenzoxazol-2-one",C1=CC2=C(C=C1Cl)OC(=O)N2,,11,True,False
89-68-9,DTXSID2041547,6-Chlorothymol,CC1=CC(=C(C=C1Cl)C(C)C)O,,12,True,False
2532-49-2,DTXSID2041549,6-Methyl-2-propyl-4-pyrimidinyl dimethylcarbamate,CCCC1=NC(=CC(=N1)OC(=O)N(C)C)C,,16,True,False
141-22-0,DTXSID0041567,"(9Z,12R)-12-Hydroxyoctadec-9-enoic acid",CCCCCCC(CC=CCCCCCCCC(=O)O)O,,21,True,False
79-07-2,DTXSID9041570,Chloroacetamide,C(C(=O)N)Cl,,5,True,False
110-99-6,DTXSID4041575,Diglycolic acid,C(C(=O)O)OCC(=O)O,,9,True,False
96-34-4,DTXSID9041576,Methyl chloroacetate,COC(=O)CCl,,6,True,False
50594-67-7,DTXSID8041583,Acifluorfen-methyl,COC(=O)C1=C(C=CC(=C1)OC2=C(C=C(C=C2)C(F)(F)F)Cl)[N+](=O)[O-],,25,True,True
36001-88-4,DTXSID4041600,Amiprofos-methyl,CC1=CC(=C(C=C1)OP(=S)(NC(C)C)OC)[N+](=O)[O-],,19,True,False
100-66-3,DTXSID4041608,Anisole,COC1=CC=CC=C1,,8,True,False
4658-28-0,DTXSID3041615,Aziprotryne,CC(C)NC1=NC(=NC(=N1)SC)N=[N+]=[N-],,15,True,False
101-27-9,DTXSID3041617,Barban,C1=CC(=CC(=C1)Cl)NC(=O)OCC#CCCl,,16,True,False
71626-11-4,DTXSID3041619,Benalaxyl,CC1=C(C(=CC=C1)C)N(C(C)C(=O)OC)C(=O)CC2=CC=CC=C2,,24,True,False
3813-05-6,DTXSID2041620,Benazolin,C1=CC2=C(C(=C1)Cl)N(C(=O)S2)CC(=O)O,,15,True,False
25059-80-7,DTXSID7041621,Benazolin-ethyl,CCOC(=O)CN1C2=C(C=CC=C2Cl)SC1=O,,17,True,False
82560-54-1,DTXSID2041622,Benfuracarb,CCOC(=O)CCN(C(C)C)SN(C)C(=O)OC1=CC=CC2=C1OC(C2)(C)C,,28,True,False
5973-71-7,DTXSID2041626,"3,4-Dimethylbenzaldehyde",CC1=C(C=C(C=C1)C=O)C,,10,True,False
609-54-1,DTXSID5041641,"2,5-Dimethylbenzenesulfonic acid",CC1=CC(=C(C=C1)C)S(=O)(=O)O,,12,True,False
1929-88-0,DTXSID8041662,Benzthiazuron,CNC(=O)NC1=NC2=CC=CC=C2S1,,14,True,False
122-18-9,DTXSID3041665,Benzylhexadecyldimethylammonium chloride,CCCCCCCCCCCCCCCC[N+](C)(C)CC1=CC=CC=C1.[Cl-],,27,True,False
7785-70-8,DTXSID7041671,(+)-alpha-Pinene,CC1=CCC2CC1C2(C)C,,10,True,False
502-55-6,DTXSID2041672,Bis(ethylxanthogen),CCOC(=S)SSC(=S)OCC,,12,True,False
555-89-5,DTXSID7041673,Bis(p-chlorophenoxy)methane,C1=CC(=CC=C1OCOC2=CC=C(C=C2)Cl)Cl,,17,True,False
7637-07-2,DTXSID7041677,Boron trifluoride,B(F)(F)F,,4,True,False
1715-40-8,DTXSID6041680,Bromociclen,C1C(C2(C(=C(C1(C2(Cl)Cl)Cl)Cl)Cl)Cl)CBr,,15,True,False
13181-17-4,DTXSID1041681,Bromofenoxim,C1=CC(=C(C=C1[N+](=O)[O-])[N+](=O)[O-])ON=CC2=CC(=C(C(=C2)Br)O)Br,,24,True,False
4824-78-6,DTXSID6041684,Bromophos-ethyl,CCOP(=S)(OCC)OC1=CC(=C(C=C1Cl)Br)Cl,,18,True,False
2655-19-8,DTXSID0041690,Butacarb,CC(C)(C)C1=CC(=CC(=C1)OC(=O)NC)C(C)(C)C,,19,True,False
126-22-7,DTXSID5041697,Butonate,CCCC(=O)OC(C(Cl)(Cl)Cl)P(=O)(OC)OC,,17,True,False
3766-60-7,DTXSID5041699,Buturon,CC(C#C)N(C)C(=O)NC1=CC=C(C=C1)Cl,,16,True,False
109-21-7,DTXSID7041702,Butyl butyrate,CCCCOC(=O)CCC,,10,True,False
846-70-8,DTXSID1041718,C.I. Acid Yellow 1,C1=CC2=C(C=C1S(=O)(=O)[O-])C(=C(C=C2[N+](=O)[O-])[N+](=O)[O-])[O-].[Na+].[Na+],,23,True,False
587-98-4,DTXSID5041722,"C.I. Acid Yellow 36, monosodium salt",C1=CC=C(C=C1)NC2=CC=C(C=C2)N=NC3=CC(=CC=C3)S(=O)(=O)[O-].[Na+],,26,True,False
2870-32-8,DTXSID5041728,C.I. Direct Yellow 12,CCOC1=CC=C(C=C1)N=NC2=CC(=C(C=C2)C=CC3=C(C=C(C=C3)N=NC4=CC=C(C=C4)OCC)S(=O)(=O)[O-])S(=O)(=O)[O-].[Na+].[Na+],,46,True,False
3214-47-9,DTXSID0041729,"C.I. Direct Yellow 50, tetrasodium salt",CC1=C(C=CC(=C1)NC(=O)NC2=CC(=C(C=C2)N=NC3=CC4=C(C=CC=C4S(=O)(=O)[O-])C(=C3)S(=O)(=O)[O-])C)N=NC5=CC6=C(C=CC=C6S(=O)(=O)[O-])C(=C5)S(=O)(=O)[O-].[Na+].[Na+].[Na+].[Na+],,62,True,False
2475-46-9,DTXSID9041730,C.I. Disperse Blue 3,CNC1=C2C(=C(C=C1)NCCO)C(=O)C3=CC=CC=C3C2=O,,22,True,False
16118-49-3,DTXSID7041756,Carbetamide,CCNC(=O)C(C)OC(=O)NC1=CC=CC=C1,,17,True,False
124-03-8,DTXSID2041759,Ethylhexadecyldimethylammonium bromide,CCCCCCCCCCCCCCCC[N+](C)(C)CC.[Br-],,22,True,False
123-03-5,DTXSID6041761,Cetylpyridinium chloride,CCCCCCCCCCCCCCCC[N+]1=CC=CC=C1.[Cl-],,23,True,False
127-52-6,DTXSID6041763,Chloramine B,C1=CC=C(C=C1)S(=O)(=O)[N-]Cl.[Na+],,12,True,False
20856-57-9,DTXSID1041764,Chloraniformethane,C1=CC(=C(C=C1NC(C(Cl)(Cl)Cl)NC=O)Cl)Cl,,17,True,False
14437-17-3,DTXSID5041770,Chlorfenprop-methyl,COC(=O)C(CC1=CC=C(C=C1)Cl)Cl,,14,True,False
1836-77-7,DTXSID0041775,Chlornitrofen,C1=CC(=CC=C1[N+](=O)[O-])OC2=C(C=C(C=C2Cl)Cl)Cl,,19,True,False
1918-13-4,DTXSID4041783,Chlorthiamid,C1=CC(=C(C(=C1)Cl)C(=S)N)Cl,,11,True,False
500-28-7,DTXSID9041784,Chlorthion,COP(=S)(OC)OC1=CC(=C(C=C1)[N+](=O)[O-])Cl,,17,True,False
21923-23-9,DTXSID9041786,Chlorthiophos I,CCOP(=S)(OCC)OC1=CC(=C(C=C1Cl)SC)Cl,,19,True,False
106-23-0,DTXSID3041790,Citronellal,CC(CCC=C(C)C)CC=O,,11,True,False
99607-70-2,DTXSID3041794,Cloquintocet-mexyl,CCCCCC(C)OC(=O)COC1=C2C(=C(C=C1)Cl)C=CC=N2,,23,True,False
81-82-3,DTXSID8041797,Coumachlor,CC(=O)CC(C1=CC=C(C=C1)Cl)C2=C(C3=CC=CC=C3OC2=O)O,,24,True,False
535-89-7,DTXSID0041800,Crimidine,CC1=CC(=NC(=N1)Cl)N(C)C,,11,True,False
13067-93-1,DTXSID5041805,Cyanofenphos,CCOP(=S)(C1=CC=CC=C1)OC2=CC=C(C=C2)C#N,,20,True,False
2636-26-2,DTXSID0041806,Cyanophos,COP(=S)(OC)OC1=CC=C(C=C1)C#N,,15,True,False
97-11-0,DTXSID4041810,Cyclethrin,CC1=C(C(=O)CC1OC(=O)C2C(C2(C)C)C=C(C)C)C3CCC=C3,,24,True,False
298-03-3,DTXSID7041839,Demeton-O,CCOP(=S)(OCC)OCCSCC,,14,True,False
23576-24-1,DTXSID1041841,Desmethylnorflurazon,C1=CC(=CC=C1C(F)(F)F)N2C(=O)C(=C(C=N2)N)Cl,,19,True,True
1014-69-3,DTXSID6041842,Desmetryn,CC(C)NC1=NC(=NC(=N1)NC)SC,,14,True,False
1754-58-1,DTXSID6041846,Diamidafos,CNP(=O)(NC)OC1=CC=CC=C1,,13,True,False
2463-84-5,DTXSID0041850,Dicapthon,COP(=S)(OC)OC1=C(C=C(C=C1)[N+](=O)[O-])Cl,,17,True,False
1085-98-9,DTXSID5041851,Dichlofluanid,CN(C)S(=O)(=O)N(C1=CC=CC=C1)SC(F)(Cl)Cl,,18,True,False
53404-31-2,DTXSID0041858,Dichlorprop butoxyethyl ester,CCCCOCCOC(=O)C(C)OC1=C(C=C(C=C1)Cl)Cl,,21,True,False
40843-25-2,DTXSID5041859,Diclofop,CC(C(=O)O)OC1=CC=C(C=C1)OC2=C(C=C(C=C2)Cl)Cl,,21,True,False
22936-75-0,DTXSID3041873,Dimethametryn,CCNC1=NC(=NC(=N1)SC)NC(C)C(C)C,,17,True,False
5221-53-4,DTXSID8041874,Dimethirimol,CCCCC1=C(N=C(NC1=O)N(C)C)C,,15,True,False
6623-40-1,DTXSID3041879,Dimethylsulfamic acid,CN(C)S(=O)(=O)O,,7,True,False
1639-66-3,DTXSID7041881,Dioctyl sodium sulfosuccinate,CCCCCCCCOC(=O)CC(C(=O)OCCCCCCCC)S(=O)(=O)[O-].[Na+],,29,True,False
4097-36-3,DTXSID2041882,Dinosam,CCCC(C)C1=C(C(=CC(=C1)[N+](=O)[O-])[N+](=O)[O-])O,,18,True,False
1420-07-1,DTXSID7041883,Dinoterb,CC(C)(C)C1=C(C(=CC(=C1)[N+](=O)[O-])[N+](=O)[O-])O,,17,True,False
3811-49-2,DTXSID7041885,Dioxabenzofos,COP1(=S)OCC2=CC=CC=C2O1,,13,True,False
6988-21-2,DTXSID2041886,Dioxacarb,CNC(=O)OC1=CC=CC=C1C2OCCO2,,16,True,False
101-81-5,DTXSID1041891,Diphenylmethane,C1=CC=C(C=C1)CC2=CC=CC=C2,,13,True,False
129-67-9,DTXSID1041899,Disodium endothal,C1CC2C(C(C1O2)C(=O)[O-])C(=O)[O-].[Na+].[Na+],,15,True,False
2497-06-5,DTXSID8041901,Disulfoton sulfone,CCOP(=S)(OCC)SCCS(=O)(=O)CC,,16,True,False
17109-49-8,DTXSID7041910,Edifenphos,CCOP(=O)(SC1=CC=CC=C1)SC2=CC=CC=C2,,19,True,False
106-68-3,DTXSID3041954,3-Octanone,CCCCCC(=O)CC,,9,True,False
139-87-7,DTXSID8041955,Ethyl diethanolamine,CCN(CCO)CCO,,9,True,False
6458-13-5,DTXSID3041956,Ethyl dimethyl oleyl ammonium bromide,CCCCCCCCC=CCCCCCCCC[N+](C)(C)CC.[Br-],,24,True,False
383-63-1,DTXSID8041959,Ethyl trifluoroacetate,CCOC(=O)C(F)(F)F,,9,True,True
38260-54-7,DTXSID7041964,Etrimfos,CCC1=NC(=CC(=N1)OP(=S)(OC)OC)OCC,,18,True,False
61019-78-1,DTXSID7041968,Fenapanil,CCCCC(CN1C=CN=C1)(C#N)C2=CC=CC=C2,,19,True,False
14255-88-0,DTXSID2041969,Fenazaflor,C1=CC=C(C=C1)OC(=O)N2C3=CC(=C(C=C3N=C2C(F)(F)F)Cl)Cl,,24,True,True
80-38-6,DTXSID6041973,Fenson,C1=CC=C(C=C1)S(=O)(=O)OC2=CC=C(C=C2)Cl,,17,True,False
3761-42-0,DTXSID6041975,Fenthion sulfone,CC1=C(C=CC(=C1)OP(=S)(OC)OC)S(=O)(=O)C,,18,True,False
144-49-0,DTXSID0041981,Fluoroacetic acid,C(C(=O)O)F,,5,True,False
22259-30-9,DTXSID9041990,Formetanate,CNC(=O)OC1=CC=CC(=C1)N=CN(C)C,,16,True,False
2540-82-1,DTXSID4041991,Formothion,CN(C=O)C(=O)CSP(=S)(OC)OC,,14,True,False
67-45-8,DTXSID4041997,Furazolidone,C1COC(=O)N1N=CC2=CC=C(O2)[N+](=O)[O-],,16,True,False
97-78-9,DTXSID7042011,N-Dodecanoyl-N-methylglycine,CCCCCCCCCCCC(=O)N(C)CC(=O)O,,19,True,False
13516-27-3,DTXSID7042015,"Guanidine, N,N'''-(iminodi-8,1-octanediyl)bis-",C(CCCCN=C(N)N)CCCNCCCCCCCCN=C(N)N,,25,True,False
69806-34-4,DTXSID7042019,Haloxyfop,CC(C(=O)O)OC1=CC=C(C=C1)OC2=C(C=C(C=N2)C(F)(F)F)Cl,,24,True,True
41096-46-2,DTXSID9042049,Hydroprene,CCOC(=O)C=C(C)C=CCC(C)CCCC(C)C,,19,True,False
95-13-6,DTXSID8042052,Indene,C1C=CC2=CC=CC=C21,,9,True,False
42509-83-1,DTXSID8042058,Isazophos-methyl,CC(C)N1C(=NC(=N1)OP(=S)(OC)OC)Cl,,16,True,False
465-73-6,DTXSID7042065,Isodrin,C1C2C=CC1C3C2C4(C(=C(C3(C4(Cl)Cl)Cl)Cl)Cl)Cl,,18,True,False
57052-04-7,DTXSID7042067,Isomethiozin,CC(C)C=NN1C(=O)C(=NN=C1SC)C(C)(C)C,,18,True,False
2631-40-5,DTXSID6042072,Isoprocarb,CC(C)C1=CC=CC=C1OC(=O)NC,,14,True,False
499-75-2,DTXSID6042074,Isopropyl-o-cresol,CC1=C(C=C(C=C1)C(C)C)O,,11,True,False
34123-59-6,DTXSID1042077,Isoproturon,CC(C)C1=CC=C(C=C1)NC(=O)N(C)C,,15,True,False
18854-01-8,DTXSID0042080,Isoxathion,CCOP(=S)(OCC)OC1=NOC(=C1)C2=CC=CC=C2,,20,True,False
4849-32-5,DTXSID0042084,Karbutilate,CC(C)(C)NC(=O)OC1=CC=CC(=C1)NC(=O)N(C)C,,20,True,False
93-23-2,DTXSID5042087,2-Dodecylisoquinolinium bromide,CCCCCCCCCCCC[N+]1=CC2=CC=CC=C2C=C1.[Br-],,23,True,False
151-41-7,DTXSID0042088,Lauryl sulfate,CCCCCCCCCCCCOS(=O)(=O)O,,17,True,False
765-15-1,DTXSID5042089,Lauryl thiocyanate,CCCCCCCCCCCCSC#N,,15,True,False
2164-08-1,DTXSID9042093,Lenacil,C1CCC(CC1)N2C(=O)C3=C(CCC3)NC2=O,,17,True,False
2282-34-0,DTXSID6042103,m-(1-Methylbutyl)phenyl methylcarbamate,CCCC(C)C1=CC(=CC=C1)OC(=O)NC,,16,True,False
7487-88-9,DTXSID6042105,Magnesium sulfate,[O-]S(=O)(=O)[O-].[Mg+2],,6,True,False
1313-13-9,DTXSID6042109,Manganese dioxide,[O-2].[O-2].[Mn],,3,True,False
19480-43-4,DTXSID0042111,MCPA-butotyl,CCCCOCCOC(=O)COC1=C(C=C(C=C1)Cl)C,,20,True,False
2595-54-2,DTXSID0042117,Mecarbam,CCOC(=O)N(C)C(=O)CSP(=S)(OCC)OCC,,19,True,False
1600-27-7,DTXSID4042123,Mercury(II) acetate,CC(=O)[O-].CC(=O)[O-].[Hg+2],,9,True,False
107-27-7,DTXSID9042128,Chloroethylmercury,C[CH2].[Cl-].[Hg+],,4,True,False
100-56-1,DTXSID4042129,Phenylmercuric chloride,C1=CC=[C]C=C1.[Cl-].[Hg+],,8,True,False
587-85-9,DTXSID3042130,Diphenylmercury(II),C1=CC=[C]C=C1.C1=CC=[C]C=C1.[Hg],,13,True,False
493-52-7,DTXSID1042154,Methyl red,CN(C)C1=CC=C(C=C1)N=NC2=CC=CC=C2C(=O)O,,20,True,False
3060-89-7,DTXSID6042157,Metobromuron,CN(C(=O)NC1=CC=C(C=C1)Br)OC,,14,True,False
19937-59-8,DTXSID1042158,Metoxuron,CN(C)C(=O)NC1=CC(=C(C=C1)OC)Cl,,15,True,False
877-24-7,DTXSID0042167,Monopotassium phthalate,C1=CC=C(C(=C1)C(=O)O)C(=O)[O-].[K+],,13,True,False
144-41-2,DTXSID9042172,Morphothion,COP(=S)(OC)SCC(=O)N1CCOCC1,,16,True,False
3567-62-2,DTXSID3042180,"N-(3,4-Dichlorophenyl)-N'-methylurea",CNC(=O)NC1=CC(=C(C=C1)Cl)Cl,,13,True,False
7149-79-3,DTXSID8042181,N-(3-Chloro-4-methylphenyl)acetamide,CC1=C(C=C(C=C1)NC(=O)C)Cl,,12,True,False
26389-78-6,DTXSID8042183,"N,N-Bis(2-chloroethyl)-4-methyl-2,6-dinitroaniline",CC1=CC(=C(C(=C1)[N+](=O)[O-])N(CCCl)CCCl)[N+](=O)[O-],,20,True,False
109-46-6,DTXSID8042187,"N,N'-Dibutylthiourea",CCCCNC(=S)NCCCC,,12,True,False
534-13-4,DTXSID2042191,"N,N'-Dimethylthiourea",CNC(=S)NC,,6,True,False
120-23-0,DTXSID2042195,2-Naphthoxyacetic acid,C1=CC=C2C=C(C=CC2=C1)OCC(=O)O,,15,True,False
138-22-7,DTXSID7042196,Butyl lactate,CCCCOC(=O)C(C)O,,10,True,False
555-37-3,DTXSID4042200,Neburon,CCCCN(C)C(=O)NC1=CC(=C(C=C1)Cl)Cl,,17,True,False
4726-14-1,DTXSID9042203,Nitralin,CCCN(CCC)C1=C(C=C(C=C1[N+](=O)[O-])S(=O)(=O)C)[N+](=O)[O-],,23,True,False
2687-96-9,DTXSID4042206,1-Dodecyl-2-pyrrolidinone,CCCCCCCCCCCCN1CCCC1=O,,18,True,False
4455-26-9,DTXSID9042209,N-Methyldioctylamine,CCCCCCCCN(C)CCCCCCCC,,18,True,False
120-94-5,DTXSID8042210,N-Methylpyrrolidine,CN1CCCC1,,6,True,False
103-65-1,DTXSID3042219,Propylbenzene,CCCC1=CC=CC=C1,,9,True,False
90-03-9,DTXSID2042224,o-(Chloromercuri)phenol,C1=CC=C([C]=C1)[O-].Cl.[Hg+],,9,True,False
333-43-7,DTXSID5042241,O-Ethyl S-(4-methylphenyl) ethylphosphonodithioate,CCOP(=S)(CC)SC1=CC=C(C=C1)C,,15,True,False
578-54-1,DTXSID0042242,2-Ethylaniline,CCC1=CC=CC=C1N,,9,True,False
17781-31-6,DTXSID4042256,Parinol,C1=CC(=CN=C1)C(C2=CC=C(C=C2)Cl)(C3=CC=C(C=C3)Cl)O,,22,True,False
80-00-2,DTXSID9042259,4-Chlorophenyl phenyl sulfone,C1=CC=C(C=C1)S(=O)(=O)C2=CC=C(C=C2)Cl,,16,True,False
2307-68-8,DTXSID3042265,Pentanochlor,CCCC(C)C(=O)NC1=CC(=C(C=C1)C)Cl,,16,True,False
2275-14-1,DTXSID3042269,Phenkapton,CCOP(=S)(OCC)SCSC1=C(C=CC(=C1)Cl)Cl,,19,True,False
2597-03-7,DTXSID6042280,Phenthoate,CCOC(=O)C(C1=CC=CC=C1)SP(=S)(OC)OC,,19,True,False
99-89-8,DTXSID5042299,4-Isopropylphenol,CC(C)C1=CC=C(C=C1)O,,10,True,False
140-89-6,DTXSID6042315,Potassium ethyl xanthate,CCOC(=S)[S-].[K+],,7,True,False
7758-09-0,DTXSID5042320,Potassium nitrite,N(=O)[O-].[K+],,4,True,False
6283-86-9,DTXSID4042333,"Propanoic acid, 2-hydroxy-, 2-ethylhexyl ester",CCCCC(CC)COC(=O)C(C)O,,14,True,False
34643-46-4,DTXSID8042349,Prothiofos,CCCSP(=S)(OCC)OC1=C(C=C(C=C1)Cl)Cl,,18,True,False
13457-18-6,DTXSID7042352,Pyrazophos,CCOC(=O)C1=CN2C(=CC(=N2)OP(=S)(OCC)OCC)N=C1C,,24,True,False
119-12-0,DTXSID2042355,Pyridaphenthion,CCOP(=S)(OCC)OC1=NN(C(=O)C=C1)C2=CC=CC=C2,,22,True,False
87-47-8,DTXSID6042361,Pyrolan,CC1=NN(C(=C1)OC(=O)N(C)C)C2=CC=CC=C2,,18,True,False
81-88-9,DTXSID6042369,Rhodamine B,CCN(CC)C1=CC2=C(C=C1)C(=C3C=CC(=[N+](CC)CC)C=C3O2)C4=CC=CC=C4C(=O)[O-].Cl,,34,True,False
152-16-9,DTXSID0042373,Schradan,CN(C)P(=O)(N(C)C)OP(=O)(N(C)C)N(C)C,,17,True,False
2818-16-8,DTXSID9042386,Fenoprop-potassium,CC(C(=O)[O-])OC1=CC(=C(C=C1Cl)Cl)Cl.[K+],,16,True,False
1120-01-0,DTXSID0042400,Sodium hexyldecyl sulfate,CCCCCCCCCCCCCCCCOS(=O)(=O)[O-].[Na+],,22,True,False
2211-98-5,DTXSID9042413,Sodium 4-dodecylbenzenesulfonate,CCCCCCCCCCCCC1=CC=C(C=C1)S(=O)(=O)[O-].[Na+],,23,True,False
1191-50-0,DTXSID4042416,Sodium myristyl sulfate,CCCCCCCCCCCCCCOS(=O)(=O)[O-].[Na+],,20,True,False
7772-98-7,DTXSID9042417,Sodium thiosulfate,[O-]S(=O)(=S)[O-].[Na+].[Na+],,7,True,False
59-40-5,DTXSID8042424,Sulfaquinoxaline,C1=CC=C2C(=C1)N=CC(=N2)NS(=O)(=O)C3=CC=C(C=C3)N,,21,True,False
1918-18-9,DTXSID7042437,Swep,COC(=O)NC1=CC(=C(C=C1)Cl)Cl,,13,True,False
83121-18-0,DTXSID6042440,Teflubenzuron,C1=CC(=C(C(=C1)F)C(=O)NC(=O)NC2=CC(=C(C(=C2F)Cl)F)Cl)F,,24,True,False
1918-11-2,DTXSID1042441,Terbucarb,CC1=CC(=C(C(=C1)C(C)(C)C)OC(=O)NC)C(C)(C)C,,20,True,False
56070-16-7,DTXSID1042443,Terbufos sulfone,CCOP(=S)(OCC)SCS(=O)(=O)C(C)(C)C,,17,True,False
10548-10-4,DTXSID6042444,Terbufos sulfoxide,CCOP(=S)(OCC)SCS(=O)C(C)(C)C,,16,True,False
33693-04-8,DTXSID1042445,Terbumeton,CCNC1=NC(=NC(=N1)OC)NC(C)(C)C,,16,True,False
1940-43-8,DTXSID1042449,Tetrachlorophene,C1=C(C=C(C(=C1CC2=C(C(=CC(=C2)Cl)Cl)O)O)Cl)Cl,,19,True,False
7722-88-5,DTXSID9042465,Tetrasodium pyrophosphate,[O-]P(=O)([O-])OP(=O)([O-])[O-].[Na+].[Na+].[Na+].[Na+],,13,True,False
640-15-3,DTXSID9042469,Thiometon,CCSCCSP(=S)(OC)OC,,12,True,False
297-97-2,DTXSID8042470,Thionazin,CCOP(=S)(OCC)OC1=NC=CN=C1,,15,True,False
7283-41-2,DTXSID8042472,Thiosalicylic acid,C1=CC=C(C(=C1)C(=O)S)O,,10,True,False
731-27-1,DTXSID8042478,Tolylfluanid,CC1=CC=C(C=C1)N(SC(F)(Cl)Cl)S(=O)(=O)N(C)C,,19,True,False
1113-14-0,DTXSID3042479,"trans-1,2-Bis(propylsulfonyl)ethylene",CCCS(=O)(=O)C=CS(=O)(=O)CCC,,14,True,False
1912-26-1,DTXSID2042488,Trietazine,CCNC1=NC(=NC(=N1)Cl)N(CC)CC,,15,True,False
1420-06-0,DTXSID6042492,Trifenmorph,C1COCCN1C(C2=CC=CC=C2)(C3=CC=CC=C3)C4=CC=CC=C4,,25,True,False
40596-80-3,DTXSID3042502,Triprene,CCSC(=O)C=C(C)C=CCC(C)CCCC(C)(C)OC,,21,True,False
64-10-8,DTXSID8042507,1-Phenylurea,C1=CC=C(C=C1)NC(=O)N,,10,True,False
69-93-2,DTXSID3042508,Uric acid,C12=C(NC(=O)N1)NC(=O)NC2=O,,12,True,False
83-28-3,DTXSID8042509,"2-Isovaleryl-1,3-indanedione",CC(C)CC(=O)C1C(=O)C2=CC=CC=C2C1=O,,17,True,False
1314-98-3,DTXSID7042518,Zinc sulfide,[S-2].[Zn+2],,2,True,False
148-01-6,DTXSID6042521,Zoalene,CC1=C(C=C(C=C1[N+](=O)[O-])[N+](=O)[O-])C(=O)N,,16,True,False
7440-61-1,DTXSID1042522,Uranium,[U],,1,True,False
17321-77-6,DTXSID3042633,Clomipramine hydrochloride,CN(C)CCCN1C2=CC=CC=C2CCC3=C1C=C(C=C3)Cl.Cl,,23,True,False
485-49-4,DTXSID3042687,Bicuculline,CN1CCC2=CC3=C(C=C2C1C4C5=C(C6=C(C=C5)OCO6)C(=O)O4)OCO3,,27,True,False
205650-65-3,DTXSID0043719,Fipronil-desulfinyl,C1=C(C=C(C(=C1Cl)N2C(=C(C(=N2)C#N)C(F)(F)F)N)Cl)C(F)(F)F,,24,True,True
150-75-4,DTXSID8043783,N-Methyl-p-aminophenol,CNC1=CC=C(C=C1)O,,9,True,False
2010-06-2,DTXSID4043804,Phenthiazamine,C1=CC=C(C=C1)C2=CSC(=N2)N,,12,True,False
495-54-5,DTXSID4043856,C.I. Basic Orange 2- parent (Chrysoidine free base),C1=CC=C(C=C1)N=NC2=C(C=C(C=C2)N)N,,16,True,False
92-44-4,DTXSID2043903,"2,3-Dihydroxynaphthalene",C1=CC=C2C=C(C(=CC2=C1)O)O,,12,True,False
111470-99-6,DTXSID2043909,Amlodipine besylate,CCOC(=O)C1=C(NC(=C(C1C2=CC=CC=C2Cl)C(=O)OC)C)COCCN.C1=CC=C(C=C1)S(=O)(=O)O,,38,True,False
333-18-6,DTXSID5043920,Ethylenediamine dihydrochloride,C(CN)N.Cl.Cl,,6,True,False
133-51-7,DTXSID4043935,Meglumine antimonate,CNCC(C(C(C(CO)O)O)O)O.O.O.[OH-].[Sb],,17,True,False
2528-16-7,DTXSID9043938,Monobenzyl phthalate,C1=CC=C(C=C1)COC(=O)C2=CC=CC=C2C(=O)O,,19,True,False
68786-66-3,DTXSID7043952,Triclabendazole,CSC1=NC2=CC(=C(C=C2N1)Cl)OC3=C(C(=CC=C3)Cl)Cl,,21,True,False
88805-35-0,DTXSID1043966,Prohexadione,CCC(=O)C1C(=O)CC(CC1=O)C(=O)O,,15,True,False
51276-47-2,DTXSID0043973,Glufosinate,CP(=O)(CCC(C(=O)O)N)O,,11,True,False
14798-03-9,DTXSID5043974,Ammonium,[NH4+],,1,True,False
1401-69-0,DTXSID3043996,Tylosin,CCC1C(C=C(C=CC(=O)C(CC(C(C(C(CC(=O)O1)O)C)OC2C(C(C(C(O2)C)OC3CC(C(C(O3)C)O)(C)O)N(C)C)O)CC=O)C)C)COC4C(C(C(C(O4)C)O)OC)OC,,64,True,False
54739-18-3,DTXSID2044002,Fluvoxamine,COCCCCC(=NOCCN)C1=CC=C(C=C1)C(F)(F)F,,22,True,True
35572-78-2,DTXSID6044068,"2-Amino-4,6-dinitrotoluene",CC1=C(C=C(C=C1[N+](=O)[O-])[N+](=O)[O-])N,,14,True,False
101908-22-9,DTXSID5044071,"ZM 189,154",CC1(CCC2=C(C1CCCCCCCCCS(=O)CCCC(C(F)(F)F)(F)F)C=CC(=C2)O)C3=CC=C(C=C3)O,,40,True,True
53716-50-0,DTXSID9044112,Oxfendazole,COC(=O)NC1=NC2=C(N1)C=C(C=C2)S(=O)C3=CC=CC=C3,,22,True,False
68-35-9,DTXSID7044130,Sulfadiazine,C1=CN=C(N=C1)NS(=O)(=O)C2=CC=C(C=C2)N,,17,True,False
10026-11-6,DTXSID1044142,Zirconium(IV) chloride,[Cl-].[Cl-].[Cl-].[Cl-].[Zr+4],,5,True,False
108-85-0,DTXSID1044148,Bromocyclohexane,C1CCC(CC1)Br,,7,True,False
149-31-5,DTXSID6044149,"2-Methyl-1,3-pentanediol",CCC(C(C)CO)O,,8,True,False
598-16-3,DTXSID5044150,Tribromoethene,C(=C(Br)Br)Br,,5,True,False
618-87-1,DTXSID0044151,"3,5-Dinitroaniline",C1=C(C=C(C=C1[N+](=O)[O-])[N+](=O)[O-])N,,13,True,False
636-30-6,DTXSID5044152,"2,4,5-Trichloroaniline",C1=C(C(=CC(=C1Cl)Cl)Cl)N,,10,True,False
877-43-0,DTXSID0044153,"2,6-Dimethylquinoline",CC1=CC2=C(C=C1)N=C(C=C2)C,,12,True,False
1656-48-0,DTXSID5044154,"3,3'-Oxydipropionitrile",C(COCCC#N)C#N,,9,True,False
2539-17-5,DTXSID0044155,"3,4,5,6-Tetrachloroguaiacol",COC1=C(C(=C(C(=C1Cl)Cl)Cl)Cl)O,,13,True,False
7785-87-7,DTXSID9044160,Manganese sulfate (1:1),[O-]S(=O)(=O)[O-].[Mn+2],,6,True,False
10025-91-9,DTXSID4044161,Antimony trichloride,[Cl-].[Cl-].[Cl-].[Sb+3],,4,True,False
10045-94-0,DTXSID9044162,Mercuric nitrate,[N+](=O)([O-])[O-].[N+](=O)([O-])[O-].[Hg+2],,9,True,False
14938-35-3,DTXSID9044164,4-Pentylphenol,CCCCCC1=CC=C(C=C1)O,,12,True,False
15263-53-3,DTXSID4044165,Cartap,CN(C)C(CSC(=O)N)CSC(=O)N,,14,True,False
27304-13-8,DTXSID9044166,(+/-)-Oxychlordane,C12C(C(C3(C1O3)Cl)Cl)C4(C(=C(C2(C4(Cl)Cl)Cl)Cl)Cl)Cl,,19,True,False
7757-83-7,DTXSID2044260,Sodium sulfite,[O-]S(=O)[O-].[Na+].[Na+],,6,True,False
83881-52-1,DTXSID2044268,Cetirizine dihydrochloride,C1CN(CCN1CCOCC(=O)O)C(C2=CC=CC=C2)C3=CC=C(C=C3)Cl.Cl.Cl,,29,True,False
660-68-4,DTXSID9044320,Diethylamine hydrochloride,CCNCC.Cl,,6,True,False
100-85-6,DTXSID3044332,Benzyltrimethylammonium hydroxide,C[N+](C)(C)CC1=CC=CC=C1.[OH-],,12,True,False
145701-23-1,DTXSID7044340,Florasulam,COC1=NC=C(C2=NC(=NN21)S(=O)(=O)NC3=C(C=CC=C3F)F)F,,24,True,False
187166-15-0,DTXSID2044341,Spinetoram L,CCC1CCCC(C(C(=O)C2=CC3C4CC(CC4C(=CC3C2CC(=O)O1)C)OC5C(C(C(C(O5)C)OC)OCC)OC)C)OC6CCC(C(O6)C)N(C)C,,54,True,False
203313-25-1,DTXSID7044342,Spirotetramat,CCOC(=O)OC1=C(C(=O)NC12CCC(CC2)OC)C3=C(C=CC(=C3)C)C,,27,True,False
365400-11-9,DTXSID2044343,Pyrasulfotole,CC1=C(C(=O)N(N1)C)C(C2=C(C=C(C=C2)C(F)(F)F)S(=O)(=O)C)O,,24,True,True
422556-08-9,DTXSID7044344,Pyroxsulam,COC1=CC(=NC2=NC(=NN12)NS(=O)(=O)C3=C(C=CN=C3OC)C(F)(F)F)OC,,29,True,True
500008-45-7,DTXSID2044345,Chlorantraniliprole,CC1=CC(=CC(=C1NC(=O)C2=CC(=NN2C3=C(C=CC=N3)Cl)Br)C(=O)NC)Cl,,28,True,False
100-06-1,DTXSID2044347,4'-Methoxyacetophenone,CC(=O)C1=CC=C(C=C1)OC,,11,True,False
10112-91-1,DTXSID6044351,Mercury chloride (Hg2Cl2),[Cl-].[Cl-].[Hg+].[Hg+],,4,True,False
101-41-7,DTXSID1044352,Methyl phenylacetate,COC(=O)CC1=CC=CC=C1,,11,True,False
103-49-1,DTXSID6044355,Dibenzylamine,C1=CC=C(C=C1)CNCC2=CC=CC=C2,,15,True,False
1119-94-4,DTXSID5044366,Dodecyltrimethylammonium bromide,CCCCCCCCCCCC[N+](C)(C)C.[Br-],,17,True,False
1119-97-7,DTXSID0044367,Tetradonium bromide,CCCCCCCCCCCCCC[N+](C)(C)C.[Br-],,19,True,False
134-81-6,DTXSID3044380,"1,2-Diphenylethanedione",C1=CC=C(C=C1)C(=O)C(=O)C2=CC=CC=C2,,16,True,False
93-04-9,DTXSID7044392,2-Methoxynaphthalene,COC1=CC2=CC=CC=C2C=C1,,12,True,False
98-53-3,DTXSID7044394,4-tert-Butylcyclohexanone,CC(C)(C)C1CCC(=O)CC1,,11,True,False
19381-50-1,DTXSID4044406,Acid green No. 1,C1=CC2=C(C=CC(=C2N=O)[O-])C=C1S(=O)(=O)[O-].C1=CC2=C(C=CC(=C2N=O)[O-])C=C1S(=O)(=O)[O-].C1=CC2=C(C=CC(=C2N=O)[O-])C=C1S(=O)(=O)[O-].[Na+].[Na+].[Na+].[Fe+3],,55,True,False
350-03-8,DTXSID7044421,3-Acetylpyridine,CC(=O)C1=CN=CC=C1,,9,True,False
5072-26-4,DTXSID6044434,Buthionine sulfoximine,CCCCS(=N)(=O)CCC(C(=O)O)N,,14,True,False
51-05-8,DTXSID1044435,Procaine hydrochloride,CCN(CC)CCOC(=O)C1=CC=C(C=C1)N.Cl,,18,True,False
542-28-9,DTXSID6044438,Tetrahydro-2H-pyran-2-one,C1CCOC(=O)C1,,7,True,False
608-31-1,DTXSID5044449,"2,6-Dichloroaniline",C1=CC(=C(C(=C1)Cl)N)Cl,,9,True,False
629-03-8,DTXSID4044452,"1,6-Dibromohexane",C(CCCBr)CCBr,,8,True,False
629-25-4,DTXSID9044453,Sodium dodecanoate,CCCCCCCCCCCC(=O)[O-].[Na+],,15,True,False
71-91-0,DTXSID9044457,Tetraethylammonium bromide,CC[N+](CC)(CC)CC.[Br-],,10,True,False
76-60-8,DTXSID9044459,Bromcresol green,CC1=C(C(=C(C=C1C2(C3=CC=CC=C3S(=O)(=O)O2)C4=CC(=C(C(=C4C)Br)O)Br)Br)O)Br,,31,True,False
780-69-8,DTXSID8044462,Triethoxy(phenyl)silane,CCO[Si](C1=CC=CC=C1)(OCC)OCC,,16,True,False
81-64-1,DTXSID8044464,"1,4-Dihydroxyanthracene-9,10-dione",C1=CC=C2C(=C1)C(=O)C3=C(C=CC(=C3C2=O)O)O,,18,True,False
926-39-6,DTXSID3044469,2-Aminoethyl hydrogen sulfate,C(COS(=O)(=O)O)N,,8,True,False
93-55-0,DTXSID2044470,1-Phenylpropan-1-one,CCC(=O)C1=CC=CC=C1,,10,True,False
95-92-1,DTXSID2044472,Diethyl oxalate,CCOC(=O)C(=O)OCC,,10,True,False
5137-55-3,DTXSID1044487,Methyltrioctylammonium chloride,CCCCCCCC[N+](C)(CCCCCCCC)CCCCCCCC.[Cl-],,27,True,False
102-40-9,DTXSID7044502,"2,2'-[Benzene-1,3-diylbis(oxy)]diethanol",C1=CC(=CC(=C1)OCCO)OCCO,,14,True,False
10325-94-7,DTXSID7044504,Cadmium dinitrate,[N+](=O)([O-])[O-].[N+](=O)([O-])[O-].[Cd+2],,9,True,False
10361-37-2,DTXSID7044508,Barium chloride,[Cl-].[Cl-].[Ba+2],,3,True,False
118-88-7,DTXSID0044523,5-Amino-2-methylbenzenesulfonic acid,CC1=C(C=C(C=C1)N)S(=O)(=O)O,,12,True,False
122-64-5,DTXSID0044525,Phenylmercuric lactate,CC(C(=O)[O-])O.C1=CC=[C]C=C1.[Hg+],,13,True,False
13029-08-8,DTXSID4044533,"2,2'-Dichlorobiphenyl",C1=CC=C(C(=C1)C2=CC=CC=C2Cl)Cl,,14,True,False
13171-00-1,DTXSID9044536,"1-(6-tert-Butyl-1,1-dimethyl-2,3-dihydro-1H-inden-4-yl)ethanone",CC(=O)C1=C2CCC(C2=CC(=C1)C(C)(C)C)(C)C,,18,True,False
133-49-3,DTXSID3044540,Pentachlorobenzenethiol,C1(=C(C(=C(C(=C1Cl)Cl)Cl)Cl)Cl)S,,12,True,False
2439-99-8,DTXSID2044557,Glyphosine,C(C(=O)O)N(CP(=O)(O)O)CP(=O)(O)O,,15,True,False
26399-36-0,DTXSID2044559,Profluralin,CCCN(CC1CC1)C2=C(C=C(C=C2[N+](=O)[O-])C(F)(F)F)[N+](=O)[O-],,24,True,True
35948-25-5,DTXSID6044563,"6H-Dibenzo[c,e][1,2]oxaphosphinine 6-oxide",C1=CC=C2C(=C1)C3=CC=CC=C3[P+](=O)O2,,15,True,False
647-42-7,DTXSID5044572,"3,3,4,4,5,5,6,6,7,7,8,8,8-Tridecafluorooctan-1-ol",C(CO)C(C(C(C(C(C(F)(F)F)(F)F)(F)F)(F)F)(F)F)(F)F,,22,True,True
2499-59-4,DTXSID8044624,Octyl prop-2-enoate,CCCCCCCCOC(=O)C=C,,13,True,False
3033-77-0,DTXSID1044643,"N,N,N-Trimethyl(oxiran-2-yl)methanaminium chloride",C[N+](C)(C)CC1CO1.[Cl-],,9,True,False
3148-72-9,DTXSID5044653,"N,N'-(2-Hydroxy-1,3-propanediyl)bis[N-(carboxymethyl)glycine",C(C(CN(CC(=O)O)CC(=O)O)O)N(CC(=O)O)CC(=O)O,,22,True,False
3352-87-2,DTXSID5044655,"N,N-Diethyldodecanamide",CCCCCCCCCCCC(=O)N(CC)CC,,18,True,False
50-63-5,DTXSID7044681,Chloroquine bis(phosphate),CCN(CC)CCCC(C)NC1=C2C=CC(=CC2=NC=C1)Cl.OP(=O)(O)O.OP(=O)(O)O,,32,True,False
52-66-4,DTXSID7044687,DL-Penicillamine,CC(C)(C(C(=O)O)N)S,,9,True,False
55-16-3,DTXSID6044692,Scopolamine hydrochloride,CN1C2CC(CC1C3C2O3)OC(=O)C(CO)C4=CC=CC=C4.Cl,,23,True,False
5877-42-9,DTXSID1044697,4-Ethyloct-1-yn-3-ol,CCCCC(CC)C(C#C)O,,11,True,False
598-02-7,DTXSID1044699,Diethyl hydrogen phosphate,CCOP(=O)(O)OCC,,9,True,False
6408-78-2,DTXSID2044711,Acid Blue 25,C1=CC=C(C=C1)NC2=CC(=C(C3=C2C(=O)C4=CC=CC=C4C3=O)N)S(=O)(=O)[O-].[Na+],,29,True,False
96-96-8,DTXSID3044750,4-Methoxy-2-nitroaniline,COC1=CC(=C(C=C1)N)[N+](=O)[O-],,12,True,False
98-44-2,DTXSID8044751,"2-Aminobenzene-1,4-disulfonic acid",C1=CC(=C(C=C1S(=O)(=O)O)N)S(=O)(=O)O,,15,True,False
999-21-3,DTXSID3044752,Diprop-2-en-1-yl (2Z)-but-2-enedioate,C=CCOC(=O)C=CC(=O)OCC=C,,14,True,False
103-54-8,DTXSID2044765,3-Phenylprop-2-en-1-yl acetate,CC(=O)OCC=CC1=CC=CC=C1,,13,True,False
103-74-2,DTXSID2044767,2-(Pyridin-2-yl)ethanol,C1=CC=NC(=C1)CCO,,9,True,False
120-18-3,DTXSID5044788,Naphthalene-2-sulfonic acid,C1=CC=C2C=C(C=CC2=C1)S(=O)(=O)O,,14,True,False
13108-52-6,DTXSID4044795,"2,3,5,6-Tetrachloro-4-(methylsulfonyl)pyridine",CS(=O)(=O)C1=C(C(=NC(=C1Cl)Cl)Cl)Cl,,14,True,False
136-30-1,DTXSID6044800,Sodium dibutylcarbamodithioate,CCCCN(CCCC)C(=S)[S-].[Na+],,13,True,False
140-90-9,DTXSID1044801,Sodium O-ethyl carbonodithioate,CCOC(=S)[S-].[Na+],,7,True,False
1471-17-6,DTXSID6044806,"3-(Prop-2-en-1-yloxy)-2,2-bis[(prop-2-en-1-yloxy)methyl]propan-1-ol",C=CCOCC(CO)(COCC=C)COCC=C,,18,True,False
19750-95-9,DTXSID5044811,Chlordimeform hydrochloride,CC1=C(C=CC(=C1)Cl)N=CN(C)C.Cl,,14,True,False
2517-43-3,DTXSID0044812,3-Methoxybutan-1-ol,CC(CCO)OC,,7,True,False
585-34-2,DTXSID9044825,3-tert-Butylphenol,CC(C)(C)C1=CC(=CC=C1)O,,11,True,False
1561-92-8,DTXSID2044840,Sodium 2-methylprop-2-ene-1-sulfonate,CC(=C)CS(=O)(=O)[O-].[Na+],,9,True,False
15905-32-5,DTXSID7044843,Erythrosin B,C1=CC=C2C(=C1)C(=O)OC23C4=CC(=C(C(=C4OC5=C(C(=C(C=C35)I)O)I)I)O)I,,29,True,False
2386-60-9,DTXSID3044883,Butane-1-sulfonyl chloride,CCCCS(=O)(=O)Cl,,8,True,False
2896-70-0,DTXSID4044905,"(2,2,6,6-Tetramethyl-4-oxopiperidin-1-yl)oxidanyl",CC1(CC(=O)CC(N1[O])(C)C)C,,12,True,False
3351-05-1,DTXSID7044920,Acid Blue 113,C1=CC=C(C=C1)NC2=C3C(=C(C=C2)N=NC4=CC=C(C5=CC=CC=C54)N=NC6=CC(=CC=C6)S(=O)(=O)[O-])C=CC=C3S(=O)(=O)[O-].[Na+].[Na+],,47,True,False
44860-68-6,DTXSID0044945,"2,2'-(Methanediyldisulfanediyl)diethanol",C(CSCSCCO)O,,9,True,False
50-71-5,DTXSID5044946,Alloxan,C1(=O)C(=O)NC(=O)NC1=O,,10,True,False
84-51-5,DTXSID5044994,"2-Ethylanthracene-9,10-dione",CCC1=CC2=C(C=C1)C(=O)C3=CC=CC=C3C2=O,,18,True,False
98-72-6,DTXSID9045007,Nitarsone,C1=CC(=CC=C1[N+](=O)[O-])[As](=O)(O)O,,13,True,False
147-84-2,DTXSID3045017,Ditiocarb,CCN(CC)C(=S)S,,8,True,False
151-01-9,DTXSID3045063,O-Ethyl hydrogen carbonodithioate,CCOC(=S)S,,6,True,False
137-58-6,DTXSID1045166,Lidocaine,CCN(CC)CC(=O)NC1=C(C=CC=C1C)C,,17,True,False
61-80-3,DTXSID1045245,Zoxazolamine,C1=CC2=C(C=C1Cl)N=C(O2)N,,11,True,False
80-32-0,DTXSID9045265,Sulfachloropyridazine,C1=CC(=CC=C1N)S(=O)(=O)NC2=NN=C(C=C2)Cl,,18,True,False
82-02-0,DTXSID9045267,Khellin,CC1=CC(=O)C2=C(C3=C(C(=C2O1)OC)OC=C3)OC,,19,True,False
521-78-8,DTXSID2045315,Trimipramine maleate,CC(CN1C2=CC=CC=C2CCC3=CC=CC=C31)CN(C)C.C(=CC(=O)O)C(=O)O,,30,True,False
3759-92-0,DTXSID5045380,Furaltadone hydrochloride,C1COCCN1CC2CN(C(=O)O2)N=CC3=CC=C(O3)[N+](=O)[O-].Cl,,24,True,False
7681-76-7,DTXSID6045400,Ronidazole,CN1C(=CN=C1COC(=O)N)[N+](=O)[O-],,14,True,False
13710-19-5,DTXSID1045409,Tolfenamic acid,CC1=C(C=CC=C1Cl)NC2=CC=CC=C2C(=O)O,,18,True,False
14255-87-9,DTXSID0045410,Parbendazole,CCCCC1=CC2=C(C=C1)N=C(N2)NC(=O)OC,,18,True,False
73231-34-2,DTXSID9045500,Florfenicol,CS(=O)(=O)C1=CC=C(C=C1)C(C(CF)NC(=O)C(Cl)Cl)O,,21,True,False
137-88-2,DTXSID0045547,Amprolium hydrochloride,CCCC1=NC=C(C(=N1)N)C[N+]2=CC=CC=C2C.Cl.[Cl-],,20,True,False
26155-31-7,DTXSID2045575,Morantel tartrate,CC1=C(SC=C1)C=CC2=NCCCN2C.C(C(C(=O)O)O)(C(=O)O)O,,25,True,False
26159-34-2,DTXSID7045576,Naproxen sodium,CC(C1=CC2=C(C=C1)C=C(C=C2)OC)C(=O)[O-].[Na+],,18,True,False
93106-60-6,DTXSID1045619,Enrofloxacin,CCN1CCN(CC1)C2=C(C=C3C(=C2)N(C=C(C3=O)C(=O)O)C4CC4)F,,26,True,False
42835-25-6,DTXSID5045623,Flumequine,CC1CCC2=C3N1C=C(C(=O)C3=CC(=C2)F)C(=O)O,,19,True,False
20559-55-1,DTXSID5045625,Oxibendazole,CCCOC1=CC2=C(C=C1)N=C(N2)NC(=O)OC,,18,True,False
33564-31-7,DTXSID8045646,Diflorasone diacetate,CC1CC2C3CC(C4=CC(=O)C=CC4(C3(C(CC2(C1(C(=O)COC(=O)C)OC(=O)C)C)O)F)C)F,,35,True,False
23210-56-2,DTXSID2045656,Ifenprodil,CC(C(C1=CC=C(C=C1)O)O)N2CCC(CC2)CC3=CC=CC=C3,,24,True,False
121-81-3,DTXSID0045836,Nitromide,C1=C(C=C(C=C1[N+](=O)[O-])[N+](=O)[O-])C(=O)N,,15,True,False
90-01-7,DTXSID9045843,Salicyl alcohol,C1=CC=C(C(=C1)CO)O,,9,True,False
319-89-1,DTXSID9045897,Tetroquinone,C1(=C(C(=O)C(=C(C1=O)O)O)O)O,,12,True,False
74610-55-2,DTXSID3045938,Tylosin tartrate,CCC1C(C=C(C=CC(=O)C(CC(C(C(C(CC(=O)O1)O)C)OC2C(C(C(C(O2)C)OC3CC(C(C(O3)C)O)(C)O)N(C)C)O)CC=O)C)C)COC4C(C(C(C(O4)C)O)OC)OC.C(C(C(=O)O)O)(C(=O)O)O,,74,True,False
72-48-0,DTXSID5045960,Alizarin,C1=CC=C2C(=C1)C(=O)C3=C(C2=O)C(=C(C=C3)O)O,,18,True,False
528-50-7,DTXSID3045984,Cellobiose,C(C1C(C(C(C(O1)OC(C(CO)O)C(C(C=O)O)O)O)O)O)O,,23,True,False
58-63-9,DTXSID2045993,Inosine,C1=NC2=C(C(=O)N1)N=CN2C3C(C(C(O3)CO)O)O,,19,True,False
495-69-2,DTXSID9046073,Hippuric acid,C1=CC=C(C=C1)C(=O)NCC(=O)O,,13,True,False
547-91-1,DTXSID1046136,Loretin,C1=CC2=C(C(=C(C=C2S(=O)(=O)O)I)O)N=C1,,16,True,False
844-26-8,DTXSID5046225,Bithionoloxide,C1=C(C=C(C(=C1S(=O)C2=C(C(=CC(=C2)Cl)Cl)O)O)Cl)Cl,,20,True,False
22662-39-1,DTXSID5046227,Rafoxanide,C1=CC(=CC=C1OC2=C(C=C(C=C2)NC(=O)C3=C(C(=CC(=C3)I)I)O)Cl)Cl,,27,True,False
541-79-7,DTXSID9046233,Carbocloral,CCOC(=O)NC(C(Cl)(Cl)Cl)O,,12,True,False
102-05-6,DTXSID4046238,Dibemethine,CN(CC1=CC=CC=C1)CC2=CC=CC=C2,,16,True,False
98-79-3,DTXSID6046260,Pidolic acid,C1CC(=O)NC1C(=O)O,,9,True,False
59-06-3,DTXSID6046264,Ethopabate,CCOC1=C(C=CC(=C1)NC(=O)C)C(=O)OC,,17,True,False
96-62-8,DTXSID3046297,Dinsed,C1=CC(=CC(=C1)S(=O)(=O)NCCNS(=O)(=O)C2=CC=CC(=C2)[N+](=O)[O-])[N+](=O)[O-],,28,True,False
579-23-7,DTXSID7046386,Cyclovalone,COC1=C(C=CC(=C1)C=C2CCCC(=CC3=CC(=C(C=C3)O)OC)C2=O)O,,27,True,False
3270-71-1,DTXSID6046399,Nifuraldezone,C1=C(OC(=C1)[N+](=O)[O-])C=NNC(=O)C(=O)N,,16,True,False
56-89-3,DTXSID2046418,L-Cystine,C(C(C(=O)O)N)SSCC(C(=O)O)N,,14,True,False
333-36-8,DTXSID5046516,Flurothyl,C(C(F)(F)F)OCC(F)(F)F,,11,True,True
4044-65-9,DTXSID3046532,Bitoscanate,C1=CC(=CC=C1N=C=S)N=C=S,,12,True,False
543-82-8,DTXSID8046535,2-Amino-6-methylheptane,CC(C)CCCC(C)N,,9,True,False
615-74-7,DTXSID1046558,2-Chloro-5-methylphenol,CC1=CC(=C(C=C1)Cl)O,,9,True,False
111-81-9,DTXSID5046566,Methyl 10-undecenoate,COC(=O)CCCCCCCCC=C,,14,True,False
22994-85-0,DTXSID9046570,Benznidazole,C1=CC=C(C=C1)CNC(=O)CN2C=CN=C2[N+](=O)[O-],,19,True,False
98-69-1,DTXSID4046571,4-Ethylbenzenesulfonic acid,CCC1=CC=C(C=C1)S(=O)(=O)O,,12,True,False
115550-35-1,DTXSID4046600,Marbofloxacin,CN1CCN(CC1)C2=C(C=C3C4=C2OCN(N4C=C(C3=O)C(=O)O)C)F,,26,True,False
25875-51-8,DTXSID9046813,Robenidine,C1=CC(=CC=C1C=NNC(=NN=CC2=CC=C(C=C2)Cl)N)Cl,,22,True,False
623-07-4,DTXSID8046872,4-Chloromercuriphenol,C1=C=C[CH]C(=C1)[O-].Cl.[Hg+],,9,True,False
58306-30-2,DTXSID6046898,Febantel,COCC(=O)NC1=C(C=CC(=C1)SC2=CC=CC=C2)N=C(NC(=O)OC)NC(=O)OC,,31,True,False
65271-80-9,DTXSID4046947,Mitoxantrone,C1=CC(=C2C(=C1NCCNCCO)C(=O)C3=C(C=CC(=C3C2=O)O)O)NCCNCCO,,32,True,False
140-92-1,DTXSID6046973,Proxan-potassium,CC(C)OC(=S)[S-].[K+],,8,True,False
81-04-9,DTXSID5046982,"1,5-Naphthalenedisulfonic acid",C1=CC2=C(C=CC=C2S(=O)(=O)O)C(=C1)S(=O)(=O)O,,18,True,False
7420-89-5,DTXSID9046996,"1,5-Dihydroxy-1,5-pentanedisulfonic acid, disodium salt",C(CC(O)S(=O)(=O)[O-])CC(O)S(=O)(=O)[O-].[Na+].[Na+],,17,True,False
7778-74-7,DTXSID3047003,Potassium perchlorate,[O-]Cl(=O)(=O)=O.[K+],,6,True,False
469-61-4,DTXSID0047032,alpha-Cedrene,CC1CCC2C13CC=C(C(C3)C2(C)C)C,,15,True,False
335104-84-2,DTXSID5047037,Tembotrione,CS(=O)(=O)C1=C(C(=C(C=C1)C(=O)C2C(=O)CCCC2=O)Cl)COCC(F)(F)F,,28,True,True
475-20-7,DTXSID9047045,Longifolene,CC1(CCCC2(C3C1C(C2=C)CC3)C)C,,15,True,False
541-85-5,DTXSID9047047,5-Methyl-3-heptanone,CCC(C)CC(=O)CC,,9,True,False
102-87-4,DTXSID8047056,Tridodecylamine,CCCCCCCCCCCCN(CCCCCCCCCCCC)CCCCCCCCCCCC,,37,True,False
629-97-0,DTXSID7047063,Docosane,CCCCCCCCCCCCCCCCCCCCCC,,22,True,False
501-52-0,DTXSID2047064,Hydrocinnamic acid,C1=CC=C(C=C1)CCC(=O)O,,11,True,False
491-35-0,DTXSID7047067,Lepidine,CC1=CC=NC2=CC=CC=C12,,11,True,False
470-99-5,DTXSID6047072,"3,5,5-Trimethyl-2-cyclohexen-1-ol",CC1=CC(CC(C1)(C)C)O,,10,True,False
12069-69-1,DTXSID1047077,Copper(II) carbonate basic,C(=O)([O-])[O-].[OH-].[OH-].[Cu+2].[Cu+2],,8,True,False
5989-54-8,DTXSID6047078,(S)-Limonene,CC1=CCC(CC1)C(=C)C,,10,True,False
93-51-6,DTXSID6047105,2-Methoxy-4-methylphenol,CC1=CC(=C(C=C1)O)OC,,10,True,False
3282-73-3,DTXSID5047112,Didodecyldimethylammonium bromide,CCCCCCCCCCCC[N+](C)(C)CCCCCCCCCCCC.[Br-],,28,True,False
89-79-2,DTXSID5047116,Isopulegol,CC1CCC(C(C1)O)C(=C)C,,11,True,False
98-06-6,DTXSID3047138,tert-Butylbenzene,CC(C)(C)C1=CC=CC=C1,,10,True,False
104-20-1,DTXSID5047166,4-(4-Methoxyphenyl)-2-butanone,CC(=O)CCC1=CC=C(C=C1)OC,,13,True,False
697-82-5,DTXSID3047184,"2,3,5-Trimethylphenol",CC1=CC(=C(C(=C1)O)C)C,,10,True,False
463-56-9,DTXSID7047221,Thiocyanic acid,C(#N)S,,3,True,False
99300-78-4,DTXSID8047397,Venlafaxine hydrochloride,CN(C)CC(C1=CC=C(C=C1)OC)C2(CCCCC2)O.Cl,,21,True,False
33704-61-9,DTXSID8047399,"Dihydro-1,1,2,3,3-pentamethyl-4(5H)-indanone",CC1C(C2=C(C1(C)C)C(=O)CCC2)(C)C,,15,True,False
13532-18-8,DTXSID0047402,Methyl 3-(methylthio)propionate,COC(=O)CCSC,,8,True,False
1638-22-8,DTXSID3047425,4-Butylphenol,CCCCC1=CC=C(C=C1)O,,11,True,False
3811-04-9,DTXSID6047448,Potassium chlorate,[O-]Cl(=O)=O.[K+],,5,True,False
506-87-6,DTXSID5047457,Ammonium carbonate,C(=O)(O)O.N.N,,6,True,False
109-59-1,DTXSID4047466,2-Isopropoxyethanol,CC(C)OCCO,,7,True,False
110-95-2,DTXSID9047469,"N,N,N',N'-Tetramethyl-1,3-propanediamine",CN(C)CCCN(C)C,,9,True,False
555-43-1,DTXSID8047503,Glyceryl tristearate,CCCCCCCCCCCCCCCCCC(=O)OCC(COC(=O)CCCCCCCCCCCCCCCCC)OC(=O)CCCCCCCCCCCCCCCCC,,63,True,False
55-06-1,DTXSID8047505,"3,3',5-Triiodo-l-thyronine sodium salt",C1=CC(=C(C=C1OC2=C(C=C(C=C2I)CC(C(=O)O)N)I)I)[O-].[Na+],,24,True,False
628-97-7,DTXSID2047511,Ethyl hexadecanoate,CCCCCCCCCCCCCCCC(=O)OCC,,20,True,False
117428-22-5,DTXSID9047542,Picoxystrobin,COC=C(C1=CC=CC=C1COC2=CC=CC(=N2)C(F)(F)F)C(=O)OC,,26,True,True
2058-94-8,DTXSID8047553,Perfluoroundecanoic acid,C(=O)(C(C(C(C(C(C(C(C(C(C(F)(F)F)(F)F)(F)F)(F)F)(F)F)(F)F)(F)F)(F)F)(F)F)(F)F)O,,34,True,True
41394-05-2,DTXSID7047568,Metamitron,CC1=NN=C(C(=O)N1N)C2=CC=CC=C2,,15,True,False
6149-03-7,DTXSID9047594,Sodium 4-octylbenzenesulfonate,CCCCCCCCC1=CC=C(C=C1)S(=O)(=O)[O-].[Na+],,19,True,False
109-42-2,DTXSID4047624,Butyl undec-10-enoate,CCCCOC(=O)CCCCCCCCC=C,,17,True,False
1116-76-3,DTXSID3047635,Trioctylamine,CCCCCCCCN(CCCCCCCC)CCCCCCCC,,25,True,False
119-65-3,DTXSID2047644,Isoquinoline,C1=CC=C2C=NC=CC2=C1,,10,True,False
123-19-3,DTXSID6047650,4-Heptanone,CCCC(=O)CCC,,8,True,False
124-12-9,DTXSID1047655,Octanenitrile,CCCCCCCC#N,,9,True,False
272451-65-7,DTXSID4047672,Flubendiamide,CC1=C(C=CC(=C1)C(C(F)(F)F)(C(F)(F)F)F)NC(=O)C2=C(C(=CC=C2)I)C(=O)NC(C)(C)CS(=O)(=O)C,,38,True,True
590-28-3,DTXSID2047692,Potassium cyanate,C(#N)[O-].[K+],,4,True,False
75-29-6,DTXSID6047739,2-Chloropropane,CC(C)Cl,,4,True,False
132-65-0,DTXSID0047741,Dibenzothiophene,C1=CC=C2C(=C1)C3=CC=CC=C3S2,,13,True,False
593-74-8,DTXSID5047742,Dimethylmercury,C.C.[Hg],,3,True,False
108-87-2,DTXSID0047749,Methylcyclohexane,CC1CCCCC1,,7,True,False
198-55-0,DTXSID4047753,Perylene,C1=CC2=C3C(=C1)C4=CC=CC5=C4C(=CC=C5)C3=CC=C2,,20,True,False
479-45-8,DTXSID7047770,Trinitrophenylmethylnitramine,CN(C1=C(C=C(C=C1[N+](=O)[O-])[N+](=O)[O-])[N+](=O)[O-])[N+](=O)[O-],,20,True,False
859-18-7,DTXSID7047803,Lincomycin hydrochloride,CCCC1CC(N(C1)C)C(=O)NC(C2C(C(C(C(O2)SC)O)O)O)C(C)O.Cl,,28,True,False
1263-89-4,DTXSID5047829,Paromomycin sulfate,C1C(C(C(C(C1N)OC2C(C(C(C(O2)CO)O)O)N)OC3C(C(C(O3)CO)OC4C(C(C(C(O4)CN)O)O)N)O)O)N.OS(=O)(=O)O,,47,True,False
36861-47-9,DTXSID8047896,Enzacamene,CC1=CC=C(C=C1)C=C2C3CCC(C2=O)(C3(C)C)C,,19,True,False
2664-63-3,DTXSID9047960,"4,4'-Thiodiphenol",C1=CC(=CC=C1O)SC2=CC=C(C=C2)O,,15,True,False
101-53-1,DTXSID9047962,4-Benzylphenol,C1=CC=C(C=C1)CC2=CC=C(C=C2)O,,14,True,False
139-91-3,DTXSID4048016,Furaltadone,C1COCCN1CC2CN(C(=O)O2)N=CC3=CC=C(O3)[N+](=O)[O-],,23,True,False
163269-30-5,DTXSID5048051,Bethoxazin,C1CS(=O)C(=NO1)C2=CC3=CC=CC=C3S2,,16,True,False
5538-95-4,DTXSID9048061,"N-Dodecylpropane-1,3-diamine",CCCCCCCCCCCCNCCCN,,17,True,False
5407-98-7,DTXSID1048201,Cyclobutyl phenyl ketone,C1CC(C1)C(=O)C2=CC=CC=C2,,12,True,False
93-99-2,DTXSID0048210,Phenyl benzoate,C1=CC=C(C=C1)C(=O)OC2=CC=CC=C2,,15,True,False
86347-14-0,DTXSID6048258,Medetomidine,CC1=C(C(=CC=C1)C(C)C2=CN=CN2)C,,15,True,False
108-73-6,DTXSID9048354,"1,3,5-Trihydroxybenzene",C1=C(C=C(C=C1O)O)O,,9,True,False
5377-20-8,DTXSID1048411,Metomidate,CC(C1=CC=CC=C1)N2C=NC=C2C(=O)OC,,17,True,False
103-67-3,DTXSID9048439,N-Methylbenzylamine,CNCC1=CC=CC=C1,,9,True,False
123-82-0,DTXSID6048468,2-Aminoheptane,CCCCCC(C)N,,8,True,False
151096-09-2,DTXSID3048491,Moxifloxacin,COC1=C2C(=CC(=C1N3CC4CCCNC4C3)F)C(=O)C(=CN2C5CC5)C(=O)O,,29,True,False
50-03-3,DTXSID0048686,Hydrocortisone acetate,CC(=O)OCC(=O)C1(CCC2C1(CC(C3C2CCC4=CC(=O)CCC34C)O)C)O,,29,True,False
5534-09-8,DTXSID3048730,Beclazone,CCC(=O)OCC(=O)C1(C(CC2C1(CC(C3(C2CCC4=CC(=O)C=CC43C)Cl)O)C)C)OC(=O)CC,,36,True,False
1421-14-3,DTXSID7048825,Propanidid,CCCOC(=O)CC1=CC(=C(C=C1)OCC(=O)N(CC)CC)OC,,24,True,False
83-07-8,DTXSID8048860,Ampyrone,CC1=C(C(=O)N(N1C)C2=CC=CC=C2)N,,15,True,False
51-57-0,DTXSID8048864,S-(+)-Methamphetamine hydrochloride,CC(CC1=CC=CC=C1)NC.Cl,,12,True,False
487-93-4,DTXSID0048894,Bufotenine,CN(C)CCC1=CNC2=C1C=C(C=C2)O,,15,True,False
125-79-1,DTXSID1048912,Premethadone,CC(CC(C#N)(C1=CC=CC=C1)C2=CC=CC=C2)N(C)C,,21,True,False
1639-60-7,DTXSID6048913,"(2S,3R)-(+)-4-(Dimethylamino)-3-methyl-1,2-diphenyl-2-butanol propionate hydrochloride",CCC(=O)OC(CC1=CC=CC=C1)(C2=CC=CC=C2)C(C)CN(C)C.Cl,,26,True,False
117704-25-3,DTXSID9048982,Doramectin,CC1C=CC=C2COC3C2(C(C=C(C3O)C)C(=O)OC4CC(CC=C(C1OC5CC(C(C(O5)C)OC6CC(C(C(O6)C)O)OC)OC)C)OC7(C4)C=CC(C(O7)C8CCCCC8)C)O,,64,True,False
10022-31-8,DTXSID8049200,Barium nitrate,[N+](=O)([O-])[O-].[N+](=O)([O-])[O-].[Ba+2],,9,True,False
10377-48-7,DTXSID3049201,Lithium sulfate,[Li+].[Li+].[O-]S(=O)(=O)[O-],,7,True,False
131-09-9,DTXSID7049213,2-Chloroanthraquinone,C1=CC=C2C(=C1)C(=O)C3=C(C2=O)C=C(C=C3)Cl,,17,True,False
14933-08-5,DTXSID6049222,"N-Dodecyl-N,N-dimethyl-3-ammonio-1-propanesulfonate",CCCCCCCCCCCC[N+](C)(C)CCCS(=O)(=O)[O-],,22,True,False
2835-99-6,DTXSID2049262,4-Amino-m-cresol,CC1=C(C=CC(=C1)O)N,,9,True,False
486-25-9,DTXSID6049307,9-Fluorenone,C1=CC=C2C(=C1)C3=CC=CC=C3C2=O,,14,True,False
544-77-4,DTXSID0049317,1-iodohexadecane,CCCCCCCCCCCCCCCCI,,17,True,False
616-09-1,DTXSID3049334,"Propanoic acid,2-hydroxy-,propylester",CCCOC(=O)C(C)O,,9,True,False
693-58-3,DTXSID7049348,Nonylbromide,CCCCCCCCCBr,,10,True,False
85100-77-2,DTXSID5049362,1-Butyl-3-methylimidazolium bromide,CCCCN1CN(C=C1)C.Br,,11,True,False
99-61-6,DTXSID8049383,3-Nitrobenzaldehyde,C1=CC(=CC(=C1)[N+](=O)[O-])C=O,,11,True,False
100-11-8,DTXSID7049392,4-Nitrobenzylbromide,C1=CC(=CC=C1CBr)[N+](=O)[O-],,11,True,False
130-61-0,DTXSID9049401,Thioridazine hydrochloride,CN1CCCCC1CCN2C3=CC=CC=C3SC4=C2C=C(C=C4)SC.Cl,,26,True,False
253-52-1,DTXSID9049407,Phthalazine,C1=CC=C2C=NN=CC2=C1,,10,True,False
55-48-1,DTXSID3049419,Atropine sulfate anhydrous (2:1) salt,CN1C2CCC1CC(C2)OC(=O)C(CO)C3=CC=CC=C3.CN1C2CCC1CC(C2)OC(=O)C(CO)C3=CC=CC=C3.OS(=O)(=O)O,,47,True,False
82-86-0,DTXSID7049429,Acenaphthenequinone,C1=CC2=C3C(=C1)C(=O)C(=O)C3=CC=C2,,14,True,False
92-43-3,DTXSID1049433,"3-Pyrazolidinone,1-phenyl-",C1CN(NC1=O)C2=CC=CC=C2,,12,True,False
13598-36-2,DTXSID2049715,Phosphonic acid,O[P+](=O)O,,4,True,False
7440-09-7,DTXSID9049748,Potassium,[K],,1,True,False
12136-45-7,DTXSID3049754,Potassium oxide,[O-2].[K+].[K+],,3,True,False
1333-73-9,DTXSID1049776,Sodium borate,B([O-])([O-])[O-].[Na+].[Na+].[Na+],,7,True,False
3486-35-9,DTXSID5049817,Zinc carbonate,C(=O)([O-])[O-].[Zn+2],,5,True,False
7699-43-6,DTXSID9049823,Zirconium oxychloride,O.[Cl-].[Cl-].[Zr+2],,4,True,False
615-59-8,DTXSID1050389,"2,5-Dibromotoluene",CC1=C(C=CC(=C1)Br)Br,,9,True,False
12125-01-8,DTXSID6050463,Ammonium fluoride,N.F,,2,True,False
7727-43-7,DTXSID0050471,Barium sulfate,[O-]S(=O)(=O)[O-].[Ba+2],,6,True,False
7789-75-5,DTXSID4050487,Calcium fluoride,[F-].[F-].[Ca+2],,3,True,False
7784-25-0,DTXSID7051428,Ammonium aluminum sulfate,N.OS(=O)(=O)[O-].[O-]S(=O)(=O)[O-].[Al+3],,12,True,False
123-93-3,DTXSID1051432,Thiodiglycolic acid,C(C(=O)O)SCC(=O)O,,9,True,False
540-54-5,DTXSID3051462,1-Chloropropane,CCCCl,,4,True,False
110-81-6,DTXSID3051464,Diethyl disulphide,CCSSCC,,6,True,False
104-74-5,DTXSID7051476,1-Dodecylpyridinium chloride,CCCCCCCCCCCC[N+]1=CC=CC=C1.[Cl-],,19,True,False
10099-58-8,DTXSID2051502,Lanthanum chloride,[Cl-].[Cl-].[Cl-].[La+3],,4,True,False
106-41-2,DTXSID3051543,4-Bromophenol,C1=CC(=CC=C1O)Br,,8,True,False
107-91-5,DTXSID2051552,2-Cyanoacetamide,C(C#N)C(=O)N,,6,True,False
108-36-1,DTXSID7051555,"1,3-Dibromobenzene",C1=CC(=CC(=C1)Br)Br,,8,True,False
108-48-5,DTXSID7051557,"2,6-Dimethylpyridine",CC1=NC(=CC=C1)C,,8,True,False
108-75-8,DTXSID1051561,"2,4,6-Trimethylpyridine",CC1=CC(=NC(=C1)C)C,,9,True,False
108-84-9,DTXSID6051562,"1,3-Dimethylbutyl acetate",CC(C)CC(C)OC(=O)C,,10,True,False
110-75-8,DTXSID0051570,2-Chloroethyl vinyl ether,C=COCCCl,,6,True,False
111-31-9,DTXSID0051574,1-Hexanethiol,CCCCCCS,,7,True,False
112-29-8,DTXSID9051581,1-Bromodecane,CCCCCCCCCCBr,,11,True,False
116-37-0,DTXSID8051592,Bisphenol A bis(2-hydroxypropyl) ether,CC(COC1=CC=C(C=C1)C(C)(C)C2=CC=C(C=C2)OCC(C)O)O,,25,True,False
117-12-4,DTXSID8051594,"1,5-Dihydroxyanthraquinone",C1=CC2=C(C(=C1)O)C(=O)C3=C(C2=O)C(=CC=C3)O,,18,True,False
122-79-2,DTXSID3051626,Phenyl acetate,CC(=O)OC1=CC=CC=C1,,10,True,False
125-20-2,DTXSID2051633,Thymolphthalein,CC1=CC(=C(C=C1C2(C3=CC=CC=C3C(=O)O2)C4=CC(=C(C=C4C)O)C(C)C)C(C)C)O,,32,True,False
134-85-0,DTXSID2051687,4-Chlorobenzophenone,C1=CC=C(C=C1)C(=O)C2=CC=C(C=C2)Cl,,15,True,False
139-44-6,DTXSID3051701,"1,2,3-Propanetriyl tris(12-hydroxyoctadecanoate)",CCCCCCC(CCCCCCCCCCC(=O)OCC(COC(=O)CCCCCCCCCCC(CCCCCC)O)OC(=O)CCCCCCCCCCC(CCCCCC)O)O,,66,True,False
140-03-4,DTXSID8051706,"Methyl (9Z,12R)-12-(acetyloxy)octadec-9-enoate",CCCCCCC(CC=CCCCCCCCC(=O)OC)OC(=O)C,,25,True,False
144-74-1,DTXSID6051724,Sulfathiazole sodium,C1=CC(=CC=C1N)S(=O)(=O)[N-]C2=NC=CS2.[Na+],,17,True,False
151-13-3,DTXSID9051741,"Butyl (9Z,12R)-12-hydroxyoctadec-9-enoate",CCCCCCC(CC=CCCCCCCCC(=O)OCCCC)O,,25,True,False
15323-35-0,DTXSID9051743,"1-(1,1,2,3,3,6-Hexamethyl-2,3-dihydro-1H-inden-5-yl)ethanone",CC1C(C2=C(C1(C)C)C=C(C(=C2)C)C(=O)C)(C)C,,18,True,False
1678-91-7,DTXSID1051779,Ethylcyclohexane,CCC1CCCCC1,,8,True,False
1770-80-5,DTXSID1051802,Dibutyl chlorendate,CCCCOC(=O)C1C(C2(C(=C(C1(C2(Cl)Cl)Cl)Cl)Cl)Cl)C(=O)OCCCC,,27,True,False
2426-54-2,DTXSID4051900,2-(Diethylamino)ethyl acrylate,CCN(CC)CCOC(=O)C=C,,12,True,False
2498-66-0,DTXSID8051916,"7,12-Benz(a)anthraquinone",C1=CC=C2C(=C1)C=CC3=C2C(=O)C4=CC=CC=C4C3=O,,20,True,False
2866-43-5,DTXSID8051966,"2,2'-Thiophene-2,5-diylbis(benzoxazole)",C1=CC=C2C(=C1)N=C(O2)C3=CC=C(S3)C4=NC5=CC=CC=C5O4,,23,True,False
3056-93-7,DTXSID6051984,C.I. Basic Orange 21,CC1=NC2=CC=CC=C2C1=CC=C3C(C4=CC=CC=C4N3C)(C)C.Cl,,25,True,False
39001-02-0,DTXSID3052062,Octachlorodibenzofuran,C12=C(C(=C(C(=C1Cl)Cl)Cl)Cl)OC3=C2C(=C(C(=C3Cl)Cl)Cl)Cl,,21,True,False
39227-28-6,DTXSID8052067,"1,2,3,4,7,8-Hexachlorodibenzodioxin",C1=C2C(=CC(=C1Cl)Cl)OC3=C(O2)C(=C(C(=C3Cl)Cl)Cl)Cl,,20,True,False
487-68-3,DTXSID5052125,"2,4,6-Trimethylbenzaldehyde",CC1=CC(=C(C(=C1)C)C=O)C,,11,True,False
496-11-7,DTXSID4052132,Indan,C1CC2=CC=CC=C2C1,,9,True,False
51207-31-9,DTXSID3052147,"2,3,7,8-Tetrachlorodibenzofuran",C1=C2C3=CC(=C(C=C3OC2=CC(=C1Cl)Cl)Cl)Cl,,17,True,False
53306-54-0,DTXSID5052173,Bis(2-propylheptyl) phthalate,CCCCCC(CCC)COC(=O)C1=CC=CC=C1C(=O)OCC(CCC)CCCCC,,32,True,False
533-58-4,DTXSID5052175,2-Iodophenol,C1=CC=C(C(=C1)O)I,,8,True,False
5397-34-2,DTXSID9052183,"2,4'-Dihydroxydiphenyl sulfone",C1=CC=C(C(=C1)O)S(=O)(=O)C2=CC=C(C=C2)O,,17,True,False
540-38-5,DTXSID4052186,4-Iodophenol,C1=CC(=CC=C1O)I,,8,True,False
540-63-6,DTXSID9052187,"Ethane-1,2-dithiol",C(CS)S,,4,True,False
5407-87-4,DTXSID9052189,"2-Amino-4,6-dimethylpyridine",CC1=CC(=NC(=C1)N)C,,9,True,False
542-18-7,DTXSID3052193,Chlorocyclohexane,C1CCC(CC1)Cl,,7,True,False
54774-45-7,DTXSID5052208,(+)-cis-Permethrin,CC1(C(C1C(=O)OCC2=CC(=CC=C2)OC3=CC=CC=C3)C=C(Cl)Cl)C,,26,True,False
563-25-7,DTXSID8052223,Dibutyl(difluoro)stannane,CCC[CH2].CCC[CH2].[F-].[F-].[Sn+2],,11,True,False
583-60-8,DTXSID6052245,2-Methylcyclohexanone,CC1CCCCC1=O,,8,True,False
588-46-5,DTXSID6052249,N-Benzylacetamide,CC(=O)NCC1=CC=CC=C1,,11,True,False
594-27-4,DTXSID4052261,Tetramethyltin,C.C.C.C.[Sn],,5,True,False
60-01-5,DTXSID4052267,Glycerol tributyrate,CCCC(=O)OCC(COC(=O)CCC)OC(=O)CCC,,21,True,False
615-58-7,DTXSID1052290,"2,4-Dibromophenol",C1=CC(=C(C=C1Br)Br)O,,9,True,False
617-89-0,DTXSID6052295,Furfurylamine,C1=COC(=C1)CN,,7,True,False
622-45-7,DTXSID6052299,Cyclohexyl acetate,CC(=O)OC1CCCCC1,,10,True,False
626-39-1,DTXSID3052307,"1,3,5-Tribromobenzene",C1=C(C=C(C=C1Br)Br)Br,,9,True,False
68140-48-7,DTXSID9052393,"1-[2,3-Dihydro-1,1,2,6-tetramethyl-3-(1-methylethyl)-1H-inden-5-yl]ethan-1-one",CC1C(C2=C(C1(C)C)C=C(C(=C2)C(=O)C)C)C(C)C,,19,True,False
7005-72-3,DTXSID2052447,1-Chloro-4-phenoxybenzene,C1=CC=C(C=C1)OC2=CC=C(C=C2)Cl,,14,True,False
716-79-0,DTXSID5052460,2-Phenylbenzimidazole,C1=CC=C(C=C1)C2=NC3=CC=CC=C3N2,,15,True,False
72903-27-6,DTXSID0052469,"Diethyl 1,4-cyclohexanedicarboxylate",CCOC(=O)C1CCC(CC1)C(=O)OCC,,16,True,False
73-40-5,DTXSID9052476,Guanine,C1=NC2=C(N1)C(=O)NC(=N2)N,,11,True,False
7446-07-3,DTXSID8052487,Tellurium dioxide,O=[Te]=O,,3,True,False
767-00-0,DTXSID9052509,4-Hydroxybenzonitrile,C1=CC(=CC=C1C#N)O,,9,True,False
767-15-7,DTXSID8052510,"2-Amino-4,6-dihydroxypyrimidine",CC1=CC(=NC(=N1)N)C,,9,True,False
7699-45-8,DTXSID8052512,Zinc bromide,[Zn+2].[Br-].[Br-],,3,True,False
7803-55-6,DTXSID1052533,Ammonium trioxovanadate,[NH4+].O.O.O.[V],,5,True,False
78-62-6,DTXSID6052538,Diethoxy(dimethyl)silane,CCO[Si](C)(C)OCC,,9,True,False
78-77-3,DTXSID1052539,1-Bromo-2-methylpropane,CC(C)CBr,,5,True,False
80-18-2,DTXSID5052549,Methyl benzenesulphonate,COS(=O)(=O)C1=CC=CC=C1,,11,True,False
81-61-8,DTXSID4052558,Quinalizarin,C1=CC(=C(C2=C1C(=O)C3=C(C=CC(=C3C2=O)O)O)O)O,,20,True,False
82-05-3,DTXSID8052566,Benz[de]anthracen-7-one,C1=CC=C2C(=C1)C3=CC=CC4=C3C(=CC=C4)C2=O,,18,True,False
82-44-0,DTXSID7052571,1-Chloroanthraquinone,C1=CC=C2C(=C1)C(=O)C3=C(C2=O)C(=CC=C3)Cl,,17,True,False
83-56-7,DTXSID2052574,"1,5-Dihydroxynaphthalene",C1=CC2=C(C=CC=C2O)C(=C1)O,,12,True,False
86-98-6,DTXSID0052590,"4,7-Dichloroquinoline",C1=CC2=C(C=CN=C2C=C1Cl)Cl,,12,True,False
87-13-8,DTXSID5052591,Diethyl ethoxymethylenemalonate,CCOC=C(C(=O)OCC)C(=O)OCC,,15,True,False
87-91-2,DTXSID5052597,Diethyl L-tartrate,CCOC(=O)C(C(C(=O)OCC)O)O,,14,True,False
89-61-2,DTXSID7052602,"1,4-Dichloro-2-nitrobenzene",C1=CC(=C(C=C1Cl)[N+](=O)[O-])Cl,,11,True,False
92-77-3,DTXSID1052618,3-Hydroxy-2-naphthanilide,C1=CC=C(C=C1)NC(=O)C2=CC3=CC=CC=C3C=C2O,,20,True,False
93-02-7,DTXSID5052620,"2,5-Dimethoxybenzaldehyde",COC1=CC(=C(C=C1)OC)C=O,,12,True,False
93-35-6,DTXSID5052626,Umbelliferone,C1=CC(=CC2=C1C=CC(=O)O2)O,,12,True,False
94-67-7,DTXSID9052638,Salicylaldehyde oxime,C1=CC=C(C(=C1)C=NO)O,,10,True,False
95-56-7,DTXSID8052641,2-Bromophenol,C1=CC=C(C(=C1)O)Br,,8,True,False
95-88-5,DTXSID8052643,4-Chlororesorcinol,C1=CC(=C(C=C1O)O)Cl,,9,True,False
98-17-9,DTXSID7052658,3-(Trifluoromethyl)phenol,C1=CC(=CC(=C1)O)C(F)(F)F,,11,True,True
99-91-2,DTXSID1052668,1-(4-Chlorophenyl)ethanone,CC(=O)C1=CC=C(C=C1)Cl,,10,True,False
99-92-3,DTXSID6052669,4-Aminoacetophenone,CC(=O)C1=CC=C(C=C1)N,,10,True,False
78-32-0,DTXSID5052676,Tris(4-methylphenyl) phosphate,CC1=CC=C(C=C1)OP(=O)(OC2=CC=C(C=C2)C)OC3=CC=C(C=C3)C,,26,True,False
1576-67-6,DTXSID9052682,"3,6-Dimethylphenanthrene",CC1=CC2=C(C=C1)C=CC3=C2C=C(C=C3)C,,16,True,False
1689-64-1,DTXSID4052683,Fluoren-9-ol,C1=CC=C2C(=C1)C(C3=CC=CC=C32)O,,14,True,False
189084-64-8,DTXSID4052689,"2,2',4,4',6-Pentabromodiphenyl ether",C1=CC(=C(C=C1Br)Br)OC2=C(C=C(C=C2Br)Br)Br,,18,True,False
2122-19-2,DTXSID3052694,4-Methyl-2-imidazolidinethione,CC1CNC(=S)N1,,7,True,False
2306-33-4,DTXSID3052696,Monoethyl phthalate,CCOC(=O)C1=CC=CC=C1C(=O)O,,14,True,False
2528-38-3,DTXSID3052698,Tripentyl phosphate,CCCCCOP(=O)(OCCCCC)OCCCCC,,20,True,False
2623-87-2,DTXSID8052699,4-Bromobutyric acid,C(CC(=O)O)CBr,,7,True,False
3369-52-6,DTXSID0052704,Endosulfan ether,C1C2C(CO1)C3(C(=C(C2(C3(Cl)Cl)Cl)Cl)Cl)Cl,,16,True,False
3868-61-9,DTXSID5052707,Endosulfan lactone,C1C2C(C(=O)O1)C3(C(=C(C2(C3(Cl)Cl)Cl)Cl)Cl)Cl,,17,True,False
39765-80-5,DTXSID5052709,trans-Nonachlor,C12C(C(C(C1Cl)Cl)Cl)C3(C(=C(C2(C3(Cl)Cl)Cl)Cl)Cl)Cl,,19,True,False
41318-75-6,DTXSID4052710,"2,4,4'-Tribromodiphenyl ether (BDE 28)",C1=CC(=CC=C1OC2=C(C=C(C=C2)Br)Br)Br,,16,True,False
513-08-6,DTXSID4052712,Tripropyl phosphate,CCCOP(=O)(OCCC)OCCC,,14,True,False
545-55-1,DTXSID4052716,Tri(aziridin-1-yl)phosphine oxide,C1CN1P(=O)(N2CC2)N3CC3,,11,True,False
6174-86-3,DTXSID8052724,3-Chloro-7-hydroxy-4-methyl-2-benzopyrone,CC1=C(C(=O)OC2=C1C=CC(=C2)O)Cl,,14,True,False
93-52-7,DTXSID7052735,"1,2-dibromo(phenyl)ethane",C1=CC=C(C=C1)C(CBr)Br,,10,True,False
95-15-8,DTXSID2052736,Benzothiophene,C1=CC=C2C(=C1)C=CS2,,9,True,False
12071-83-9,DTXSID1052741,Propineb,CC(CN=C([S-])[S-])NC(=S)S.[Zn+2],,12,True,False
135-01-3,DTXSID6052742,o-Diethylbenzene,CCC1=CC=CC=C1CC,,10,True,False
51596-11-3,DTXSID4052760,Milbemectin A4,CCC1C(CCC2(O1)CC3CC(O2)CC=C(CC(C=CC=C4COC5C4(C(C=C(C5O)C)C(=O)O3)O)C)C)C,,39,True,False
290-87-9,DTXSID7052785,"1,3,5-Triazine",C1=NC=NC=N1,,6,True,False
72-17-3,DTXSID6052829,Sodium DL-lactate,CC(C(=O)[O-])O.[Na+],,7,True,False
87-72-9,DTXSID5052836,L-Arabinopyranose,C1C(C(C(C(O1)O)O)O)O,,10,True,False
108-41-8,DTXSID4052841,m-Chlorotoluene,CC1=CC(=CC=C1)Cl,,8,True,False
2465-65-8,DTXSID9052844,"O,O-Diethyl phosphorothionate",CCOP(=S)(O)OCC,,9,True,False
13150-00-0,DTXSID3052852,Sodium lauryltrioxyethylene sulfate,CCCCCCCCCCCCOCCOCCOCCOS(=O)(=O)[O-].[Na+],,27,True,False
15545-48-9,DTXSID8052853,Chlorotoluron,CC1=C(C=C(C=C1)NC(=O)N(C)C)Cl,,14,True,False
187166-40-1,DTXSID3052854,Spinetoram J,CCC1CCCC(C(C(=O)C2=CC3C(C2CC(=O)O1)CCC4C3CC(C4)OC5C(C(C(C(O5)C)OC)OCC)OC)C)OC6CCC(C(O6)C)N(C)C,,53,True,False
7705-07-9,DTXSID1052870,Titanium(III) chloride,[Cl-].[Cl-].[Cl-].[Ti+3],,4,True,False
101205-02-1,DTXSID0057918,Cycloxydim,CCCC(=NOCC)C1=C(CC(CC1=O)C2CCCSC2)O,,22,True,False
1129-41-5,DTXSID8057938,Metolcarb,CC1=CC(=CC=C1)OC(=O)NC,,12,True,False
113158-40-0,DTXSID2057940,Fenoxaprop-P,CC(C(=O)O)OC1=CC=C(C=C1)OC2=NC3=C(O2)C=C(C=C3)Cl,,23,True,False
122548-33-8,DTXSID2057946,Imazosulfuron,COC1=CC(=NC(=N1)NC(=O)NS(=O)(=O)C2=C(N=C3N2C=CC=C3)Cl)OC,,27,True,False
126801-58-9,DTXSID1057951,Ethoxysulfuron,CCOC1=CC=CC=C1OS(=O)(=O)NC(=O)NC2=NC(=CC(=N2)OC)OC,,27,True,False
129558-76-5,DTXSID6057952,Tolfenpyrad,CCC1=NN(C(=C1Cl)C(=O)NCC2=CC=C(C=C2)OC3=CC=C(C=C3)C)C,,27,True,False
131475-57-5,DTXSID6057956,Triaziflam,CC1=CC(=CC(=C1)OCC(C)NC2=NC(=NC(=N2)N)C(C)(C)F)C,,24,True,False
136849-15-5,DTXSID0057966,Cyclosulfamuron,COC1=CC(=NC(=N1)NC(=O)NS(=O)(=O)NC2=CC=CC=C2C(=O)C3CC3)OC,,29,True,False
14088-71-2,DTXSID4057972,Proclonol,C1CC1C(C2=CC=C(C=C2)Cl)(C3=CC=C(C=C3)Cl)O,,19,True,False
1468-37-7,DTXSID4057978,Dimexano,COC(=S)SSC(=S)OC,,10,True,False
14816-20-7,DTXSID9057979,Chlorphoxim,CCOP(=S)(OCC)ON=C(C#N)C1=CC=CC=C1Cl,,20,True,False
149961-52-4,DTXSID3057981,Dimoxystrobin,CC1=CC(=C(C=C1)C)OCC2=CC=CC=C2C(=NOC)C(=O)NC,,24,True,False
17606-31-4,DTXSID6058001,Bensultap,CN(C)C(CSS(=O)(=O)C1=CC=CC=C1)CSS(=O)(=O)C2=CC=CC=C2,,26,True,False
183675-82-3,DTXSID6058005,Penthiopyrad,CC(C)CC(C)C1=C(C=CS1)NC(=O)C2=CN(N=C2C(F)(F)F)C,,24,True,True
220899-03-6,DTXSID9058020,Metrafenone,CC1=CC(=C(C(=C1C(=O)C2=C(C=CC(=C2C)Br)OC)OC)OC)OC,,25,True,False
24151-93-7,DTXSID8058031,Piperophos,CCCOP(=S)(OCCC)SCC(=O)N1CCCCC1C,,21,True,False
2425-10-7,DTXSID3058032,Xylylcarb,CC1=C(C=C(C=C1)OC(=O)NC)C,,13,True,False
256412-89-2,DTXSID3058038,Metamifop,CC(C(=O)N(C)C1=CC=CC=C1F)OC2=CC=C(C=C2)OC3=NC4=C(O3)C=C(C=C4)Cl,,31,True,False
26087-47-8,DTXSID7058040,Iprobenfos,CC(C)OP(=O)(OC(C)C)SCC1=CC=CC=C1,,18,True,False
2655-14-3,DTXSID7058042,XMC,CC1=CC(=CC(=C1)OC(=O)NC)C,,13,True,False
27355-22-2,DTXSID2058045,Fthalide,C1C2=C(C(=C(C(=C2Cl)Cl)Cl)Cl)C(=O)O1,,14,True,False
27541-88-4,DTXSID2058047,Quinonamid,C1=CC=C2C(=C1)C(=O)C(=C(C2=O)Cl)NC(=O)C(Cl)Cl,,19,True,False
299-85-4,DTXSID1058052,Zytron,CC(C)NP(=S)(OC)OC1=C(C=C(C=C1)Cl)Cl,,17,True,False
32861-85-1,DTXSID6058055,Chlomethoxyfen,COC1=C(C=CC(=C1)OC2=C(C=C(C=C2)Cl)Cl)[N+](=O)[O-],,20,True,False
33399-00-7,DTXSID1058056,Bromfenvinphos,CCOP(=O)(OCC)OC(=CBr)C1=C(C=C(C=C1)Cl)Cl,,20,True,False
35597-43-4,DTXSID5058066,Bilanafos,CC(C(=O)NC(C)C(=O)O)NC(=O)C(CCP(=O)(C)O)N,,21,True,False
36335-67-8,DTXSID5058068,Butamiphos,CCC(C)NP(=S)(OCC)OC1=C(C=CC(=C1)C)[N+](=O)[O-],,21,True,False
36614-38-7,DTXSID9058070,Isothioate,CC(C)SCCSP(=S)(OC)OC,,13,True,False
372137-35-4,DTXSID9058072,Saflufenacil,CC(C)N(C)S(=O)(=O)NC(=O)C1=CC(=C(C=C1Cl)F)N2C(=O)C=C(N(C2=O)C)C(F)(F)F,,32,True,True
374726-62-2,DTXSID4058075,Mandipropamid,COC1=C(C=CC(=C1)CCNC(=O)C(C2=CC=C(C=C2)Cl)OCC#C)OCC#C,,29,True,False
3761-41-9,DTXSID9058076,Mesulfenfos,CC1=C(C=CC(=C1)OP(=S)(OC)OC)S(=O)C,,17,True,False
3766-81-2,DTXSID4058077,Fenobucarb,CCC(C)C1=CC=CC=C1OC(=O)NC,,15,True,False
3772-94-9,DTXSID9058078,Pentachlorophenyl laurate,CCCCCCCCCCCC(=O)OC1=C(C(=C(C(=C1Cl)Cl)Cl)Cl)Cl,,25,True,False
39807-15-3,DTXSID8058085,Oxadiargyl,CC(C)(C)C1=NN(C(=O)O1)C2=CC(=C(C=C2Cl)Cl)OCC#C,,22,True,False
400852-66-6,DTXSID8058087,Mesosulfuron,COC1=CC(=NC(=N1)NC(=O)NS(=O)(=O)C2=C(C=CC(=C2)CNS(=O)(=O)C)C(=O)O)OC,,32,True,False
4301-50-2,DTXSID9058103,Fluenethyl,C1=CC=C(C=C1)C2=CC=C(C=C2)CC(=O)OCCF,,19,True,False
50512-35-1,DTXSID8058110,Isoprothiolane,CC(C)OC(=O)C(=C1SCCS1)C(=O)OC(C)C,,18,True,False
51218-49-6,DTXSID8058112,Pretilachlor,CCCOCCN(C1=C(C=CC=C1CC)CC)C(=O)CCl,,21,True,False
5221-49-8,DTXSID3058117,Pyrimitate,CCOP(=S)(OCC)OC1=NC(=NC(=C1)C)N(C)C,,19,True,False
57369-32-1,DTXSID6058132,Pyroquilon,C1CC(=O)N2CCC3=CC=CC1=C32,,13,True,False
5903-13-9,DTXSID1058139,MNAF,CN(C1=CC=CC2=CC=CC=C21)C(=O)CF,,16,True,False
64249-01-0,DTXSID5058149,Anilofos,CC(C)N(C1=CC=C(C=C1)Cl)C(=O)CSP(=S)(OC)OC,,21,True,False
658066-35-4,DTXSID9058151,Fluopyram,C1=CC=C(C(=C1)C(=O)NCCC2=C(C=C(C=N2)C(F)(F)F)Cl)C(F)(F)F,,26,True,True
67129-08-2,DTXSID4058156,Metazachlor,CC1=C(C(=CC=C1)C)N(CN2C=CC=N2)C(=O)CCl,,19,True,False
67306-00-7,DTXSID9058157,Fenpropidin,CC(CC1=CC=C(C=C1)C(C)(C)C)CN2CCCCC2,,20,True,False
71561-11-0,DTXSID3058167,Pyrazoxyfen,CC1=NN(C(=C1C(=O)C2=C(C=C(C=C2)Cl)Cl)OCC(=O)C3=CC=CC=C3)C,,27,True,False
7286-69-3,DTXSID7058171,Sebuthylazine,CCC(C)NC1=NC(=NC(=N1)NCC)Cl,,15,True,False
7292-16-2,DTXSID2058172,Propaphos,CCCOP(=O)(OCCC)OC1=CC=C(C=C1)SC,,19,True,False
73250-68-7,DTXSID7058173,Mefenacet,CN(C1=CC=CC=C1)C(=O)COC2=NC3=CC=CC=C3S2,,21,True,False
736994-63-1,DTXSID2058174,Cyantraniliprole,CC1=CC(=CC(=C1NC(=O)C2=CC(=NN2C3=C(C=CC=N3)Cl)Br)C(=O)NC)C#N,,29,True,False
74070-46-5,DTXSID7058175,Aclonifen,C1=CC=C(C=C1)OC2=C(C(=C(C=C2)[N+](=O)[O-])N)Cl,,18,True,False
83066-88-0,DTXSID0058194,Fluazifop-P,CC(C(=O)O)OC1=CC=C(C=C1)OC2=NC=C(C=C2)C(F)(F)F,,23,True,True
874967-67-6,DTXSID2058207,Sedaxane,CN1C=C(C(=N1)C(F)F)C(=O)NC2=CC=CC=C2C3CC3C4CC4,,24,True,False
907204-31-3,DTXSID6058215,Fluxapyroxad,CN1C=C(C(=N1)C(F)F)C(=O)NC2=CC=CC=C2C3=CC(=C(C(=C3)F)F)F,,27,True,False
950782-86-2,DTXSID0058223,Indaziflam,CC1CC2=C(C1NC3=NC(=NC(=N3)N)C(C)F)C=C(C=C2)C,,22,True,False
95617-09-7,DTXSID5058224,Fenoxaprop,CC(C(=O)O)OC1=CC=C(C=C1)OC2=NC3=C(O2)C=C(C=C3)Cl,,23,True,False
317815-83-1,DTXSID0058275,Thiencarbazone-methyl,CC1=C(C(=CS1)C(=O)OC)S(=O)(=O)NC(=O)N2C(=O)N(C(=N2)OC)C,,25,True,False
1432-14-0,DTXSID4058310,"MCPP, diethanoline salt",CC1=C(C=CC(=C1)Cl)OC(C)C(=O)O.C(CO)NCCO,,21,True,False
15263-52-2,DTXSID9058315,Cartap hydrochloride,CN(C)C(CSC(=O)N)CSC(=O)N.Cl,,15,True,False
2961-62-8,DTXSID0058354,Ioxynil sodium,C1=C(C=C(C(=C1I)[O-])I)C#N.[Na+],,12,True,False
2961-68-4,DTXSID5058355,Bromoxynil potassium salt (1:1),C1=C(C=C(C(=C1Br)O)Br)C#N.[K+],,12,True,False
3344-12-5,DTXSID9058363,Isomalathion (metabolite of malathion),CCOC(=O)CC(C(=O)OCC)SP(=O)(OC)SC,,19,True,False
3599-58-4,DTXSID9058367,"2,4-D, ethanolamine salt",C1=CC(=C(C=C1Cl)Cl)OCC(=O)O.C(CO)N,,17,True,False
52236-29-0,DTXSID1058395,Molinate sulfoxide,CCS(=O)C(=O)N1CCCCCC1,,13,True,False
66267-77-4,DTXSID3058450,B-Fenvalerate,CC(C)C(C1=CC=C(C=C1)Cl)C(=O)OC(C#N)C2=CC(=CC=C2)OC3=CC=CC=C3,,30,True,False
93697-74-6,DTXSID9058496,Pyrazosulfuron-ethyl,CCOC(=O)C1=C(N(N=C1)C)S(=O)(=O)NC(=O)NC2=NC(=CC(=N2)OC)OC,,28,True,False
104-35-8,DTXSID4058601,2-(4-Nonylphenoxy) ethanol,CCCCCCCCCC1=CC=C(C=C1)OCCO,,19,True,False
10187-52-7,DTXSID3058610,Monosodium dichlorophene,C1=CC(=C(C=C1Cl)CC2=C(C=CC(=C2)Cl)[O-])O.[Na+],,18,True,False
3055-95-6,DTXSID1058632,Pentaethylene glycol monododecyl ether,CCCCCCCCCCCCOCCOCCOCCOCCOCCO,,28,True,False
483-65-8,DTXSID7058701,Retene,CC1=C2C=CC3=C(C2=CC=C1)C=CC(=C3)C(C)C,,18,True,False
51-78-5,DTXSID6058760,4-Aminophenol hydrochloride,C1=CC(=CC=C1N)O.Cl,,9,True,False
55-81-2,DTXSID6058764,"Benzeneethanamine, 4-methoxy-",COC1=CC=C(C=C1)CCN,,11,True,False
59-31-4,DTXSID1058769,2(1H)-Quinolinone,C1=CC=C2C(=C1)C=CC(=O)N2,,11,True,False
65-22-5,DTXSID0058774,Pyridoxal hydrochloride,CC1=NC=C(C(=C1O)C=O)CO.Cl,,13,True,False
66-77-3,DTXSID5058775,1-Naphthaldehyde,C1=CC=C2C(=C1)C=CC=C2C=O,,12,True,False
67-92-5,DTXSID0058778,2-Diethylaminoethyl bicyclohexyl-1-carboxylate hydrochloride,CCN(CC)CCOC(=O)C1(CCCCC1)C2CCCCC2.Cl,,23,True,False
71-44-3,DTXSID9058781,"1,4-Butanediamine, N,N'-bis(3-aminopropyl)-",C(CCNCCCN)CNCCCN,,14,True,False
73-78-9,DTXSID4058782,"Acetamide, 2-(diethylamino)-N-(2,6-dimethylphenyl)-, monohydrochloride",CCN(CC)CC(=O)NC1=C(C=CC=C1C)C.Cl,,18,True,False
76-24-4,DTXSID3058795,"[5,5'-Bipyrimidine]-2,2',4,4',6,6'(1H,1'H,3H,3'H,5H,5'H)-hexone, 5,5'-dihydroxy-",C1(=O)C(C(=O)NC(=O)N1)(C2(C(=O)NC(=O)NC2=O)O)O,,20,True,False
76-59-5,DTXSID3058799,Bromothymol blue,CC1=C(C=C(C(=C1Br)O)C(C)C)C2(C3=CC=CC=C3S(=O)(=O)O2)C4=C(C(=C(C(=C4)C(C)C)O)Br)C,,35,True,False
76-93-7,DTXSID0058805,Benzilic acid,C1=CC=C(C=C1)C(C2=CC=CC=C2)(C(=O)O)O,,17,True,False
78-99-9,DTXSID9058818,"1,1-Dichloropropane",CCC(Cl)Cl,,5,True,False
80-11-5,DTXSID8058827,"Benzenesulfonamide, N,4-dimethyl-N-nitroso-",CC1=CC=C(C=C1)S(=O)(=O)N(C)N=O,,14,True,True
80-42-2,DTXSID7058834,"Benzenesulfonic acid, propyl ester",CCCOS(=O)(=O)C1=CC=CC=C1,,13,True,False
81-50-5,DTXSID1058848,"9,10-Anthracenedione, 1-amino-4-bromo-2-methyl-",CC1=CC(=C2C(=C1N)C(=O)C3=CC=CC=C3C2=O)Br,,19,True,False
82-43-9,DTXSID8058873,"1,8-Dichloroanthraquinone",C1=CC2=C(C(=C1)Cl)C(=O)C3=C(C2=O)C=CC=C3Cl,,18,True,False
82-46-2,DTXSID3058874,"9,10-Anthracenedione, 1,5-dichloro-",C1=CC2=C(C(=C1)Cl)C(=O)C3=C(C2=O)C(=CC=C3)Cl,,18,True,False
82-71-3,DTXSID7058880,"1,3-Benzenediol, 2,4,6-trinitro-",C1=C(C(=C(C(=C1[N+](=O)[O-])O)[N+](=O)[O-])O)[N+](=O)[O-],,17,True,False
83-30-7,DTXSID1058890,"Benzoic acid, 2,4,6-trihydroxy-",C1=C(C=C(C(=C1O)C(=O)O)O)O,,12,True,False
83-64-7,DTXSID1058896,"1-Naphthalenesulfonic acid, 4-amino-5-hydroxy-",C1=CC2=C(C=CC(=C2C(=C1)O)N)S(=O)(=O)O,,16,True,False
84-11-7,DTXSID3058901,"9,10-Phenanthrenedione",C1=CC=C2C(=C1)C3=CC=CC=C3C(=O)C2=O,,16,True,False
85-29-0,DTXSID6058920,"Methanone, (2-chlorophenyl)(4-chlorophenyl)-",C1=CC=C(C(=C1)C(=O)C2=CC=C(C=C2)Cl)Cl,,16,True,False
85-84-7,DTXSID0058932,1-(Phenylazo)-2-naphthylamine,C1=CC=C(C=C1)N=NC2=C(C=CC3=CC=CC=C32)N,,19,True,False
85-85-8,DTXSID5058933,"2-Naphthalenol, 1-(2-pyridinylazo)-",C1=CC=C2C(=C1)C=CC(=C2N=NC3=CC=CC=N3)O,,19,True,False
86-53-3,DTXSID4058940,1-Naphthalenecarbonitrile,C1=CC=C2C(=C1)C=CC=C2C#N,,12,True,False
87-52-5,DTXSID3058955,"1H-Indole-3-methanamine, N,N-dimethyl-",CN(C)CC1=CNC2=CC=CC=C21,,13,True,False
87-63-8,DTXSID8058956,6-Chloro-2-methylaniline,CC1=C(C(=CC=C1)Cl)N,,9,True,False
87-88-7,DTXSID3058959,"2,5-Cyclohexadiene-1,4-dione, 2,5-dichloro-3,6-dihydroxy-",C1(=C(C(=O)C(=C(C1=O)Cl)O)Cl)O,,12,True,False
88-45-9,DTXSID7058969,"Benzenesulfonic acid, 2,5-diamino-",C1=CC(=C(C=C1N)S(=O)(=O)O)N,,12,True,False
88-87-9,DTXSID6058978,"Phenol, 4-chloro-2,6-dinitro-",C1=C(C=C(C(=C1[N+](=O)[O-])O)[N+](=O)[O-])Cl,,14,True,False
89-41-8,DTXSID0058988,"Benzoic acid, 4-methoxy-3-nitro-",COC1=C(C=C(C=C1)C(=O)O)[N+](=O)[O-],,14,True,False
89-52-1,DTXSID9058991,"Benzoic acid, 2-(acetylamino)-",CC(=O)NC1=CC=CC=C1C(=O)O,,13,True,False
89-59-8,DTXSID4058994,"Benzene, 4-chloro-1-methyl-2-nitro-",CC1=C(C=C(C=C1)Cl)[N+](=O)[O-],,11,True,False
89-60-1,DTXSID9058995,"Benzene, 1-chloro-4-methyl-2-nitro-",CC1=CC(=C(C=C1)Cl)[N+](=O)[O-],,11,True,False
89-64-5,DTXSID4058996,4-Chloro-2-nitrophenol,C1=CC(=C(C=C1Cl)[N+](=O)[O-])O,,11,True,False
91-13-4,DTXSID2059019,"Benzene, 1,2-bis(bromomethyl)-",C1=CC=C(C(=C1)CBr)CBr,,10,True,False
91-40-7,DTXSID6059025,N-Phenylanthranilic acid,C1=CC=C(C=C1)NC2=CC=CC=C2C(=O)O,,16,True,False
91-52-1,DTXSID1059026,"Benzoic acid, 2,4-dimethoxy-",COC1=CC(=C(C=C1)C(=O)O)OC,,13,True,False
92-24-0,DTXSID4059045,Naphthacene,C1=CC=C2C=C3C=C4C=CC=CC4=CC3=CC2=C1,,18,True,False
92-32-0,DTXSID8059051,Pyronine Y,CN(C)C1=CC2=C(C=C1)C=C3C=CC(=[N+](C)C)C=C3O2.[Cl-],,21,True,False
92-82-0,DTXSID2059069,Phenazine,C1=CC=C2C(=C1)N=C3C=CC=CC3=N2,,14,True,False
92-83-1,DTXSID1059070,9H-Xanthene,C1C2=CC=CC=C2OC3=CC=CC=C31,,14,True,False
93-03-8,DTXSID1059076,"Benzenemethanol, 3,4-dimethoxy-",COC1=C(C=C(C=C1)CO)OC,,12,True,False
93-07-2,DTXSID6059077,"Benzoic acid, 3,4-dimethoxy-",COC1=C(C=C(C=C1)C(=O)O)OC,,13,True,False
93-98-1,DTXSID9059096,Benzanilide,C1=CC=C(C=C1)C(=O)NC2=CC=CC=C2,,15,True,False
95-03-4,DTXSID0059116,"Benzenamine, 5-chloro-2-methoxy-",COC1=C(C=C(C=C1)Cl)N,,10,True,False
95-72-7,DTXSID9059125,"Benzene, 2-chloro-1,4-dimethyl-",CC1=CC(=C(C=C1)C)Cl,,9,True,False
95-99-8,DTXSID4059126,"Glycine, N,N'-(1,2-dithioxo-1,2-ethanediyl)bis-",C(C(=O)O)NC(=S)C(=S)NCC(=O)O,,14,True,False
96-99-1,DTXSID7059143,"Benzoic acid, 4-chloro-3-nitro-",C1=CC(=C(C=C1C(=O)O)[N+](=O)[O-])Cl,,13,True,False
97-50-7,DTXSID1059153,"5-Chloro-2,4-dimethoxyaniline",COC1=CC(=C(C=C1N)Cl)OC,,12,True,False
98-05-5,DTXSID6059158,Benzenearsonic acid,C1=CC=C(C=C1)[As](=O)(O)O,,10,True,False
98-28-2,DTXSID0059164,"Phenol, 2-chloro-4-(1,1-dimethylethyl)-",CC(C)(C)C1=CC(=C(C=C1)O)Cl,,12,True,False
98-33-9,DTXSID5059167,"Benzenesulfonic acid, 4-amino-3-methyl-",CC1=C(C=CC(=C1)S(=O)(=O)O)N,,12,True,False
99-05-8,DTXSID3059183,"Benzoic acid, 3-amino-",C1=CC(=CC(=C1)N)C(=O)O,,10,True,False
99-10-5,DTXSID8059184,"Benzoic acid, 3,5-dihydroxy-",C1=C(C=C(C=C1O)O)C(=O)O,,11,True,False
99-11-6,DTXSID3059185,Citrazinic acid,C1=C(C=C(NC1=O)O)C(=O)O,,11,True,False
99-28-5,DTXSID7059191,"2,6-Dibromo-4-nitrophenol",C1=C(C=C(C(=C1Br)O)Br)[N+](=O)[O-],,12,True,False
99-34-3,DTXSID7059195,"3,5-Dinitrobenzoic acid",C1=C(C=C(C=C1[N+](=O)[O-])[N+](=O)[O-])C(=O)O,,15,True,False
99-60-5,DTXSID2059198,"Benzoic acid, 2-chloro-4-nitro-",C1=CC(=C(C=C1[N+](=O)[O-])Cl)C(=O)O,,13,True,False
99-73-0,DTXSID4059201,"Ethanone, 2-bromo-1-(4-bromophenyl)-",C1=CC(=CC=C1C(=O)CBr)Br,,11,True,False
99-81-0,DTXSID9059202,2-Bromo-4'-nitroacetophenone,C1=CC(=CC=C1C(=O)CBr)[N+](=O)[O-],,13,True,False
99-90-1,DTXSID4059203,"Ethanone, 1-(4-bromophenyl)-",CC(=O)C1=CC=C(C=C1)Br,,10,True,False
100-09-4,DTXSID4059205,"Benzoic acid, 4-methoxy-",COC1=CC=C(C=C1)C(=O)O,,11,True,False
100-16-3,DTXSID4059207,"Hydrazine, (4-nitrophenyl)-",C1=CC(=CC=C1NN)[N+](=O)[O-],,11,True,False
100-17-4,DTXSID9059208,p-Nitroanisole,COC1=CC=C(C=C1)[N+](=O)[O-],,11,True,False
100-57-2,DTXSID8059213,Phenylmercuric hydroxide,C1=CC=[C]C=C1.[OH-].[Hg+],,8,True,False
100-68-5,DTXSID8059217,"Benzene, (methylthio)-",CSC1=CC=CC=C1,,8,True,False
100-83-4,DTXSID7059220,"Benzaldehyde, 3-hydroxy-",C1=CC(=CC(=C1)O)C=O,,9,True,False
102-56-7,DTXSID4059257,"Benzenamine, 2,5-dimethoxy-",COC1=CC(=C(C=C1)OC)N,,11,True,False
102-97-6,DTXSID8059265,"Benzenemethanamine, N-(1-methylethyl)-",CC(C)NCC1=CC=CC=C1,,11,True,False
103-98-0,DTXSID1059286,"Dodecanamide, N-(4-hydroxyphenyl)-",CCCCCCCCCCCC(=O)NC1=CC=C(C=C1)O,,21,True,False
103-99-1,DTXSID6059287,N-(4-Hydroxyphenyl)stearamide,CCCCCCCCCCCCCCCCCC(=O)NC1=CC=C(C=C1)O,,27,True,False
104-03-0,DTXSID6059289,4-Nitrophenylacetic acid,C1=CC(=CC=C1CC(=O)O)[N+](=O)[O-],,13,True,False
104-04-1,DTXSID5059290,"Acetamide, N-(4-nitrophenyl)-",CC(=O)NC1=CC=C(C=C1)[N+](=O)[O-],,13,True,False
106-34-3,DTXSID9059337,Quinhydrone,C1=CC(=O)C=CC1=O.C1=CC(=CC=C1O)O,,16,True,False
106-39-8,DTXSID4059338,p-Bromoclorobenzene,C1=CC(=CC=C1Cl)Br,,8,True,False
106-54-7,DTXSID3059341,"Benzenethiol, 4-chloro-",C1=CC(=CC=C1S)Cl,,8,True,False
106-57-0,DTXSID8059342,"2,5-Piperazinedione",C1C(=O)NCC(=O)N1,,8,True,False
107-59-5,DTXSID7059351,"Acetic acid, chloro-, 1,1-dimethylethyl ester",CC(C)(C)OC(=O)CCl,,9,True,False
107-82-4,DTXSID7059353,"Butane, 1-bromo-3-methyl-",CC(C)CCBr,,6,True,False
107-85-7,DTXSID7059355,"1-Butanamine, 3-methyl-",CC(C)CCN,,6,True,False
108-40-7,DTXSID1059361,"Benzenethiol, 3-methyl-",CC1=CC(=CC=C1)S,,8,True,False
108-72-5,DTXSID6059362,"1,3,5-Benzenetriamine",C1=C(C=C(C=C1N)N)N,,9,True,False
109-68-2,DTXSID5059375,2-Pentene,CCC=CC,,5,True,False
110-47-4,DTXSID4059388,"Propanenitrile, 3-(1-methylethoxy)-",CC(C)OCCC#N,,8,True,False
110-77-0,DTXSID3059393,"Ethanol, 2-(ethylthio)-",CCSCCO,,6,True,False
112-13-0,DTXSID4059413,Decanoyl chloride,CCCCCCCCCC(=O)Cl,,12,True,False
116-54-1,DTXSID2059433,"Acetic acid, 2,2-dichloro-, methyl ester",COC(=O)C(Cl)Cl,,7,True,False
117-34-0,DTXSID0059453,"Benzeneacetic acid, .alpha.-phenyl-",C1=CC=C(C=C1)C(C2=CC=CC=C2)C(=O)O,,16,True,False
118-41-2,DTXSID3059472,"Benzoic acid, 3,4,5-trimethoxy-",COC1=CC(=CC(=C1OC)OC)C(=O)O,,15,True,False
118-44-5,DTXSID8059473,"1-Naphthalenamine, N-ethyl-",CCNC1=CC=CC2=CC=CC=C21,,13,True,False
119-26-6,DTXSID2059485,"2,4-Dinitrophenylhydrazine",C1=CC(=C(C=C1[N+](=O)[O-])[N+](=O)[O-])NN,,14,True,False
119-67-5,DTXSID1059490,"Benzoic acid, 2-formyl-",C1=CC=C(C(=C1)C=O)C(=O)O,,11,True,False
119-80-2,DTXSID1059498,"Benzoic acid, 2,2'-dithiobis-",C1=CC=C(C(=C1)C(=O)O)SSC2=CC=CC=C2C(=O)O,,20,True,False
120-25-2,DTXSID3059509,"Benzaldehyde, 4-ethoxy-3-methoxy-",CCOC1=C(C=C(C=C1)C=O)OC,,13,True,False
120-86-5,DTXSID7059515,"Ethanedithioamide, N,N'-bis(2-hydroxyethyl)-",C(CO)NC(=S)C(=S)NCCO,,12,True,False
120-89-8,DTXSID2059516,Imidazolidinetrione,C1(=O)C(=O)NC(=O)N1,,8,True,False
121-05-1,DTXSID2059518,"1,2-Ethanediamine, N,N-bis(1-methylethyl)-",CC(C)N(CCN)C(C)C,,10,True,False
121-46-0,DTXSID1059523,"2,5-Norbornadiene",C1C2C=CC1C=C2,,7,True,False
121-53-9,DTXSID6059528,3-Sulfobenzoic acid,C1=CC(=CC(=C1)S(=O)(=O)O)C(=O)O,,13,True,False
121-58-4,DTXSID1059529,"Benzenesulfonic acid, 4-(dimethylamino)-",CN(C)C1=CC=C(C=C1)S(=O)(=O)O,,13,True,False
121-62-0,DTXSID0059530,4-(Acetylamino)benzenesulfonic acid,CC(=O)NC1=CC=C(C=C1)S(=O)(=O)O,,14,True,False
122-08-7,DTXSID5059537,"Benzenemethanaminium, N,N,N-trimethyl-, methoxide",C[N+](C)(C)CC1=CC=CC=C1.C[O-],,13,True,False
122-36-1,DTXSID4059540,"Ethanedithioamide, N,N'-dicyclohexyl-",C1CCC(CC1)NC(=S)C(=S)NC2CCCCC2,,18,True,False
122-65-6,DTXSID4059544,"Ethanedithioamide, N,N'-bis(phenylmethyl)-",C1=CC=C(C=C1)CNC(=S)C(=S)NCC2=CC=CC=C2,,20,True,False
122-87-2,DTXSID9059547,"Glycine, N-(4-hydroxyphenyl)-",C1=CC(=CC=C1NCC(=O)O)O,,12,True,False
123-08-0,DTXSID8059552,p-Hydroxybenzaldehyde,C1=CC(=CC=C1C=O)O,,9,True,False
123-43-3,DTXSID8059556,"Acetic acid, sulfo-",C(C(=O)O)S(=O)(=O)O,,8,True,False
124-11-8,DTXSID2059562,1-Nonene,CCCCCCCC=C,,9,True,False
126-68-1,DTXSID7059567,"O,O,O-Triethyl phosphorothioate",CCOP(=S)(OCC)OCC,,11,True,False
129-44-2,DTXSID1059602,"9,10-Anthracenedione, 1,5-diamino-",C1=CC2=C(C(=C1)N)C(=O)C3=C(C2=O)C(=CC=C3)N,,18,True,False
131-73-7,DTXSID4059621,"2,2',4,4',6,6'-Hexanitrodiphenylamine",C1=C(C=C(C(=C1[N+](=O)[O-])NC2=C(C=C(C=C2[N+](=O)[O-])[N+](=O)[O-])[N+](=O)[O-])[N+](=O)[O-])[N+](=O)[O-],,31,True,False
133-91-5,DTXSID3059636,"Benzoic acid, 2-hydroxy-3,5-diiodo-",C1=C(C=C(C(=C1C(=O)O)O)I)I,,12,True,False
135-73-9,DTXSID5059660,"Ethanone, 1-[1,1'-biphenyl]-4-yl-2-bromo-",C1=CC=C(C=C1)C2=CC=C(C=C2)C(=O)CBr,,16,True,False
141-33-3,DTXSID9059705,"Carbonodithioic acid, O-butyl ester, sodium salt (1:1)",CCCCOC(=S)[S-].[Na+],,9,True,False
143-10-2,DTXSID7059727,1-Decanethiol,CCCCCCCCCCS,,11,True,False
150-60-7,DTXSID6059738,"Disulfide, bis(phenylmethyl)",C1=CC=C(C=C1)CSSCC2=CC=CC=C2,,16,True,False
156-87-6,DTXSID0059746,3-Aminopropanol,C(CN)CO,,5,True,False
189-55-9,DTXSID9059751,"Dibenzo[a,i]pyrene",C1=CC=C2C3=C4C(=CC2=C1)C=CC5=CC6=CC=CC=C6C(=C54)C=C3,,24,True,False
217-59-4,DTXSID9059757,Triphenylene,C1=CC=C2C(=C1)C3=CC=CC=C3C4=CC=CC=C24,,18,True,False
226-36-8,DTXSID3059761,"Dibenz[a,h]acridine",C1=CC=C2C(=C1)C=CC3=C2C=C4C=CC5=CC=CC=C5C4=N3,,22,True,False
260-94-6,DTXSID8059766,Acridine,C1=CC=C2C(=C1)C=C3C=CC=CC3=N2,,14,True,False
275-51-4,DTXSID2059770,Azulene,C1=CC=C2C=CC=C2C=C1,,10,True,False
303-07-1,DTXSID1059785,"2,6-Resorcylic acid",C1=CC(=C(C(=C1)O)C(=O)O)O,,11,True,False
303-21-9,DTXSID6059786,"Phenol, 3-methyl-6-(1-methylethyl)-2,4-dinitro-",CC1=C(C=C(C(=C1[N+](=O)[O-])O)C(C)C)[N+](=O)[O-],,17,True,False
336-08-3,DTXSID4059833,"Hexanedioic acid, 2,2,3,3,4,4,5,5-octafluoro-",C(=O)(C(C(C(C(C(=O)O)(F)F)(F)F)(F)F)(F)F)O,,18,True,True
355-80-6,DTXSID0059879,"1-Pentanol, 2,2,3,3,4,4,5,5-octafluoro-",C(C(C(C(C(F)F)(F)F)(F)F)(F)F)O,,14,True,True
371-47-1,DTXSID5059901,"2-Butenedioic acid (2Z)-, sodium salt (1:2)",C(=CC(=O)[O-])C(=O)[O-].[Na+].[Na+],,10,True,False
375-01-9,DTXSID4059914,"1-Butanol, 2,2,3,3,4,4,4-heptafluoro-",C(C(C(C(F)(F)F)(F)F)(F)F)O,,12,True,True
375-22-4,DTXSID4059916,Heptafluorobutyric acid,C(=O)(C(C(C(F)(F)F)(F)F)(F)F)O,,13,True,True
376-06-7,DTXSID3059921,Perfluoromyristic acid,C(=O)(C(C(C(C(C(C(C(C(C(C(C(C(C(F)(F)F)(F)F)(F)F)(F)F)(F)F)(F)F)(F)F)(F)F)(F)F)(F)F)(F)F)(F)F)(F)F)O,,43,True,True
377-38-8,DTXSID8059928,"Butanedioic acid, 2,2,3,3-tetrafluoro-",C(=O)(C(C(C(=O)O)(F)F)(F)F)O,,12,True,True
422-64-0,DTXSID8059970,Pentafluoropropionic acid,C(=O)(C(C(F)(F)F)(F)F)O,,10,True,True
434-64-0,DTXSID1059993,Octafluorotoluene,C1(=C(C(=C(C(=C1F)F)F)F)F)C(F)(F)F,,15,True,True
451-13-8,DTXSID1060005,"Benzeneacetic acid, 2,5-dihydroxy-",C1=CC(=C(C=C1O)CC(=O)O)O,,12,True,False
456-22-4,DTXSID9060023,"Benzoic acid, 4-fluoro-",C1=CC(=CC=C1C(=O)O)F,,10,True,False
464-72-2,DTXSID2060048,"1,2-Ethanediol, 1,1,2,2-tetraphenyl-",C1=CC=C(C=C1)C(C2=CC=CC=C2)(C(C3=CC=CC=C3)(C4=CC=CC=C4)O)O,,28,True,False
487-89-8,DTXSID5060069,1H-Indole-3-carboxaldehyde,C1=CC=C2C(=C1)C(=CN2)C=O,,11,True,False
490-79-9,DTXSID4060078,"Benzoic acid, 2,5-dihydroxy-",C1=CC(=C(C=C1O)C(=O)O)O,,11,True,False
494-99-5,DTXSID8060088,"Benzene, 1,2-dimethoxy-4-methyl-",CC1=CC(=C(C=C1)OC)OC,,11,True,False
496-41-3,DTXSID2060090,2-Benzofurancarboxylic acid,C1=CC=C2C(=C1)C=C(O2)C(=O)O,,12,True,False
501-65-5,DTXSID4060109,"Benzene, 1,1'-(1,2-ethynediyl)bis-",C1=CC=C(C=C1)C#CC2=CC=CC=C2,,14,True,False
503-87-7,DTXSID2060121,"4-Imidazolidinone, 2-thioxo-",C1C(=O)NC(=S)N1,,7,True,False
505-10-2,DTXSID7060128,Methionol,CSCCCO,,6,True,False
506-96-7,DTXSID5060140,Acetyl bromide,CC(=O)Br,,4,True,False
507-36-8,DTXSID5060146,"Butane, 2-bromo-2-methyl-",CCC(C)(C)Br,,6,True,False
507-63-1,DTXSID0060147,"Octane, 1,1,1,2,2,3,3,4,4,5,5,6,6,7,7,8,8-heptadecafluoro-8-iodo-",C(C(C(C(C(F)(F)I)(F)F)(F)F)(F)F)(C(C(C(F)(F)F)(F)F)(F)F)(F)F,,26,True,True
513-36-0,DTXSID4060153,"Propane, 1-chloro-2-methyl-",CC(C)CCl,,5,True,False
524-42-5,DTXSID2060171,"1,2-Naphthoquinone",C1=CC=C2C(=C1)C=CC(=O)C2=O,,12,True,False
528-21-2,DTXSID2060179,"Ethanone, 1-(2,3,4-trihydroxyphenyl)-",CC(=O)C1=C(C(=C(C=C1)O)O)O,,12,True,False
529-84-0,DTXSID6060187,4-Methylesculetin,CC1=CC(=O)OC2=CC(=C(C=C12)O)O,,14,True,False
530-57-4,DTXSID0060191,Syringic acid,COC1=CC(=CC(=C1O)OC)C(=O)O,,14,True,False
532-94-5,DTXSID0060199,"Glycine, N-benzoyl-, monosodium salt",C1=CC=C(C=C1)C(=O)NCC(=O)[O-].[Na+],,14,True,False
533-18-6,DTXSID7060201,"Acetic acid, 2-methylphenyl ester",CC1=CC=CC=C1OC(=O)C,,11,True,False
537-65-5,DTXSID1060217,"1,4-Benzenediamine, N-(4-aminophenyl)-",C1=CC(=CC=C1N)NC2=CC=C(C=C2)N,,15,True,False
537-91-7,DTXSID1060219,"Disulfide, bis(3-nitrophenyl)",C1=CC(=CC(=C1)SSC2=CC=CC(=C2)[N+](=O)[O-])[N+](=O)[O-],,20,True,False
538-08-9,DTXSID5060221,Diallylcyanamide,C=CCN(CC=C)C#N,,9,True,False
538-28-3,DTXSID0060222,"Carbamimidothioic acid, phenylmethyl ester, monohydrochloride",C1=CC=C(C=C1)CSC(=N)N.Cl,,12,True,False
538-62-5,DTXSID5060225,"Diazenecarboxylic acid, phenyl-, 2-phenylhydrazide",C1=CC=C(C=C1)NNC(=O)N=NC2=CC=CC=C2,,18,True,False
538-86-3,DTXSID5060227,Benzyl methyl ether,COCC1=CC=CC=C1,,9,True,False
541-28-6,DTXSID8060246,"Butane, 1-iodo-3-methyl-",CC(C)CCI,,6,True,False
542-85-8,DTXSID2060258,"Ethane, isothiocyanato-",CCN=C=S,,5,True,False
552-32-9,DTXSID4060282,"Acetamide, N-(2-nitrophenyl)-",CC(=O)NC1=CC=CC=C1[N+](=O)[O-],,13,True,False
553-97-9,DTXSID8060290,2-Methyl-p-benzoquinone,CC1=CC(=O)C=CC1=O,,9,True,False
556-56-9,DTXSID5060302,"1-Propene, 3-iodo-",C=CCI,,4,True,False
557-31-3,DTXSID4060319,"1-Propene, 3-ethoxy-",CCOCC=C,,6,True,False
558-17-8,DTXSID3060328,"Propane, 2-iodo-2-methyl-",CC(C)(C)I,,5,True,False
575-41-7,DTXSID9060360,"1,3-Dimethylnaphthalene",CC1=CC2=CC=CC=C2C(=C1)C,,12,True,False
577-19-5,DTXSID9060364,o-Bromonitrobenzene,C1=CC=C(C(=C1)[N+](=O)[O-])Br,,10,True,False
577-85-5,DTXSID4060365,"4H-1-Benzopyran-4-one, 3-hydroxy-2-phenyl-",C1=CC=C(C=C1)C2=C(C(=O)C3=CC=CC=C3O2)O,,18,True,False
579-10-2,DTXSID8060373,"Acetamide, N-methyl-N-phenyl-",CC(=O)N(C)C1=CC=CC=C1,,11,True,False
581-43-1,DTXSID7060384,"2,6-Naphthalenediol",C1=CC2=C(C=CC(=C2)O)C=C1O,,12,True,False
584-48-5,DTXSID3060403,"Benzene, 1-bromo-2,4-dinitro-",C1=CC(=C(C=C1[N+](=O)[O-])[N+](=O)[O-])Br,,13,True,False
585-76-2,DTXSID8060408,m-Bromobenzoic acid,C1=CC(=CC(=C1)Br)C(=O)O,,10,True,False
585-79-5,DTXSID3060409,"Benzene, 1-bromo-3-nitro-",C1=CC(=CC(=C1)Br)[N+](=O)[O-],,10,True,False
586-76-5,DTXSID7060413,4-Bromobenzoic acid,C1=CC(=CC=C1C(=O)O)Br,,10,True,False
586-77-6,DTXSID2060414,"N,N-Dimethyl-p-bromoaniline",CN(C)C1=CC=C(C=C1)Br,,10,True,False
586-78-7,DTXSID7060415,"Benzene, 1-bromo-4-nitro-",C1=CC(=CC=C1[N+](=O)[O-])Br,,10,True,False
587-48-4,DTXSID2060418,3-Acetamidobenzoic acid,CC(=O)NC1=CC=CC(=C1)C(=O)O,,13,True,False
588-63-6,DTXSID1060425,"Benzene, (3-bromopropoxy)-",C1=CC=C(C=C1)OCCCBr,,11,True,False
591-19-5,DTXSID4060448,m-Bromoaniline,C1=CC(=CC(=C1)Br)N,,8,True,False
591-20-8,DTXSID9060449,"Phenol, 3-bromo-",C1=CC(=CC(=C1)Br)O,,8,True,False
591-49-1,DTXSID3060451,"Cyclohexene, 1-methyl-",CC1=CCCCC1,,7,True,False
591-50-4,DTXSID8060452,"Benzene, iodo-",C1=CC=C(C=C1)I,,7,True,False
592-04-1,DTXSID3060457,Mercuric cyanide,[C]#N.[C]#N.[Hg],,5,True,False
592-76-7,DTXSID2060466,1-Heptene,CCCCCC=C,,7,True,False
592-82-5,DTXSID7060467,"Butane, 1-isothiocyanato-",CCCCN=C=S,,7,True,False
592-85-8,DTXSID7060469,Mercuric thiocyanate,C(#N)[S-].C(#N)[S-].[Hg+2],,7,True,False
603-11-2,DTXSID9060528,3-Nitrophthalic acid,C1=CC(=C(C(=C1)[N+](=O)[O-])C(=O)O)C(=O)O,,15,True,False
603-86-1,DTXSID8060535,"Phenol, 2-chloro-6-nitro-",C1=CC(=C(C(=C1)Cl)O)[N+](=O)[O-],,11,True,False
605-69-6,DTXSID7060544,"1-Naphthalenol, 2,4-dinitro-",C1=CC=C2C(=C1)C(=CC(=C2O)[N+](=O)[O-])[N+](=O)[O-],,17,True,False
605-70-9,DTXSID2060545,"1,4-Naphthalenedicarboxylic acid",C1=CC=C2C(=C1)C(=CC=C2C(=O)O)C(=O)O,,16,True,False
606-34-8,DTXSID1060550,"Benzaldehyde, 2,4,6-trinitro-",C1=C(C=C(C(=C1[N+](=O)[O-])C=O)[N+](=O)[O-])[N+](=O)[O-],,17,True,False
606-83-7,DTXSID1060554,"3,3-Diphenylpropionic acid",C1=CC=C(C=C1)C(CC(=O)O)C2=CC=CC=C2,,17,True,False
610-53-7,DTXSID8060587,"2',4'-Dinitroacetanilide",CC(=O)NC1=C(C=C(C=C1)[N+](=O)[O-])[N+](=O)[O-],,16,True,False
610-54-8,DTXSID3060588,"2,4-Dinitrophenetole",CCOC1=C(C=C(C=C1)[N+](=O)[O-])[N+](=O)[O-],,15,True,False
611-07-4,DTXSID7060596,"Phenol, 5-chloro-2-nitro-",C1=CC(=C(C=C1Cl)O)[N+](=O)[O-],,11,True,False
612-94-2,DTXSID8060614,2-Phenylnaphthalene,C1=CC=C(C=C1)C2=CC3=CC=CC=C3C=C2,,16,True,False
613-12-7,DTXSID8060616,2-Methylanthracene,CC1=CC2=CC3=CC=CC=C3C=C2C=C1,,15,True,False
613-37-6,DTXSID2060620,"1,1'-Biphenyl, 4-methoxy-",COC1=CC=C(C=C1)C2=CC=CC=C2,,14,True,False
615-36-1,DTXSID5060645,"Benzenamine, 2-bromo-",C1=CC=C(C(=C1)N)Br,,8,True,False
615-67-8,DTXSID4060656,Chlorohydroquinone,C1=CC(=C(C=C1O)Cl)O,,9,True,False
615-94-1,DTXSID4060658,"2,5-Cyclohexadiene-1,4-dione, 2,5-dihydroxy-",C1=C(C(=O)C=C(C1=O)O)O,,10,True,False
618-62-2,DTXSID1060683,"Benzene, 1,3-dichloro-5-nitro-",C1=C(C=C(C=C1Cl)Cl)[N+](=O)[O-],,11,True,False
618-76-8,DTXSID1060685,"Benzoic acid, 4-hydroxy-3,5-diiodo-",C1=C(C=C(C(=C1I)O)I)C(=O)O,,12,True,False
619-08-9,DTXSID0060694,"Phenol, 2-chloro-4-nitro-",C1=CC(=C(C=C1[N+](=O)[O-])Cl)O,,11,True,False
619-24-9,DTXSID5060697,"Benzonitrile, 3-nitro-",C1=CC(=CC(=C1)[N+](=O)[O-])C#N,,11,True,False
619-45-4,DTXSID7060704,"Benzoic acid, 4-amino-, methyl ester",COC(=O)C1=CC=C(C=C1)N,,11,True,False
619-72-7,DTXSID7060706,"Benzonitrile, 4-nitro-",C1=CC(=CC=C1C#N)[N+](=O)[O-],,11,True,False
619-86-3,DTXSID2060709,"Benzoic acid, 4-ethoxy-",CCOC1=CC=C(C=C1)C(=O)O,,12,True,False
619-89-6,DTXSID1060710,"2-Propenoic acid, 3-(4-nitrophenyl)-",C1=CC(=CC=C1C=CC(=O)O)[N+](=O)[O-],,14,True,False
622-15-1,DTXSID8060745,"N,N'-Diphenylformamidine",C1=CC=C(C=C1)NC=NC2=CC=CC=C2,,15,True,False
622-50-4,DTXSID7060752,"Acetamide, N-(4-iodophenyl)-",CC(=O)NC1=CC=C(C=C1)I,,11,True,False
622-56-0,DTXSID2060753,Myristanilide,CCCCCCCCCCCCCC(=O)NC1=CC=CC=C1,,22,True,False
623-12-1,DTXSID1060764,"Benzene, 1-chloro-4-methoxy-",COC1=CC=C(C=C1)Cl,,9,True,False
623-78-9,DTXSID0060775,Ethyl ethylcarbamate,CCNC(=O)OCC,,8,True,False
624-49-7,DTXSID4060787,"2-Butenedioic acid (2E)-, 1,4-dimethyl ester",COC(=O)C=CC(=O)OC,,10,True,False
625-53-6,DTXSID0060804,Ethylthiourea,CCNC(=S)N,,6,True,False
626-01-7,DTXSID4060812,m-Iodoaniline,C1=CC(=CC(=C1)I)N,,8,True,False
626-62-0,DTXSID3060821,"Cyclohexane, iodo-",C1CCC(CC1)I,,7,True,False
626-85-7,DTXSID3060825,"Sulfurous acid, dibutyl ester",CCCCOS(=O)OCCCC,,12,True,False
627-00-9,DTXSID8060828,4-Chlorobutyric acid,C(CC(=O)O)CCl,,7,True,False
628-20-6,DTXSID0060850,4-Chlorobutyronitrile,C(CC#N)CCl,,6,True,False
631-67-4,DTXSID6060892,"Ethanethioamide, N,N-dimethyl-",CC(=S)N(C)C,,6,True,False
632-22-4,DTXSID1060893,Tetramethylurea,CN(C)C(=O)N(C)C,,8,True,False
632-58-6,DTXSID6060896,Tetrachlorophthalic acid,C1(=C(C(=C(C(=C1Cl)Cl)Cl)Cl)C(=O)O)C(=O)O,,16,True,False
635-21-2,DTXSID8060901,"Benzoic acid, 2-amino-5-chloro-",C1=CC(=C(C=C1Cl)C(=O)O)N,,11,True,False
636-28-2,DTXSID7060910,"1,2,4,5-Tetrabromobenzene",C1=C(C(=CC(=C1Br)Br)Br)Br,,10,True,False
637-01-4,DTXSID2060915,"1,4-Benzenediamine, N,N,N',N'-tetramethyl-, dihydrochloride",CN(C)C1=CC=C(C=C1)N(C)C.Cl.Cl,,14,True,False
637-61-6,DTXSID6060925,"2,5-Cyclohexadien-1-one, 4-(chloroimino)-",C1=CC(=O)C=CC1=NCl,,9,True,False
644-06-4,DTXSID9060942,"2H-1-Benzopyran, 6,7-dimethoxy-2,2-dimethyl-",CC1(C=CC2=CC(=C(C=C2O1)OC)OC)C,,16,True,False
645-45-4,DTXSID4060947,Benzenepropanoyl chloride,C1=CC=C(C=C1)CCC(=O)Cl,,11,True,False
673-79-0,DTXSID1060972,"Diethyl 3,3'-thiodipropionate",CCOC(=O)CCSCCC(=O)OCC,,15,True,False
693-83-4,DTXSID8061006,"Decane, 1,1'-thiobis-",CCCCCCCCCCSCCCCCCCCCC,,21,True,False
701-82-6,DTXSID1061027,"Urea, (3-hydroxyphenyl)-",C1=CC(=CC(=C1)O)NC(=O)N,,11,True,False
706-78-5,DTXSID5061037,Octachlorocyclopentene,C1(=C(C(C(C1(Cl)Cl)(Cl)Cl)(Cl)Cl)Cl)Cl,,13,True,False
753-89-9,DTXSID7061069,"1-Chloro-2,2-dimethylpropane",CC(C)(C)CCl,,6,True,False
766-51-8,DTXSID1061104,o-Chloroanisole,COC1=CC=CC=C1Cl,,9,True,False
771-97-1,DTXSID4061121,"2,3-Naphthalenediamine",C1=CC=C2C=C(C(=CC2=C1)N)N,,12,True,False
779-02-2,DTXSID3061134,9-Methylanthracene,CC1=C2C=CC=CC2=CC3=CC=CC=C13,,15,True,False
821-95-4,DTXSID5061168,1-Undecene,CCCCCCCCCC=C,,11,True,False
827-52-1,DTXSID3061188,Cyclohexylbenzene,C1CCC(CC1)C2=CC=CC=C2,,12,True,False
830-03-5,DTXSID2061191,"Acetic acid, 4-nitrophenyl ester",CC(=O)OC1=CC=C(C=C1)[N+](=O)[O-],,13,True,False
830-96-6,DTXSID7061192,1H-Indole-3-propanoic acid,C1=CC=C2C(=C1)C(=CN2)CCC(=O)O,,14,True,False
842-19-3,DTXSID4061206,"1,3-Naphthalenedisulfonic acid, 7-hydroxy-, disodium salt",C1=CC(=CC2=C(C=C(C=C21)S(=O)(=O)[O-])S(=O)(=O)O)[O-].[Na+].[Na+],,21,True,False
870-23-5,DTXSID2061226,2-Propene-1-thiol,C=CCS,,4,True,False
872-85-5,DTXSID1061237,4-Pyridinecarboxaldehyde,C1=CN=CC=C1C=O,,8,True,False
917-70-4,DTXSID7061275,Lanthanum acetate,CC(=O)[O-].CC(=O)[O-].CC(=O)[O-].[La+3],,13,True,False
936-02-7,DTXSID0061321,Salicylic acid hydrazide,C1=CC=C(C(=C1)C(=O)NN)O,,11,True,False
953-26-4,DTXSID8061347,"2-Propenoic acid, 3-(4-nitrophenyl)-, ethyl ester",CCOC(=O)C=CC1=CC=C(C=C1)[N+](=O)[O-],,16,True,False
956-48-9,DTXSID7061352,"2,6-Dichloroindophenol",C1=CC(=O)C=CC1=NC2=CC(=C(C(=C2)Cl)O)Cl,,17,True,False
961-68-2,DTXSID7061354,"Benzenamine, 2,4-dinitro-N-phenyl-",C1=CC=C(C=C1)NC2=C(C=C(C=C2)[N+](=O)[O-])[N+](=O)[O-],,19,True,False
1068-90-2,DTXSID6061446,"Propanedioic acid, 2-(acetylamino)-, 1,3-diethyl ester",CCOC(=O)C(C(=O)OCC)NC(=O)C,,15,True,False
1074-24-4,DTXSID9061467,"Benzene, 1,4-dibromo-2,5-dimethyl-",CC1=CC(=C(C=C1Br)C)Br,,10,True,False
1080-12-2,DTXSID2061480,"3-Buten-2-one, 4-(4-hydroxy-3-methoxyphenyl)-",CC(=O)C=CC1=CC(=C(C=C1)O)OC,,14,True,False
1120-48-5,DTXSID2061517,"1-Octanamine, N-octyl-",CCCCCCCCNCCCCCCCC,,17,True,False
1121-60-4,DTXSID1061522,2-Pyridinecarboxaldehyde,C1=CC=NC(=C1)C=O,,8,True,False
1122-17-4,DTXSID1061526,Dichloromaleic anhydride,C1(=C(C(=O)OC1=O)Cl)Cl,,9,True,False
1122-82-3,DTXSID5061532,"Cyclohexane, isothiocyanato-",C1CCC(CC1)N=C=S,,9,True,False
1122-83-4,DTXSID0061533,"Benzenamine, N-sulfinyl-",C1=CC=C(C=C1)N=S=O,,9,True,False
1138-52-9,DTXSID3061558,"3,5-Di-tert-butylphenol",CC(C)(C)C1=CC(=CC(=C1)O)C(C)(C)C,,15,True,False
1155-00-6,DTXSID1061572,"Disulfide, bis(2-nitrophenyl)",C1=CC=C(C(=C1)[N+](=O)[O-])SSC2=CC=CC=C2[N+](=O)[O-],,20,True,False
1191-08-8,DTXSID0061589,"1,4-Butanedithiol",C(CCS)CS,,6,True,False
1223-31-0,DTXSID9061629,"Benzene, 1,1'-thiobis[4-nitro-",C1=CC(=CC=C1[N+](=O)[O-])SC2=CC=C(C=C2)[N+](=O)[O-],,19,True,False
1226-42-2,DTXSID3061631,Anisil,COC1=CC=C(C=C1)C(=O)C(=O)C2=CC=C(C=C2)OC,,20,True,False
1455-21-6,DTXSID9061704,1-Nonanethiol,CCCCCCCCCS,,10,True,False
1462-54-0,DTXSID4061709,".beta.-Alanine, N-dodecyl-",CCCCCCCCCCCCNCCC(=O)O,,18,True,False
1466-67-7,DTXSID3061710,"Urea, N,N'-bis(phenylmethyl)-",C1=CC=C(C=C1)CNC(=O)NCC2=CC=CC=C2,,18,True,False
1516-32-1,DTXSID5061744,"Thiourea, butyl-",CCCCNC(=S)N,,8,True,False
1570-65-6,DTXSID5061790,"4,6-Dichloro-o-cresol",CC1=CC(=CC(=C1O)Cl)Cl,,10,True,False
1582-27-0,DTXSID7061801,4-Chlorobenzenediazonium hexafluorophosphate(1-),C1=CC(=CC=C1[N+]#N)Cl.F[P-](F)(F)(F)(F)F,,16,True,False
1612-64-2,DTXSID0061820,2-[p-(Dimethylamino)styryl]quinoline,CN(C)C1=CC=C(C=C1)C=CC2=NC3=CC=CC=C3C=C2,,21,True,False
1667-01-2,DTXSID1061865,"2',4',6'-Trimethylacetophenone",CC1=CC(=C(C(=C1)C)C(=O)C)C,,12,True,False
1674-38-0,DTXSID0061872,Dodecanophenone,CCCCCCCCCCCC(=O)C1=CC=CC=C1,,19,True,False
1676-63-7,DTXSID5061873,4'-Ethoxy acetophenone,CCOC1=CC=C(C=C1)C(=O)C,,12,True,False
1681-60-3,DTXSID4061880,"2,7-Naphthalenedisulfonic acid, 3-[(4-aminophenyl)azo]-4,5-dihydroxy-, disodium salt",C1=CC(=CC=C1N)N=NC2=C(C3=C(C=C(C=C3C=C2S(=O)(=O)O)S(=O)(=O)O)[O-])[O-].[Na+].[Na+],,31,True,False
1734-79-8,DTXSID7061932,"2-Propenal, 3-(4-nitrophenyl)-",C1=CC(=CC=C1C=CC=O)[N+](=O)[O-],,13,True,False
1754-47-8,DTXSID1061946,"Phosphonic acid, P-phenyl-, dioctyl ester",CCCCCCCCOP(=O)(C1=CC=CC=C1)OCCCCCCCC,,26,True,False
1758-68-5,DTXSID5061950,"9,10-Anthracenedione, 1,2-diamino-",C1=CC=C2C(=C1)C(=O)C3=C(C2=O)C(=C(C=C3)N)N,,18,True,False
1780-40-1,DTXSID4061963,"Pyrimidine, tetrachloro-",C1(=C(N=C(N=C1Cl)Cl)Cl)Cl,,10,True,False
1817-47-6,DTXSID6061991,p-Nitrocumene,CC(C)C1=CC=C(C=C1)[N+](=O)[O-],,12,True,False
1887-02-1,DTXSID7062037,"2,5-Cyclohexadiene-1,4-dione, 2,3,5,6-tetrahydroxy-, disodium salt",C1(=C(C(=O)C(=C(C1=O)O)[O-])[O-])O.[Na+].[Na+],,14,True,False
1892-43-9,DTXSID1062047,"Ethanol, 2-(4-chlorophenoxy)-",C1=CC(=CC=C1OCCO)Cl,,11,True,False
1984-59-4,DTXSID1062095,"2,3-Dichloroanisole",COC1=C(C(=CC=C1)Cl)Cl,,10,True,False
1984-65-2,DTXSID1062097,"2,6-Dichloroanisole",COC1=C(C=CC=C1Cl)Cl,,10,True,False
2050-66-0,DTXSID0062135,"Disulfide, bis(4-chloro-2-nitrophenyl)",C1=CC(=C(C=C1Cl)[N+](=O)[O-])SSC2=C(C=C(C=C2)Cl)[N+](=O)[O-],,22,True,False
2050-76-2,DTXSID4062141,"1-Naphthalenol, 2,4-dichloro-",C1=CC=C2C(=C1)C(=CC(=C2O)Cl)Cl,,13,True,False
2189-60-8,DTXSID2062240,"Benzene, octyl-",CCCCCCCCC1=CC=CC=C1,,14,True,False
2201-15-2,DTXSID2062248,"Cyclohexanamine, N-ethyl-1-phenyl-",CCNC1(CCCCC1)C2=CC=CC=C2,,15,True,False
2218-52-2,DTXSID5062267,"Acetic acid, difluoro-, sodium salt",C(C(=O)[O-])(F)F.[Na+],,7,True,False
2235-25-8,DTXSID8062284,Ethylmercuric phosphate,C[CH2].O[P+](O)([O-])[O-].[Hg+],,8,True,False
2239-92-1,DTXSID3062285,Isopropyl p-chlorophenylcarbamate,CC(C)OC(=O)NC1=CC=C(C=C1)Cl,,14,True,False
2245-38-7,DTXSID7062291,"1,6,7-Trimethylnaphthalene",CC1=C2C=C(C(=CC2=CC=C1)C)C,,13,True,False
2283-08-1,DTXSID9062304,"1-Naphthalenecarboxylic acid, 2-hydroxy-",C1=CC=C2C(=C1)C=CC(=C2C(=O)O)O,,14,True,False
2446-69-7,DTXSID5062425,"Phenol, 4-hexyl-",CCCCCCC1=CC=C(C=C1)O,,13,True,False
2476-37-1,DTXSID2062452,"Ethanone, 1-(2,5-dichlorophenyl)-",CC(=O)C1=C(C=CC(=C1)Cl)Cl,,11,True,False
2516-96-3,DTXSID9062485,"Benzoic acid, 2-chloro-5-nitro-",C1=CC(=C(C=C1[N+](=O)[O-])C(=O)O)Cl,,13,True,False
2570-26-5,DTXSID8062529,Pentadecylamine,CCCCCCCCCCCCCCCN,,16,True,False
2580-77-0,DTXSID2062533,"2,2'-Sulfonyl bisethanol",C(CS(=O)(=O)CCO)O,,9,True,False
2581-34-2,DTXSID2062535,4-Nitro-m-cresol,CC1=C(C=CC(=C1)O)[N+](=O)[O-],,11,True,False
2613-89-0,DTXSID5062552,"Propanedioic acid, phenyl-",C1=CC=C(C=C1)C(C(=O)O)C(=O)O,,13,True,False
2687-12-9,DTXSID6062591,"Benzene, (3-chloro-1-propenyl)-",C1=CC=C(C=C1)C=CCCl,,10,True,False
2688-84-8,DTXSID6062593,o-Phenoxyaniline,C1=CC=C(C=C1)OC2=CC=CC=C2N,,14,True,False
2690-08-6,DTXSID1062594,"Octane, 1,1'-thiobis-",CCCCCCCCSCCCCCCCC,,17,True,False
2706-90-3,DTXSID6062599,Perfluorovaleric acid,C(=O)(C(C(C(C(F)(F)F)(F)F)(F)F)(F)F)O,,16,True,True
2720-73-2,DTXSID2062610,"Carbonodithioic acid, O-pentyl ester, potassium salt (1:1)",CCCCCOC(=S)[S-].[K+],,10,True,False
2788-23-0,DTXSID9062643,9-Nitroso-9H-carbazole,C1=CC=C2C(=C1)C3=CC=CC=C3N2N=O,,15,True,False
2845-89-8,DTXSID7062667,"Benzene, 1-chloro-3-methoxy-",COC1=CC(=CC=C1)Cl,,9,True,False
2923-18-4,DTXSID0062715,"Acetic acid, trifluoro-, sodium salt",C(=O)(C(F)(F)F)[O-].[Na+],,8,True,True
2937-53-3,DTXSID9062720,"Thiosulfuric acid (H2S2O3), S-(2-aminoethyl) ester",C(CSS(=O)(=O)O)N,,8,True,False
2998-04-1,DTXSID0062763,"Hexanedioic acid, di-2-propenyl ester",C=CCOC(=O)CCCCC(=O)OCC=C,,16,True,False
3055-97-8,DTXSID8062816,Heptaethylene glycol monododecyl ether,CCCCCCCCCCCCOCCOCCOCCOCCOCCOCCOCCO,,34,True,False
3137-00-6,DTXSID9062859,"Decanedioic acid, di-2-propenyl ester",C=CCOC(=O)CCCCCCCCC(=O)OCC=C,,20,True,False
3167-49-5,DTXSID6062882,"3-Pyridinecarboxylic acid, 6-amino-",C1=CC(=NC=C1C(=O)O)N,,10,True,False
3251-56-7,DTXSID4062935,"Phenol, 2-methoxy-4-nitro-",COC1=C(C=CC(=C1)[N+](=O)[O-])O,,12,True,False
3294-03-9,DTXSID1062962,"Phenol, 2,2'-thiobis[4-(1,1,3,3-tetramethylbutyl)-",CC(C)(C)CC(C)(C)C1=CC(=C(C=C1)O)SC2=C(C=CC(=C2)C(C)(C)CC(C)(C)C)O,,31,True,False
3320-87-4,DTXSID5062976,"Benzene, 1-isocyanato-3-nitro-",C1=CC(=CC(=C1)[N+](=O)[O-])N=C=O,,12,True,False
3370-35-2,DTXSID3062998,"Octadecanamide, N-(hydroxymethyl)-",CCCCCCCCCCCCCCCCCC(=O)NCO,,22,True,False
3399-73-3,DTXSID1063011,1-Cyclohexene-1-ethanamine,C1CCC(=CC1)CCN,,9,True,False
3528-63-0,DTXSID7063057,1-(2-Aminoethyl)-2-(8-heptadecenyl)-2-imidazoline,CCCCCCCCC=CCCCCCCCC1=NCCN1CCN,,25,True,False
3547-04-4,DTXSID1063069,"Benzene, 1,1'-ethylidenebis(4-chloro-",CC(C1=CC=C(C=C1)Cl)C2=CC=C(C=C2)Cl,,16,True,False
3813-14-7,DTXSID6063199,"2,4,5-T triethanolamine salt",C1=C(C(=CC(=C1Cl)Cl)Cl)OCC(=O)O.C(CO)N(CCO)CCO,,24,True,False
3891-07-4,DTXSID1063225,"1H-Isoindole-1,3(2H)-dione, 2-(2-hydroxyethyl)-",C1=CC=C2C(=C1)C(=O)N(C2=O)CCO,,14,True,False
3906-55-6,DTXSID0063230,"Cyclohexanebutanoic acid, nickel(2+) salt",C1CCC(CC1)CCCC(=O)[O-].C1CCC(CC1)CCCC(=O)[O-].[Ni+2],,25,True,False
4101-68-2,DTXSID4063298,"Decane, 1,10-dibromo-",C(CCCCCBr)CCCCBr,,12,True,False
4114-28-7,DTXSID6063307,"1,2-Hydrazinedicarboxylic acid, diethyl ester",CCOC(=O)NNC(=O)OCC,,12,True,False
4200-95-7,DTXSID1063350,Heptadecylamine,CCCCCCCCCCCCCCCCCN,,18,True,False
4224-70-8,DTXSID5063366,"Hexanoic acid, 6-bromo-",C(CCC(=O)O)CCBr,,9,True,False
4230-91-5,DTXSID0063369,"Benzothiazole, 2-[(2,4-dinitrophenyl)thio]-",C1=CC=C2C(=C1)N=C(S2)SC3=C(C=C(C=C3)[N+](=O)[O-])[N+](=O)[O-],,22,True,False
4264-83-9,DTXSID3063380,"Phosphoric acid, mono(4-nitrophenyl) ester, disodium salt",C1=CC(=CC=C1[N+](=O)[O-])OP(=O)([O-])[O-].[Na+].[Na+],,16,True,False
4316-93-2,DTXSID9063409,"Pyrimidine, 4,6-dichloro-5-nitro-",C1=NC(=C(C(=N1)Cl)[N+](=O)[O-])Cl,,11,True,False
4441-63-8,DTXSID2063472,Cyclohexanebutanoic acid,C1CCC(CC1)CCCC(=O)O,,12,True,False
4549-32-0,DTXSID5063520,"Octane, 1,8-dibromo-",C(CCCCBr)CCCBr,,10,True,False
4753-75-7,DTXSID8063597,"2-Furanmethanamine, N-methyl-",CNCC1=CC=CO1,,8,True,False
4839-46-7,DTXSID9063617,"Pentanedioic acid, 3,3-dimethyl-",CC(C)(CC(=O)O)CC(=O)O,,11,True,False
4955-90-2,DTXSID0063656,"Benzoic acid, 2,5-dihydroxy-, monosodium salt",C1=CC(=C(C=C1[O-])C(=O)O)O.[Na+],,12,True,False
5292-21-7,DTXSID7063762,Cyclohexaneacetic acid,C1CCC(CC1)CC(=O)O,,10,True,False
5326-23-8,DTXSID6063775,6-Chloronicotinic acid,C1=CC(=NC=C1C(=O)O)Cl,,10,True,False
5331-77-1,DTXSID0063785,Sodium behenate,CCCCCCCCCCCCCCCCCCCCCC(=O)[O-].[Na+],,25,True,False
5334-09-8,DTXSID4063793,Cyclohexyl 2-isobutyl phthalate,CC(C)COC(=O)C1=CC=CC=C1C(=O)OC2CCCCC2,,22,True,False
5345-47-1,DTXSID1063801,2-Aminonicotinic acid,C1=CC(=C(N=C1)N)C(=O)O,,10,True,False
5349-62-2,DTXSID1063805,"2-Pentanone, 4-methyl-1-phenyl-",CC(C)CC(=O)CC1=CC=CC=C1,,13,True,False
5395-50-6,DTXSID8063830,"Imidazo[4,5-d]imidazole-2,5(1H,3H)-dione, tetrahydro-1,3,4,6-tetrakis(hydroxymethyl)-",C(N1C2C(N(C1=O)CO)N(C(=O)N2CO)CO)O,,18,True,False
5396-38-3,DTXSID3063833,"Benzene, 1-(1,1-dimethylethyl)-4-methoxy-",CC(C)(C)C1=CC=C(C=C1)OC,,12,True,False
5414-19-7,DTXSID1063851,"Ethane, 1,1'-oxybis[2-bromo-",C(CBr)OCCBr,,7,True,False
5428-37-5,DTXSID9063873,"2-Furancarboxaldehyde, (2-furanylmethylene)hydrazone",C1=COC(=C1)C=NN=CC2=CC=CO2,,14,True,False
5682-46-2,DTXSID7063976,2-Ethylbutyrophenone,CCC(CC)C(=O)C1=CC=CC=C1,,13,True,False
5896-54-8,DTXSID9064055,"1-Pentadecanesulfonic acid, sodium salt",CCCCCCCCCCCCCCCS(=O)(=O)[O-].[Na+],,20,True,False
5959-52-4,DTXSID8064066,"2-Naphthalenecarboxylic acid, 3-amino-",C1=CC=C2C=C(C(=CC2=C1)C(=O)O)N,,14,True,False
6092-54-2,DTXSID1064110,"Carbonochloridic acid, hexyl ester",CCCCCCOC(=O)Cl,,10,True,False
6257-64-3,DTXSID6064169,"Benzenamine, 4,4'-azobis[N,N-dimethyl-",CN(C)C1=CC=C(C=C1)N=NC2=CC=C(C=C2)N(C)C,,20,True,False
6369-97-7,DTXSID3064271,"2,4,5-T dimethylamine salt",CNC.C1=C(C(=CC(=C1Cl)Cl)Cl)OCC(=O)O,,17,True,False
6386-73-8,DTXSID3064302,"Phenol, 2,6-dibromo-4-[1-(3-bromo-4-hydroxyphenyl)-1-methylethyl]-",CC(C)(C1=CC(=C(C=C1)O)Br)C2=CC(=C(C(=C2)Br)O)Br,,20,True,False
6416-68-8,DTXSID4064341,"Benzenesulfonic acid, 5-(2H-naphtho[1,2-d]triazol-2-yl)-2-(2-phenylethenyl)-, sodium salt",C1=CC=C(C=C1)C=CC2=C(C=C(C=C2)N3N=C4C=CC5=CC=CC=C5C4=N3)S(=O)(=O)[O-].[Na+],,32,True,False
6482-24-2,DTXSID0064385,"Ethane, 1-bromo-2-methoxy-",COCCBr,,5,True,False
6623-41-2,DTXSID4064422,"2-Amino-4,5-dimethylphenol",CC1=CC(=C(C=C1C)O)N,,10,True,False
6651-36-1,DTXSID7064441,"Silane, (1-cyclohexen-1-yloxy)trimethyl-",C[Si](C)(C)OC1=CCCCC1,,11,True,False
6829-42-1,DTXSID3064483,"Pentanedioic acid, 3-methyl-, 1,5-diethyl ester",CCOC(=O)CC(C)CC(=O)OCC,,14,True,False
6830-82-6,DTXSID8064484,"Benzeneacetamide, N-methyl-",CNC(=O)CC1=CC=CC=C1,,11,True,False
7440-57-5,DTXSID3064697,Gold,[Au],,1,True,False
7631-93-8,DTXSID5064756,"Benzoic acid, 2-hydroxy-, methyl ester, sodium salt",COC(=O)C1=CC=CC=C1[O-].[Na+],,12,True,False
7677-24-9,DTXSID9064766,"Silanecarbonitrile, trimethyl-",C[Si](C)(C)C#N,,6,True,False
7778-73-6,DTXSID3064801,Potassium pentachlorophenate,C1(=C(C(=C(C(=C1Cl)Cl)Cl)Cl)Cl)[O-].[K+],,13,True,False
7779-90-0,DTXSID3064807,Trizinc phosphate,[O-]P(=O)([O-])[O-].[O-]P(=O)([O-])[O-].[Zn+2].[Zn+2].[Zn+2],,13,True,False
7783-35-9,DTXSID7064819,Mercuric sulfate,[O-]S(=O)(=O)[O-].[Hg+2],,6,True,False
7783-64-4,DTXSID5064831,"Zirconium fluoride (ZrF4), (T-4)-",[F-].[F-].[F-].[F-].[Zr+4],,5,True,False
7789-00-6,DTXSID8064858,Potassium chromate(VI),O.O.[OH-].[OH-].[K+].[K+].[Cr],,7,True,False
7791-11-9,DTXSID5064881,Rubidium chloride (RbCl),[Cl-].[Rb+],,2,True,False
10025-65-7,DTXSID6064901,Platinium dichloride,[Cl-].[Cl-].[Pt+2],,3,True,False
10051-44-2,DTXSID8064933,"Hexanoic acid, sodium salt",CCCCCC(=O)[O-].[Na+],,9,True,False
10141-05-6,DTXSID9064970,Cobalt(II) nitrate,[N+](=O)([O-])[O-].[N+](=O)([O-])[O-].[Co+2],,9,True,False
10196-04-0,DTXSID2064991,Ammonium sulfite,N.N.OS(=O)O,,6,True,False
10241-04-0,DTXSID5065011,Cobalt chloride (CoCl3),[Cl-].[Cl-].[Cl-].[Co+3],,4,True,False
10297-05-9,DTXSID9065029,"Butane, 1-chloro-4-iodo-",C(CCI)CCl,,6,True,False
10484-09-0,DTXSID3065089,"Benzoic acid, 2-hydroxy-, 2-propenyl ester",C=CCOC(=O)C1=CC=CC=C1O,,13,True,False
12111-24-9,DTXSID8065248,"Calciate(3-), [N-[2-[bis[(carboxy-.kappa.O)methyl]amino-.kappa.N]ethyl]-N-[2-[[(carboxy-.kappa.O)methyl](carboxymethyl)amino-.kappa.N]ethyl]glycinato(5-)-.kappa.N]-, sodium (1:3)",C(CN(CC(=O)[O-])CC(=O)[O-])N(CCN(CC(=O)[O-])CC(=O)[O-])CC(=O)[O-].[Na+].[Na+].[Na+].[Ca+2],,31,True,False
13005-36-2,DTXSID4065319,"Benzeneacetic acid, potassium salt",C1=CC=C(C=C1)CC(=O)[O-].[K+],,11,True,False
13390-47-1,DTXSID5065431,"Benzenesulfonic acid, 2,2'-thiobis[5-[(4-ethoxyphenyl)azo]-, disodium salt",CCOC1=CC=C(C=C1)N=NC2=CC(=C(C=C2)SC3=C(C=C(C=C3)N=NC4=CC=C(C=C4)OCC)S(=O)(=O)[O-])S(=O)(=O)[O-].[Na+].[Na+],,45,True,False
13414-54-5,DTXSID5065437,2-Methylallyl 2-nitrophenyl ether,CC(=C)COC1=CC=CC=C1[N+](=O)[O-],,14,True,False
13470-08-1,DTXSID9065495,Titanium fluoride (TiF3),[F-].[F-].[F-].[Ti+3],,4,True,False
13597-99-4,DTXSID6065555,Beryllium nitrate (Be(NO3)2),[Be+2].[N+](=O)([O-])[O-].[N+](=O)([O-])[O-],,9,True,False
13823-29-5,DTXSID4065656,Thorium nitrate,[N+](=O)([O-])[O-].[N+](=O)([O-])[O-].[N+](=O)([O-])[O-].[N+](=O)([O-])[O-].[Th+4],,17,True,False
13826-83-0,DTXSID8065660,Ammonium fluoroborate,[B-](F)(F)(F)F.[NH4+],,6,True,False
14177-51-6,DTXSID5065720,Nickel tungsten oxide (NiWO4),O.O.[OH-].[OH-].[Ni+2].[W],,6,True,False
14507-19-8,DTXSID5065778,Lanthanum hydroxide (La(OH)3),[OH-].[OH-].[OH-].[La+3],,4,True,False
14986-84-6,DTXSID7065837,Hexasodium tetraphosphate,[O-]P(=O)([O-])OP(=O)([O-])OP(=O)([O-])OP(=O)([O-])[O-].[Na+].[Na+].[Na+].[Na+].[Na+].[Na+],,23,True,False
15022-08-9,DTXSID6065846,"Carbonic acid, di-2-propen-1-yl ester",C=CCOC(=O)OCC=C,,10,True,False
15467-20-6,DTXSID6065894,Nitrilotriacetic acid disodium salt,C(C(=O)O)N(CC(=O)[O-])CC(=O)[O-].[Na+].[Na+],,15,True,False
16089-48-8,DTXSID8066008,Potassium cinnamate,C1=CC=C(C=C1)C=CC(=O)[O-].[K+],,12,True,False
16365-27-8,DTXSID5066037,2-(4-Nitrophenoxy)ethanol,C1=CC(=CC=C1[N+](=O)[O-])OCCO,,13,True,False
17625-03-5,DTXSID7066227,3-Sulfobenzoic acid monosodium salt,C1=CC(=CC(=C1)S(=O)(=O)O)C(=O)[O-].[Na+],,14,True,False
19244-98-5,DTXSID9066469,Guanidine monohydrobromide,C(=N)(N)N.Br,,5,True,False
20198-87-2,DTXSID2066567,N-Stearylbenzylamine,CCCCCCCCCCCCCCCCCCNCC1=CC=CC=C1,,26,True,False
22228-82-6,DTXSID2066771,Ammonium isobutyrate,CC(C)C(=O)O.N,,7,True,False
22898-01-7,DTXSID9066837,Fluopropanate-sodium,C(C(C(=O)[O-])(F)F)(F)F.[Na+],,10,True,True
25185-95-9,DTXSID4067066,"Benzaldehyde, 2,6-dichloro-, oxime",C1=CC(=C(C(=C1)Cl)C=NO)Cl,,11,True,False
27619-97-2,DTXSID6067331,"1-Octanesulfonic acid, 3,3,4,4,5,5,6,6,7,7,8,8,8-tridecafluoro-",C(CS(=O)(=O)O)C(C(C(C(C(C(F)(F)F)(F)F)(F)F)(F)F)(F)F)(F)F,,25,True,True
29081-56-9,DTXSID9067435,"1-Octanesulfonic acid, 1,1,2,2,3,3,4,4,5,5,6,6,7,7,8,8,8-heptadecafluoro-, ammonium salt",C(C(C(C(C(F)(F)S(=O)(=O)O)(F)F)(F)F)(F)F)(C(C(C(F)(F)F)(F)F)(F)F)(F)F.N,,30,True,True
39634-42-9,DTXSID6068191,"Phenol, 4-[4-(trifluoromethyl)phenoxy]-",C1=CC(=CC=C1C(F)(F)F)OC2=CC=C(C=C2)O,,18,True,True
50375-15-0,DTXSID3068544,"Acetamide, N-[4-(2-hydroxyethoxy)phenyl]-",CC(=O)NC1=CC=C(C=C1)OCCO,,14,True,False
60044-33-9,DTXSID0069381,2-Chloro-4-nonylphenol,CCCCCCCCCC1=CC(=C(C=C1)O)Cl,,17,True,False
66108-37-0,DTXSID9070406,"2,2-Bis(bromomethyl)-3-chloropropyl bis[2-chloro-1-(chloromethyl)ethyl] phosphate",C(C(CCl)OP(=O)(OCC(CCl)(CBr)CBr)OC(CCl)CCl)Cl,,23,True,False
66728-50-5,DTXSID7070472,"Propane, 2-(2-methoxyethoxy)-2-methyl-",CC(C)(C)OCCOC,,9,True,False
66794-75-0,DTXSID7070476,Benzyl neodecanoate,CC(C)(C)CCCCCC(=O)OCC1=CC=CC=C1,,19,True,False
70225-14-8,DTXSID2072049,"1-Octanesulfonic acid, 1,1,2,2,3,3,4,4,5,5,6,6,7,7,8,8,8-heptadecafluoro-, compd. with 2,2'-iminobis[ethanol] (1:1)",C(CO)NCCO.C(C(C(C(C(F)(F)S(=O)(=O)O)(F)F)(F)F)(F)F)(C(C(C(F)(F)F)(F)F)(F)F)(F)F,,36,True,True
14866-68-3,DTXSID3073137,Chlorate,[O-]Cl(=O)=O,,4,True,False
80-73-9,DTXSID1073153,"N,N'-Dimethylimidazolidinone",CN1CCN(C1=O)C,,8,True,False
1453-58-3,DTXSID3073260,3-Methylpyrazole,CC1=CC=NN1,,6,True,False
5412-01-1,DTXSID3073349,2-(2-Isopropoxyethoxy)ethanol,CC(C)OCCOCCO,,10,True,False
15862-07-4,DTXSID0073405,"2,4,5-Trichlorobiphenyl",C1=CC=C(C=C1)C2=CC(=C(C=C2Cl)Cl)Cl,,15,True,False
16606-02-3,DTXSID9073410,"2,4',5-Trichlorobiphenyl",C1=CC(=CC=C1C2=C(C=CC(=C2)Cl)Cl)Cl,,15,True,False
35065-30-6,DTXSID2073481,"2,2',3,3',4,4',5-Heptachlorobiphenyl",C1=CC(=C(C(=C1C2=CC(=C(C(=C2Cl)Cl)Cl)Cl)Cl)Cl)Cl,,19,True,False
37680-65-2,DTXSID6073491,"2,2',5-Trichlorobiphenyl",C1=CC=C(C(=C1)C2=C(C=CC(=C2)Cl)Cl)Cl,,15,True,False
39485-83-1,DTXSID8073504,"2,2',4,4',6-Pentachlorobiphenyl",C1=CC(=C(C=C1Cl)Cl)C2=C(C=C(C=C2Cl)Cl)Cl,,17,True,False
112225-87-3,DTXSID7073800,"1,2-Dibenzoyl-1-tert-butylhydrazine",CC(C)(C)N(C(=O)C1=CC=CC=C1)NC(=O)C2=CC=CC=C2,,22,True,False
87-40-1,DTXSID9073886,"Benzene, 1,3,5-trichloro-2-methoxy-",COC1=C(C=C(C=C1Cl)Cl)Cl,,11,True,False
103-62-8,DTXSID3073890,4-(Butylamino)phenol,CCCCNC1=CC=C(C=C1)O,,12,True,False
544-25-2,DTXSID5073909,"1,3,5-Cycloheptatriene",C1C=CC=CC=C1,,7,True,False
612-71-5,DTXSID9073917,"1,1':3',1''-Terphenyl, 5'-phenyl-",C1=CC=C(C=C1)C2=CC(=CC(=C2)C3=CC=CC=C3)C4=CC=CC=C4,,24,True,False
623-05-2,DTXSID8073920,4-Hydroxybenzenemethanol,C1=CC(=CC=C1CO)O,,9,True,False
873-76-7,DTXSID7073937,4-Chlorobenzenemethanol,C1=CC(=CC=C1CO)Cl,,9,True,False
4316-42-1,DTXSID8073976,1-Butylimidazole,CCCCN1C=CN=C1,,9,True,False
5976-47-6,DTXSID2073984,2-Chloro-2-propen-1-ol,C=C(CO)Cl,,5,True,False
15502-74-6,DTXSID0074007,Arsenite,[O-][As]([O-])[O-],,4,True,False
20280-10-8,DTXSID9074018,"N,N,N',N'-Tetrabutylmethylenediamine",CCCCN(CCCC)CN(CCCC)CCCC,,19,True,False
291-64-5,DTXSID0074269,Cycloheptane,C1CCCCCC1,,7,True,False
229-87-8,DTXSID3074288,Phenanthridine,C1=CC=C2C(=C1)C=NC3=CC=CC=C23,,14,True,False
19406-51-0,DTXSID8074312,"4-Amino-2,6-dinitrotoluene",CC1=C(C=C(C=C1[N+](=O)[O-])N)[N+](=O)[O-],,14,True,False
35523-89-8,DTXSID3074313,Saxitoxin,C1CN2C(=NC(C3C2(C1(O)O)NC(=N3)N)COC(=O)N)N,,21,True,False
100-38-9,DTXSID1074414,2-(Diethylamino)ethanethiol,CCN(CC)CCS,,8,True,False
1004-36-0,DTXSID6074415,"2,6-Dimethyl-4H-pyran-4-one",CC1=CC(=O)C=C(O1)C,,9,True,False
1011-92-3,DTXSID6074419,"2-Propenoic acid, 2-cyano-3-phenyl-",C1=CC=C(C=C1)C=C(C#N)C(=O)O,,13,True,False
10129-71-2,DTXSID0074421,"Pyridine, 2,6-bis(2-phenylethenyl)-",C1=CC=C(C=C1)C=CC2=NC(=CC=C2)C=CC3=CC=CC=C3,,22,True,False
1016-05-3,DTXSID5074424,"Dibenzothiophene 5,5-dioxide",C1=CC=C2C(=C1)C3=CC=CC=C3S2(=O)=O,,15,True,False
102-32-9,DTXSID9074430,"3,4-Dihydroxyphenylacetic acid",C1=CC(=C(C=C1CC(=O)O)O)O,,12,True,False
1068-07-1,DTXSID3074442,"Phosphonic acid, octyl-, diethyl ester",CCCCCCCCP(=O)(OCC)OCC,,16,True,False
109-11-5,DTXSID3074444,3-Morpholinone,C1COCC(=O)N1,,7,True,False
1096-84-0,DTXSID8074447,"1,1-Methylenedi-2-naphthol",C1=CC=C2C(=C1)C=CC(=C2CC3=C(C=CC4=CC=CC=C43)O)O,,23,True,False
1127-59-9,DTXSID7074456,7-Methylisatin,CC1=C2C(=CC=C1)C(=O)C(=O)N2,,12,True,False
1135-99-5,DTXSID7074458,"Stannane, dichlorodiphenyl-",C1=CC=[C]C=C1.C1=CC=[C]C=C1.[Cl-].[Cl-].[Sn+2],,15,True,False
1145-76-2,DTXSID1074462,"Benzene, 1-nitro-4-(phenylmethoxy)-",C1=CC=C(C=C1)COC2=CC=C(C=C2)[N+](=O)[O-],,17,True,False
1192-89-8,DTXSID6074465,"Mercury, bromophenyl-",C1=CC=[C]C=C1.[Br-].[Hg+],,8,True,False
120-13-8,DTXSID6074467,4-Ethoxy-3-methoxyphenylacetic acid,CCOC1=C(C=C(C=C1)CC(=O)O)OC,,15,True,False
1202-08-0,DTXSID1074468,5'-Isopropyl-2'-methylacetophenone,CC1=C(C=C(C=C1)C(C)C)C(=O)C,,13,True,False
120-44-5,DTXSID6074469,Desoxyanisoin,COC1=CC=C(C=C1)CC(=O)C2=CC=C(C=C2)OC,,19,True,False
120-88-7,DTXSID5074472,"N,N'-Didodecyldithiooxamide",CCCCCCCCCCCCNC(=S)C(=S)NCCCCCCCCCCCC,,30,True,False
1212-08-4,DTXSID9074480,"Benzenesulfonothioic acid, S-phenyl ester",C1=CC=C(C=C1)SS(=O)(=O)C2=CC=CC=C2,,16,True,False
122-25-8,DTXSID4074481,"5,5'-Methylenedisalicylic acid",C1=CC(=C(C=C1CC2=CC(=C(C=C2)O)C(=O)O)C(=O)O)O,,21,True,False
1262-21-1,DTXSID4074485,"Distannoxane, hexaphenyl-",C1=CC=[C]C=C1.C1=CC=[C]C=C1.C1=CC=[C]C=C1.C1=CC=[C]C=C1.C1=CC=[C]C=C1.C1=CC=[C]C=C1.O.[Sn].[Sn],,39,True,False
13001-28-0,DTXSID4074487,"Benzene, 1-chloro-4-(2-chloroethoxy)-",C1=CC(=CC=C1OCCCl)Cl,,11,True,False
13063-60-0,DTXSID3074490,"Morpholine, 4-octyl-",CCCCCCCCN1CCOCC1,,14,True,False
13104-21-7,DTXSID3074494,"Phosphoric acid, 2-bromo-1-(2,4-dichlorophenyl)ethenyl dimethyl ester",COP(=O)(OC)OC(=CBr)C1=C(C=C(C=C1)Cl)Cl,,18,True,False
131-79-3,DTXSID3074498,C.I. Solvent Yellow 6,CC1=CC=CC=C1N=NC2=C(C=CC3=CC=CC=C32)N,,20,True,False
13287-49-5,DTXSID5074503,"Thiocyanic acid, (4-nitrophenyl)methyl ester",C1=CC(=CC=C1CSC#N)[N+](=O)[O-],,13,True,False
139-85-5,DTXSID4074512,"Benzaldehyde, 3,4-dihydroxy-",C1=CC(=C(C=C1C=O)O)O,,10,True,False
13997-73-4,DTXSID9074513,4-Chloro-2-allylphenol,C=CCC1=C(C=CC(=C1)Cl)O,,11,True,False
14062-34-1,DTXSID4074516,3-Aminobenzoyl hydrazine,C1=CC(=CC(=C1)N)C(=O)NN,,11,True,False
14309-92-3,DTXSID8074522,p-Nitro-N-benzylaniline,C1=CC=C(C=C1)CNC2=CC=C(C=C2)[N+](=O)[O-],,17,True,False
14315-14-1,DTXSID3074523,5-Methylbenzo[b]thiophene,CC1=CC2=C(C=C1)SC=C2,,10,True,False
1455-18-1,DTXSID8074526,3-Methylbenzo[b]thiophene,CC1=CSC2=CC=CC=C12,,10,True,False
14593-43-2,DTXSID3074529,"Benzene, [(2-propenyloxy)methyl]-",C=CCOCC1=CC=CC=C1,,11,True,False
14617-85-7,DTXSID2074530,"Tetradecanoic acid, 4-nitrophenyl ester",CCCCCCCCCCCCCC(=O)OC1=CC=C(C=C1)[N+](=O)[O-],,25,True,False
1462-12-0,DTXSID7074531,"Propanedioic acid, ethylidene-, diethyl ester",CCOC(=O)C(=CC)C(=O)OCC,,13,True,False
1468-28-6,DTXSID7074533,"Morpholine, 4-benzoyl-",C1COCCN1C(=O)C2=CC=CC=C2,,14,True,False
14933-09-6,DTXSID2074538,"N-Tetradecyl-N,N-dimethyl-3-ammonio-1-propanesulfonate",CCCCCCCCCCCCCC[N+](C)(C)CCCS(=O)(=O)[O-],,24,True,False
1503-54-4,DTXSID6074542,2-(Acetyloxy)-5-iodobenzoic acid,CC(=O)OC1=C(C=C(C=C1)I)C(=O)O,,14,True,False
15071-56-4,DTXSID6074544,5-Methoxycanthin-6-one,COC1=CC2=NC=CC3=C2N(C1=O)C4=CC=CC=C34,,19,True,False
15175-04-9,DTXSID6074546,"Decanoic acid, 2-chloroethyl ester",CCCCCCCCCC(=O)OCCCl,,15,True,False
95-81-8,DTXSID0074554,"Benzenamine, 2-chloro-5-methyl-",CC1=CC(=C(C=C1)Cl)N,,9,True,False
628-92-2,DTXSID4074560,Cycloheptene,C1CCC=CCC1,,7,True,False
7783-36-0,DTXSID9074565,"Sulfuric acid, dimercury(1+) salt",[O-]S(=O)(=O)[O-].[Hg+].[Hg+],,7,True,False
6245-75-6,DTXSID8074607,".beta.-Alanine, N,N-bis(carboxymethyl)-",C(CN(CC(=O)O)CC(=O)O)C(=O)O,,14,True,False
7377-03-9,DTXSID8074609,"Octanamide, N-hydroxy-",CCCCCCCC(=O)NO,,11,True,False
3279-07-0,DTXSID9074642,"Phenol, 4-(1,1-dimethylethyl)-2-nitro-",CC(C)(C)C1=CC(=C(C=C1)O)[N+](=O)[O-],,14,True,False
858956-08-8,DTXSID0074683,Aminocyclopyrachlor,C1CC1C2=NC(=C(C(=N2)N)Cl)C(=O)O,,14,True,False
29812-79-1,DTXSID6074704,O-Decylhydroxylamine,CCCCCCCCCCON,,12,True,False
858954-83-3,DTXSID7074743,Aminocyclopyrachlor methyl ester,COC(=O)C1=C(C(=NC(=N1)C2CC2)N)Cl,,15,True,False
120068-36-2,DTXSID6074750,Fipronil Sulfone,C1=C(C=C(C(=C1Cl)N2C(=C(C(=N2)C#N)S(=O)(=O)C(F)(F)F)N)Cl)C(F)(F)F,,27,True,True
2642-80-0,DTXSID1074757,"DDMS(p,p')",C1=CC(=CC=C1C(CCl)C2=CC=C(C=C2)Cl)Cl,,17,True,False
2813-95-8,DTXSID3074816,Dinoseb acetate,CCC(C)C1=C(C(=CC(=C1)[N+](=O)[O-])[N+](=O)[O-])OC(=O)C,,20,True,False
590-66-9,DTXSID1074832,"1,1-Dimethylcyclohexane",CC1(CCCCC1)C,,8,True,False
598-70-9,DTXSID9074985,"2,2-Dibromoacetamide",C(C(=O)N)(Br)Br,,6,True,False
1928-58-1,DTXSID8074994,"2,4,5-T 3-(2-butoxyethoxy)propyl ester",CCCCOCCOCCCOC(=O)COC1=CC(=C(C=C1Cl)Cl)Cl,,25,True,False
15673-00-4,DTXSID8075091,"3,3-Dimethylbutylamine",CC(C)(C)CCN,,7,True,False
1589-61-3,DTXSID3075094,2-Cyclohexylidenehydrazinecarboxamide,C1CCC(=NNC(=O)N)CC1,,11,True,False
1605-65-8,DTXSID3075096,"Phosphorodiamidic chloride, tetramethyl-",CN(C)P(=O)(N(C)C)Cl,,9,True,False
1615-70-9,DTXSID8075099,"2,4-Pentadienenitrile",C=CC=CC#N,,6,True,False
16239-18-2,DTXSID0075100,"1,6-Dibromo-2-naphthol",C1=CC2=C(C=CC(=C2Br)O)C=C1Br,,13,True,False
1629-60-3,DTXSID0075102,1-Hexen-3-one,CCCC(=O)C=C,,7,True,False
1640-89-7,DTXSID5075109,Ethylcyclopentane,CCC1CCCC1,,7,True,False
1647-26-3,DTXSID9075111,"Cyclohexane, (2-bromoethyl)-",C1CCC(CC1)CCBr,,9,True,False
1778-09-2,DTXSID3075129,4'-(Methylmercapto)acetophenone,CC(=O)C1=CC=C(C=C1)SC,,11,True,False
18054-62-1,DTXSID2075134,"4,5-Diphenyl-2H-imidazol-2-one",C1=CC=C(C=C1)C2=NC(=O)N=C2C3=CC=CC=C3,,18,True,False
1809-21-8,DTXSID7075135,"Phosphonic acid, dipropyl ester",CCCO[P+](=O)OCCC,,10,True,False
1820-81-1,DTXSID7075137,5-Chlorouracil,C1=C(C(=O)NC(=O)N1)Cl,,9,True,False
1849-36-1,DTXSID1075145,4-Nitrothiophenol,C1=CC(=CC=C1[N+](=O)[O-])S,,10,True,False
1878-87-1,DTXSID0075154,(2-Nitrophenoxy)acetic acid,C1=CC=C(C(=C1)[N+](=O)[O-])OCC(=O)O,,14,True,False
18989-82-7,DTXSID5075157,"2,6-Bis(4-chlorobenzylidene)cyclohexanone",C1CC(=CC2=CC=C(C=C2)Cl)C(=O)C(=CC3=CC=C(C=C3)Cl)C1,,23,True,False
19463-48-0,DTXSID9075161,"Benzaldehyde, 3-chloro-4-hydroxy-5-methoxy-",COC1=C(C(=CC(=C1)C=O)Cl)O,,12,True,False
19523-57-0,DTXSID4075164,"1-Naphthalenecarboxaldehyde, 2-ethoxy-",CCOC1=C(C2=CC=CC=C2C=C1)C=O,,15,True,False
19617-84-6,DTXSID4075168,4'-Benzoylbenzanilide,C1=CC=C(C=C1)C(=O)C2=CC=C(C=C2)NC(=O)C3=CC=CC=C3,,23,True,False
978-86-9,DTXSID8075172,4-(Triphenylmethyl)phenol,C1=CC=C(C=C1)C(C2=CC=CC=C2)(C3=CC=CC=C3)C4=CC=C(C=C4)O,,26,True,False
998-91-4,DTXSID8075174,"2-Butenoic acid, 3-ethoxy-, ethyl ester",CCOC(=CC(=O)OCC)C,,11,True,False
1667-11-4,DTXSID6075190,"1,1'-Biphenyl, 4-(chloromethyl)-",C1=CC=C(C=C1)C2=CC=C(C=C2)CCl,,14,True,False
230-27-3,DTXSID1075199,Benzo[h]quinoline,C1=CC=C2C(=C1)C=CC3=C2N=CC=C3,,14,True,False
238-84-6,DTXSID3075204,11H-Benzo[a]fluorene,C1C2=CC=CC=C2C3=C1C4=CC=CC=C4C=C3,,17,True,False
24233-81-6,DTXSID3075208,"3,6,9,12,15,18,21,24-Octaoxatetratriacontan-1-ol",CCCCCCCCCCOCCOCCOCCOCCOCCOCCOCCOCCO,,35,True,False
613-31-0,DTXSID3075256,"Anthracene, 9,10-dihydro-",C1C2=CC=CC=C2CC3=CC=CC=C31,,14,True,False
589-90-2,DTXSID5075284,"1,4-Dimethylcyclohexane",CC1CCC(CC1)C,,8,True,False
23525-22-6,DTXSID0075316,"Arsinous cyanide, diphenyl-",C1=CC=C(C=C1)[As](C#N)C2=CC=CC=C2,,15,True,False
55-43-6,DTXSID3075337,N-(2-Chloroethyl)dibenzylamine hydrochloride,C1=CC=C(C=C1)CN(CCCl)CC2=CC=CC=C2.Cl,,19,True,False
60-81-1,DTXSID3075339,Phlorizin,C1=CC(=CC=C1CCC(=O)C2=C(C=C(C=C2OC3C(C(C(C(O3)CO)O)O)O)O)O)O,,31,True,False
66-99-9,DTXSID6075352,2-Naphthalenecarboxaldehyde,C1=CC=C2C=C(C=CC2=C1)C=O,,12,True,False
80-69-3,DTXSID6075358,"Propanedioic acid, hydroxy-",C(C(=O)O)(C(=O)O)O,,8,True,False
85-57-4,DTXSID0075360,2-(4-Hydroxybenzoyl)benzoic acid,C1=CC=C(C(=C1)C(=O)C2=CC=C(C=C2)O)C(=O)O,,18,True,False
87-64-9,DTXSID0075362,6-Chloro-o-cresol,CC1=C(C(=CC=C1)Cl)O,,9,True,False
88-03-9,DTXSID5075363,2-Methylphloroglucinol,CC1=C(C=C(C=C1O)O)O,,10,True,False
88-11-9,DTXSID0075364,"Carbamothioic chloride, diethyl-",CCN(CC)C(=S)Cl,,8,True,False
225-11-6,DTXSID9075371,Benz[a]acridine,C1=CC=C2C(=C1)C=CC3=NC4=CC=CC=C4C=C32,,18,True,False
279-23-2,DTXSID4075376,Bicyclo[2.2.1]heptane,C1CC2CCC1C2,,7,True,False
292-64-8,DTXSID9075377,Cyclooctane,C1CCCCCCC1,,8,True,False
303-33-3,DTXSID3075381,"Butanoic acid, 2-hydroxy-2-[(1R)-1-methoxyethyl]-3-methyl-, [(1S,7aR)-2,3,5,7a-tetrahydro-1-hydroxy-1H-pyrrolizin-7-yl]methyl ester, (2S)-",CC(C)C(C(C)OC)(C(=O)OCC1=CCN2C1C(CC2)O)O,,22,True,False
385-00-2,DTXSID7075391,"2,6-Difluorobenzoic acid",C1=CC(=C(C(=C1)F)C(=O)O)F,,11,True,False
402-45-9,DTXSID2075392,4-(Trifluoromethyl)phenol,C1=CC(=CC=C1C(F)(F)F)O,,11,True,True
475-91-2,DTXSID3075410,"1,3-Dioxolo[4,5-b]acridin-10(5H)-one, 4,11-dimethoxy-5-methyl-",CN1C2=CC=CC=C2C(=O)C3=C1C(=C4C(=C3OC)OCO4)OC,,23,True,False
481-42-5,DTXSID8075413,"1,4-Naphthalenedione, 5-hydroxy-2-methyl-",CC1=CC(=O)C2=C(C1=O)C=CC=C2O,,14,True,False
491-11-2,DTXSID3075416,"Phenol, 3-chloro-4-nitro-",C1=CC(=C(C=C1O)Cl)[N+](=O)[O-],,11,True,False
493-09-4,DTXSID8075419,"1,4-Benzodioxin, 2,3-dihydro-",C1COC2=CC=CC=C2O1,,10,True,False
497-56-3,DTXSID2075423,"Phenol, 2-methyl-3,5-dinitro-",CC1=C(C=C(C=C1O)[N+](=O)[O-])[N+](=O)[O-],,14,True,False
500-85-6,DTXSID2075425,"2,5-Cyclohexadien-1-one, 4-[(4-hydroxyphenyl)imino]-",C1=CC(=O)C=CC1=NC2=CC=C(C=C2)O,,15,True,False
500-99-2,DTXSID7075426,"Phenol, 3,5-dimethoxy-",COC1=CC(=CC(=C1)O)OC,,11,True,False
515-46-8,DTXSID7075428,"Benzenesulfonic acid, ethyl ester",CCOS(=O)(=O)C1=CC=CC=C1,,12,True,False
517-73-7,DTXSID2075429,"9(10H)-Acridinone, 1,2,3,4-tetramethoxy-10-methyl-",CN1C2=CC=CC=C2C(=O)C3=C1C(=C(C(=C3OC)OC)OC)OC,,24,True,False
518-44-5,DTXSID1075430,"Benzoic acid, 2-(3,6-dihydroxy-9H-xanthen-9-yl)-",C1=CC=C(C(=C1)C2C3=C(C=C(C=C3)O)OC4=C2C=CC(=C4)O)C(=O)O,,25,True,False
518-83-2,DTXSID6075431,"9,10-Anthracenedione, 1,3-dihydroxy-",C1=CC=C2C(=C1)C(=O)C3=C(C2=O)C(=CC(=C3)O)O,,18,True,False
462-94-2,DTXSID5075448,Cadaverine,C(CCN)CCN,,7,True,False
5779-94-2,DTXSID0075449,"2,5-Dimethylbenzaldehyde",CC1=CC(=C(C=C1)C)C=O,,10,True,False
203-12-3,DTXSID4075455,Benzo[ghi]fluoranthene,C1=CC2=C3C(=C1)C4=CC=CC5=C4C3=C(C=C2)C=C5,,18,True,False
38444-85-8,DTXSID7091549,"2,3,4'-Trichlorobiphenyl",C1=CC(=C(C(=C1)Cl)Cl)C2=CC=C(C=C2)Cl,,15,True,False
45298-90-6,DTXSID80108992,Perfluorooctanesulfonate,C(C(C(C(C(F)(F)S(=O)(=O)[O-])(F)F)(F)F)(F)F)(C(C(C(F)(F)F)(F)F)(F)F)(F)F,,29,True,True
632-68-8,DTXSID00110057,C.I.Acid Red 94,C1=C2C(=C(C(=C1I)[O-])I)OC3=C(C(=C(C=C3C24C5=C(C(=C(C(=C5Cl)Cl)Cl)Cl)C(=O)O4)I)[O-])I.[K+].[K+],,35,True,False
106040-48-6,DTXSID20147486,Tribenuron [ISO],CC1=NC(=NC(=N1)OC)N(C)C(=O)NS(=O)(=O)C2=CC=CC=C2C(=O)O,,26,True,False
1071-46-1,DTXSID10147915,Ethyl hydrogen malonate,CCOC(=O)CC(=O)O,,9,True,False
1119-46-6,DTXSID60149767,5-Chlorovaleric acid,C(CCCl)CC(=O)O,,8,True,False
1121-37-5,DTXSID70149910,Dicyclopropylketone,C1CC1C(=O)C2CC2,,8,True,False
135-67-1,DTXSID10159199,Phenoxazine,C1=CC=C2C(=C1)NC3=CC=CC=C3O2,,14,True,False
13980-00-2,DTXSID50161170,"1,3,5,7-Tetrazocine, octahydro-1-acetyl-3,5,7-trinitro-",CC(=O)N1CN(CN(CN(C1)[N+](=O)[O-])[N+](=O)[O-])[N+](=O)[O-],,20,True,False
13464-37-4,DTXSID40161442,Trisodium arsenite,[O-][As]([O-])[O-].[Na+].[Na+].[Na+],,7,True,False
1443-80-7,DTXSID10162668,4'-Cyanoacetophenone,CC(=O)C1=CC=C(C=C1)C#N,,11,True,False
1573-92-8,DTXSID30166244,9-Oxo-9H-fluorenecarboxylic acid,C1=CC=C2C(=C1)C3=C(C2=O)C(=CC=C3)C(=O)O,,17,True,False
15920-93-1,DTXSID60166611,beta-N-Methylamino-L-alanine,CNCC(C(=O)O)N,,8,True,False
16182-04-0,DTXSID50167253,Ethyl isothiocyanatoformate,CCOC(=O)N=C=S,,8,True,False
1655-45-4,DTXSID70167957,"Disodium naphthalene-2,6-disulphonate",C1=CC2=C(C=CC(=C2)S(=O)(=O)[O-])C=C1S(=O)(=O)[O-].[Na+].[Na+],,20,True,False
1930-72-9,DTXSID70172905,"Benzonitrile, 4-chloro-3,5-dinitro-",C1=C(C=C(C(=C1[N+](=O)[O-])Cl)[N+](=O)[O-])C#N,,15,True,False
1978-24-1,DTXSID90173474,"Oxonane, hexadecafluoro-",C1(C(C(C(C(OC(C(C1(F)F)(F)F)(F)F)(F)F)(F)F)(F)F)(F)F)(F)F,,25,True,True
1982-42-9,DTXSID00173541,"Acetamide, 2-(2,4-dichlorophenoxy)-",C1=CC(=C(C=C1Cl)Cl)OCC(=O)N,,13,True,False
2008-75-5,DTXSID20173902,"Piperidine, 1-(2-chloroethyl)-, hydrochloride",C1CCN(CC1)CCCl.Cl,,10,True,False
2040-96-2,DTXSID60174352,Propylcyclopentane,CCCC1CCCC1,,8,True,False
2176-98-9,DTXSID70176160,"Stannane, tetrapropyl-",CC[CH2].CC[CH2].CC[CH2].CC[CH2].[Sn],,13,True,False
2207-27-4,DTXSID20176559,"1,2,3,4-Tetrachloro-5,5-dimethoxycyclopenta-1,3-diene",COC1(C(=C(C(=C1Cl)Cl)Cl)Cl)OC,,13,True,False
22134-07-2,DTXSID50176668,"2,4,6-Trichlorophenyl isothiocyanate",C1=C(C=C(C(=C1Cl)N=C=S)Cl)Cl,,12,True,False
2215-20-5,DTXSID70176680,"Hydantoic acid, 1-phenyl-alpha-thio-",C1=CC=C(C=C1)NC(=S)NCC(=O)O,,14,True,False
22441-21-0,DTXSID10176982,"Disulfide, bis(pentachlorophenyl)",C1(=C(C(=C(C(=C1Cl)Cl)Cl)Cl)Cl)SSC2=C(C(=C(C(=C2Cl)Cl)Cl)Cl)Cl,,24,True,False
2253-73-8,DTXSID60177045,Isopropyl isothiocyanate,CC(C)N=C=S,,6,True,False
22643-20-5,DTXSID60177186,"Benzylamine, N,N-dioctyl-",CCCCCCCCN(CCCCCCCC)CC1=CC=CC=C1,,24,True,False
2281-11-0,DTXSID70177359,"N-hexadecyl-N,N-dimethyl-3-ammonio-1-propanesulfonate",CCCCCCCCCCCCCCCC[N+](C)(C)CCCS(=O)(=O)[O-],,26,True,False
2298-36-4,DTXSID60177525,(p-Aminophenoxy)acetic acid,C1=CC(=CC=C1N)OCC(=O)O,,12,True,False
2303-23-3,DTXSID80177582,"Benzene, 1-chloro-3-(4-nitrophenoxy)- (9CI)",C1=CC(=CC(=C1)Cl)OC2=CC=C(C=C2)[N+](=O)[O-],,17,True,False
2437-49-2,DTXSID90179113,"2,4,6-Tribromoresorcinol",C1=C(C(=C(C(=C1Br)O)Br)O)Br,,11,True,False
2439-85-2,DTXSID70179136,N-Bromophthalimide,C1=CC=C2C(=C1)C(=O)N(C2=O)Br,,12,True,False
2457-47-8,DTXSID60179307,"Pyridine, 3,5-dichloro-",C1=C(C=NC=C1Cl)Cl,,8,True,False
25366-23-8,DTXSID20180010,Thiazafluron [BSI:ISO],CNC(=O)N(C)C1=NN=C(S1)C(F)(F)F,,15,True,True
2556-42-5,DTXSID80180253,"Disulfide, bis(dipropylthiocarbamoyl)",CCCN(CCC)C(=S)SSC(=S)N(CCC)CCC,,20,True,False
2603-10-3,DTXSID00180674,Methyl phenylcarbamate,COC(=O)NC1=CC=CC=C1,,11,True,False
2610-63-1,DTXSID00180735,Isopropyl m-tolylcarbamate,CC1=CC(=CC=C1)NC(=O)OC(C)C,,14,True,False
2720-76-5,DTXSID90181670,Potassium hexylxanthate,CCCCCCOC(=S)[S-].[K+],,11,True,False
27205-03-4,DTXSID70181678,"2,2'-(Sulphonylbis(4,1-phenyleneoxy))bisethanol",C1=CC(=CC=C1OCCO)S(=O)(=O)C2=CC=C(C=C2)OCCO,,23,True,False
2749-70-4,DTXSID60181905,Preventol D2,C1=CC=C(C=C1)COCOCC2=CC=CC=C2,,17,True,False
27575-78-6,DTXSID70181976,"Benzene, 1,1',1''-methylidynetris(4-chloro-",C1=CC(=CC=C1C(C2=CC=C(C=C2)Cl)C3=CC=C(C=C3)Cl)Cl,,22,True,False
28343-61-5,DTXSID90182586,"4-Hydroxy-2,5,6-trichloroisophthalonitrile",C(#N)C1=C(C(=C(C(=C1Cl)C#N)Cl)Cl)O,,14,True,False
29096-93-3,DTXSID60183343,Dibromothymoquinone,CC1=C(C(=O)C(=C(C1=O)Br)C(C)C)Br,,14,True,False
2916-14-5,DTXSID90183417,Allyl chloroacetate,C=CCOC(=O)CCl,,8,True,False
2941-78-8,DTXSID40183629,2-Amino-5-methylbenzoic acid,CC1=CC(=C(C=C1)N)C(=O)O,,11,True,False
2944-58-3,DTXSID20183647,4-Chlorophenyl salicylate,C1=CC=C(C(=C1)C(=O)OC2=CC=C(C=C2)Cl)O,,17,True,False
3055-86-5,DTXSID20184639,3-Phenoxypropiononitrile,C1=CC=C(C=C1)OCCC#N,,11,True,False
31557-34-3,DTXSID90185456,"2-Methoxy-3,5,6-trichloropyridine",COC1=NC(=C(C=C1Cl)Cl)Cl,,11,True,False
3204-27-1,DTXSID50185856,Dinoterb acetate [ISO],CC(=O)OC1=C(C=C(C=C1[N+](=O)[O-])[N+](=O)[O-])C(C)(C)C,,20,True,False
3217-15-0,DTXSID50185952,"4-Bromo-2,6-dichlorophenol",C1=C(C=C(C(=C1Cl)O)Cl)Br,,10,True,False
3218-02-8,DTXSID10185958,Cyclohexanemethylamine,C1CCC(CC1)CN,,8,True,False
3260-87-5,DTXSID80186295,3-Chloro-o-cresol,CC1=C(C=CC=C1Cl)O,,9,True,False
32752-54-8,DTXSID50186424,4-(Bromomethyl)benzophenone,C1=CC=C(C=C1)C(=O)C2=CC=C(C=C2)CBr,,16,True,False
330-12-1,DTXSID20186633,4-(Trifluoromethoxy)benzoic acid,C1=CC(=CC=C1C(=O)O)OC(F)(F)F,,14,True,True
33719-74-3,DTXSID80187404,"3,5-Dichloroanisole",COC1=CC(=CC(=C1)Cl)Cl,,10,True,False
33813-20-6,DTXSID70187473,ETEM [BSI],C1CN2C(=N1)SSC2=S,,9,True,False
33817-09-3,DTXSID30187474,Levmetamfetamine,CC(CC1=CC=CC=C1)NC,,11,True,False
3563-45-9,DTXSID70189134,alpha-Chloro-DDT,C1=CC(=CC=C1C(C2=CC=C(C=C2)Cl)(C(Cl)(Cl)Cl)Cl)Cl,,20,True,False
3597-26-0,DTXSID50189516,Piperazine sulfate,C1CNCCN1.OS(=O)(=O)O,,11,True,False
36157-40-1,DTXSID60189724,"1-(2,5-Dichloro-3-thienyl)ethan-1-one",CC(=O)C1=C(SC(=C1)Cl)Cl,,10,True,False
36429-48-8,DTXSID10189951,m-(2-Phenoxyethoxy)phenol,C1=CC=C(C=C1)OCCOC2=CC=CC(=C2)O,,17,True,False
37677-17-1,DTXSID70191111,1-(Bromomethyl)cyclohexene,C1CCC(=CC1)CBr,,8,True,False
3862-08-6,DTXSID50191937,"Phenol, o-ethyl-, phosphate (6CI,7CI)",CCC1=CC=CC=C1OP(=O)(OC2=CC=CC=C2CC)OC3=CC=CC=C3CC,,29,True,False
39251-88-2,DTXSID30192503,Octyl 2-furoate,CCCCCCCCOC(=O)C1=CC=CO1,,16,True,False
394730-71-3,DTXSID20192613,Pyriprole [ISO],C1=CC=NC(=C1)CNC2=C(C(=NN2C3=C(C=C(C=C3Cl)C(F)(F)F)Cl)C#N)SC(F)F,,31,True,True
3964-57-6,DTXSID90192746,Methyl 3-chloro-4-hydroxybenzoate,COC(=O)C1=CC(=C(C=C1)O)Cl,,12,True,False
4005-51-0,DTXSID50193113,"2-Amino-1,3,4-thiadiazole",C1=NN=C(S1)N,,6,True,False
4097-49-8,DTXSID50193971,"4-tert-Butyl-2,6-dinitrophenol",CC(C)(C)C1=CC(=C(C(=C1)[N+](=O)[O-])O)[N+](=O)[O-],,17,True,False
4099-65-4,DTXSID00193986,"2-Hexyl-4,6-dinitrophenol",CCCCCCC1=C(C(=CC(=C1)[N+](=O)[O-])[N+](=O)[O-])O,,19,True,False
4104-75-0,DTXSID00194014,1-Methyl-1-phenylthiourea,CN(C1=CC=CC=C1)C(=S)N,,11,True,False
4160-51-4,DTXSID50194423,4'-Methoxybutyrophenone,CCCC(=O)C1=CC=C(C=C1)OC,,13,True,False
42116-76-7,DTXSID40194957,Carnidazole,CC1=NC=C(N1CCNC(=S)OC)[N+](=O)[O-],,16,True,False
4245-76-5,DTXSID70195230,N-Methyl-N'-nitroguanidine,CN=C(N)N[N+](=O)[O-],,8,True,False
4410-99-5,DTXSID60196039,Phenethyl mercaptan,C1=CC=C(C=C1)CCS,,9,True,False
4412-91-3,DTXSID70196045,3-Furanmethanol,C1=COC=C1CO,,7,True,False
4549-44-4,DTXSID50196528,N-Ethyl-N-butylnitrosamine,CCCCN(CC)N=O,,9,True,False
4659-47-6,DTXSID20196878,"2,3,6-Trichlorobenzaldehyde",C1=CC(=C(C(=C1Cl)C=O)Cl)Cl,,11,True,False
4780-79-4,DTXSID30197295,1-Hydroxymethylnaphthalene,C1=CC=C2C(=C1)C=CC=C2CO,,12,True,False
4920-77-8,DTXSID90197716,3-Methyl-2-nitrophenol,CC1=C(C(=CC=C1)O)[N+](=O)[O-],,11,True,False
4921-49-7,DTXSID00197722,8-Chlorocaffeine,CN1C2=C(N=C1Cl)N(C(=O)N(C2=O)C)C,,15,True,False
49625-21-0,DTXSID20197941,Golden Yellow,COC1=CC(=C(C=C1)NC(=O)NC2=CC=C(C=C2)C(=O)NCC(=O)CC(=O)O)[N+](=O)[O-],,31,True,False
50375-10-5,DTXSID60198432,"2,3,6-Trichloroanisole",COC1=C(C=CC(=C1Cl)Cl)Cl,,11,True,False
505-23-7,DTXSID40198516,"1,3-Dithiane",C1CSCSC1,,6,True,False
5111-65-9,DTXSID10199116,2-Bromo-6-methoxynaphthalene,COC1=CC2=C(C=C1)C=C(C=C2)Br,,13,True,False
519-26-6,DTXSID50199857,Iodomethamate sodium [NF],CN1C(=C(C(=O)C(=C1C(=O)[O-])I)I)C(=O)[O-].[Na+].[Na+],,18,True,False
5197-62-6,DTXSID30199936,2-(2-(2-Chloroethoxy)ethoxy)ethanol,C(COCCOCCCl)O,,10,True,False
528-75-6,DTXSID30200778,"2,4-Dinitrobenzaldehyde",C1=CC(=C(C=C1[N+](=O)[O-])[N+](=O)[O-])C=O,,14,True,False
52849-47-5,DTXSID70200838,2-(2-Hydroxyethoxy)ethyl myristate,CCCCCCCCCCCCCC(=O)OCCOCCO,,22,True,False
529-69-1,DTXSID20200949,Isoxanthopterin,C1=NC2=C(NC1=O)N=C(NC2=O)N,,13,True,False
5292-53-5,DTXSID30200975,Diethyl (phenylmethylene)malonate,CCOC(=O)C(=CC1=CC=CC=C1)C(=O)OCC,,18,True,False
532-55-8,DTXSID00201257,Benzoyl isothiocyanate,C1=CC=C(C=C1)C(=O)N=C=S,,11,True,False
5328-01-8,DTXSID30201402,Ethyl 1-naphthyl ether,CCOC1=CC=CC2=CC=CC=C21,,13,True,False
5338-65-8,DTXSID10201541,"Morpholine, 4-octanoyl-",CCCCCCCC(=O)N1CCOCC1,,15,True,False
5339-62-8,DTXSID40201554,5-Ethylsulphonyl-o-anisidine,CCS(=O)(=O)C1=CC(=C(C=C1)OC)N,,14,True,False
5351-51-9,DTXSID50201722,"4,5-Dimethylthiazole-2(3H)-thione",CC1=C(SC(=S)N1)C,,8,True,False
5398-44-7,DTXSID20202286,"2,6-Dichloroisonicotinic acid",C1=C(C=C(N=C1Cl)Cl)C(=O)O,,11,True,False
5405-13-0,DTXSID50202375,N-Benzyl-o-toluidine,CC1=CC=CC=C1NCC2=CC=CC=C2,,15,True,False
5406-33-7,DTXSID80202383,p-Chlorobenzyl acetate,CC(=O)OCC1=CC=C(C=C1)Cl,,12,True,False
5410-97-9,DTXSID00202446,3-Nitrodibenzofuran,C1=CC=C2C(=C1)C3=C(O2)C=C(C=C3)[N+](=O)[O-],,16,True,False
54135-80-7,DTXSID10202477,"2,3,4-Trichloroanisole",COC1=C(C(=C(C=C1)Cl)Cl)Cl,,11,True,False
5416-55-7,DTXSID40202506,"2,2,6,6-Tetrakis(hydroxymethyl)cyclohexanol",C1CC(C(C(C1)(CO)CO)O)(CO)CO,,15,True,False
547-32-0,DTXSID20203152,Sulfadiazine sodium,C1=CN=C(N=C1)[N-]S(=O)(=O)C2=CC=C(C=C2)N.[Na+],,18,True,False
5488-16-4,DTXSID10203368,"2,5-Dihydroxy-p-benzenediacetic acid",C1=C(C(=CC(=C1O)CC(=O)O)O)CC(=O)O,,16,True,False
550-60-7,DTXSID10203540,1-Nitro-2-naphthol,C1=CC=C2C(=C1)C=CC(=C2[N+](=O)[O-])O,,14,True,False
55303-98-5,DTXSID80203850,Avarol,CC1CCC2(C(C1(C)CC3=C(C=CC(=C3)O)O)CCC=C2C)C,,23,True,False
554-01-8,DTXSID50203948,5-Methylcytosine,CC1=C(NC(=O)N=C1)N,,9,True,False
5579-89-5,DTXSID30204357,Nifursemizone,CCN(C(=O)N)N=CC1=CC=C(O1)[N+](=O)[O-],,16,True,False
56207-39-7,DTXSID60204744,"Benzenamine, 3,6-dinitro-2-methyl- (9CI)",CC1=C(C=CC(=C1N)[N+](=O)[O-])[N+](=O)[O-],,14,True,False
5625-99-0,DTXSID40204803,"Phosphorodiamidic chloride, N,N'-diphenyl-",C1=CC=C(C=C1)NP(=O)(NC2=CC=CC=C2)Cl,,17,True,False
568-01-4,DTXSID50205346,Melicopine,CN1C2=CC=CC=C2C(=O)C3=C1C4=C(C(=C3OC)OC)OCO4,,23,True,False
56896-76-5,DTXSID30205420,6-Methylbenzothiazol-2-amine monohydrochloride,CC1=CC2=C(C=C1)N=C(S2)N.Cl,,12,True,False
5711-19-3,DTXSID80205733,Trimethyllead acetate,C.C.C.CC(=O)[O-].[Pb],,8,True,False
57157-80-9,DTXSID20205792,Adogen 283,CC(C)CCCCCCCCCCNCCCCCCCCCCC(C)C,,27,True,False
573-03-5,DTXSID70205909,4-Fluoro-1-naphthoic acid,C1=CC=C2C(=C1)C(=CC=C2F)C(=O)O,,14,True,False
57375-63-0,DTXSID80205970,Phenisopham [BSI:ISO],CCN(C1=CC=CC=C1)C(=O)OC2=CC=CC(=C2)NC(=O)OC(C)C,,25,True,False
579-93-1,DTXSID40206620,N-Benzoylanthranilic acid,C1=CC=C(C=C1)C(=O)NC2=CC=CC=C2C(=O)O,,18,True,False
5796-17-8,DTXSID70206673,Dopa D-form,C1=CC(=C(C=C1CC(C(=O)O)N)O)O,,14,True,False
5847-57-4,DTXSID50207163,"2,5-Dichloro-4-nitrophenol",C1=C(C(=CC(=C1Cl)O)Cl)[N+](=O)[O-],,12,True,False
5847-59-6,DTXSID10207164,"Phenol, 2-bromo-4-nitro- (8CI)(9CI)",C1=CC(=C(C=C1[N+](=O)[O-])Br)O,,11,True,False
59-00-7,DTXSID90207728,Xanthurenic acid,C1=CC2=C(C(=C1)O)NC(=CC2=O)C(=O)O,,15,True,False
590-34-1,DTXSID20207736,Allylarsonic acid,C=CC[As](=O)(O)O,,7,True,False
59229-75-3,DTXSID20207973,"2,6-Diamino-4-nitrotoluene",CC1=C(C=C(C=C1N)[N+](=O)[O-])N,,12,True,False
594-60-5,DTXSID60208126,"2,3-Dimethylbutan-2-ol",CC(C)C(C)(C)O,,7,True,False
5943-04-4,DTXSID90208154,1-Chloro-4-((chloromethyl)sulphonyl)benzene,C1=CC(=CC=C1S(=O)(=O)CCl)Cl,,12,True,False
598-52-7,DTXSID90208533,N-Methylthiourea,CNC(=S)N,,5,True,False
601-97-8,DTXSID60208848,3-Hydroxyphthalic acid,C1=CC(=C(C(=C1)O)C(=O)O)C(=O)O,,13,True,False
603-52-1,DTXSID80209054,Ethyl diphenylcarbamate,CCOC(=O)N(C1=CC=CC=C1)C2=CC=CC=C2,,18,True,False
603-85-0,DTXSID70209063,2-Amino-3-nitrophenol,C1=CC(=C(C(=C1)O)N)[N+](=O)[O-],,11,True,False
605-50-5,DTXSID80209236,Isoamyl phthalate,CC(C)CCOC(=O)C1=CC=CC=C1C(=O)OCCC(C)C,,22,True,False
605-94-7,DTXSID90209242,Ubiquinone-O,CC1=CC(=O)C(=C(C1=O)OC)OC,,13,True,False
606-22-4,DTXSID70209402,"2,6-Dinitroaniline",C1=CC(=C(C(=C1)[N+](=O)[O-])N)[N+](=O)[O-],,13,True,False
607-58-9,DTXSID80209514,"Naphthalene, 1-(phenylmethoxy)-",C1=CC=C(C=C1)COC2=CC=CC3=CC=CC=C32,,18,True,False
607-93-2,DTXSID90209520,"N-(2,4,6-Tribromophenyl)acetamide",CC(=O)NC1=C(C=C(C=C1Br)Br)Br,,13,True,False
609-89-2,DTXSID00209738,"Phenol, 2,4-dichloro-6-nitro-",C1=C(C=C(C(=C1[N+](=O)[O-])O)Cl)Cl,,12,True,False
610-02-6,DTXSID20209851,"2,3,4-Trihydroxybenzoic acid",C1=CC(=C(C(=C1C(=O)O)O)O)O,,12,True,False
6106-41-8,DTXSID30209943,Sodium valerate,CCCCC(=O)[O-].[Na+],,8,True,False
611-34-7,DTXSID80209978,5-Aminoquinoline,C1=CC(=C2C=CC=NC2=C1)N,,11,True,False
611-36-9,DTXSID50209980,4-Hydroxyquinoline,C1=CC=C2C(=C1)C(=O)C=CN2,,11,True,False
611-98-3,DTXSID20209997,"4,4'-Diaminobenzophenone",C1=CC(=CC=C1C(=O)C2=CC=C(C=C2)N)N,,16,True,False
613-62-7,DTXSID80210201,Benzyl 2-naphthyl ether,C1=CC=C(C=C1)COC2=CC3=CC=CC=C3C=C2,,18,True,False
616-72-8,DTXSID80210605,"m-Xylene, 4,6-dinitro-",CC1=CC(=C(C=C1[N+](=O)[O-])[N+](=O)[O-])C,,14,True,False
616-82-0,DTXSID20210609,4-Hydroxy-3-nitrobenzoic acid,C1=CC(=C(C=C1C(=O)O)[N+](=O)[O-])O,,13,True,False
618-73-5,DTXSID80210802,"3,4,5-Trihydroxybenzamide",C1=C(C=C(C(=C1O)O)O)C(=O)N,,12,True,False
618-85-9,DTXSID40210803,"3,5-Dinitrotoluene",CC1=CC(=CC(=C1)[N+](=O)[O-])[N+](=O)[O-],,13,True,False
62-13-5,DTXSID30211026,Adrenone hydrochloride,CNCC(=O)C1=CC(=C(C=C1)O)O.Cl,,14,True,False
620-34-8,DTXSID30211041,Methenamine salicylate,C1N2CN3CN1CN(C2)C3.C1=CC=C(C(=C1)C(=O)O)O,,20,True,False
623-00-7,DTXSID60211352,"Benzonitrile, 4-bromo-",C1=CC(=CC=C1C#N)Br,,9,True,False
6284-79-3,DTXSID90212014,"3,4-Dichlorobenzophenone",C1=CC=C(C=C1)C(=O)C2=CC(=C(C=C2)Cl)Cl,,16,True,False
6289-31-2,DTXSID50212055,Allyl stearate,CCCCCCCCCCCCCCCCCC(=O)OCC=C,,23,True,False
6291-36-7,DTXSID30212098,Mesalamine hydrochloride,C1=CC(=C(C=C1N)C(=O)O)O.Cl,,12,True,False
6295-44-9,DTXSID10212152,3-Hydroxyanthracene-2-carboxylic acid,C1=CC=C2C=C3C=C(C(=CC3=CC2=C1)C(=O)O)O,,18,True,False
6337-33-3,DTXSID10212773,"2,3-Dihydro-2,2-dimethylbenzofuran",CC1(CC2=CC=CC=C2O1)C,,11,True,False
634-83-3,DTXSID70212810,"2,3,4,5-Tetrachloroaniline",C1=C(C(=C(C(=C1Cl)Cl)Cl)Cl)N,,11,True,False
634-91-3,DTXSID30212811,"3,4,5-Trichloroaniline",C1=C(C=C(C(=C1Cl)Cl)Cl)N,,10,True,False
635-12-1,DTXSID10212899,"1,4-Anthraquinone",C1=CC=C2C=C3C(=O)C=CC(=O)C3=CC2=C1,,16,True,False
6378-19-4,DTXSID10213220,4-(Chloromethyl)-2-nitroanisole,COC1=C(C=C(C=C1)CCl)[N+](=O)[O-],,13,True,False
645-08-9,DTXSID40214745,Isovanillic acid,COC1=C(C=C(C=C1)C(=O)O)O,,12,True,False
6622-55-5,DTXSID70216414,2-((Phenylmethyl)amino)benzoic acid,C1=CC=C(C=C1)CNC2=CC=CC=C2C(=O)O,,17,True,False
6625-74-7,DTXSID30216455,Pivalanilide,CC(C)(C)C(=O)NC1=CC=CC=C1,,13,True,False
6628-68-8,DTXSID00216482,Diethyl 2-phenylethylmalonate,CCOC(=O)C(CCC1=CC=CC=C1)C(=O)OCC,,19,True,False
6629-29-4,DTXSID10216498,"2,4-Diamino-6-nitrotoluene",CC1=C(C=C(C=C1[N+](=O)[O-])N)N,,12,True,False
666-84-2,DTXSID40216769,Abietyl alcohol,CC(C)C1=CC2=CCC3C(CCCC3(C2CC1)C)(C)CO,,21,True,False
687-48-9,DTXSID40218829,"N,N-Dimethylurethane",CCOC(=O)N(C)C,,8,True,False
69004-03-1,DTXSID90219063,Toltrazuril,CC1=C(C=CC(=C1)N2C(=O)NC(=O)N(C2=O)C)OC3=CC=C(C=C3)SC(F)(F)F,,29,True,True
6972-05-0,DTXSID80220007,"1,1-Dimethyl-2-thiourea",CN(C)C(=S)N,,6,True,False
698-63-5,DTXSID30220097,5-Nitro-2-furaldehyde,C1=C(OC(=C1)[N+](=O)[O-])C=O,,10,True,False
700-38-9,DTXSID00220261,6-Nitro-m-cresol,CC1=CC(=C(C=C1)[N+](=O)[O-])O,,11,True,False
702-03-4,DTXSID20220465,3-Cyclohexylaminopropiononitrile,C1CCC(CC1)NCCC#N,,11,True,False
7245-02-5,DTXSID10222751,3-Methoxyflavone,COC1=C(OC2=CC=CC=C2C1=O)C3=CC=CC=C3,,19,True,False
7250-18-2,DTXSID80222809,Benzyl dimethyldithiocarbamate,CN(C)C(=S)SCC1=CC=CC=C1,,13,True,False
7307-02-0,DTXSID70223340,"Heptane-2,4-dione",CCCC(=O)CC(=O)C,,9,True,False
7597-97-9,DTXSID70226876,"Phenol, 2-tert-butyl-4-isopropyl-",CC(C)C1=CC(=C(C=C1)O)C(C)(C)C,,14,True,False
7693-52-9,DTXSID20227717,"Phenol, 4-bromo-2-nitro-",C1=CC(=C(C=C1Br)[N+](=O)[O-])O,,11,True,False
7727-73-3,DTXSID80228003,Sodium sulfate [USP],O.O.O.O.O.O.O.O.O.O.[O-]S(=O)(=O)[O-].[Na+].[Na+],,17,True,False
773-64-8,DTXSID90228019,"Benzenesulfonyl chloride, 2,4,6-trimethyl-",CC1=CC(=C(C(=C1)C)S(=O)(=O)Cl)C,,13,True,False
776-35-2,DTXSID20228264,"9,10-Dihydrophenanthrene",C1CC2=CC=CC=C2C3=CC=CC=C31,,14,True,False
7781-98-8,DTXSID10228435,Ethyl 3-hydroxybenzoate,CCOC(=O)C1=CC(=CC=C1)O,,12,True,False
79319-85-0,DTXSID20229615,Chuan HUA 018,C(NC1=NNC(=S)S1)NC2=NNC(=S)S2,,15,True,False
79755-43-4,DTXSID60229856,"3,5-Dibromo-2-(2,4-dibromophenoxy)phenol",C1=CC(=C(C=C1Br)Br)OC2=C(C=C(C=C2Br)Br)O,,18,True,False
813-19-4,DTXSID70231041,Hexabutyldistannane,CCC[CH2].CCC[CH2].CCC[CH2].CCC[CH2].CCC[CH2].CCC[CH2].[Sn].[Sn],,26,True,False
825-44-5,DTXSID00231796,"Benzo(b)thiophene 1,1-dioxide",C1=CC=C2C(=C1)C=CS2(=O)=O,,11,True,False
834-17-3,DTXSID30232317,m-(Benzyloxy)toluene,CC1=CC(=CC=C1)OCC2=CC=CC=C2,,15,True,False
834-25-3,DTXSID90232318,Benzyl p-tolyl ether,CC1=CC=C(C=C1)OCC2=CC=CC=C2,,15,True,False
835-79-0,DTXSID10232411,o-(Benzyloxy)anisole,COC1=CC=CC=C1OCC2=CC=CC=C2,,16,True,False
853-39-4,DTXSID60234501,Decafluorobenzophenone,C1(=C(C(=C(C(=C1F)F)F)F)F)C(=O)C2=C(C(=C(C(=C2F)F)F)F)F,,24,True,False
866-55-7,DTXSID20235690,Diethyltindichloride,C[CH2].C[CH2].[Cl-].[Cl-].[Sn+2],,7,True,False
873-63-2,DTXSID70236273,3-Chlorobenzyl alcohol,C1=CC(=CC(=C1)Cl)CO,,9,True,False
90-96-0,DTXSID50237985,"4,4'-Dimethoxybenzophenone",COC1=CC=C(C=C1)C(=O)C2=CC=C(C=C2)OC,,18,True,False
931-53-3,DTXSID90239266,Cyclohexyl isocyanide,[C-]#[N+]C1CCCCC1,,8,True,False
93379-54-5,DTXSID10239405,Esatenolol,CC(C)NCC(COC1=CC=C(C=C1)CC(=O)N)O,,19,True,False
936-51-6,DTXSID00239479,"2-Phenyl-1,3-dioxolane",C1COC(O1)C2=CC=CC=C2,,11,True,False
937-20-2,DTXSID50239540,"2,4'-Dichloroacetophenone",C1=CC(=CC=C1C(=O)CCl)Cl,,11,True,False
938-18-1,DTXSID20239653,Mesitoyl chloride,CC1=CC(=C(C(=C1)C)C(=O)Cl)C,,12,True,False
938-55-6,DTXSID20239658,"N(6),N(6)-Dimethyladenine",CN(C)C1=NC=NC2=C1NC=N2,,12,True,False
946-31-6,DTXSID10241548,"Phenol, 2-chloro-4,6-dinitro-",C1=C(C=C(C(=C1[N+](=O)[O-])O)Cl)[N+](=O)[O-],,14,True,False
947-72-8,DTXSID00241572,"Phenanthrene, 9-chloro-",C1=CC=C2C(=C1)C=C(C3=CC=CC=C23)Cl,,15,True,False
96507-86-7,DTXSID90242295,Diisoundecyl phthalate,CC(C)CCCCCCCCOC(=O)C1=CC=CC=C1C(=O)OCCCCCCCCC(C)C,,34,True,False
99-40-1,DTXSID90243929,4-(Chloroacetyl)catechol,C1=CC(=C(C=C1C(=O)CCl)O)O,,12,True,False
76578-12-6,DTXSID60273935,Quizalofop,CC(C(=O)O)OC1=CC=C(C=C1)OC2=CN=C3C=C(C=CC3=N2)Cl,,24,True,False
86393-32-0,DTXSID00273974,Ciprofloxacin hydrochloride hydrate (1:1:1),C1CC1N2C=C(C(=O)C3=CC(=C(C=C32)N4CCNCC4)F)C(=O)O.O.Cl,,26,True,False
86-40-8,DTXSID60273975,"3,6-Diamino-10-methylacridinium chloride",C[N+]1=C2C=C(C=CC2=CC3=C1C=C(C=C3)N)N.[Cl-],,18,True,False
2211-99-6,DTXSID00274022,"Benzenesulfonic acid, 4-(1-methylundecyl)-, sodium salt",CCCCCCCCCCC(C)C1=CC=C(C=C1)S(=O)(=O)[O-].[Na+],,23,True,False
29878-31-7,DTXSID50274037,4-Methyl-1H-benzotriazole,CC1=CC=CC2=NNN=C12,,10,True,False
65731-84-2,DTXSID80274146,RU 24501,CC1(C(C1C(=O)OC(C#N)C2=CC(=CC=C2)OC3=CC=CC=C3)C=C(Cl)Cl)C,,28,True,False
20056-92-2,DTXSID20274160,"7-Dodecen-1-ol,(7Z)-",CCCCC=CCCCCCCO,,13,True,False
14277-97-5,DTXSID20274180,L-Domoic acid,CC(C=CC=C(C)C1CNC(C1CC(=O)O)C(=O)O)C(=O)O,,22,True,False
788-41-0,DTXSID30277501,"2,2,3,3,4,4,5,5,6,6,7,7-dodecafluorooxepane",C1(C(C(C(OC(C1(F)F)(F)F)(F)F)(F)F)(F)F)(F)F,,19,True,True
699-08-1,DTXSID40277739,4-Iodophenetole,CCOC1=CC=C(C=C1)I,,10,True,False
3770-95-4,DTXSID10289228,cyclohexyl phenylcarbamate,C1CCC(CC1)OC(=O)NC2=CC=CC=C2,,16,True,False
2527-66-4,DTXSID00325841,UNII-81PV9X5Y68,CN1C(=O)C2=CC=CC=C2S1,,11,True,False
71283-28-8,DTXSID60332293,"(2R)-2-[4-(2,4-dichlorophenoxy)phenoxy]propanoic acid",CC(C(=O)O)OC1=CC=C(C=C1)OC2=C(C=C(C=C2)Cl)Cl,,21,True,False
3383-72-0,DTXSID10377513,1-(2-Chloroethoxy)-4-nitrobenzene,C1=CC(=CC=C1[N+](=O)[O-])OCCCl,,13,True,False
812-70-4,DTXSID90382620,"2H,2H,3H,3H-Perfluorodecanoic acid",C(CC(C(C(C(C(C(C(F)(F)F)(F)F)(F)F)(F)F)(F)F)(F)F)(F)F)C(=O)O,,27,True,True
27854-31-5,DTXSID50451109,"Decanoic acid, 3,3,4,4,5,5,6,6,7,7,8,8,9,9,10,10,10-heptadecafluoro-",C(C(=O)O)C(C(C(C(C(C(C(C(F)(F)F)(F)F)(F)F)(F)F)(F)F)(F)F)(F)F)(F)F,,29,True,True
53826-12-3,DTXSID50472556,"Octanoic acid, 3,3,4,4,5,5,6,6,7,7,8,8,8-tridecafluoro-",C(C(=O)O)C(C(C(C(C(C(F)(F)F)(F)F)(F)F)(F)F)(F)F)(F)F,,23,True,True
3439-73-4,DTXSID40474589,"Methanone, [4-(2-chloroethoxy)phenyl]phenyl-",C1=CC=C(C=C1)C(=O)C2=CC=C(C=C2)OCCCl,,18,True,False
75021-71-5,DTXSID70515398,"(2S)-2-[4-(2,4-Dichlorophenoxy)phenoxy]propanoic acid",CC(C(=O)O)OC1=CC=C(C=C1)OC2=C(C=C(C=C2)Cl)Cl,,21,True,False
154592-20-8,DTXSID20694061,Copper Pyrithione,C1=CC(=S)N(C=C1)[O-].[Cu+],,9,True,False
71758-44-6,DTXSID20698322,2-(2-Chloroanilino)benzaldehyde,C1=CC=C(C(=C1)C=O)NC2=CC=CC=C2Cl,,16,True,False
70887-84-2,DTXSID60825615,"3,4,4,5,5,6,6,7,7,8,8,9,9,10,10,10-Hexadecafluorodec-2-enoic acid",C(=C(C(C(C(C(C(C(C(F)(F)F)(F)F)(F)F)(F)F)(F)F)(F)F)(F)F)F)C(=O)O,,28,True,True
2004-70-8,DTXSID50858710,"(3E)-1,3-Pentadiene",CC=CC=C,,5,True,False
303-38-8,DTXSID70858712,"2,3-Dihydroxybenzoic acid",C1=CC(=C(C(=C1)O)O)C(=O)O,,11,True,False
447-53-0,DTXSID30858713,"1,2-Dihydronaphthalene",C1CC2=CC=CC=C2C=C1,,10,True,False
508-32-7,DTXSID90858714,"1,7,7-Trimethyltricyclo[2.2.1.02,6]heptane",CC1(C2CC3C1(C3C2)C)C,,10,True,False
10025-73-7,DTXSID20858722,Chromium chloride (CrCl3),[Cl-].[Cl-].[Cl-].[Cr+3],,4,True,False
127-27-5,DTXSID80858728,alpha-Pimaricacid,CC1(CCC2C(=C1)CCC3C2(CCCC3(C)C(=O)O)C)C=C,,22,True,False
513-48-4,DTXSID40858729,2-Iodobutane,CCC(C)I,,5,True,False
583-57-3,DTXSID50858730,"1,2-Dimethylcyclohexane",CC1CCCCC1C,,8,True,False
591-21-9,DTXSID10858731,"1,3-Dimethylcyclohexane",CC1CCCC(C1)C,,8,True,False
617-51-6,DTXSID70858732,Isopropyl lactate,CC(C)OC(=O)C(C)O,,9,True,False
712-48-1,DTXSID30858733,Diphenylchlorarsine,C1=CC=C(C=C1)[As](C2=CC=CC=C2)Cl,,14,True,False
1037-50-9,DTXSID50858735,Sodium sulfadimethoxine,COC1=NC(=NC(=C1)[N-]S(=O)(=O)C2=CC=C(C=C2)N)OC.[Na+],,22,True,False
1112-38-5,DTXSID10858736,"O,O-Dimethylthiophosphate",COP(=S)(O)OC,,7,True,False
1137-12-8,DTXSID90858739,(+)-Longicyclene,CC1(CCCC2(C3C1C4C2(C4C3)C)C)C,,15,True,False
1520-78-1,DTXSID00858740,Trimethyl lead chloride,C.C.C.[Cl-].[Pb],,5,True,False
1574-41-0,DTXSID60858741,"(3Z)-1,3-Pentadiene",CC=CC=C,,5,True,False
2207-01-4,DTXSID80858743,"(Z)-1,2-Dimethylcyclohexane",CC1CCCCC1C,,8,True,False
2386-53-0,DTXSID40858744,Sodium 1-dodecanesulfonate,CCCCCCCCCCCCS(=O)(=O)[O-].[Na+],,17,True,False
3073-66-3,DTXSID60858746,"1,1,3-Trimethylcyclohexane",CC1CCCC(C1)(C)C,,9,True,False
3296-50-2,DTXSID20858747,trans-Octahydro-1H-indene,C1CCC2CCCC2C1,,9,True,False
3772-55-2,DTXSID80858748,Dehydroabietol,CC(C)C1=CC2=C(C=C1)C3(CCCC(C3CC2)(C)CO)C,,21,True,False
4559-79-9,DTXSID40858749,"N,N,N',N'-Tetramethylbut-2-enylenediamine",CN(C)CC=CCN(C)C,,10,True,False
6382-06-5,DTXSID70858752,Pentyl 2-hydroxypropanoate,CCCCCOC(=O)C(C)O,,11,True,False
6876-23-9,DTXSID30858753,"1,trans-2-Dimethylcyclohexane",CC1CCCCC1C,,8,True,False
7681-55-2,DTXSID90858754,Sodium iodate,[O-]I(=O)=O.[Na+],,5,True,False
7704-67-8,DTXSID50858755,Erythromycin thiocyanate,CCC1C(C(C(C(=O)C(CC(C(C(C(C(C(=O)O1)C)OC2CC(C(C(O2)C)O)(C)OC)C)OC3C(C(CC(O3)C)N(C)C)O)(C)O)C)C)O)(C)O.C(#N)S,,54,True,False
7787-47-5,DTXSID10858756,Beryllium chloride,[Be+2].[Cl-].[Cl-],,3,True,False
10281-53-5,DTXSID30858758,(S)-trans-Pinane,CC1CCC2CC1C2(C)C,,10,True,False
11071-15-1,DTXSID60858781,Antimony potassium tartrate anhydrous,C(C(C(=O)[O-])[O-])(C(=O)[O-])[O-].C(C(C(=O)[O-])[O-])(C(=O)[O-])[O-].[K+].[K+].[Sb+3].[Sb+3],,24,True,False
19329-89-6,DTXSID00858801,Isopentyl lactate,CC(C)CCOC(=O)C(C)O,,11,True,False
29587-92-6,DTXSID80858804,"cis-1,2-Epoxycyclododecane",C1CCCCC2C(O2)CCC1,,11,True,False
16941-12-1,DTXSID30858819,Chloroplatinic acid,Cl.Cl.[Cl-].[Cl-].[Cl-].[Cl-].[Pt+4],,7,True,False
19078-35-4,DTXSID20858828,"4,10,11,11-Tetramethyltricyclo[5.3.1.01,5]undecane",CC1CCC23C1CC(C2(C)C)CCC3C,,15,True,False
59080-40-9,DTXSID70858838,"2,2',4,4',5,5'-Hexabromobiphenyl",C1=C(C(=CC(=C1Br)Br)Br)C2=CC(=C(C=C2Br)Br)Br,,18,True,False
38380-07-3,DTXSID50858932,"2,2',3,3',4,4'-Hexachlorobiphenyl",C1=CC(=C(C(=C1C2=C(C(=C(C=C2)Cl)Cl)Cl)Cl)Cl)Cl,,18,True,False
5566-34-7,DTXSID10858938,"2,2,4,5,6,7,8,8-Octachloro-2,3,3a,4,7,7a-hexahydro-4,7-methano-1H-indene",C1C2C(CC1(Cl)Cl)C3(C(=C(C2(C3(Cl)Cl)Cl)Cl)Cl)Cl,,18,True,False
592-43-8,DTXSID10860334,2-​Hexene,CCCC=CC,,6,True,False
105956-97-6,DTXSID80869455,Clinafloxacin,C1CC1N2C=C(C(=O)C3=CC(=C(C(=C32)Cl)N4CCC(C4)N)F)C(=O)O,,25,True,False
100-28-7,DTXSID80870440,1-Isocyanato-4-nitro-benzene,C1=CC(=CC=C1N=C=O)[N+](=O)[O-],,12,True,False
1921-70-6,DTXSID70870919,Norphytane,CC(C)CCCC(C)CCCC(C)CCCC(C)C,,19,True,False
59729-32-7,DTXSID40872344,Citalopram hydrobromide,CN(C)CCCC1(C2=C(CO1)C=C(C=C2)C#N)C3=CC=C(C=C3)F.Br,,25,True,False
1653-40-3,DTXSID50872375,6-Methyl-1-heptanol,CC(C)CCCCCO,,9,True,False
1837-57-6,DTXSID10872472,Ethacridine lactate,CCOC1=CC2=C(C3=C(C=C(C=C3)N)N=C2C=C1)N.CC(C(=O)O)O,,25,True,False
51590-67-1,DTXSID20872509,Monobutyltin oxide,[HH].CCC[CH2].O.[Sn],,7,True,False
27176-93-8,DTXSID00872587,2-[2-(2-Nonylphenoxy)ethoxy]ethan-1-ol,CCCCCCCCCC1=CC=CC=C1OCCOCCO,,22,True,False
225789-38-8,DTXSID00872789,Aluminum diethylphosphinate,CCP(=O)(CC)[O-].CCP(=O)(CC)[O-].CCP(=O)(CC)[O-].[Al+3],,22,True,False
131-74-8,DTXSID50872815,Ammonium picrate,C1=C(C=C(C(=C1[N+](=O)[O-])O)[N+](=O)[O-])[N+](=O)[O-].N,,17,True,False
7789-09-5,DTXSID70872953,Ammonium dichromate,[NH4+].[NH4+].O.O.O.O.O.[OH-].[OH-].[Cr].[Cr],,11,True,False
13138-45-9,DTXSID70872958,Nickel bis(nitrate),[N+](=O)([O-])[O-].[N+](=O)([O-])[O-].[Ni+2],,9,True,False
13389-42-9,DTXSID30872994,(2E)-2-Octene,CCCCCC=CC,,8,True,False
45187-15-3,DTXSID60873015,Perfluorobutanesulfonate,C(C(C(F)(F)S(=O)(=O)[O-])(F)F)(C(F)(F)F)(F)F,,17,True,True
593-51-1,DTXSID30873360,Methylammonium chloride (1:1),CN.Cl,,3,True,False
13071-11-9,DTXSID30873365,Dexpropranolol hydrochloride,CC(C)NCC(COC1=CC=CC2=CC=CC=C21)O.Cl,,20,True,False
