task,design,cohort,seed,model,record_id,compound_id,study_id,endpoint,observed,predicted,transport_key,test_chemical_seen_in_bio_train
final_similarity70_2,similarity70_cluster_2,primary216,42,full_multitask,BIO_5694,CMP_cfdde373a2a8c04668f0,10.1021/acs.est.6b01197,BAF,4.32,3.3678825550623257,2884ae204b18bf63,False
final_similarity70_2,similarity70_cluster_2,primary216,42,full_multitask,BIO_5695,CMP_cfdde373a2a8c04668f0,10.1021/acs.est.6b01197,BAF,2.4700000000000006,2.7657971543787845,2884ae204b18bf63,False
final_similarity70_2,similarity70_cluster_2,primary216,42,full_multitask,BIO_5696,CMP_cfdde373a2a8c04668f0,10.1021/acs.est.6b01197,BAF,4.35,3.4336950193000892,2884ae204b18bf63,False
final_similarity70_2,similarity70_cluster_2,primary216,42,full_multitask,BIO_6010,CMP_83aa37c8a37d61e51382,10.1021/acs.est.6b01197,BAF,3.29,2.3591389049985714,2884ae204b18bf63,False
final_similarity70_2,similarity70_cluster_2,primary216,42,full_multitask,BIO_6011,CMP_83aa37c8a37d61e51382,10.1021/acs.est.6b01197,BAF,1.3,2.264360459546011,2884ae204b18bf63,False
final_similarity70_2,similarity70_cluster_2,primary216,42,full_multitask,BIO_6012,CMP_83aa37c8a37d61e51382,10.1021/acs.est.6b01197,BAF,3.140000000000001,2.3757470521262194,2884ae204b18bf63,False
final_similarity70_2,similarity70_cluster_2,primary216,42,full_multitask,BIO_6384,CMP_cfdde373a2a8c04668f0,10.1021/acs.est.5b04299,BAF,3.798000000000001,3.4922136336926566,2884ae204b18bf63,False
final_similarity70_2,similarity70_cluster_2,primary216,42,full_multitask,BIO_6385,CMP_cfdde373a2a8c04668f0,10.1021/acs.est.5b04299,BAF,3.3090000000000006,3.4378112917405925,2884ae204b18bf63,False
final_similarity70_2,similarity70_cluster_2,primary216,42,full_multitask,BIO_6386,CMP_cfdde373a2a8c04668f0,10.1021/acs.est.5b04299,BAF,3.984,3.5281302222160598,2884ae204b18bf63,False
final_similarity70_2,similarity70_cluster_2,primary216,42,full_multitask,BIO_6387,CMP_cfdde373a2a8c04668f0,10.1021/acs.est.5b04299,BAF,3.4720000000000004,3.1861173983942925,2884ae204b18bf63,False
final_similarity70_2,similarity70_cluster_2,primary216,42,full_multitask,BIO_6388,CMP_cfdde373a2a8c04668f0,10.1021/acs.est.5b04299,BAF,3.4600000000000004,3.2342670512400247,2884ae204b18bf63,False
final_similarity70_2,similarity70_cluster_2,primary216,42,full_multitask,BIO_6389,CMP_cfdde373a2a8c04668f0,10.1021/acs.est.5b04299,BAF,3.770000000000001,3.6288438617531944,2884ae204b18bf63,False
final_similarity70_2,similarity70_cluster_2,primary216,42,full_multitask,BIO_6390,CMP_cfdde373a2a8c04668f0,10.1021/acs.est.5b04299,BAF,3.700000000000001,3.364938527023748,2884ae204b18bf63,False
final_similarity70_2,similarity70_cluster_2,primary216,42,full_multitask,BIO_6391,CMP_cfdde373a2a8c04668f0,10.1021/acs.est.5b04299,BAF,3.755000000000001,3.6259742382483453,2884ae204b18bf63,False
final_similarity70_2,similarity70_cluster_2,primary216,42,full_multitask,BIO_6392,CMP_cfdde373a2a8c04668f0,10.1021/acs.est.5b04299,BAF,3.646000000000001,3.257343084370488,2884ae204b18bf63,False
final_similarity70_2,similarity70_cluster_2,primary216,42,full_multitask,BIO_6393,CMP_cfdde373a2a8c04668f0,10.1021/acs.est.5b04299,BAF,2.870000000000001,2.6048803221261556,2884ae204b18bf63,False
final_similarity70_2,similarity70_cluster_2,primary216,42,full_multitask,BIO_6395,CMP_cfdde373a2a8c04668f0,10.1021/acs.est.5b04299,BAF,4.03,3.4647495385876295,2884ae204b18bf63,False
final_similarity70_2,similarity70_cluster_2,primary216,42,full_multitask,BIO_6396,CMP_cfdde373a2a8c04668f0,10.1021/acs.est.5b04299,BAF,3.873,3.300604185285593,2884ae204b18bf63,False
final_similarity70_2,similarity70_cluster_2,primary216,42,full_multitask,BIO_6397,CMP_cfdde373a2a8c04668f0,10.1021/acs.est.5b04299,BAF,4.301,3.4341182667116565,2884ae204b18bf63,False
final_similarity70_2,similarity70_cluster_2,primary216,42,full_multitask,BIO_6398,CMP_cfdde373a2a8c04668f0,10.1021/acs.est.5b04299,BAF,3.838000000000001,3.159964042616658,2884ae204b18bf63,False
final_similarity70_2,similarity70_cluster_2,primary216,42,full_multitask,BIO_6399,CMP_cfdde373a2a8c04668f0,10.1021/acs.est.5b04299,BAF,3.912000000000001,3.1707737607500643,2884ae204b18bf63,False
final_similarity70_2,similarity70_cluster_2,primary216,42,full_multitask,BIO_6400,CMP_cfdde373a2a8c04668f0,10.1021/acs.est.5b04299,BAF,4.0600000000000005,3.6686621150457097,2884ae204b18bf63,False
final_similarity70_2,similarity70_cluster_2,primary216,42,full_multitask,BIO_6401,CMP_cfdde373a2a8c04668f0,10.1021/acs.est.5b04299,BAF,3.954,3.1914844713747734,2884ae204b18bf63,False
final_similarity70_2,similarity70_cluster_2,primary216,42,full_multitask,BIO_6402,CMP_cfdde373a2a8c04668f0,10.1021/acs.est.5b04299,BAF,4.072000000000001,3.6537944415387766,2884ae204b18bf63,False
final_similarity70_2,similarity70_cluster_2,primary216,42,full_multitask,BIO_6403,CMP_cfdde373a2a8c04668f0,10.1021/acs.est.5b04299,BAF,3.9650000000000007,3.214788669759496,2884ae204b18bf63,False
final_similarity70_2,similarity70_cluster_2,primary216,42,full_multitask,BIO_6404,CMP_cfdde373a2a8c04668f0,10.1021/acs.est.5b04299,BAF,3.1950000000000003,2.3139407346997003,2884ae204b18bf63,False
final_similarity70_2,similarity70_cluster_2,primary216,42,full_multitask,BIO_6407,CMP_cfdde373a2a8c04668f0,10.1021/acs.est.9b04906,BAF,3.7848311781244695,3.333057038427156,2884ae204b18bf63,False
final_similarity70_2,similarity70_cluster_2,primary216,42,full_multitask,BIO_6605,CMP_83aa37c8a37d61e51382,10.1021/acs.est.7b02399,BAF,1.0,2.5275251653625617,2884ae204b18bf63,False
final_similarity70_2,similarity70_cluster_2,primary216,42,full_multitask,BIO_6606,CMP_83aa37c8a37d61e51382,10.1021/acs.est.7b02399,BAF,2.3364597338485296,2.5267795199277767,2884ae204b18bf63,False
final_similarity70_2,similarity70_cluster_2,primary216,42,full_multitask,BIO_6607,CMP_83aa37c8a37d61e51382,10.1021/acs.est.7b02399,BAF,2.663700925389648,2.512876834950701,2884ae204b18bf63,False
final_similarity70_2,similarity70_cluster_2,primary216,42,full_multitask,BIO_6608,CMP_83aa37c8a37d61e51382,10.1021/acs.est.7b02399,BAF,2.639486489268586,2.5259574157800406,2884ae204b18bf63,False
final_similarity70_2,similarity70_cluster_2,primary216,42,full_multitask,BIO_6609,CMP_83aa37c8a37d61e51382,10.1021/acs.est.7b02399,BAF,2.651278013998144,2.506786647638063,2884ae204b18bf63,False
final_similarity70_2,similarity70_cluster_2,primary216,42,full_multitask,BIO_6610,CMP_83aa37c8a37d61e51382,10.1021/acs.est.7b02399,BAF,2.8432327780980096,2.494188690811287,2884ae204b18bf63,False
final_similarity70_2,similarity70_cluster_2,primary216,42,full_multitask,BIO_6629,CMP_cfdde373a2a8c04668f0,10.1021/acs.est.7b02399,BAF,2.0863598306747484,3.5298095894106436,2884ae204b18bf63,False
final_similarity70_2,similarity70_cluster_2,primary216,42,full_multitask,BIO_6630,CMP_cfdde373a2a8c04668f0,10.1021/acs.est.7b02399,BAF,3.1398790864012365,3.5894368551409994,2884ae204b18bf63,False
final_similarity70_2,similarity70_cluster_2,primary216,42,full_multitask,BIO_6631,CMP_cfdde373a2a8c04668f0,10.1021/acs.est.7b02399,BAF,3.551449997972876,3.514972988067316,2884ae204b18bf63,False
final_similarity70_2,similarity70_cluster_2,primary216,42,full_multitask,BIO_6632,CMP_cfdde373a2a8c04668f0,10.1021/acs.est.7b02399,BAF,3.376576957056512,3.6001546325369995,2884ae204b18bf63,False
final_similarity70_2,similarity70_cluster_2,primary216,42,full_multitask,BIO_6633,CMP_cfdde373a2a8c04668f0,10.1021/acs.est.7b02399,BAF,3.447623097760286,3.6850647145134845,2884ae204b18bf63,False
final_similarity70_2,similarity70_cluster_2,primary216,42,full_multitask,BIO_6634,CMP_cfdde373a2a8c04668f0,10.1021/acs.est.7b02399,BAF,3.851869600729766,3.5278066133082473,2884ae204b18bf63,False
final_similarity70_2,similarity70_cluster_2,primary216,42,full_multitask,BIO_6737,CMP_5eaff469cfe578e26057,10.1021/acs.est.7b02259,BAF,1.1900000000000002,1.639713359774881,2884ae204b18bf63,False
final_similarity70_2,similarity70_cluster_2,primary216,42,full_multitask,BIO_6738,CMP_83aa37c8a37d61e51382,10.1021/acs.est.7b02259,BAF,2.56,2.0044912193985778,2884ae204b18bf63,False
final_similarity70_2,similarity70_cluster_2,primary216,42,full_multitask,BIO_6739,CMP_83aa37c8a37d61e51382,10.1021/acs.est.7b02259,BAF,2.3000000000000003,1.7560010077502992,2884ae204b18bf63,False
final_similarity70_2,similarity70_cluster_2,primary216,42,full_multitask,BIO_6740,CMP_cfdde373a2a8c04668f0,10.1021/acs.est.7b02259,BAF,3.86,3.6024223166608733,2884ae204b18bf63,False
final_similarity70_2,similarity70_cluster_2,primary216,42,full_multitask,BIO_6741,CMP_cfdde373a2a8c04668f0,10.1021/acs.est.7b02259,BAF,3.65,3.170802767922978,2884ae204b18bf63,False
final_similarity70_2,similarity70_cluster_2,primary216,42,full_multitask,BIO_6742,CMP_cfdde373a2a8c04668f0,10.1021/acs.est.7b02259,BAF,2.7300000000000004,2.437859723355082,2884ae204b18bf63,False
final_similarity70_2,similarity70_cluster_2,primary216,42,full_multitask,BIO_5723,CMP_5eaff469cfe578e26057,10.1016/j.scitotenv.2016.05.215,BCF,1.24,2.179442843687016,2884ae204b18bf63,False
final_similarity70_2,similarity70_cluster_2,primary216,42,full_multitask,BIO_5724,CMP_5eaff469cfe578e26057,10.1016/j.scitotenv.2016.05.215,BCF,1.27,2.1962834558298607,2884ae204b18bf63,False
final_similarity70_2,similarity70_cluster_2,primary216,42,full_multitask,BIO_5725,CMP_5eaff469cfe578e26057,10.1016/j.scitotenv.2016.05.215,BCF,0.66,1.5804042800157458,2884ae204b18bf63,False
final_similarity70_2,similarity70_cluster_2,primary216,42,full_multitask,BIO_5726,CMP_5eaff469cfe578e26057,10.1016/j.scitotenv.2016.05.215,BCF,1.72,1.825596147182005,2884ae204b18bf63,False
final_similarity70_2,similarity70_cluster_2,primary216,42,full_multitask,BIO_5727,CMP_5eaff469cfe578e26057,10.1016/j.scitotenv.2016.05.215,BCF,1.82,1.8714467428250883,2884ae204b18bf63,False
final_similarity70_2,similarity70_cluster_2,primary216,42,full_multitask,BIO_5995,CMP_83aa37c8a37d61e51382,10.1016/j.scitotenv.2016.05.215,BCF,2.56,2.5271675932244047,2884ae204b18bf63,False
final_similarity70_2,similarity70_cluster_2,primary216,42,full_multitask,BIO_5996,CMP_83aa37c8a37d61e51382,10.1016/j.scitotenv.2016.05.215,BCF,2.39,2.502786703851698,2884ae204b18bf63,False
final_similarity70_2,similarity70_cluster_2,primary216,42,full_multitask,BIO_5997,CMP_83aa37c8a37d61e51382,10.1016/j.scitotenv.2016.05.215,BCF,1.69,1.9035287953929518,2884ae204b18bf63,False
final_similarity70_2,similarity70_cluster_2,primary216,42,full_multitask,BIO_5998,CMP_83aa37c8a37d61e51382,10.1016/j.scitotenv.2016.05.215,BCF,1.56,1.9632670874329525,2884ae204b18bf63,False
final_similarity70_2,similarity70_cluster_2,primary216,42,full_multitask,BIO_5999,CMP_83aa37c8a37d61e51382,10.1016/j.scitotenv.2016.05.215,BCF,2.74,2.2099462596473956,2884ae204b18bf63,False
final_similarity70_2,similarity70_cluster_2,primary216,42,full_multitask,BIO_6000,CMP_83aa37c8a37d61e51382,10.1016/j.scitotenv.2016.05.215,BCF,2.58,2.1977676143692024,2884ae204b18bf63,False
final_similarity70_2,similarity70_cluster_2,primary216,42,full_multitask,BIO_6285,CMP_cfdde373a2a8c04668f0,10.1016/j.scitotenv.2016.05.215,BCF,3.64,3.7346018996462558,2884ae204b18bf63,False
final_similarity70_2,similarity70_cluster_2,primary216,42,full_multitask,BIO_6286,CMP_cfdde373a2a8c04668f0,10.1016/j.scitotenv.2016.05.215,BCF,3.55,3.702640822063104,2884ae204b18bf63,False
final_similarity70_2,similarity70_cluster_2,primary216,42,full_multitask,BIO_6287,CMP_cfdde373a2a8c04668f0,10.1016/j.scitotenv.2016.05.215,BCF,2.86,3.131025366399592,2884ae204b18bf63,False
final_similarity70_2,similarity70_cluster_2,primary216,42,full_multitask,BIO_6288,CMP_cfdde373a2a8c04668f0,10.1016/j.scitotenv.2016.05.215,BCF,2.73,3.0636069223912457,2884ae204b18bf63,False
final_similarity70_2,similarity70_cluster_2,primary216,42,full_multitask,BIO_6289,CMP_cfdde373a2a8c04668f0,10.1016/j.scitotenv.2016.05.215,BCF,3.82,3.4848329178505155,2884ae204b18bf63,False
final_similarity70_2,similarity70_cluster_2,primary216,42,full_multitask,BIO_6290,CMP_cfdde373a2a8c04668f0,10.1016/j.scitotenv.2016.05.215,BCF,3.51,3.494242469741482,2884ae204b18bf63,False
final_similarity70_2,similarity70_cluster_2,primary216,42,structure_context,BIO_5694,CMP_cfdde373a2a8c04668f0,10.1021/acs.est.6b01197,BAF,4.32,3.5518993894735025,2884ae204b18bf63,False
final_similarity70_2,similarity70_cluster_2,primary216,42,structure_context,BIO_5695,CMP_cfdde373a2a8c04668f0,10.1021/acs.est.6b01197,BAF,2.4700000000000006,2.9226978716452052,2884ae204b18bf63,False
final_similarity70_2,similarity70_cluster_2,primary216,42,structure_context,BIO_5696,CMP_cfdde373a2a8c04668f0,10.1021/acs.est.6b01197,BAF,4.35,3.5518993894735025,2884ae204b18bf63,False
final_similarity70_2,similarity70_cluster_2,primary216,42,structure_context,BIO_6010,CMP_83aa37c8a37d61e51382,10.1021/acs.est.6b01197,BAF,3.29,2.672923646622364,2884ae204b18bf63,False
final_similarity70_2,similarity70_cluster_2,primary216,42,structure_context,BIO_6011,CMP_83aa37c8a37d61e51382,10.1021/acs.est.6b01197,BAF,1.3,2.6060831197411467,2884ae204b18bf63,False
final_similarity70_2,similarity70_cluster_2,primary216,42,structure_context,BIO_6012,CMP_83aa37c8a37d61e51382,10.1021/acs.est.6b01197,BAF,3.140000000000001,2.672923646622364,2884ae204b18bf63,False
final_similarity70_2,similarity70_cluster_2,primary216,42,structure_context,BIO_6384,CMP_cfdde373a2a8c04668f0,10.1021/acs.est.5b04299,BAF,3.798000000000001,3.451919264902272,2884ae204b18bf63,False
final_similarity70_2,similarity70_cluster_2,primary216,42,structure_context,BIO_6385,CMP_cfdde373a2a8c04668f0,10.1021/acs.est.5b04299,BAF,3.3090000000000006,3.4187413513640257,2884ae204b18bf63,False
final_similarity70_2,similarity70_cluster_2,primary216,42,structure_context,BIO_6386,CMP_cfdde373a2a8c04668f0,10.1021/acs.est.5b04299,BAF,3.984,3.5521584106619755,2884ae204b18bf63,False
final_similarity70_2,similarity70_cluster_2,primary216,42,structure_context,BIO_6387,CMP_cfdde373a2a8c04668f0,10.1021/acs.est.5b04299,BAF,3.4720000000000004,3.472391409638975,2884ae204b18bf63,False
final_similarity70_2,similarity70_cluster_2,primary216,42,structure_context,BIO_6388,CMP_cfdde373a2a8c04668f0,10.1021/acs.est.5b04299,BAF,3.4600000000000004,3.4183340833045146,2884ae204b18bf63,False
final_similarity70_2,similarity70_cluster_2,primary216,42,structure_context,BIO_6389,CMP_cfdde373a2a8c04668f0,10.1021/acs.est.5b04299,BAF,3.770000000000001,3.6777396411441083,2884ae204b18bf63,False
final_similarity70_2,similarity70_cluster_2,primary216,42,structure_context,BIO_6390,CMP_cfdde373a2a8c04668f0,10.1021/acs.est.5b04299,BAF,3.700000000000001,3.6695854577947005,2884ae204b18bf63,False
final_similarity70_2,similarity70_cluster_2,primary216,42,structure_context,BIO_6391,CMP_cfdde373a2a8c04668f0,10.1021/acs.est.5b04299,BAF,3.755000000000001,3.782213120592254,2884ae204b18bf63,False
final_similarity70_2,similarity70_cluster_2,primary216,42,structure_context,BIO_6392,CMP_cfdde373a2a8c04668f0,10.1021/acs.est.5b04299,BAF,3.646000000000001,3.283560908941297,2884ae204b18bf63,False
final_similarity70_2,similarity70_cluster_2,primary216,42,structure_context,BIO_6393,CMP_cfdde373a2a8c04668f0,10.1021/acs.est.5b04299,BAF,2.870000000000001,2.6251302046709974,2884ae204b18bf63,False
final_similarity70_2,similarity70_cluster_2,primary216,42,structure_context,BIO_6395,CMP_cfdde373a2a8c04668f0,10.1021/acs.est.5b04299,BAF,4.03,3.451919264902272,2884ae204b18bf63,False
final_similarity70_2,similarity70_cluster_2,primary216,42,structure_context,BIO_6396,CMP_cfdde373a2a8c04668f0,10.1021/acs.est.5b04299,BAF,3.873,3.4187413513640257,2884ae204b18bf63,False
final_similarity70_2,similarity70_cluster_2,primary216,42,structure_context,BIO_6397,CMP_cfdde373a2a8c04668f0,10.1021/acs.est.5b04299,BAF,4.301,3.5521584106619755,2884ae204b18bf63,False
final_similarity70_2,similarity70_cluster_2,primary216,42,structure_context,BIO_6398,CMP_cfdde373a2a8c04668f0,10.1021/acs.est.5b04299,BAF,3.838000000000001,3.472391409638975,2884ae204b18bf63,False
final_similarity70_2,similarity70_cluster_2,primary216,42,structure_context,BIO_6399,CMP_cfdde373a2a8c04668f0,10.1021/acs.est.5b04299,BAF,3.912000000000001,3.4183340833045146,2884ae204b18bf63,False
final_similarity70_2,similarity70_cluster_2,primary216,42,structure_context,BIO_6400,CMP_cfdde373a2a8c04668f0,10.1021/acs.est.5b04299,BAF,4.0600000000000005,3.6777396411441083,2884ae204b18bf63,False
final_similarity70_2,similarity70_cluster_2,primary216,42,structure_context,BIO_6401,CMP_cfdde373a2a8c04668f0,10.1021/acs.est.5b04299,BAF,3.954,3.6695854577947005,2884ae204b18bf63,False
final_similarity70_2,similarity70_cluster_2,primary216,42,structure_context,BIO_6402,CMP_cfdde373a2a8c04668f0,10.1021/acs.est.5b04299,BAF,4.072000000000001,3.782213120592254,2884ae204b18bf63,False
final_similarity70_2,similarity70_cluster_2,primary216,42,structure_context,BIO_6403,CMP_cfdde373a2a8c04668f0,10.1021/acs.est.5b04299,BAF,3.9650000000000007,3.283560908941297,2884ae204b18bf63,False
final_similarity70_2,similarity70_cluster_2,primary216,42,structure_context,BIO_6404,CMP_cfdde373a2a8c04668f0,10.1021/acs.est.5b04299,BAF,3.1950000000000003,2.6251302046709974,2884ae204b18bf63,False
final_similarity70_2,similarity70_cluster_2,primary216,42,structure_context,BIO_6407,CMP_cfdde373a2a8c04668f0,10.1021/acs.est.9b04906,BAF,3.7848311781244695,3.192622324491929,2884ae204b18bf63,False
final_similarity70_2,similarity70_cluster_2,primary216,42,structure_context,BIO_6605,CMP_83aa37c8a37d61e51382,10.1021/acs.est.7b02399,BAF,1.0,3.1548582828562033,2884ae204b18bf63,False
final_similarity70_2,similarity70_cluster_2,primary216,42,structure_context,BIO_6606,CMP_83aa37c8a37d61e51382,10.1021/acs.est.7b02399,BAF,2.3364597338485296,3.1548582828562033,2884ae204b18bf63,False
final_similarity70_2,similarity70_cluster_2,primary216,42,structure_context,BIO_6607,CMP_83aa37c8a37d61e51382,10.1021/acs.est.7b02399,BAF,2.663700925389648,3.1548582828562033,2884ae204b18bf63,False
final_similarity70_2,similarity70_cluster_2,primary216,42,structure_context,BIO_6608,CMP_83aa37c8a37d61e51382,10.1021/acs.est.7b02399,BAF,2.639486489268586,3.1548582828562033,2884ae204b18bf63,False
final_similarity70_2,similarity70_cluster_2,primary216,42,structure_context,BIO_6609,CMP_83aa37c8a37d61e51382,10.1021/acs.est.7b02399,BAF,2.651278013998144,3.1548582828562033,2884ae204b18bf63,False
final_similarity70_2,similarity70_cluster_2,primary216,42,structure_context,BIO_6610,CMP_83aa37c8a37d61e51382,10.1021/acs.est.7b02399,BAF,2.8432327780980096,3.1548582828562033,2884ae204b18bf63,False
final_similarity70_2,similarity70_cluster_2,primary216,42,structure_context,BIO_6629,CMP_cfdde373a2a8c04668f0,10.1021/acs.est.7b02399,BAF,2.0863598306747484,3.7505398392770544,2884ae204b18bf63,False
final_similarity70_2,similarity70_cluster_2,primary216,42,structure_context,BIO_6630,CMP_cfdde373a2a8c04668f0,10.1021/acs.est.7b02399,BAF,3.1398790864012365,3.7505398392770544,2884ae204b18bf63,False
final_similarity70_2,similarity70_cluster_2,primary216,42,structure_context,BIO_6631,CMP_cfdde373a2a8c04668f0,10.1021/acs.est.7b02399,BAF,3.551449997972876,3.7505398392770544,2884ae204b18bf63,False
final_similarity70_2,similarity70_cluster_2,primary216,42,structure_context,BIO_6632,CMP_cfdde373a2a8c04668f0,10.1021/acs.est.7b02399,BAF,3.376576957056512,3.7505398392770544,2884ae204b18bf63,False
final_similarity70_2,similarity70_cluster_2,primary216,42,structure_context,BIO_6633,CMP_cfdde373a2a8c04668f0,10.1021/acs.est.7b02399,BAF,3.447623097760286,3.7505398392770544,2884ae204b18bf63,False
final_similarity70_2,similarity70_cluster_2,primary216,42,structure_context,BIO_6634,CMP_cfdde373a2a8c04668f0,10.1021/acs.est.7b02399,BAF,3.851869600729766,3.7505398392770544,2884ae204b18bf63,False
final_similarity70_2,similarity70_cluster_2,primary216,42,structure_context,BIO_6737,CMP_5eaff469cfe578e26057,10.1021/acs.est.7b02259,BAF,1.1900000000000002,1.689051890468505,2884ae204b18bf63,False
final_similarity70_2,similarity70_cluster_2,primary216,42,structure_context,BIO_6738,CMP_83aa37c8a37d61e51382,10.1021/acs.est.7b02259,BAF,2.56,2.364629574699422,2884ae204b18bf63,False
final_similarity70_2,similarity70_cluster_2,primary216,42,structure_context,BIO_6739,CMP_83aa37c8a37d61e51382,10.1021/acs.est.7b02259,BAF,2.3000000000000003,2.0771616798964265,2884ae204b18bf63,False
final_similarity70_2,similarity70_cluster_2,primary216,42,structure_context,BIO_6740,CMP_cfdde373a2a8c04668f0,10.1021/acs.est.7b02259,BAF,3.86,3.5521584106619755,2884ae204b18bf63,False
final_similarity70_2,similarity70_cluster_2,primary216,42,structure_context,BIO_6741,CMP_cfdde373a2a8c04668f0,10.1021/acs.est.7b02259,BAF,3.65,3.283560908941297,2884ae204b18bf63,False
final_similarity70_2,similarity70_cluster_2,primary216,42,structure_context,BIO_6742,CMP_cfdde373a2a8c04668f0,10.1021/acs.est.7b02259,BAF,2.7300000000000004,2.6251302046709974,2884ae204b18bf63,False
final_similarity70_2,similarity70_cluster_2,primary216,42,structure_context,BIO_5723,CMP_5eaff469cfe578e26057,10.1016/j.scitotenv.2016.05.215,BCF,1.24,2.2188035164336197,2884ae204b18bf63,False
final_similarity70_2,similarity70_cluster_2,primary216,42,structure_context,BIO_5724,CMP_5eaff469cfe578e26057,10.1016/j.scitotenv.2016.05.215,BCF,1.27,2.2188035164336197,2884ae204b18bf63,False
final_similarity70_2,similarity70_cluster_2,primary216,42,structure_context,BIO_5725,CMP_5eaff469cfe578e26057,10.1016/j.scitotenv.2016.05.215,BCF,0.66,1.5386305661983162,2884ae204b18bf63,False
final_similarity70_2,similarity70_cluster_2,primary216,42,structure_context,BIO_5726,CMP_5eaff469cfe578e26057,10.1016/j.scitotenv.2016.05.215,BCF,1.72,1.812090171989415,2884ae204b18bf63,False
final_similarity70_2,similarity70_cluster_2,primary216,42,structure_context,BIO_5727,CMP_5eaff469cfe578e26057,10.1016/j.scitotenv.2016.05.215,BCF,1.82,1.812090171989415,2884ae204b18bf63,False
final_similarity70_2,similarity70_cluster_2,primary216,42,structure_context,BIO_5995,CMP_83aa37c8a37d61e51382,10.1016/j.scitotenv.2016.05.215,BCF,2.56,2.5883004511045966,2884ae204b18bf63,False
final_similarity70_2,similarity70_cluster_2,primary216,42,structure_context,BIO_5996,CMP_83aa37c8a37d61e51382,10.1016/j.scitotenv.2016.05.215,BCF,2.39,2.5883004511045966,2884ae204b18bf63,False
final_similarity70_2,similarity70_cluster_2,primary216,42,structure_context,BIO_5997,CMP_83aa37c8a37d61e51382,10.1016/j.scitotenv.2016.05.215,BCF,1.69,2.0209367155146643,2884ae204b18bf63,False
final_similarity70_2,similarity70_cluster_2,primary216,42,structure_context,BIO_5998,CMP_83aa37c8a37d61e51382,10.1016/j.scitotenv.2016.05.215,BCF,1.56,2.0209367155146643,2884ae204b18bf63,False
final_similarity70_2,similarity70_cluster_2,primary216,42,structure_context,BIO_5999,CMP_83aa37c8a37d61e51382,10.1016/j.scitotenv.2016.05.215,BCF,2.74,2.3039559947896677,2884ae204b18bf63,False
final_similarity70_2,similarity70_cluster_2,primary216,42,structure_context,BIO_6000,CMP_83aa37c8a37d61e51382,10.1016/j.scitotenv.2016.05.215,BCF,2.58,2.3039559947896677,2884ae204b18bf63,False
final_similarity70_2,similarity70_cluster_2,primary216,42,structure_context,BIO_6285,CMP_cfdde373a2a8c04668f0,10.1016/j.scitotenv.2016.05.215,BCF,3.64,3.4532044179717416,2884ae204b18bf63,False
final_similarity70_2,similarity70_cluster_2,primary216,42,structure_context,BIO_6286,CMP_cfdde373a2a8c04668f0,10.1016/j.scitotenv.2016.05.215,BCF,3.55,3.4532044179717416,2884ae204b18bf63,False
final_similarity70_2,similarity70_cluster_2,primary216,42,structure_context,BIO_6287,CMP_cfdde373a2a8c04668f0,10.1016/j.scitotenv.2016.05.215,BCF,2.86,2.928351590099917,2884ae204b18bf63,False
final_similarity70_2,similarity70_cluster_2,primary216,42,structure_context,BIO_6288,CMP_cfdde373a2a8c04668f0,10.1016/j.scitotenv.2016.05.215,BCF,2.73,2.928351590099917,2884ae204b18bf63,False
final_similarity70_2,similarity70_cluster_2,primary216,42,structure_context,BIO_6289,CMP_cfdde373a2a8c04668f0,10.1016/j.scitotenv.2016.05.215,BCF,3.82,3.28391851611033,2884ae204b18bf63,False
final_similarity70_2,similarity70_cluster_2,primary216,42,structure_context,BIO_6290,CMP_cfdde373a2a8c04668f0,10.1016/j.scitotenv.2016.05.215,BCF,3.51,3.28391851611033,2884ae204b18bf63,False
final_similarity70_2,similarity70_cluster_2,primary216,42,transport_context,BIO_5694,CMP_cfdde373a2a8c04668f0,10.1021/acs.est.6b01197,BAF,4.32,1.8725911173990086,2884ae204b18bf63,False
final_similarity70_2,similarity70_cluster_2,primary216,42,transport_context,BIO_5695,CMP_cfdde373a2a8c04668f0,10.1021/acs.est.6b01197,BAF,2.4700000000000006,2.0014434228748614,2884ae204b18bf63,False
final_similarity70_2,similarity70_cluster_2,primary216,42,transport_context,BIO_5696,CMP_cfdde373a2a8c04668f0,10.1021/acs.est.6b01197,BAF,4.35,2.21902096171664,2884ae204b18bf63,False
final_similarity70_2,similarity70_cluster_2,primary216,42,transport_context,BIO_6010,CMP_83aa37c8a37d61e51382,10.1021/acs.est.6b01197,BAF,3.29,0.7635392362848608,2884ae204b18bf63,False
final_similarity70_2,similarity70_cluster_2,primary216,42,transport_context,BIO_6011,CMP_83aa37c8a37d61e51382,10.1021/acs.est.6b01197,BAF,1.3,1.0420056744895039,2884ae204b18bf63,False
final_similarity70_2,similarity70_cluster_2,primary216,42,transport_context,BIO_6012,CMP_83aa37c8a37d61e51382,10.1021/acs.est.6b01197,BAF,3.140000000000001,0.8427895571760842,2884ae204b18bf63,False
final_similarity70_2,similarity70_cluster_2,primary216,42,transport_context,BIO_6384,CMP_cfdde373a2a8c04668f0,10.1021/acs.est.5b04299,BAF,3.798000000000001,3.2370996995188706,2884ae204b18bf63,False
final_similarity70_2,similarity70_cluster_2,primary216,42,transport_context,BIO_6385,CMP_cfdde373a2a8c04668f0,10.1021/acs.est.5b04299,BAF,3.3090000000000006,3.1327361835279395,2884ae204b18bf63,False
final_similarity70_2,similarity70_cluster_2,primary216,42,transport_context,BIO_6386,CMP_cfdde373a2a8c04668f0,10.1021/acs.est.5b04299,BAF,3.984,2.037345805127221,2884ae204b18bf63,False
final_similarity70_2,similarity70_cluster_2,primary216,42,transport_context,BIO_6387,CMP_cfdde373a2a8c04668f0,10.1021/acs.est.5b04299,BAF,3.4720000000000004,2.353466516116827,2884ae204b18bf63,False
final_similarity70_2,similarity70_cluster_2,primary216,42,transport_context,BIO_6388,CMP_cfdde373a2a8c04668f0,10.1021/acs.est.5b04299,BAF,3.4600000000000004,3.252985202613289,2884ae204b18bf63,False
final_similarity70_2,similarity70_cluster_2,primary216,42,transport_context,BIO_6389,CMP_cfdde373a2a8c04668f0,10.1021/acs.est.5b04299,BAF,3.770000000000001,3.1033835949720205,2884ae204b18bf63,False
final_similarity70_2,similarity70_cluster_2,primary216,42,transport_context,BIO_6390,CMP_cfdde373a2a8c04668f0,10.1021/acs.est.5b04299,BAF,3.700000000000001,3.1572038690242183,2884ae204b18bf63,False
final_similarity70_2,similarity70_cluster_2,primary216,42,transport_context,BIO_6391,CMP_cfdde373a2a8c04668f0,10.1021/acs.est.5b04299,BAF,3.755000000000001,3.358972887840805,2884ae204b18bf63,False
final_similarity70_2,similarity70_cluster_2,primary216,42,transport_context,BIO_6392,CMP_cfdde373a2a8c04668f0,10.1021/acs.est.5b04299,BAF,3.646000000000001,1.550623909621357,2884ae204b18bf63,False
final_similarity70_2,similarity70_cluster_2,primary216,42,transport_context,BIO_6393,CMP_cfdde373a2a8c04668f0,10.1021/acs.est.5b04299,BAF,2.870000000000001,1.125217663806072,2884ae204b18bf63,False
final_similarity70_2,similarity70_cluster_2,primary216,42,transport_context,BIO_6395,CMP_cfdde373a2a8c04668f0,10.1021/acs.est.5b04299,BAF,4.03,2.8589882166200455,2884ae204b18bf63,False
final_similarity70_2,similarity70_cluster_2,primary216,42,transport_context,BIO_6396,CMP_cfdde373a2a8c04668f0,10.1021/acs.est.5b04299,BAF,3.873,2.4733403718016174,2884ae204b18bf63,False
final_similarity70_2,similarity70_cluster_2,primary216,42,transport_context,BIO_6397,CMP_cfdde373a2a8c04668f0,10.1021/acs.est.5b04299,BAF,4.301,1.5012717132301692,2884ae204b18bf63,False
final_similarity70_2,similarity70_cluster_2,primary216,42,transport_context,BIO_6398,CMP_cfdde373a2a8c04668f0,10.1021/acs.est.5b04299,BAF,3.838000000000001,2.391012847189389,2884ae204b18bf63,False
final_similarity70_2,similarity70_cluster_2,primary216,42,transport_context,BIO_6399,CMP_cfdde373a2a8c04668f0,10.1021/acs.est.5b04299,BAF,3.912000000000001,3.0398273438888945,2884ae204b18bf63,False
final_similarity70_2,similarity70_cluster_2,primary216,42,transport_context,BIO_6400,CMP_cfdde373a2a8c04668f0,10.1021/acs.est.5b04299,BAF,4.0600000000000005,3.4136226827088785,2884ae204b18bf63,False
final_similarity70_2,similarity70_cluster_2,primary216,42,transport_context,BIO_6401,CMP_cfdde373a2a8c04668f0,10.1021/acs.est.5b04299,BAF,3.954,2.450916172984294,2884ae204b18bf63,False
final_similarity70_2,similarity70_cluster_2,primary216,42,transport_context,BIO_6402,CMP_cfdde373a2a8c04668f0,10.1021/acs.est.5b04299,BAF,4.072000000000001,3.4404863952845517,2884ae204b18bf63,False
final_similarity70_2,similarity70_cluster_2,primary216,42,transport_context,BIO_6403,CMP_cfdde373a2a8c04668f0,10.1021/acs.est.5b04299,BAF,3.9650000000000007,1.3823154485925468,2884ae204b18bf63,False
final_similarity70_2,similarity70_cluster_2,primary216,42,transport_context,BIO_6404,CMP_cfdde373a2a8c04668f0,10.1021/acs.est.5b04299,BAF,3.1950000000000003,0.1507133108732983,2884ae204b18bf63,False
final_similarity70_2,similarity70_cluster_2,primary216,42,transport_context,BIO_6407,CMP_cfdde373a2a8c04668f0,10.1021/acs.est.9b04906,BAF,3.7848311781244695,1.9543502181859955,2884ae204b18bf63,False
final_similarity70_2,similarity70_cluster_2,primary216,42,transport_context,BIO_6605,CMP_83aa37c8a37d61e51382,10.1021/acs.est.7b02399,BAF,1.0,0.795555543907259,2884ae204b18bf63,False
final_similarity70_2,similarity70_cluster_2,primary216,42,transport_context,BIO_6606,CMP_83aa37c8a37d61e51382,10.1021/acs.est.7b02399,BAF,2.3364597338485296,0.7442617805609548,2884ae204b18bf63,False
final_similarity70_2,similarity70_cluster_2,primary216,42,transport_context,BIO_6607,CMP_83aa37c8a37d61e51382,10.1021/acs.est.7b02399,BAF,2.663700925389648,0.7085809901893421,2884ae204b18bf63,False
final_similarity70_2,similarity70_cluster_2,primary216,42,transport_context,BIO_6608,CMP_83aa37c8a37d61e51382,10.1021/acs.est.7b02399,BAF,2.639486489268586,0.7244442703080152,2884ae204b18bf63,False
final_similarity70_2,similarity70_cluster_2,primary216,42,transport_context,BIO_6609,CMP_83aa37c8a37d61e51382,10.1021/acs.est.7b02399,BAF,2.651278013998144,0.7863682165236896,2884ae204b18bf63,False
final_similarity70_2,similarity70_cluster_2,primary216,42,transport_context,BIO_6610,CMP_83aa37c8a37d61e51382,10.1021/acs.est.7b02399,BAF,2.8432327780980096,0.7101464909861885,2884ae204b18bf63,False
final_similarity70_2,similarity70_cluster_2,primary216,42,transport_context,BIO_6629,CMP_cfdde373a2a8c04668f0,10.1021/acs.est.7b02399,BAF,2.0863598306747484,2.164324093709965,2884ae204b18bf63,False
final_similarity70_2,similarity70_cluster_2,primary216,42,transport_context,BIO_6630,CMP_cfdde373a2a8c04668f0,10.1021/acs.est.7b02399,BAF,3.1398790864012365,2.296293129639649,2884ae204b18bf63,False
final_similarity70_2,similarity70_cluster_2,primary216,42,transport_context,BIO_6631,CMP_cfdde373a2a8c04668f0,10.1021/acs.est.7b02399,BAF,3.551449997972876,2.0271441024207,2884ae204b18bf63,False
final_similarity70_2,similarity70_cluster_2,primary216,42,transport_context,BIO_6632,CMP_cfdde373a2a8c04668f0,10.1021/acs.est.7b02399,BAF,3.376576957056512,2.340831886785197,2884ae204b18bf63,False
final_similarity70_2,similarity70_cluster_2,primary216,42,transport_context,BIO_6633,CMP_cfdde373a2a8c04668f0,10.1021/acs.est.7b02399,BAF,3.447623097760286,2.6878662652365053,2884ae204b18bf63,False
final_similarity70_2,similarity70_cluster_2,primary216,42,transport_context,BIO_6634,CMP_cfdde373a2a8c04668f0,10.1021/acs.est.7b02399,BAF,3.851869600729766,2.034432676268736,2884ae204b18bf63,False
final_similarity70_2,similarity70_cluster_2,primary216,42,transport_context,BIO_6737,CMP_5eaff469cfe578e26057,10.1021/acs.est.7b02259,BAF,1.1900000000000002,0.5876810827944419,2884ae204b18bf63,False
final_similarity70_2,similarity70_cluster_2,primary216,42,transport_context,BIO_6738,CMP_83aa37c8a37d61e51382,10.1021/acs.est.7b02259,BAF,2.56,0.09739321865028083,2884ae204b18bf63,False
final_similarity70_2,similarity70_cluster_2,primary216,42,transport_context,BIO_6739,CMP_83aa37c8a37d61e51382,10.1021/acs.est.7b02259,BAF,2.3000000000000003,-0.3184895928147746,2884ae204b18bf63,False
final_similarity70_2,similarity70_cluster_2,primary216,42,transport_context,BIO_6740,CMP_cfdde373a2a8c04668f0,10.1021/acs.est.7b02259,BAF,3.86,2.1644980286327526,2884ae204b18bf63,False
final_similarity70_2,similarity70_cluster_2,primary216,42,transport_context,BIO_6741,CMP_cfdde373a2a8c04668f0,10.1021/acs.est.7b02259,BAF,3.65,1.2340543929060694,2884ae204b18bf63,False
final_similarity70_2,similarity70_cluster_2,primary216,42,transport_context,BIO_6742,CMP_cfdde373a2a8c04668f0,10.1021/acs.est.7b02259,BAF,2.7300000000000004,0.5462096693096323,2884ae204b18bf63,False
final_similarity70_2,similarity70_cluster_2,primary216,42,transport_context,BIO_5723,CMP_5eaff469cfe578e26057,10.1016/j.scitotenv.2016.05.215,BCF,1.24,1.9322838288740747,2884ae204b18bf63,False
final_similarity70_2,similarity70_cluster_2,primary216,42,transport_context,BIO_5724,CMP_5eaff469cfe578e26057,10.1016/j.scitotenv.2016.05.215,BCF,1.27,1.9650950434647814,2884ae204b18bf63,False
final_similarity70_2,similarity70_cluster_2,primary216,42,transport_context,BIO_5725,CMP_5eaff469cfe578e26057,10.1016/j.scitotenv.2016.05.215,BCF,0.66,0.9463603914560967,2884ae204b18bf63,False
final_similarity70_2,similarity70_cluster_2,primary216,42,transport_context,BIO_5726,CMP_5eaff469cfe578e26057,10.1016/j.scitotenv.2016.05.215,BCF,1.72,1.3928483401654368,2884ae204b18bf63,False
final_similarity70_2,similarity70_cluster_2,primary216,42,transport_context,BIO_5727,CMP_5eaff469cfe578e26057,10.1016/j.scitotenv.2016.05.215,BCF,1.82,1.5026393076049644,2884ae204b18bf63,False
final_similarity70_2,similarity70_cluster_2,primary216,42,transport_context,BIO_5995,CMP_83aa37c8a37d61e51382,10.1016/j.scitotenv.2016.05.215,BCF,2.56,1.5569127762082626,2884ae204b18bf63,False
final_similarity70_2,similarity70_cluster_2,primary216,42,transport_context,BIO_5996,CMP_83aa37c8a37d61e51382,10.1016/j.scitotenv.2016.05.215,BCF,2.39,1.4590477397051482,2884ae204b18bf63,False
final_similarity70_2,similarity70_cluster_2,primary216,42,transport_context,BIO_5997,CMP_83aa37c8a37d61e51382,10.1016/j.scitotenv.2016.05.215,BCF,1.69,0.5690664906759917,2884ae204b18bf63,False
final_similarity70_2,similarity70_cluster_2,primary216,42,transport_context,BIO_5998,CMP_83aa37c8a37d61e51382,10.1016/j.scitotenv.2016.05.215,BCF,1.56,0.7821084897285426,2884ae204b18bf63,False
final_similarity70_2,similarity70_cluster_2,primary216,42,transport_context,BIO_5999,CMP_83aa37c8a37d61e51382,10.1016/j.scitotenv.2016.05.215,BCF,2.74,0.8919935212218917,2884ae204b18bf63,False
final_similarity70_2,similarity70_cluster_2,primary216,42,transport_context,BIO_6000,CMP_83aa37c8a37d61e51382,10.1016/j.scitotenv.2016.05.215,BCF,2.58,0.8718151256199502,2884ae204b18bf63,False
final_similarity70_2,similarity70_cluster_2,primary216,42,transport_context,BIO_6285,CMP_cfdde373a2a8c04668f0,10.1016/j.scitotenv.2016.05.215,BCF,3.64,3.160068564198765,2884ae204b18bf63,False
final_similarity70_2,similarity70_cluster_2,primary216,42,transport_context,BIO_6286,CMP_cfdde373a2a8c04668f0,10.1016/j.scitotenv.2016.05.215,BCF,3.55,2.9855991512816815,2884ae204b18bf63,False
final_similarity70_2,similarity70_cluster_2,primary216,42,transport_context,BIO_6287,CMP_cfdde373a2a8c04668f0,10.1016/j.scitotenv.2016.05.215,BCF,2.86,2.219936590828417,2884ae204b18bf63,False
final_similarity70_2,similarity70_cluster_2,primary216,42,transport_context,BIO_6288,CMP_cfdde373a2a8c04668f0,10.1016/j.scitotenv.2016.05.215,BCF,2.73,1.877313739773595,2884ae204b18bf63,False
final_similarity70_2,similarity70_cluster_2,primary216,42,transport_context,BIO_6289,CMP_cfdde373a2a8c04668f0,10.1016/j.scitotenv.2016.05.215,BCF,3.82,2.4347447749760445,2884ae204b18bf63,False
final_similarity70_2,similarity70_cluster_2,primary216,42,transport_context,BIO_6290,CMP_cfdde373a2a8c04668f0,10.1016/j.scitotenv.2016.05.215,BCF,3.51,2.448959542686865,2884ae204b18bf63,False
final_similarity70_2,similarity70_cluster_2,primary216,42,full_single_task,BIO_5694,CMP_cfdde373a2a8c04668f0,10.1021/acs.est.6b01197,BAF,4.32,3.26368027322028,2884ae204b18bf63,False
final_similarity70_2,similarity70_cluster_2,primary216,42,full_single_task,BIO_5695,CMP_cfdde373a2a8c04668f0,10.1021/acs.est.6b01197,BAF,2.4700000000000006,2.5404322437278974,2884ae204b18bf63,False
final_similarity70_2,similarity70_cluster_2,primary216,42,full_single_task,BIO_5696,CMP_cfdde373a2a8c04668f0,10.1021/acs.est.6b01197,BAF,4.35,3.3516733295396643,2884ae204b18bf63,False
final_similarity70_2,similarity70_cluster_2,primary216,42,full_single_task,BIO_6010,CMP_83aa37c8a37d61e51382,10.1021/acs.est.6b01197,BAF,3.29,2.0569530539195453,2884ae204b18bf63,False
final_similarity70_2,similarity70_cluster_2,primary216,42,full_single_task,BIO_6011,CMP_83aa37c8a37d61e51382,10.1021/acs.est.6b01197,BAF,1.3,2.1319120863005185,2884ae204b18bf63,False
final_similarity70_2,similarity70_cluster_2,primary216,42,full_single_task,BIO_6012,CMP_83aa37c8a37d61e51382,10.1021/acs.est.6b01197,BAF,3.140000000000001,2.095158192703134,2884ae204b18bf63,False
final_similarity70_2,similarity70_cluster_2,primary216,42,full_single_task,BIO_6384,CMP_cfdde373a2a8c04668f0,10.1021/acs.est.5b04299,BAF,3.798000000000001,3.2801843788731815,2884ae204b18bf63,False
final_similarity70_2,similarity70_cluster_2,primary216,42,full_single_task,BIO_6385,CMP_cfdde373a2a8c04668f0,10.1021/acs.est.5b04299,BAF,3.3090000000000006,3.304959764199769,2884ae204b18bf63,False
final_similarity70_2,similarity70_cluster_2,primary216,42,full_single_task,BIO_6386,CMP_cfdde373a2a8c04668f0,10.1021/acs.est.5b04299,BAF,3.984,3.482606842911877,2884ae204b18bf63,False
final_similarity70_2,similarity70_cluster_2,primary216,42,full_single_task,BIO_6387,CMP_cfdde373a2a8c04668f0,10.1021/acs.est.5b04299,BAF,3.4720000000000004,2.794236681893294,2884ae204b18bf63,False
final_similarity70_2,similarity70_cluster_2,primary216,42,full_single_task,BIO_6388,CMP_cfdde373a2a8c04668f0,10.1021/acs.est.5b04299,BAF,3.4600000000000004,2.9575901166706937,2884ae204b18bf63,False
final_similarity70_2,similarity70_cluster_2,primary216,42,full_single_task,BIO_6389,CMP_cfdde373a2a8c04668f0,10.1021/acs.est.5b04299,BAF,3.770000000000001,3.306090054693945,2884ae204b18bf63,False
final_similarity70_2,similarity70_cluster_2,primary216,42,full_single_task,BIO_6390,CMP_cfdde373a2a8c04668f0,10.1021/acs.est.5b04299,BAF,3.700000000000001,3.234400589106684,2884ae204b18bf63,False
final_similarity70_2,similarity70_cluster_2,primary216,42,full_single_task,BIO_6391,CMP_cfdde373a2a8c04668f0,10.1021/acs.est.5b04299,BAF,3.755000000000001,3.395441315395096,2884ae204b18bf63,False
final_similarity70_2,similarity70_cluster_2,primary216,42,full_single_task,BIO_6392,CMP_cfdde373a2a8c04668f0,10.1021/acs.est.5b04299,BAF,3.646000000000001,2.915959255632349,2884ae204b18bf63,False
final_similarity70_2,similarity70_cluster_2,primary216,42,full_single_task,BIO_6393,CMP_cfdde373a2a8c04668f0,10.1021/acs.est.5b04299,BAF,2.870000000000001,2.2097979997292967,2884ae204b18bf63,False
final_similarity70_2,similarity70_cluster_2,primary216,42,full_single_task,BIO_6395,CMP_cfdde373a2a8c04668f0,10.1021/acs.est.5b04299,BAF,4.03,3.1724279047860913,2884ae204b18bf63,False
final_similarity70_2,similarity70_cluster_2,primary216,42,full_single_task,BIO_6396,CMP_cfdde373a2a8c04668f0,10.1021/acs.est.5b04299,BAF,3.873,3.0913422234112833,2884ae204b18bf63,False
final_similarity70_2,similarity70_cluster_2,primary216,42,full_single_task,BIO_6397,CMP_cfdde373a2a8c04668f0,10.1021/acs.est.5b04299,BAF,4.301,3.3165293286332687,2884ae204b18bf63,False
final_similarity70_2,similarity70_cluster_2,primary216,42,full_single_task,BIO_6398,CMP_cfdde373a2a8c04668f0,10.1021/acs.est.5b04299,BAF,3.838000000000001,2.7761945446849103,2884ae204b18bf63,False
final_similarity70_2,similarity70_cluster_2,primary216,42,full_single_task,BIO_6399,CMP_cfdde373a2a8c04668f0,10.1021/acs.est.5b04299,BAF,3.912000000000001,2.864194068965978,2884ae204b18bf63,False
final_similarity70_2,similarity70_cluster_2,primary216,42,full_single_task,BIO_6400,CMP_cfdde373a2a8c04668f0,10.1021/acs.est.5b04299,BAF,4.0600000000000005,3.407014366527539,2884ae204b18bf63,False
final_similarity70_2,similarity70_cluster_2,primary216,42,full_single_task,BIO_6401,CMP_cfdde373a2a8c04668f0,10.1021/acs.est.5b04299,BAF,3.954,2.9475138702573127,2884ae204b18bf63,False
final_similarity70_2,similarity70_cluster_2,primary216,42,full_single_task,BIO_6402,CMP_cfdde373a2a8c04668f0,10.1021/acs.est.5b04299,BAF,4.072000000000001,3.4463471415895186,2884ae204b18bf63,False
final_similarity70_2,similarity70_cluster_2,primary216,42,full_single_task,BIO_6403,CMP_cfdde373a2a8c04668f0,10.1021/acs.est.5b04299,BAF,3.9650000000000007,2.839936331397696,2884ae204b18bf63,False
final_similarity70_2,similarity70_cluster_2,primary216,42,full_single_task,BIO_6404,CMP_cfdde373a2a8c04668f0,10.1021/acs.est.5b04299,BAF,3.1950000000000003,1.8674489229860305,2884ae204b18bf63,False
final_similarity70_2,similarity70_cluster_2,primary216,42,full_single_task,BIO_6407,CMP_cfdde373a2a8c04668f0,10.1021/acs.est.9b04906,BAF,3.7848311781244695,2.944614342227574,2884ae204b18bf63,False
final_similarity70_2,similarity70_cluster_2,primary216,42,full_single_task,BIO_6605,CMP_83aa37c8a37d61e51382,10.1021/acs.est.7b02399,BAF,1.0,2.215552296304666,2884ae204b18bf63,False
final_similarity70_2,similarity70_cluster_2,primary216,42,full_single_task,BIO_6606,CMP_83aa37c8a37d61e51382,10.1021/acs.est.7b02399,BAF,2.3364597338485296,2.2094700229877695,2884ae204b18bf63,False
final_similarity70_2,similarity70_cluster_2,primary216,42,full_single_task,BIO_6607,CMP_83aa37c8a37d61e51382,10.1021/acs.est.7b02399,BAF,2.663700925389648,2.195829926984132,2884ae204b18bf63,False
final_similarity70_2,similarity70_cluster_2,primary216,42,full_single_task,BIO_6608,CMP_83aa37c8a37d61e51382,10.1021/acs.est.7b02399,BAF,2.639486489268586,2.2040165447423137,2884ae204b18bf63,False
final_similarity70_2,similarity70_cluster_2,primary216,42,full_single_task,BIO_6609,CMP_83aa37c8a37d61e51382,10.1021/acs.est.7b02399,BAF,2.651278013998144,2.2187030180188936,2884ae204b18bf63,False
final_similarity70_2,similarity70_cluster_2,primary216,42,full_single_task,BIO_6610,CMP_83aa37c8a37d61e51382,10.1021/acs.est.7b02399,BAF,2.8432327780980096,2.1882894026487367,2884ae204b18bf63,False
final_similarity70_2,similarity70_cluster_2,primary216,42,full_single_task,BIO_6629,CMP_cfdde373a2a8c04668f0,10.1021/acs.est.7b02399,BAF,2.0863598306747484,3.4456139293447636,2884ae204b18bf63,False
final_similarity70_2,similarity70_cluster_2,primary216,42,full_single_task,BIO_6630,CMP_cfdde373a2a8c04668f0,10.1021/acs.est.7b02399,BAF,3.1398790864012365,3.475952361755382,2884ae204b18bf63,False
final_similarity70_2,similarity70_cluster_2,primary216,42,full_single_task,BIO_6631,CMP_cfdde373a2a8c04668f0,10.1021/acs.est.7b02399,BAF,3.551449997972876,3.39667739071349,2884ae204b18bf63,False
final_similarity70_2,similarity70_cluster_2,primary216,42,full_single_task,BIO_6632,CMP_cfdde373a2a8c04668f0,10.1021/acs.est.7b02399,BAF,3.376576957056512,3.5016608688052053,2884ae204b18bf63,False
final_similarity70_2,similarity70_cluster_2,primary216,42,full_single_task,BIO_6633,CMP_cfdde373a2a8c04668f0,10.1021/acs.est.7b02399,BAF,3.447623097760286,3.5867187435710055,2884ae204b18bf63,False
final_similarity70_2,similarity70_cluster_2,primary216,42,full_single_task,BIO_6634,CMP_cfdde373a2a8c04668f0,10.1021/acs.est.7b02399,BAF,3.851869600729766,3.4054193720416475,2884ae204b18bf63,False
final_similarity70_2,similarity70_cluster_2,primary216,42,full_single_task,BIO_6737,CMP_5eaff469cfe578e26057,10.1021/acs.est.7b02259,BAF,1.1900000000000002,1.295045439033634,2884ae204b18bf63,False
final_similarity70_2,similarity70_cluster_2,primary216,42,full_single_task,BIO_6738,CMP_83aa37c8a37d61e51382,10.1021/acs.est.7b02259,BAF,2.56,1.602859222231444,2884ae204b18bf63,False
final_similarity70_2,similarity70_cluster_2,primary216,42,full_single_task,BIO_6739,CMP_83aa37c8a37d61e51382,10.1021/acs.est.7b02259,BAF,2.3000000000000003,1.2050178992865965,2884ae204b18bf63,False
final_similarity70_2,similarity70_cluster_2,primary216,42,full_single_task,BIO_6740,CMP_cfdde373a2a8c04668f0,10.1021/acs.est.7b02259,BAF,3.86,3.485365173148751,2884ae204b18bf63,False
final_similarity70_2,similarity70_cluster_2,primary216,42,full_single_task,BIO_6741,CMP_cfdde373a2a8c04668f0,10.1021/acs.est.7b02259,BAF,3.65,2.7679466475170837,2884ae204b18bf63,False
final_similarity70_2,similarity70_cluster_2,primary216,42,full_single_task,BIO_6742,CMP_cfdde373a2a8c04668f0,10.1021/acs.est.7b02259,BAF,2.7300000000000004,1.9745921434892182,2884ae204b18bf63,False
final_similarity70_2,similarity70_cluster_2,primary216,42,full_single_task,BIO_5723,CMP_5eaff469cfe578e26057,10.1016/j.scitotenv.2016.05.215,BCF,1.24,2.075822676905036,2884ae204b18bf63,False
final_similarity70_2,similarity70_cluster_2,primary216,42,full_single_task,BIO_5724,CMP_5eaff469cfe578e26057,10.1016/j.scitotenv.2016.05.215,BCF,1.27,2.1006537654508293,2884ae204b18bf63,False
final_similarity70_2,similarity70_cluster_2,primary216,42,full_single_task,BIO_5725,CMP_5eaff469cfe578e26057,10.1016/j.scitotenv.2016.05.215,BCF,0.66,1.157914588643278,2884ae204b18bf63,False
final_similarity70_2,similarity70_cluster_2,primary216,42,full_single_task,BIO_5726,CMP_5eaff469cfe578e26057,10.1016/j.scitotenv.2016.05.215,BCF,1.72,1.4065671187192246,2884ae204b18bf63,False
final_similarity70_2,similarity70_cluster_2,primary216,42,full_single_task,BIO_5727,CMP_5eaff469cfe578e26057,10.1016/j.scitotenv.2016.05.215,BCF,1.82,1.4594172060855621,2884ae204b18bf63,False
final_similarity70_2,similarity70_cluster_2,primary216,42,full_single_task,BIO_5995,CMP_83aa37c8a37d61e51382,10.1016/j.scitotenv.2016.05.215,BCF,2.56,2.4667957764698034,2884ae204b18bf63,False
final_similarity70_2,similarity70_cluster_2,primary216,42,full_single_task,BIO_5996,CMP_83aa37c8a37d61e51382,10.1016/j.scitotenv.2016.05.215,BCF,2.39,2.4766123872415666,2884ae204b18bf63,False
final_similarity70_2,similarity70_cluster_2,primary216,42,full_single_task,BIO_5997,CMP_83aa37c8a37d61e51382,10.1016/j.scitotenv.2016.05.215,BCF,1.69,1.706003142274827,2884ae204b18bf63,False
final_similarity70_2,similarity70_cluster_2,primary216,42,full_single_task,BIO_5998,CMP_83aa37c8a37d61e51382,10.1016/j.scitotenv.2016.05.215,BCF,1.56,1.7720096111407677,2884ae204b18bf63,False
final_similarity70_2,similarity70_cluster_2,primary216,42,full_single_task,BIO_5999,CMP_83aa37c8a37d61e51382,10.1016/j.scitotenv.2016.05.215,BCF,2.74,2.0114499913541897,2884ae204b18bf63,False
final_similarity70_2,similarity70_cluster_2,primary216,42,full_single_task,BIO_6000,CMP_83aa37c8a37d61e51382,10.1016/j.scitotenv.2016.05.215,BCF,2.58,2.002781939112844,2884ae204b18bf63,False
final_similarity70_2,similarity70_cluster_2,primary216,42,full_single_task,BIO_6285,CMP_cfdde373a2a8c04668f0,10.1016/j.scitotenv.2016.05.215,BCF,3.64,3.9179709126642837,2884ae204b18bf63,False
final_similarity70_2,similarity70_cluster_2,primary216,42,full_single_task,BIO_6286,CMP_cfdde373a2a8c04668f0,10.1016/j.scitotenv.2016.05.215,BCF,3.55,3.9147397378929463,2884ae204b18bf63,False
final_similarity70_2,similarity70_cluster_2,primary216,42,full_single_task,BIO_6287,CMP_cfdde373a2a8c04668f0,10.1016/j.scitotenv.2016.05.215,BCF,2.86,3.3348626057452555,2884ae204b18bf63,False
final_similarity70_2,similarity70_cluster_2,primary216,42,full_single_task,BIO_6288,CMP_cfdde373a2a8c04668f0,10.1016/j.scitotenv.2016.05.215,BCF,2.73,3.209839771961891,2884ae204b18bf63,False
final_similarity70_2,similarity70_cluster_2,primary216,42,full_single_task,BIO_6289,CMP_cfdde373a2a8c04668f0,10.1016/j.scitotenv.2016.05.215,BCF,3.82,3.681918991262898,2884ae204b18bf63,False
final_similarity70_2,similarity70_cluster_2,primary216,42,full_single_task,BIO_6290,CMP_cfdde373a2a8c04668f0,10.1016/j.scitotenv.2016.05.215,BCF,3.51,3.7237425524046235,2884ae204b18bf63,False
final_similarity70_2,similarity70_cluster_2,primary216,42,shuffled_auxiliary_labels,BIO_5694,CMP_cfdde373a2a8c04668f0,10.1021/acs.est.6b01197,BAF,4.32,3.92711924752686,baae9feae8bec54f,False
final_similarity70_2,similarity70_cluster_2,primary216,42,shuffled_auxiliary_labels,BIO_5695,CMP_cfdde373a2a8c04668f0,10.1021/acs.est.6b01197,BAF,2.4700000000000006,3.823375715259653,baae9feae8bec54f,False
final_similarity70_2,similarity70_cluster_2,primary216,42,shuffled_auxiliary_labels,BIO_5696,CMP_cfdde373a2a8c04668f0,10.1021/acs.est.6b01197,BAF,4.35,3.932730443490717,baae9feae8bec54f,False
final_similarity70_2,similarity70_cluster_2,primary216,42,shuffled_auxiliary_labels,BIO_6010,CMP_83aa37c8a37d61e51382,10.1021/acs.est.6b01197,BAF,3.29,3.4277715232256134,baae9feae8bec54f,False
final_similarity70_2,similarity70_cluster_2,primary216,42,shuffled_auxiliary_labels,BIO_6011,CMP_83aa37c8a37d61e51382,10.1021/acs.est.6b01197,BAF,1.3,2.9015416852274485,baae9feae8bec54f,False
final_similarity70_2,similarity70_cluster_2,primary216,42,shuffled_auxiliary_labels,BIO_6012,CMP_83aa37c8a37d61e51382,10.1021/acs.est.6b01197,BAF,3.140000000000001,3.190121242362514,baae9feae8bec54f,False
final_similarity70_2,similarity70_cluster_2,primary216,42,shuffled_auxiliary_labels,BIO_6384,CMP_cfdde373a2a8c04668f0,10.1021/acs.est.5b04299,BAF,3.798000000000001,3.5064372030872075,baae9feae8bec54f,False
final_similarity70_2,similarity70_cluster_2,primary216,42,shuffled_auxiliary_labels,BIO_6385,CMP_cfdde373a2a8c04668f0,10.1021/acs.est.5b04299,BAF,3.3090000000000006,3.740878018116054,baae9feae8bec54f,False
final_similarity70_2,similarity70_cluster_2,primary216,42,shuffled_auxiliary_labels,BIO_6386,CMP_cfdde373a2a8c04668f0,10.1021/acs.est.5b04299,BAF,3.984,3.9434421448408066,baae9feae8bec54f,False
final_similarity70_2,similarity70_cluster_2,primary216,42,shuffled_auxiliary_labels,BIO_6387,CMP_cfdde373a2a8c04668f0,10.1021/acs.est.5b04299,BAF,3.4720000000000004,3.6966766220676393,baae9feae8bec54f,False
final_similarity70_2,similarity70_cluster_2,primary216,42,shuffled_auxiliary_labels,BIO_6388,CMP_cfdde373a2a8c04668f0,10.1021/acs.est.5b04299,BAF,3.4600000000000004,3.716747985626587,baae9feae8bec54f,False
final_similarity70_2,similarity70_cluster_2,primary216,42,shuffled_auxiliary_labels,BIO_6389,CMP_cfdde373a2a8c04668f0,10.1021/acs.est.5b04299,BAF,3.770000000000001,4.134325819294194,baae9feae8bec54f,False
final_similarity70_2,similarity70_cluster_2,primary216,42,shuffled_auxiliary_labels,BIO_6390,CMP_cfdde373a2a8c04668f0,10.1021/acs.est.5b04299,BAF,3.700000000000001,3.861451894833954,baae9feae8bec54f,False
final_similarity70_2,similarity70_cluster_2,primary216,42,shuffled_auxiliary_labels,BIO_6391,CMP_cfdde373a2a8c04668f0,10.1021/acs.est.5b04299,BAF,3.755000000000001,3.956493188735222,baae9feae8bec54f,False
final_similarity70_2,similarity70_cluster_2,primary216,42,shuffled_auxiliary_labels,BIO_6392,CMP_cfdde373a2a8c04668f0,10.1021/acs.est.5b04299,BAF,3.646000000000001,3.690230737405442,baae9feae8bec54f,False
final_similarity70_2,similarity70_cluster_2,primary216,42,shuffled_auxiliary_labels,BIO_6393,CMP_cfdde373a2a8c04668f0,10.1021/acs.est.5b04299,BAF,2.870000000000001,2.9313196294315054,baae9feae8bec54f,False
final_similarity70_2,similarity70_cluster_2,primary216,42,shuffled_auxiliary_labels,BIO_6395,CMP_cfdde373a2a8c04668f0,10.1021/acs.est.5b04299,BAF,4.03,3.57350466271515,baae9feae8bec54f,False
final_similarity70_2,similarity70_cluster_2,primary216,42,shuffled_auxiliary_labels,BIO_6396,CMP_cfdde373a2a8c04668f0,10.1021/acs.est.5b04299,BAF,3.873,3.786849467965986,baae9feae8bec54f,False
final_similarity70_2,similarity70_cluster_2,primary216,42,shuffled_auxiliary_labels,BIO_6397,CMP_cfdde373a2a8c04668f0,10.1021/acs.est.5b04299,BAF,4.301,4.019884424357974,baae9feae8bec54f,False
final_similarity70_2,similarity70_cluster_2,primary216,42,shuffled_auxiliary_labels,BIO_6398,CMP_cfdde373a2a8c04668f0,10.1021/acs.est.5b04299,BAF,3.838000000000001,3.6023584857444053,baae9feae8bec54f,False
final_similarity70_2,similarity70_cluster_2,primary216,42,shuffled_auxiliary_labels,BIO_6399,CMP_cfdde373a2a8c04668f0,10.1021/acs.est.5b04299,BAF,3.912000000000001,3.79012785151315,baae9feae8bec54f,False
final_similarity70_2,similarity70_cluster_2,primary216,42,shuffled_auxiliary_labels,BIO_6400,CMP_cfdde373a2a8c04668f0,10.1021/acs.est.5b04299,BAF,4.0600000000000005,3.9267858650505376,baae9feae8bec54f,False
final_similarity70_2,similarity70_cluster_2,primary216,42,shuffled_auxiliary_labels,BIO_6401,CMP_cfdde373a2a8c04668f0,10.1021/acs.est.5b04299,BAF,3.954,3.7697056341430195,baae9feae8bec54f,False
final_similarity70_2,similarity70_cluster_2,primary216,42,shuffled_auxiliary_labels,BIO_6402,CMP_cfdde373a2a8c04668f0,10.1021/acs.est.5b04299,BAF,4.072000000000001,4.1175140705711994,baae9feae8bec54f,False
final_similarity70_2,similarity70_cluster_2,primary216,42,shuffled_auxiliary_labels,BIO_6403,CMP_cfdde373a2a8c04668f0,10.1021/acs.est.5b04299,BAF,3.9650000000000007,3.7693500232852166,baae9feae8bec54f,False
final_similarity70_2,similarity70_cluster_2,primary216,42,shuffled_auxiliary_labels,BIO_6404,CMP_cfdde373a2a8c04668f0,10.1021/acs.est.5b04299,BAF,3.1950000000000003,2.759616929147389,baae9feae8bec54f,False
final_similarity70_2,similarity70_cluster_2,primary216,42,shuffled_auxiliary_labels,BIO_6407,CMP_cfdde373a2a8c04668f0,10.1021/acs.est.9b04906,BAF,3.7848311781244695,3.6774084209617035,baae9feae8bec54f,False
final_similarity70_2,similarity70_cluster_2,primary216,42,shuffled_auxiliary_labels,BIO_6605,CMP_83aa37c8a37d61e51382,10.1021/acs.est.7b02399,BAF,1.0,3.168892316377346,baae9feae8bec54f,False
final_similarity70_2,similarity70_cluster_2,primary216,42,shuffled_auxiliary_labels,BIO_6606,CMP_83aa37c8a37d61e51382,10.1021/acs.est.7b02399,BAF,2.3364597338485296,3.4218753801692037,baae9feae8bec54f,False
final_similarity70_2,similarity70_cluster_2,primary216,42,shuffled_auxiliary_labels,BIO_6607,CMP_83aa37c8a37d61e51382,10.1021/acs.est.7b02399,BAF,2.663700925389648,3.5030408015379835,baae9feae8bec54f,False
final_similarity70_2,similarity70_cluster_2,primary216,42,shuffled_auxiliary_labels,BIO_6608,CMP_83aa37c8a37d61e51382,10.1021/acs.est.7b02399,BAF,2.639486489268586,3.4779741714378063,baae9feae8bec54f,False
final_similarity70_2,similarity70_cluster_2,primary216,42,shuffled_auxiliary_labels,BIO_6609,CMP_83aa37c8a37d61e51382,10.1021/acs.est.7b02399,BAF,2.651278013998144,3.501038582238459,baae9feae8bec54f,False
final_similarity70_2,similarity70_cluster_2,primary216,42,shuffled_auxiliary_labels,BIO_6610,CMP_83aa37c8a37d61e51382,10.1021/acs.est.7b02399,BAF,2.8432327780980096,3.418591309789035,baae9feae8bec54f,False
final_similarity70_2,similarity70_cluster_2,primary216,42,shuffled_auxiliary_labels,BIO_6629,CMP_cfdde373a2a8c04668f0,10.1021/acs.est.7b02399,BAF,2.0863598306747484,3.8698966039942237,baae9feae8bec54f,False
final_similarity70_2,similarity70_cluster_2,primary216,42,shuffled_auxiliary_labels,BIO_6630,CMP_cfdde373a2a8c04668f0,10.1021/acs.est.7b02399,BAF,3.1398790864012365,4.008759508640098,baae9feae8bec54f,False
final_similarity70_2,similarity70_cluster_2,primary216,42,shuffled_auxiliary_labels,BIO_6631,CMP_cfdde373a2a8c04668f0,10.1021/acs.est.7b02399,BAF,3.551449997972876,3.804972518212792,baae9feae8bec54f,False
final_similarity70_2,similarity70_cluster_2,primary216,42,shuffled_auxiliary_labels,BIO_6632,CMP_cfdde373a2a8c04668f0,10.1021/acs.est.7b02399,BAF,3.376576957056512,3.993279214020233,baae9feae8bec54f,False
final_similarity70_2,similarity70_cluster_2,primary216,42,shuffled_auxiliary_labels,BIO_6633,CMP_cfdde373a2a8c04668f0,10.1021/acs.est.7b02399,BAF,3.447623097760286,3.9405849329030485,baae9feae8bec54f,False
final_similarity70_2,similarity70_cluster_2,primary216,42,shuffled_auxiliary_labels,BIO_6634,CMP_cfdde373a2a8c04668f0,10.1021/acs.est.7b02399,BAF,3.851869600729766,4.003140225696987,baae9feae8bec54f,False
final_similarity70_2,similarity70_cluster_2,primary216,42,shuffled_auxiliary_labels,BIO_6737,CMP_5eaff469cfe578e26057,10.1021/acs.est.7b02259,BAF,1.1900000000000002,2.014715928912389,baae9feae8bec54f,False
final_similarity70_2,similarity70_cluster_2,primary216,42,shuffled_auxiliary_labels,BIO_6738,CMP_83aa37c8a37d61e51382,10.1021/acs.est.7b02259,BAF,2.56,3.0282915274577245,baae9feae8bec54f,False
final_similarity70_2,similarity70_cluster_2,primary216,42,shuffled_auxiliary_labels,BIO_6739,CMP_83aa37c8a37d61e51382,10.1021/acs.est.7b02259,BAF,2.3000000000000003,2.348140786196064,baae9feae8bec54f,False
final_similarity70_2,similarity70_cluster_2,primary216,42,shuffled_auxiliary_labels,BIO_6740,CMP_cfdde373a2a8c04668f0,10.1021/acs.est.7b02259,BAF,3.86,3.894867509342638,baae9feae8bec54f,False
final_similarity70_2,similarity70_cluster_2,primary216,42,shuffled_auxiliary_labels,BIO_6741,CMP_cfdde373a2a8c04668f0,10.1021/acs.est.7b02259,BAF,3.65,3.64298262598027,baae9feae8bec54f,False
final_similarity70_2,similarity70_cluster_2,primary216,42,shuffled_auxiliary_labels,BIO_6742,CMP_cfdde373a2a8c04668f0,10.1021/acs.est.7b02259,BAF,2.7300000000000004,3.2716562592250136,baae9feae8bec54f,False
final_similarity70_2,similarity70_cluster_2,primary216,42,shuffled_auxiliary_labels,BIO_5723,CMP_5eaff469cfe578e26057,10.1016/j.scitotenv.2016.05.215,BCF,1.24,2.2215005713289235,baae9feae8bec54f,False
final_similarity70_2,similarity70_cluster_2,primary216,42,shuffled_auxiliary_labels,BIO_5724,CMP_5eaff469cfe578e26057,10.1016/j.scitotenv.2016.05.215,BCF,1.27,2.230992263661255,baae9feae8bec54f,False
final_similarity70_2,similarity70_cluster_2,primary216,42,shuffled_auxiliary_labels,BIO_5725,CMP_5eaff469cfe578e26057,10.1016/j.scitotenv.2016.05.215,BCF,0.66,1.5089987331873402,baae9feae8bec54f,False
final_similarity70_2,similarity70_cluster_2,primary216,42,shuffled_auxiliary_labels,BIO_5726,CMP_5eaff469cfe578e26057,10.1016/j.scitotenv.2016.05.215,BCF,1.72,1.9220519617379508,baae9feae8bec54f,False
final_similarity70_2,similarity70_cluster_2,primary216,42,shuffled_auxiliary_labels,BIO_5727,CMP_5eaff469cfe578e26057,10.1016/j.scitotenv.2016.05.215,BCF,1.82,1.8731571187896405,baae9feae8bec54f,False
final_similarity70_2,similarity70_cluster_2,primary216,42,shuffled_auxiliary_labels,BIO_5995,CMP_83aa37c8a37d61e51382,10.1016/j.scitotenv.2016.05.215,BCF,2.56,2.66340815539636,baae9feae8bec54f,False
final_similarity70_2,similarity70_cluster_2,primary216,42,shuffled_auxiliary_labels,BIO_5996,CMP_83aa37c8a37d61e51382,10.1016/j.scitotenv.2016.05.215,BCF,2.39,2.710826706077435,baae9feae8bec54f,False
final_similarity70_2,similarity70_cluster_2,primary216,42,shuffled_auxiliary_labels,BIO_5997,CMP_83aa37c8a37d61e51382,10.1016/j.scitotenv.2016.05.215,BCF,1.69,2.0324836577412713,baae9feae8bec54f,False
final_similarity70_2,similarity70_cluster_2,primary216,42,shuffled_auxiliary_labels,BIO_5998,CMP_83aa37c8a37d61e51382,10.1016/j.scitotenv.2016.05.215,BCF,1.56,1.8335796681443541,baae9feae8bec54f,False
final_similarity70_2,similarity70_cluster_2,primary216,42,shuffled_auxiliary_labels,BIO_5999,CMP_83aa37c8a37d61e51382,10.1016/j.scitotenv.2016.05.215,BCF,2.74,2.413571006142602,baae9feae8bec54f,False
final_similarity70_2,similarity70_cluster_2,primary216,42,shuffled_auxiliary_labels,BIO_6000,CMP_83aa37c8a37d61e51382,10.1016/j.scitotenv.2016.05.215,BCF,2.58,2.404752252688268,baae9feae8bec54f,False
final_similarity70_2,similarity70_cluster_2,primary216,42,shuffled_auxiliary_labels,BIO_6285,CMP_cfdde373a2a8c04668f0,10.1016/j.scitotenv.2016.05.215,BCF,3.64,3.2440211197257502,baae9feae8bec54f,False
final_similarity70_2,similarity70_cluster_2,primary216,42,shuffled_auxiliary_labels,BIO_6286,CMP_cfdde373a2a8c04668f0,10.1016/j.scitotenv.2016.05.215,BCF,3.55,3.2946887260685656,baae9feae8bec54f,False
final_similarity70_2,similarity70_cluster_2,primary216,42,shuffled_auxiliary_labels,BIO_6287,CMP_cfdde373a2a8c04668f0,10.1016/j.scitotenv.2016.05.215,BCF,2.86,2.930921439094972,baae9feae8bec54f,False
final_similarity70_2,similarity70_cluster_2,primary216,42,shuffled_auxiliary_labels,BIO_6288,CMP_cfdde373a2a8c04668f0,10.1016/j.scitotenv.2016.05.215,BCF,2.73,2.7906164155270052,baae9feae8bec54f,False
final_similarity70_2,similarity70_cluster_2,primary216,42,shuffled_auxiliary_labels,BIO_6289,CMP_cfdde373a2a8c04668f0,10.1016/j.scitotenv.2016.05.215,BCF,3.82,3.1897885719098404,baae9feae8bec54f,False
final_similarity70_2,similarity70_cluster_2,primary216,42,shuffled_auxiliary_labels,BIO_6290,CMP_cfdde373a2a8c04668f0,10.1016/j.scitotenv.2016.05.215,BCF,3.51,3.1913548398394727,baae9feae8bec54f,False
final_similarity70_2,similarity70_cluster_2,primary216,42,simple_graph_context,BIO_5694,CMP_cfdde373a2a8c04668f0,10.1021/acs.est.6b01197,BAF,4.32,3.6235015392303467,,False
final_similarity70_2,similarity70_cluster_2,primary216,42,simple_graph_context,BIO_5695,CMP_cfdde373a2a8c04668f0,10.1021/acs.est.6b01197,BAF,2.4700000000000006,3.3801679611206055,,False
final_similarity70_2,similarity70_cluster_2,primary216,42,simple_graph_context,BIO_5696,CMP_cfdde373a2a8c04668f0,10.1021/acs.est.6b01197,BAF,4.35,3.6235015392303467,,False
final_similarity70_2,similarity70_cluster_2,primary216,42,simple_graph_context,BIO_6010,CMP_83aa37c8a37d61e51382,10.1021/acs.est.6b01197,BAF,3.29,2.633918523788452,,False
final_similarity70_2,similarity70_cluster_2,primary216,42,simple_graph_context,BIO_6011,CMP_83aa37c8a37d61e51382,10.1021/acs.est.6b01197,BAF,1.3,2.390584945678711,,False
final_similarity70_2,similarity70_cluster_2,primary216,42,simple_graph_context,BIO_6012,CMP_83aa37c8a37d61e51382,10.1021/acs.est.6b01197,BAF,3.140000000000001,2.633918523788452,,False
final_similarity70_2,similarity70_cluster_2,primary216,42,simple_graph_context,BIO_6384,CMP_cfdde373a2a8c04668f0,10.1021/acs.est.5b04299,BAF,3.798000000000001,3.5925536155700684,,False
final_similarity70_2,similarity70_cluster_2,primary216,42,simple_graph_context,BIO_6385,CMP_cfdde373a2a8c04668f0,10.1021/acs.est.5b04299,BAF,3.3090000000000006,3.433464527130127,,False
final_similarity70_2,similarity70_cluster_2,primary216,42,simple_graph_context,BIO_6386,CMP_cfdde373a2a8c04668f0,10.1021/acs.est.5b04299,BAF,3.984,3.422003746032715,,False
final_similarity70_2,similarity70_cluster_2,primary216,42,simple_graph_context,BIO_6387,CMP_cfdde373a2a8c04668f0,10.1021/acs.est.5b04299,BAF,3.4720000000000004,3.444427490234375,,False
final_similarity70_2,similarity70_cluster_2,primary216,42,simple_graph_context,BIO_6388,CMP_cfdde373a2a8c04668f0,10.1021/acs.est.5b04299,BAF,3.4600000000000004,3.489043712615967,,False
final_similarity70_2,similarity70_cluster_2,primary216,42,simple_graph_context,BIO_6389,CMP_cfdde373a2a8c04668f0,10.1021/acs.est.5b04299,BAF,3.770000000000001,3.579806089401245,,False
final_similarity70_2,similarity70_cluster_2,primary216,42,simple_graph_context,BIO_6390,CMP_cfdde373a2a8c04668f0,10.1021/acs.est.5b04299,BAF,3.700000000000001,3.5836305618286133,,False
final_similarity70_2,similarity70_cluster_2,primary216,42,simple_graph_context,BIO_6391,CMP_cfdde373a2a8c04668f0,10.1021/acs.est.5b04299,BAF,3.755000000000001,3.651447296142578,,False
final_similarity70_2,similarity70_cluster_2,primary216,42,simple_graph_context,BIO_6392,CMP_cfdde373a2a8c04668f0,10.1021/acs.est.5b04299,BAF,3.646000000000001,3.1609418392181396,,False
final_similarity70_2,similarity70_cluster_2,primary216,42,simple_graph_context,BIO_6393,CMP_cfdde373a2a8c04668f0,10.1021/acs.est.5b04299,BAF,2.870000000000001,2.838803768157959,,False
final_similarity70_2,similarity70_cluster_2,primary216,42,simple_graph_context,BIO_6395,CMP_cfdde373a2a8c04668f0,10.1021/acs.est.5b04299,BAF,4.03,3.5925536155700684,,False
final_similarity70_2,similarity70_cluster_2,primary216,42,simple_graph_context,BIO_6396,CMP_cfdde373a2a8c04668f0,10.1021/acs.est.5b04299,BAF,3.873,3.433464527130127,,False
final_similarity70_2,similarity70_cluster_2,primary216,42,simple_graph_context,BIO_6397,CMP_cfdde373a2a8c04668f0,10.1021/acs.est.5b04299,BAF,4.301,3.422003746032715,,False
final_similarity70_2,similarity70_cluster_2,primary216,42,simple_graph_context,BIO_6398,CMP_cfdde373a2a8c04668f0,10.1021/acs.est.5b04299,BAF,3.838000000000001,3.444427490234375,,False
final_similarity70_2,similarity70_cluster_2,primary216,42,simple_graph_context,BIO_6399,CMP_cfdde373a2a8c04668f0,10.1021/acs.est.5b04299,BAF,3.912000000000001,3.489043712615967,,False
final_similarity70_2,similarity70_cluster_2,primary216,42,simple_graph_context,BIO_6400,CMP_cfdde373a2a8c04668f0,10.1021/acs.est.5b04299,BAF,4.0600000000000005,3.579806089401245,,False
final_similarity70_2,similarity70_cluster_2,primary216,42,simple_graph_context,BIO_6401,CMP_cfdde373a2a8c04668f0,10.1021/acs.est.5b04299,BAF,3.954,3.5836305618286133,,False
final_similarity70_2,similarity70_cluster_2,primary216,42,simple_graph_context,BIO_6402,CMP_cfdde373a2a8c04668f0,10.1021/acs.est.5b04299,BAF,4.072000000000001,3.651447296142578,,False
final_similarity70_2,similarity70_cluster_2,primary216,42,simple_graph_context,BIO_6403,CMP_cfdde373a2a8c04668f0,10.1021/acs.est.5b04299,BAF,3.9650000000000007,3.1609418392181396,,False
final_similarity70_2,similarity70_cluster_2,primary216,42,simple_graph_context,BIO_6404,CMP_cfdde373a2a8c04668f0,10.1021/acs.est.5b04299,BAF,3.1950000000000003,2.838803768157959,,False
final_similarity70_2,similarity70_cluster_2,primary216,42,simple_graph_context,BIO_6407,CMP_cfdde373a2a8c04668f0,10.1021/acs.est.9b04906,BAF,3.7848311781244695,3.3848090171813965,,False
final_similarity70_2,similarity70_cluster_2,primary216,42,simple_graph_context,BIO_6605,CMP_83aa37c8a37d61e51382,10.1021/acs.est.7b02399,BAF,1.0,2.6324238777160645,,False
final_similarity70_2,similarity70_cluster_2,primary216,42,simple_graph_context,BIO_6606,CMP_83aa37c8a37d61e51382,10.1021/acs.est.7b02399,BAF,2.3364597338485296,2.6324238777160645,,False
final_similarity70_2,similarity70_cluster_2,primary216,42,simple_graph_context,BIO_6607,CMP_83aa37c8a37d61e51382,10.1021/acs.est.7b02399,BAF,2.663700925389648,2.6324238777160645,,False
final_similarity70_2,similarity70_cluster_2,primary216,42,simple_graph_context,BIO_6608,CMP_83aa37c8a37d61e51382,10.1021/acs.est.7b02399,BAF,2.639486489268586,2.6324238777160645,,False
final_similarity70_2,similarity70_cluster_2,primary216,42,simple_graph_context,BIO_6609,CMP_83aa37c8a37d61e51382,10.1021/acs.est.7b02399,BAF,2.651278013998144,2.6324238777160645,,False
final_similarity70_2,similarity70_cluster_2,primary216,42,simple_graph_context,BIO_6610,CMP_83aa37c8a37d61e51382,10.1021/acs.est.7b02399,BAF,2.8432327780980096,2.6324238777160645,,False
final_similarity70_2,similarity70_cluster_2,primary216,42,simple_graph_context,BIO_6629,CMP_cfdde373a2a8c04668f0,10.1021/acs.est.7b02399,BAF,2.0863598306747484,3.622006893157959,,False
final_similarity70_2,similarity70_cluster_2,primary216,42,simple_graph_context,BIO_6630,CMP_cfdde373a2a8c04668f0,10.1021/acs.est.7b02399,BAF,3.1398790864012365,3.622006893157959,,False
final_similarity70_2,similarity70_cluster_2,primary216,42,simple_graph_context,BIO_6631,CMP_cfdde373a2a8c04668f0,10.1021/acs.est.7b02399,BAF,3.551449997972876,3.622006893157959,,False
final_similarity70_2,similarity70_cluster_2,primary216,42,simple_graph_context,BIO_6632,CMP_cfdde373a2a8c04668f0,10.1021/acs.est.7b02399,BAF,3.376576957056512,3.622006893157959,,False
final_similarity70_2,similarity70_cluster_2,primary216,42,simple_graph_context,BIO_6633,CMP_cfdde373a2a8c04668f0,10.1021/acs.est.7b02399,BAF,3.447623097760286,3.622006893157959,,False
final_similarity70_2,similarity70_cluster_2,primary216,42,simple_graph_context,BIO_6634,CMP_cfdde373a2a8c04668f0,10.1021/acs.est.7b02399,BAF,3.851869600729766,3.622006893157959,,False
final_similarity70_2,similarity70_cluster_2,primary216,42,simple_graph_context,BIO_6737,CMP_5eaff469cfe578e26057,10.1021/acs.est.7b02259,BAF,1.1900000000000002,1.4428374767303467,,False
final_similarity70_2,similarity70_cluster_2,primary216,42,simple_graph_context,BIO_6738,CMP_83aa37c8a37d61e51382,10.1021/acs.est.7b02259,BAF,2.56,2.4324207305908203,,False
final_similarity70_2,similarity70_cluster_2,primary216,42,simple_graph_context,BIO_6739,CMP_83aa37c8a37d61e51382,10.1021/acs.est.7b02259,BAF,2.3000000000000003,2.171358823776245,,False
final_similarity70_2,similarity70_cluster_2,primary216,42,simple_graph_context,BIO_6740,CMP_cfdde373a2a8c04668f0,10.1021/acs.est.7b02259,BAF,3.86,3.422003746032715,,False
final_similarity70_2,similarity70_cluster_2,primary216,42,simple_graph_context,BIO_6741,CMP_cfdde373a2a8c04668f0,10.1021/acs.est.7b02259,BAF,3.65,3.1609418392181396,,False
final_similarity70_2,similarity70_cluster_2,primary216,42,simple_graph_context,BIO_6742,CMP_cfdde373a2a8c04668f0,10.1021/acs.est.7b02259,BAF,2.7300000000000004,2.838803768157959,,False
final_similarity70_2,similarity70_cluster_2,primary216,42,extra_trees_structure_context,BIO_5694,CMP_cfdde373a2a8c04668f0,10.1021/acs.est.6b01197,BAF,4.32,3.4208640537168327,,False
final_similarity70_2,similarity70_cluster_2,primary216,42,extra_trees_structure_context,BIO_5695,CMP_cfdde373a2a8c04668f0,10.1021/acs.est.6b01197,BAF,2.4700000000000006,3.382997579986363,,False
final_similarity70_2,similarity70_cluster_2,primary216,42,extra_trees_structure_context,BIO_5696,CMP_cfdde373a2a8c04668f0,10.1021/acs.est.6b01197,BAF,4.35,3.4208640537168327,,False
final_similarity70_2,similarity70_cluster_2,primary216,42,extra_trees_structure_context,BIO_6010,CMP_83aa37c8a37d61e51382,10.1021/acs.est.6b01197,BAF,3.29,2.128593346036272,,False
final_similarity70_2,similarity70_cluster_2,primary216,42,extra_trees_structure_context,BIO_6011,CMP_83aa37c8a37d61e51382,10.1021/acs.est.6b01197,BAF,1.3,2.1932685871237676,,False
final_similarity70_2,similarity70_cluster_2,primary216,42,extra_trees_structure_context,BIO_6012,CMP_83aa37c8a37d61e51382,10.1021/acs.est.6b01197,BAF,3.140000000000001,2.128593346036272,,False
final_similarity70_2,similarity70_cluster_2,primary216,42,extra_trees_structure_context,BIO_6384,CMP_cfdde373a2a8c04668f0,10.1021/acs.est.5b04299,BAF,3.798000000000001,3.9163212602650685,,False
final_similarity70_2,similarity70_cluster_2,primary216,42,extra_trees_structure_context,BIO_6385,CMP_cfdde373a2a8c04668f0,10.1021/acs.est.5b04299,BAF,3.3090000000000006,3.9163212602650685,,False
final_similarity70_2,similarity70_cluster_2,primary216,42,extra_trees_structure_context,BIO_6386,CMP_cfdde373a2a8c04668f0,10.1021/acs.est.5b04299,BAF,3.984,3.935206409175286,,False
final_similarity70_2,similarity70_cluster_2,primary216,42,extra_trees_structure_context,BIO_6387,CMP_cfdde373a2a8c04668f0,10.1021/acs.est.5b04299,BAF,3.4720000000000004,3.9163212602650685,,False
final_similarity70_2,similarity70_cluster_2,primary216,42,extra_trees_structure_context,BIO_6388,CMP_cfdde373a2a8c04668f0,10.1021/acs.est.5b04299,BAF,3.4600000000000004,3.9163212602650685,,False
final_similarity70_2,similarity70_cluster_2,primary216,42,extra_trees_structure_context,BIO_6389,CMP_cfdde373a2a8c04668f0,10.1021/acs.est.5b04299,BAF,3.770000000000001,3.9163212602650685,,False
final_similarity70_2,similarity70_cluster_2,primary216,42,extra_trees_structure_context,BIO_6390,CMP_cfdde373a2a8c04668f0,10.1021/acs.est.5b04299,BAF,3.700000000000001,3.9163212602650685,,False
final_similarity70_2,similarity70_cluster_2,primary216,42,extra_trees_structure_context,BIO_6391,CMP_cfdde373a2a8c04668f0,10.1021/acs.est.5b04299,BAF,3.755000000000001,3.9163212602650685,,False
final_similarity70_2,similarity70_cluster_2,primary216,42,extra_trees_structure_context,BIO_6392,CMP_cfdde373a2a8c04668f0,10.1021/acs.est.5b04299,BAF,3.646000000000001,3.882213331200186,,False
final_similarity70_2,similarity70_cluster_2,primary216,42,extra_trees_structure_context,BIO_6393,CMP_cfdde373a2a8c04668f0,10.1021/acs.est.5b04299,BAF,2.870000000000001,3.6304135253894407,,False
final_similarity70_2,similarity70_cluster_2,primary216,42,extra_trees_structure_context,BIO_6395,CMP_cfdde373a2a8c04668f0,10.1021/acs.est.5b04299,BAF,4.03,3.9163212602650685,,False
final_similarity70_2,similarity70_cluster_2,primary216,42,extra_trees_structure_context,BIO_6396,CMP_cfdde373a2a8c04668f0,10.1021/acs.est.5b04299,BAF,3.873,3.9163212602650685,,False
final_similarity70_2,similarity70_cluster_2,primary216,42,extra_trees_structure_context,BIO_6397,CMP_cfdde373a2a8c04668f0,10.1021/acs.est.5b04299,BAF,4.301,3.935206409175286,,False
final_similarity70_2,similarity70_cluster_2,primary216,42,extra_trees_structure_context,BIO_6398,CMP_cfdde373a2a8c04668f0,10.1021/acs.est.5b04299,BAF,3.838000000000001,3.9163212602650685,,False
final_similarity70_2,similarity70_cluster_2,primary216,42,extra_trees_structure_context,BIO_6399,CMP_cfdde373a2a8c04668f0,10.1021/acs.est.5b04299,BAF,3.912000000000001,3.9163212602650685,,False
final_similarity70_2,similarity70_cluster_2,primary216,42,extra_trees_structure_context,BIO_6400,CMP_cfdde373a2a8c04668f0,10.1021/acs.est.5b04299,BAF,4.0600000000000005,3.9163212602650685,,False
final_similarity70_2,similarity70_cluster_2,primary216,42,extra_trees_structure_context,BIO_6401,CMP_cfdde373a2a8c04668f0,10.1021/acs.est.5b04299,BAF,3.954,3.9163212602650685,,False
final_similarity70_2,similarity70_cluster_2,primary216,42,extra_trees_structure_context,BIO_6402,CMP_cfdde373a2a8c04668f0,10.1021/acs.est.5b04299,BAF,4.072000000000001,3.9163212602650685,,False
final_similarity70_2,similarity70_cluster_2,primary216,42,extra_trees_structure_context,BIO_6403,CMP_cfdde373a2a8c04668f0,10.1021/acs.est.5b04299,BAF,3.9650000000000007,3.882213331200186,,False
final_similarity70_2,similarity70_cluster_2,primary216,42,extra_trees_structure_context,BIO_6404,CMP_cfdde373a2a8c04668f0,10.1021/acs.est.5b04299,BAF,3.1950000000000003,3.6304135253894407,,False
final_similarity70_2,similarity70_cluster_2,primary216,42,extra_trees_structure_context,BIO_6407,CMP_cfdde373a2a8c04668f0,10.1021/acs.est.9b04906,BAF,3.7848311781244695,3.9732371167653855,,False
final_similarity70_2,similarity70_cluster_2,primary216,42,extra_trees_structure_context,BIO_6605,CMP_83aa37c8a37d61e51382,10.1021/acs.est.7b02399,BAF,1.0,2.4408737916002723,,False
final_similarity70_2,similarity70_cluster_2,primary216,42,extra_trees_structure_context,BIO_6606,CMP_83aa37c8a37d61e51382,10.1021/acs.est.7b02399,BAF,2.3364597338485296,2.4408737916002723,,False
final_similarity70_2,similarity70_cluster_2,primary216,42,extra_trees_structure_context,BIO_6607,CMP_83aa37c8a37d61e51382,10.1021/acs.est.7b02399,BAF,2.663700925389648,2.4408737916002723,,False
final_similarity70_2,similarity70_cluster_2,primary216,42,extra_trees_structure_context,BIO_6608,CMP_83aa37c8a37d61e51382,10.1021/acs.est.7b02399,BAF,2.639486489268586,2.4408737916002723,,False
final_similarity70_2,similarity70_cluster_2,primary216,42,extra_trees_structure_context,BIO_6609,CMP_83aa37c8a37d61e51382,10.1021/acs.est.7b02399,BAF,2.651278013998144,2.4408737916002723,,False
final_similarity70_2,similarity70_cluster_2,primary216,42,extra_trees_structure_context,BIO_6610,CMP_83aa37c8a37d61e51382,10.1021/acs.est.7b02399,BAF,2.8432327780980096,2.4408737916002723,,False
final_similarity70_2,similarity70_cluster_2,primary216,42,extra_trees_structure_context,BIO_6629,CMP_cfdde373a2a8c04668f0,10.1021/acs.est.7b02399,BAF,2.0863598306747484,4.241633283118021,,False
final_similarity70_2,similarity70_cluster_2,primary216,42,extra_trees_structure_context,BIO_6630,CMP_cfdde373a2a8c04668f0,10.1021/acs.est.7b02399,BAF,3.1398790864012365,4.241633283118021,,False
final_similarity70_2,similarity70_cluster_2,primary216,42,extra_trees_structure_context,BIO_6631,CMP_cfdde373a2a8c04668f0,10.1021/acs.est.7b02399,BAF,3.551449997972876,4.241633283118021,,False
final_similarity70_2,similarity70_cluster_2,primary216,42,extra_trees_structure_context,BIO_6632,CMP_cfdde373a2a8c04668f0,10.1021/acs.est.7b02399,BAF,3.376576957056512,4.241633283118021,,False
final_similarity70_2,similarity70_cluster_2,primary216,42,extra_trees_structure_context,BIO_6633,CMP_cfdde373a2a8c04668f0,10.1021/acs.est.7b02399,BAF,3.447623097760286,4.241633283118021,,False
final_similarity70_2,similarity70_cluster_2,primary216,42,extra_trees_structure_context,BIO_6634,CMP_cfdde373a2a8c04668f0,10.1021/acs.est.7b02399,BAF,3.851869600729766,4.241633283118021,,False
final_similarity70_2,similarity70_cluster_2,primary216,42,extra_trees_structure_context,BIO_6737,CMP_5eaff469cfe578e26057,10.1021/acs.est.7b02259,BAF,1.1900000000000002,1.1344781826412285,,False
final_similarity70_2,similarity70_cluster_2,primary216,42,extra_trees_structure_context,BIO_6738,CMP_83aa37c8a37d61e51382,10.1021/acs.est.7b02259,BAF,2.56,1.4750629974305027,,False
final_similarity70_2,similarity70_cluster_2,primary216,42,extra_trees_structure_context,BIO_6739,CMP_83aa37c8a37d61e51382,10.1021/acs.est.7b02259,BAF,2.3000000000000003,1.1926372845050173,,False
final_similarity70_2,similarity70_cluster_2,primary216,42,extra_trees_structure_context,BIO_6740,CMP_cfdde373a2a8c04668f0,10.1021/acs.est.7b02259,BAF,3.86,3.935206409175286,,False
final_similarity70_2,similarity70_cluster_2,primary216,42,extra_trees_structure_context,BIO_6741,CMP_cfdde373a2a8c04668f0,10.1021/acs.est.7b02259,BAF,3.65,3.882213331200186,,False
final_similarity70_2,similarity70_cluster_2,primary216,42,extra_trees_structure_context,BIO_6742,CMP_cfdde373a2a8c04668f0,10.1021/acs.est.7b02259,BAF,2.7300000000000004,3.6304135253894407,,False
final_similarity70_2,similarity70_cluster_2,primary216,42,hist_gradient_structure_context,BIO_5694,CMP_cfdde373a2a8c04668f0,10.1021/acs.est.6b01197,BAF,4.32,3.2869448710898412,,False
final_similarity70_2,similarity70_cluster_2,primary216,42,hist_gradient_structure_context,BIO_5695,CMP_cfdde373a2a8c04668f0,10.1021/acs.est.6b01197,BAF,2.4700000000000006,3.1338824037939115,,False
final_similarity70_2,similarity70_cluster_2,primary216,42,hist_gradient_structure_context,BIO_5696,CMP_cfdde373a2a8c04668f0,10.1021/acs.est.6b01197,BAF,4.35,3.2869448710898412,,False
final_similarity70_2,similarity70_cluster_2,primary216,42,hist_gradient_structure_context,BIO_6010,CMP_83aa37c8a37d61e51382,10.1021/acs.est.6b01197,BAF,3.29,1.5456518601389617,,False
final_similarity70_2,similarity70_cluster_2,primary216,42,hist_gradient_structure_context,BIO_6011,CMP_83aa37c8a37d61e51382,10.1021/acs.est.6b01197,BAF,1.3,1.6632558019167276,,False
final_similarity70_2,similarity70_cluster_2,primary216,42,hist_gradient_structure_context,BIO_6012,CMP_83aa37c8a37d61e51382,10.1021/acs.est.6b01197,BAF,3.140000000000001,1.5456518601389617,,False
final_similarity70_2,similarity70_cluster_2,primary216,42,hist_gradient_structure_context,BIO_6384,CMP_cfdde373a2a8c04668f0,10.1021/acs.est.5b04299,BAF,3.798000000000001,2.61956941013075,,False
final_similarity70_2,similarity70_cluster_2,primary216,42,hist_gradient_structure_context,BIO_6385,CMP_cfdde373a2a8c04668f0,10.1021/acs.est.5b04299,BAF,3.3090000000000006,2.61956941013075,,False
final_similarity70_2,similarity70_cluster_2,primary216,42,hist_gradient_structure_context,BIO_6386,CMP_cfdde373a2a8c04668f0,10.1021/acs.est.5b04299,BAF,3.984,2.61956941013075,,False
final_similarity70_2,similarity70_cluster_2,primary216,42,hist_gradient_structure_context,BIO_6387,CMP_cfdde373a2a8c04668f0,10.1021/acs.est.5b04299,BAF,3.4720000000000004,2.61956941013075,,False
final_similarity70_2,similarity70_cluster_2,primary216,42,hist_gradient_structure_context,BIO_6388,CMP_cfdde373a2a8c04668f0,10.1021/acs.est.5b04299,BAF,3.4600000000000004,2.61956941013075,,False
final_similarity70_2,similarity70_cluster_2,primary216,42,hist_gradient_structure_context,BIO_6389,CMP_cfdde373a2a8c04668f0,10.1021/acs.est.5b04299,BAF,3.770000000000001,2.61956941013075,,False
final_similarity70_2,similarity70_cluster_2,primary216,42,hist_gradient_structure_context,BIO_6390,CMP_cfdde373a2a8c04668f0,10.1021/acs.est.5b04299,BAF,3.700000000000001,2.61956941013075,,False
final_similarity70_2,similarity70_cluster_2,primary216,42,hist_gradient_structure_context,BIO_6391,CMP_cfdde373a2a8c04668f0,10.1021/acs.est.5b04299,BAF,3.755000000000001,2.61956941013075,,False
final_similarity70_2,similarity70_cluster_2,primary216,42,hist_gradient_structure_context,BIO_6392,CMP_cfdde373a2a8c04668f0,10.1021/acs.est.5b04299,BAF,3.646000000000001,2.61956941013075,,False
final_similarity70_2,similarity70_cluster_2,primary216,42,hist_gradient_structure_context,BIO_6393,CMP_cfdde373a2a8c04668f0,10.1021/acs.est.5b04299,BAF,2.870000000000001,2.61956941013075,,False
final_similarity70_2,similarity70_cluster_2,primary216,42,hist_gradient_structure_context,BIO_6395,CMP_cfdde373a2a8c04668f0,10.1021/acs.est.5b04299,BAF,4.03,2.61956941013075,,False
final_similarity70_2,similarity70_cluster_2,primary216,42,hist_gradient_structure_context,BIO_6396,CMP_cfdde373a2a8c04668f0,10.1021/acs.est.5b04299,BAF,3.873,2.61956941013075,,False
final_similarity70_2,similarity70_cluster_2,primary216,42,hist_gradient_structure_context,BIO_6397,CMP_cfdde373a2a8c04668f0,10.1021/acs.est.5b04299,BAF,4.301,2.61956941013075,,False
final_similarity70_2,similarity70_cluster_2,primary216,42,hist_gradient_structure_context,BIO_6398,CMP_cfdde373a2a8c04668f0,10.1021/acs.est.5b04299,BAF,3.838000000000001,2.61956941013075,,False
final_similarity70_2,similarity70_cluster_2,primary216,42,hist_gradient_structure_context,BIO_6399,CMP_cfdde373a2a8c04668f0,10.1021/acs.est.5b04299,BAF,3.912000000000001,2.61956941013075,,False
final_similarity70_2,similarity70_cluster_2,primary216,42,hist_gradient_structure_context,BIO_6400,CMP_cfdde373a2a8c04668f0,10.1021/acs.est.5b04299,BAF,4.0600000000000005,2.61956941013075,,False
final_similarity70_2,similarity70_cluster_2,primary216,42,hist_gradient_structure_context,BIO_6401,CMP_cfdde373a2a8c04668f0,10.1021/acs.est.5b04299,BAF,3.954,2.61956941013075,,False
final_similarity70_2,similarity70_cluster_2,primary216,42,hist_gradient_structure_context,BIO_6402,CMP_cfdde373a2a8c04668f0,10.1021/acs.est.5b04299,BAF,4.072000000000001,2.61956941013075,,False
final_similarity70_2,similarity70_cluster_2,primary216,42,hist_gradient_structure_context,BIO_6403,CMP_cfdde373a2a8c04668f0,10.1021/acs.est.5b04299,BAF,3.9650000000000007,2.61956941013075,,False
final_similarity70_2,similarity70_cluster_2,primary216,42,hist_gradient_structure_context,BIO_6404,CMP_cfdde373a2a8c04668f0,10.1021/acs.est.5b04299,BAF,3.1950000000000003,2.61956941013075,,False
final_similarity70_2,similarity70_cluster_2,primary216,42,hist_gradient_structure_context,BIO_6407,CMP_cfdde373a2a8c04668f0,10.1021/acs.est.9b04906,BAF,3.7848311781244695,2.61956941013075,,False
final_similarity70_2,similarity70_cluster_2,primary216,42,hist_gradient_structure_context,BIO_6605,CMP_83aa37c8a37d61e51382,10.1021/acs.est.7b02399,BAF,1.0,1.9810905207647311,,False
final_similarity70_2,similarity70_cluster_2,primary216,42,hist_gradient_structure_context,BIO_6606,CMP_83aa37c8a37d61e51382,10.1021/acs.est.7b02399,BAF,2.3364597338485296,1.9810905207647311,,False
final_similarity70_2,similarity70_cluster_2,primary216,42,hist_gradient_structure_context,BIO_6607,CMP_83aa37c8a37d61e51382,10.1021/acs.est.7b02399,BAF,2.663700925389648,1.9810905207647311,,False
final_similarity70_2,similarity70_cluster_2,primary216,42,hist_gradient_structure_context,BIO_6608,CMP_83aa37c8a37d61e51382,10.1021/acs.est.7b02399,BAF,2.639486489268586,1.9810905207647311,,False
final_similarity70_2,similarity70_cluster_2,primary216,42,hist_gradient_structure_context,BIO_6609,CMP_83aa37c8a37d61e51382,10.1021/acs.est.7b02399,BAF,2.651278013998144,1.9810905207647311,,False
final_similarity70_2,similarity70_cluster_2,primary216,42,hist_gradient_structure_context,BIO_6610,CMP_83aa37c8a37d61e51382,10.1021/acs.est.7b02399,BAF,2.8432327780980096,1.9810905207647311,,False
final_similarity70_2,similarity70_cluster_2,primary216,42,hist_gradient_structure_context,BIO_6629,CMP_cfdde373a2a8c04668f0,10.1021/acs.est.7b02399,BAF,2.0863598306747484,3.342918576747056,,False
final_similarity70_2,similarity70_cluster_2,primary216,42,hist_gradient_structure_context,BIO_6630,CMP_cfdde373a2a8c04668f0,10.1021/acs.est.7b02399,BAF,3.1398790864012365,3.342918576747056,,False
final_similarity70_2,similarity70_cluster_2,primary216,42,hist_gradient_structure_context,BIO_6631,CMP_cfdde373a2a8c04668f0,10.1021/acs.est.7b02399,BAF,3.551449997972876,3.342918576747056,,False
final_similarity70_2,similarity70_cluster_2,primary216,42,hist_gradient_structure_context,BIO_6632,CMP_cfdde373a2a8c04668f0,10.1021/acs.est.7b02399,BAF,3.376576957056512,3.342918576747056,,False
final_similarity70_2,similarity70_cluster_2,primary216,42,hist_gradient_structure_context,BIO_6633,CMP_cfdde373a2a8c04668f0,10.1021/acs.est.7b02399,BAF,3.447623097760286,3.342918576747056,,False
final_similarity70_2,similarity70_cluster_2,primary216,42,hist_gradient_structure_context,BIO_6634,CMP_cfdde373a2a8c04668f0,10.1021/acs.est.7b02399,BAF,3.851869600729766,3.342918576747056,,False
final_similarity70_2,similarity70_cluster_2,primary216,42,hist_gradient_structure_context,BIO_6737,CMP_5eaff469cfe578e26057,10.1021/acs.est.7b02259,BAF,1.1900000000000002,0.44757840724637343,,False
final_similarity70_2,similarity70_cluster_2,primary216,42,hist_gradient_structure_context,BIO_6738,CMP_83aa37c8a37d61e51382,10.1021/acs.est.7b02259,BAF,2.56,0.4591014911196641,,False
final_similarity70_2,similarity70_cluster_2,primary216,42,hist_gradient_structure_context,BIO_6739,CMP_83aa37c8a37d61e51382,10.1021/acs.est.7b02259,BAF,2.3000000000000003,0.4591014911196641,,False
final_similarity70_2,similarity70_cluster_2,primary216,42,hist_gradient_structure_context,BIO_6740,CMP_cfdde373a2a8c04668f0,10.1021/acs.est.7b02259,BAF,3.86,2.61956941013075,,False
final_similarity70_2,similarity70_cluster_2,primary216,42,hist_gradient_structure_context,BIO_6741,CMP_cfdde373a2a8c04668f0,10.1021/acs.est.7b02259,BAF,3.65,2.61956941013075,,False
final_similarity70_2,similarity70_cluster_2,primary216,42,hist_gradient_structure_context,BIO_6742,CMP_cfdde373a2a8c04668f0,10.1021/acs.est.7b02259,BAF,2.7300000000000004,2.61956941013075,,False
final_similarity70_2,similarity70_cluster_2,primary216,42,nearest_chemical_context,BIO_5694,CMP_cfdde373a2a8c04668f0,10.1021/acs.est.6b01197,BAF,4.32,3.4600000000000004,,False
final_similarity70_2,similarity70_cluster_2,primary216,42,nearest_chemical_context,BIO_5695,CMP_cfdde373a2a8c04668f0,10.1021/acs.est.6b01197,BAF,2.4700000000000006,3.18,,False
final_similarity70_2,similarity70_cluster_2,primary216,42,nearest_chemical_context,BIO_5696,CMP_cfdde373a2a8c04668f0,10.1021/acs.est.6b01197,BAF,4.35,3.4600000000000004,,False
final_similarity70_2,similarity70_cluster_2,primary216,42,nearest_chemical_context,BIO_6010,CMP_83aa37c8a37d61e51382,10.1021/acs.est.6b01197,BAF,3.29,3.4600000000000004,,False
final_similarity70_2,similarity70_cluster_2,primary216,42,nearest_chemical_context,BIO_6011,CMP_83aa37c8a37d61e51382,10.1021/acs.est.6b01197,BAF,1.3,3.18,,False
final_similarity70_2,similarity70_cluster_2,primary216,42,nearest_chemical_context,BIO_6012,CMP_83aa37c8a37d61e51382,10.1021/acs.est.6b01197,BAF,3.140000000000001,3.4600000000000004,,False
final_similarity70_2,similarity70_cluster_2,primary216,42,nearest_chemical_context,BIO_6384,CMP_cfdde373a2a8c04668f0,10.1021/acs.est.5b04299,BAF,3.798000000000001,3.4600000000000004,,False
final_similarity70_2,similarity70_cluster_2,primary216,42,nearest_chemical_context,BIO_6385,CMP_cfdde373a2a8c04668f0,10.1021/acs.est.5b04299,BAF,3.3090000000000006,3.4600000000000004,,False
final_similarity70_2,similarity70_cluster_2,primary216,42,nearest_chemical_context,BIO_6386,CMP_cfdde373a2a8c04668f0,10.1021/acs.est.5b04299,BAF,3.984,3.4600000000000004,,False
final_similarity70_2,similarity70_cluster_2,primary216,42,nearest_chemical_context,BIO_6387,CMP_cfdde373a2a8c04668f0,10.1021/acs.est.5b04299,BAF,3.4720000000000004,3.4600000000000004,,False
final_similarity70_2,similarity70_cluster_2,primary216,42,nearest_chemical_context,BIO_6388,CMP_cfdde373a2a8c04668f0,10.1021/acs.est.5b04299,BAF,3.4600000000000004,3.4600000000000004,,False
final_similarity70_2,similarity70_cluster_2,primary216,42,nearest_chemical_context,BIO_6389,CMP_cfdde373a2a8c04668f0,10.1021/acs.est.5b04299,BAF,3.770000000000001,3.4600000000000004,,False
final_similarity70_2,similarity70_cluster_2,primary216,42,nearest_chemical_context,BIO_6390,CMP_cfdde373a2a8c04668f0,10.1021/acs.est.5b04299,BAF,3.700000000000001,3.4600000000000004,,False
final_similarity70_2,similarity70_cluster_2,primary216,42,nearest_chemical_context,BIO_6391,CMP_cfdde373a2a8c04668f0,10.1021/acs.est.5b04299,BAF,3.755000000000001,3.4600000000000004,,False
final_similarity70_2,similarity70_cluster_2,primary216,42,nearest_chemical_context,BIO_6392,CMP_cfdde373a2a8c04668f0,10.1021/acs.est.5b04299,BAF,3.646000000000001,3.4600000000000004,,False
final_similarity70_2,similarity70_cluster_2,primary216,42,nearest_chemical_context,BIO_6393,CMP_cfdde373a2a8c04668f0,10.1021/acs.est.5b04299,BAF,2.870000000000001,3.4600000000000004,,False
final_similarity70_2,similarity70_cluster_2,primary216,42,nearest_chemical_context,BIO_6395,CMP_cfdde373a2a8c04668f0,10.1021/acs.est.5b04299,BAF,4.03,3.4600000000000004,,False
final_similarity70_2,similarity70_cluster_2,primary216,42,nearest_chemical_context,BIO_6396,CMP_cfdde373a2a8c04668f0,10.1021/acs.est.5b04299,BAF,3.873,3.4600000000000004,,False
final_similarity70_2,similarity70_cluster_2,primary216,42,nearest_chemical_context,BIO_6397,CMP_cfdde373a2a8c04668f0,10.1021/acs.est.5b04299,BAF,4.301,3.4600000000000004,,False
final_similarity70_2,similarity70_cluster_2,primary216,42,nearest_chemical_context,BIO_6398,CMP_cfdde373a2a8c04668f0,10.1021/acs.est.5b04299,BAF,3.838000000000001,3.4600000000000004,,False
final_similarity70_2,similarity70_cluster_2,primary216,42,nearest_chemical_context,BIO_6399,CMP_cfdde373a2a8c04668f0,10.1021/acs.est.5b04299,BAF,3.912000000000001,3.4600000000000004,,False
final_similarity70_2,similarity70_cluster_2,primary216,42,nearest_chemical_context,BIO_6400,CMP_cfdde373a2a8c04668f0,10.1021/acs.est.5b04299,BAF,4.0600000000000005,3.4600000000000004,,False
final_similarity70_2,similarity70_cluster_2,primary216,42,nearest_chemical_context,BIO_6401,CMP_cfdde373a2a8c04668f0,10.1021/acs.est.5b04299,BAF,3.954,3.4600000000000004,,False
final_similarity70_2,similarity70_cluster_2,primary216,42,nearest_chemical_context,BIO_6402,CMP_cfdde373a2a8c04668f0,10.1021/acs.est.5b04299,BAF,4.072000000000001,3.4600000000000004,,False
final_similarity70_2,similarity70_cluster_2,primary216,42,nearest_chemical_context,BIO_6403,CMP_cfdde373a2a8c04668f0,10.1021/acs.est.5b04299,BAF,3.9650000000000007,3.4600000000000004,,False
final_similarity70_2,similarity70_cluster_2,primary216,42,nearest_chemical_context,BIO_6404,CMP_cfdde373a2a8c04668f0,10.1021/acs.est.5b04299,BAF,3.1950000000000003,3.4600000000000004,,False
final_similarity70_2,similarity70_cluster_2,primary216,42,nearest_chemical_context,BIO_6407,CMP_cfdde373a2a8c04668f0,10.1021/acs.est.9b04906,BAF,3.7848311781244695,3.4600000000000004,,False
final_similarity70_2,similarity70_cluster_2,primary216,42,nearest_chemical_context,BIO_6605,CMP_83aa37c8a37d61e51382,10.1021/acs.est.7b02399,BAF,1.0,4.471144965160633,,False
final_similarity70_2,similarity70_cluster_2,primary216,42,nearest_chemical_context,BIO_6606,CMP_83aa37c8a37d61e51382,10.1021/acs.est.7b02399,BAF,2.3364597338485296,4.471144965160633,,False
final_similarity70_2,similarity70_cluster_2,primary216,42,nearest_chemical_context,BIO_6607,CMP_83aa37c8a37d61e51382,10.1021/acs.est.7b02399,BAF,2.663700925389648,4.471144965160633,,False
final_similarity70_2,similarity70_cluster_2,primary216,42,nearest_chemical_context,BIO_6608,CMP_83aa37c8a37d61e51382,10.1021/acs.est.7b02399,BAF,2.639486489268586,4.471144965160633,,False
final_similarity70_2,similarity70_cluster_2,primary216,42,nearest_chemical_context,BIO_6609,CMP_83aa37c8a37d61e51382,10.1021/acs.est.7b02399,BAF,2.651278013998144,4.471144965160633,,False
final_similarity70_2,similarity70_cluster_2,primary216,42,nearest_chemical_context,BIO_6610,CMP_83aa37c8a37d61e51382,10.1021/acs.est.7b02399,BAF,2.8432327780980096,4.471144965160633,,False
final_similarity70_2,similarity70_cluster_2,primary216,42,nearest_chemical_context,BIO_6629,CMP_cfdde373a2a8c04668f0,10.1021/acs.est.7b02399,BAF,2.0863598306747484,4.471144965160633,,False
final_similarity70_2,similarity70_cluster_2,primary216,42,nearest_chemical_context,BIO_6630,CMP_cfdde373a2a8c04668f0,10.1021/acs.est.7b02399,BAF,3.1398790864012365,4.471144965160633,,False
final_similarity70_2,similarity70_cluster_2,primary216,42,nearest_chemical_context,BIO_6631,CMP_cfdde373a2a8c04668f0,10.1021/acs.est.7b02399,BAF,3.551449997972876,4.471144965160633,,False
final_similarity70_2,similarity70_cluster_2,primary216,42,nearest_chemical_context,BIO_6632,CMP_cfdde373a2a8c04668f0,10.1021/acs.est.7b02399,BAF,3.376576957056512,4.471144965160633,,False
final_similarity70_2,similarity70_cluster_2,primary216,42,nearest_chemical_context,BIO_6633,CMP_cfdde373a2a8c04668f0,10.1021/acs.est.7b02399,BAF,3.447623097760286,4.471144965160633,,False
final_similarity70_2,similarity70_cluster_2,primary216,42,nearest_chemical_context,BIO_6634,CMP_cfdde373a2a8c04668f0,10.1021/acs.est.7b02399,BAF,3.851869600729766,4.471144965160633,,False
final_similarity70_2,similarity70_cluster_2,primary216,42,nearest_chemical_context,BIO_6737,CMP_5eaff469cfe578e26057,10.1021/acs.est.7b02259,BAF,1.1900000000000002,3.4600000000000004,,False
final_similarity70_2,similarity70_cluster_2,primary216,42,nearest_chemical_context,BIO_6738,CMP_83aa37c8a37d61e51382,10.1021/acs.est.7b02259,BAF,2.56,3.4600000000000004,,False
final_similarity70_2,similarity70_cluster_2,primary216,42,nearest_chemical_context,BIO_6739,CMP_83aa37c8a37d61e51382,10.1021/acs.est.7b02259,BAF,2.3000000000000003,3.4600000000000004,,False
final_similarity70_2,similarity70_cluster_2,primary216,42,nearest_chemical_context,BIO_6740,CMP_cfdde373a2a8c04668f0,10.1021/acs.est.7b02259,BAF,3.86,3.4600000000000004,,False
final_similarity70_2,similarity70_cluster_2,primary216,42,nearest_chemical_context,BIO_6741,CMP_cfdde373a2a8c04668f0,10.1021/acs.est.7b02259,BAF,3.65,3.4600000000000004,,False
final_similarity70_2,similarity70_cluster_2,primary216,42,nearest_chemical_context,BIO_6742,CMP_cfdde373a2a8c04668f0,10.1021/acs.est.7b02259,BAF,2.7300000000000004,3.4600000000000004,,False
final_similarity70_2,similarity70_cluster_2,primary216,42,simple_graph_context,BIO_5723,CMP_5eaff469cfe578e26057,10.1016/j.scitotenv.2016.05.215,BCF,1.24,1.9135510921478271,,False
final_similarity70_2,similarity70_cluster_2,primary216,42,simple_graph_context,BIO_5724,CMP_5eaff469cfe578e26057,10.1016/j.scitotenv.2016.05.215,BCF,1.27,1.9135510921478271,,False
final_similarity70_2,similarity70_cluster_2,primary216,42,simple_graph_context,BIO_5725,CMP_5eaff469cfe578e26057,10.1016/j.scitotenv.2016.05.215,BCF,0.66,1.6068334579467773,,False
final_similarity70_2,similarity70_cluster_2,primary216,42,simple_graph_context,BIO_5726,CMP_5eaff469cfe578e26057,10.1016/j.scitotenv.2016.05.215,BCF,1.72,1.7512999773025513,,False
final_similarity70_2,similarity70_cluster_2,primary216,42,simple_graph_context,BIO_5727,CMP_5eaff469cfe578e26057,10.1016/j.scitotenv.2016.05.215,BCF,1.82,1.7512999773025513,,False
final_similarity70_2,similarity70_cluster_2,primary216,42,simple_graph_context,BIO_5995,CMP_83aa37c8a37d61e51382,10.1016/j.scitotenv.2016.05.215,BCF,2.56,2.5557851791381836,,False
final_similarity70_2,similarity70_cluster_2,primary216,42,simple_graph_context,BIO_5996,CMP_83aa37c8a37d61e51382,10.1016/j.scitotenv.2016.05.215,BCF,2.39,2.5557851791381836,,False
final_similarity70_2,similarity70_cluster_2,primary216,42,simple_graph_context,BIO_5997,CMP_83aa37c8a37d61e51382,10.1016/j.scitotenv.2016.05.215,BCF,1.69,2.249067544937134,,False
final_similarity70_2,similarity70_cluster_2,primary216,42,simple_graph_context,BIO_5998,CMP_83aa37c8a37d61e51382,10.1016/j.scitotenv.2016.05.215,BCF,1.56,2.249067544937134,,False
final_similarity70_2,similarity70_cluster_2,primary216,42,simple_graph_context,BIO_5999,CMP_83aa37c8a37d61e51382,10.1016/j.scitotenv.2016.05.215,BCF,2.74,2.3935341835021973,,False
final_similarity70_2,similarity70_cluster_2,primary216,42,simple_graph_context,BIO_6000,CMP_83aa37c8a37d61e51382,10.1016/j.scitotenv.2016.05.215,BCF,2.58,2.3935341835021973,,False
final_similarity70_2,similarity70_cluster_2,primary216,42,simple_graph_context,BIO_6285,CMP_cfdde373a2a8c04668f0,10.1016/j.scitotenv.2016.05.215,BCF,3.64,3.19801926612854,,False
final_similarity70_2,similarity70_cluster_2,primary216,42,simple_graph_context,BIO_6286,CMP_cfdde373a2a8c04668f0,10.1016/j.scitotenv.2016.05.215,BCF,3.55,3.19801926612854,,False
final_similarity70_2,similarity70_cluster_2,primary216,42,simple_graph_context,BIO_6287,CMP_cfdde373a2a8c04668f0,10.1016/j.scitotenv.2016.05.215,BCF,2.86,2.8913016319274902,,False
final_similarity70_2,similarity70_cluster_2,primary216,42,simple_graph_context,BIO_6288,CMP_cfdde373a2a8c04668f0,10.1016/j.scitotenv.2016.05.215,BCF,2.73,2.8913016319274902,,False
final_similarity70_2,similarity70_cluster_2,primary216,42,simple_graph_context,BIO_6289,CMP_cfdde373a2a8c04668f0,10.1016/j.scitotenv.2016.05.215,BCF,3.82,3.0357682704925537,,False
final_similarity70_2,similarity70_cluster_2,primary216,42,simple_graph_context,BIO_6290,CMP_cfdde373a2a8c04668f0,10.1016/j.scitotenv.2016.05.215,BCF,3.51,3.0357682704925537,,False
final_similarity70_2,similarity70_cluster_2,primary216,42,extra_trees_structure_context,BIO_5723,CMP_5eaff469cfe578e26057,10.1016/j.scitotenv.2016.05.215,BCF,1.24,1.811777343749999,,False
final_similarity70_2,similarity70_cluster_2,primary216,42,extra_trees_structure_context,BIO_5724,CMP_5eaff469cfe578e26057,10.1016/j.scitotenv.2016.05.215,BCF,1.27,1.811777343749999,,False
final_similarity70_2,similarity70_cluster_2,primary216,42,extra_trees_structure_context,BIO_5725,CMP_5eaff469cfe578e26057,10.1016/j.scitotenv.2016.05.215,BCF,0.66,0.9745585937500025,,False
final_similarity70_2,similarity70_cluster_2,primary216,42,extra_trees_structure_context,BIO_5726,CMP_5eaff469cfe578e26057,10.1016/j.scitotenv.2016.05.215,BCF,1.72,1.257714843750001,,False
final_similarity70_2,similarity70_cluster_2,primary216,42,extra_trees_structure_context,BIO_5727,CMP_5eaff469cfe578e26057,10.1016/j.scitotenv.2016.05.215,BCF,1.82,1.257714843750001,,False
final_similarity70_2,similarity70_cluster_2,primary216,42,extra_trees_structure_context,BIO_5995,CMP_83aa37c8a37d61e51382,10.1016/j.scitotenv.2016.05.215,BCF,2.56,2.017434895833335,,False
final_similarity70_2,similarity70_cluster_2,primary216,42,extra_trees_structure_context,BIO_5996,CMP_83aa37c8a37d61e51382,10.1016/j.scitotenv.2016.05.215,BCF,2.39,2.017434895833335,,False
final_similarity70_2,similarity70_cluster_2,primary216,42,extra_trees_structure_context,BIO_5997,CMP_83aa37c8a37d61e51382,10.1016/j.scitotenv.2016.05.215,BCF,1.69,1.6576575520833343,,False
final_similarity70_2,similarity70_cluster_2,primary216,42,extra_trees_structure_context,BIO_5998,CMP_83aa37c8a37d61e51382,10.1016/j.scitotenv.2016.05.215,BCF,1.56,1.6576575520833343,,False
final_similarity70_2,similarity70_cluster_2,primary216,42,extra_trees_structure_context,BIO_5999,CMP_83aa37c8a37d61e51382,10.1016/j.scitotenv.2016.05.215,BCF,2.74,1.791497395833337,,False
final_similarity70_2,similarity70_cluster_2,primary216,42,extra_trees_structure_context,BIO_6000,CMP_83aa37c8a37d61e51382,10.1016/j.scitotenv.2016.05.215,BCF,2.58,1.791497395833337,,False
final_similarity70_2,similarity70_cluster_2,primary216,42,extra_trees_structure_context,BIO_6285,CMP_cfdde373a2a8c04668f0,10.1016/j.scitotenv.2016.05.215,BCF,3.64,3.362343749999995,,False
final_similarity70_2,similarity70_cluster_2,primary216,42,extra_trees_structure_context,BIO_6286,CMP_cfdde373a2a8c04668f0,10.1016/j.scitotenv.2016.05.215,BCF,3.55,3.362343749999995,,False
final_similarity70_2,similarity70_cluster_2,primary216,42,extra_trees_structure_context,BIO_6287,CMP_cfdde373a2a8c04668f0,10.1016/j.scitotenv.2016.05.215,BCF,2.86,3.248906249999996,,False
final_similarity70_2,similarity70_cluster_2,primary216,42,extra_trees_structure_context,BIO_6288,CMP_cfdde373a2a8c04668f0,10.1016/j.scitotenv.2016.05.215,BCF,2.73,3.248906249999996,,False
final_similarity70_2,similarity70_cluster_2,primary216,42,extra_trees_structure_context,BIO_6289,CMP_cfdde373a2a8c04668f0,10.1016/j.scitotenv.2016.05.215,BCF,3.82,3.3165559895833274,,False
final_similarity70_2,similarity70_cluster_2,primary216,42,extra_trees_structure_context,BIO_6290,CMP_cfdde373a2a8c04668f0,10.1016/j.scitotenv.2016.05.215,BCF,3.51,3.3165559895833274,,False
final_similarity70_2,similarity70_cluster_2,primary216,42,hist_gradient_structure_context,BIO_5723,CMP_5eaff469cfe578e26057,10.1016/j.scitotenv.2016.05.215,BCF,1.24,1.9197003332525036,,False
final_similarity70_2,similarity70_cluster_2,primary216,42,hist_gradient_structure_context,BIO_5724,CMP_5eaff469cfe578e26057,10.1016/j.scitotenv.2016.05.215,BCF,1.27,1.9197003332525036,,False
final_similarity70_2,similarity70_cluster_2,primary216,42,hist_gradient_structure_context,BIO_5725,CMP_5eaff469cfe578e26057,10.1016/j.scitotenv.2016.05.215,BCF,0.66,1.9197003332525036,,False
final_similarity70_2,similarity70_cluster_2,primary216,42,hist_gradient_structure_context,BIO_5726,CMP_5eaff469cfe578e26057,10.1016/j.scitotenv.2016.05.215,BCF,1.72,1.9197003332525036,,False
final_similarity70_2,similarity70_cluster_2,primary216,42,hist_gradient_structure_context,BIO_5727,CMP_5eaff469cfe578e26057,10.1016/j.scitotenv.2016.05.215,BCF,1.82,1.9197003332525036,,False
final_similarity70_2,similarity70_cluster_2,primary216,42,hist_gradient_structure_context,BIO_5995,CMP_83aa37c8a37d61e51382,10.1016/j.scitotenv.2016.05.215,BCF,2.56,1.9197003332525036,,False
final_similarity70_2,similarity70_cluster_2,primary216,42,hist_gradient_structure_context,BIO_5996,CMP_83aa37c8a37d61e51382,10.1016/j.scitotenv.2016.05.215,BCF,2.39,1.9197003332525036,,False
final_similarity70_2,similarity70_cluster_2,primary216,42,hist_gradient_structure_context,BIO_5997,CMP_83aa37c8a37d61e51382,10.1016/j.scitotenv.2016.05.215,BCF,1.69,1.9197003332525036,,False
final_similarity70_2,similarity70_cluster_2,primary216,42,hist_gradient_structure_context,BIO_5998,CMP_83aa37c8a37d61e51382,10.1016/j.scitotenv.2016.05.215,BCF,1.56,1.9197003332525036,,False
final_similarity70_2,similarity70_cluster_2,primary216,42,hist_gradient_structure_context,BIO_5999,CMP_83aa37c8a37d61e51382,10.1016/j.scitotenv.2016.05.215,BCF,2.74,1.9197003332525036,,False
final_similarity70_2,similarity70_cluster_2,primary216,42,hist_gradient_structure_context,BIO_6000,CMP_83aa37c8a37d61e51382,10.1016/j.scitotenv.2016.05.215,BCF,2.58,1.9197003332525036,,False
final_similarity70_2,similarity70_cluster_2,primary216,42,hist_gradient_structure_context,BIO_6285,CMP_cfdde373a2a8c04668f0,10.1016/j.scitotenv.2016.05.215,BCF,3.64,3.9316773687960387,,False
final_similarity70_2,similarity70_cluster_2,primary216,42,hist_gradient_structure_context,BIO_6286,CMP_cfdde373a2a8c04668f0,10.1016/j.scitotenv.2016.05.215,BCF,3.55,3.9316773687960387,,False
final_similarity70_2,similarity70_cluster_2,primary216,42,hist_gradient_structure_context,BIO_6287,CMP_cfdde373a2a8c04668f0,10.1016/j.scitotenv.2016.05.215,BCF,2.86,3.9316773687960387,,False
final_similarity70_2,similarity70_cluster_2,primary216,42,hist_gradient_structure_context,BIO_6288,CMP_cfdde373a2a8c04668f0,10.1016/j.scitotenv.2016.05.215,BCF,2.73,3.9316773687960387,,False
final_similarity70_2,similarity70_cluster_2,primary216,42,hist_gradient_structure_context,BIO_6289,CMP_cfdde373a2a8c04668f0,10.1016/j.scitotenv.2016.05.215,BCF,3.82,3.9316773687960387,,False
final_similarity70_2,similarity70_cluster_2,primary216,42,hist_gradient_structure_context,BIO_6290,CMP_cfdde373a2a8c04668f0,10.1016/j.scitotenv.2016.05.215,BCF,3.51,3.9316773687960387,,False
final_similarity70_2,similarity70_cluster_2,primary216,42,nearest_chemical_context,BIO_5723,CMP_5eaff469cfe578e26057,10.1016/j.scitotenv.2016.05.215,BCF,1.24,4.04,,False
final_similarity70_2,similarity70_cluster_2,primary216,42,nearest_chemical_context,BIO_5724,CMP_5eaff469cfe578e26057,10.1016/j.scitotenv.2016.05.215,BCF,1.27,4.04,,False
final_similarity70_2,similarity70_cluster_2,primary216,42,nearest_chemical_context,BIO_5725,CMP_5eaff469cfe578e26057,10.1016/j.scitotenv.2016.05.215,BCF,0.66,3.41,,False
final_similarity70_2,similarity70_cluster_2,primary216,42,nearest_chemical_context,BIO_5726,CMP_5eaff469cfe578e26057,10.1016/j.scitotenv.2016.05.215,BCF,1.72,4.0,,False
final_similarity70_2,similarity70_cluster_2,primary216,42,nearest_chemical_context,BIO_5727,CMP_5eaff469cfe578e26057,10.1016/j.scitotenv.2016.05.215,BCF,1.82,4.0,,False
final_similarity70_2,similarity70_cluster_2,primary216,42,nearest_chemical_context,BIO_5995,CMP_83aa37c8a37d61e51382,10.1016/j.scitotenv.2016.05.215,BCF,2.56,4.04,,False
final_similarity70_2,similarity70_cluster_2,primary216,42,nearest_chemical_context,BIO_5996,CMP_83aa37c8a37d61e51382,10.1016/j.scitotenv.2016.05.215,BCF,2.39,4.04,,False
final_similarity70_2,similarity70_cluster_2,primary216,42,nearest_chemical_context,BIO_5997,CMP_83aa37c8a37d61e51382,10.1016/j.scitotenv.2016.05.215,BCF,1.69,3.41,,False
final_similarity70_2,similarity70_cluster_2,primary216,42,nearest_chemical_context,BIO_5998,CMP_83aa37c8a37d61e51382,10.1016/j.scitotenv.2016.05.215,BCF,1.56,3.41,,False
final_similarity70_2,similarity70_cluster_2,primary216,42,nearest_chemical_context,BIO_5999,CMP_83aa37c8a37d61e51382,10.1016/j.scitotenv.2016.05.215,BCF,2.74,4.0,,False
final_similarity70_2,similarity70_cluster_2,primary216,42,nearest_chemical_context,BIO_6000,CMP_83aa37c8a37d61e51382,10.1016/j.scitotenv.2016.05.215,BCF,2.58,4.0,,False
final_similarity70_2,similarity70_cluster_2,primary216,42,nearest_chemical_context,BIO_6285,CMP_cfdde373a2a8c04668f0,10.1016/j.scitotenv.2016.05.215,BCF,3.64,4.04,,False
final_similarity70_2,similarity70_cluster_2,primary216,42,nearest_chemical_context,BIO_6286,CMP_cfdde373a2a8c04668f0,10.1016/j.scitotenv.2016.05.215,BCF,3.55,4.04,,False
final_similarity70_2,similarity70_cluster_2,primary216,42,nearest_chemical_context,BIO_6287,CMP_cfdde373a2a8c04668f0,10.1016/j.scitotenv.2016.05.215,BCF,2.86,3.41,,False
final_similarity70_2,similarity70_cluster_2,primary216,42,nearest_chemical_context,BIO_6288,CMP_cfdde373a2a8c04668f0,10.1016/j.scitotenv.2016.05.215,BCF,2.73,3.41,,False
final_similarity70_2,similarity70_cluster_2,primary216,42,nearest_chemical_context,BIO_6289,CMP_cfdde373a2a8c04668f0,10.1016/j.scitotenv.2016.05.215,BCF,3.82,4.0,,False
final_similarity70_2,similarity70_cluster_2,primary216,42,nearest_chemical_context,BIO_6290,CMP_cfdde373a2a8c04668f0,10.1016/j.scitotenv.2016.05.215,BCF,3.51,4.0,,False
