task,design,cohort,seed,model,record_id,compound_id,study_id,endpoint,observed,predicted,transport_key,test_chemical_seen_in_bio_train
final_similarity70_0,similarity70_cluster_0,primary216,42,full_multitask,BIO_5789,CMP_5bc76544fcbe477197d1,10.1021/acs.est.6b01197,BAF,4.170000000000001,3.1920644734866963,1000f6946cc5198d,False
final_similarity70_0,similarity70_cluster_0,primary216,42,full_multitask,BIO_5790,CMP_5bc76544fcbe477197d1,10.1021/acs.est.6b01197,BAF,1.84,2.743059564693684,1000f6946cc5198d,False
final_similarity70_0,similarity70_cluster_0,primary216,42,full_multitask,BIO_5791,CMP_5bc76544fcbe477197d1,10.1021/acs.est.6b01197,BAF,4.03,3.189189104087035,1000f6946cc5198d,False
final_similarity70_0,similarity70_cluster_0,primary216,42,full_multitask,BIO_5907,CMP_a97661d9260d026cb14f,10.1021/acs.est.6b01197,BAF,1.98,2.3858336089850587,1000f6946cc5198d,False
final_similarity70_0,similarity70_cluster_0,primary216,42,full_multitask,BIO_5908,CMP_a97661d9260d026cb14f,10.1021/acs.est.6b01197,BAF,2.01,2.3776089304127126,1000f6946cc5198d,False
final_similarity70_0,similarity70_cluster_0,primary216,42,full_multitask,BIO_6095,CMP_8e58943e0a19095fb6f4,10.1021/acs.est.6b01197,BAF,3.5800000000000005,2.8807149467701034,1000f6946cc5198d,False
final_similarity70_0,similarity70_cluster_0,primary216,42,full_multitask,BIO_6096,CMP_8e58943e0a19095fb6f4,10.1021/acs.est.6b01197,BAF,3.3500000000000005,2.928138193899389,1000f6946cc5198d,False
final_similarity70_0,similarity70_cluster_0,primary216,42,full_multitask,BIO_6195,CMP_d156c7f61581a866704b,10.1021/acs.est.6b01197,BAF,2.34,2.638947818671782,1000f6946cc5198d,False
final_similarity70_0,similarity70_cluster_0,primary216,42,full_multitask,BIO_6196,CMP_d156c7f61581a866704b,10.1021/acs.est.6b01197,BAF,2.3000000000000003,2.0074591277442515,1000f6946cc5198d,False
final_similarity70_0,similarity70_cluster_0,primary216,42,full_multitask,BIO_6197,CMP_d156c7f61581a866704b,10.1021/acs.est.6b01197,BAF,2.5200000000000005,2.6365377497633595,1000f6946cc5198d,False
final_similarity70_0,similarity70_cluster_0,primary216,42,full_multitask,BIO_6251,CMP_d156c7f61581a866704b,10.1021/acs.est.9b04906,BAF,0.9405164849325672,2.6356880435918826,1000f6946cc5198d,False
final_similarity70_0,similarity70_cluster_0,primary216,42,full_multitask,BIO_6506,CMP_ba6c40d3726d16919ab2,10.1021/acs.est.6b01197,BAF,5.340000000000001,3.4497619458236395,1000f6946cc5198d,False
final_similarity70_0,similarity70_cluster_0,primary216,42,full_multitask,BIO_6507,CMP_ba6c40d3726d16919ab2,10.1021/acs.est.6b01197,BAF,5.200000000000001,3.4932241897158294,1000f6946cc5198d,False
final_similarity70_0,similarity70_cluster_0,primary216,42,full_multitask,BIO_6558,CMP_d156c7f61581a866704b,10.1021/acs.est.7b02399,BAF,1.3010299956639813,2.6197389667991002,1000f6946cc5198d,False
final_similarity70_0,similarity70_cluster_0,primary216,42,full_multitask,BIO_6559,CMP_d156c7f61581a866704b,10.1021/acs.est.7b02399,BAF,2.5538830266438746,2.571686641358451,1000f6946cc5198d,False
final_similarity70_0,similarity70_cluster_0,primary216,42,full_multitask,BIO_6560,CMP_d156c7f61581a866704b,10.1021/acs.est.7b02399,BAF,2.03342375548695,2.6149670427866623,1000f6946cc5198d,False
final_similarity70_0,similarity70_cluster_0,primary216,42,full_multitask,BIO_6561,CMP_d156c7f61581a866704b,10.1021/acs.est.7b02399,BAF,3.096910013008056,2.6255002679009354,1000f6946cc5198d,False
final_similarity70_0,similarity70_cluster_0,primary216,42,full_multitask,BIO_6562,CMP_d156c7f61581a866704b,10.1021/acs.est.7b02399,BAF,2.576341350205793,2.582629932334946,1000f6946cc5198d,False
final_similarity70_0,similarity70_cluster_0,primary216,42,full_multitask,BIO_6563,CMP_d156c7f61581a866704b,10.1021/acs.est.7b02399,BAF,2.660865478003869,2.5670807318890216,1000f6946cc5198d,False
final_similarity70_0,similarity70_cluster_0,primary216,42,full_multitask,BIO_6567,CMP_8e58943e0a19095fb6f4,10.1021/acs.est.7b02399,BAF,1.6812412373755872,2.903829116799727,1000f6946cc5198d,False
final_similarity70_0,similarity70_cluster_0,primary216,42,full_multitask,BIO_6568,CMP_8e58943e0a19095fb6f4,10.1021/acs.est.7b02399,BAF,2.6503075231319366,2.9360725334150444,1000f6946cc5198d,False
final_similarity70_0,similarity70_cluster_0,primary216,42,full_multitask,BIO_6569,CMP_8e58943e0a19095fb6f4,10.1021/acs.est.7b02399,BAF,2.7860412102425545,2.9071061643507927,1000f6946cc5198d,False
final_similarity70_0,similarity70_cluster_0,primary216,42,full_multitask,BIO_6570,CMP_8e58943e0a19095fb6f4,10.1021/acs.est.7b02399,BAF,3.318063334962761,2.924923898851482,1000f6946cc5198d,False
final_similarity70_0,similarity70_cluster_0,primary216,42,full_multitask,BIO_6571,CMP_8e58943e0a19095fb6f4,10.1021/acs.est.7b02399,BAF,3.1398790864012365,2.8894103312473276,1000f6946cc5198d,False
final_similarity70_0,similarity70_cluster_0,primary216,42,full_multitask,BIO_6572,CMP_8e58943e0a19095fb6f4,10.1021/acs.est.7b02399,BAF,3.752816431188272,2.9169538339008607,1000f6946cc5198d,False
final_similarity70_0,similarity70_cluster_0,primary216,42,full_multitask,BIO_6580,CMP_5bc76544fcbe477197d1,10.1021/acs.est.7b02399,BAF,1.9493900066449128,3.2598549464182494,1000f6946cc5198d,False
final_similarity70_0,similarity70_cluster_0,primary216,42,full_multitask,BIO_6581,CMP_5bc76544fcbe477197d1,10.1021/acs.est.7b02399,BAF,3.103803720955957,3.2625861714542213,1000f6946cc5198d,False
final_similarity70_0,similarity70_cluster_0,primary216,42,full_multitask,BIO_6582,CMP_5bc76544fcbe477197d1,10.1021/acs.est.7b02399,BAF,3.3502480183341627,3.276046676578442,1000f6946cc5198d,False
final_similarity70_0,similarity70_cluster_0,primary216,42,full_multitask,BIO_6583,CMP_5bc76544fcbe477197d1,10.1021/acs.est.7b02399,BAF,3.505149978319906,3.2535221004881447,1000f6946cc5198d,False
final_similarity70_0,similarity70_cluster_0,primary216,42,full_multitask,BIO_6584,CMP_5bc76544fcbe477197d1,10.1021/acs.est.7b02399,BAF,3.45484486000851,3.169946825633463,1000f6946cc5198d,False
final_similarity70_0,similarity70_cluster_0,primary216,42,full_multitask,BIO_6585,CMP_5bc76544fcbe477197d1,10.1021/acs.est.7b02399,BAF,3.8674674878590514,3.2604413716668224,1000f6946cc5198d,False
final_similarity70_0,similarity70_cluster_0,primary216,42,full_multitask,BIO_6593,CMP_ba6c40d3726d16919ab2,10.1021/acs.est.7b02399,BAF,3.012837224705172,3.6431801419407037,1000f6946cc5198d,False
final_similarity70_0,similarity70_cluster_0,primary216,42,full_multitask,BIO_6594,CMP_ba6c40d3726d16919ab2,10.1021/acs.est.7b02399,BAF,3.840733234611807,3.6789998901137175,1000f6946cc5198d,False
final_similarity70_0,similarity70_cluster_0,primary216,42,full_multitask,BIO_6595,CMP_ba6c40d3726d16919ab2,10.1021/acs.est.7b02399,BAF,3.99563519459755,3.6509337806530198,1000f6946cc5198d,False
final_similarity70_0,similarity70_cluster_0,primary216,42,full_multitask,BIO_6596,CMP_ba6c40d3726d16919ab2,10.1021/acs.est.7b02399,BAF,4.44870631990508,3.6475648333037025,1000f6946cc5198d,False
final_similarity70_0,similarity70_cluster_0,primary216,42,full_multitask,BIO_6597,CMP_ba6c40d3726d16919ab2,10.1021/acs.est.7b02399,BAF,4.429752280002408,3.615929836378659,1000f6946cc5198d,False
final_similarity70_0,similarity70_cluster_0,primary216,42,full_multitask,BIO_6598,CMP_ba6c40d3726d16919ab2,10.1021/acs.est.7b02399,BAF,4.515476441382376,3.50255991378283,1000f6946cc5198d,False
final_similarity70_0,similarity70_cluster_0,primary216,42,full_multitask,BIO_6707,CMP_622f8f0fcc1502149461,10.1021/acs.est.7b02259,BAF,0.9500000000000002,1.2508652447159854,1000f6946cc5198d,False
final_similarity70_0,similarity70_cluster_0,primary216,42,full_multitask,BIO_6708,CMP_622f8f0fcc1502149461,10.1021/acs.est.7b02259,BAF,0.37,1.2080906533157059,1000f6946cc5198d,False
final_similarity70_0,similarity70_cluster_0,primary216,42,full_multitask,BIO_6709,CMP_1e0abf78953775c0134f,10.1021/acs.est.7b02259,BAF,0.56,1.6668092146792692,1000f6946cc5198d,False
final_similarity70_0,similarity70_cluster_0,primary216,42,full_multitask,BIO_6710,CMP_1e0abf78953775c0134f,10.1021/acs.est.7b02259,BAF,0.0099999999999999,1.619404358382592,1000f6946cc5198d,False
final_similarity70_0,similarity70_cluster_0,primary216,42,full_multitask,BIO_6711,CMP_d645aa79f55e85d0da2e,10.1021/acs.est.7b02259,BAF,0.4900000000000001,2.0382806720479096,1000f6946cc5198d,False
final_similarity70_0,similarity70_cluster_0,primary216,42,full_multitask,BIO_6712,CMP_d645aa79f55e85d0da2e,10.1021/acs.est.7b02259,BAF,-0.08,1.9381823524557173,1000f6946cc5198d,False
final_similarity70_0,similarity70_cluster_0,primary216,42,full_multitask,BIO_6713,CMP_a97661d9260d026cb14f,10.1021/acs.est.7b02259,BAF,1.1000000000000003,2.3351422611962467,1000f6946cc5198d,False
final_similarity70_0,similarity70_cluster_0,primary216,42,full_multitask,BIO_6714,CMP_a97661d9260d026cb14f,10.1021/acs.est.7b02259,BAF,0.6100000000000001,2.247399101770418,1000f6946cc5198d,False
final_similarity70_0,similarity70_cluster_0,primary216,42,full_multitask,BIO_6715,CMP_a97661d9260d026cb14f,10.1021/acs.est.7b02259,BAF,-0.2700000000000001,1.885132007597687,1000f6946cc5198d,False
final_similarity70_0,similarity70_cluster_0,primary216,42,full_multitask,BIO_6716,CMP_d156c7f61581a866704b,10.1021/acs.est.7b02259,BAF,1.93,2.700249247858438,1000f6946cc5198d,False
final_similarity70_0,similarity70_cluster_0,primary216,42,full_multitask,BIO_6717,CMP_d156c7f61581a866704b,10.1021/acs.est.7b02259,BAF,1.2400000000000002,2.5144901578462093,1000f6946cc5198d,False
final_similarity70_0,similarity70_cluster_0,primary216,42,full_multitask,BIO_6718,CMP_d156c7f61581a866704b,10.1021/acs.est.7b02259,BAF,0.4599999999999999,2.2206826895347485,1000f6946cc5198d,False
final_similarity70_0,similarity70_cluster_0,primary216,42,full_multitask,BIO_6719,CMP_8e58943e0a19095fb6f4,10.1021/acs.est.7b02259,BAF,3.01,2.9696295276756794,1000f6946cc5198d,False
final_similarity70_0,similarity70_cluster_0,primary216,42,full_multitask,BIO_6720,CMP_8e58943e0a19095fb6f4,10.1021/acs.est.7b02259,BAF,2.42,2.760688047585839,1000f6946cc5198d,False
final_similarity70_0,similarity70_cluster_0,primary216,42,full_multitask,BIO_6721,CMP_8e58943e0a19095fb6f4,10.1021/acs.est.7b02259,BAF,1.6800000000000002,2.6034294669659013,1000f6946cc5198d,False
final_similarity70_0,similarity70_cluster_0,primary216,42,full_multitask,BIO_6722,CMP_5bc76544fcbe477197d1,10.1021/acs.est.7b02259,BAF,3.9,3.280475046168887,1000f6946cc5198d,False
final_similarity70_0,similarity70_cluster_0,primary216,42,full_multitask,BIO_6723,CMP_5bc76544fcbe477197d1,10.1021/acs.est.7b02259,BAF,3.390000000000001,3.18152012688919,1000f6946cc5198d,False
final_similarity70_0,similarity70_cluster_0,primary216,42,full_multitask,BIO_6724,CMP_5bc76544fcbe477197d1,10.1021/acs.est.7b02259,BAF,2.64,2.970967150092009,1000f6946cc5198d,False
final_similarity70_0,similarity70_cluster_0,primary216,42,full_multitask,BIO_6725,CMP_ba6c40d3726d16919ab2,10.1021/acs.est.7b02259,BAF,4.430000000000001,3.701655126157605,1000f6946cc5198d,False
final_similarity70_0,similarity70_cluster_0,primary216,42,full_multitask,BIO_6726,CMP_ba6c40d3726d16919ab2,10.1021/acs.est.7b02259,BAF,3.9100000000000006,3.3667670073607887,1000f6946cc5198d,False
final_similarity70_0,similarity70_cluster_0,primary216,42,full_multitask,BIO_6727,CMP_ba6c40d3726d16919ab2,10.1021/acs.est.7b02259,BAF,3.1700000000000004,3.2083934203827553,1000f6946cc5198d,False
final_similarity70_0,similarity70_cluster_0,primary216,42,full_multitask,BIO_6728,CMP_812738d2ca27e93d42c8,10.1021/acs.est.7b02259,BAF,4.7700000000000005,4.068677613562703,1000f6946cc5198d,False
final_similarity70_0,similarity70_cluster_0,primary216,42,full_multitask,BIO_6729,CMP_812738d2ca27e93d42c8,10.1021/acs.est.7b02259,BAF,4.32,3.9619695603866196,1000f6946cc5198d,False
final_similarity70_0,similarity70_cluster_0,primary216,42,full_multitask,BIO_6730,CMP_812738d2ca27e93d42c8,10.1021/acs.est.7b02259,BAF,3.620000000000001,3.6629449359462534,1000f6946cc5198d,False
final_similarity70_0,similarity70_cluster_0,primary216,42,full_multitask,BIO_5705,CMP_622f8f0fcc1502149461,10.1016/j.scitotenv.2016.05.215,BCF,2.15,1.4693149958716791,1000f6946cc5198d,False
final_similarity70_0,similarity70_cluster_0,primary216,42,full_multitask,BIO_5706,CMP_622f8f0fcc1502149461,10.1016/j.scitotenv.2016.05.215,BCF,1.8,1.4482705702523528,1000f6946cc5198d,False
final_similarity70_0,similarity70_cluster_0,primary216,42,full_multitask,BIO_5707,CMP_622f8f0fcc1502149461,10.1016/j.scitotenv.2016.05.215,BCF,0.44,1.0841203224904572,1000f6946cc5198d,False
final_similarity70_0,similarity70_cluster_0,primary216,42,full_multitask,BIO_5708,CMP_622f8f0fcc1502149461,10.1016/j.scitotenv.2016.05.215,BCF,1.05,1.079680686295862,1000f6946cc5198d,False
final_similarity70_0,similarity70_cluster_0,primary216,42,full_multitask,BIO_5709,CMP_622f8f0fcc1502149461,10.1016/j.scitotenv.2016.05.215,BCF,1.06,1.7265738455058135,1000f6946cc5198d,False
final_similarity70_0,similarity70_cluster_0,primary216,42,full_multitask,BIO_5710,CMP_622f8f0fcc1502149461,10.1016/j.scitotenv.2016.05.215,BCF,1.3,1.7463343138004435,1000f6946cc5198d,False
final_similarity70_0,similarity70_cluster_0,primary216,42,full_multitask,BIO_5771,CMP_5bc76544fcbe477197d1,10.1016/j.scitotenv.2016.05.215,BCF,4.04,2.9670529886269232,1000f6946cc5198d,False
final_similarity70_0,similarity70_cluster_0,primary216,42,full_multitask,BIO_5772,CMP_5bc76544fcbe477197d1,10.1016/j.scitotenv.2016.05.215,BCF,4.36,2.971278004388945,1000f6946cc5198d,False
final_similarity70_0,similarity70_cluster_0,primary216,42,full_multitask,BIO_5773,CMP_5bc76544fcbe477197d1,10.1016/j.scitotenv.2016.05.215,BCF,3.41,2.5794697557213437,1000f6946cc5198d,False
final_similarity70_0,similarity70_cluster_0,primary216,42,full_multitask,BIO_5774,CMP_5bc76544fcbe477197d1,10.1016/j.scitotenv.2016.05.215,BCF,3.79,2.5572846031308427,1000f6946cc5198d,False
final_similarity70_0,similarity70_cluster_0,primary216,42,full_multitask,BIO_5775,CMP_5bc76544fcbe477197d1,10.1016/j.scitotenv.2016.05.215,BCF,4.0,3.049824553472252,1000f6946cc5198d,False
final_similarity70_0,similarity70_cluster_0,primary216,42,full_multitask,BIO_5776,CMP_5bc76544fcbe477197d1,10.1016/j.scitotenv.2016.05.215,BCF,3.99,3.097035919139222,1000f6946cc5198d,False
final_similarity70_0,similarity70_cluster_0,primary216,42,full_multitask,BIO_5862,CMP_812738d2ca27e93d42c8,10.1016/j.scitotenv.2016.05.215,BCF,4.95,3.592349100524013,1000f6946cc5198d,False
final_similarity70_0,similarity70_cluster_0,primary216,42,full_multitask,BIO_5863,CMP_812738d2ca27e93d42c8,10.1016/j.scitotenv.2016.05.215,BCF,4.66,3.683420195201791,1000f6946cc5198d,False
final_similarity70_0,similarity70_cluster_0,primary216,42,full_multitask,BIO_5864,CMP_812738d2ca27e93d42c8,10.1016/j.scitotenv.2016.05.215,BCF,3.77,3.206281211744356,1000f6946cc5198d,False
final_similarity70_0,similarity70_cluster_0,primary216,42,full_multitask,BIO_5865,CMP_812738d2ca27e93d42c8,10.1016/j.scitotenv.2016.05.215,BCF,3.66,3.1931033643907254,1000f6946cc5198d,False
final_similarity70_0,similarity70_cluster_0,primary216,42,full_multitask,BIO_5866,CMP_812738d2ca27e93d42c8,10.1016/j.scitotenv.2016.05.215,BCF,4.33,3.720488030614869,1000f6946cc5198d,False
final_similarity70_0,similarity70_cluster_0,primary216,42,full_multitask,BIO_5867,CMP_812738d2ca27e93d42c8,10.1016/j.scitotenv.2016.05.215,BCF,3.65,3.6176255267554422,1000f6946cc5198d,False
final_similarity70_0,similarity70_cluster_0,primary216,42,full_multitask,BIO_5944,CMP_d645aa79f55e85d0da2e,10.1016/j.scitotenv.2016.05.215,BCF,1.73,1.9219844124203491,1000f6946cc5198d,False
final_similarity70_0,similarity70_cluster_0,primary216,42,full_multitask,BIO_5945,CMP_d645aa79f55e85d0da2e,10.1016/j.scitotenv.2016.05.215,BCF,1.7,1.9307592394731692,1000f6946cc5198d,False
final_similarity70_0,similarity70_cluster_0,primary216,42,full_multitask,BIO_5946,CMP_d645aa79f55e85d0da2e,10.1016/j.scitotenv.2016.05.215,BCF,0.75,1.5389045661086418,1000f6946cc5198d,False
final_similarity70_0,similarity70_cluster_0,primary216,42,full_multitask,BIO_5947,CMP_d645aa79f55e85d0da2e,10.1016/j.scitotenv.2016.05.215,BCF,0.67,1.5184740978976268,1000f6946cc5198d,False
final_similarity70_0,similarity70_cluster_0,primary216,42,full_multitask,BIO_5948,CMP_d645aa79f55e85d0da2e,10.1016/j.scitotenv.2016.05.215,BCF,1.02,2.1113601507184194,1000f6946cc5198d,False
final_similarity70_0,similarity70_cluster_0,primary216,42,full_multitask,BIO_5949,CMP_d645aa79f55e85d0da2e,10.1016/j.scitotenv.2016.05.215,BCF,1.06,2.127361787424808,1000f6946cc5198d,False
final_similarity70_0,similarity70_cluster_0,primary216,42,full_multitask,BIO_6077,CMP_8e58943e0a19095fb6f4,10.1016/j.scitotenv.2016.05.215,BCF,3.18,2.6637072523351844,1000f6946cc5198d,False
final_similarity70_0,similarity70_cluster_0,primary216,42,full_multitask,BIO_6078,CMP_8e58943e0a19095fb6f4,10.1016/j.scitotenv.2016.05.215,BCF,3.45,2.6560304382582185,1000f6946cc5198d,False
final_similarity70_0,similarity70_cluster_0,primary216,42,full_multitask,BIO_6079,CMP_8e58943e0a19095fb6f4,10.1016/j.scitotenv.2016.05.215,BCF,2.64,2.2145396740039933,1000f6946cc5198d,False
final_similarity70_0,similarity70_cluster_0,primary216,42,full_multitask,BIO_6080,CMP_8e58943e0a19095fb6f4,10.1016/j.scitotenv.2016.05.215,BCF,2.85,2.2372094278534504,1000f6946cc5198d,False
final_similarity70_0,similarity70_cluster_0,primary216,42,full_multitask,BIO_6081,CMP_8e58943e0a19095fb6f4,10.1016/j.scitotenv.2016.05.215,BCF,3.33,2.766554695111623,1000f6946cc5198d,False
final_similarity70_0,similarity70_cluster_0,primary216,42,full_multitask,BIO_6082,CMP_8e58943e0a19095fb6f4,10.1016/j.scitotenv.2016.05.215,BCF,3.37,2.788287101179379,1000f6946cc5198d,False
final_similarity70_0,similarity70_cluster_0,primary216,42,full_multitask,BIO_6177,CMP_d156c7f61581a866704b,10.1016/j.scitotenv.2016.05.215,BCF,2.39,2.3666146468042335,1000f6946cc5198d,False
final_similarity70_0,similarity70_cluster_0,primary216,42,full_multitask,BIO_6178,CMP_d156c7f61581a866704b,10.1016/j.scitotenv.2016.05.215,BCF,2.43,2.360039368823305,1000f6946cc5198d,False
final_similarity70_0,similarity70_cluster_0,primary216,42,full_multitask,BIO_6179,CMP_d156c7f61581a866704b,10.1016/j.scitotenv.2016.05.215,BCF,1.52,2.0060042463719903,1000f6946cc5198d,False
final_similarity70_0,similarity70_cluster_0,primary216,42,full_multitask,BIO_6181,CMP_d156c7f61581a866704b,10.1016/j.scitotenv.2016.05.215,BCF,2.24,2.5203733265840387,1000f6946cc5198d,False
final_similarity70_0,similarity70_cluster_0,primary216,42,full_multitask,BIO_6182,CMP_d156c7f61581a866704b,10.1016/j.scitotenv.2016.05.215,BCF,2.02,2.4975595238439414,1000f6946cc5198d,False
final_similarity70_0,similarity70_cluster_0,primary216,42,full_multitask,BIO_6460,CMP_3626e8f507f7fd0a557c,10.1016/j.scitotenv.2016.05.215,BCF,5.56,4.096294028673242,1000f6946cc5198d,False
final_similarity70_0,similarity70_cluster_0,primary216,42,full_multitask,BIO_6461,CMP_3626e8f507f7fd0a557c,10.1016/j.scitotenv.2016.05.215,BCF,4.74,4.092136514938958,1000f6946cc5198d,False
final_similarity70_0,similarity70_cluster_0,primary216,42,full_multitask,BIO_6462,CMP_3626e8f507f7fd0a557c,10.1016/j.scitotenv.2016.05.215,BCF,5.22,3.6898648107845453,1000f6946cc5198d,False
final_similarity70_0,similarity70_cluster_0,primary216,42,full_multitask,BIO_6463,CMP_3626e8f507f7fd0a557c,10.1016/j.scitotenv.2016.05.215,BCF,4.52,3.6479423954267345,1000f6946cc5198d,False
final_similarity70_0,similarity70_cluster_0,primary216,42,full_multitask,BIO_6464,CMP_3626e8f507f7fd0a557c,10.1016/j.scitotenv.2016.05.215,BCF,5.5,4.209297989159193,1000f6946cc5198d,False
final_similarity70_0,similarity70_cluster_0,primary216,42,full_multitask,BIO_6465,CMP_3626e8f507f7fd0a557c,10.1016/j.scitotenv.2016.05.215,BCF,4.34,4.008558418185814,1000f6946cc5198d,False
final_similarity70_0,similarity70_cluster_0,primary216,42,full_multitask,BIO_6472,CMP_277ba9982a59f21d5d1a,10.1016/j.scitotenv.2016.05.215,BCF,5.02,3.8985289124516385,1000f6946cc5198d,False
final_similarity70_0,similarity70_cluster_0,primary216,42,full_multitask,BIO_6473,CMP_277ba9982a59f21d5d1a,10.1016/j.scitotenv.2016.05.215,BCF,4.45,3.8742231621049346,1000f6946cc5198d,False
final_similarity70_0,similarity70_cluster_0,primary216,42,full_multitask,BIO_6474,CMP_277ba9982a59f21d5d1a,10.1016/j.scitotenv.2016.05.215,BCF,4.28,3.4046281987192097,1000f6946cc5198d,False
final_similarity70_0,similarity70_cluster_0,primary216,42,full_multitask,BIO_6475,CMP_277ba9982a59f21d5d1a,10.1016/j.scitotenv.2016.05.215,BCF,3.91,3.4129127766069542,1000f6946cc5198d,False
final_similarity70_0,similarity70_cluster_0,primary216,42,full_multitask,BIO_6476,CMP_277ba9982a59f21d5d1a,10.1016/j.scitotenv.2016.05.215,BCF,4.84,3.991029500353852,1000f6946cc5198d,False
final_similarity70_0,similarity70_cluster_0,primary216,42,full_multitask,BIO_6477,CMP_277ba9982a59f21d5d1a,10.1016/j.scitotenv.2016.05.215,BCF,3.91,3.8606917612850835,1000f6946cc5198d,False
final_similarity70_0,similarity70_cluster_0,primary216,42,full_multitask,BIO_6495,CMP_ba6c40d3726d16919ab2,10.1016/j.scitotenv.2016.05.215,BCF,4.14,3.3476699113170216,1000f6946cc5198d,False
final_similarity70_0,similarity70_cluster_0,primary216,42,full_multitask,BIO_6497,CMP_ba6c40d3726d16919ab2,10.1016/j.scitotenv.2016.05.215,BCF,3.64,2.820662399712694,1000f6946cc5198d,False
final_similarity70_0,similarity70_cluster_0,primary216,42,full_multitask,BIO_6498,CMP_ba6c40d3726d16919ab2,10.1016/j.scitotenv.2016.05.215,BCF,3.63,2.9364533972347653,1000f6946cc5198d,False
final_similarity70_0,similarity70_cluster_0,primary216,42,full_multitask,BIO_6499,CMP_ba6c40d3726d16919ab2,10.1016/j.scitotenv.2016.05.215,BCF,4.31,3.336348560718183,1000f6946cc5198d,False
final_similarity70_0,similarity70_cluster_0,primary216,42,full_multitask,BIO_6500,CMP_ba6c40d3726d16919ab2,10.1016/j.scitotenv.2016.05.215,BCF,3.81,3.300751691076898,1000f6946cc5198d,False
final_similarity70_0,similarity70_cluster_0,primary216,42,structure_context,BIO_5789,CMP_5bc76544fcbe477197d1,10.1021/acs.est.6b01197,BAF,4.170000000000001,3.1522186532449545,1000f6946cc5198d,False
final_similarity70_0,similarity70_cluster_0,primary216,42,structure_context,BIO_5790,CMP_5bc76544fcbe477197d1,10.1021/acs.est.6b01197,BAF,1.84,2.653235818066609,1000f6946cc5198d,False
final_similarity70_0,similarity70_cluster_0,primary216,42,structure_context,BIO_5791,CMP_5bc76544fcbe477197d1,10.1021/acs.est.6b01197,BAF,4.03,3.1522186532449545,1000f6946cc5198d,False
final_similarity70_0,similarity70_cluster_0,primary216,42,structure_context,BIO_5907,CMP_a97661d9260d026cb14f,10.1021/acs.est.6b01197,BAF,1.98,2.298681565712742,1000f6946cc5198d,False
final_similarity70_0,similarity70_cluster_0,primary216,42,structure_context,BIO_5908,CMP_a97661d9260d026cb14f,10.1021/acs.est.6b01197,BAF,2.01,2.298681565712742,1000f6946cc5198d,False
final_similarity70_0,similarity70_cluster_0,primary216,42,structure_context,BIO_6095,CMP_8e58943e0a19095fb6f4,10.1021/acs.est.6b01197,BAF,3.5800000000000005,2.881333897697293,1000f6946cc5198d,False
final_similarity70_0,similarity70_cluster_0,primary216,42,structure_context,BIO_6096,CMP_8e58943e0a19095fb6f4,10.1021/acs.est.6b01197,BAF,3.3500000000000005,2.881333897697293,1000f6946cc5198d,False
final_similarity70_0,similarity70_cluster_0,primary216,42,structure_context,BIO_6195,CMP_d156c7f61581a866704b,10.1021/acs.est.6b01197,BAF,2.34,2.600790631011312,1000f6946cc5198d,False
final_similarity70_0,similarity70_cluster_0,primary216,42,structure_context,BIO_6196,CMP_d156c7f61581a866704b,10.1021/acs.est.6b01197,BAF,2.3000000000000003,1.9769631508827206,1000f6946cc5198d,False
final_similarity70_0,similarity70_cluster_0,primary216,42,structure_context,BIO_6197,CMP_d156c7f61581a866704b,10.1021/acs.est.6b01197,BAF,2.5200000000000005,2.600790631011312,1000f6946cc5198d,False
final_similarity70_0,similarity70_cluster_0,primary216,42,structure_context,BIO_6251,CMP_d156c7f61581a866704b,10.1021/acs.est.9b04906,BAF,0.9405164849325672,2.4891459751003935,1000f6946cc5198d,False
final_similarity70_0,similarity70_cluster_0,primary216,42,structure_context,BIO_6506,CMP_ba6c40d3726d16919ab2,10.1021/acs.est.6b01197,BAF,5.340000000000001,3.397945899210897,1000f6946cc5198d,False
final_similarity70_0,similarity70_cluster_0,primary216,42,structure_context,BIO_6507,CMP_ba6c40d3726d16919ab2,10.1021/acs.est.6b01197,BAF,5.200000000000001,3.397945899210897,1000f6946cc5198d,False
final_similarity70_0,similarity70_cluster_0,primary216,42,structure_context,BIO_6558,CMP_d156c7f61581a866704b,10.1021/acs.est.7b02399,BAF,1.3010299956639813,2.4554000398871803,1000f6946cc5198d,False
final_similarity70_0,similarity70_cluster_0,primary216,42,structure_context,BIO_6559,CMP_d156c7f61581a866704b,10.1021/acs.est.7b02399,BAF,2.5538830266438746,2.4554000398871803,1000f6946cc5198d,False
final_similarity70_0,similarity70_cluster_0,primary216,42,structure_context,BIO_6560,CMP_d156c7f61581a866704b,10.1021/acs.est.7b02399,BAF,2.03342375548695,2.4554000398871803,1000f6946cc5198d,False
final_similarity70_0,similarity70_cluster_0,primary216,42,structure_context,BIO_6561,CMP_d156c7f61581a866704b,10.1021/acs.est.7b02399,BAF,3.096910013008056,2.4554000398871803,1000f6946cc5198d,False
final_similarity70_0,similarity70_cluster_0,primary216,42,structure_context,BIO_6562,CMP_d156c7f61581a866704b,10.1021/acs.est.7b02399,BAF,2.576341350205793,2.4554000398871803,1000f6946cc5198d,False
final_similarity70_0,similarity70_cluster_0,primary216,42,structure_context,BIO_6563,CMP_d156c7f61581a866704b,10.1021/acs.est.7b02399,BAF,2.660865478003869,2.4554000398871803,1000f6946cc5198d,False
final_similarity70_0,similarity70_cluster_0,primary216,42,structure_context,BIO_6567,CMP_8e58943e0a19095fb6f4,10.1021/acs.est.7b02399,BAF,1.6812412373755872,2.8195184571654606,1000f6946cc5198d,False
final_similarity70_0,similarity70_cluster_0,primary216,42,structure_context,BIO_6568,CMP_8e58943e0a19095fb6f4,10.1021/acs.est.7b02399,BAF,2.6503075231319366,2.8195184571654606,1000f6946cc5198d,False
final_similarity70_0,similarity70_cluster_0,primary216,42,structure_context,BIO_6569,CMP_8e58943e0a19095fb6f4,10.1021/acs.est.7b02399,BAF,2.7860412102425545,2.8195184571654606,1000f6946cc5198d,False
final_similarity70_0,similarity70_cluster_0,primary216,42,structure_context,BIO_6570,CMP_8e58943e0a19095fb6f4,10.1021/acs.est.7b02399,BAF,3.318063334962761,2.8195184571654606,1000f6946cc5198d,False
final_similarity70_0,similarity70_cluster_0,primary216,42,structure_context,BIO_6571,CMP_8e58943e0a19095fb6f4,10.1021/acs.est.7b02399,BAF,3.1398790864012365,2.8195184571654606,1000f6946cc5198d,False
final_similarity70_0,similarity70_cluster_0,primary216,42,structure_context,BIO_6572,CMP_8e58943e0a19095fb6f4,10.1021/acs.est.7b02399,BAF,3.752816431188272,2.8195184571654606,1000f6946cc5198d,False
final_similarity70_0,similarity70_cluster_0,primary216,42,structure_context,BIO_6580,CMP_5bc76544fcbe477197d1,10.1021/acs.est.7b02399,BAF,1.9493900066449128,3.1571126650481904,1000f6946cc5198d,False
final_similarity70_0,similarity70_cluster_0,primary216,42,structure_context,BIO_6581,CMP_5bc76544fcbe477197d1,10.1021/acs.est.7b02399,BAF,3.103803720955957,3.1571126650481904,1000f6946cc5198d,False
final_similarity70_0,similarity70_cluster_0,primary216,42,structure_context,BIO_6582,CMP_5bc76544fcbe477197d1,10.1021/acs.est.7b02399,BAF,3.3502480183341627,3.1571126650481904,1000f6946cc5198d,False
final_similarity70_0,similarity70_cluster_0,primary216,42,structure_context,BIO_6583,CMP_5bc76544fcbe477197d1,10.1021/acs.est.7b02399,BAF,3.505149978319906,3.1571126650481904,1000f6946cc5198d,False
final_similarity70_0,similarity70_cluster_0,primary216,42,structure_context,BIO_6584,CMP_5bc76544fcbe477197d1,10.1021/acs.est.7b02399,BAF,3.45484486000851,3.1571126650481904,1000f6946cc5198d,False
final_similarity70_0,similarity70_cluster_0,primary216,42,structure_context,BIO_6585,CMP_5bc76544fcbe477197d1,10.1021/acs.est.7b02399,BAF,3.8674674878590514,3.1571126650481904,1000f6946cc5198d,False
final_similarity70_0,similarity70_cluster_0,primary216,42,structure_context,BIO_6593,CMP_ba6c40d3726d16919ab2,10.1021/acs.est.7b02399,BAF,3.012837224705172,3.4447724073138635,1000f6946cc5198d,False
final_similarity70_0,similarity70_cluster_0,primary216,42,structure_context,BIO_6594,CMP_ba6c40d3726d16919ab2,10.1021/acs.est.7b02399,BAF,3.840733234611807,3.4447724073138635,1000f6946cc5198d,False
final_similarity70_0,similarity70_cluster_0,primary216,42,structure_context,BIO_6595,CMP_ba6c40d3726d16919ab2,10.1021/acs.est.7b02399,BAF,3.99563519459755,3.4447724073138635,1000f6946cc5198d,False
final_similarity70_0,similarity70_cluster_0,primary216,42,structure_context,BIO_6596,CMP_ba6c40d3726d16919ab2,10.1021/acs.est.7b02399,BAF,4.44870631990508,3.4447724073138635,1000f6946cc5198d,False
final_similarity70_0,similarity70_cluster_0,primary216,42,structure_context,BIO_6597,CMP_ba6c40d3726d16919ab2,10.1021/acs.est.7b02399,BAF,4.429752280002408,3.4447724073138635,1000f6946cc5198d,False
final_similarity70_0,similarity70_cluster_0,primary216,42,structure_context,BIO_6598,CMP_ba6c40d3726d16919ab2,10.1021/acs.est.7b02399,BAF,4.515476441382376,3.4447724073138635,1000f6946cc5198d,False
final_similarity70_0,similarity70_cluster_0,primary216,42,structure_context,BIO_6707,CMP_622f8f0fcc1502149461,10.1021/acs.est.7b02259,BAF,0.9500000000000002,0.7398048825993584,1000f6946cc5198d,False
final_similarity70_0,similarity70_cluster_0,primary216,42,structure_context,BIO_6708,CMP_622f8f0fcc1502149461,10.1021/acs.est.7b02259,BAF,0.37,0.6935757969658156,1000f6946cc5198d,False
final_similarity70_0,similarity70_cluster_0,primary216,42,structure_context,BIO_6709,CMP_1e0abf78953775c0134f,10.1021/acs.est.7b02259,BAF,0.56,1.2381748246416602,1000f6946cc5198d,False
final_similarity70_0,similarity70_cluster_0,primary216,42,structure_context,BIO_6710,CMP_1e0abf78953775c0134f,10.1021/acs.est.7b02259,BAF,0.0099999999999999,1.1701968397749272,1000f6946cc5198d,False
final_similarity70_0,similarity70_cluster_0,primary216,42,structure_context,BIO_6711,CMP_d645aa79f55e85d0da2e,10.1021/acs.est.7b02259,BAF,0.4900000000000001,1.8179657046133884,1000f6946cc5198d,False
final_similarity70_0,similarity70_cluster_0,primary216,42,structure_context,BIO_6712,CMP_d645aa79f55e85d0da2e,10.1021/acs.est.7b02259,BAF,-0.08,1.7287977527099123,1000f6946cc5198d,False
final_similarity70_0,similarity70_cluster_0,primary216,42,structure_context,BIO_6713,CMP_a97661d9260d026cb14f,10.1021/acs.est.7b02259,BAF,1.1000000000000003,2.209802896635706,1000f6946cc5198d,False
final_similarity70_0,similarity70_cluster_0,primary216,42,structure_context,BIO_6714,CMP_a97661d9260d026cb14f,10.1021/acs.est.7b02259,BAF,0.6100000000000001,2.1198048720171867,1000f6946cc5198d,False
final_similarity70_0,similarity70_cluster_0,primary216,42,structure_context,BIO_6715,CMP_a97661d9260d026cb14f,10.1021/acs.est.7b02259,BAF,-0.2700000000000001,1.8367851181793415,1000f6946cc5198d,False
final_similarity70_0,similarity70_cluster_0,primary216,42,structure_context,BIO_6716,CMP_d156c7f61581a866704b,10.1021/acs.est.7b02259,BAF,1.93,2.5377504604376435,1000f6946cc5198d,False
final_similarity70_0,similarity70_cluster_0,primary216,42,structure_context,BIO_6717,CMP_d156c7f61581a866704b,10.1021/acs.est.7b02259,BAF,1.2400000000000002,2.4608854784998844,1000f6946cc5198d,False
final_similarity70_0,similarity70_cluster_0,primary216,42,structure_context,BIO_6718,CMP_d156c7f61581a866704b,10.1021/acs.est.7b02259,BAF,0.4599999999999999,2.249766672944028,1000f6946cc5198d,False
final_similarity70_0,similarity70_cluster_0,primary216,42,structure_context,BIO_6719,CMP_8e58943e0a19095fb6f4,10.1021/acs.est.7b02259,BAF,3.01,2.836104937849233,1000f6946cc5198d,False
final_similarity70_0,similarity70_cluster_0,primary216,42,structure_context,BIO_6720,CMP_8e58943e0a19095fb6f4,10.1021/acs.est.7b02259,BAF,2.42,2.7608604616415455,1000f6946cc5198d,False
final_similarity70_0,similarity70_cluster_0,primary216,42,structure_context,BIO_6721,CMP_8e58943e0a19095fb6f4,10.1021/acs.est.7b02259,BAF,1.6800000000000002,2.600753476558947,1000f6946cc5198d,False
final_similarity70_0,similarity70_cluster_0,primary216,42,structure_context,BIO_6722,CMP_5bc76544fcbe477197d1,10.1021/acs.est.7b02259,BAF,3.9,3.114131207846658,1000f6946cc5198d,False
final_similarity70_0,similarity70_cluster_0,primary216,42,structure_context,BIO_6723,CMP_5bc76544fcbe477197d1,10.1021/acs.est.7b02259,BAF,3.390000000000001,3.042094192255841,1000f6946cc5198d,False
final_similarity70_0,similarity70_cluster_0,primary216,42,structure_context,BIO_6724,CMP_5bc76544fcbe477197d1,10.1021/acs.est.7b02259,BAF,2.64,2.8767804890844664,1000f6946cc5198d,False
final_similarity70_0,similarity70_cluster_0,primary216,42,structure_context,BIO_6725,CMP_ba6c40d3726d16919ab2,10.1021/acs.est.7b02259,BAF,4.430000000000001,3.3941681985207732,1000f6946cc5198d,False
final_similarity70_0,similarity70_cluster_0,primary216,42,structure_context,BIO_6726,CMP_ba6c40d3726d16919ab2,10.1021/acs.est.7b02259,BAF,3.9100000000000006,3.288185154215336,1000f6946cc5198d,False
final_similarity70_0,similarity70_cluster_0,primary216,42,structure_context,BIO_6727,CMP_ba6c40d3726d16919ab2,10.1021/acs.est.7b02259,BAF,3.1700000000000004,3.1546994895802056,1000f6946cc5198d,False
final_similarity70_0,similarity70_cluster_0,primary216,42,structure_context,BIO_6728,CMP_812738d2ca27e93d42c8,10.1021/acs.est.7b02259,BAF,4.7700000000000005,3.6708949946532936,1000f6946cc5198d,False
final_similarity70_0,similarity70_cluster_0,primary216,42,structure_context,BIO_6729,CMP_812738d2ca27e93d42c8,10.1021/acs.est.7b02259,BAF,4.32,3.509962612227793,1000f6946cc5198d,False
final_similarity70_0,similarity70_cluster_0,primary216,42,structure_context,BIO_6730,CMP_812738d2ca27e93d42c8,10.1021/acs.est.7b02259,BAF,3.620000000000001,3.4034112383832333,1000f6946cc5198d,False
final_similarity70_0,similarity70_cluster_0,primary216,42,structure_context,BIO_5705,CMP_622f8f0fcc1502149461,10.1016/j.scitotenv.2016.05.215,BCF,2.15,1.2078223448437804,1000f6946cc5198d,False
final_similarity70_0,similarity70_cluster_0,primary216,42,structure_context,BIO_5706,CMP_622f8f0fcc1502149461,10.1016/j.scitotenv.2016.05.215,BCF,1.8,1.2078223448437804,1000f6946cc5198d,False
final_similarity70_0,similarity70_cluster_0,primary216,42,structure_context,BIO_5707,CMP_622f8f0fcc1502149461,10.1016/j.scitotenv.2016.05.215,BCF,0.44,0.638504895124987,1000f6946cc5198d,False
final_similarity70_0,similarity70_cluster_0,primary216,42,structure_context,BIO_5708,CMP_622f8f0fcc1502149461,10.1016/j.scitotenv.2016.05.215,BCF,1.05,0.638504895124987,1000f6946cc5198d,False
final_similarity70_0,similarity70_cluster_0,primary216,42,structure_context,BIO_5709,CMP_622f8f0fcc1502149461,10.1016/j.scitotenv.2016.05.215,BCF,1.06,1.5208042547985512,1000f6946cc5198d,False
final_similarity70_0,similarity70_cluster_0,primary216,42,structure_context,BIO_5710,CMP_622f8f0fcc1502149461,10.1016/j.scitotenv.2016.05.215,BCF,1.3,1.5208042547985512,1000f6946cc5198d,False
final_similarity70_0,similarity70_cluster_0,primary216,42,structure_context,BIO_5771,CMP_5bc76544fcbe477197d1,10.1016/j.scitotenv.2016.05.215,BCF,4.04,3.041036684394671,1000f6946cc5198d,False
final_similarity70_0,similarity70_cluster_0,primary216,42,structure_context,BIO_5772,CMP_5bc76544fcbe477197d1,10.1016/j.scitotenv.2016.05.215,BCF,4.36,3.041036684394671,1000f6946cc5198d,False
final_similarity70_0,similarity70_cluster_0,primary216,42,structure_context,BIO_5773,CMP_5bc76544fcbe477197d1,10.1016/j.scitotenv.2016.05.215,BCF,3.41,2.6819952542066368,1000f6946cc5198d,False
final_similarity70_0,similarity70_cluster_0,primary216,42,structure_context,BIO_5774,CMP_5bc76544fcbe477197d1,10.1016/j.scitotenv.2016.05.215,BCF,3.79,2.6819952542066368,1000f6946cc5198d,False
final_similarity70_0,similarity70_cluster_0,primary216,42,structure_context,BIO_5775,CMP_5bc76544fcbe477197d1,10.1016/j.scitotenv.2016.05.215,BCF,4.0,3.0929118562885307,1000f6946cc5198d,False
final_similarity70_0,similarity70_cluster_0,primary216,42,structure_context,BIO_5776,CMP_5bc76544fcbe477197d1,10.1016/j.scitotenv.2016.05.215,BCF,3.99,3.0929118562885307,1000f6946cc5198d,False
final_similarity70_0,similarity70_cluster_0,primary216,42,structure_context,BIO_5862,CMP_812738d2ca27e93d42c8,10.1016/j.scitotenv.2016.05.215,BCF,4.95,3.4750394165161174,1000f6946cc5198d,False
final_similarity70_0,similarity70_cluster_0,primary216,42,structure_context,BIO_5863,CMP_812738d2ca27e93d42c8,10.1016/j.scitotenv.2016.05.215,BCF,4.66,3.4750394165161174,1000f6946cc5198d,False
final_similarity70_0,similarity70_cluster_0,primary216,42,structure_context,BIO_5864,CMP_812738d2ca27e93d42c8,10.1016/j.scitotenv.2016.05.215,BCF,3.77,3.1410467501021775,1000f6946cc5198d,False
final_similarity70_0,similarity70_cluster_0,primary216,42,structure_context,BIO_5865,CMP_812738d2ca27e93d42c8,10.1016/j.scitotenv.2016.05.215,BCF,3.66,3.1410467501021775,1000f6946cc5198d,False
final_similarity70_0,similarity70_cluster_0,primary216,42,structure_context,BIO_5866,CMP_812738d2ca27e93d42c8,10.1016/j.scitotenv.2016.05.215,BCF,4.33,3.519493621751807,1000f6946cc5198d,False
final_similarity70_0,similarity70_cluster_0,primary216,42,structure_context,BIO_5867,CMP_812738d2ca27e93d42c8,10.1016/j.scitotenv.2016.05.215,BCF,3.65,3.519493621751807,1000f6946cc5198d,False
final_similarity70_0,similarity70_cluster_0,primary216,42,structure_context,BIO_5944,CMP_d645aa79f55e85d0da2e,10.1016/j.scitotenv.2016.05.215,BCF,1.73,1.9870220158854335,1000f6946cc5198d,False
final_similarity70_0,similarity70_cluster_0,primary216,42,structure_context,BIO_5945,CMP_d645aa79f55e85d0da2e,10.1016/j.scitotenv.2016.05.215,BCF,1.7,1.9870220158854335,1000f6946cc5198d,False
final_similarity70_0,similarity70_cluster_0,primary216,42,structure_context,BIO_5946,CMP_d645aa79f55e85d0da2e,10.1016/j.scitotenv.2016.05.215,BCF,0.75,1.455719258034283,1000f6946cc5198d,False
final_similarity70_0,similarity70_cluster_0,primary216,42,structure_context,BIO_5947,CMP_d645aa79f55e85d0da2e,10.1016/j.scitotenv.2016.05.215,BCF,0.67,1.455719258034283,1000f6946cc5198d,False
final_similarity70_0,similarity70_cluster_0,primary216,42,structure_context,BIO_5948,CMP_d645aa79f55e85d0da2e,10.1016/j.scitotenv.2016.05.215,BCF,1.02,2.152565582129221,1000f6946cc5198d,False
final_similarity70_0,similarity70_cluster_0,primary216,42,structure_context,BIO_5949,CMP_d645aa79f55e85d0da2e,10.1016/j.scitotenv.2016.05.215,BCF,1.06,2.152565582129221,1000f6946cc5198d,False
final_similarity70_0,similarity70_cluster_0,primary216,42,structure_context,BIO_6077,CMP_8e58943e0a19095fb6f4,10.1016/j.scitotenv.2016.05.215,BCF,3.18,2.749037918913592,1000f6946cc5198d,False
final_similarity70_0,similarity70_cluster_0,primary216,42,structure_context,BIO_6078,CMP_8e58943e0a19095fb6f4,10.1016/j.scitotenv.2016.05.215,BCF,3.45,2.749037918913592,1000f6946cc5198d,False
final_similarity70_0,similarity70_cluster_0,primary216,42,structure_context,BIO_6079,CMP_8e58943e0a19095fb6f4,10.1016/j.scitotenv.2016.05.215,BCF,2.64,2.3122861094149134,1000f6946cc5198d,False
final_similarity70_0,similarity70_cluster_0,primary216,42,structure_context,BIO_6080,CMP_8e58943e0a19095fb6f4,10.1016/j.scitotenv.2016.05.215,BCF,2.85,2.3122861094149134,1000f6946cc5198d,False
final_similarity70_0,similarity70_cluster_0,primary216,42,structure_context,BIO_6081,CMP_8e58943e0a19095fb6f4,10.1016/j.scitotenv.2016.05.215,BCF,3.33,2.8727632422902327,1000f6946cc5198d,False
final_similarity70_0,similarity70_cluster_0,primary216,42,structure_context,BIO_6082,CMP_8e58943e0a19095fb6f4,10.1016/j.scitotenv.2016.05.215,BCF,3.37,2.8727632422902327,1000f6946cc5198d,False
final_similarity70_0,similarity70_cluster_0,primary216,42,structure_context,BIO_6177,CMP_d156c7f61581a866704b,10.1016/j.scitotenv.2016.05.215,BCF,2.39,2.4038212157325356,1000f6946cc5198d,False
final_similarity70_0,similarity70_cluster_0,primary216,42,structure_context,BIO_6178,CMP_d156c7f61581a866704b,10.1016/j.scitotenv.2016.05.215,BCF,2.43,2.4038212157325356,1000f6946cc5198d,False
final_similarity70_0,similarity70_cluster_0,primary216,42,structure_context,BIO_6179,CMP_d156c7f61581a866704b,10.1016/j.scitotenv.2016.05.215,BCF,1.52,2.0304086577260914,1000f6946cc5198d,False
final_similarity70_0,similarity70_cluster_0,primary216,42,structure_context,BIO_6181,CMP_d156c7f61581a866704b,10.1016/j.scitotenv.2016.05.215,BCF,2.24,2.584716633222592,1000f6946cc5198d,False
final_similarity70_0,similarity70_cluster_0,primary216,42,structure_context,BIO_6182,CMP_d156c7f61581a866704b,10.1016/j.scitotenv.2016.05.215,BCF,2.02,2.584716633222592,1000f6946cc5198d,False
final_similarity70_0,similarity70_cluster_0,primary216,42,structure_context,BIO_6460,CMP_3626e8f507f7fd0a557c,10.1016/j.scitotenv.2016.05.215,BCF,5.56,3.838464112975826,1000f6946cc5198d,False
final_similarity70_0,similarity70_cluster_0,primary216,42,structure_context,BIO_6461,CMP_3626e8f507f7fd0a557c,10.1016/j.scitotenv.2016.05.215,BCF,4.74,3.838464112975826,1000f6946cc5198d,False
final_similarity70_0,similarity70_cluster_0,primary216,42,structure_context,BIO_6462,CMP_3626e8f507f7fd0a557c,10.1016/j.scitotenv.2016.05.215,BCF,5.22,3.4864755805881664,1000f6946cc5198d,False
final_similarity70_0,similarity70_cluster_0,primary216,42,structure_context,BIO_6463,CMP_3626e8f507f7fd0a557c,10.1016/j.scitotenv.2016.05.215,BCF,4.52,3.4864755805881664,1000f6946cc5198d,False
final_similarity70_0,similarity70_cluster_0,primary216,42,structure_context,BIO_6464,CMP_3626e8f507f7fd0a557c,10.1016/j.scitotenv.2016.05.215,BCF,5.5,3.8725987479079196,1000f6946cc5198d,False
final_similarity70_0,similarity70_cluster_0,primary216,42,structure_context,BIO_6465,CMP_3626e8f507f7fd0a557c,10.1016/j.scitotenv.2016.05.215,BCF,4.34,3.8725987479079196,1000f6946cc5198d,False
final_similarity70_0,similarity70_cluster_0,primary216,42,structure_context,BIO_6472,CMP_277ba9982a59f21d5d1a,10.1016/j.scitotenv.2016.05.215,BCF,5.02,3.677931958388752,1000f6946cc5198d,False
final_similarity70_0,similarity70_cluster_0,primary216,42,structure_context,BIO_6473,CMP_277ba9982a59f21d5d1a,10.1016/j.scitotenv.2016.05.215,BCF,4.45,3.677931958388752,1000f6946cc5198d,False
final_similarity70_0,similarity70_cluster_0,primary216,42,structure_context,BIO_6474,CMP_277ba9982a59f21d5d1a,10.1016/j.scitotenv.2016.05.215,BCF,4.28,3.3286624971717735,1000f6946cc5198d,False
final_similarity70_0,similarity70_cluster_0,primary216,42,structure_context,BIO_6475,CMP_277ba9982a59f21d5d1a,10.1016/j.scitotenv.2016.05.215,BCF,3.91,3.3286624971717735,1000f6946cc5198d,False
final_similarity70_0,similarity70_cluster_0,primary216,42,structure_context,BIO_6476,CMP_277ba9982a59f21d5d1a,10.1016/j.scitotenv.2016.05.215,BCF,4.84,3.714526788485392,1000f6946cc5198d,False
final_similarity70_0,similarity70_cluster_0,primary216,42,structure_context,BIO_6477,CMP_277ba9982a59f21d5d1a,10.1016/j.scitotenv.2016.05.215,BCF,3.91,3.714526788485392,1000f6946cc5198d,False
final_similarity70_0,similarity70_cluster_0,primary216,42,structure_context,BIO_6495,CMP_ba6c40d3726d16919ab2,10.1016/j.scitotenv.2016.05.215,BCF,4.14,3.2610605533360495,1000f6946cc5198d,False
final_similarity70_0,similarity70_cluster_0,primary216,42,structure_context,BIO_6497,CMP_ba6c40d3726d16919ab2,10.1016/j.scitotenv.2016.05.215,BCF,3.64,2.9670188283444947,1000f6946cc5198d,False
final_similarity70_0,similarity70_cluster_0,primary216,42,structure_context,BIO_6498,CMP_ba6c40d3726d16919ab2,10.1016/j.scitotenv.2016.05.215,BCF,3.63,2.9670188283444947,1000f6946cc5198d,False
final_similarity70_0,similarity70_cluster_0,primary216,42,structure_context,BIO_6499,CMP_ba6c40d3726d16919ab2,10.1016/j.scitotenv.2016.05.215,BCF,4.31,3.2972265245515304,1000f6946cc5198d,False
final_similarity70_0,similarity70_cluster_0,primary216,42,structure_context,BIO_6500,CMP_ba6c40d3726d16919ab2,10.1016/j.scitotenv.2016.05.215,BCF,3.81,3.2972265245515304,1000f6946cc5198d,False
final_similarity70_0,similarity70_cluster_0,primary216,42,transport_context,BIO_5789,CMP_5bc76544fcbe477197d1,10.1021/acs.est.6b01197,BAF,4.170000000000001,3.9826078956418876,1000f6946cc5198d,False
final_similarity70_0,similarity70_cluster_0,primary216,42,transport_context,BIO_5790,CMP_5bc76544fcbe477197d1,10.1021/acs.est.6b01197,BAF,1.84,4.239827796577321,1000f6946cc5198d,False
final_similarity70_0,similarity70_cluster_0,primary216,42,transport_context,BIO_5791,CMP_5bc76544fcbe477197d1,10.1021/acs.est.6b01197,BAF,4.03,3.9719028777838195,1000f6946cc5198d,False
final_similarity70_0,similarity70_cluster_0,primary216,42,transport_context,BIO_5907,CMP_a97661d9260d026cb14f,10.1021/acs.est.6b01197,BAF,1.98,4.123683537665194,1000f6946cc5198d,False
final_similarity70_0,similarity70_cluster_0,primary216,42,transport_context,BIO_5908,CMP_a97661d9260d026cb14f,10.1021/acs.est.6b01197,BAF,2.01,4.1048964323186885,1000f6946cc5198d,False
final_similarity70_0,similarity70_cluster_0,primary216,42,transport_context,BIO_6095,CMP_8e58943e0a19095fb6f4,10.1021/acs.est.6b01197,BAF,3.5800000000000005,3.916688752059465,1000f6946cc5198d,False
final_similarity70_0,similarity70_cluster_0,primary216,42,transport_context,BIO_6096,CMP_8e58943e0a19095fb6f4,10.1021/acs.est.6b01197,BAF,3.3500000000000005,4.068458507916775,1000f6946cc5198d,False
final_similarity70_0,similarity70_cluster_0,primary216,42,transport_context,BIO_6195,CMP_d156c7f61581a866704b,10.1021/acs.est.6b01197,BAF,2.34,4.079459021720408,1000f6946cc5198d,False
final_similarity70_0,similarity70_cluster_0,primary216,42,transport_context,BIO_6196,CMP_d156c7f61581a866704b,10.1021/acs.est.6b01197,BAF,2.3000000000000003,3.2848712939334574,1000f6946cc5198d,False
final_similarity70_0,similarity70_cluster_0,primary216,42,transport_context,BIO_6197,CMP_d156c7f61581a866704b,10.1021/acs.est.6b01197,BAF,2.5200000000000005,4.123022865643082,1000f6946cc5198d,False
final_similarity70_0,similarity70_cluster_0,primary216,42,transport_context,BIO_6251,CMP_d156c7f61581a866704b,10.1021/acs.est.9b04906,BAF,0.9405164849325672,4.005610540183225,1000f6946cc5198d,False
final_similarity70_0,similarity70_cluster_0,primary216,42,transport_context,BIO_6506,CMP_ba6c40d3726d16919ab2,10.1021/acs.est.6b01197,BAF,5.340000000000001,3.737944995813979,1000f6946cc5198d,False
final_similarity70_0,similarity70_cluster_0,primary216,42,transport_context,BIO_6507,CMP_ba6c40d3726d16919ab2,10.1021/acs.est.6b01197,BAF,5.200000000000001,3.733691665322071,1000f6946cc5198d,False
final_similarity70_0,similarity70_cluster_0,primary216,42,transport_context,BIO_6558,CMP_d156c7f61581a866704b,10.1021/acs.est.7b02399,BAF,1.3010299956639813,3.907156398304969,1000f6946cc5198d,False
final_similarity70_0,similarity70_cluster_0,primary216,42,transport_context,BIO_6559,CMP_d156c7f61581a866704b,10.1021/acs.est.7b02399,BAF,2.5538830266438746,3.5478627243180845,1000f6946cc5198d,False
final_similarity70_0,similarity70_cluster_0,primary216,42,transport_context,BIO_6560,CMP_d156c7f61581a866704b,10.1021/acs.est.7b02399,BAF,2.03342375548695,3.995722796014804,1000f6946cc5198d,False
final_similarity70_0,similarity70_cluster_0,primary216,42,transport_context,BIO_6561,CMP_d156c7f61581a866704b,10.1021/acs.est.7b02399,BAF,3.096910013008056,3.9093689210908256,1000f6946cc5198d,False
final_similarity70_0,similarity70_cluster_0,primary216,42,transport_context,BIO_6562,CMP_d156c7f61581a866704b,10.1021/acs.est.7b02399,BAF,2.576341350205793,3.3964101093600894,1000f6946cc5198d,False
final_similarity70_0,similarity70_cluster_0,primary216,42,transport_context,BIO_6563,CMP_d156c7f61581a866704b,10.1021/acs.est.7b02399,BAF,2.660865478003869,3.3459424649253573,1000f6946cc5198d,False
final_similarity70_0,similarity70_cluster_0,primary216,42,transport_context,BIO_6567,CMP_8e58943e0a19095fb6f4,10.1021/acs.est.7b02399,BAF,1.6812412373755872,4.1613927905023775,1000f6946cc5198d,False
final_similarity70_0,similarity70_cluster_0,primary216,42,transport_context,BIO_6568,CMP_8e58943e0a19095fb6f4,10.1021/acs.est.7b02399,BAF,2.6503075231319366,4.454118399446272,1000f6946cc5198d,False
final_similarity70_0,similarity70_cluster_0,primary216,42,transport_context,BIO_6569,CMP_8e58943e0a19095fb6f4,10.1021/acs.est.7b02399,BAF,2.7860412102425545,4.515042630170876,1000f6946cc5198d,False
final_similarity70_0,similarity70_cluster_0,primary216,42,transport_context,BIO_6570,CMP_8e58943e0a19095fb6f4,10.1021/acs.est.7b02399,BAF,3.318063334962761,4.4737890103322915,1000f6946cc5198d,False
final_similarity70_0,similarity70_cluster_0,primary216,42,transport_context,BIO_6571,CMP_8e58943e0a19095fb6f4,10.1021/acs.est.7b02399,BAF,3.1398790864012365,4.427447840029742,1000f6946cc5198d,False
final_similarity70_0,similarity70_cluster_0,primary216,42,transport_context,BIO_6572,CMP_8e58943e0a19095fb6f4,10.1021/acs.est.7b02399,BAF,3.752816431188272,4.347102517283161,1000f6946cc5198d,False
final_similarity70_0,similarity70_cluster_0,primary216,42,transport_context,BIO_6580,CMP_5bc76544fcbe477197d1,10.1021/acs.est.7b02399,BAF,1.9493900066449128,4.4999550023447155,1000f6946cc5198d,False
final_similarity70_0,similarity70_cluster_0,primary216,42,transport_context,BIO_6581,CMP_5bc76544fcbe477197d1,10.1021/acs.est.7b02399,BAF,3.103803720955957,4.725779266769379,1000f6946cc5198d,False
final_similarity70_0,similarity70_cluster_0,primary216,42,transport_context,BIO_6582,CMP_5bc76544fcbe477197d1,10.1021/acs.est.7b02399,BAF,3.3502480183341627,4.724945590445244,1000f6946cc5198d,False
final_similarity70_0,similarity70_cluster_0,primary216,42,transport_context,BIO_6583,CMP_5bc76544fcbe477197d1,10.1021/acs.est.7b02399,BAF,3.505149978319906,4.640781871078273,1000f6946cc5198d,False
final_similarity70_0,similarity70_cluster_0,primary216,42,transport_context,BIO_6584,CMP_5bc76544fcbe477197d1,10.1021/acs.est.7b02399,BAF,3.45484486000851,4.640117999299813,1000f6946cc5198d,False
final_similarity70_0,similarity70_cluster_0,primary216,42,transport_context,BIO_6585,CMP_5bc76544fcbe477197d1,10.1021/acs.est.7b02399,BAF,3.8674674878590514,4.704693555871546,1000f6946cc5198d,False
final_similarity70_0,similarity70_cluster_0,primary216,42,transport_context,BIO_6593,CMP_ba6c40d3726d16919ab2,10.1021/acs.est.7b02399,BAF,3.012837224705172,4.655313362611593,1000f6946cc5198d,False
final_similarity70_0,similarity70_cluster_0,primary216,42,transport_context,BIO_6594,CMP_ba6c40d3726d16919ab2,10.1021/acs.est.7b02399,BAF,3.840733234611807,4.813105898689097,1000f6946cc5198d,False
final_similarity70_0,similarity70_cluster_0,primary216,42,transport_context,BIO_6595,CMP_ba6c40d3726d16919ab2,10.1021/acs.est.7b02399,BAF,3.99563519459755,4.660904299987032,1000f6946cc5198d,False
final_similarity70_0,similarity70_cluster_0,primary216,42,transport_context,BIO_6596,CMP_ba6c40d3726d16919ab2,10.1021/acs.est.7b02399,BAF,4.44870631990508,4.777252224944062,1000f6946cc5198d,False
final_similarity70_0,similarity70_cluster_0,primary216,42,transport_context,BIO_6597,CMP_ba6c40d3726d16919ab2,10.1021/acs.est.7b02399,BAF,4.429752280002408,4.756469465734744,1000f6946cc5198d,False
final_similarity70_0,similarity70_cluster_0,primary216,42,transport_context,BIO_6598,CMP_ba6c40d3726d16919ab2,10.1021/acs.est.7b02399,BAF,4.515476441382376,4.714715938331397,1000f6946cc5198d,False
final_similarity70_0,similarity70_cluster_0,primary216,42,transport_context,BIO_6707,CMP_622f8f0fcc1502149461,10.1021/acs.est.7b02259,BAF,0.9500000000000002,0.8594486808584016,1000f6946cc5198d,False
final_similarity70_0,similarity70_cluster_0,primary216,42,transport_context,BIO_6708,CMP_622f8f0fcc1502149461,10.1021/acs.est.7b02259,BAF,0.37,0.5998697828537503,1000f6946cc5198d,False
final_similarity70_0,similarity70_cluster_0,primary216,42,transport_context,BIO_6709,CMP_1e0abf78953775c0134f,10.1021/acs.est.7b02259,BAF,0.56,2.069587336692815,1000f6946cc5198d,False
final_similarity70_0,similarity70_cluster_0,primary216,42,transport_context,BIO_6710,CMP_1e0abf78953775c0134f,10.1021/acs.est.7b02259,BAF,0.0099999999999999,1.510993879500779,1000f6946cc5198d,False
final_similarity70_0,similarity70_cluster_0,primary216,42,transport_context,BIO_6711,CMP_d645aa79f55e85d0da2e,10.1021/acs.est.7b02259,BAF,0.4900000000000001,3.6313819646046617,1000f6946cc5198d,False
final_similarity70_0,similarity70_cluster_0,primary216,42,transport_context,BIO_6712,CMP_d645aa79f55e85d0da2e,10.1021/acs.est.7b02259,BAF,-0.08,2.381867650785461,1000f6946cc5198d,False
final_similarity70_0,similarity70_cluster_0,primary216,42,transport_context,BIO_6713,CMP_a97661d9260d026cb14f,10.1021/acs.est.7b02259,BAF,1.1000000000000003,4.197423196420909,1000f6946cc5198d,False
final_similarity70_0,similarity70_cluster_0,primary216,42,transport_context,BIO_6714,CMP_a97661d9260d026cb14f,10.1021/acs.est.7b02259,BAF,0.6100000000000001,3.217283151226196,1000f6946cc5198d,False
final_similarity70_0,similarity70_cluster_0,primary216,42,transport_context,BIO_6715,CMP_a97661d9260d026cb14f,10.1021/acs.est.7b02259,BAF,-0.2700000000000001,2.593563530845607,1000f6946cc5198d,False
final_similarity70_0,similarity70_cluster_0,primary216,42,transport_context,BIO_6716,CMP_d156c7f61581a866704b,10.1021/acs.est.7b02259,BAF,1.93,4.395081217262184,1000f6946cc5198d,False
final_similarity70_0,similarity70_cluster_0,primary216,42,transport_context,BIO_6717,CMP_d156c7f61581a866704b,10.1021/acs.est.7b02259,BAF,1.2400000000000002,3.644282768658944,1000f6946cc5198d,False
final_similarity70_0,similarity70_cluster_0,primary216,42,transport_context,BIO_6718,CMP_d156c7f61581a866704b,10.1021/acs.est.7b02259,BAF,0.4599999999999999,2.8182722297314537,1000f6946cc5198d,False
final_similarity70_0,similarity70_cluster_0,primary216,42,transport_context,BIO_6719,CMP_8e58943e0a19095fb6f4,10.1021/acs.est.7b02259,BAF,3.01,4.778345236860458,1000f6946cc5198d,False
final_similarity70_0,similarity70_cluster_0,primary216,42,transport_context,BIO_6720,CMP_8e58943e0a19095fb6f4,10.1021/acs.est.7b02259,BAF,2.42,4.356223811076375,1000f6946cc5198d,False
final_similarity70_0,similarity70_cluster_0,primary216,42,transport_context,BIO_6721,CMP_8e58943e0a19095fb6f4,10.1021/acs.est.7b02259,BAF,1.6800000000000002,3.5284527693121386,1000f6946cc5198d,False
final_similarity70_0,similarity70_cluster_0,primary216,42,transport_context,BIO_6722,CMP_5bc76544fcbe477197d1,10.1021/acs.est.7b02259,BAF,3.9,4.825237386566975,1000f6946cc5198d,False
final_similarity70_0,similarity70_cluster_0,primary216,42,transport_context,BIO_6723,CMP_5bc76544fcbe477197d1,10.1021/acs.est.7b02259,BAF,3.390000000000001,4.47581784225123,1000f6946cc5198d,False
final_similarity70_0,similarity70_cluster_0,primary216,42,transport_context,BIO_6724,CMP_5bc76544fcbe477197d1,10.1021/acs.est.7b02259,BAF,2.64,3.9754962973607086,1000f6946cc5198d,False
final_similarity70_0,similarity70_cluster_0,primary216,42,transport_context,BIO_6725,CMP_ba6c40d3726d16919ab2,10.1021/acs.est.7b02259,BAF,4.430000000000001,4.864793582260726,1000f6946cc5198d,False
final_similarity70_0,similarity70_cluster_0,primary216,42,transport_context,BIO_6726,CMP_ba6c40d3726d16919ab2,10.1021/acs.est.7b02259,BAF,3.9100000000000006,4.550520907258402,1000f6946cc5198d,False
final_similarity70_0,similarity70_cluster_0,primary216,42,transport_context,BIO_6727,CMP_ba6c40d3726d16919ab2,10.1021/acs.est.7b02259,BAF,3.1700000000000004,4.165022929613292,1000f6946cc5198d,False
final_similarity70_0,similarity70_cluster_0,primary216,42,transport_context,BIO_6728,CMP_812738d2ca27e93d42c8,10.1021/acs.est.7b02259,BAF,4.7700000000000005,5.109447946816236,1000f6946cc5198d,False
final_similarity70_0,similarity70_cluster_0,primary216,42,transport_context,BIO_6729,CMP_812738d2ca27e93d42c8,10.1021/acs.est.7b02259,BAF,4.32,4.759850520899954,1000f6946cc5198d,False
final_similarity70_0,similarity70_cluster_0,primary216,42,transport_context,BIO_6730,CMP_812738d2ca27e93d42c8,10.1021/acs.est.7b02259,BAF,3.620000000000001,4.484776725110527,1000f6946cc5198d,False
final_similarity70_0,similarity70_cluster_0,primary216,42,transport_context,BIO_5705,CMP_622f8f0fcc1502149461,10.1016/j.scitotenv.2016.05.215,BCF,2.15,2.840908669787387,1000f6946cc5198d,False
final_similarity70_0,similarity70_cluster_0,primary216,42,transport_context,BIO_5706,CMP_622f8f0fcc1502149461,10.1016/j.scitotenv.2016.05.215,BCF,1.8,2.7173618966409476,1000f6946cc5198d,False
final_similarity70_0,similarity70_cluster_0,primary216,42,transport_context,BIO_5707,CMP_622f8f0fcc1502149461,10.1016/j.scitotenv.2016.05.215,BCF,0.44,1.7588892544065957,1000f6946cc5198d,False
final_similarity70_0,similarity70_cluster_0,primary216,42,transport_context,BIO_5708,CMP_622f8f0fcc1502149461,10.1016/j.scitotenv.2016.05.215,BCF,1.05,1.7559965442284264,1000f6946cc5198d,False
final_similarity70_0,similarity70_cluster_0,primary216,42,transport_context,BIO_5709,CMP_622f8f0fcc1502149461,10.1016/j.scitotenv.2016.05.215,BCF,1.06,2.9250588694174975,1000f6946cc5198d,False
final_similarity70_0,similarity70_cluster_0,primary216,42,transport_context,BIO_5710,CMP_622f8f0fcc1502149461,10.1016/j.scitotenv.2016.05.215,BCF,1.3,3.045031363811436,1000f6946cc5198d,False
final_similarity70_0,similarity70_cluster_0,primary216,42,transport_context,BIO_5771,CMP_5bc76544fcbe477197d1,10.1016/j.scitotenv.2016.05.215,BCF,4.04,3.116360107149482,1000f6946cc5198d,False
final_similarity70_0,similarity70_cluster_0,primary216,42,transport_context,BIO_5772,CMP_5bc76544fcbe477197d1,10.1016/j.scitotenv.2016.05.215,BCF,4.36,3.0493266646274,1000f6946cc5198d,False
final_similarity70_0,similarity70_cluster_0,primary216,42,transport_context,BIO_5773,CMP_5bc76544fcbe477197d1,10.1016/j.scitotenv.2016.05.215,BCF,3.41,2.462665723018645,1000f6946cc5198d,False
final_similarity70_0,similarity70_cluster_0,primary216,42,transport_context,BIO_5774,CMP_5bc76544fcbe477197d1,10.1016/j.scitotenv.2016.05.215,BCF,3.79,2.5006406339823095,1000f6946cc5198d,False
final_similarity70_0,similarity70_cluster_0,primary216,42,transport_context,BIO_5775,CMP_5bc76544fcbe477197d1,10.1016/j.scitotenv.2016.05.215,BCF,4.0,3.235144031077646,1000f6946cc5198d,False
final_similarity70_0,similarity70_cluster_0,primary216,42,transport_context,BIO_5776,CMP_5bc76544fcbe477197d1,10.1016/j.scitotenv.2016.05.215,BCF,3.99,3.3626243662026396,1000f6946cc5198d,False
final_similarity70_0,similarity70_cluster_0,primary216,42,transport_context,BIO_5862,CMP_812738d2ca27e93d42c8,10.1016/j.scitotenv.2016.05.215,BCF,4.95,3.0858374582465,1000f6946cc5198d,False
final_similarity70_0,similarity70_cluster_0,primary216,42,transport_context,BIO_5863,CMP_812738d2ca27e93d42c8,10.1016/j.scitotenv.2016.05.215,BCF,4.66,3.1103180481217994,1000f6946cc5198d,False
final_similarity70_0,similarity70_cluster_0,primary216,42,transport_context,BIO_5864,CMP_812738d2ca27e93d42c8,10.1016/j.scitotenv.2016.05.215,BCF,3.77,2.5308601785901654,1000f6946cc5198d,False
final_similarity70_0,similarity70_cluster_0,primary216,42,transport_context,BIO_5865,CMP_812738d2ca27e93d42c8,10.1016/j.scitotenv.2016.05.215,BCF,3.66,2.605024116231493,1000f6946cc5198d,False
final_similarity70_0,similarity70_cluster_0,primary216,42,transport_context,BIO_5866,CMP_812738d2ca27e93d42c8,10.1016/j.scitotenv.2016.05.215,BCF,4.33,3.3771678063162907,1000f6946cc5198d,False
final_similarity70_0,similarity70_cluster_0,primary216,42,transport_context,BIO_5867,CMP_812738d2ca27e93d42c8,10.1016/j.scitotenv.2016.05.215,BCF,3.65,3.3037301839451274,1000f6946cc5198d,False
final_similarity70_0,similarity70_cluster_0,primary216,42,transport_context,BIO_5944,CMP_d645aa79f55e85d0da2e,10.1016/j.scitotenv.2016.05.215,BCF,1.73,3.053407836133061,1000f6946cc5198d,False
final_similarity70_0,similarity70_cluster_0,primary216,42,transport_context,BIO_5945,CMP_d645aa79f55e85d0da2e,10.1016/j.scitotenv.2016.05.215,BCF,1.7,3.076306084619257,1000f6946cc5198d,False
final_similarity70_0,similarity70_cluster_0,primary216,42,transport_context,BIO_5946,CMP_d645aa79f55e85d0da2e,10.1016/j.scitotenv.2016.05.215,BCF,0.75,2.0229432172177946,1000f6946cc5198d,False
final_similarity70_0,similarity70_cluster_0,primary216,42,transport_context,BIO_5947,CMP_d645aa79f55e85d0da2e,10.1016/j.scitotenv.2016.05.215,BCF,0.67,2.019439660072366,1000f6946cc5198d,False
final_similarity70_0,similarity70_cluster_0,primary216,42,transport_context,BIO_5948,CMP_d645aa79f55e85d0da2e,10.1016/j.scitotenv.2016.05.215,BCF,1.02,3.0960973299095578,1000f6946cc5198d,False
final_similarity70_0,similarity70_cluster_0,primary216,42,transport_context,BIO_5949,CMP_d645aa79f55e85d0da2e,10.1016/j.scitotenv.2016.05.215,BCF,1.06,3.1526984077130606,1000f6946cc5198d,False
final_similarity70_0,similarity70_cluster_0,primary216,42,transport_context,BIO_6077,CMP_8e58943e0a19095fb6f4,10.1016/j.scitotenv.2016.05.215,BCF,3.18,3.0711438438561025,1000f6946cc5198d,False
final_similarity70_0,similarity70_cluster_0,primary216,42,transport_context,BIO_6078,CMP_8e58943e0a19095fb6f4,10.1016/j.scitotenv.2016.05.215,BCF,3.45,3.0517235050189435,1000f6946cc5198d,False
final_similarity70_0,similarity70_cluster_0,primary216,42,transport_context,BIO_6079,CMP_8e58943e0a19095fb6f4,10.1016/j.scitotenv.2016.05.215,BCF,2.64,2.3486714059461162,1000f6946cc5198d,False
final_similarity70_0,similarity70_cluster_0,primary216,42,transport_context,BIO_6080,CMP_8e58943e0a19095fb6f4,10.1016/j.scitotenv.2016.05.215,BCF,2.85,2.2435204718206863,1000f6946cc5198d,False
final_similarity70_0,similarity70_cluster_0,primary216,42,transport_context,BIO_6081,CMP_8e58943e0a19095fb6f4,10.1016/j.scitotenv.2016.05.215,BCF,3.33,3.1752737705904237,1000f6946cc5198d,False
final_similarity70_0,similarity70_cluster_0,primary216,42,transport_context,BIO_6082,CMP_8e58943e0a19095fb6f4,10.1016/j.scitotenv.2016.05.215,BCF,3.37,3.186073221922256,1000f6946cc5198d,False
final_similarity70_0,similarity70_cluster_0,primary216,42,transport_context,BIO_6177,CMP_d156c7f61581a866704b,10.1016/j.scitotenv.2016.05.215,BCF,2.39,3.1057290561875766,1000f6946cc5198d,False
final_similarity70_0,similarity70_cluster_0,primary216,42,transport_context,BIO_6178,CMP_d156c7f61581a866704b,10.1016/j.scitotenv.2016.05.215,BCF,2.43,3.0580631295739145,1000f6946cc5198d,False
final_similarity70_0,similarity70_cluster_0,primary216,42,transport_context,BIO_6179,CMP_d156c7f61581a866704b,10.1016/j.scitotenv.2016.05.215,BCF,1.52,2.0228681027948507,1000f6946cc5198d,False
final_similarity70_0,similarity70_cluster_0,primary216,42,transport_context,BIO_6181,CMP_d156c7f61581a866704b,10.1016/j.scitotenv.2016.05.215,BCF,2.24,3.213353754435584,1000f6946cc5198d,False
final_similarity70_0,similarity70_cluster_0,primary216,42,transport_context,BIO_6182,CMP_d156c7f61581a866704b,10.1016/j.scitotenv.2016.05.215,BCF,2.02,3.1701608057618267,1000f6946cc5198d,False
final_similarity70_0,similarity70_cluster_0,primary216,42,transport_context,BIO_6460,CMP_3626e8f507f7fd0a557c,10.1016/j.scitotenv.2016.05.215,BCF,5.56,3.05522307861706,1000f6946cc5198d,False
final_similarity70_0,similarity70_cluster_0,primary216,42,transport_context,BIO_6461,CMP_3626e8f507f7fd0a557c,10.1016/j.scitotenv.2016.05.215,BCF,4.74,2.9704277080298382,1000f6946cc5198d,False
final_similarity70_0,similarity70_cluster_0,primary216,42,transport_context,BIO_6462,CMP_3626e8f507f7fd0a557c,10.1016/j.scitotenv.2016.05.215,BCF,5.22,2.595109694517179,1000f6946cc5198d,False
final_similarity70_0,similarity70_cluster_0,primary216,42,transport_context,BIO_6463,CMP_3626e8f507f7fd0a557c,10.1016/j.scitotenv.2016.05.215,BCF,4.52,2.528688408621747,1000f6946cc5198d,False
final_similarity70_0,similarity70_cluster_0,primary216,42,transport_context,BIO_6464,CMP_3626e8f507f7fd0a557c,10.1016/j.scitotenv.2016.05.215,BCF,5.5,3.3965361407618295,1000f6946cc5198d,False
final_similarity70_0,similarity70_cluster_0,primary216,42,transport_context,BIO_6465,CMP_3626e8f507f7fd0a557c,10.1016/j.scitotenv.2016.05.215,BCF,4.34,3.291712203688969,1000f6946cc5198d,False
final_similarity70_0,similarity70_cluster_0,primary216,42,transport_context,BIO_6472,CMP_277ba9982a59f21d5d1a,10.1016/j.scitotenv.2016.05.215,BCF,5.02,3.0235560602527243,1000f6946cc5198d,False
final_similarity70_0,similarity70_cluster_0,primary216,42,transport_context,BIO_6473,CMP_277ba9982a59f21d5d1a,10.1016/j.scitotenv.2016.05.215,BCF,4.45,2.9394637039123492,1000f6946cc5198d,False
final_similarity70_0,similarity70_cluster_0,primary216,42,transport_context,BIO_6474,CMP_277ba9982a59f21d5d1a,10.1016/j.scitotenv.2016.05.215,BCF,4.28,2.626585639033395,1000f6946cc5198d,False
final_similarity70_0,similarity70_cluster_0,primary216,42,transport_context,BIO_6475,CMP_277ba9982a59f21d5d1a,10.1016/j.scitotenv.2016.05.215,BCF,3.91,2.5029951560048067,1000f6946cc5198d,False
final_similarity70_0,similarity70_cluster_0,primary216,42,transport_context,BIO_6476,CMP_277ba9982a59f21d5d1a,10.1016/j.scitotenv.2016.05.215,BCF,4.84,3.2935232443490916,1000f6946cc5198d,False
final_similarity70_0,similarity70_cluster_0,primary216,42,transport_context,BIO_6477,CMP_277ba9982a59f21d5d1a,10.1016/j.scitotenv.2016.05.215,BCF,3.91,3.29762291479364,1000f6946cc5198d,False
final_similarity70_0,similarity70_cluster_0,primary216,42,transport_context,BIO_6495,CMP_ba6c40d3726d16919ab2,10.1016/j.scitotenv.2016.05.215,BCF,4.14,3.1085908256626515,1000f6946cc5198d,False
final_similarity70_0,similarity70_cluster_0,primary216,42,transport_context,BIO_6497,CMP_ba6c40d3726d16919ab2,10.1016/j.scitotenv.2016.05.215,BCF,3.64,2.513800773649601,1000f6946cc5198d,False
final_similarity70_0,similarity70_cluster_0,primary216,42,transport_context,BIO_6498,CMP_ba6c40d3726d16919ab2,10.1016/j.scitotenv.2016.05.215,BCF,3.63,2.696842371591397,1000f6946cc5198d,False
final_similarity70_0,similarity70_cluster_0,primary216,42,transport_context,BIO_6499,CMP_ba6c40d3726d16919ab2,10.1016/j.scitotenv.2016.05.215,BCF,4.31,3.3974371864223074,1000f6946cc5198d,False
final_similarity70_0,similarity70_cluster_0,primary216,42,transport_context,BIO_6500,CMP_ba6c40d3726d16919ab2,10.1016/j.scitotenv.2016.05.215,BCF,3.81,3.2572880248933522,1000f6946cc5198d,False
final_similarity70_0,similarity70_cluster_0,primary216,42,full_single_task,BIO_5789,CMP_5bc76544fcbe477197d1,10.1021/acs.est.6b01197,BAF,4.170000000000001,3.2026965803918372,1000f6946cc5198d,False
final_similarity70_0,similarity70_cluster_0,primary216,42,full_single_task,BIO_5790,CMP_5bc76544fcbe477197d1,10.1021/acs.est.6b01197,BAF,1.84,2.7606129931068137,1000f6946cc5198d,False
final_similarity70_0,similarity70_cluster_0,primary216,42,full_single_task,BIO_5791,CMP_5bc76544fcbe477197d1,10.1021/acs.est.6b01197,BAF,4.03,3.2080604593288693,1000f6946cc5198d,False
final_similarity70_0,similarity70_cluster_0,primary216,42,full_single_task,BIO_5907,CMP_a97661d9260d026cb14f,10.1021/acs.est.6b01197,BAF,1.98,2.30663000900881,1000f6946cc5198d,False
final_similarity70_0,similarity70_cluster_0,primary216,42,full_single_task,BIO_5908,CMP_a97661d9260d026cb14f,10.1021/acs.est.6b01197,BAF,2.01,2.29020376466726,1000f6946cc5198d,False
final_similarity70_0,similarity70_cluster_0,primary216,42,full_single_task,BIO_6095,CMP_8e58943e0a19095fb6f4,10.1021/acs.est.6b01197,BAF,3.5800000000000005,2.8542455681508265,1000f6946cc5198d,False
final_similarity70_0,similarity70_cluster_0,primary216,42,full_single_task,BIO_6096,CMP_8e58943e0a19095fb6f4,10.1021/acs.est.6b01197,BAF,3.3500000000000005,2.899804755280358,1000f6946cc5198d,False
final_similarity70_0,similarity70_cluster_0,primary216,42,full_single_task,BIO_6195,CMP_d156c7f61581a866704b,10.1021/acs.est.6b01197,BAF,2.34,2.5351759923971846,1000f6946cc5198d,False
final_similarity70_0,similarity70_cluster_0,primary216,42,full_single_task,BIO_6196,CMP_d156c7f61581a866704b,10.1021/acs.est.6b01197,BAF,2.3000000000000003,1.9885888908638591,1000f6946cc5198d,False
final_similarity70_0,similarity70_cluster_0,primary216,42,full_single_task,BIO_6197,CMP_d156c7f61581a866704b,10.1021/acs.est.6b01197,BAF,2.5200000000000005,2.559519490176797,1000f6946cc5198d,False
final_similarity70_0,similarity70_cluster_0,primary216,42,full_single_task,BIO_6251,CMP_d156c7f61581a866704b,10.1021/acs.est.9b04906,BAF,0.9405164849325672,2.4765829239681216,1000f6946cc5198d,False
final_similarity70_0,similarity70_cluster_0,primary216,42,full_single_task,BIO_6506,CMP_ba6c40d3726d16919ab2,10.1021/acs.est.6b01197,BAF,5.340000000000001,3.485408582906645,1000f6946cc5198d,False
final_similarity70_0,similarity70_cluster_0,primary216,42,full_single_task,BIO_6507,CMP_ba6c40d3726d16919ab2,10.1021/acs.est.6b01197,BAF,5.200000000000001,3.5472575121505585,1000f6946cc5198d,False
final_similarity70_0,similarity70_cluster_0,primary216,42,full_single_task,BIO_6558,CMP_d156c7f61581a866704b,10.1021/acs.est.7b02399,BAF,1.3010299956639813,2.3330536590713296,1000f6946cc5198d,False
final_similarity70_0,similarity70_cluster_0,primary216,42,full_single_task,BIO_6559,CMP_d156c7f61581a866704b,10.1021/acs.est.7b02399,BAF,2.5538830266438746,2.2956838599975176,1000f6946cc5198d,False
final_similarity70_0,similarity70_cluster_0,primary216,42,full_single_task,BIO_6560,CMP_d156c7f61581a866704b,10.1021/acs.est.7b02399,BAF,2.03342375548695,2.3563690098982075,1000f6946cc5198d,False
final_similarity70_0,similarity70_cluster_0,primary216,42,full_single_task,BIO_6561,CMP_d156c7f61581a866704b,10.1021/acs.est.7b02399,BAF,3.096910013008056,2.344928669391746,1000f6946cc5198d,False
final_similarity70_0,similarity70_cluster_0,primary216,42,full_single_task,BIO_6562,CMP_d156c7f61581a866704b,10.1021/acs.est.7b02399,BAF,2.576341350205793,2.307071140466655,1000f6946cc5198d,False
final_similarity70_0,similarity70_cluster_0,primary216,42,full_single_task,BIO_6563,CMP_d156c7f61581a866704b,10.1021/acs.est.7b02399,BAF,2.660865478003869,2.285962316765678,1000f6946cc5198d,False
final_similarity70_0,similarity70_cluster_0,primary216,42,full_single_task,BIO_6567,CMP_8e58943e0a19095fb6f4,10.1021/acs.est.7b02399,BAF,1.6812412373755872,2.7138531828376498,1000f6946cc5198d,False
final_similarity70_0,similarity70_cluster_0,primary216,42,full_single_task,BIO_6568,CMP_8e58943e0a19095fb6f4,10.1021/acs.est.7b02399,BAF,2.6503075231319366,2.800360925656748,1000f6946cc5198d,False
final_similarity70_0,similarity70_cluster_0,primary216,42,full_single_task,BIO_6569,CMP_8e58943e0a19095fb6f4,10.1021/acs.est.7b02399,BAF,2.7860412102425545,2.738692611785786,1000f6946cc5198d,False
final_similarity70_0,similarity70_cluster_0,primary216,42,full_single_task,BIO_6570,CMP_8e58943e0a19095fb6f4,10.1021/acs.est.7b02399,BAF,3.318063334962761,2.77877269768412,1000f6946cc5198d,False
final_similarity70_0,similarity70_cluster_0,primary216,42,full_single_task,BIO_6571,CMP_8e58943e0a19095fb6f4,10.1021/acs.est.7b02399,BAF,3.1398790864012365,2.689994929661667,1000f6946cc5198d,False
final_similarity70_0,similarity70_cluster_0,primary216,42,full_single_task,BIO_6572,CMP_8e58943e0a19095fb6f4,10.1021/acs.est.7b02399,BAF,3.752816431188272,2.8057152053247325,1000f6946cc5198d,False
final_similarity70_0,similarity70_cluster_0,primary216,42,full_single_task,BIO_6580,CMP_5bc76544fcbe477197d1,10.1021/acs.est.7b02399,BAF,1.9493900066449128,3.4260216642470347,1000f6946cc5198d,False
final_similarity70_0,similarity70_cluster_0,primary216,42,full_single_task,BIO_6581,CMP_5bc76544fcbe477197d1,10.1021/acs.est.7b02399,BAF,3.103803720955957,3.4521482029530173,1000f6946cc5198d,False
final_similarity70_0,similarity70_cluster_0,primary216,42,full_single_task,BIO_6582,CMP_5bc76544fcbe477197d1,10.1021/acs.est.7b02399,BAF,3.3502480183341627,3.513512912757957,1000f6946cc5198d,False
final_similarity70_0,similarity70_cluster_0,primary216,42,full_single_task,BIO_6583,CMP_5bc76544fcbe477197d1,10.1021/acs.est.7b02399,BAF,3.505149978319906,3.386986360927891,1000f6946cc5198d,False
final_similarity70_0,similarity70_cluster_0,primary216,42,full_single_task,BIO_6584,CMP_5bc76544fcbe477197d1,10.1021/acs.est.7b02399,BAF,3.45484486000851,3.2958510248536186,1000f6946cc5198d,False
final_similarity70_0,similarity70_cluster_0,primary216,42,full_single_task,BIO_6585,CMP_5bc76544fcbe477197d1,10.1021/acs.est.7b02399,BAF,3.8674674878590514,3.455670109528782,1000f6946cc5198d,False
final_similarity70_0,similarity70_cluster_0,primary216,42,full_single_task,BIO_6593,CMP_ba6c40d3726d16919ab2,10.1021/acs.est.7b02399,BAF,3.012837224705172,4.032563082011224,1000f6946cc5198d,False
final_similarity70_0,similarity70_cluster_0,primary216,42,full_single_task,BIO_6594,CMP_ba6c40d3726d16919ab2,10.1021/acs.est.7b02399,BAF,3.840733234611807,4.13587153386151,1000f6946cc5198d,False
final_similarity70_0,similarity70_cluster_0,primary216,42,full_single_task,BIO_6595,CMP_ba6c40d3726d16919ab2,10.1021/acs.est.7b02399,BAF,3.99563519459755,4.100445198449865,1000f6946cc5198d,False
final_similarity70_0,similarity70_cluster_0,primary216,42,full_single_task,BIO_6596,CMP_ba6c40d3726d16919ab2,10.1021/acs.est.7b02399,BAF,4.44870631990508,4.096924410235543,1000f6946cc5198d,False
final_similarity70_0,similarity70_cluster_0,primary216,42,full_single_task,BIO_6597,CMP_ba6c40d3726d16919ab2,10.1021/acs.est.7b02399,BAF,4.429752280002408,4.037449141021981,1000f6946cc5198d,False
final_similarity70_0,similarity70_cluster_0,primary216,42,full_single_task,BIO_6598,CMP_ba6c40d3726d16919ab2,10.1021/acs.est.7b02399,BAF,4.515476441382376,3.8278991635778774,1000f6946cc5198d,False
final_similarity70_0,similarity70_cluster_0,primary216,42,full_single_task,BIO_6707,CMP_622f8f0fcc1502149461,10.1021/acs.est.7b02259,BAF,0.9500000000000002,1.389146909200162,1000f6946cc5198d,False
final_similarity70_0,similarity70_cluster_0,primary216,42,full_single_task,BIO_6708,CMP_622f8f0fcc1502149461,10.1021/acs.est.7b02259,BAF,0.37,1.2849496706591053,1000f6946cc5198d,False
final_similarity70_0,similarity70_cluster_0,primary216,42,full_single_task,BIO_6709,CMP_1e0abf78953775c0134f,10.1021/acs.est.7b02259,BAF,0.56,1.6267236612361056,1000f6946cc5198d,False
final_similarity70_0,similarity70_cluster_0,primary216,42,full_single_task,BIO_6710,CMP_1e0abf78953775c0134f,10.1021/acs.est.7b02259,BAF,0.0099999999999999,1.514644459773614,1000f6946cc5198d,False
final_similarity70_0,similarity70_cluster_0,primary216,42,full_single_task,BIO_6711,CMP_d645aa79f55e85d0da2e,10.1021/acs.est.7b02259,BAF,0.4900000000000001,1.8933043717070046,1000f6946cc5198d,False
final_similarity70_0,similarity70_cluster_0,primary216,42,full_single_task,BIO_6712,CMP_d645aa79f55e85d0da2e,10.1021/acs.est.7b02259,BAF,-0.08,1.7337191643684877,1000f6946cc5198d,False
final_similarity70_0,similarity70_cluster_0,primary216,42,full_single_task,BIO_6713,CMP_a97661d9260d026cb14f,10.1021/acs.est.7b02259,BAF,1.1000000000000003,2.1598654487214697,1000f6946cc5198d,False
final_similarity70_0,similarity70_cluster_0,primary216,42,full_single_task,BIO_6714,CMP_a97661d9260d026cb14f,10.1021/acs.est.7b02259,BAF,0.6100000000000001,2.0740686109926054,1000f6946cc5198d,False
final_similarity70_0,similarity70_cluster_0,primary216,42,full_single_task,BIO_6715,CMP_a97661d9260d026cb14f,10.1021/acs.est.7b02259,BAF,-0.2700000000000001,1.911929190381976,1000f6946cc5198d,False
final_similarity70_0,similarity70_cluster_0,primary216,42,full_single_task,BIO_6716,CMP_d156c7f61581a866704b,10.1021/acs.est.7b02259,BAF,1.93,2.5337928278176722,1000f6946cc5198d,False
final_similarity70_0,similarity70_cluster_0,primary216,42,full_single_task,BIO_6717,CMP_d156c7f61581a866704b,10.1021/acs.est.7b02259,BAF,1.2400000000000002,2.338468516650779,1000f6946cc5198d,False
final_similarity70_0,similarity70_cluster_0,primary216,42,full_single_task,BIO_6718,CMP_d156c7f61581a866704b,10.1021/acs.est.7b02259,BAF,0.4599999999999999,2.223372224541394,1000f6946cc5198d,False
final_similarity70_0,similarity70_cluster_0,primary216,42,full_single_task,BIO_6719,CMP_8e58943e0a19095fb6f4,10.1021/acs.est.7b02259,BAF,3.01,2.9059462371414257,1000f6946cc5198d,False
final_similarity70_0,similarity70_cluster_0,primary216,42,full_single_task,BIO_6720,CMP_8e58943e0a19095fb6f4,10.1021/acs.est.7b02259,BAF,2.42,2.705995078293653,1000f6946cc5198d,False
final_similarity70_0,similarity70_cluster_0,primary216,42,full_single_task,BIO_6721,CMP_8e58943e0a19095fb6f4,10.1021/acs.est.7b02259,BAF,1.6800000000000002,2.582900203016865,1000f6946cc5198d,False
final_similarity70_0,similarity70_cluster_0,primary216,42,full_single_task,BIO_6722,CMP_5bc76544fcbe477197d1,10.1021/acs.est.7b02259,BAF,3.9,3.239965944395001,1000f6946cc5198d,False
final_similarity70_0,similarity70_cluster_0,primary216,42,full_single_task,BIO_6723,CMP_5bc76544fcbe477197d1,10.1021/acs.est.7b02259,BAF,3.390000000000001,3.1991829061989123,1000f6946cc5198d,False
final_similarity70_0,similarity70_cluster_0,primary216,42,full_single_task,BIO_6724,CMP_5bc76544fcbe477197d1,10.1021/acs.est.7b02259,BAF,2.64,3.021011339392805,1000f6946cc5198d,False
final_similarity70_0,similarity70_cluster_0,primary216,42,full_single_task,BIO_6725,CMP_ba6c40d3726d16919ab2,10.1021/acs.est.7b02259,BAF,4.430000000000001,3.717280421780008,1000f6946cc5198d,False
final_similarity70_0,similarity70_cluster_0,primary216,42,full_single_task,BIO_6726,CMP_ba6c40d3726d16919ab2,10.1021/acs.est.7b02259,BAF,3.9100000000000006,3.388718578539822,1000f6946cc5198d,False
final_similarity70_0,similarity70_cluster_0,primary216,42,full_single_task,BIO_6727,CMP_ba6c40d3726d16919ab2,10.1021/acs.est.7b02259,BAF,3.1700000000000004,3.1925535702241827,1000f6946cc5198d,False
final_similarity70_0,similarity70_cluster_0,primary216,42,full_single_task,BIO_6728,CMP_812738d2ca27e93d42c8,10.1021/acs.est.7b02259,BAF,4.7700000000000005,4.107270216611423,1000f6946cc5198d,False
final_similarity70_0,similarity70_cluster_0,primary216,42,full_single_task,BIO_6729,CMP_812738d2ca27e93d42c8,10.1021/acs.est.7b02259,BAF,4.32,4.0507675521118225,1000f6946cc5198d,False
final_similarity70_0,similarity70_cluster_0,primary216,42,full_single_task,BIO_6730,CMP_812738d2ca27e93d42c8,10.1021/acs.est.7b02259,BAF,3.620000000000001,3.7723431920392887,1000f6946cc5198d,False
final_similarity70_0,similarity70_cluster_0,primary216,42,full_single_task,BIO_5705,CMP_622f8f0fcc1502149461,10.1016/j.scitotenv.2016.05.215,BCF,2.15,1.5541467640761213,1000f6946cc5198d,False
final_similarity70_0,similarity70_cluster_0,primary216,42,full_single_task,BIO_5706,CMP_622f8f0fcc1502149461,10.1016/j.scitotenv.2016.05.215,BCF,1.8,1.5210845764772016,1000f6946cc5198d,False
final_similarity70_0,similarity70_cluster_0,primary216,42,full_single_task,BIO_5707,CMP_622f8f0fcc1502149461,10.1016/j.scitotenv.2016.05.215,BCF,0.44,0.99132669829968,1000f6946cc5198d,False
final_similarity70_0,similarity70_cluster_0,primary216,42,full_single_task,BIO_5708,CMP_622f8f0fcc1502149461,10.1016/j.scitotenv.2016.05.215,BCF,1.05,0.9781235854336465,1000f6946cc5198d,False
final_similarity70_0,similarity70_cluster_0,primary216,42,full_single_task,BIO_5709,CMP_622f8f0fcc1502149461,10.1016/j.scitotenv.2016.05.215,BCF,1.06,1.8385873215087623,1000f6946cc5198d,False
final_similarity70_0,similarity70_cluster_0,primary216,42,full_single_task,BIO_5710,CMP_622f8f0fcc1502149461,10.1016/j.scitotenv.2016.05.215,BCF,1.3,1.827541708780708,1000f6946cc5198d,False
final_similarity70_0,similarity70_cluster_0,primary216,42,full_single_task,BIO_5771,CMP_5bc76544fcbe477197d1,10.1016/j.scitotenv.2016.05.215,BCF,4.04,3.6956730410419305,1000f6946cc5198d,False
final_similarity70_0,similarity70_cluster_0,primary216,42,full_single_task,BIO_5772,CMP_5bc76544fcbe477197d1,10.1016/j.scitotenv.2016.05.215,BCF,4.36,3.5752918783490992,1000f6946cc5198d,False
final_similarity70_0,similarity70_cluster_0,primary216,42,full_single_task,BIO_5773,CMP_5bc76544fcbe477197d1,10.1016/j.scitotenv.2016.05.215,BCF,3.41,2.9121784238837316,1000f6946cc5198d,False
final_similarity70_0,similarity70_cluster_0,primary216,42,full_single_task,BIO_5774,CMP_5bc76544fcbe477197d1,10.1016/j.scitotenv.2016.05.215,BCF,3.79,2.9371160848862212,1000f6946cc5198d,False
final_similarity70_0,similarity70_cluster_0,primary216,42,full_single_task,BIO_5775,CMP_5bc76544fcbe477197d1,10.1016/j.scitotenv.2016.05.215,BCF,4.0,3.529786344037903,1000f6946cc5198d,False
final_similarity70_0,similarity70_cluster_0,primary216,42,full_single_task,BIO_5776,CMP_5bc76544fcbe477197d1,10.1016/j.scitotenv.2016.05.215,BCF,3.99,3.636869552697192,1000f6946cc5198d,False
final_similarity70_0,similarity70_cluster_0,primary216,42,full_single_task,BIO_5862,CMP_812738d2ca27e93d42c8,10.1016/j.scitotenv.2016.05.215,BCF,4.95,4.4567024704189695,1000f6946cc5198d,False
final_similarity70_0,similarity70_cluster_0,primary216,42,full_single_task,BIO_5863,CMP_812738d2ca27e93d42c8,10.1016/j.scitotenv.2016.05.215,BCF,4.66,4.416398794067482,1000f6946cc5198d,False
final_similarity70_0,similarity70_cluster_0,primary216,42,full_single_task,BIO_5864,CMP_812738d2ca27e93d42c8,10.1016/j.scitotenv.2016.05.215,BCF,3.77,3.681082998881644,1000f6946cc5198d,False
final_similarity70_0,similarity70_cluster_0,primary216,42,full_single_task,BIO_5865,CMP_812738d2ca27e93d42c8,10.1016/j.scitotenv.2016.05.215,BCF,3.66,3.711812519399141,1000f6946cc5198d,False
final_similarity70_0,similarity70_cluster_0,primary216,42,full_single_task,BIO_5866,CMP_812738d2ca27e93d42c8,10.1016/j.scitotenv.2016.05.215,BCF,4.33,4.315520315045971,1000f6946cc5198d,False
final_similarity70_0,similarity70_cluster_0,primary216,42,full_single_task,BIO_5867,CMP_812738d2ca27e93d42c8,10.1016/j.scitotenv.2016.05.215,BCF,3.65,4.1775382032547155,1000f6946cc5198d,False
final_similarity70_0,similarity70_cluster_0,primary216,42,full_single_task,BIO_5944,CMP_d645aa79f55e85d0da2e,10.1016/j.scitotenv.2016.05.215,BCF,1.73,2.216579086520287,1000f6946cc5198d,False
final_similarity70_0,similarity70_cluster_0,primary216,42,full_single_task,BIO_5945,CMP_d645aa79f55e85d0da2e,10.1016/j.scitotenv.2016.05.215,BCF,1.7,2.233615572421522,1000f6946cc5198d,False
final_similarity70_0,similarity70_cluster_0,primary216,42,full_single_task,BIO_5946,CMP_d645aa79f55e85d0da2e,10.1016/j.scitotenv.2016.05.215,BCF,0.75,1.63629231173292,1000f6946cc5198d,False
final_similarity70_0,similarity70_cluster_0,primary216,42,full_single_task,BIO_5947,CMP_d645aa79f55e85d0da2e,10.1016/j.scitotenv.2016.05.215,BCF,0.67,1.633106783542752,1000f6946cc5198d,False
final_similarity70_0,similarity70_cluster_0,primary216,42,full_single_task,BIO_5948,CMP_d645aa79f55e85d0da2e,10.1016/j.scitotenv.2016.05.215,BCF,1.02,2.5191045667651832,1000f6946cc5198d,False
final_similarity70_0,similarity70_cluster_0,primary216,42,full_single_task,BIO_5949,CMP_d645aa79f55e85d0da2e,10.1016/j.scitotenv.2016.05.215,BCF,1.06,2.526390392945024,1000f6946cc5198d,False
final_similarity70_0,similarity70_cluster_0,primary216,42,full_single_task,BIO_6077,CMP_8e58943e0a19095fb6f4,10.1016/j.scitotenv.2016.05.215,BCF,3.18,3.2425921185990223,1000f6946cc5198d,False
final_similarity70_0,similarity70_cluster_0,primary216,42,full_single_task,BIO_6078,CMP_8e58943e0a19095fb6f4,10.1016/j.scitotenv.2016.05.215,BCF,3.45,3.2492232515066015,1000f6946cc5198d,False
final_similarity70_0,similarity70_cluster_0,primary216,42,full_single_task,BIO_6079,CMP_8e58943e0a19095fb6f4,10.1016/j.scitotenv.2016.05.215,BCF,2.64,2.6363082229316115,1000f6946cc5198d,False
final_similarity70_0,similarity70_cluster_0,primary216,42,full_single_task,BIO_6080,CMP_8e58943e0a19095fb6f4,10.1016/j.scitotenv.2016.05.215,BCF,2.85,2.5930044716165264,1000f6946cc5198d,False
final_similarity70_0,similarity70_cluster_0,primary216,42,full_single_task,BIO_6081,CMP_8e58943e0a19095fb6f4,10.1016/j.scitotenv.2016.05.215,BCF,3.33,3.1971570876183333,1000f6946cc5198d,False
final_similarity70_0,similarity70_cluster_0,primary216,42,full_single_task,BIO_6082,CMP_8e58943e0a19095fb6f4,10.1016/j.scitotenv.2016.05.215,BCF,3.37,3.1998000348369575,1000f6946cc5198d,False
final_similarity70_0,similarity70_cluster_0,primary216,42,full_single_task,BIO_6177,CMP_d156c7f61581a866704b,10.1016/j.scitotenv.2016.05.215,BCF,2.39,2.938110389209112,1000f6946cc5198d,False
final_similarity70_0,similarity70_cluster_0,primary216,42,full_single_task,BIO_6178,CMP_d156c7f61581a866704b,10.1016/j.scitotenv.2016.05.215,BCF,2.43,2.9263972321760297,1000f6946cc5198d,False
final_similarity70_0,similarity70_cluster_0,primary216,42,full_single_task,BIO_6179,CMP_d156c7f61581a866704b,10.1016/j.scitotenv.2016.05.215,BCF,1.52,2.1489247563089533,1000f6946cc5198d,False
final_similarity70_0,similarity70_cluster_0,primary216,42,full_single_task,BIO_6181,CMP_d156c7f61581a866704b,10.1016/j.scitotenv.2016.05.215,BCF,2.24,2.988148600100751,1000f6946cc5198d,False
final_similarity70_0,similarity70_cluster_0,primary216,42,full_single_task,BIO_6182,CMP_d156c7f61581a866704b,10.1016/j.scitotenv.2016.05.215,BCF,2.02,2.954567623675877,1000f6946cc5198d,False
final_similarity70_0,similarity70_cluster_0,primary216,42,full_single_task,BIO_6460,CMP_3626e8f507f7fd0a557c,10.1016/j.scitotenv.2016.05.215,BCF,5.56,5.322049435237979,1000f6946cc5198d,False
final_similarity70_0,similarity70_cluster_0,primary216,42,full_single_task,BIO_6461,CMP_3626e8f507f7fd0a557c,10.1016/j.scitotenv.2016.05.215,BCF,4.74,5.200877129135167,1000f6946cc5198d,False
final_similarity70_0,similarity70_cluster_0,primary216,42,full_single_task,BIO_6462,CMP_3626e8f507f7fd0a557c,10.1016/j.scitotenv.2016.05.215,BCF,5.22,4.549943234153227,1000f6946cc5198d,False
final_similarity70_0,similarity70_cluster_0,primary216,42,full_single_task,BIO_6463,CMP_3626e8f507f7fd0a557c,10.1016/j.scitotenv.2016.05.215,BCF,4.52,4.60568648505613,1000f6946cc5198d,False
final_similarity70_0,similarity70_cluster_0,primary216,42,full_single_task,BIO_6464,CMP_3626e8f507f7fd0a557c,10.1016/j.scitotenv.2016.05.215,BCF,5.5,5.206527872850877,1000f6946cc5198d,False
final_similarity70_0,similarity70_cluster_0,primary216,42,full_single_task,BIO_6465,CMP_3626e8f507f7fd0a557c,10.1016/j.scitotenv.2016.05.215,BCF,4.34,4.978413146473226,1000f6946cc5198d,False
final_similarity70_0,similarity70_cluster_0,primary216,42,full_single_task,BIO_6472,CMP_277ba9982a59f21d5d1a,10.1016/j.scitotenv.2016.05.215,BCF,5.02,4.745907132160135,1000f6946cc5198d,False
final_similarity70_0,similarity70_cluster_0,primary216,42,full_single_task,BIO_6473,CMP_277ba9982a59f21d5d1a,10.1016/j.scitotenv.2016.05.215,BCF,4.45,4.809316256027181,1000f6946cc5198d,False
final_similarity70_0,similarity70_cluster_0,primary216,42,full_single_task,BIO_6474,CMP_277ba9982a59f21d5d1a,10.1016/j.scitotenv.2016.05.215,BCF,4.28,4.071149441487096,1000f6946cc5198d,False
final_similarity70_0,similarity70_cluster_0,primary216,42,full_single_task,BIO_6475,CMP_277ba9982a59f21d5d1a,10.1016/j.scitotenv.2016.05.215,BCF,3.91,4.033207735845887,1000f6946cc5198d,False
final_similarity70_0,similarity70_cluster_0,primary216,42,full_single_task,BIO_6476,CMP_277ba9982a59f21d5d1a,10.1016/j.scitotenv.2016.05.215,BCF,4.84,4.932253546434892,1000f6946cc5198d,False
final_similarity70_0,similarity70_cluster_0,primary216,42,full_single_task,BIO_6477,CMP_277ba9982a59f21d5d1a,10.1016/j.scitotenv.2016.05.215,BCF,3.91,4.673740752503754,1000f6946cc5198d,False
final_similarity70_0,similarity70_cluster_0,primary216,42,full_single_task,BIO_6495,CMP_ba6c40d3726d16919ab2,10.1016/j.scitotenv.2016.05.215,BCF,4.14,4.011722009581195,1000f6946cc5198d,False
final_similarity70_0,similarity70_cluster_0,primary216,42,full_single_task,BIO_6497,CMP_ba6c40d3726d16919ab2,10.1016/j.scitotenv.2016.05.215,BCF,3.64,3.253438390254055,1000f6946cc5198d,False
final_similarity70_0,similarity70_cluster_0,primary216,42,full_single_task,BIO_6498,CMP_ba6c40d3726d16919ab2,10.1016/j.scitotenv.2016.05.215,BCF,3.63,3.3239988000831664,1000f6946cc5198d,False
final_similarity70_0,similarity70_cluster_0,primary216,42,full_single_task,BIO_6499,CMP_ba6c40d3726d16919ab2,10.1016/j.scitotenv.2016.05.215,BCF,4.31,3.9253440793283048,1000f6946cc5198d,False
final_similarity70_0,similarity70_cluster_0,primary216,42,full_single_task,BIO_6500,CMP_ba6c40d3726d16919ab2,10.1016/j.scitotenv.2016.05.215,BCF,3.81,3.9683715197966216,1000f6946cc5198d,False
final_similarity70_0,similarity70_cluster_0,primary216,42,shuffled_auxiliary_labels,BIO_5789,CMP_5bc76544fcbe477197d1,10.1021/acs.est.6b01197,BAF,4.170000000000001,3.216221608758167,aaafb6427989d3d9,False
final_similarity70_0,similarity70_cluster_0,primary216,42,shuffled_auxiliary_labels,BIO_5790,CMP_5bc76544fcbe477197d1,10.1021/acs.est.6b01197,BAF,1.84,3.0452691582596896,aaafb6427989d3d9,False
final_similarity70_0,similarity70_cluster_0,primary216,42,shuffled_auxiliary_labels,BIO_5791,CMP_5bc76544fcbe477197d1,10.1021/acs.est.6b01197,BAF,4.03,3.335187742114293,aaafb6427989d3d9,False
final_similarity70_0,similarity70_cluster_0,primary216,42,shuffled_auxiliary_labels,BIO_5907,CMP_a97661d9260d026cb14f,10.1021/acs.est.6b01197,BAF,1.98,2.5456759151929504,aaafb6427989d3d9,False
final_similarity70_0,similarity70_cluster_0,primary216,42,shuffled_auxiliary_labels,BIO_5908,CMP_a97661d9260d026cb14f,10.1021/acs.est.6b01197,BAF,2.01,2.532196428989804,aaafb6427989d3d9,False
final_similarity70_0,similarity70_cluster_0,primary216,42,shuffled_auxiliary_labels,BIO_6095,CMP_8e58943e0a19095fb6f4,10.1021/acs.est.6b01197,BAF,3.5800000000000005,3.0473523549709682,aaafb6427989d3d9,False
final_similarity70_0,similarity70_cluster_0,primary216,42,shuffled_auxiliary_labels,BIO_6096,CMP_8e58943e0a19095fb6f4,10.1021/acs.est.6b01197,BAF,3.3500000000000005,3.0878138021211687,aaafb6427989d3d9,False
final_similarity70_0,similarity70_cluster_0,primary216,42,shuffled_auxiliary_labels,BIO_6195,CMP_d156c7f61581a866704b,10.1021/acs.est.6b01197,BAF,2.34,2.797253371995401,aaafb6427989d3d9,False
final_similarity70_0,similarity70_cluster_0,primary216,42,shuffled_auxiliary_labels,BIO_6196,CMP_d156c7f61581a866704b,10.1021/acs.est.6b01197,BAF,2.3000000000000003,2.154600948624836,aaafb6427989d3d9,False
final_similarity70_0,similarity70_cluster_0,primary216,42,shuffled_auxiliary_labels,BIO_6197,CMP_d156c7f61581a866704b,10.1021/acs.est.6b01197,BAF,2.5200000000000005,2.7031743843422875,aaafb6427989d3d9,False
final_similarity70_0,similarity70_cluster_0,primary216,42,shuffled_auxiliary_labels,BIO_6251,CMP_d156c7f61581a866704b,10.1021/acs.est.9b04906,BAF,0.9405164849325672,2.668958240273727,aaafb6427989d3d9,False
final_similarity70_0,similarity70_cluster_0,primary216,42,shuffled_auxiliary_labels,BIO_6506,CMP_ba6c40d3726d16919ab2,10.1021/acs.est.6b01197,BAF,5.340000000000001,3.517534804562475,aaafb6427989d3d9,False
final_similarity70_0,similarity70_cluster_0,primary216,42,shuffled_auxiliary_labels,BIO_6507,CMP_ba6c40d3726d16919ab2,10.1021/acs.est.6b01197,BAF,5.200000000000001,3.471578940842435,aaafb6427989d3d9,False
final_similarity70_0,similarity70_cluster_0,primary216,42,shuffled_auxiliary_labels,BIO_6558,CMP_d156c7f61581a866704b,10.1021/acs.est.7b02399,BAF,1.3010299956639813,2.5612522048382584,aaafb6427989d3d9,False
final_similarity70_0,similarity70_cluster_0,primary216,42,shuffled_auxiliary_labels,BIO_6559,CMP_d156c7f61581a866704b,10.1021/acs.est.7b02399,BAF,2.5538830266438746,2.4184329751950226,aaafb6427989d3d9,False
final_similarity70_0,similarity70_cluster_0,primary216,42,shuffled_auxiliary_labels,BIO_6560,CMP_d156c7f61581a866704b,10.1021/acs.est.7b02399,BAF,2.03342375548695,2.5881546378605176,aaafb6427989d3d9,False
final_similarity70_0,similarity70_cluster_0,primary216,42,shuffled_auxiliary_labels,BIO_6561,CMP_d156c7f61581a866704b,10.1021/acs.est.7b02399,BAF,3.096910013008056,2.5817338762948,aaafb6427989d3d9,False
final_similarity70_0,similarity70_cluster_0,primary216,42,shuffled_auxiliary_labels,BIO_6562,CMP_d156c7f61581a866704b,10.1021/acs.est.7b02399,BAF,2.576341350205793,2.656182327680247,aaafb6427989d3d9,False
final_similarity70_0,similarity70_cluster_0,primary216,42,shuffled_auxiliary_labels,BIO_6563,CMP_d156c7f61581a866704b,10.1021/acs.est.7b02399,BAF,2.660865478003869,2.612602764566188,aaafb6427989d3d9,False
final_similarity70_0,similarity70_cluster_0,primary216,42,shuffled_auxiliary_labels,BIO_6567,CMP_8e58943e0a19095fb6f4,10.1021/acs.est.7b02399,BAF,1.6812412373755872,2.872582657279139,aaafb6427989d3d9,False
final_similarity70_0,similarity70_cluster_0,primary216,42,shuffled_auxiliary_labels,BIO_6568,CMP_8e58943e0a19095fb6f4,10.1021/acs.est.7b02399,BAF,2.6503075231319366,2.727380013008526,aaafb6427989d3d9,False
final_similarity70_0,similarity70_cluster_0,primary216,42,shuffled_auxiliary_labels,BIO_6569,CMP_8e58943e0a19095fb6f4,10.1021/acs.est.7b02399,BAF,2.7860412102425545,2.9703135299601033,aaafb6427989d3d9,False
final_similarity70_0,similarity70_cluster_0,primary216,42,shuffled_auxiliary_labels,BIO_6570,CMP_8e58943e0a19095fb6f4,10.1021/acs.est.7b02399,BAF,3.318063334962761,3.04064678402458,aaafb6427989d3d9,False
final_similarity70_0,similarity70_cluster_0,primary216,42,shuffled_auxiliary_labels,BIO_6571,CMP_8e58943e0a19095fb6f4,10.1021/acs.est.7b02399,BAF,3.1398790864012365,3.0424927017164913,aaafb6427989d3d9,False
final_similarity70_0,similarity70_cluster_0,primary216,42,shuffled_auxiliary_labels,BIO_6572,CMP_8e58943e0a19095fb6f4,10.1021/acs.est.7b02399,BAF,3.752816431188272,2.7220530710646895,aaafb6427989d3d9,False
final_similarity70_0,similarity70_cluster_0,primary216,42,shuffled_auxiliary_labels,BIO_6580,CMP_5bc76544fcbe477197d1,10.1021/acs.est.7b02399,BAF,1.9493900066449128,3.3570561196282487,aaafb6427989d3d9,False
final_similarity70_0,similarity70_cluster_0,primary216,42,shuffled_auxiliary_labels,BIO_6581,CMP_5bc76544fcbe477197d1,10.1021/acs.est.7b02399,BAF,3.103803720955957,3.238995175597382,aaafb6427989d3d9,False
final_similarity70_0,similarity70_cluster_0,primary216,42,shuffled_auxiliary_labels,BIO_6582,CMP_5bc76544fcbe477197d1,10.1021/acs.est.7b02399,BAF,3.3502480183341627,3.177065103017701,aaafb6427989d3d9,False
final_similarity70_0,similarity70_cluster_0,primary216,42,shuffled_auxiliary_labels,BIO_6583,CMP_5bc76544fcbe477197d1,10.1021/acs.est.7b02399,BAF,3.505149978319906,3.2582979698312267,aaafb6427989d3d9,False
final_similarity70_0,similarity70_cluster_0,primary216,42,shuffled_auxiliary_labels,BIO_6584,CMP_5bc76544fcbe477197d1,10.1021/acs.est.7b02399,BAF,3.45484486000851,3.185050327978986,aaafb6427989d3d9,False
final_similarity70_0,similarity70_cluster_0,primary216,42,shuffled_auxiliary_labels,BIO_6585,CMP_5bc76544fcbe477197d1,10.1021/acs.est.7b02399,BAF,3.8674674878590514,3.3044874468303504,aaafb6427989d3d9,False
final_similarity70_0,similarity70_cluster_0,primary216,42,shuffled_auxiliary_labels,BIO_6593,CMP_ba6c40d3726d16919ab2,10.1021/acs.est.7b02399,BAF,3.012837224705172,3.56164009075126,aaafb6427989d3d9,False
final_similarity70_0,similarity70_cluster_0,primary216,42,shuffled_auxiliary_labels,BIO_6594,CMP_ba6c40d3726d16919ab2,10.1021/acs.est.7b02399,BAF,3.840733234611807,3.4992865630376437,aaafb6427989d3d9,False
final_similarity70_0,similarity70_cluster_0,primary216,42,shuffled_auxiliary_labels,BIO_6595,CMP_ba6c40d3726d16919ab2,10.1021/acs.est.7b02399,BAF,3.99563519459755,3.472979315761923,aaafb6427989d3d9,False
final_similarity70_0,similarity70_cluster_0,primary216,42,shuffled_auxiliary_labels,BIO_6596,CMP_ba6c40d3726d16919ab2,10.1021/acs.est.7b02399,BAF,4.44870631990508,3.5185379592435306,aaafb6427989d3d9,False
final_similarity70_0,similarity70_cluster_0,primary216,42,shuffled_auxiliary_labels,BIO_6597,CMP_ba6c40d3726d16919ab2,10.1021/acs.est.7b02399,BAF,4.429752280002408,3.760606843004935,aaafb6427989d3d9,False
final_similarity70_0,similarity70_cluster_0,primary216,42,shuffled_auxiliary_labels,BIO_6598,CMP_ba6c40d3726d16919ab2,10.1021/acs.est.7b02399,BAF,4.515476441382376,3.4627705241955367,aaafb6427989d3d9,False
final_similarity70_0,similarity70_cluster_0,primary216,42,shuffled_auxiliary_labels,BIO_6707,CMP_622f8f0fcc1502149461,10.1021/acs.est.7b02259,BAF,0.9500000000000002,1.2893291740676354,aaafb6427989d3d9,False
final_similarity70_0,similarity70_cluster_0,primary216,42,shuffled_auxiliary_labels,BIO_6708,CMP_622f8f0fcc1502149461,10.1021/acs.est.7b02259,BAF,0.37,1.0096873688354386,aaafb6427989d3d9,False
final_similarity70_0,similarity70_cluster_0,primary216,42,shuffled_auxiliary_labels,BIO_6709,CMP_1e0abf78953775c0134f,10.1021/acs.est.7b02259,BAF,0.56,1.5878301568281827,aaafb6427989d3d9,False
final_similarity70_0,similarity70_cluster_0,primary216,42,shuffled_auxiliary_labels,BIO_6710,CMP_1e0abf78953775c0134f,10.1021/acs.est.7b02259,BAF,0.0099999999999999,1.5156919916580174,aaafb6427989d3d9,False
final_similarity70_0,similarity70_cluster_0,primary216,42,shuffled_auxiliary_labels,BIO_6711,CMP_d645aa79f55e85d0da2e,10.1021/acs.est.7b02259,BAF,0.4900000000000001,2.195229280154722,aaafb6427989d3d9,False
final_similarity70_0,similarity70_cluster_0,primary216,42,shuffled_auxiliary_labels,BIO_6712,CMP_d645aa79f55e85d0da2e,10.1021/acs.est.7b02259,BAF,-0.08,2.2851039122274273,aaafb6427989d3d9,False
final_similarity70_0,similarity70_cluster_0,primary216,42,shuffled_auxiliary_labels,BIO_6713,CMP_a97661d9260d026cb14f,10.1021/acs.est.7b02259,BAF,1.1000000000000003,2.476441637639229,aaafb6427989d3d9,False
final_similarity70_0,similarity70_cluster_0,primary216,42,shuffled_auxiliary_labels,BIO_6714,CMP_a97661d9260d026cb14f,10.1021/acs.est.7b02259,BAF,0.6100000000000001,2.4654789617310646,aaafb6427989d3d9,False
final_similarity70_0,similarity70_cluster_0,primary216,42,shuffled_auxiliary_labels,BIO_6715,CMP_a97661d9260d026cb14f,10.1021/acs.est.7b02259,BAF,-0.2700000000000001,2.358021823847727,aaafb6427989d3d9,False
final_similarity70_0,similarity70_cluster_0,primary216,42,shuffled_auxiliary_labels,BIO_6716,CMP_d156c7f61581a866704b,10.1021/acs.est.7b02259,BAF,1.93,2.868221420440835,aaafb6427989d3d9,False
final_similarity70_0,similarity70_cluster_0,primary216,42,shuffled_auxiliary_labels,BIO_6717,CMP_d156c7f61581a866704b,10.1021/acs.est.7b02259,BAF,1.2400000000000002,2.6874773737923894,aaafb6427989d3d9,False
final_similarity70_0,similarity70_cluster_0,primary216,42,shuffled_auxiliary_labels,BIO_6718,CMP_d156c7f61581a866704b,10.1021/acs.est.7b02259,BAF,0.4599999999999999,2.4806968786652672,aaafb6427989d3d9,False
final_similarity70_0,similarity70_cluster_0,primary216,42,shuffled_auxiliary_labels,BIO_6719,CMP_8e58943e0a19095fb6f4,10.1021/acs.est.7b02259,BAF,3.01,3.081942715204402,aaafb6427989d3d9,False
final_similarity70_0,similarity70_cluster_0,primary216,42,shuffled_auxiliary_labels,BIO_6720,CMP_8e58943e0a19095fb6f4,10.1021/acs.est.7b02259,BAF,2.42,2.8217189575658113,aaafb6427989d3d9,False
final_similarity70_0,similarity70_cluster_0,primary216,42,shuffled_auxiliary_labels,BIO_6721,CMP_8e58943e0a19095fb6f4,10.1021/acs.est.7b02259,BAF,1.6800000000000002,2.678774347178642,aaafb6427989d3d9,False
final_similarity70_0,similarity70_cluster_0,primary216,42,shuffled_auxiliary_labels,BIO_6722,CMP_5bc76544fcbe477197d1,10.1021/acs.est.7b02259,BAF,3.9,3.2754770578171013,aaafb6427989d3d9,False
final_similarity70_0,similarity70_cluster_0,primary216,42,shuffled_auxiliary_labels,BIO_6723,CMP_5bc76544fcbe477197d1,10.1021/acs.est.7b02259,BAF,3.390000000000001,3.219281973779763,aaafb6427989d3d9,False
final_similarity70_0,similarity70_cluster_0,primary216,42,shuffled_auxiliary_labels,BIO_6724,CMP_5bc76544fcbe477197d1,10.1021/acs.est.7b02259,BAF,2.64,2.989086096607857,aaafb6427989d3d9,False
final_similarity70_0,similarity70_cluster_0,primary216,42,shuffled_auxiliary_labels,BIO_6725,CMP_ba6c40d3726d16919ab2,10.1021/acs.est.7b02259,BAF,4.430000000000001,3.549176962107309,aaafb6427989d3d9,False
final_similarity70_0,similarity70_cluster_0,primary216,42,shuffled_auxiliary_labels,BIO_6726,CMP_ba6c40d3726d16919ab2,10.1021/acs.est.7b02259,BAF,3.9100000000000006,3.3942996681214495,aaafb6427989d3d9,False
final_similarity70_0,similarity70_cluster_0,primary216,42,shuffled_auxiliary_labels,BIO_6727,CMP_ba6c40d3726d16919ab2,10.1021/acs.est.7b02259,BAF,3.1700000000000004,3.2756402764565036,aaafb6427989d3d9,False
final_similarity70_0,similarity70_cluster_0,primary216,42,shuffled_auxiliary_labels,BIO_6728,CMP_812738d2ca27e93d42c8,10.1021/acs.est.7b02259,BAF,4.7700000000000005,3.6544964763558374,aaafb6427989d3d9,False
final_similarity70_0,similarity70_cluster_0,primary216,42,shuffled_auxiliary_labels,BIO_6729,CMP_812738d2ca27e93d42c8,10.1021/acs.est.7b02259,BAF,4.32,3.5808224747364705,aaafb6427989d3d9,False
final_similarity70_0,similarity70_cluster_0,primary216,42,shuffled_auxiliary_labels,BIO_6730,CMP_812738d2ca27e93d42c8,10.1021/acs.est.7b02259,BAF,3.620000000000001,3.4282417515054253,aaafb6427989d3d9,False
final_similarity70_0,similarity70_cluster_0,primary216,42,shuffled_auxiliary_labels,BIO_5705,CMP_622f8f0fcc1502149461,10.1016/j.scitotenv.2016.05.215,BCF,2.15,1.2812901985192013,aaafb6427989d3d9,False
final_similarity70_0,similarity70_cluster_0,primary216,42,shuffled_auxiliary_labels,BIO_5706,CMP_622f8f0fcc1502149461,10.1016/j.scitotenv.2016.05.215,BCF,1.8,1.3078751927580345,aaafb6427989d3d9,False
final_similarity70_0,similarity70_cluster_0,primary216,42,shuffled_auxiliary_labels,BIO_5707,CMP_622f8f0fcc1502149461,10.1016/j.scitotenv.2016.05.215,BCF,0.44,0.9940319089084815,aaafb6427989d3d9,False
final_similarity70_0,similarity70_cluster_0,primary216,42,shuffled_auxiliary_labels,BIO_5708,CMP_622f8f0fcc1502149461,10.1016/j.scitotenv.2016.05.215,BCF,1.05,0.9248263417185625,aaafb6427989d3d9,False
final_similarity70_0,similarity70_cluster_0,primary216,42,shuffled_auxiliary_labels,BIO_5709,CMP_622f8f0fcc1502149461,10.1016/j.scitotenv.2016.05.215,BCF,1.06,1.6080429586856702,aaafb6427989d3d9,False
final_similarity70_0,similarity70_cluster_0,primary216,42,shuffled_auxiliary_labels,BIO_5710,CMP_622f8f0fcc1502149461,10.1016/j.scitotenv.2016.05.215,BCF,1.3,1.5998788694618271,aaafb6427989d3d9,False
final_similarity70_0,similarity70_cluster_0,primary216,42,shuffled_auxiliary_labels,BIO_5771,CMP_5bc76544fcbe477197d1,10.1016/j.scitotenv.2016.05.215,BCF,4.04,2.809035161792525,aaafb6427989d3d9,False
final_similarity70_0,similarity70_cluster_0,primary216,42,shuffled_auxiliary_labels,BIO_5772,CMP_5bc76544fcbe477197d1,10.1016/j.scitotenv.2016.05.215,BCF,4.36,2.7720267521742787,aaafb6427989d3d9,False
final_similarity70_0,similarity70_cluster_0,primary216,42,shuffled_auxiliary_labels,BIO_5773,CMP_5bc76544fcbe477197d1,10.1016/j.scitotenv.2016.05.215,BCF,3.41,2.4706317876499995,aaafb6427989d3d9,False
final_similarity70_0,similarity70_cluster_0,primary216,42,shuffled_auxiliary_labels,BIO_5774,CMP_5bc76544fcbe477197d1,10.1016/j.scitotenv.2016.05.215,BCF,3.79,2.4854876974876454,aaafb6427989d3d9,False
final_similarity70_0,similarity70_cluster_0,primary216,42,shuffled_auxiliary_labels,BIO_5775,CMP_5bc76544fcbe477197d1,10.1016/j.scitotenv.2016.05.215,BCF,4.0,2.8579287303771035,aaafb6427989d3d9,False
final_similarity70_0,similarity70_cluster_0,primary216,42,shuffled_auxiliary_labels,BIO_5776,CMP_5bc76544fcbe477197d1,10.1016/j.scitotenv.2016.05.215,BCF,3.99,2.900817128673491,aaafb6427989d3d9,False
final_similarity70_0,similarity70_cluster_0,primary216,42,shuffled_auxiliary_labels,BIO_5862,CMP_812738d2ca27e93d42c8,10.1016/j.scitotenv.2016.05.215,BCF,4.95,2.8355268427998044,aaafb6427989d3d9,False
final_similarity70_0,similarity70_cluster_0,primary216,42,shuffled_auxiliary_labels,BIO_5863,CMP_812738d2ca27e93d42c8,10.1016/j.scitotenv.2016.05.215,BCF,4.66,2.833302331756358,aaafb6427989d3d9,False
final_similarity70_0,similarity70_cluster_0,primary216,42,shuffled_auxiliary_labels,BIO_5864,CMP_812738d2ca27e93d42c8,10.1016/j.scitotenv.2016.05.215,BCF,3.77,2.6067037543994624,aaafb6427989d3d9,False
final_similarity70_0,similarity70_cluster_0,primary216,42,shuffled_auxiliary_labels,BIO_5865,CMP_812738d2ca27e93d42c8,10.1016/j.scitotenv.2016.05.215,BCF,3.66,2.6508036422009535,aaafb6427989d3d9,False
final_similarity70_0,similarity70_cluster_0,primary216,42,shuffled_auxiliary_labels,BIO_5866,CMP_812738d2ca27e93d42c8,10.1016/j.scitotenv.2016.05.215,BCF,4.33,2.897146644524949,aaafb6427989d3d9,False
final_similarity70_0,similarity70_cluster_0,primary216,42,shuffled_auxiliary_labels,BIO_5867,CMP_812738d2ca27e93d42c8,10.1016/j.scitotenv.2016.05.215,BCF,3.65,3.0109258142316335,aaafb6427989d3d9,False
final_similarity70_0,similarity70_cluster_0,primary216,42,shuffled_auxiliary_labels,BIO_5944,CMP_d645aa79f55e85d0da2e,10.1016/j.scitotenv.2016.05.215,BCF,1.73,1.8797856043620587,aaafb6427989d3d9,False
final_similarity70_0,similarity70_cluster_0,primary216,42,shuffled_auxiliary_labels,BIO_5945,CMP_d645aa79f55e85d0da2e,10.1016/j.scitotenv.2016.05.215,BCF,1.7,1.9022963573761706,aaafb6427989d3d9,False
final_similarity70_0,similarity70_cluster_0,primary216,42,shuffled_auxiliary_labels,BIO_5946,CMP_d645aa79f55e85d0da2e,10.1016/j.scitotenv.2016.05.215,BCF,0.75,1.5986913358097365,aaafb6427989d3d9,False
final_similarity70_0,similarity70_cluster_0,primary216,42,shuffled_auxiliary_labels,BIO_5947,CMP_d645aa79f55e85d0da2e,10.1016/j.scitotenv.2016.05.215,BCF,0.67,1.5426980491015825,aaafb6427989d3d9,False
final_similarity70_0,similarity70_cluster_0,primary216,42,shuffled_auxiliary_labels,BIO_5948,CMP_d645aa79f55e85d0da2e,10.1016/j.scitotenv.2016.05.215,BCF,1.02,2.097633474226571,aaafb6427989d3d9,False
final_similarity70_0,similarity70_cluster_0,primary216,42,shuffled_auxiliary_labels,BIO_5949,CMP_d645aa79f55e85d0da2e,10.1016/j.scitotenv.2016.05.215,BCF,1.06,2.0943143607785992,aaafb6427989d3d9,False
final_similarity70_0,similarity70_cluster_0,primary216,42,shuffled_auxiliary_labels,BIO_6077,CMP_8e58943e0a19095fb6f4,10.1016/j.scitotenv.2016.05.215,BCF,3.18,2.5974966715364403,aaafb6427989d3d9,False
final_similarity70_0,similarity70_cluster_0,primary216,42,shuffled_auxiliary_labels,BIO_6078,CMP_8e58943e0a19095fb6f4,10.1016/j.scitotenv.2016.05.215,BCF,3.45,2.60304451149402,aaafb6427989d3d9,False
final_similarity70_0,similarity70_cluster_0,primary216,42,shuffled_auxiliary_labels,BIO_6079,CMP_8e58943e0a19095fb6f4,10.1016/j.scitotenv.2016.05.215,BCF,2.64,2.3116975744052866,aaafb6427989d3d9,False
final_similarity70_0,similarity70_cluster_0,primary216,42,shuffled_auxiliary_labels,BIO_6080,CMP_8e58943e0a19095fb6f4,10.1016/j.scitotenv.2016.05.215,BCF,2.85,2.3119365122114344,aaafb6427989d3d9,False
final_similarity70_0,similarity70_cluster_0,primary216,42,shuffled_auxiliary_labels,BIO_6081,CMP_8e58943e0a19095fb6f4,10.1016/j.scitotenv.2016.05.215,BCF,3.33,2.748253378369703,aaafb6427989d3d9,False
final_similarity70_0,similarity70_cluster_0,primary216,42,shuffled_auxiliary_labels,BIO_6082,CMP_8e58943e0a19095fb6f4,10.1016/j.scitotenv.2016.05.215,BCF,3.37,2.6967234654325924,aaafb6427989d3d9,False
final_similarity70_0,similarity70_cluster_0,primary216,42,shuffled_auxiliary_labels,BIO_6177,CMP_d156c7f61581a866704b,10.1016/j.scitotenv.2016.05.215,BCF,2.39,2.3902818034806335,aaafb6427989d3d9,False
final_similarity70_0,similarity70_cluster_0,primary216,42,shuffled_auxiliary_labels,BIO_6178,CMP_d156c7f61581a866704b,10.1016/j.scitotenv.2016.05.215,BCF,2.43,2.337694592968191,aaafb6427989d3d9,False
final_similarity70_0,similarity70_cluster_0,primary216,42,shuffled_auxiliary_labels,BIO_6179,CMP_d156c7f61581a866704b,10.1016/j.scitotenv.2016.05.215,BCF,1.52,2.072289163983415,aaafb6427989d3d9,False
final_similarity70_0,similarity70_cluster_0,primary216,42,shuffled_auxiliary_labels,BIO_6181,CMP_d156c7f61581a866704b,10.1016/j.scitotenv.2016.05.215,BCF,2.24,2.540196426610549,aaafb6427989d3d9,False
final_similarity70_0,similarity70_cluster_0,primary216,42,shuffled_auxiliary_labels,BIO_6182,CMP_d156c7f61581a866704b,10.1016/j.scitotenv.2016.05.215,BCF,2.02,2.5357708146852573,aaafb6427989d3d9,False
final_similarity70_0,similarity70_cluster_0,primary216,42,shuffled_auxiliary_labels,BIO_6460,CMP_3626e8f507f7fd0a557c,10.1016/j.scitotenv.2016.05.215,BCF,5.56,2.726893652252179,aaafb6427989d3d9,False
final_similarity70_0,similarity70_cluster_0,primary216,42,shuffled_auxiliary_labels,BIO_6461,CMP_3626e8f507f7fd0a557c,10.1016/j.scitotenv.2016.05.215,BCF,4.74,2.730225644017488,aaafb6427989d3d9,False
final_similarity70_0,similarity70_cluster_0,primary216,42,shuffled_auxiliary_labels,BIO_6462,CMP_3626e8f507f7fd0a557c,10.1016/j.scitotenv.2016.05.215,BCF,5.22,2.5807660865988207,aaafb6427989d3d9,False
final_similarity70_0,similarity70_cluster_0,primary216,42,shuffled_auxiliary_labels,BIO_6463,CMP_3626e8f507f7fd0a557c,10.1016/j.scitotenv.2016.05.215,BCF,4.52,2.516158542536003,aaafb6427989d3d9,False
final_similarity70_0,similarity70_cluster_0,primary216,42,shuffled_auxiliary_labels,BIO_6464,CMP_3626e8f507f7fd0a557c,10.1016/j.scitotenv.2016.05.215,BCF,5.5,2.844258505661888,aaafb6427989d3d9,False
final_similarity70_0,similarity70_cluster_0,primary216,42,shuffled_auxiliary_labels,BIO_6465,CMP_3626e8f507f7fd0a557c,10.1016/j.scitotenv.2016.05.215,BCF,4.34,2.846657255973376,aaafb6427989d3d9,False
final_similarity70_0,similarity70_cluster_0,primary216,42,shuffled_auxiliary_labels,BIO_6472,CMP_277ba9982a59f21d5d1a,10.1016/j.scitotenv.2016.05.215,BCF,5.02,2.7981220429394487,aaafb6427989d3d9,False
final_similarity70_0,similarity70_cluster_0,primary216,42,shuffled_auxiliary_labels,BIO_6473,CMP_277ba9982a59f21d5d1a,10.1016/j.scitotenv.2016.05.215,BCF,4.45,2.732800870931809,aaafb6427989d3d9,False
final_similarity70_0,similarity70_cluster_0,primary216,42,shuffled_auxiliary_labels,BIO_6474,CMP_277ba9982a59f21d5d1a,10.1016/j.scitotenv.2016.05.215,BCF,4.28,2.561150813146797,aaafb6427989d3d9,False
final_similarity70_0,similarity70_cluster_0,primary216,42,shuffled_auxiliary_labels,BIO_6475,CMP_277ba9982a59f21d5d1a,10.1016/j.scitotenv.2016.05.215,BCF,3.91,2.5797901584342493,aaafb6427989d3d9,False
final_similarity70_0,similarity70_cluster_0,primary216,42,shuffled_auxiliary_labels,BIO_6476,CMP_277ba9982a59f21d5d1a,10.1016/j.scitotenv.2016.05.215,BCF,4.84,2.799180793418167,aaafb6427989d3d9,False
final_similarity70_0,similarity70_cluster_0,primary216,42,shuffled_auxiliary_labels,BIO_6477,CMP_277ba9982a59f21d5d1a,10.1016/j.scitotenv.2016.05.215,BCF,3.91,2.7992398372290097,aaafb6427989d3d9,False
final_similarity70_0,similarity70_cluster_0,primary216,42,shuffled_auxiliary_labels,BIO_6495,CMP_ba6c40d3726d16919ab2,10.1016/j.scitotenv.2016.05.215,BCF,4.14,2.7896037999888312,aaafb6427989d3d9,False
final_similarity70_0,similarity70_cluster_0,primary216,42,shuffled_auxiliary_labels,BIO_6497,CMP_ba6c40d3726d16919ab2,10.1016/j.scitotenv.2016.05.215,BCF,3.64,2.583870688752501,aaafb6427989d3d9,False
final_similarity70_0,similarity70_cluster_0,primary216,42,shuffled_auxiliary_labels,BIO_6498,CMP_ba6c40d3726d16919ab2,10.1016/j.scitotenv.2016.05.215,BCF,3.63,2.59993795849354,aaafb6427989d3d9,False
final_similarity70_0,similarity70_cluster_0,primary216,42,shuffled_auxiliary_labels,BIO_6499,CMP_ba6c40d3726d16919ab2,10.1016/j.scitotenv.2016.05.215,BCF,4.31,2.9469374934992585,aaafb6427989d3d9,False
final_similarity70_0,similarity70_cluster_0,primary216,42,shuffled_auxiliary_labels,BIO_6500,CMP_ba6c40d3726d16919ab2,10.1016/j.scitotenv.2016.05.215,BCF,3.81,2.9173610189365764,aaafb6427989d3d9,False
final_similarity70_0,similarity70_cluster_0,primary216,42,simple_graph_context,BIO_5789,CMP_5bc76544fcbe477197d1,10.1021/acs.est.6b01197,BAF,4.170000000000001,3.6362838745117188,,False
final_similarity70_0,similarity70_cluster_0,primary216,42,simple_graph_context,BIO_5790,CMP_5bc76544fcbe477197d1,10.1021/acs.est.6b01197,BAF,1.84,3.3012359142303467,,False
final_similarity70_0,similarity70_cluster_0,primary216,42,simple_graph_context,BIO_5791,CMP_5bc76544fcbe477197d1,10.1021/acs.est.6b01197,BAF,4.03,3.6362838745117188,,False
final_similarity70_0,similarity70_cluster_0,primary216,42,simple_graph_context,BIO_5907,CMP_a97661d9260d026cb14f,10.1021/acs.est.6b01197,BAF,1.98,2.1321909427642822,,False
final_similarity70_0,similarity70_cluster_0,primary216,42,simple_graph_context,BIO_5908,CMP_a97661d9260d026cb14f,10.1021/acs.est.6b01197,BAF,2.01,2.1321909427642822,,False
final_similarity70_0,similarity70_cluster_0,primary216,42,simple_graph_context,BIO_6095,CMP_8e58943e0a19095fb6f4,10.1021/acs.est.6b01197,BAF,3.5800000000000005,3.1349196434020996,,False
final_similarity70_0,similarity70_cluster_0,primary216,42,simple_graph_context,BIO_6096,CMP_8e58943e0a19095fb6f4,10.1021/acs.est.6b01197,BAF,3.3500000000000005,3.1349196434020996,,False
final_similarity70_0,similarity70_cluster_0,primary216,42,simple_graph_context,BIO_6195,CMP_d156c7f61581a866704b,10.1021/acs.est.6b01197,BAF,2.34,2.6335551738739014,,False
final_similarity70_0,similarity70_cluster_0,primary216,42,simple_graph_context,BIO_6196,CMP_d156c7f61581a866704b,10.1021/acs.est.6b01197,BAF,2.3000000000000003,2.2985072135925293,,False
final_similarity70_0,similarity70_cluster_0,primary216,42,simple_graph_context,BIO_6197,CMP_d156c7f61581a866704b,10.1021/acs.est.6b01197,BAF,2.5200000000000005,2.6335551738739014,,False
final_similarity70_0,similarity70_cluster_0,primary216,42,simple_graph_context,BIO_6251,CMP_d156c7f61581a866704b,10.1021/acs.est.9b04906,BAF,0.9405164849325672,2.7009153366088867,,False
final_similarity70_0,similarity70_cluster_0,primary216,42,simple_graph_context,BIO_6506,CMP_ba6c40d3726d16919ab2,10.1021/acs.est.6b01197,BAF,5.340000000000001,4.137648105621338,,False
final_similarity70_0,similarity70_cluster_0,primary216,42,simple_graph_context,BIO_6507,CMP_ba6c40d3726d16919ab2,10.1021/acs.est.6b01197,BAF,5.200000000000001,4.137648105621338,,False
final_similarity70_0,similarity70_cluster_0,primary216,42,simple_graph_context,BIO_6558,CMP_d156c7f61581a866704b,10.1021/acs.est.7b02399,BAF,1.3010299956639813,2.6499459743499756,,False
final_similarity70_0,similarity70_cluster_0,primary216,42,simple_graph_context,BIO_6559,CMP_d156c7f61581a866704b,10.1021/acs.est.7b02399,BAF,2.5538830266438746,2.6499459743499756,,False
final_similarity70_0,similarity70_cluster_0,primary216,42,simple_graph_context,BIO_6560,CMP_d156c7f61581a866704b,10.1021/acs.est.7b02399,BAF,2.03342375548695,2.6499459743499756,,False
final_similarity70_0,similarity70_cluster_0,primary216,42,simple_graph_context,BIO_6561,CMP_d156c7f61581a866704b,10.1021/acs.est.7b02399,BAF,3.096910013008056,2.6499459743499756,,False
final_similarity70_0,similarity70_cluster_0,primary216,42,simple_graph_context,BIO_6562,CMP_d156c7f61581a866704b,10.1021/acs.est.7b02399,BAF,2.576341350205793,2.6499459743499756,,False
final_similarity70_0,similarity70_cluster_0,primary216,42,simple_graph_context,BIO_6563,CMP_d156c7f61581a866704b,10.1021/acs.est.7b02399,BAF,2.660865478003869,2.6499459743499756,,False
final_similarity70_0,similarity70_cluster_0,primary216,42,simple_graph_context,BIO_6567,CMP_8e58943e0a19095fb6f4,10.1021/acs.est.7b02399,BAF,1.6812412373755872,3.1513102054595947,,False
final_similarity70_0,similarity70_cluster_0,primary216,42,simple_graph_context,BIO_6568,CMP_8e58943e0a19095fb6f4,10.1021/acs.est.7b02399,BAF,2.6503075231319366,3.1513102054595947,,False
final_similarity70_0,similarity70_cluster_0,primary216,42,simple_graph_context,BIO_6569,CMP_8e58943e0a19095fb6f4,10.1021/acs.est.7b02399,BAF,2.7860412102425545,3.1513102054595947,,False
final_similarity70_0,similarity70_cluster_0,primary216,42,simple_graph_context,BIO_6570,CMP_8e58943e0a19095fb6f4,10.1021/acs.est.7b02399,BAF,3.318063334962761,3.1513102054595947,,False
final_similarity70_0,similarity70_cluster_0,primary216,42,simple_graph_context,BIO_6571,CMP_8e58943e0a19095fb6f4,10.1021/acs.est.7b02399,BAF,3.1398790864012365,3.1513102054595947,,False
final_similarity70_0,similarity70_cluster_0,primary216,42,simple_graph_context,BIO_6572,CMP_8e58943e0a19095fb6f4,10.1021/acs.est.7b02399,BAF,3.752816431188272,3.1513102054595947,,False
final_similarity70_0,similarity70_cluster_0,primary216,42,simple_graph_context,BIO_6580,CMP_5bc76544fcbe477197d1,10.1021/acs.est.7b02399,BAF,1.9493900066449128,3.652674674987793,,False
final_similarity70_0,similarity70_cluster_0,primary216,42,simple_graph_context,BIO_6581,CMP_5bc76544fcbe477197d1,10.1021/acs.est.7b02399,BAF,3.103803720955957,3.652674674987793,,False
final_similarity70_0,similarity70_cluster_0,primary216,42,simple_graph_context,BIO_6582,CMP_5bc76544fcbe477197d1,10.1021/acs.est.7b02399,BAF,3.3502480183341627,3.652674674987793,,False
final_similarity70_0,similarity70_cluster_0,primary216,42,simple_graph_context,BIO_6583,CMP_5bc76544fcbe477197d1,10.1021/acs.est.7b02399,BAF,3.505149978319906,3.652674674987793,,False
final_similarity70_0,similarity70_cluster_0,primary216,42,simple_graph_context,BIO_6584,CMP_5bc76544fcbe477197d1,10.1021/acs.est.7b02399,BAF,3.45484486000851,3.652674674987793,,False
final_similarity70_0,similarity70_cluster_0,primary216,42,simple_graph_context,BIO_6585,CMP_5bc76544fcbe477197d1,10.1021/acs.est.7b02399,BAF,3.8674674878590514,3.652674674987793,,False
final_similarity70_0,similarity70_cluster_0,primary216,42,simple_graph_context,BIO_6593,CMP_ba6c40d3726d16919ab2,10.1021/acs.est.7b02399,BAF,3.012837224705172,4.154038906097412,,False
final_similarity70_0,similarity70_cluster_0,primary216,42,simple_graph_context,BIO_6594,CMP_ba6c40d3726d16919ab2,10.1021/acs.est.7b02399,BAF,3.840733234611807,4.154038906097412,,False
final_similarity70_0,similarity70_cluster_0,primary216,42,simple_graph_context,BIO_6595,CMP_ba6c40d3726d16919ab2,10.1021/acs.est.7b02399,BAF,3.99563519459755,4.154038906097412,,False
final_similarity70_0,similarity70_cluster_0,primary216,42,simple_graph_context,BIO_6596,CMP_ba6c40d3726d16919ab2,10.1021/acs.est.7b02399,BAF,4.44870631990508,4.154038906097412,,False
final_similarity70_0,similarity70_cluster_0,primary216,42,simple_graph_context,BIO_6597,CMP_ba6c40d3726d16919ab2,10.1021/acs.est.7b02399,BAF,4.429752280002408,4.154038906097412,,False
final_similarity70_0,similarity70_cluster_0,primary216,42,simple_graph_context,BIO_6598,CMP_ba6c40d3726d16919ab2,10.1021/acs.est.7b02399,BAF,4.515476441382376,4.154038906097412,,False
final_similarity70_0,similarity70_cluster_0,primary216,42,simple_graph_context,BIO_6707,CMP_622f8f0fcc1502149461,10.1021/acs.est.7b02259,BAF,0.9500000000000002,0.7673957347869873,,False
final_similarity70_0,similarity70_cluster_0,primary216,42,simple_graph_context,BIO_6708,CMP_622f8f0fcc1502149461,10.1021/acs.est.7b02259,BAF,0.37,0.6517329216003418,,False
final_similarity70_0,similarity70_cluster_0,primary216,42,simple_graph_context,BIO_6709,CMP_1e0abf78953775c0134f,10.1021/acs.est.7b02259,BAF,0.56,1.2687599658966064,,False
final_similarity70_0,similarity70_cluster_0,primary216,42,simple_graph_context,BIO_6710,CMP_1e0abf78953775c0134f,10.1021/acs.est.7b02259,BAF,0.0099999999999999,1.153097152709961,,False
final_similarity70_0,similarity70_cluster_0,primary216,42,simple_graph_context,BIO_6711,CMP_d645aa79f55e85d0da2e,10.1021/acs.est.7b02259,BAF,0.4900000000000001,1.7701243162155151,,False
final_similarity70_0,similarity70_cluster_0,primary216,42,simple_graph_context,BIO_6712,CMP_d645aa79f55e85d0da2e,10.1021/acs.est.7b02259,BAF,-0.08,1.65446138381958,,False
final_similarity70_0,similarity70_cluster_0,primary216,42,simple_graph_context,BIO_6713,CMP_a97661d9260d026cb14f,10.1021/acs.est.7b02259,BAF,1.1000000000000003,2.271488666534424,,False
final_similarity70_0,similarity70_cluster_0,primary216,42,simple_graph_context,BIO_6714,CMP_a97661d9260d026cb14f,10.1021/acs.est.7b02259,BAF,0.6100000000000001,2.155825614929199,,False
final_similarity70_0,similarity70_cluster_0,primary216,42,simple_graph_context,BIO_6715,CMP_a97661d9260d026cb14f,10.1021/acs.est.7b02259,BAF,-0.2700000000000001,1.8287184238433838,,False
final_similarity70_0,similarity70_cluster_0,primary216,42,simple_graph_context,BIO_6716,CMP_d156c7f61581a866704b,10.1021/acs.est.7b02259,BAF,1.93,2.772852897644043,,False
final_similarity70_0,similarity70_cluster_0,primary216,42,simple_graph_context,BIO_6717,CMP_d156c7f61581a866704b,10.1021/acs.est.7b02259,BAF,1.2400000000000002,2.6571898460388184,,False
final_similarity70_0,similarity70_cluster_0,primary216,42,simple_graph_context,BIO_6718,CMP_d156c7f61581a866704b,10.1021/acs.est.7b02259,BAF,0.4599999999999999,2.330082893371582,,False
final_similarity70_0,similarity70_cluster_0,primary216,42,simple_graph_context,BIO_6719,CMP_8e58943e0a19095fb6f4,10.1021/acs.est.7b02259,BAF,3.01,3.274217128753662,,False
final_similarity70_0,similarity70_cluster_0,primary216,42,simple_graph_context,BIO_6720,CMP_8e58943e0a19095fb6f4,10.1021/acs.est.7b02259,BAF,2.42,3.1585543155670166,,False
final_similarity70_0,similarity70_cluster_0,primary216,42,simple_graph_context,BIO_6721,CMP_8e58943e0a19095fb6f4,10.1021/acs.est.7b02259,BAF,1.6800000000000002,2.831447124481201,,False
final_similarity70_0,similarity70_cluster_0,primary216,42,simple_graph_context,BIO_6722,CMP_5bc76544fcbe477197d1,10.1021/acs.est.7b02259,BAF,3.9,3.7755813598632812,,False
final_similarity70_0,similarity70_cluster_0,primary216,42,simple_graph_context,BIO_6723,CMP_5bc76544fcbe477197d1,10.1021/acs.est.7b02259,BAF,3.390000000000001,3.6599185466766357,,False
final_similarity70_0,similarity70_cluster_0,primary216,42,simple_graph_context,BIO_6724,CMP_5bc76544fcbe477197d1,10.1021/acs.est.7b02259,BAF,2.64,3.3328113555908203,,False
final_similarity70_0,similarity70_cluster_0,primary216,42,simple_graph_context,BIO_6725,CMP_ba6c40d3726d16919ab2,10.1021/acs.est.7b02259,BAF,4.430000000000001,4.2769455909729,,False
final_similarity70_0,similarity70_cluster_0,primary216,42,simple_graph_context,BIO_6726,CMP_ba6c40d3726d16919ab2,10.1021/acs.est.7b02259,BAF,3.9100000000000006,4.161282539367676,,False
final_similarity70_0,similarity70_cluster_0,primary216,42,simple_graph_context,BIO_6727,CMP_ba6c40d3726d16919ab2,10.1021/acs.est.7b02259,BAF,3.1700000000000004,3.8341755867004395,,False
final_similarity70_0,similarity70_cluster_0,primary216,42,simple_graph_context,BIO_6728,CMP_812738d2ca27e93d42c8,10.1021/acs.est.7b02259,BAF,4.7700000000000005,4.7783098220825195,,False
final_similarity70_0,similarity70_cluster_0,primary216,42,simple_graph_context,BIO_6729,CMP_812738d2ca27e93d42c8,10.1021/acs.est.7b02259,BAF,4.32,4.662647247314453,,False
final_similarity70_0,similarity70_cluster_0,primary216,42,simple_graph_context,BIO_6730,CMP_812738d2ca27e93d42c8,10.1021/acs.est.7b02259,BAF,3.620000000000001,4.335539817810059,,False
final_similarity70_0,similarity70_cluster_0,primary216,42,extra_trees_structure_context,BIO_5789,CMP_5bc76544fcbe477197d1,10.1021/acs.est.6b01197,BAF,4.170000000000001,3.761130521935364,,False
final_similarity70_0,similarity70_cluster_0,primary216,42,extra_trees_structure_context,BIO_5790,CMP_5bc76544fcbe477197d1,10.1021/acs.est.6b01197,BAF,1.84,3.543396210098103,,False
final_similarity70_0,similarity70_cluster_0,primary216,42,extra_trees_structure_context,BIO_5791,CMP_5bc76544fcbe477197d1,10.1021/acs.est.6b01197,BAF,4.03,3.761130521935364,,False
final_similarity70_0,similarity70_cluster_0,primary216,42,extra_trees_structure_context,BIO_5907,CMP_a97661d9260d026cb14f,10.1021/acs.est.6b01197,BAF,1.98,2.3547587160872747,,False
final_similarity70_0,similarity70_cluster_0,primary216,42,extra_trees_structure_context,BIO_5908,CMP_a97661d9260d026cb14f,10.1021/acs.est.6b01197,BAF,2.01,2.3547587160872747,,False
final_similarity70_0,similarity70_cluster_0,primary216,42,extra_trees_structure_context,BIO_6095,CMP_8e58943e0a19095fb6f4,10.1021/acs.est.6b01197,BAF,3.5800000000000005,3.635834639586728,,False
final_similarity70_0,similarity70_cluster_0,primary216,42,extra_trees_structure_context,BIO_6096,CMP_8e58943e0a19095fb6f4,10.1021/acs.est.6b01197,BAF,3.3500000000000005,3.635834639586728,,False
final_similarity70_0,similarity70_cluster_0,primary216,42,extra_trees_structure_context,BIO_6195,CMP_d156c7f61581a866704b,10.1021/acs.est.6b01197,BAF,2.34,3.1625866387896093,,False
final_similarity70_0,similarity70_cluster_0,primary216,42,extra_trees_structure_context,BIO_6196,CMP_d156c7f61581a866704b,10.1021/acs.est.6b01197,BAF,2.3000000000000003,2.930230565287568,,False
final_similarity70_0,similarity70_cluster_0,primary216,42,extra_trees_structure_context,BIO_6197,CMP_d156c7f61581a866704b,10.1021/acs.est.6b01197,BAF,2.5200000000000005,3.1625866387896093,,False
final_similarity70_0,similarity70_cluster_0,primary216,42,extra_trees_structure_context,BIO_6251,CMP_d156c7f61581a866704b,10.1021/acs.est.9b04906,BAF,0.9405164849325672,3.3413515838450127,,False
final_similarity70_0,similarity70_cluster_0,primary216,42,extra_trees_structure_context,BIO_6506,CMP_ba6c40d3726d16919ab2,10.1021/acs.est.6b01197,BAF,5.340000000000001,3.778670024075665,,False
final_similarity70_0,similarity70_cluster_0,primary216,42,extra_trees_structure_context,BIO_6507,CMP_ba6c40d3726d16919ab2,10.1021/acs.est.6b01197,BAF,5.200000000000001,3.778670024075665,,False
final_similarity70_0,similarity70_cluster_0,primary216,42,extra_trees_structure_context,BIO_6558,CMP_d156c7f61581a866704b,10.1021/acs.est.7b02399,BAF,1.3010299956639813,3.149470932639642,,False
final_similarity70_0,similarity70_cluster_0,primary216,42,extra_trees_structure_context,BIO_6559,CMP_d156c7f61581a866704b,10.1021/acs.est.7b02399,BAF,2.5538830266438746,3.149470932639642,,False
final_similarity70_0,similarity70_cluster_0,primary216,42,extra_trees_structure_context,BIO_6560,CMP_d156c7f61581a866704b,10.1021/acs.est.7b02399,BAF,2.03342375548695,3.149470932639642,,False
final_similarity70_0,similarity70_cluster_0,primary216,42,extra_trees_structure_context,BIO_6561,CMP_d156c7f61581a866704b,10.1021/acs.est.7b02399,BAF,3.096910013008056,3.149470932639642,,False
final_similarity70_0,similarity70_cluster_0,primary216,42,extra_trees_structure_context,BIO_6562,CMP_d156c7f61581a866704b,10.1021/acs.est.7b02399,BAF,2.576341350205793,3.149470932639642,,False
final_similarity70_0,similarity70_cluster_0,primary216,42,extra_trees_structure_context,BIO_6563,CMP_d156c7f61581a866704b,10.1021/acs.est.7b02399,BAF,2.660865478003869,3.149470932639642,,False
final_similarity70_0,similarity70_cluster_0,primary216,42,extra_trees_structure_context,BIO_6567,CMP_8e58943e0a19095fb6f4,10.1021/acs.est.7b02399,BAF,1.6812412373755872,3.75716090354089,,False
final_similarity70_0,similarity70_cluster_0,primary216,42,extra_trees_structure_context,BIO_6568,CMP_8e58943e0a19095fb6f4,10.1021/acs.est.7b02399,BAF,2.6503075231319366,3.75716090354089,,False
final_similarity70_0,similarity70_cluster_0,primary216,42,extra_trees_structure_context,BIO_6569,CMP_8e58943e0a19095fb6f4,10.1021/acs.est.7b02399,BAF,2.7860412102425545,3.75716090354089,,False
final_similarity70_0,similarity70_cluster_0,primary216,42,extra_trees_structure_context,BIO_6570,CMP_8e58943e0a19095fb6f4,10.1021/acs.est.7b02399,BAF,3.318063334962761,3.75716090354089,,False
final_similarity70_0,similarity70_cluster_0,primary216,42,extra_trees_structure_context,BIO_6571,CMP_8e58943e0a19095fb6f4,10.1021/acs.est.7b02399,BAF,3.1398790864012365,3.75716090354089,,False
final_similarity70_0,similarity70_cluster_0,primary216,42,extra_trees_structure_context,BIO_6572,CMP_8e58943e0a19095fb6f4,10.1021/acs.est.7b02399,BAF,3.752816431188272,3.75716090354089,,False
final_similarity70_0,similarity70_cluster_0,primary216,42,extra_trees_structure_context,BIO_6580,CMP_5bc76544fcbe477197d1,10.1021/acs.est.7b02399,BAF,1.9493900066449128,3.948988287508111,,False
final_similarity70_0,similarity70_cluster_0,primary216,42,extra_trees_structure_context,BIO_6581,CMP_5bc76544fcbe477197d1,10.1021/acs.est.7b02399,BAF,3.103803720955957,3.948988287508111,,False
final_similarity70_0,similarity70_cluster_0,primary216,42,extra_trees_structure_context,BIO_6582,CMP_5bc76544fcbe477197d1,10.1021/acs.est.7b02399,BAF,3.3502480183341627,3.948988287508111,,False
final_similarity70_0,similarity70_cluster_0,primary216,42,extra_trees_structure_context,BIO_6583,CMP_5bc76544fcbe477197d1,10.1021/acs.est.7b02399,BAF,3.505149978319906,3.948988287508111,,False
final_similarity70_0,similarity70_cluster_0,primary216,42,extra_trees_structure_context,BIO_6584,CMP_5bc76544fcbe477197d1,10.1021/acs.est.7b02399,BAF,3.45484486000851,3.948988287508111,,False
final_similarity70_0,similarity70_cluster_0,primary216,42,extra_trees_structure_context,BIO_6585,CMP_5bc76544fcbe477197d1,10.1021/acs.est.7b02399,BAF,3.8674674878590514,3.948988287508111,,False
final_similarity70_0,similarity70_cluster_0,primary216,42,extra_trees_structure_context,BIO_6593,CMP_ba6c40d3726d16919ab2,10.1021/acs.est.7b02399,BAF,3.012837224705172,3.9618280109860953,,False
final_similarity70_0,similarity70_cluster_0,primary216,42,extra_trees_structure_context,BIO_6594,CMP_ba6c40d3726d16919ab2,10.1021/acs.est.7b02399,BAF,3.840733234611807,3.9618280109860953,,False
final_similarity70_0,similarity70_cluster_0,primary216,42,extra_trees_structure_context,BIO_6595,CMP_ba6c40d3726d16919ab2,10.1021/acs.est.7b02399,BAF,3.99563519459755,3.9618280109860953,,False
final_similarity70_0,similarity70_cluster_0,primary216,42,extra_trees_structure_context,BIO_6596,CMP_ba6c40d3726d16919ab2,10.1021/acs.est.7b02399,BAF,4.44870631990508,3.9618280109860953,,False
final_similarity70_0,similarity70_cluster_0,primary216,42,extra_trees_structure_context,BIO_6597,CMP_ba6c40d3726d16919ab2,10.1021/acs.est.7b02399,BAF,4.429752280002408,3.9618280109860953,,False
final_similarity70_0,similarity70_cluster_0,primary216,42,extra_trees_structure_context,BIO_6598,CMP_ba6c40d3726d16919ab2,10.1021/acs.est.7b02399,BAF,4.515476441382376,3.9618280109860953,,False
final_similarity70_0,similarity70_cluster_0,primary216,42,extra_trees_structure_context,BIO_6707,CMP_622f8f0fcc1502149461,10.1021/acs.est.7b02259,BAF,0.9500000000000002,0.8091666666666688,,False
final_similarity70_0,similarity70_cluster_0,primary216,42,extra_trees_structure_context,BIO_6708,CMP_622f8f0fcc1502149461,10.1021/acs.est.7b02259,BAF,0.37,0.8091666666666688,,False
final_similarity70_0,similarity70_cluster_0,primary216,42,extra_trees_structure_context,BIO_6709,CMP_1e0abf78953775c0134f,10.1021/acs.est.7b02259,BAF,0.56,0.8091666666666688,,False
final_similarity70_0,similarity70_cluster_0,primary216,42,extra_trees_structure_context,BIO_6710,CMP_1e0abf78953775c0134f,10.1021/acs.est.7b02259,BAF,0.0099999999999999,0.8091666666666688,,False
final_similarity70_0,similarity70_cluster_0,primary216,42,extra_trees_structure_context,BIO_6711,CMP_d645aa79f55e85d0da2e,10.1021/acs.est.7b02259,BAF,0.4900000000000001,1.2722314051061914,,False
final_similarity70_0,similarity70_cluster_0,primary216,42,extra_trees_structure_context,BIO_6712,CMP_d645aa79f55e85d0da2e,10.1021/acs.est.7b02259,BAF,-0.08,1.2722314051061914,,False
final_similarity70_0,similarity70_cluster_0,primary216,42,extra_trees_structure_context,BIO_6713,CMP_a97661d9260d026cb14f,10.1021/acs.est.7b02259,BAF,1.1000000000000003,2.3033156149117673,,False
final_similarity70_0,similarity70_cluster_0,primary216,42,extra_trees_structure_context,BIO_6714,CMP_a97661d9260d026cb14f,10.1021/acs.est.7b02259,BAF,0.6100000000000001,2.3033156149117673,,False
final_similarity70_0,similarity70_cluster_0,primary216,42,extra_trees_structure_context,BIO_6715,CMP_a97661d9260d026cb14f,10.1021/acs.est.7b02259,BAF,-0.2700000000000001,2.3033156149117673,,False
final_similarity70_0,similarity70_cluster_0,primary216,42,extra_trees_structure_context,BIO_6716,CMP_d156c7f61581a866704b,10.1021/acs.est.7b02259,BAF,1.93,3.4087963646632162,,False
final_similarity70_0,similarity70_cluster_0,primary216,42,extra_trees_structure_context,BIO_6717,CMP_d156c7f61581a866704b,10.1021/acs.est.7b02259,BAF,1.2400000000000002,3.3258150484410867,,False
final_similarity70_0,similarity70_cluster_0,primary216,42,extra_trees_structure_context,BIO_6718,CMP_d156c7f61581a866704b,10.1021/acs.est.7b02259,BAF,0.4599999999999999,3.030678957455302,,False
final_similarity70_0,similarity70_cluster_0,primary216,42,extra_trees_structure_context,BIO_6719,CMP_8e58943e0a19095fb6f4,10.1021/acs.est.7b02259,BAF,3.01,4.0324474789647375,,False
final_similarity70_0,similarity70_cluster_0,primary216,42,extra_trees_structure_context,BIO_6720,CMP_8e58943e0a19095fb6f4,10.1021/acs.est.7b02259,BAF,2.42,3.8748277797534345,,False
final_similarity70_0,similarity70_cluster_0,primary216,42,extra_trees_structure_context,BIO_6721,CMP_8e58943e0a19095fb6f4,10.1021/acs.est.7b02259,BAF,1.6800000000000002,3.2834119273097486,,False
final_similarity70_0,similarity70_cluster_0,primary216,42,extra_trees_structure_context,BIO_6722,CMP_5bc76544fcbe477197d1,10.1021/acs.est.7b02259,BAF,3.9,4.219149837099566,,False
final_similarity70_0,similarity70_cluster_0,primary216,42,extra_trees_structure_context,BIO_6723,CMP_5bc76544fcbe477197d1,10.1021/acs.est.7b02259,BAF,3.390000000000001,4.037099664342054,,False
final_similarity70_0,similarity70_cluster_0,primary216,42,extra_trees_structure_context,BIO_6724,CMP_5bc76544fcbe477197d1,10.1021/acs.est.7b02259,BAF,2.64,3.370748882564674,,False
final_similarity70_0,similarity70_cluster_0,primary216,42,extra_trees_structure_context,BIO_6725,CMP_ba6c40d3726d16919ab2,10.1021/acs.est.7b02259,BAF,4.430000000000001,4.231907793238326,,False
final_similarity70_0,similarity70_cluster_0,primary216,42,extra_trees_structure_context,BIO_6726,CMP_ba6c40d3726d16919ab2,10.1021/acs.est.7b02259,BAF,3.9100000000000006,4.047457957490619,,False
final_similarity70_0,similarity70_cluster_0,primary216,42,extra_trees_structure_context,BIO_6727,CMP_ba6c40d3726d16919ab2,10.1021/acs.est.7b02259,BAF,3.1700000000000004,3.3790301325646737,,False
final_similarity70_0,similarity70_cluster_0,primary216,42,extra_trees_structure_context,BIO_6728,CMP_812738d2ca27e93d42c8,10.1021/acs.est.7b02259,BAF,4.7700000000000005,4.239980709904993,,False
final_similarity70_0,similarity70_cluster_0,primary216,42,extra_trees_structure_context,BIO_6729,CMP_812738d2ca27e93d42c8,10.1021/acs.est.7b02259,BAF,4.32,4.055530874157285,,False
final_similarity70_0,similarity70_cluster_0,primary216,42,extra_trees_structure_context,BIO_6730,CMP_812738d2ca27e93d42c8,10.1021/acs.est.7b02259,BAF,3.620000000000001,3.3871030492313405,,False
final_similarity70_0,similarity70_cluster_0,primary216,42,hist_gradient_structure_context,BIO_5789,CMP_5bc76544fcbe477197d1,10.1021/acs.est.6b01197,BAF,4.170000000000001,4.5165968249041715,,False
final_similarity70_0,similarity70_cluster_0,primary216,42,hist_gradient_structure_context,BIO_5790,CMP_5bc76544fcbe477197d1,10.1021/acs.est.6b01197,BAF,1.84,4.388362426331151,,False
final_similarity70_0,similarity70_cluster_0,primary216,42,hist_gradient_structure_context,BIO_5791,CMP_5bc76544fcbe477197d1,10.1021/acs.est.6b01197,BAF,4.03,4.5165968249041715,,False
final_similarity70_0,similarity70_cluster_0,primary216,42,hist_gradient_structure_context,BIO_5907,CMP_a97661d9260d026cb14f,10.1021/acs.est.6b01197,BAF,1.98,2.3652236800183024,,False
final_similarity70_0,similarity70_cluster_0,primary216,42,hist_gradient_structure_context,BIO_5908,CMP_a97661d9260d026cb14f,10.1021/acs.est.6b01197,BAF,2.01,2.3652236800183024,,False
final_similarity70_0,similarity70_cluster_0,primary216,42,hist_gradient_structure_context,BIO_6095,CMP_8e58943e0a19095fb6f4,10.1021/acs.est.6b01197,BAF,3.5800000000000005,3.125996304129296,,False
final_similarity70_0,similarity70_cluster_0,primary216,42,hist_gradient_structure_context,BIO_6096,CMP_8e58943e0a19095fb6f4,10.1021/acs.est.6b01197,BAF,3.3500000000000005,3.125996304129296,,False
final_similarity70_0,similarity70_cluster_0,primary216,42,hist_gradient_structure_context,BIO_6195,CMP_d156c7f61581a866704b,10.1021/acs.est.6b01197,BAF,2.34,2.5483771387395473,,False
final_similarity70_0,similarity70_cluster_0,primary216,42,hist_gradient_structure_context,BIO_6196,CMP_d156c7f61581a866704b,10.1021/acs.est.6b01197,BAF,2.3000000000000003,2.420142740166526,,False
final_similarity70_0,similarity70_cluster_0,primary216,42,hist_gradient_structure_context,BIO_6197,CMP_d156c7f61581a866704b,10.1021/acs.est.6b01197,BAF,2.5200000000000005,2.5483771387395473,,False
final_similarity70_0,similarity70_cluster_0,primary216,42,hist_gradient_structure_context,BIO_6251,CMP_d156c7f61581a866704b,10.1021/acs.est.9b04906,BAF,0.9405164849325672,2.580578625081203,,False
final_similarity70_0,similarity70_cluster_0,primary216,42,hist_gradient_structure_context,BIO_6506,CMP_ba6c40d3726d16919ab2,10.1021/acs.est.6b01197,BAF,5.340000000000001,4.5165968249041715,,False
final_similarity70_0,similarity70_cluster_0,primary216,42,hist_gradient_structure_context,BIO_6507,CMP_ba6c40d3726d16919ab2,10.1021/acs.est.6b01197,BAF,5.200000000000001,4.5165968249041715,,False
final_similarity70_0,similarity70_cluster_0,primary216,42,hist_gradient_structure_context,BIO_6558,CMP_d156c7f61581a866704b,10.1021/acs.est.7b02399,BAF,1.3010299956639813,2.420142740166526,,False
final_similarity70_0,similarity70_cluster_0,primary216,42,hist_gradient_structure_context,BIO_6559,CMP_d156c7f61581a866704b,10.1021/acs.est.7b02399,BAF,2.5538830266438746,2.420142740166526,,False
final_similarity70_0,similarity70_cluster_0,primary216,42,hist_gradient_structure_context,BIO_6560,CMP_d156c7f61581a866704b,10.1021/acs.est.7b02399,BAF,2.03342375548695,2.420142740166526,,False
final_similarity70_0,similarity70_cluster_0,primary216,42,hist_gradient_structure_context,BIO_6561,CMP_d156c7f61581a866704b,10.1021/acs.est.7b02399,BAF,3.096910013008056,2.420142740166526,,False
final_similarity70_0,similarity70_cluster_0,primary216,42,hist_gradient_structure_context,BIO_6562,CMP_d156c7f61581a866704b,10.1021/acs.est.7b02399,BAF,2.576341350205793,2.420142740166526,,False
final_similarity70_0,similarity70_cluster_0,primary216,42,hist_gradient_structure_context,BIO_6563,CMP_d156c7f61581a866704b,10.1021/acs.est.7b02399,BAF,2.660865478003869,2.420142740166526,,False
final_similarity70_0,similarity70_cluster_0,primary216,42,hist_gradient_structure_context,BIO_6567,CMP_8e58943e0a19095fb6f4,10.1021/acs.est.7b02399,BAF,1.6812412373755872,2.9977619055562745,,False
final_similarity70_0,similarity70_cluster_0,primary216,42,hist_gradient_structure_context,BIO_6568,CMP_8e58943e0a19095fb6f4,10.1021/acs.est.7b02399,BAF,2.6503075231319366,2.9977619055562745,,False
final_similarity70_0,similarity70_cluster_0,primary216,42,hist_gradient_structure_context,BIO_6569,CMP_8e58943e0a19095fb6f4,10.1021/acs.est.7b02399,BAF,2.7860412102425545,2.9977619055562745,,False
final_similarity70_0,similarity70_cluster_0,primary216,42,hist_gradient_structure_context,BIO_6570,CMP_8e58943e0a19095fb6f4,10.1021/acs.est.7b02399,BAF,3.318063334962761,2.9977619055562745,,False
final_similarity70_0,similarity70_cluster_0,primary216,42,hist_gradient_structure_context,BIO_6571,CMP_8e58943e0a19095fb6f4,10.1021/acs.est.7b02399,BAF,3.1398790864012365,2.9977619055562745,,False
final_similarity70_0,similarity70_cluster_0,primary216,42,hist_gradient_structure_context,BIO_6572,CMP_8e58943e0a19095fb6f4,10.1021/acs.est.7b02399,BAF,3.752816431188272,2.9977619055562745,,False
final_similarity70_0,similarity70_cluster_0,primary216,42,hist_gradient_structure_context,BIO_6580,CMP_5bc76544fcbe477197d1,10.1021/acs.est.7b02399,BAF,1.9493900066449128,4.388362426331151,,False
final_similarity70_0,similarity70_cluster_0,primary216,42,hist_gradient_structure_context,BIO_6581,CMP_5bc76544fcbe477197d1,10.1021/acs.est.7b02399,BAF,3.103803720955957,4.388362426331151,,False
final_similarity70_0,similarity70_cluster_0,primary216,42,hist_gradient_structure_context,BIO_6582,CMP_5bc76544fcbe477197d1,10.1021/acs.est.7b02399,BAF,3.3502480183341627,4.388362426331151,,False
final_similarity70_0,similarity70_cluster_0,primary216,42,hist_gradient_structure_context,BIO_6583,CMP_5bc76544fcbe477197d1,10.1021/acs.est.7b02399,BAF,3.505149978319906,4.388362426331151,,False
final_similarity70_0,similarity70_cluster_0,primary216,42,hist_gradient_structure_context,BIO_6584,CMP_5bc76544fcbe477197d1,10.1021/acs.est.7b02399,BAF,3.45484486000851,4.388362426331151,,False
final_similarity70_0,similarity70_cluster_0,primary216,42,hist_gradient_structure_context,BIO_6585,CMP_5bc76544fcbe477197d1,10.1021/acs.est.7b02399,BAF,3.8674674878590514,4.388362426331151,,False
final_similarity70_0,similarity70_cluster_0,primary216,42,hist_gradient_structure_context,BIO_6593,CMP_ba6c40d3726d16919ab2,10.1021/acs.est.7b02399,BAF,3.012837224705172,4.388362426331151,,False
final_similarity70_0,similarity70_cluster_0,primary216,42,hist_gradient_structure_context,BIO_6594,CMP_ba6c40d3726d16919ab2,10.1021/acs.est.7b02399,BAF,3.840733234611807,4.388362426331151,,False
final_similarity70_0,similarity70_cluster_0,primary216,42,hist_gradient_structure_context,BIO_6595,CMP_ba6c40d3726d16919ab2,10.1021/acs.est.7b02399,BAF,3.99563519459755,4.388362426331151,,False
final_similarity70_0,similarity70_cluster_0,primary216,42,hist_gradient_structure_context,BIO_6596,CMP_ba6c40d3726d16919ab2,10.1021/acs.est.7b02399,BAF,4.44870631990508,4.388362426331151,,False
final_similarity70_0,similarity70_cluster_0,primary216,42,hist_gradient_structure_context,BIO_6597,CMP_ba6c40d3726d16919ab2,10.1021/acs.est.7b02399,BAF,4.429752280002408,4.388362426331151,,False
final_similarity70_0,similarity70_cluster_0,primary216,42,hist_gradient_structure_context,BIO_6598,CMP_ba6c40d3726d16919ab2,10.1021/acs.est.7b02399,BAF,4.515476441382376,4.388362426331151,,False
final_similarity70_0,similarity70_cluster_0,primary216,42,hist_gradient_structure_context,BIO_6707,CMP_622f8f0fcc1502149461,10.1021/acs.est.7b02259,BAF,0.9500000000000002,1.6827716940710713,,False
final_similarity70_0,similarity70_cluster_0,primary216,42,hist_gradient_structure_context,BIO_6708,CMP_622f8f0fcc1502149461,10.1021/acs.est.7b02259,BAF,0.37,1.6827716940710713,,False
final_similarity70_0,similarity70_cluster_0,primary216,42,hist_gradient_structure_context,BIO_6709,CMP_1e0abf78953775c0134f,10.1021/acs.est.7b02259,BAF,0.56,1.6827716940710713,,False
final_similarity70_0,similarity70_cluster_0,primary216,42,hist_gradient_structure_context,BIO_6710,CMP_1e0abf78953775c0134f,10.1021/acs.est.7b02259,BAF,0.0099999999999999,1.6827716940710713,,False
final_similarity70_0,similarity70_cluster_0,primary216,42,hist_gradient_structure_context,BIO_6711,CMP_d645aa79f55e85d0da2e,10.1021/acs.est.7b02259,BAF,0.4900000000000001,1.6827716940710713,,False
final_similarity70_0,similarity70_cluster_0,primary216,42,hist_gradient_structure_context,BIO_6712,CMP_d645aa79f55e85d0da2e,10.1021/acs.est.7b02259,BAF,-0.08,1.6827716940710713,,False
final_similarity70_0,similarity70_cluster_0,primary216,42,hist_gradient_structure_context,BIO_6713,CMP_a97661d9260d026cb14f,10.1021/acs.est.7b02259,BAF,1.1000000000000003,2.353496975649863,,False
final_similarity70_0,similarity70_cluster_0,primary216,42,hist_gradient_structure_context,BIO_6714,CMP_a97661d9260d026cb14f,10.1021/acs.est.7b02259,BAF,0.6100000000000001,2.353496975649863,,False
final_similarity70_0,similarity70_cluster_0,primary216,42,hist_gradient_structure_context,BIO_6715,CMP_a97661d9260d026cb14f,10.1021/acs.est.7b02259,BAF,-0.2700000000000001,2.353496975649863,,False
final_similarity70_0,similarity70_cluster_0,primary216,42,hist_gradient_structure_context,BIO_6716,CMP_d156c7f61581a866704b,10.1021/acs.est.7b02259,BAF,1.93,2.5688519207127634,,False
final_similarity70_0,similarity70_cluster_0,primary216,42,hist_gradient_structure_context,BIO_6717,CMP_d156c7f61581a866704b,10.1021/acs.est.7b02259,BAF,1.2400000000000002,2.5688519207127634,,False
final_similarity70_0,similarity70_cluster_0,primary216,42,hist_gradient_structure_context,BIO_6718,CMP_d156c7f61581a866704b,10.1021/acs.est.7b02259,BAF,0.4599999999999999,2.5688519207127634,,False
final_similarity70_0,similarity70_cluster_0,primary216,42,hist_gradient_structure_context,BIO_6719,CMP_8e58943e0a19095fb6f4,10.1021/acs.est.7b02259,BAF,3.01,3.1464710861025122,,False
final_similarity70_0,similarity70_cluster_0,primary216,42,hist_gradient_structure_context,BIO_6720,CMP_8e58943e0a19095fb6f4,10.1021/acs.est.7b02259,BAF,2.42,3.1464710861025122,,False
final_similarity70_0,similarity70_cluster_0,primary216,42,hist_gradient_structure_context,BIO_6721,CMP_8e58943e0a19095fb6f4,10.1021/acs.est.7b02259,BAF,1.6800000000000002,3.1464710861025122,,False
final_similarity70_0,similarity70_cluster_0,primary216,42,hist_gradient_structure_context,BIO_6722,CMP_5bc76544fcbe477197d1,10.1021/acs.est.7b02259,BAF,3.9,4.537071606877387,,False
final_similarity70_0,similarity70_cluster_0,primary216,42,hist_gradient_structure_context,BIO_6723,CMP_5bc76544fcbe477197d1,10.1021/acs.est.7b02259,BAF,3.390000000000001,4.537071606877387,,False
final_similarity70_0,similarity70_cluster_0,primary216,42,hist_gradient_structure_context,BIO_6724,CMP_5bc76544fcbe477197d1,10.1021/acs.est.7b02259,BAF,2.64,4.537071606877387,,False
final_similarity70_0,similarity70_cluster_0,primary216,42,hist_gradient_structure_context,BIO_6725,CMP_ba6c40d3726d16919ab2,10.1021/acs.est.7b02259,BAF,4.430000000000001,4.537071606877387,,False
final_similarity70_0,similarity70_cluster_0,primary216,42,hist_gradient_structure_context,BIO_6726,CMP_ba6c40d3726d16919ab2,10.1021/acs.est.7b02259,BAF,3.9100000000000006,4.537071606877387,,False
final_similarity70_0,similarity70_cluster_0,primary216,42,hist_gradient_structure_context,BIO_6727,CMP_ba6c40d3726d16919ab2,10.1021/acs.est.7b02259,BAF,3.1700000000000004,4.537071606877387,,False
final_similarity70_0,similarity70_cluster_0,primary216,42,hist_gradient_structure_context,BIO_6728,CMP_812738d2ca27e93d42c8,10.1021/acs.est.7b02259,BAF,4.7700000000000005,4.537071606877387,,False
final_similarity70_0,similarity70_cluster_0,primary216,42,hist_gradient_structure_context,BIO_6729,CMP_812738d2ca27e93d42c8,10.1021/acs.est.7b02259,BAF,4.32,4.537071606877387,,False
final_similarity70_0,similarity70_cluster_0,primary216,42,hist_gradient_structure_context,BIO_6730,CMP_812738d2ca27e93d42c8,10.1021/acs.est.7b02259,BAF,3.620000000000001,4.537071606877387,,False
final_similarity70_0,similarity70_cluster_0,primary216,42,nearest_chemical_context,BIO_5789,CMP_5bc76544fcbe477197d1,10.1021/acs.est.6b01197,BAF,4.170000000000001,0.8600000000000001,,False
final_similarity70_0,similarity70_cluster_0,primary216,42,nearest_chemical_context,BIO_5790,CMP_5bc76544fcbe477197d1,10.1021/acs.est.6b01197,BAF,1.84,0.8600000000000001,,False
final_similarity70_0,similarity70_cluster_0,primary216,42,nearest_chemical_context,BIO_5791,CMP_5bc76544fcbe477197d1,10.1021/acs.est.6b01197,BAF,4.03,0.8600000000000001,,False
final_similarity70_0,similarity70_cluster_0,primary216,42,nearest_chemical_context,BIO_5907,CMP_a97661d9260d026cb14f,10.1021/acs.est.6b01197,BAF,1.98,0.8600000000000001,,False
final_similarity70_0,similarity70_cluster_0,primary216,42,nearest_chemical_context,BIO_5908,CMP_a97661d9260d026cb14f,10.1021/acs.est.6b01197,BAF,2.01,0.8600000000000001,,False
final_similarity70_0,similarity70_cluster_0,primary216,42,nearest_chemical_context,BIO_6095,CMP_8e58943e0a19095fb6f4,10.1021/acs.est.6b01197,BAF,3.5800000000000005,0.8600000000000001,,False
final_similarity70_0,similarity70_cluster_0,primary216,42,nearest_chemical_context,BIO_6096,CMP_8e58943e0a19095fb6f4,10.1021/acs.est.6b01197,BAF,3.3500000000000005,0.8600000000000001,,False
final_similarity70_0,similarity70_cluster_0,primary216,42,nearest_chemical_context,BIO_6195,CMP_d156c7f61581a866704b,10.1021/acs.est.6b01197,BAF,2.34,0.8600000000000001,,False
final_similarity70_0,similarity70_cluster_0,primary216,42,nearest_chemical_context,BIO_6196,CMP_d156c7f61581a866704b,10.1021/acs.est.6b01197,BAF,2.3000000000000003,0.8600000000000001,,False
final_similarity70_0,similarity70_cluster_0,primary216,42,nearest_chemical_context,BIO_6197,CMP_d156c7f61581a866704b,10.1021/acs.est.6b01197,BAF,2.5200000000000005,0.8600000000000001,,False
final_similarity70_0,similarity70_cluster_0,primary216,42,nearest_chemical_context,BIO_6251,CMP_d156c7f61581a866704b,10.1021/acs.est.9b04906,BAF,0.9405164849325672,0.8600000000000001,,False
final_similarity70_0,similarity70_cluster_0,primary216,42,nearest_chemical_context,BIO_6506,CMP_ba6c40d3726d16919ab2,10.1021/acs.est.6b01197,BAF,5.340000000000001,0.8600000000000001,,False
final_similarity70_0,similarity70_cluster_0,primary216,42,nearest_chemical_context,BIO_6507,CMP_ba6c40d3726d16919ab2,10.1021/acs.est.6b01197,BAF,5.200000000000001,0.8600000000000001,,False
final_similarity70_0,similarity70_cluster_0,primary216,42,nearest_chemical_context,BIO_6558,CMP_d156c7f61581a866704b,10.1021/acs.est.7b02399,BAF,1.3010299956639813,0.8600000000000001,,False
final_similarity70_0,similarity70_cluster_0,primary216,42,nearest_chemical_context,BIO_6559,CMP_d156c7f61581a866704b,10.1021/acs.est.7b02399,BAF,2.5538830266438746,0.8600000000000001,,False
final_similarity70_0,similarity70_cluster_0,primary216,42,nearest_chemical_context,BIO_6560,CMP_d156c7f61581a866704b,10.1021/acs.est.7b02399,BAF,2.03342375548695,0.8600000000000001,,False
final_similarity70_0,similarity70_cluster_0,primary216,42,nearest_chemical_context,BIO_6561,CMP_d156c7f61581a866704b,10.1021/acs.est.7b02399,BAF,3.096910013008056,0.8600000000000001,,False
final_similarity70_0,similarity70_cluster_0,primary216,42,nearest_chemical_context,BIO_6562,CMP_d156c7f61581a866704b,10.1021/acs.est.7b02399,BAF,2.576341350205793,0.8600000000000001,,False
final_similarity70_0,similarity70_cluster_0,primary216,42,nearest_chemical_context,BIO_6563,CMP_d156c7f61581a866704b,10.1021/acs.est.7b02399,BAF,2.660865478003869,0.8600000000000001,,False
final_similarity70_0,similarity70_cluster_0,primary216,42,nearest_chemical_context,BIO_6567,CMP_8e58943e0a19095fb6f4,10.1021/acs.est.7b02399,BAF,1.6812412373755872,0.8600000000000001,,False
final_similarity70_0,similarity70_cluster_0,primary216,42,nearest_chemical_context,BIO_6568,CMP_8e58943e0a19095fb6f4,10.1021/acs.est.7b02399,BAF,2.6503075231319366,0.8600000000000001,,False
final_similarity70_0,similarity70_cluster_0,primary216,42,nearest_chemical_context,BIO_6569,CMP_8e58943e0a19095fb6f4,10.1021/acs.est.7b02399,BAF,2.7860412102425545,0.8600000000000001,,False
final_similarity70_0,similarity70_cluster_0,primary216,42,nearest_chemical_context,BIO_6570,CMP_8e58943e0a19095fb6f4,10.1021/acs.est.7b02399,BAF,3.318063334962761,0.8600000000000001,,False
final_similarity70_0,similarity70_cluster_0,primary216,42,nearest_chemical_context,BIO_6571,CMP_8e58943e0a19095fb6f4,10.1021/acs.est.7b02399,BAF,3.1398790864012365,0.8600000000000001,,False
final_similarity70_0,similarity70_cluster_0,primary216,42,nearest_chemical_context,BIO_6572,CMP_8e58943e0a19095fb6f4,10.1021/acs.est.7b02399,BAF,3.752816431188272,0.8600000000000001,,False
final_similarity70_0,similarity70_cluster_0,primary216,42,nearest_chemical_context,BIO_6580,CMP_5bc76544fcbe477197d1,10.1021/acs.est.7b02399,BAF,1.9493900066449128,0.8600000000000001,,False
final_similarity70_0,similarity70_cluster_0,primary216,42,nearest_chemical_context,BIO_6581,CMP_5bc76544fcbe477197d1,10.1021/acs.est.7b02399,BAF,3.103803720955957,0.8600000000000001,,False
final_similarity70_0,similarity70_cluster_0,primary216,42,nearest_chemical_context,BIO_6582,CMP_5bc76544fcbe477197d1,10.1021/acs.est.7b02399,BAF,3.3502480183341627,0.8600000000000001,,False
final_similarity70_0,similarity70_cluster_0,primary216,42,nearest_chemical_context,BIO_6583,CMP_5bc76544fcbe477197d1,10.1021/acs.est.7b02399,BAF,3.505149978319906,0.8600000000000001,,False
final_similarity70_0,similarity70_cluster_0,primary216,42,nearest_chemical_context,BIO_6584,CMP_5bc76544fcbe477197d1,10.1021/acs.est.7b02399,BAF,3.45484486000851,0.8600000000000001,,False
final_similarity70_0,similarity70_cluster_0,primary216,42,nearest_chemical_context,BIO_6585,CMP_5bc76544fcbe477197d1,10.1021/acs.est.7b02399,BAF,3.8674674878590514,0.8600000000000001,,False
final_similarity70_0,similarity70_cluster_0,primary216,42,nearest_chemical_context,BIO_6593,CMP_ba6c40d3726d16919ab2,10.1021/acs.est.7b02399,BAF,3.012837224705172,0.8600000000000001,,False
final_similarity70_0,similarity70_cluster_0,primary216,42,nearest_chemical_context,BIO_6594,CMP_ba6c40d3726d16919ab2,10.1021/acs.est.7b02399,BAF,3.840733234611807,0.8600000000000001,,False
final_similarity70_0,similarity70_cluster_0,primary216,42,nearest_chemical_context,BIO_6595,CMP_ba6c40d3726d16919ab2,10.1021/acs.est.7b02399,BAF,3.99563519459755,0.8600000000000001,,False
final_similarity70_0,similarity70_cluster_0,primary216,42,nearest_chemical_context,BIO_6596,CMP_ba6c40d3726d16919ab2,10.1021/acs.est.7b02399,BAF,4.44870631990508,0.8600000000000001,,False
final_similarity70_0,similarity70_cluster_0,primary216,42,nearest_chemical_context,BIO_6597,CMP_ba6c40d3726d16919ab2,10.1021/acs.est.7b02399,BAF,4.429752280002408,0.8600000000000001,,False
final_similarity70_0,similarity70_cluster_0,primary216,42,nearest_chemical_context,BIO_6598,CMP_ba6c40d3726d16919ab2,10.1021/acs.est.7b02399,BAF,4.515476441382376,0.8600000000000001,,False
final_similarity70_0,similarity70_cluster_0,primary216,42,nearest_chemical_context,BIO_6707,CMP_622f8f0fcc1502149461,10.1021/acs.est.7b02259,BAF,0.9500000000000002,0.8600000000000001,,False
final_similarity70_0,similarity70_cluster_0,primary216,42,nearest_chemical_context,BIO_6708,CMP_622f8f0fcc1502149461,10.1021/acs.est.7b02259,BAF,0.37,0.5000000000000001,,False
final_similarity70_0,similarity70_cluster_0,primary216,42,nearest_chemical_context,BIO_6709,CMP_1e0abf78953775c0134f,10.1021/acs.est.7b02259,BAF,0.56,0.8600000000000001,,False
final_similarity70_0,similarity70_cluster_0,primary216,42,nearest_chemical_context,BIO_6710,CMP_1e0abf78953775c0134f,10.1021/acs.est.7b02259,BAF,0.0099999999999999,0.5000000000000001,,False
final_similarity70_0,similarity70_cluster_0,primary216,42,nearest_chemical_context,BIO_6711,CMP_d645aa79f55e85d0da2e,10.1021/acs.est.7b02259,BAF,0.4900000000000001,0.8600000000000001,,False
final_similarity70_0,similarity70_cluster_0,primary216,42,nearest_chemical_context,BIO_6712,CMP_d645aa79f55e85d0da2e,10.1021/acs.est.7b02259,BAF,-0.08,0.5000000000000001,,False
final_similarity70_0,similarity70_cluster_0,primary216,42,nearest_chemical_context,BIO_6713,CMP_a97661d9260d026cb14f,10.1021/acs.est.7b02259,BAF,1.1000000000000003,0.8600000000000001,,False
final_similarity70_0,similarity70_cluster_0,primary216,42,nearest_chemical_context,BIO_6714,CMP_a97661d9260d026cb14f,10.1021/acs.est.7b02259,BAF,0.6100000000000001,0.5000000000000001,,False
final_similarity70_0,similarity70_cluster_0,primary216,42,nearest_chemical_context,BIO_6715,CMP_a97661d9260d026cb14f,10.1021/acs.est.7b02259,BAF,-0.2700000000000001,0.6100000000000001,,False
final_similarity70_0,similarity70_cluster_0,primary216,42,nearest_chemical_context,BIO_6716,CMP_d156c7f61581a866704b,10.1021/acs.est.7b02259,BAF,1.93,0.8600000000000001,,False
final_similarity70_0,similarity70_cluster_0,primary216,42,nearest_chemical_context,BIO_6717,CMP_d156c7f61581a866704b,10.1021/acs.est.7b02259,BAF,1.2400000000000002,0.5000000000000001,,False
final_similarity70_0,similarity70_cluster_0,primary216,42,nearest_chemical_context,BIO_6718,CMP_d156c7f61581a866704b,10.1021/acs.est.7b02259,BAF,0.4599999999999999,0.6100000000000001,,False
final_similarity70_0,similarity70_cluster_0,primary216,42,nearest_chemical_context,BIO_6719,CMP_8e58943e0a19095fb6f4,10.1021/acs.est.7b02259,BAF,3.01,0.8600000000000001,,False
final_similarity70_0,similarity70_cluster_0,primary216,42,nearest_chemical_context,BIO_6720,CMP_8e58943e0a19095fb6f4,10.1021/acs.est.7b02259,BAF,2.42,0.5000000000000001,,False
final_similarity70_0,similarity70_cluster_0,primary216,42,nearest_chemical_context,BIO_6721,CMP_8e58943e0a19095fb6f4,10.1021/acs.est.7b02259,BAF,1.6800000000000002,0.6100000000000001,,False
final_similarity70_0,similarity70_cluster_0,primary216,42,nearest_chemical_context,BIO_6722,CMP_5bc76544fcbe477197d1,10.1021/acs.est.7b02259,BAF,3.9,0.8600000000000001,,False
final_similarity70_0,similarity70_cluster_0,primary216,42,nearest_chemical_context,BIO_6723,CMP_5bc76544fcbe477197d1,10.1021/acs.est.7b02259,BAF,3.390000000000001,0.5000000000000001,,False
final_similarity70_0,similarity70_cluster_0,primary216,42,nearest_chemical_context,BIO_6724,CMP_5bc76544fcbe477197d1,10.1021/acs.est.7b02259,BAF,2.64,0.6100000000000001,,False
final_similarity70_0,similarity70_cluster_0,primary216,42,nearest_chemical_context,BIO_6725,CMP_ba6c40d3726d16919ab2,10.1021/acs.est.7b02259,BAF,4.430000000000001,0.8600000000000001,,False
final_similarity70_0,similarity70_cluster_0,primary216,42,nearest_chemical_context,BIO_6726,CMP_ba6c40d3726d16919ab2,10.1021/acs.est.7b02259,BAF,3.9100000000000006,0.5000000000000001,,False
final_similarity70_0,similarity70_cluster_0,primary216,42,nearest_chemical_context,BIO_6727,CMP_ba6c40d3726d16919ab2,10.1021/acs.est.7b02259,BAF,3.1700000000000004,0.6100000000000001,,False
final_similarity70_0,similarity70_cluster_0,primary216,42,nearest_chemical_context,BIO_6728,CMP_812738d2ca27e93d42c8,10.1021/acs.est.7b02259,BAF,4.7700000000000005,0.8600000000000001,,False
final_similarity70_0,similarity70_cluster_0,primary216,42,nearest_chemical_context,BIO_6729,CMP_812738d2ca27e93d42c8,10.1021/acs.est.7b02259,BAF,4.32,0.5000000000000001,,False
final_similarity70_0,similarity70_cluster_0,primary216,42,nearest_chemical_context,BIO_6730,CMP_812738d2ca27e93d42c8,10.1021/acs.est.7b02259,BAF,3.620000000000001,0.6100000000000001,,False
final_similarity70_0,similarity70_cluster_0,primary216,42,simple_graph_context,BIO_5705,CMP_622f8f0fcc1502149461,10.1016/j.scitotenv.2016.05.215,BCF,2.15,1.5160162448883057,,False
final_similarity70_0,similarity70_cluster_0,primary216,42,simple_graph_context,BIO_5706,CMP_622f8f0fcc1502149461,10.1016/j.scitotenv.2016.05.215,BCF,1.8,1.5160162448883057,,False
final_similarity70_0,similarity70_cluster_0,primary216,42,simple_graph_context,BIO_5707,CMP_622f8f0fcc1502149461,10.1016/j.scitotenv.2016.05.215,BCF,0.44,1.3879605531692505,,False
final_similarity70_0,similarity70_cluster_0,primary216,42,simple_graph_context,BIO_5708,CMP_622f8f0fcc1502149461,10.1016/j.scitotenv.2016.05.215,BCF,1.05,1.3879605531692505,,False
final_similarity70_0,similarity70_cluster_0,primary216,42,simple_graph_context,BIO_5709,CMP_622f8f0fcc1502149461,10.1016/j.scitotenv.2016.05.215,BCF,1.06,1.569419264793396,,False
final_similarity70_0,similarity70_cluster_0,primary216,42,simple_graph_context,BIO_5710,CMP_622f8f0fcc1502149461,10.1016/j.scitotenv.2016.05.215,BCF,1.3,1.569419264793396,,False
final_similarity70_0,similarity70_cluster_0,primary216,42,simple_graph_context,BIO_5771,CMP_5bc76544fcbe477197d1,10.1016/j.scitotenv.2016.05.215,BCF,4.04,3.175224781036377,,False
final_similarity70_0,similarity70_cluster_0,primary216,42,simple_graph_context,BIO_5772,CMP_5bc76544fcbe477197d1,10.1016/j.scitotenv.2016.05.215,BCF,4.36,3.175224781036377,,False
final_similarity70_0,similarity70_cluster_0,primary216,42,simple_graph_context,BIO_5773,CMP_5bc76544fcbe477197d1,10.1016/j.scitotenv.2016.05.215,BCF,3.41,3.0471689701080322,,False
final_similarity70_0,similarity70_cluster_0,primary216,42,simple_graph_context,BIO_5774,CMP_5bc76544fcbe477197d1,10.1016/j.scitotenv.2016.05.215,BCF,3.79,3.0471689701080322,,False
final_similarity70_0,similarity70_cluster_0,primary216,42,simple_graph_context,BIO_5775,CMP_5bc76544fcbe477197d1,10.1016/j.scitotenv.2016.05.215,BCF,4.0,3.2286276817321777,,False
final_similarity70_0,similarity70_cluster_0,primary216,42,simple_graph_context,BIO_5776,CMP_5bc76544fcbe477197d1,10.1016/j.scitotenv.2016.05.215,BCF,3.99,3.2286276817321777,,False
final_similarity70_0,similarity70_cluster_0,primary216,42,simple_graph_context,BIO_5862,CMP_812738d2ca27e93d42c8,10.1016/j.scitotenv.2016.05.215,BCF,4.95,3.7282941341400146,,False
final_similarity70_0,similarity70_cluster_0,primary216,42,simple_graph_context,BIO_5863,CMP_812738d2ca27e93d42c8,10.1016/j.scitotenv.2016.05.215,BCF,4.66,3.7282941341400146,,False
final_similarity70_0,similarity70_cluster_0,primary216,42,simple_graph_context,BIO_5864,CMP_812738d2ca27e93d42c8,10.1016/j.scitotenv.2016.05.215,BCF,3.77,3.60023832321167,,False
final_similarity70_0,similarity70_cluster_0,primary216,42,simple_graph_context,BIO_5865,CMP_812738d2ca27e93d42c8,10.1016/j.scitotenv.2016.05.215,BCF,3.66,3.60023832321167,,False
final_similarity70_0,similarity70_cluster_0,primary216,42,simple_graph_context,BIO_5866,CMP_812738d2ca27e93d42c8,10.1016/j.scitotenv.2016.05.215,BCF,4.33,3.7816972732543945,,False
final_similarity70_0,similarity70_cluster_0,primary216,42,simple_graph_context,BIO_5867,CMP_812738d2ca27e93d42c8,10.1016/j.scitotenv.2016.05.215,BCF,3.65,3.7816972732543945,,False
final_similarity70_0,similarity70_cluster_0,primary216,42,simple_graph_context,BIO_5944,CMP_d645aa79f55e85d0da2e,10.1016/j.scitotenv.2016.05.215,BCF,1.73,2.0690858364105225,,False
final_similarity70_0,similarity70_cluster_0,primary216,42,simple_graph_context,BIO_5945,CMP_d645aa79f55e85d0da2e,10.1016/j.scitotenv.2016.05.215,BCF,1.7,2.0690858364105225,,False
final_similarity70_0,similarity70_cluster_0,primary216,42,simple_graph_context,BIO_5946,CMP_d645aa79f55e85d0da2e,10.1016/j.scitotenv.2016.05.215,BCF,0.75,1.9410300254821777,,False
final_similarity70_0,similarity70_cluster_0,primary216,42,simple_graph_context,BIO_5947,CMP_d645aa79f55e85d0da2e,10.1016/j.scitotenv.2016.05.215,BCF,0.67,1.9410300254821777,,False
final_similarity70_0,similarity70_cluster_0,primary216,42,simple_graph_context,BIO_5948,CMP_d645aa79f55e85d0da2e,10.1016/j.scitotenv.2016.05.215,BCF,1.02,2.1224887371063232,,False
final_similarity70_0,similarity70_cluster_0,primary216,42,simple_graph_context,BIO_5949,CMP_d645aa79f55e85d0da2e,10.1016/j.scitotenv.2016.05.215,BCF,1.06,2.1224887371063232,,False
final_similarity70_0,similarity70_cluster_0,primary216,42,simple_graph_context,BIO_6077,CMP_8e58943e0a19095fb6f4,10.1016/j.scitotenv.2016.05.215,BCF,3.18,2.8986899852752686,,False
final_similarity70_0,similarity70_cluster_0,primary216,42,simple_graph_context,BIO_6078,CMP_8e58943e0a19095fb6f4,10.1016/j.scitotenv.2016.05.215,BCF,3.45,2.8986899852752686,,False
final_similarity70_0,similarity70_cluster_0,primary216,42,simple_graph_context,BIO_6079,CMP_8e58943e0a19095fb6f4,10.1016/j.scitotenv.2016.05.215,BCF,2.64,2.770634174346924,,False
final_similarity70_0,similarity70_cluster_0,primary216,42,simple_graph_context,BIO_6080,CMP_8e58943e0a19095fb6f4,10.1016/j.scitotenv.2016.05.215,BCF,2.85,2.770634174346924,,False
final_similarity70_0,similarity70_cluster_0,primary216,42,simple_graph_context,BIO_6081,CMP_8e58943e0a19095fb6f4,10.1016/j.scitotenv.2016.05.215,BCF,3.33,2.9520928859710693,,False
final_similarity70_0,similarity70_cluster_0,primary216,42,simple_graph_context,BIO_6082,CMP_8e58943e0a19095fb6f4,10.1016/j.scitotenv.2016.05.215,BCF,3.37,2.9520928859710693,,False
final_similarity70_0,similarity70_cluster_0,primary216,42,simple_graph_context,BIO_6177,CMP_d156c7f61581a866704b,10.1016/j.scitotenv.2016.05.215,BCF,2.39,2.62215518951416,,False
final_similarity70_0,similarity70_cluster_0,primary216,42,simple_graph_context,BIO_6178,CMP_d156c7f61581a866704b,10.1016/j.scitotenv.2016.05.215,BCF,2.43,2.62215518951416,,False
final_similarity70_0,similarity70_cluster_0,primary216,42,simple_graph_context,BIO_6179,CMP_d156c7f61581a866704b,10.1016/j.scitotenv.2016.05.215,BCF,1.52,2.4940993785858154,,False
final_similarity70_0,similarity70_cluster_0,primary216,42,simple_graph_context,BIO_6181,CMP_d156c7f61581a866704b,10.1016/j.scitotenv.2016.05.215,BCF,2.24,2.675558090209961,,False
final_similarity70_0,similarity70_cluster_0,primary216,42,simple_graph_context,BIO_6182,CMP_d156c7f61581a866704b,10.1016/j.scitotenv.2016.05.215,BCF,2.02,2.675558090209961,,False
final_similarity70_0,similarity70_cluster_0,primary216,42,simple_graph_context,BIO_6460,CMP_3626e8f507f7fd0a557c,10.1016/j.scitotenv.2016.05.215,BCF,5.56,4.281363487243652,,False
final_similarity70_0,similarity70_cluster_0,primary216,42,simple_graph_context,BIO_6461,CMP_3626e8f507f7fd0a557c,10.1016/j.scitotenv.2016.05.215,BCF,4.74,4.281363487243652,,False
final_similarity70_0,similarity70_cluster_0,primary216,42,simple_graph_context,BIO_6462,CMP_3626e8f507f7fd0a557c,10.1016/j.scitotenv.2016.05.215,BCF,5.22,4.153307914733887,,False
final_similarity70_0,similarity70_cluster_0,primary216,42,simple_graph_context,BIO_6463,CMP_3626e8f507f7fd0a557c,10.1016/j.scitotenv.2016.05.215,BCF,4.52,4.153307914733887,,False
final_similarity70_0,similarity70_cluster_0,primary216,42,simple_graph_context,BIO_6464,CMP_3626e8f507f7fd0a557c,10.1016/j.scitotenv.2016.05.215,BCF,5.5,4.334766387939453,,False
final_similarity70_0,similarity70_cluster_0,primary216,42,simple_graph_context,BIO_6465,CMP_3626e8f507f7fd0a557c,10.1016/j.scitotenv.2016.05.215,BCF,4.34,4.334766387939453,,False
final_similarity70_0,similarity70_cluster_0,primary216,42,simple_graph_context,BIO_6472,CMP_277ba9982a59f21d5d1a,10.1016/j.scitotenv.2016.05.215,BCF,5.02,4.004828929901123,,False
final_similarity70_0,similarity70_cluster_0,primary216,42,simple_graph_context,BIO_6473,CMP_277ba9982a59f21d5d1a,10.1016/j.scitotenv.2016.05.215,BCF,4.45,4.004828929901123,,False
final_similarity70_0,similarity70_cluster_0,primary216,42,simple_graph_context,BIO_6474,CMP_277ba9982a59f21d5d1a,10.1016/j.scitotenv.2016.05.215,BCF,4.28,3.8767731189727783,,False
final_similarity70_0,similarity70_cluster_0,primary216,42,simple_graph_context,BIO_6475,CMP_277ba9982a59f21d5d1a,10.1016/j.scitotenv.2016.05.215,BCF,3.91,3.8767731189727783,,False
final_similarity70_0,similarity70_cluster_0,primary216,42,simple_graph_context,BIO_6476,CMP_277ba9982a59f21d5d1a,10.1016/j.scitotenv.2016.05.215,BCF,4.84,4.058231830596924,,False
final_similarity70_0,similarity70_cluster_0,primary216,42,simple_graph_context,BIO_6477,CMP_277ba9982a59f21d5d1a,10.1016/j.scitotenv.2016.05.215,BCF,3.91,4.058231830596924,,False
final_similarity70_0,similarity70_cluster_0,primary216,42,simple_graph_context,BIO_6495,CMP_ba6c40d3726d16919ab2,10.1016/j.scitotenv.2016.05.215,BCF,4.14,3.4517593383789062,,False
final_similarity70_0,similarity70_cluster_0,primary216,42,simple_graph_context,BIO_6497,CMP_ba6c40d3726d16919ab2,10.1016/j.scitotenv.2016.05.215,BCF,3.64,3.3237035274505615,,False
final_similarity70_0,similarity70_cluster_0,primary216,42,simple_graph_context,BIO_6498,CMP_ba6c40d3726d16919ab2,10.1016/j.scitotenv.2016.05.215,BCF,3.63,3.3237035274505615,,False
final_similarity70_0,similarity70_cluster_0,primary216,42,simple_graph_context,BIO_6499,CMP_ba6c40d3726d16919ab2,10.1016/j.scitotenv.2016.05.215,BCF,4.31,3.505162239074707,,False
final_similarity70_0,similarity70_cluster_0,primary216,42,simple_graph_context,BIO_6500,CMP_ba6c40d3726d16919ab2,10.1016/j.scitotenv.2016.05.215,BCF,3.81,3.505162239074707,,False
final_similarity70_0,similarity70_cluster_0,primary216,42,extra_trees_structure_context,BIO_5705,CMP_622f8f0fcc1502149461,10.1016/j.scitotenv.2016.05.215,BCF,2.15,1.3420000000000025,,False
final_similarity70_0,similarity70_cluster_0,primary216,42,extra_trees_structure_context,BIO_5706,CMP_622f8f0fcc1502149461,10.1016/j.scitotenv.2016.05.215,BCF,1.8,1.3420000000000025,,False
final_similarity70_0,similarity70_cluster_0,primary216,42,extra_trees_structure_context,BIO_5707,CMP_622f8f0fcc1502149461,10.1016/j.scitotenv.2016.05.215,BCF,0.44,1.3420000000000025,,False
final_similarity70_0,similarity70_cluster_0,primary216,42,extra_trees_structure_context,BIO_5708,CMP_622f8f0fcc1502149461,10.1016/j.scitotenv.2016.05.215,BCF,1.05,1.3420000000000025,,False
final_similarity70_0,similarity70_cluster_0,primary216,42,extra_trees_structure_context,BIO_5709,CMP_622f8f0fcc1502149461,10.1016/j.scitotenv.2016.05.215,BCF,1.06,1.3420000000000025,,False
final_similarity70_0,similarity70_cluster_0,primary216,42,extra_trees_structure_context,BIO_5710,CMP_622f8f0fcc1502149461,10.1016/j.scitotenv.2016.05.215,BCF,1.3,1.3420000000000025,,False
final_similarity70_0,similarity70_cluster_0,primary216,42,extra_trees_structure_context,BIO_5771,CMP_5bc76544fcbe477197d1,10.1016/j.scitotenv.2016.05.215,BCF,4.04,3.3516666666666723,,False
final_similarity70_0,similarity70_cluster_0,primary216,42,extra_trees_structure_context,BIO_5772,CMP_5bc76544fcbe477197d1,10.1016/j.scitotenv.2016.05.215,BCF,4.36,3.3516666666666723,,False
final_similarity70_0,similarity70_cluster_0,primary216,42,extra_trees_structure_context,BIO_5773,CMP_5bc76544fcbe477197d1,10.1016/j.scitotenv.2016.05.215,BCF,3.41,3.3516666666666723,,False
final_similarity70_0,similarity70_cluster_0,primary216,42,extra_trees_structure_context,BIO_5774,CMP_5bc76544fcbe477197d1,10.1016/j.scitotenv.2016.05.215,BCF,3.79,3.3516666666666723,,False
final_similarity70_0,similarity70_cluster_0,primary216,42,extra_trees_structure_context,BIO_5775,CMP_5bc76544fcbe477197d1,10.1016/j.scitotenv.2016.05.215,BCF,4.0,3.3516666666666723,,False
final_similarity70_0,similarity70_cluster_0,primary216,42,extra_trees_structure_context,BIO_5776,CMP_5bc76544fcbe477197d1,10.1016/j.scitotenv.2016.05.215,BCF,3.99,3.3516666666666723,,False
final_similarity70_0,similarity70_cluster_0,primary216,42,extra_trees_structure_context,BIO_5862,CMP_812738d2ca27e93d42c8,10.1016/j.scitotenv.2016.05.215,BCF,4.95,3.3516666666666723,,False
final_similarity70_0,similarity70_cluster_0,primary216,42,extra_trees_structure_context,BIO_5863,CMP_812738d2ca27e93d42c8,10.1016/j.scitotenv.2016.05.215,BCF,4.66,3.3516666666666723,,False
final_similarity70_0,similarity70_cluster_0,primary216,42,extra_trees_structure_context,BIO_5864,CMP_812738d2ca27e93d42c8,10.1016/j.scitotenv.2016.05.215,BCF,3.77,3.3516666666666723,,False
final_similarity70_0,similarity70_cluster_0,primary216,42,extra_trees_structure_context,BIO_5865,CMP_812738d2ca27e93d42c8,10.1016/j.scitotenv.2016.05.215,BCF,3.66,3.3516666666666723,,False
final_similarity70_0,similarity70_cluster_0,primary216,42,extra_trees_structure_context,BIO_5866,CMP_812738d2ca27e93d42c8,10.1016/j.scitotenv.2016.05.215,BCF,4.33,3.3516666666666723,,False
final_similarity70_0,similarity70_cluster_0,primary216,42,extra_trees_structure_context,BIO_5867,CMP_812738d2ca27e93d42c8,10.1016/j.scitotenv.2016.05.215,BCF,3.65,3.3516666666666723,,False
final_similarity70_0,similarity70_cluster_0,primary216,42,extra_trees_structure_context,BIO_5944,CMP_d645aa79f55e85d0da2e,10.1016/j.scitotenv.2016.05.215,BCF,1.73,1.762067708333336,,False
final_similarity70_0,similarity70_cluster_0,primary216,42,extra_trees_structure_context,BIO_5945,CMP_d645aa79f55e85d0da2e,10.1016/j.scitotenv.2016.05.215,BCF,1.7,1.762067708333336,,False
final_similarity70_0,similarity70_cluster_0,primary216,42,extra_trees_structure_context,BIO_5946,CMP_d645aa79f55e85d0da2e,10.1016/j.scitotenv.2016.05.215,BCF,0.75,1.762067708333336,,False
final_similarity70_0,similarity70_cluster_0,primary216,42,extra_trees_structure_context,BIO_5947,CMP_d645aa79f55e85d0da2e,10.1016/j.scitotenv.2016.05.215,BCF,0.67,1.762067708333336,,False
final_similarity70_0,similarity70_cluster_0,primary216,42,extra_trees_structure_context,BIO_5948,CMP_d645aa79f55e85d0da2e,10.1016/j.scitotenv.2016.05.215,BCF,1.02,1.762067708333336,,False
final_similarity70_0,similarity70_cluster_0,primary216,42,extra_trees_structure_context,BIO_5949,CMP_d645aa79f55e85d0da2e,10.1016/j.scitotenv.2016.05.215,BCF,1.06,1.762067708333336,,False
final_similarity70_0,similarity70_cluster_0,primary216,42,extra_trees_structure_context,BIO_6077,CMP_8e58943e0a19095fb6f4,10.1016/j.scitotenv.2016.05.215,BCF,3.18,3.2401171875000045,,False
final_similarity70_0,similarity70_cluster_0,primary216,42,extra_trees_structure_context,BIO_6078,CMP_8e58943e0a19095fb6f4,10.1016/j.scitotenv.2016.05.215,BCF,3.45,3.2401171875000045,,False
final_similarity70_0,similarity70_cluster_0,primary216,42,extra_trees_structure_context,BIO_6079,CMP_8e58943e0a19095fb6f4,10.1016/j.scitotenv.2016.05.215,BCF,2.64,3.2401171875000045,,False
final_similarity70_0,similarity70_cluster_0,primary216,42,extra_trees_structure_context,BIO_6080,CMP_8e58943e0a19095fb6f4,10.1016/j.scitotenv.2016.05.215,BCF,2.85,3.2401171875000045,,False
final_similarity70_0,similarity70_cluster_0,primary216,42,extra_trees_structure_context,BIO_6081,CMP_8e58943e0a19095fb6f4,10.1016/j.scitotenv.2016.05.215,BCF,3.33,3.2401171875000045,,False
final_similarity70_0,similarity70_cluster_0,primary216,42,extra_trees_structure_context,BIO_6082,CMP_8e58943e0a19095fb6f4,10.1016/j.scitotenv.2016.05.215,BCF,3.37,3.2401171875000045,,False
final_similarity70_0,similarity70_cluster_0,primary216,42,extra_trees_structure_context,BIO_6177,CMP_d156c7f61581a866704b,10.1016/j.scitotenv.2016.05.215,BCF,2.39,2.7338541666666663,,False
final_similarity70_0,similarity70_cluster_0,primary216,42,extra_trees_structure_context,BIO_6178,CMP_d156c7f61581a866704b,10.1016/j.scitotenv.2016.05.215,BCF,2.43,2.7338541666666663,,False
final_similarity70_0,similarity70_cluster_0,primary216,42,extra_trees_structure_context,BIO_6179,CMP_d156c7f61581a866704b,10.1016/j.scitotenv.2016.05.215,BCF,1.52,2.7338541666666663,,False
final_similarity70_0,similarity70_cluster_0,primary216,42,extra_trees_structure_context,BIO_6181,CMP_d156c7f61581a866704b,10.1016/j.scitotenv.2016.05.215,BCF,2.24,2.7338541666666663,,False
final_similarity70_0,similarity70_cluster_0,primary216,42,extra_trees_structure_context,BIO_6182,CMP_d156c7f61581a866704b,10.1016/j.scitotenv.2016.05.215,BCF,2.02,2.7338541666666663,,False
final_similarity70_0,similarity70_cluster_0,primary216,42,extra_trees_structure_context,BIO_6460,CMP_3626e8f507f7fd0a557c,10.1016/j.scitotenv.2016.05.215,BCF,5.56,3.3516666666666723,,False
final_similarity70_0,similarity70_cluster_0,primary216,42,extra_trees_structure_context,BIO_6461,CMP_3626e8f507f7fd0a557c,10.1016/j.scitotenv.2016.05.215,BCF,4.74,3.3516666666666723,,False
final_similarity70_0,similarity70_cluster_0,primary216,42,extra_trees_structure_context,BIO_6462,CMP_3626e8f507f7fd0a557c,10.1016/j.scitotenv.2016.05.215,BCF,5.22,3.3516666666666723,,False
final_similarity70_0,similarity70_cluster_0,primary216,42,extra_trees_structure_context,BIO_6463,CMP_3626e8f507f7fd0a557c,10.1016/j.scitotenv.2016.05.215,BCF,4.52,3.3516666666666723,,False
final_similarity70_0,similarity70_cluster_0,primary216,42,extra_trees_structure_context,BIO_6464,CMP_3626e8f507f7fd0a557c,10.1016/j.scitotenv.2016.05.215,BCF,5.5,3.3516666666666723,,False
final_similarity70_0,similarity70_cluster_0,primary216,42,extra_trees_structure_context,BIO_6465,CMP_3626e8f507f7fd0a557c,10.1016/j.scitotenv.2016.05.215,BCF,4.34,3.3516666666666723,,False
final_similarity70_0,similarity70_cluster_0,primary216,42,extra_trees_structure_context,BIO_6472,CMP_277ba9982a59f21d5d1a,10.1016/j.scitotenv.2016.05.215,BCF,5.02,3.3516666666666723,,False
final_similarity70_0,similarity70_cluster_0,primary216,42,extra_trees_structure_context,BIO_6473,CMP_277ba9982a59f21d5d1a,10.1016/j.scitotenv.2016.05.215,BCF,4.45,3.3516666666666723,,False
final_similarity70_0,similarity70_cluster_0,primary216,42,extra_trees_structure_context,BIO_6474,CMP_277ba9982a59f21d5d1a,10.1016/j.scitotenv.2016.05.215,BCF,4.28,3.3516666666666723,,False
final_similarity70_0,similarity70_cluster_0,primary216,42,extra_trees_structure_context,BIO_6475,CMP_277ba9982a59f21d5d1a,10.1016/j.scitotenv.2016.05.215,BCF,3.91,3.3516666666666723,,False
final_similarity70_0,similarity70_cluster_0,primary216,42,extra_trees_structure_context,BIO_6476,CMP_277ba9982a59f21d5d1a,10.1016/j.scitotenv.2016.05.215,BCF,4.84,3.3516666666666723,,False
final_similarity70_0,similarity70_cluster_0,primary216,42,extra_trees_structure_context,BIO_6477,CMP_277ba9982a59f21d5d1a,10.1016/j.scitotenv.2016.05.215,BCF,3.91,3.3516666666666723,,False
final_similarity70_0,similarity70_cluster_0,primary216,42,extra_trees_structure_context,BIO_6495,CMP_ba6c40d3726d16919ab2,10.1016/j.scitotenv.2016.05.215,BCF,4.14,3.3516666666666723,,False
final_similarity70_0,similarity70_cluster_0,primary216,42,extra_trees_structure_context,BIO_6497,CMP_ba6c40d3726d16919ab2,10.1016/j.scitotenv.2016.05.215,BCF,3.64,3.3516666666666723,,False
final_similarity70_0,similarity70_cluster_0,primary216,42,extra_trees_structure_context,BIO_6498,CMP_ba6c40d3726d16919ab2,10.1016/j.scitotenv.2016.05.215,BCF,3.63,3.3516666666666723,,False
final_similarity70_0,similarity70_cluster_0,primary216,42,extra_trees_structure_context,BIO_6499,CMP_ba6c40d3726d16919ab2,10.1016/j.scitotenv.2016.05.215,BCF,4.31,3.3516666666666723,,False
final_similarity70_0,similarity70_cluster_0,primary216,42,extra_trees_structure_context,BIO_6500,CMP_ba6c40d3726d16919ab2,10.1016/j.scitotenv.2016.05.215,BCF,3.81,3.3516666666666723,,False
final_similarity70_0,similarity70_cluster_0,primary216,42,hist_gradient_structure_context,BIO_5705,CMP_622f8f0fcc1502149461,10.1016/j.scitotenv.2016.05.215,BCF,2.15,2.372941176470588,,False
final_similarity70_0,similarity70_cluster_0,primary216,42,hist_gradient_structure_context,BIO_5706,CMP_622f8f0fcc1502149461,10.1016/j.scitotenv.2016.05.215,BCF,1.8,2.372941176470588,,False
final_similarity70_0,similarity70_cluster_0,primary216,42,hist_gradient_structure_context,BIO_5707,CMP_622f8f0fcc1502149461,10.1016/j.scitotenv.2016.05.215,BCF,0.44,2.372941176470588,,False
final_similarity70_0,similarity70_cluster_0,primary216,42,hist_gradient_structure_context,BIO_5708,CMP_622f8f0fcc1502149461,10.1016/j.scitotenv.2016.05.215,BCF,1.05,2.372941176470588,,False
final_similarity70_0,similarity70_cluster_0,primary216,42,hist_gradient_structure_context,BIO_5709,CMP_622f8f0fcc1502149461,10.1016/j.scitotenv.2016.05.215,BCF,1.06,2.372941176470588,,False
final_similarity70_0,similarity70_cluster_0,primary216,42,hist_gradient_structure_context,BIO_5710,CMP_622f8f0fcc1502149461,10.1016/j.scitotenv.2016.05.215,BCF,1.3,2.372941176470588,,False
final_similarity70_0,similarity70_cluster_0,primary216,42,hist_gradient_structure_context,BIO_5771,CMP_5bc76544fcbe477197d1,10.1016/j.scitotenv.2016.05.215,BCF,4.04,2.372941176470588,,False
final_similarity70_0,similarity70_cluster_0,primary216,42,hist_gradient_structure_context,BIO_5772,CMP_5bc76544fcbe477197d1,10.1016/j.scitotenv.2016.05.215,BCF,4.36,2.372941176470588,,False
final_similarity70_0,similarity70_cluster_0,primary216,42,hist_gradient_structure_context,BIO_5773,CMP_5bc76544fcbe477197d1,10.1016/j.scitotenv.2016.05.215,BCF,3.41,2.372941176470588,,False
final_similarity70_0,similarity70_cluster_0,primary216,42,hist_gradient_structure_context,BIO_5774,CMP_5bc76544fcbe477197d1,10.1016/j.scitotenv.2016.05.215,BCF,3.79,2.372941176470588,,False
final_similarity70_0,similarity70_cluster_0,primary216,42,hist_gradient_structure_context,BIO_5775,CMP_5bc76544fcbe477197d1,10.1016/j.scitotenv.2016.05.215,BCF,4.0,2.372941176470588,,False
final_similarity70_0,similarity70_cluster_0,primary216,42,hist_gradient_structure_context,BIO_5776,CMP_5bc76544fcbe477197d1,10.1016/j.scitotenv.2016.05.215,BCF,3.99,2.372941176470588,,False
final_similarity70_0,similarity70_cluster_0,primary216,42,hist_gradient_structure_context,BIO_5862,CMP_812738d2ca27e93d42c8,10.1016/j.scitotenv.2016.05.215,BCF,4.95,2.372941176470588,,False
final_similarity70_0,similarity70_cluster_0,primary216,42,hist_gradient_structure_context,BIO_5863,CMP_812738d2ca27e93d42c8,10.1016/j.scitotenv.2016.05.215,BCF,4.66,2.372941176470588,,False
final_similarity70_0,similarity70_cluster_0,primary216,42,hist_gradient_structure_context,BIO_5864,CMP_812738d2ca27e93d42c8,10.1016/j.scitotenv.2016.05.215,BCF,3.77,2.372941176470588,,False
final_similarity70_0,similarity70_cluster_0,primary216,42,hist_gradient_structure_context,BIO_5865,CMP_812738d2ca27e93d42c8,10.1016/j.scitotenv.2016.05.215,BCF,3.66,2.372941176470588,,False
final_similarity70_0,similarity70_cluster_0,primary216,42,hist_gradient_structure_context,BIO_5866,CMP_812738d2ca27e93d42c8,10.1016/j.scitotenv.2016.05.215,BCF,4.33,2.372941176470588,,False
final_similarity70_0,similarity70_cluster_0,primary216,42,hist_gradient_structure_context,BIO_5867,CMP_812738d2ca27e93d42c8,10.1016/j.scitotenv.2016.05.215,BCF,3.65,2.372941176470588,,False
final_similarity70_0,similarity70_cluster_0,primary216,42,hist_gradient_structure_context,BIO_5944,CMP_d645aa79f55e85d0da2e,10.1016/j.scitotenv.2016.05.215,BCF,1.73,2.372941176470588,,False
final_similarity70_0,similarity70_cluster_0,primary216,42,hist_gradient_structure_context,BIO_5945,CMP_d645aa79f55e85d0da2e,10.1016/j.scitotenv.2016.05.215,BCF,1.7,2.372941176470588,,False
final_similarity70_0,similarity70_cluster_0,primary216,42,hist_gradient_structure_context,BIO_5946,CMP_d645aa79f55e85d0da2e,10.1016/j.scitotenv.2016.05.215,BCF,0.75,2.372941176470588,,False
final_similarity70_0,similarity70_cluster_0,primary216,42,hist_gradient_structure_context,BIO_5947,CMP_d645aa79f55e85d0da2e,10.1016/j.scitotenv.2016.05.215,BCF,0.67,2.372941176470588,,False
final_similarity70_0,similarity70_cluster_0,primary216,42,hist_gradient_structure_context,BIO_5948,CMP_d645aa79f55e85d0da2e,10.1016/j.scitotenv.2016.05.215,BCF,1.02,2.372941176470588,,False
final_similarity70_0,similarity70_cluster_0,primary216,42,hist_gradient_structure_context,BIO_5949,CMP_d645aa79f55e85d0da2e,10.1016/j.scitotenv.2016.05.215,BCF,1.06,2.372941176470588,,False
final_similarity70_0,similarity70_cluster_0,primary216,42,hist_gradient_structure_context,BIO_6077,CMP_8e58943e0a19095fb6f4,10.1016/j.scitotenv.2016.05.215,BCF,3.18,2.372941176470588,,False
final_similarity70_0,similarity70_cluster_0,primary216,42,hist_gradient_structure_context,BIO_6078,CMP_8e58943e0a19095fb6f4,10.1016/j.scitotenv.2016.05.215,BCF,3.45,2.372941176470588,,False
final_similarity70_0,similarity70_cluster_0,primary216,42,hist_gradient_structure_context,BIO_6079,CMP_8e58943e0a19095fb6f4,10.1016/j.scitotenv.2016.05.215,BCF,2.64,2.372941176470588,,False
final_similarity70_0,similarity70_cluster_0,primary216,42,hist_gradient_structure_context,BIO_6080,CMP_8e58943e0a19095fb6f4,10.1016/j.scitotenv.2016.05.215,BCF,2.85,2.372941176470588,,False
final_similarity70_0,similarity70_cluster_0,primary216,42,hist_gradient_structure_context,BIO_6081,CMP_8e58943e0a19095fb6f4,10.1016/j.scitotenv.2016.05.215,BCF,3.33,2.372941176470588,,False
final_similarity70_0,similarity70_cluster_0,primary216,42,hist_gradient_structure_context,BIO_6082,CMP_8e58943e0a19095fb6f4,10.1016/j.scitotenv.2016.05.215,BCF,3.37,2.372941176470588,,False
final_similarity70_0,similarity70_cluster_0,primary216,42,hist_gradient_structure_context,BIO_6177,CMP_d156c7f61581a866704b,10.1016/j.scitotenv.2016.05.215,BCF,2.39,2.372941176470588,,False
final_similarity70_0,similarity70_cluster_0,primary216,42,hist_gradient_structure_context,BIO_6178,CMP_d156c7f61581a866704b,10.1016/j.scitotenv.2016.05.215,BCF,2.43,2.372941176470588,,False
final_similarity70_0,similarity70_cluster_0,primary216,42,hist_gradient_structure_context,BIO_6179,CMP_d156c7f61581a866704b,10.1016/j.scitotenv.2016.05.215,BCF,1.52,2.372941176470588,,False
final_similarity70_0,similarity70_cluster_0,primary216,42,hist_gradient_structure_context,BIO_6181,CMP_d156c7f61581a866704b,10.1016/j.scitotenv.2016.05.215,BCF,2.24,2.372941176470588,,False
final_similarity70_0,similarity70_cluster_0,primary216,42,hist_gradient_structure_context,BIO_6182,CMP_d156c7f61581a866704b,10.1016/j.scitotenv.2016.05.215,BCF,2.02,2.372941176470588,,False
final_similarity70_0,similarity70_cluster_0,primary216,42,hist_gradient_structure_context,BIO_6460,CMP_3626e8f507f7fd0a557c,10.1016/j.scitotenv.2016.05.215,BCF,5.56,2.372941176470588,,False
final_similarity70_0,similarity70_cluster_0,primary216,42,hist_gradient_structure_context,BIO_6461,CMP_3626e8f507f7fd0a557c,10.1016/j.scitotenv.2016.05.215,BCF,4.74,2.372941176470588,,False
final_similarity70_0,similarity70_cluster_0,primary216,42,hist_gradient_structure_context,BIO_6462,CMP_3626e8f507f7fd0a557c,10.1016/j.scitotenv.2016.05.215,BCF,5.22,2.372941176470588,,False
final_similarity70_0,similarity70_cluster_0,primary216,42,hist_gradient_structure_context,BIO_6463,CMP_3626e8f507f7fd0a557c,10.1016/j.scitotenv.2016.05.215,BCF,4.52,2.372941176470588,,False
final_similarity70_0,similarity70_cluster_0,primary216,42,hist_gradient_structure_context,BIO_6464,CMP_3626e8f507f7fd0a557c,10.1016/j.scitotenv.2016.05.215,BCF,5.5,2.372941176470588,,False
final_similarity70_0,similarity70_cluster_0,primary216,42,hist_gradient_structure_context,BIO_6465,CMP_3626e8f507f7fd0a557c,10.1016/j.scitotenv.2016.05.215,BCF,4.34,2.372941176470588,,False
final_similarity70_0,similarity70_cluster_0,primary216,42,hist_gradient_structure_context,BIO_6472,CMP_277ba9982a59f21d5d1a,10.1016/j.scitotenv.2016.05.215,BCF,5.02,2.372941176470588,,False
final_similarity70_0,similarity70_cluster_0,primary216,42,hist_gradient_structure_context,BIO_6473,CMP_277ba9982a59f21d5d1a,10.1016/j.scitotenv.2016.05.215,BCF,4.45,2.372941176470588,,False
final_similarity70_0,similarity70_cluster_0,primary216,42,hist_gradient_structure_context,BIO_6474,CMP_277ba9982a59f21d5d1a,10.1016/j.scitotenv.2016.05.215,BCF,4.28,2.372941176470588,,False
final_similarity70_0,similarity70_cluster_0,primary216,42,hist_gradient_structure_context,BIO_6475,CMP_277ba9982a59f21d5d1a,10.1016/j.scitotenv.2016.05.215,BCF,3.91,2.372941176470588,,False
final_similarity70_0,similarity70_cluster_0,primary216,42,hist_gradient_structure_context,BIO_6476,CMP_277ba9982a59f21d5d1a,10.1016/j.scitotenv.2016.05.215,BCF,4.84,2.372941176470588,,False
final_similarity70_0,similarity70_cluster_0,primary216,42,hist_gradient_structure_context,BIO_6477,CMP_277ba9982a59f21d5d1a,10.1016/j.scitotenv.2016.05.215,BCF,3.91,2.372941176470588,,False
final_similarity70_0,similarity70_cluster_0,primary216,42,hist_gradient_structure_context,BIO_6495,CMP_ba6c40d3726d16919ab2,10.1016/j.scitotenv.2016.05.215,BCF,4.14,2.372941176470588,,False
final_similarity70_0,similarity70_cluster_0,primary216,42,hist_gradient_structure_context,BIO_6497,CMP_ba6c40d3726d16919ab2,10.1016/j.scitotenv.2016.05.215,BCF,3.64,2.372941176470588,,False
final_similarity70_0,similarity70_cluster_0,primary216,42,hist_gradient_structure_context,BIO_6498,CMP_ba6c40d3726d16919ab2,10.1016/j.scitotenv.2016.05.215,BCF,3.63,2.372941176470588,,False
final_similarity70_0,similarity70_cluster_0,primary216,42,hist_gradient_structure_context,BIO_6499,CMP_ba6c40d3726d16919ab2,10.1016/j.scitotenv.2016.05.215,BCF,4.31,2.372941176470588,,False
final_similarity70_0,similarity70_cluster_0,primary216,42,hist_gradient_structure_context,BIO_6500,CMP_ba6c40d3726d16919ab2,10.1016/j.scitotenv.2016.05.215,BCF,3.81,2.372941176470588,,False
final_similarity70_0,similarity70_cluster_0,primary216,42,nearest_chemical_context,BIO_5705,CMP_622f8f0fcc1502149461,10.1016/j.scitotenv.2016.05.215,BCF,2.15,1.24,,False
final_similarity70_0,similarity70_cluster_0,primary216,42,nearest_chemical_context,BIO_5706,CMP_622f8f0fcc1502149461,10.1016/j.scitotenv.2016.05.215,BCF,1.8,1.24,,False
final_similarity70_0,similarity70_cluster_0,primary216,42,nearest_chemical_context,BIO_5707,CMP_622f8f0fcc1502149461,10.1016/j.scitotenv.2016.05.215,BCF,0.44,0.66,,False
final_similarity70_0,similarity70_cluster_0,primary216,42,nearest_chemical_context,BIO_5708,CMP_622f8f0fcc1502149461,10.1016/j.scitotenv.2016.05.215,BCF,1.05,0.66,,False
final_similarity70_0,similarity70_cluster_0,primary216,42,nearest_chemical_context,BIO_5709,CMP_622f8f0fcc1502149461,10.1016/j.scitotenv.2016.05.215,BCF,1.06,1.72,,False
final_similarity70_0,similarity70_cluster_0,primary216,42,nearest_chemical_context,BIO_5710,CMP_622f8f0fcc1502149461,10.1016/j.scitotenv.2016.05.215,BCF,1.3,1.72,,False
final_similarity70_0,similarity70_cluster_0,primary216,42,nearest_chemical_context,BIO_5771,CMP_5bc76544fcbe477197d1,10.1016/j.scitotenv.2016.05.215,BCF,4.04,2.56,,False
final_similarity70_0,similarity70_cluster_0,primary216,42,nearest_chemical_context,BIO_5772,CMP_5bc76544fcbe477197d1,10.1016/j.scitotenv.2016.05.215,BCF,4.36,2.56,,False
final_similarity70_0,similarity70_cluster_0,primary216,42,nearest_chemical_context,BIO_5773,CMP_5bc76544fcbe477197d1,10.1016/j.scitotenv.2016.05.215,BCF,3.41,1.69,,False
final_similarity70_0,similarity70_cluster_0,primary216,42,nearest_chemical_context,BIO_5774,CMP_5bc76544fcbe477197d1,10.1016/j.scitotenv.2016.05.215,BCF,3.79,1.69,,False
final_similarity70_0,similarity70_cluster_0,primary216,42,nearest_chemical_context,BIO_5775,CMP_5bc76544fcbe477197d1,10.1016/j.scitotenv.2016.05.215,BCF,4.0,2.74,,False
final_similarity70_0,similarity70_cluster_0,primary216,42,nearest_chemical_context,BIO_5776,CMP_5bc76544fcbe477197d1,10.1016/j.scitotenv.2016.05.215,BCF,3.99,2.74,,False
final_similarity70_0,similarity70_cluster_0,primary216,42,nearest_chemical_context,BIO_5862,CMP_812738d2ca27e93d42c8,10.1016/j.scitotenv.2016.05.215,BCF,4.95,2.56,,False
final_similarity70_0,similarity70_cluster_0,primary216,42,nearest_chemical_context,BIO_5863,CMP_812738d2ca27e93d42c8,10.1016/j.scitotenv.2016.05.215,BCF,4.66,2.56,,False
final_similarity70_0,similarity70_cluster_0,primary216,42,nearest_chemical_context,BIO_5864,CMP_812738d2ca27e93d42c8,10.1016/j.scitotenv.2016.05.215,BCF,3.77,1.69,,False
final_similarity70_0,similarity70_cluster_0,primary216,42,nearest_chemical_context,BIO_5865,CMP_812738d2ca27e93d42c8,10.1016/j.scitotenv.2016.05.215,BCF,3.66,1.69,,False
final_similarity70_0,similarity70_cluster_0,primary216,42,nearest_chemical_context,BIO_5866,CMP_812738d2ca27e93d42c8,10.1016/j.scitotenv.2016.05.215,BCF,4.33,2.74,,False
final_similarity70_0,similarity70_cluster_0,primary216,42,nearest_chemical_context,BIO_5867,CMP_812738d2ca27e93d42c8,10.1016/j.scitotenv.2016.05.215,BCF,3.65,2.74,,False
final_similarity70_0,similarity70_cluster_0,primary216,42,nearest_chemical_context,BIO_5944,CMP_d645aa79f55e85d0da2e,10.1016/j.scitotenv.2016.05.215,BCF,1.73,2.56,,False
final_similarity70_0,similarity70_cluster_0,primary216,42,nearest_chemical_context,BIO_5945,CMP_d645aa79f55e85d0da2e,10.1016/j.scitotenv.2016.05.215,BCF,1.7,2.56,,False
final_similarity70_0,similarity70_cluster_0,primary216,42,nearest_chemical_context,BIO_5946,CMP_d645aa79f55e85d0da2e,10.1016/j.scitotenv.2016.05.215,BCF,0.75,1.69,,False
final_similarity70_0,similarity70_cluster_0,primary216,42,nearest_chemical_context,BIO_5947,CMP_d645aa79f55e85d0da2e,10.1016/j.scitotenv.2016.05.215,BCF,0.67,1.69,,False
final_similarity70_0,similarity70_cluster_0,primary216,42,nearest_chemical_context,BIO_5948,CMP_d645aa79f55e85d0da2e,10.1016/j.scitotenv.2016.05.215,BCF,1.02,2.74,,False
final_similarity70_0,similarity70_cluster_0,primary216,42,nearest_chemical_context,BIO_5949,CMP_d645aa79f55e85d0da2e,10.1016/j.scitotenv.2016.05.215,BCF,1.06,2.74,,False
final_similarity70_0,similarity70_cluster_0,primary216,42,nearest_chemical_context,BIO_6077,CMP_8e58943e0a19095fb6f4,10.1016/j.scitotenv.2016.05.215,BCF,3.18,2.56,,False
final_similarity70_0,similarity70_cluster_0,primary216,42,nearest_chemical_context,BIO_6078,CMP_8e58943e0a19095fb6f4,10.1016/j.scitotenv.2016.05.215,BCF,3.45,2.56,,False
final_similarity70_0,similarity70_cluster_0,primary216,42,nearest_chemical_context,BIO_6079,CMP_8e58943e0a19095fb6f4,10.1016/j.scitotenv.2016.05.215,BCF,2.64,1.69,,False
final_similarity70_0,similarity70_cluster_0,primary216,42,nearest_chemical_context,BIO_6080,CMP_8e58943e0a19095fb6f4,10.1016/j.scitotenv.2016.05.215,BCF,2.85,1.69,,False
final_similarity70_0,similarity70_cluster_0,primary216,42,nearest_chemical_context,BIO_6081,CMP_8e58943e0a19095fb6f4,10.1016/j.scitotenv.2016.05.215,BCF,3.33,2.74,,False
final_similarity70_0,similarity70_cluster_0,primary216,42,nearest_chemical_context,BIO_6082,CMP_8e58943e0a19095fb6f4,10.1016/j.scitotenv.2016.05.215,BCF,3.37,2.74,,False
final_similarity70_0,similarity70_cluster_0,primary216,42,nearest_chemical_context,BIO_6177,CMP_d156c7f61581a866704b,10.1016/j.scitotenv.2016.05.215,BCF,2.39,2.56,,False
final_similarity70_0,similarity70_cluster_0,primary216,42,nearest_chemical_context,BIO_6178,CMP_d156c7f61581a866704b,10.1016/j.scitotenv.2016.05.215,BCF,2.43,2.56,,False
final_similarity70_0,similarity70_cluster_0,primary216,42,nearest_chemical_context,BIO_6179,CMP_d156c7f61581a866704b,10.1016/j.scitotenv.2016.05.215,BCF,1.52,1.69,,False
final_similarity70_0,similarity70_cluster_0,primary216,42,nearest_chemical_context,BIO_6181,CMP_d156c7f61581a866704b,10.1016/j.scitotenv.2016.05.215,BCF,2.24,2.74,,False
final_similarity70_0,similarity70_cluster_0,primary216,42,nearest_chemical_context,BIO_6182,CMP_d156c7f61581a866704b,10.1016/j.scitotenv.2016.05.215,BCF,2.02,2.74,,False
final_similarity70_0,similarity70_cluster_0,primary216,42,nearest_chemical_context,BIO_6460,CMP_3626e8f507f7fd0a557c,10.1016/j.scitotenv.2016.05.215,BCF,5.56,2.56,,False
final_similarity70_0,similarity70_cluster_0,primary216,42,nearest_chemical_context,BIO_6461,CMP_3626e8f507f7fd0a557c,10.1016/j.scitotenv.2016.05.215,BCF,4.74,2.56,,False
final_similarity70_0,similarity70_cluster_0,primary216,42,nearest_chemical_context,BIO_6462,CMP_3626e8f507f7fd0a557c,10.1016/j.scitotenv.2016.05.215,BCF,5.22,1.69,,False
final_similarity70_0,similarity70_cluster_0,primary216,42,nearest_chemical_context,BIO_6463,CMP_3626e8f507f7fd0a557c,10.1016/j.scitotenv.2016.05.215,BCF,4.52,1.69,,False
final_similarity70_0,similarity70_cluster_0,primary216,42,nearest_chemical_context,BIO_6464,CMP_3626e8f507f7fd0a557c,10.1016/j.scitotenv.2016.05.215,BCF,5.5,2.74,,False
final_similarity70_0,similarity70_cluster_0,primary216,42,nearest_chemical_context,BIO_6465,CMP_3626e8f507f7fd0a557c,10.1016/j.scitotenv.2016.05.215,BCF,4.34,2.74,,False
final_similarity70_0,similarity70_cluster_0,primary216,42,nearest_chemical_context,BIO_6472,CMP_277ba9982a59f21d5d1a,10.1016/j.scitotenv.2016.05.215,BCF,5.02,2.56,,False
final_similarity70_0,similarity70_cluster_0,primary216,42,nearest_chemical_context,BIO_6473,CMP_277ba9982a59f21d5d1a,10.1016/j.scitotenv.2016.05.215,BCF,4.45,2.56,,False
final_similarity70_0,similarity70_cluster_0,primary216,42,nearest_chemical_context,BIO_6474,CMP_277ba9982a59f21d5d1a,10.1016/j.scitotenv.2016.05.215,BCF,4.28,1.69,,False
final_similarity70_0,similarity70_cluster_0,primary216,42,nearest_chemical_context,BIO_6475,CMP_277ba9982a59f21d5d1a,10.1016/j.scitotenv.2016.05.215,BCF,3.91,1.69,,False
final_similarity70_0,similarity70_cluster_0,primary216,42,nearest_chemical_context,BIO_6476,CMP_277ba9982a59f21d5d1a,10.1016/j.scitotenv.2016.05.215,BCF,4.84,2.74,,False
final_similarity70_0,similarity70_cluster_0,primary216,42,nearest_chemical_context,BIO_6477,CMP_277ba9982a59f21d5d1a,10.1016/j.scitotenv.2016.05.215,BCF,3.91,2.74,,False
final_similarity70_0,similarity70_cluster_0,primary216,42,nearest_chemical_context,BIO_6495,CMP_ba6c40d3726d16919ab2,10.1016/j.scitotenv.2016.05.215,BCF,4.14,2.56,,False
final_similarity70_0,similarity70_cluster_0,primary216,42,nearest_chemical_context,BIO_6497,CMP_ba6c40d3726d16919ab2,10.1016/j.scitotenv.2016.05.215,BCF,3.64,1.69,,False
final_similarity70_0,similarity70_cluster_0,primary216,42,nearest_chemical_context,BIO_6498,CMP_ba6c40d3726d16919ab2,10.1016/j.scitotenv.2016.05.215,BCF,3.63,1.69,,False
final_similarity70_0,similarity70_cluster_0,primary216,42,nearest_chemical_context,BIO_6499,CMP_ba6c40d3726d16919ab2,10.1016/j.scitotenv.2016.05.215,BCF,4.31,2.74,,False
final_similarity70_0,similarity70_cluster_0,primary216,42,nearest_chemical_context,BIO_6500,CMP_ba6c40d3726d16919ab2,10.1016/j.scitotenv.2016.05.215,BCF,3.81,2.74,,False
