record_id,id,endpoint,compound_id,citation,doi,raw_file,raw_sha256,sheet,row,cells,raw_cells,conversion_rule,reconstructed_value,historical_value,current_log10,original_parser_match,raw_cell_match,sqlite_match,model_workbook_match,tier,primary_included,original_table_status,original_table_locator,exclusion_reason
BIO_5668,5668,BAF,CMP_45982e78c6ad5f32734e,Loi 2011,10.1021/es200432n,data/raw/ITRC_aquatic.xlsx,bfc24df5dbd2d21341a9580e5053f7a7b89c1ddea1ebe75c55407f4cee27a54d,BCF-BAF Database,31,K31;I31;J31,"{""BAF"": 180, ""BAF Min"": null, ""BAF Max"": null}",reported_database_value,180.0,180.0,2.255272505103306,True,True,True,True,primary_located_not_eligible,False,verified_summary_with_LOQ_substitution,SI Table S7 PDF page 31; phytoplankton; EtFOSAA; mean,sensitivity_only_LOQ_substitution_not_resolved_per_cell; Source explicitly substitutes half LOQ for censored concentrations; cell-specific censoring cannot be removed from summaries
BIO_5669,5669,BAF,CMP_45982e78c6ad5f32734e,Gebbink 2016,10.1021/acs.est.6b01197,data/raw/ITRC_aquatic.xlsx,bfc24df5dbd2d21341a9580e5053f7a7b89c1ddea1ebe75c55407f4cee27a54d,BCF-BAF Database,32,K32;I32;J32,"{""BAF"": 3467.3685045253224, ""BAF Min"": null, ""BAF Max"": null}",reported_database_value,3467.3685045253224,3467.368504525322,3.540000000000001,True,True,True,True,primary_included,True,verified_summary,SI Table S9 PDF page 16; EtFOSAA; herring,Source-qualified endpoint and value under frozen eligibility criteria
BIO_5670,5670,BAF,CMP_45982e78c6ad5f32734e,Gebbink 2016,10.1021/acs.est.6b01197,data/raw/ITRC_aquatic.xlsx,bfc24df5dbd2d21341a9580e5053f7a7b89c1ddea1ebe75c55407f4cee27a54d,BCF-BAF Database,33,K33;I33;J33,"{""BAF"": 25118.86431509586, ""BAF Min"": null, ""BAF Max"": null}",reported_database_value,25118.86431509586,25118.86431509586,4.400000000000001,True,True,True,True,primary_included,True,verified_summary,SI Table S9 PDF page 16; EtFOSAA; zooplankton,Source-qualified endpoint and value under frozen eligibility criteria
BIO_5671,5671,BAF,CMP_45982e78c6ad5f32734e,Gebbink 2016,10.1021/acs.est.6b01197,data/raw/ITRC_aquatic.xlsx,bfc24df5dbd2d21341a9580e5053f7a7b89c1ddea1ebe75c55407f4cee27a54d,BCF-BAF Database,34,K34;I34;J34,"{""BAF"": 2818.382931264456, ""BAF Min"": null, ""BAF Max"": null}",reported_database_value,2818.382931264456,2818.382931264456,3.45,True,True,True,True,primary_included,True,verified_summary,SI Table S9 PDF page 16; EtFOSAA; sprat,Source-qualified endpoint and value under frozen eligibility criteria
BIO_5672,5672,BAF,CMP_b7e2eb89ae6c3db4e807,Shi 2015,10.1021/acs.est.5b04299,data/raw/ITRC_aquatic.xlsx,bfc24df5dbd2d21341a9580e5053f7a7b89c1ddea1ebe75c55407f4cee27a54d,BCF-BAF Database,35,K35;I35;J35,"{""BAF"": 45603.69159512966, ""BAF Min"": 22646.44307593066, ""BAF Max"": 91833.25964835817}",reported_database_value,45603.69159512966,45603.69159512966,4.659000000000001,True,True,True,True,primary_included,True,verified_summary,SI Table S10 PDF page 11; TL; bile; F-53B (6:2); mean,Source-qualified endpoint and value under frozen eligibility criteria
BIO_5673,5673,BAF,CMP_b7e2eb89ae6c3db4e807,Shi 2015,10.1021/acs.est.5b04299,data/raw/ITRC_aquatic.xlsx,bfc24df5dbd2d21341a9580e5053f7a7b89c1ddea1ebe75c55407f4cee27a54d,BCF-BAF Database,36,K36;I36;J36,"{""BAF"": 20558.905959841417, ""BAF Min"": 7744.617978025197, ""BAF Max"": 39719.154946944094}",reported_database_value,20558.905959841417,20558.90595984142,4.313,True,True,True,True,primary_included,True,verified_summary,SI Table S10 PDF page 11; TL; bladder; F-53B (6:2); mean,Source-qualified endpoint and value under frozen eligibility criteria
BIO_5674,5674,BAF,CMP_b7e2eb89ae6c3db4e807,Shi 2015,10.1021/acs.est.5b04299,data/raw/ITRC_aquatic.xlsx,bfc24df5dbd2d21341a9580e5053f7a7b89c1ddea1ebe75c55407f4cee27a54d,BCF-BAF Database,37,K37;I37;J37,"{""BAF"": 164816.23915255076, ""BAF Min"": 54827.696492085386, ""BAF Max"": 311888.95840939373}",reported_database_value,164816.23915255076,164816.2391525508,5.217,True,True,True,True,primary_included,True,verified_summary,SI Table S10 PDF page 11; TL; blood; F-53B (6:2); mean,Source-qualified endpoint and value under frozen eligibility criteria
BIO_5675,5675,BAF,CMP_b7e2eb89ae6c3db4e807,Shi 2015,10.1021/acs.est.5b04299,data/raw/ITRC_aquatic.xlsx,bfc24df5dbd2d21341a9580e5053f7a7b89c1ddea1ebe75c55407f4cee27a54d,BCF-BAF Database,38,K38;I38;J38,"{""BAF"": 25003.453616964336, ""BAF Min"": 16634.126503701715, ""BAF Max"": 54575.786109127126}",reported_database_value,25003.453616964336,25003.45361696434,4.398000000000001,True,True,True,True,primary_included,True,verified_summary,SI Table S10 PDF page 11; TL; brain; F-53B (6:2); mean,Source-qualified endpoint and value under frozen eligibility criteria
BIO_5676,5676,BAF,CMP_b7e2eb89ae6c3db4e807,Shi 2015,10.1021/acs.est.5b04299,data/raw/ITRC_aquatic.xlsx,bfc24df5dbd2d21341a9580e5053f7a7b89c1ddea1ebe75c55407f4cee27a54d,BCF-BAF Database,39,K39;I39;J39,"{""BAF"": 30408.8502567628, ""BAF Min"": 12217.996601648714, ""BAF Max"": 49090.78761526032}",reported_database_value,30408.8502567628,30408.8502567628,4.4830000000000005,True,True,True,True,primary_included,True,verified_summary,SI Table S10 PDF page 11; TL; gill; F-53B (6:2); mean,Source-qualified endpoint and value under frozen eligibility criteria
BIO_5677,5677,BAF,CMP_b7e2eb89ae6c3db4e807,Shi 2015,10.1021/acs.est.5b04299,data/raw/ITRC_aquatic.xlsx,bfc24df5dbd2d21341a9580e5053f7a7b89c1ddea1ebe75c55407f4cee27a54d,BCF-BAF Database,40,K40;I40;J40,"{""BAF"": 49317.38039549359, ""BAF Min"": 18071.74126010927, ""BAF Max"": 91622.04901219999}",reported_database_value,49317.38039549359,49317.38039549359,4.693,True,True,True,True,primary_included,True,verified_summary,SI Table S10 PDF page 11; TL; gonad; F-53B (6:2); mean,Source-qualified endpoint and value under frozen eligibility criteria
BIO_5678,5678,BAF,CMP_b7e2eb89ae6c3db4e807,Shi 2015,10.1021/acs.est.5b04299,data/raw/ITRC_aquatic.xlsx,bfc24df5dbd2d21341a9580e5053f7a7b89c1ddea1ebe75c55407f4cee27a54d,BCF-BAF Database,41,K41;I41;J41,"{""BAF"": 65162.83940608435, ""BAF Min"": 28313.919957993836, ""BAF Max"": 109647.81961431868}",reported_database_value,65162.83940608435,65162.83940608435,4.814000000000001,True,True,True,True,primary_included,True,verified_summary,SI Table S10 PDF page 11; TL; heart; F-53B (6:2); mean,Source-qualified endpoint and value under frozen eligibility criteria
BIO_5679,5679,BAF,CMP_b7e2eb89ae6c3db4e807,Shi 2015,10.1021/acs.est.5b04299,data/raw/ITRC_aquatic.xlsx,bfc24df5dbd2d21341a9580e5053f7a7b89c1ddea1ebe75c55407f4cee27a54d,BCF-BAF Database,42,K42;I42;J42,"{""BAF"": 90782.05301781866, ""BAF Min"": 25292.979964461425, ""BAF Max"": 237137.37056616598}",reported_database_value,90782.05301781866,90782.05301781866,4.958,True,True,True,True,primary_included,True,verified_summary,SI Table S10 PDF page 11; TL; kidney; F-53B (6:2); mean,Source-qualified endpoint and value under frozen eligibility criteria
BIO_5680,5680,BAF,CMP_b7e2eb89ae6c3db4e807,Shi 2015,10.1021/acs.est.5b04299,data/raw/ITRC_aquatic.xlsx,bfc24df5dbd2d21341a9580e5053f7a7b89c1ddea1ebe75c55407f4cee27a54d,BCF-BAF Database,43,K43;I43;J43,"{""BAF"": 63386.97112569269, ""BAF Min"": 41399.967481973115, ""BAF Max"": 86297.85477669716}",reported_database_value,63386.97112569269,63386.97112569269,4.802,True,True,True,True,primary_included,True,verified_summary,SI Table S10 PDF page 11; TL; liver; F-53B (6:2); mean,Source-qualified endpoint and value under frozen eligibility criteria
BIO_5681,5681,BAF,CMP_b7e2eb89ae6c3db4e807,Shi 2015,10.1021/acs.est.5b04299,data/raw/ITRC_aquatic.xlsx,bfc24df5dbd2d21341a9580e5053f7a7b89c1ddea1ebe75c55407f4cee27a54d,BCF-BAF Database,44,K44;I44;J44,"{""BAF"": 6839.116472814298, ""BAF Min"": 4920.395356814517, ""BAF Max"": 10814.339512979379}",reported_database_value,6839.116472814298,6839.116472814298,3.835,True,True,True,True,primary_included,True,verified_summary,SI Table S10 PDF page 11; TL; muscle; F-53B (6:2); mean,Source-qualified endpoint and value under frozen eligibility criteria
BIO_5682,5682,BAF,CMP_b7e2eb89ae6c3db4e807,Shi 2015,10.1021/acs.est.5b04299,data/raw/ITRC_aquatic.xlsx,bfc24df5dbd2d21341a9580e5053f7a7b89c1ddea1ebe75c55407f4cee27a54d,BCF-BAF Database,45,K45;I45;J45,"{""BAF"": 21232.444620002214, ""BAF Min"": 10046.157902783956, ""BAF Max"": 35318.31697919574}",reported_database_value,21232.444620002214,21232.44462000221,4.327,True,True,True,True,primary_located_not_eligible,False,verified_summary,SI Table S10 PDF page 11; TL; whole body; F-53B (6:2); mean,sensitivity_only_whole_body_reconstructed_from_tissues; Mean logBAF; shared study/site fish; whole body reconstructed from tissue contributions where applicable; not individual measurements
BIO_5683,5683,BAF,CMP_b7e2eb89ae6c3db4e807,Shi 2015,10.1021/acs.est.5b04299,data/raw/ITRC_aquatic.xlsx,bfc24df5dbd2d21341a9580e5053f7a7b89c1ddea1ebe75c55407f4cee27a54d,BCF-BAF Database,46,K46;I46;J46,"{""BAF"": 76207.90100254127, ""BAF Min"": 30974.192992165816, ""BAF Max"": 136144.46824659524}",reported_database_value,76207.90100254127,76207.90100254127,4.882000000000001,True,True,True,True,primary_included,True,verified_summary,SI Table S10 PDF page 11; XR; bile; F-53B (6:2); mean,Source-qualified endpoint and value under frozen eligibility criteria
BIO_5684,5684,BAF,CMP_b7e2eb89ae6c3db4e807,Shi 2015,10.1021/acs.est.5b04299,data/raw/ITRC_aquatic.xlsx,bfc24df5dbd2d21341a9580e5053f7a7b89c1ddea1ebe75c55407f4cee27a54d,BCF-BAF Database,47,K47;I47;J47,"{""BAF"": 40179.08108489405, ""BAF Min"": 8729.713683881118, ""BAF Max"": 74989.42093324568}",reported_database_value,40179.08108489405,40179.08108489405,4.604000000000001,True,True,True,True,primary_included,True,verified_summary,SI Table S10 PDF page 11; XR; bladder; F-53B (6:2); mean,Source-qualified endpoint and value under frozen eligibility criteria
BIO_5685,5685,BAF,CMP_b7e2eb89ae6c3db4e807,Shi 2015,10.1021/acs.est.5b04299,data/raw/ITRC_aquatic.xlsx,bfc24df5dbd2d21341a9580e5053f7a7b89c1ddea1ebe75c55407f4cee27a54d,BCF-BAF Database,48,K48;I48;J48,"{""BAF"": 112719.74561755096, ""BAF Min"": 35645.11334262444, ""BAF Max"": 208449.08830972927}",reported_database_value,112719.74561755096,112719.745617551,5.052,True,True,True,True,primary_included,True,verified_summary,SI Table S10 PDF page 11; XR; blood; F-53B (6:2); mean,Source-qualified endpoint and value under frozen eligibility criteria
BIO_5686,5686,BAF,CMP_b7e2eb89ae6c3db4e807,Shi 2015,10.1021/acs.est.5b04299,data/raw/ITRC_aquatic.xlsx,bfc24df5dbd2d21341a9580e5053f7a7b89c1ddea1ebe75c55407f4cee27a54d,BCF-BAF Database,49,K49;I49;J49,"{""BAF"": 36475.39469256086, ""BAF Min"": 14689.262776438678, ""BAF Max"": 66988.4609416527}",reported_database_value,36475.39469256086,36475.39469256086,4.562000000000001,True,True,True,True,primary_included,True,verified_summary,SI Table S10 PDF page 11; XR; brain; F-53B (6:2); mean,Source-qualified endpoint and value under frozen eligibility criteria
BIO_5687,5687,BAF,CMP_b7e2eb89ae6c3db4e807,Shi 2015,10.1021/acs.est.5b04299,data/raw/ITRC_aquatic.xlsx,bfc24df5dbd2d21341a9580e5053f7a7b89c1ddea1ebe75c55407f4cee27a54d,BCF-BAF Database,50,K50;I50;J50,"{""BAF"": 44874.538993313276, ""BAF Min"": 19186.687406702935, ""BAF Max"": 81658.2371358593}",reported_database_value,44874.538993313276,44874.53899331328,4.652000000000001,True,True,True,True,primary_included,True,verified_summary,SI Table S10 PDF page 11; XR; gill; F-53B (6:2); mean,Source-qualified endpoint and value under frozen eligibility criteria
BIO_5688,5688,BAF,CMP_b7e2eb89ae6c3db4e807,Shi 2015,10.1021/acs.est.5b04299,data/raw/ITRC_aquatic.xlsx,bfc24df5dbd2d21341a9580e5053f7a7b89c1ddea1ebe75c55407f4cee27a54d,BCF-BAF Database,51,K51;I51;J51,"{""BAF"": 62805.835881331834, ""BAF Min"": 13304.544179780922, ""BAF Max"": 149623.56560944338}",reported_database_value,62805.835881331834,62805.83588133183,4.798,True,True,True,True,primary_included,True,verified_summary,SI Table S10 PDF page 11; XR; gonad; F-53B (6:2); mean,Source-qualified endpoint and value under frozen eligibility criteria
BIO_5689,5689,BAF,CMP_b7e2eb89ae6c3db4e807,Shi 2015,10.1021/acs.est.5b04299,data/raw/ITRC_aquatic.xlsx,bfc24df5dbd2d21341a9580e5053f7a7b89c1ddea1ebe75c55407f4cee27a54d,BCF-BAF Database,52,K52;I52;J52,"{""BAF"": 49203.953568145145, ""BAF Min"": 10568.175092136602, ""BAF Max"": 81658.2371358593}",reported_database_value,49203.953568145145,49203.95356814515,4.692,True,True,True,True,primary_included,True,verified_summary,SI Table S10 PDF page 11; XR; heart; F-53B (6:2); mean,Source-qualified endpoint and value under frozen eligibility criteria
BIO_5690,5690,BAF,CMP_b7e2eb89ae6c3db4e807,Shi 2015,10.1021/acs.est.5b04299,data/raw/ITRC_aquatic.xlsx,bfc24df5dbd2d21341a9580e5053f7a7b89c1ddea1ebe75c55407f4cee27a54d,BCF-BAF Database,53,K53;I53;J53,"{""BAF"": 65162.83940608435, ""BAF Min"": 14996.84835502376, ""BAF Max"": 126182.75345906729}",reported_database_value,65162.83940608435,65162.83940608435,4.814000000000001,True,True,True,True,primary_included,True,verified_summary,SI Table S10 PDF page 11; XR; kidney; F-53B (6:2); mean,Source-qualified endpoint and value under frozen eligibility criteria
BIO_5691,5691,BAF,CMP_b7e2eb89ae6c3db4e807,Shi 2015,10.1021/acs.est.5b04299,data/raw/ITRC_aquatic.xlsx,bfc24df5dbd2d21341a9580e5053f7a7b89c1ddea1ebe75c55407f4cee27a54d,BCF-BAF Database,54,K54;I54;J54,"{""BAF"": 51286.138399136544, ""BAF Min"": 16180.800376430658, ""BAF Max"": 90782.05301781866}",reported_database_value,51286.138399136544,51286.13839913654,4.710000000000001,True,True,True,True,primary_included,True,verified_summary,SI Table S10 PDF page 11; XR; liver; F-53B (6:2); mean,Source-qualified endpoint and value under frozen eligibility criteria
BIO_5692,5692,BAF,CMP_b7e2eb89ae6c3db4e807,Shi 2015,10.1021/acs.est.5b04299,data/raw/ITRC_aquatic.xlsx,bfc24df5dbd2d21341a9580e5053f7a7b89c1ddea1ebe75c55407f4cee27a54d,BCF-BAF Database,55,K55;I55;J55,"{""BAF"": 8511.380382023777, ""BAF Min"": 2409.9054286865976, ""BAF Max"": 15559.65631605075}",reported_database_value,8511.380382023777,8511.380382023777,3.9300000000000006,True,True,True,True,primary_included,True,verified_summary,SI Table S10 PDF page 11; XR; muscle; F-53B (6:2); mean,Source-qualified endpoint and value under frozen eligibility criteria
BIO_5693,5693,BAF,CMP_b7e2eb89ae6c3db4e807,Shi 2015,10.1021/acs.est.5b04299,data/raw/ITRC_aquatic.xlsx,bfc24df5dbd2d21341a9580e5053f7a7b89c1ddea1ebe75c55407f4cee27a54d,BCF-BAF Database,56,K56;I56;J56,"{""BAF"": 13931.56802945304, ""BAF Min"": 5023.425895223875, ""BAF Max"": 21877.61623949555}",reported_database_value,13931.56802945304,13931.56802945304,4.144,True,True,True,True,primary_located_not_eligible,False,verified_summary,SI Table S10 PDF page 11; XR; whole body; F-53B (6:2); mean,sensitivity_only_whole_body_reconstructed_from_tissues; Mean logBAF; shared study/site fish; whole body reconstructed from tissue contributions where applicable; not individual measurements
BIO_5694,5694,BAF,CMP_cfdde373a2a8c04668f0,Gebbink 2016,10.1021/acs.est.6b01197,data/raw/ITRC_aquatic.xlsx,bfc24df5dbd2d21341a9580e5053f7a7b89c1ddea1ebe75c55407f4cee27a54d,BCF-BAF Database,57,K57;I57;J57,"{""BAF"": 20892.961308540423, ""BAF Min"": null, ""BAF Max"": null}",reported_database_value,20892.961308540423,20892.96130854042,4.32,True,True,True,True,primary_included,True,verified_summary,SI Table S9 PDF page 16; L-PFOS; herring,Source-qualified endpoint and value under frozen eligibility criteria
BIO_5695,5695,BAF,CMP_cfdde373a2a8c04668f0,Gebbink 2016,10.1021/acs.est.6b01197,data/raw/ITRC_aquatic.xlsx,bfc24df5dbd2d21341a9580e5053f7a7b89c1ddea1ebe75c55407f4cee27a54d,BCF-BAF Database,58,K58;I58;J58,"{""BAF"": 295.12092266663893, ""BAF Min"": null, ""BAF Max"": null}",reported_database_value,295.12092266663893,295.1209226666389,2.4700000000000006,True,True,True,True,primary_included,True,verified_summary,SI Table S9 PDF page 16; L-PFOS; zooplankton,Source-qualified endpoint and value under frozen eligibility criteria
BIO_5696,5696,BAF,CMP_cfdde373a2a8c04668f0,Gebbink 2016,10.1021/acs.est.6b01197,data/raw/ITRC_aquatic.xlsx,bfc24df5dbd2d21341a9580e5053f7a7b89c1ddea1ebe75c55407f4cee27a54d,BCF-BAF Database,59,K59;I59;J59,"{""BAF"": 22387.211385683382, ""BAF Min"": null, ""BAF Max"": null}",reported_database_value,22387.211385683382,22387.21138568338,4.35,True,True,True,True,primary_included,True,verified_summary,SI Table S9 PDF page 16; L-PFOS; sprat,Source-qualified endpoint and value under frozen eligibility criteria
BIO_5697,5697,BAF,CMP_6a78ec62602000d01409,Gebbink 2016,10.1021/acs.est.6b01197,data/raw/ITRC_aquatic.xlsx,bfc24df5dbd2d21341a9580e5053f7a7b89c1ddea1ebe75c55407f4cee27a54d,BCF-BAF Database,60,K60;I60;J60,"{""BAF"": 2884.0315031266077, ""BAF Min"": null, ""BAF Max"": null}",reported_database_value,2884.0315031266077,2884.031503126608,3.4600000000000004,True,True,True,True,primary_included,True,verified_summary,SI Table S9 PDF page 16; L-FOSA; herring,Source-qualified endpoint and value under frozen eligibility criteria
BIO_5698,5698,BAF,CMP_6a78ec62602000d01409,Gebbink 2016,10.1021/acs.est.6b01197,data/raw/ITRC_aquatic.xlsx,bfc24df5dbd2d21341a9580e5053f7a7b89c1ddea1ebe75c55407f4cee27a54d,BCF-BAF Database,61,K61;I61;J61,"{""BAF"": 1513.5612484362093, ""BAF Min"": null, ""BAF Max"": null}",reported_database_value,1513.5612484362093,1513.561248436209,3.18,True,True,True,True,primary_included,True,verified_summary,SI Table S9 PDF page 16; L-FOSA; zooplankton,Source-qualified endpoint and value under frozen eligibility criteria
BIO_5699,5699,BAF,CMP_6a78ec62602000d01409,Gebbink 2016,10.1021/acs.est.6b01197,data/raw/ITRC_aquatic.xlsx,bfc24df5dbd2d21341a9580e5053f7a7b89c1ddea1ebe75c55407f4cee27a54d,BCF-BAF Database,62,K62;I62;J62,"{""BAF"": 2818.382931264456, ""BAF Min"": null, ""BAF Max"": null}",reported_database_value,2818.382931264456,2818.382931264456,3.45,True,True,True,True,primary_included,True,verified_summary,SI Table S9 PDF page 16; L-FOSA; sprat,Source-qualified endpoint and value under frozen eligibility criteria
BIO_5700,5700,BAF,CMP_a10d3a5e66ce1fa3df8b,Gebbink 2016,10.1021/acs.est.6b01197,data/raw/ITRC_aquatic.xlsx,bfc24df5dbd2d21341a9580e5053f7a7b89c1ddea1ebe75c55407f4cee27a54d,BCF-BAF Database,63,K63;I63;J63,"{""BAF"": 16218.10097358931, ""BAF Min"": null, ""BAF Max"": null}",reported_database_value,16218.10097358931,16218.10097358931,4.21,True,True,True,True,primary_included,True,verified_summary,SI Table S9 PDF page 16; MeFOSAA; herring,Source-qualified endpoint and value under frozen eligibility criteria
BIO_5701,5701,BAF,CMP_a10d3a5e66ce1fa3df8b,Gebbink 2016,10.1021/acs.est.6b01197,data/raw/ITRC_aquatic.xlsx,bfc24df5dbd2d21341a9580e5053f7a7b89c1ddea1ebe75c55407f4cee27a54d,BCF-BAF Database,64,K64;I64;J64,"{""BAF"": 4897.788193684463, ""BAF Min"": null, ""BAF Max"": null}",reported_database_value,4897.788193684463,4897.788193684463,3.69,True,True,True,True,primary_included,True,verified_summary,SI Table S9 PDF page 16; MeFOSAA; zooplankton,Source-qualified endpoint and value under frozen eligibility criteria
BIO_5702,5702,BAF,CMP_a10d3a5e66ce1fa3df8b,Gebbink 2016,10.1021/acs.est.6b01197,data/raw/ITRC_aquatic.xlsx,bfc24df5dbd2d21341a9580e5053f7a7b89c1ddea1ebe75c55407f4cee27a54d,BCF-BAF Database,65,K65;I65;J65,"{""BAF"": 9772.372209558116, ""BAF Min"": null, ""BAF Max"": null}",reported_database_value,9772.372209558116,9772.372209558116,3.9900000000000007,True,True,True,True,primary_included,True,verified_summary,SI Table S9 PDF page 16; MeFOSAA; sprat,Source-qualified endpoint and value under frozen eligibility criteria
BIO_5703,5703,BCF,CMP_622f8f0fcc1502149461,Chen 2016,10.1016/j.scitotenv.2016.05.215,data/raw/ITRC_aquatic.xlsx,bfc24df5dbd2d21341a9580e5053f7a7b89c1ddea1ebe75c55407f4cee27a54d,BCF-BAF Database,66,H66;F66;G66,"{""BCF"": 100, ""BCF Min"": null, ""BCF Max"": null}",reported_database_value,100.0,100.0,2.0,True,True,True,True,primary_located_not_eligible,False,verified_plasma_unit_mismatch,Table S9 row 6 column 7; plasma-low; pfba; logBCFss,Plasma ratios are dimensionless and incompatible with mass-based L/kg regression
BIO_5704,5704,BCF,CMP_622f8f0fcc1502149461,Chen 2016,10.1016/j.scitotenv.2016.05.215,data/raw/ITRC_aquatic.xlsx,bfc24df5dbd2d21341a9580e5053f7a7b89c1ddea1ebe75c55407f4cee27a54d,BCF-BAF Database,67,H67;F67;G67,"{""BCF"": 72.44, ""BCF Min"": null, ""BCF Max"": null}",reported_database_value,72.44,72.44,1.8599784416420209,True,True,True,True,primary_located_not_eligible,False,verified_plasma_unit_mismatch,Table S9 row 28 column 7; plasma-high; pfba; logBCFss,Plasma ratios are dimensionless and incompatible with mass-based L/kg regression
BIO_5705,5705,BCF,CMP_622f8f0fcc1502149461,Chen 2016,10.1016/j.scitotenv.2016.05.215,data/raw/ITRC_aquatic.xlsx,bfc24df5dbd2d21341a9580e5053f7a7b89c1ddea1ebe75c55407f4cee27a54d,BCF-BAF Database,68,H68;F68;G68,"{""BCF"": 141.25, ""BCF Min"": null, ""BCF Max"": null}",reported_database_value,141.25,141.25,2.15,True,True,True,True,primary_included,True,verified_tissue_BCF_summary,Table S9 row 50 column 7; liver-low; pfba; logBCFss,Source-qualified endpoint and value under frozen eligibility criteria
BIO_5706,5706,BCF,CMP_622f8f0fcc1502149461,Chen 2016,10.1016/j.scitotenv.2016.05.215,data/raw/ITRC_aquatic.xlsx,bfc24df5dbd2d21341a9580e5053f7a7b89c1ddea1ebe75c55407f4cee27a54d,BCF-BAF Database,69,H69;F69;G69,"{""BCF"": 63.1, ""BCF Min"": null, ""BCF Max"": null}",reported_database_value,63.1,63.1,1.8,True,True,True,True,primary_included,True,verified_tissue_BCF_summary,Table S9 row 72 column 7; liver-high; pfba; logBCFss,Source-qualified endpoint and value under frozen eligibility criteria
BIO_5707,5707,BCF,CMP_622f8f0fcc1502149461,Chen 2016,10.1016/j.scitotenv.2016.05.215,data/raw/ITRC_aquatic.xlsx,bfc24df5dbd2d21341a9580e5053f7a7b89c1ddea1ebe75c55407f4cee27a54d,BCF-BAF Database,70,H70;F70;G70,"{""BCF"": 2.75, ""BCF Min"": null, ""BCF Max"": null}",reported_database_value,2.75,2.75,0.44,True,True,True,True,primary_included,True,verified_tissue_BCF_summary,Table S9 row 94 column 7; muscle-low; pfba; logBCFss,Source-qualified endpoint and value under frozen eligibility criteria
BIO_5708,5708,BCF,CMP_622f8f0fcc1502149461,Chen 2016,10.1016/j.scitotenv.2016.05.215,data/raw/ITRC_aquatic.xlsx,bfc24df5dbd2d21341a9580e5053f7a7b89c1ddea1ebe75c55407f4cee27a54d,BCF-BAF Database,71,H71;F71;G71,"{""BCF"": 11.22, ""BCF Min"": null, ""BCF Max"": null}",reported_database_value,11.22,11.22,1.05,True,True,True,True,primary_included,True,verified_tissue_BCF_summary,Table S9 row 116 column 7; muscle-high; pfba; logBCFss,Source-qualified endpoint and value under frozen eligibility criteria
BIO_5709,5709,BCF,CMP_622f8f0fcc1502149461,Chen 2016,10.1016/j.scitotenv.2016.05.215,data/raw/ITRC_aquatic.xlsx,bfc24df5dbd2d21341a9580e5053f7a7b89c1ddea1ebe75c55407f4cee27a54d,BCF-BAF Database,72,H72;F72;G72,"{""BCF"": 11.48, ""BCF Min"": null, ""BCF Max"": null}",reported_database_value,11.48,11.48,1.06,True,True,True,True,primary_included,True,verified_tissue_BCF_summary,Table S9 row 138 column 7; ovary-low; pfba; logBCFss,Source-qualified endpoint and value under frozen eligibility criteria
BIO_5710,5710,BCF,CMP_622f8f0fcc1502149461,Chen 2016,10.1016/j.scitotenv.2016.05.215,data/raw/ITRC_aquatic.xlsx,bfc24df5dbd2d21341a9580e5053f7a7b89c1ddea1ebe75c55407f4cee27a54d,BCF-BAF Database,73,H73;F73;G73,"{""BCF"": 19.95, ""BCF Min"": null, ""BCF Max"": null}",reported_database_value,19.95,19.95,1.3,True,True,True,True,primary_included,True,verified_tissue_BCF_summary,Table S9 row 160 column 7; ovary-high; pfba; logBCFss,Source-qualified endpoint and value under frozen eligibility criteria
BIO_5711,5711,BCF,CMP_622f8f0fcc1502149461,Chen 2016,10.1016/j.scitotenv.2016.05.215,data/raw/ITRC_aquatic.xlsx,bfc24df5dbd2d21341a9580e5053f7a7b89c1ddea1ebe75c55407f4cee27a54d,BCF-BAF Database,74,H74;F74;G74,"{""BCF"": 13.18, ""BCF Min"": null, ""BCF Max"": null}",reported_database_value,13.18,13.18,1.1199154102579911,True,True,True,True,database_traced_primary_not_verified,False,unverified_primary_table,,Original-paper numerical cell not verified
BIO_5712,5712,BCF,CMP_622f8f0fcc1502149461,Chen 2016,10.1016/j.scitotenv.2016.05.215,data/raw/ITRC_aquatic.xlsx,bfc24df5dbd2d21341a9580e5053f7a7b89c1ddea1ebe75c55407f4cee27a54d,BCF-BAF Database,75,H75;F75;G75,"{""BCF"": 17.38, ""BCF Min"": null, ""BCF Max"": null}",reported_database_value,17.38,17.38,1.2400497721126476,True,True,True,True,database_traced_primary_not_verified,False,unverified_primary_table,,Original-paper numerical cell not verified
BIO_5718,5718,BAF,CMP_622f8f0fcc1502149461,Pan 2019,10.3390/ijerph16101692,data/raw/ITRC_aquatic.xlsx,bfc24df5dbd2d21341a9580e5053f7a7b89c1ddea1ebe75c55407f4cee27a54d,BCF-BAF Database,81,K81;I81;J81,"{""BAF"": 174, ""BAF Min"": 48.2, ""BAF Max"": 655}",reported_database_value,174.0,174.0,2.2405492482826,True,True,True,True,primary_located_not_eligible,False,verified_value_basis_conflict,Main Table 4; PFBA; BAF Mean,"quarantine_basis_conflict_until_primary_clarification; Original Table 4 concentration header ng/g DW conflicts with wet-weight extraction and fish LOQ in Methods; pooled fish, not individual data"
BIO_5719,5719,BAF,CMP_622f8f0fcc1502149461,Zhang 2018,10.1007/s00128-018-2381-x,data/raw/ITRC_aquatic.xlsx,bfc24df5dbd2d21341a9580e5053f7a7b89c1ddea1ebe75c55407f4cee27a54d,BCF-BAF Database,82,K82;I82;J82,"{""BAF"": 73, ""BAF Min"": null, ""BAF Max"": null}",reported_database_value,73.0,73.0,1.863322860120456,True,True,True,True,database_traced_primary_not_verified,False,unverified_primary_table,,Original-paper numerical cell not verified
BIO_5720,5720,BAF,CMP_622f8f0fcc1502149461,Zhang 2018,10.1007/s00128-018-2381-x,data/raw/ITRC_aquatic.xlsx,bfc24df5dbd2d21341a9580e5053f7a7b89c1ddea1ebe75c55407f4cee27a54d,BCF-BAF Database,83,K83;I83;J83,"{""BAF"": 41, ""BAF Min"": null, ""BAF Max"": null}",reported_database_value,41.0,41.0,1.6127838567197357,True,True,True,True,database_traced_primary_not_verified,False,unverified_primary_table,,Original-paper numerical cell not verified
BIO_5721,5721,BCF,CMP_5eaff469cfe578e26057,Chen 2016,10.1016/j.scitotenv.2016.05.215,data/raw/ITRC_aquatic.xlsx,bfc24df5dbd2d21341a9580e5053f7a7b89c1ddea1ebe75c55407f4cee27a54d,BCF-BAF Database,84,H84;F84;G84,"{""BCF"": 39.8, ""BCF Min"": null, ""BCF Max"": null}",reported_database_value,39.8,39.8,1.599883072073688,True,True,True,True,primary_located_not_eligible,False,verified_plasma_unit_mismatch,Table S9 row 3 column 7; plasma-low; pfbs; logBCFss,Plasma ratios are dimensionless and incompatible with mass-based L/kg regression
BIO_5722,5722,BCF,CMP_5eaff469cfe578e26057,Chen 2016,10.1016/j.scitotenv.2016.05.215,data/raw/ITRC_aquatic.xlsx,bfc24df5dbd2d21341a9580e5053f7a7b89c1ddea1ebe75c55407f4cee27a54d,BCF-BAF Database,85,H85;F85;G85,"{""BCF"": 25.7, ""BCF Min"": null, ""BCF Max"": null}",reported_database_value,25.7,25.7,1.4099331233312946,True,True,True,True,primary_located_not_eligible,False,verified_plasma_unit_mismatch,Table S9 row 25 column 7; plasma-high; pfbs; logBCFss,Plasma ratios are dimensionless and incompatible with mass-based L/kg regression
BIO_5723,5723,BCF,CMP_5eaff469cfe578e26057,Chen 2016,10.1016/j.scitotenv.2016.05.215,data/raw/ITRC_aquatic.xlsx,bfc24df5dbd2d21341a9580e5053f7a7b89c1ddea1ebe75c55407f4cee27a54d,BCF-BAF Database,86,H86;F86;G86,"{""BCF"": 17.38, ""BCF Min"": null, ""BCF Max"": null}",reported_database_value,17.38,17.38,1.24,True,True,True,True,primary_included,True,verified_tissue_BCF_summary,Table S9 row 47 column 7; liver-low; pfbs; logBCFss,Source-qualified endpoint and value under frozen eligibility criteria
BIO_5724,5724,BCF,CMP_5eaff469cfe578e26057,Chen 2016,10.1016/j.scitotenv.2016.05.215,data/raw/ITRC_aquatic.xlsx,bfc24df5dbd2d21341a9580e5053f7a7b89c1ddea1ebe75c55407f4cee27a54d,BCF-BAF Database,87,H87;F87;G87,"{""BCF"": 18.62, ""BCF Min"": null, ""BCF Max"": null}",reported_database_value,18.62,18.62,1.27,True,True,True,True,primary_included,True,verified_tissue_BCF_summary,Table S9 row 69 column 7; liver-high; pfbs; logBCFss,Source-qualified endpoint and value under frozen eligibility criteria
BIO_5725,5725,BCF,CMP_5eaff469cfe578e26057,Chen 2016,10.1016/j.scitotenv.2016.05.215,data/raw/ITRC_aquatic.xlsx,bfc24df5dbd2d21341a9580e5053f7a7b89c1ddea1ebe75c55407f4cee27a54d,BCF-BAF Database,88,H88;F88;G88,"{""BCF"": 4.57, ""BCF Min"": null, ""BCF Max"": null}",reported_database_value,4.57,4.57,0.66,True,True,True,True,primary_included,True,verified_tissue_BCF_summary,Table S9 row 113 column 7; muscle-high; pfbs; logBCFss,Source-qualified endpoint and value under frozen eligibility criteria
BIO_5726,5726,BCF,CMP_5eaff469cfe578e26057,Chen 2016,10.1016/j.scitotenv.2016.05.215,data/raw/ITRC_aquatic.xlsx,bfc24df5dbd2d21341a9580e5053f7a7b89c1ddea1ebe75c55407f4cee27a54d,BCF-BAF Database,89,H89;F89;G89,"{""BCF"": 52.48, ""BCF Min"": null, ""BCF Max"": null}",reported_database_value,52.48,52.48,1.72,True,True,True,True,primary_included,True,verified_tissue_BCF_summary,Table S9 row 135 column 7; ovary-low; pfbs; logBCFss,Source-qualified endpoint and value under frozen eligibility criteria
BIO_5727,5727,BCF,CMP_5eaff469cfe578e26057,Chen 2016,10.1016/j.scitotenv.2016.05.215,data/raw/ITRC_aquatic.xlsx,bfc24df5dbd2d21341a9580e5053f7a7b89c1ddea1ebe75c55407f4cee27a54d,BCF-BAF Database,90,H90;F90;G90,"{""BCF"": 66.07, ""BCF Min"": null, ""BCF Max"": null}",reported_database_value,66.07,66.07,1.82,True,True,True,True,primary_included,True,verified_tissue_BCF_summary,Table S9 row 157 column 7; ovary-high; pfbs; logBCFss,Source-qualified endpoint and value under frozen eligibility criteria
BIO_5728,5728,BCF,CMP_5eaff469cfe578e26057,Chen 2016,10.1016/j.scitotenv.2016.05.215,data/raw/ITRC_aquatic.xlsx,bfc24df5dbd2d21341a9580e5053f7a7b89c1ddea1ebe75c55407f4cee27a54d,BCF-BAF Database,91,H91;F91;G91,"{""BCF"": 19.5, ""BCF Min"": null, ""BCF Max"": null}",reported_database_value,19.5,19.5,1.290034611362518,True,True,True,True,database_traced_primary_not_verified,False,unverified_primary_table,,Original-paper numerical cell not verified
BIO_5729,5729,BCF,CMP_5eaff469cfe578e26057,Chen 2016,10.1016/j.scitotenv.2016.05.215,data/raw/ITRC_aquatic.xlsx,bfc24df5dbd2d21341a9580e5053f7a7b89c1ddea1ebe75c55407f4cee27a54d,BCF-BAF Database,92,H92;F92;G92,"{""BCF"": 27.54, ""BCF Min"": null, ""BCF Max"": null}",reported_database_value,27.54,27.54,1.4399639359209049,True,True,True,True,database_traced_primary_not_verified,False,unverified_primary_table,,Original-paper numerical cell not verified
BIO_5730,5730,BAF,CMP_5eaff469cfe578e26057,Khairy 2019,10.1002/etc.4354,data/raw/ITRC_aquatic.xlsx,bfc24df5dbd2d21341a9580e5053f7a7b89c1ddea1ebe75c55407f4cee27a54d,BCF-BAF Database,93,K93;I93;J93,"{""BAF"": 167.5, ""BAF Min"": null, ""BAF Max"": null}",reported_database_value,167.5,167.5,2.224014811372864,True,True,True,True,database_traced_primary_not_verified,False,unverified_primary_table,,Original-paper numerical cell not verified
BIO_5731,5731,BAF,CMP_5eaff469cfe578e26057,Khairy 2019,10.1002/etc.4354,data/raw/ITRC_aquatic.xlsx,bfc24df5dbd2d21341a9580e5053f7a7b89c1ddea1ebe75c55407f4cee27a54d,BCF-BAF Database,94,K94;I94;J94,"{""BAF"": 77.5, ""BAF Min"": null, ""BAF Max"": null}",reported_database_value,77.5,77.5,1.8893017025063104,True,True,True,True,database_traced_primary_not_verified,False,unverified_primary_table,,Original-paper numerical cell not verified
BIO_5732,5732,BAF,CMP_5eaff469cfe578e26057,Khairy 2019,10.1002/etc.4354,data/raw/ITRC_aquatic.xlsx,bfc24df5dbd2d21341a9580e5053f7a7b89c1ddea1ebe75c55407f4cee27a54d,BCF-BAF Database,95,K95;I95;J95,"{""BAF"": 127.5, ""BAF Min"": null, ""BAF Max"": null}",reported_database_value,127.5,127.5,2.105510184769974,True,True,True,True,database_traced_primary_not_verified,False,unverified_primary_table,,Original-paper numerical cell not verified
BIO_5733,5733,BAF,CMP_5eaff469cfe578e26057,Khairy 2019,10.1002/etc.4354,data/raw/ITRC_aquatic.xlsx,bfc24df5dbd2d21341a9580e5053f7a7b89c1ddea1ebe75c55407f4cee27a54d,BCF-BAF Database,96,K96;I96;J96,"{""BAF"": 127.5, ""BAF Min"": null, ""BAF Max"": null}",reported_database_value,127.5,127.5,2.105510184769974,True,True,True,True,database_traced_primary_not_verified,False,unverified_primary_table,,Original-paper numerical cell not verified
BIO_5734,5734,BAF,CMP_5eaff469cfe578e26057,Khairy 2019,10.1002/etc.4354,data/raw/ITRC_aquatic.xlsx,bfc24df5dbd2d21341a9580e5053f7a7b89c1ddea1ebe75c55407f4cee27a54d,BCF-BAF Database,97,K97;I97;J97,"{""BAF"": 182.5, ""BAF Min"": null, ""BAF Max"": null}",reported_database_value,182.5,182.5,2.2612628687924934,True,True,True,True,database_traced_primary_not_verified,False,unverified_primary_table,,Original-paper numerical cell not verified
BIO_5735,5735,BAF,CMP_5eaff469cfe578e26057,Khairy 2019,10.1002/etc.4354,data/raw/ITRC_aquatic.xlsx,bfc24df5dbd2d21341a9580e5053f7a7b89c1ddea1ebe75c55407f4cee27a54d,BCF-BAF Database,98,K98;I98;J98,"{""BAF"": 97.5, ""BAF Min"": null, ""BAF Max"": null}",reported_database_value,97.5,97.5,1.9890046156985368,True,True,True,True,database_traced_primary_not_verified,False,unverified_primary_table,,Original-paper numerical cell not verified
BIO_5736,5736,BAF,CMP_5eaff469cfe578e26057,Khairy 2019,10.1002/etc.4354,data/raw/ITRC_aquatic.xlsx,bfc24df5dbd2d21341a9580e5053f7a7b89c1ddea1ebe75c55407f4cee27a54d,BCF-BAF Database,99,K99;I99;J99,"{""BAF"": 127.5, ""BAF Min"": null, ""BAF Max"": null}",reported_database_value,127.5,127.5,2.105510184769974,True,True,True,True,database_traced_primary_not_verified,False,unverified_primary_table,,Original-paper numerical cell not verified
BIO_5737,5737,BAF,CMP_5eaff469cfe578e26057,Khairy 2019,10.1002/etc.4354,data/raw/ITRC_aquatic.xlsx,bfc24df5dbd2d21341a9580e5053f7a7b89c1ddea1ebe75c55407f4cee27a54d,BCF-BAF Database,100,K100;I100;J100,"{""BAF"": 115, ""BAF Min"": null, ""BAF Max"": null}",reported_database_value,115.0,115.0,2.060697840353612,True,True,True,True,database_traced_primary_not_verified,False,unverified_primary_table,,Original-paper numerical cell not verified
BIO_5738,5738,BAF,CMP_5eaff469cfe578e26057,Khairy 2019,10.1002/etc.4354,data/raw/ITRC_aquatic.xlsx,bfc24df5dbd2d21341a9580e5053f7a7b89c1ddea1ebe75c55407f4cee27a54d,BCF-BAF Database,101,K101;I101;J101,"{""BAF"": 97.5, ""BAF Min"": null, ""BAF Max"": null}",reported_database_value,97.5,97.5,1.9890046156985368,True,True,True,True,database_traced_primary_not_verified,False,unverified_primary_table,,Original-paper numerical cell not verified
BIO_5739,5739,BAF,CMP_5eaff469cfe578e26057,Khairy 2019,10.1002/etc.4354,data/raw/ITRC_aquatic.xlsx,bfc24df5dbd2d21341a9580e5053f7a7b89c1ddea1ebe75c55407f4cee27a54d,BCF-BAF Database,102,K102;I102;J102,"{""BAF"": 85, ""BAF Min"": null, ""BAF Max"": null}",reported_database_value,85.0,85.0,1.9294189257142929,True,True,True,True,database_traced_primary_not_verified,False,unverified_primary_table,,Original-paper numerical cell not verified
BIO_5740,5740,BCF,CMP_5eaff469cfe578e26057,Kwadijk 2010,10.1021/es100485e,data/raw/ITRC_aquatic.xlsx,bfc24df5dbd2d21341a9580e5053f7a7b89c1ddea1ebe75c55407f4cee27a54d,BCF-BAF Database,103,H103;F103;G103,"{""BCF"": 1.2600000000000002, ""BCF Min"": null, ""BCF Max"": null}",reported_database_value,1.2600000000000002,1.26,0.1003705451175629,True,True,True,True,database_traced_primary_not_verified,False,unverified_primary_table,,Original-paper numerical cell not verified
BIO_5741,5741,BAF,CMP_5eaff469cfe578e26057,Kwadijk 2010,10.1021/es100485e,data/raw/ITRC_aquatic.xlsx,bfc24df5dbd2d21341a9580e5053f7a7b89c1ddea1ebe75c55407f4cee27a54d,BCF-BAF Database,103,K103;I103;J103,"{""BAF"": 18.19700858609984, ""BAF Min"": 0.660693448007596, ""BAF Max"": 64.56542290346559}",reported_database_value,18.19700858609984,18.19700858609984,1.2600000000000002,True,True,True,True,database_traced_primary_not_verified,False,unverified_primary_table,,Original-paper numerical cell not verified
BIO_5742,5742,BAF,CMP_5eaff469cfe578e26057,Lee 2020,10.1016/j.jhazmat.2019.120909,data/raw/ITRC_aquatic.xlsx,bfc24df5dbd2d21341a9580e5053f7a7b89c1ddea1ebe75c55407f4cee27a54d,BCF-BAF Database,104,K104;I104;J104,"{""BAF"": 4.47, ""BAF Min"": null, ""BAF Max"": null}",reported_database_value,4.47,4.47,0.6503075231319364,True,True,True,True,database_traced_primary_not_verified,False,unverified_primary_table,,Original-paper numerical cell not verified
BIO_5746,5746,BAF,CMP_5eaff469cfe578e26057,Naile 2013,10.1016/j.chemosphere.2012.07.033,data/raw/ITRC_aquatic.xlsx,bfc24df5dbd2d21341a9580e5053f7a7b89c1ddea1ebe75c55407f4cee27a54d,BCF-BAF Database,108,K108;I108;J108,"{""BAF"": 109.6478196143186, ""BAF Min"": null, ""BAF Max"": null}",reported_database_value,109.6478196143186,109.6478196143186,2.0400000000000005,True,True,True,True,database_traced_primary_not_verified,False,unverified_primary_table,,Original-paper numerical cell not verified
BIO_5747,5747,BAF,CMP_5eaff469cfe578e26057,Naile 2013,10.1016/j.chemosphere.2012.07.033,data/raw/ITRC_aquatic.xlsx,bfc24df5dbd2d21341a9580e5053f7a7b89c1ddea1ebe75c55407f4cee27a54d,BCF-BAF Database,109,K109;I109;J109,"{""BAF"": 107.15193052376065, ""BAF Min"": null, ""BAF Max"": null}",reported_database_value,107.15193052376065,107.1519305237607,2.03,True,True,True,True,database_traced_primary_not_verified,False,unverified_primary_table,,Original-paper numerical cell not verified
BIO_5748,5748,BAF,CMP_5eaff469cfe578e26057,Naile 2013,10.1016/j.chemosphere.2012.07.033,data/raw/ITRC_aquatic.xlsx,bfc24df5dbd2d21341a9580e5053f7a7b89c1ddea1ebe75c55407f4cee27a54d,BCF-BAF Database,110,K110;I110;J110,"{""BAF"": 12.302687708123818, ""BAF Min"": null, ""BAF Max"": null}",reported_database_value,12.302687708123818,12.30268770812382,1.09,True,True,True,True,database_traced_primary_not_verified,False,unverified_primary_table,,Original-paper numerical cell not verified
BIO_5749,5749,BAF,CMP_5eaff469cfe578e26057,Naile 2013,10.1016/j.chemosphere.2012.07.033,data/raw/ITRC_aquatic.xlsx,bfc24df5dbd2d21341a9580e5053f7a7b89c1ddea1ebe75c55407f4cee27a54d,BCF-BAF Database,111,K111;I111;J111,"{""BAF"": 69.18309709189366, ""BAF Min"": null, ""BAF Max"": null}",reported_database_value,69.18309709189366,69.18309709189366,1.84,True,True,True,True,database_traced_primary_not_verified,False,unverified_primary_table,,Original-paper numerical cell not verified
BIO_5750,5750,BAF,CMP_5eaff469cfe578e26057,Naile 2013,10.1016/j.chemosphere.2012.07.033,data/raw/ITRC_aquatic.xlsx,bfc24df5dbd2d21341a9580e5053f7a7b89c1ddea1ebe75c55407f4cee27a54d,BCF-BAF Database,112,K112;I112;J112,"{""BAF"": 32.35936569296283, ""BAF Min"": null, ""BAF Max"": null}",reported_database_value,32.35936569296283,32.35936569296283,1.51,True,True,True,True,database_traced_primary_not_verified,False,unverified_primary_table,,Original-paper numerical cell not verified
BIO_5751,5751,BAF,CMP_5eaff469cfe578e26057,Naile 2013,10.1016/j.chemosphere.2012.07.033,data/raw/ITRC_aquatic.xlsx,bfc24df5dbd2d21341a9580e5053f7a7b89c1ddea1ebe75c55407f4cee27a54d,BCF-BAF Database,113,K113;I113;J113,"{""BAF"": 23.988329190194907, ""BAF Min"": null, ""BAF Max"": null}",reported_database_value,23.988329190194907,23.98832919019491,1.38,True,True,True,True,database_traced_primary_not_verified,False,unverified_primary_table,,Original-paper numerical cell not verified
BIO_5752,5752,BAF,CMP_5eaff469cfe578e26057,Naile 2013,10.1016/j.chemosphere.2012.07.033,data/raw/ITRC_aquatic.xlsx,bfc24df5dbd2d21341a9580e5053f7a7b89c1ddea1ebe75c55407f4cee27a54d,BCF-BAF Database,114,K114;I114;J114,"{""BAF"": 33.11311214825913, ""BAF Min"": null, ""BAF Max"": null}",reported_database_value,33.11311214825913,33.11311214825913,1.5200000000000002,True,True,True,True,database_traced_primary_not_verified,False,unverified_primary_table,,Original-paper numerical cell not verified
BIO_5753,5753,BAF,CMP_5eaff469cfe578e26057,Pan 2019,10.3390/ijerph16101692,data/raw/ITRC_aquatic.xlsx,bfc24df5dbd2d21341a9580e5053f7a7b89c1ddea1ebe75c55407f4cee27a54d,BCF-BAF Database,115,K115;I115;J115,"{""BAF"": 235, ""BAF Min"": 58.5, ""BAF Max"": 398}",reported_database_value,235.0,235.0,2.3710678622717363,True,True,True,True,primary_located_not_eligible,False,verified_value_basis_conflict,Main Table 4; PFBS; BAF Mean,"quarantine_basis_conflict_until_primary_clarification; Original Table 4 concentration header ng/g DW conflicts with wet-weight extraction and fish LOQ in Methods; pooled fish, not individual data"
BIO_5754,5754,BAF,CMP_5eaff469cfe578e26057,Zhang 2018,10.1007/s00128-018-2381-x,data/raw/ITRC_aquatic.xlsx,bfc24df5dbd2d21341a9580e5053f7a7b89c1ddea1ebe75c55407f4cee27a54d,BCF-BAF Database,116,K116;I116;J116,"{""BAF"": 106, ""BAF Min"": null, ""BAF Max"": null}",reported_database_value,106.0,106.0,2.0253058652647704,True,True,True,True,database_traced_primary_not_verified,False,unverified_primary_table,,Original-paper numerical cell not verified
BIO_5755,5755,BAF,CMP_5eaff469cfe578e26057,Zhang 2018,10.1007/s00128-018-2381-x,data/raw/ITRC_aquatic.xlsx,bfc24df5dbd2d21341a9580e5053f7a7b89c1ddea1ebe75c55407f4cee27a54d,BCF-BAF Database,117,K117;I117;J117,"{""BAF"": 41, ""BAF Min"": null, ""BAF Max"": null}",reported_database_value,41.0,41.0,1.6127838567197357,True,True,True,True,database_traced_primary_not_verified,False,unverified_primary_table,,Original-paper numerical cell not verified
BIO_5756,5756,BAF,CMP_5bc76544fcbe477197d1,Ahrens 2015,10.1016/j.chemosphere.2014.03.136,data/raw/ITRC_aquatic.xlsx,bfc24df5dbd2d21341a9580e5053f7a7b89c1ddea1ebe75c55407f4cee27a54d,BCF-BAF Database,118,K118;I118;J118,"{""BAF"": 180, ""BAF Min"": 140, ""BAF Max"": 220}",reported_database_value,180.0,180.0,2.255272505103306,True,True,True,True,database_traced_primary_not_verified,False,unverified_primary_table,,Original-paper numerical cell not verified
BIO_5757,5757,BAF,CMP_5bc76544fcbe477197d1,Ahrens 2015,10.1016/j.chemosphere.2014.03.136,data/raw/ITRC_aquatic.xlsx,bfc24df5dbd2d21341a9580e5053f7a7b89c1ddea1ebe75c55407f4cee27a54d,BCF-BAF Database,119,K119;I119;J119,"{""BAF"": 210, ""BAF Min"": 130, ""BAF Max"": 350}",reported_database_value,210.0,210.0,2.322219294733919,True,True,True,True,database_traced_primary_not_verified,False,unverified_primary_table,,Original-paper numerical cell not verified
BIO_5758,5758,BAF,CMP_5bc76544fcbe477197d1,Ahrens 2015,10.1016/j.chemosphere.2014.03.136,data/raw/ITRC_aquatic.xlsx,bfc24df5dbd2d21341a9580e5053f7a7b89c1ddea1ebe75c55407f4cee27a54d,BCF-BAF Database,120,K120;I120;J120,"{""BAF"": 1200, ""BAF Min"": 300, ""BAF Max"": 940}",reported_database_value,1200.0,1200.0,3.0791812460476247,True,True,True,True,database_traced_primary_not_verified,False,unverified_primary_table,,Original-paper numerical cell not verified
BIO_5759,5759,BAF,CMP_5bc76544fcbe477197d1,Ahrens 2015,10.1016/j.chemosphere.2014.03.136,data/raw/ITRC_aquatic.xlsx,bfc24df5dbd2d21341a9580e5053f7a7b89c1ddea1ebe75c55407f4cee27a54d,BCF-BAF Database,121,K121;I121;J121,"{""BAF"": 570, ""BAF Min"": 320, ""BAF Max"": 350}",reported_database_value,570.0,570.0,2.7558748556724915,True,True,True,True,database_traced_primary_not_verified,False,unverified_primary_table,,Original-paper numerical cell not verified
BIO_5760,5760,BAF,CMP_5bc76544fcbe477197d1,Ahrens 2015,10.1016/j.chemosphere.2014.03.136,data/raw/ITRC_aquatic.xlsx,bfc24df5dbd2d21341a9580e5053f7a7b89c1ddea1ebe75c55407f4cee27a54d,BCF-BAF Database,122,K122;I122;J122,"{""BAF"": 440, ""BAF Min"": 580, ""BAF Max"": 1200}",reported_database_value,440.0,440.0,2.6434526764861874,True,True,True,True,database_traced_primary_not_verified,False,unverified_primary_table,,Original-paper numerical cell not verified
BIO_5761,5761,BAF,CMP_5bc76544fcbe477197d1,Ahrens 2015,10.1016/j.chemosphere.2014.03.136,data/raw/ITRC_aquatic.xlsx,bfc24df5dbd2d21341a9580e5053f7a7b89c1ddea1ebe75c55407f4cee27a54d,BCF-BAF Database,123,K123;I123;J123,"{""BAF"": 3200, ""BAF Min"": 3100, ""BAF Max"": 3300}",reported_database_value,3200.0,3200.0,3.505149978319906,True,True,True,True,database_traced_primary_not_verified,False,unverified_primary_table,,Original-paper numerical cell not verified
BIO_5762,5762,BAF,CMP_5bc76544fcbe477197d1,Ahrens 2016,10.1016/j.chemosphere.2016.09.007,data/raw/ITRC_aquatic.xlsx,bfc24df5dbd2d21341a9580e5053f7a7b89c1ddea1ebe75c55407f4cee27a54d,BCF-BAF Database,124,K124;I124;J124,"{""BAF"": 6309.573444801938, ""BAF Min"": null, ""BAF Max"": null}",reported_database_value,6309.573444801938,6309.573444801938,3.8,True,True,True,True,database_traced_primary_not_verified,False,unverified_primary_table,,Original-paper numerical cell not verified
BIO_5763,5763,BAF,CMP_5bc76544fcbe477197d1,Ahrens 2016,10.1016/j.chemosphere.2016.09.007,data/raw/ITRC_aquatic.xlsx,bfc24df5dbd2d21341a9580e5053f7a7b89c1ddea1ebe75c55407f4cee27a54d,BCF-BAF Database,125,K125;I125;J125,"{""BAF"": 6309.573444801938, ""BAF Min"": null, ""BAF Max"": null}",reported_database_value,6309.573444801938,6309.573444801938,3.8,True,True,True,True,database_traced_primary_not_verified,False,unverified_primary_table,,Original-paper numerical cell not verified
BIO_5764,5764,BAF,CMP_5bc76544fcbe477197d1,Ahrens 2016,10.1016/j.chemosphere.2016.09.007,data/raw/ITRC_aquatic.xlsx,bfc24df5dbd2d21341a9580e5053f7a7b89c1ddea1ebe75c55407f4cee27a54d,BCF-BAF Database,126,K126;I126;J126,"{""BAF"": 6309.573444801938, ""BAF Min"": null, ""BAF Max"": null}",reported_database_value,6309.573444801938,6309.573444801938,3.8,True,True,True,True,database_traced_primary_not_verified,False,unverified_primary_table,,Original-paper numerical cell not verified
BIO_5765,5765,BAF,CMP_5bc76544fcbe477197d1,Ahrens 2016,10.1016/j.chemosphere.2016.09.007,data/raw/ITRC_aquatic.xlsx,bfc24df5dbd2d21341a9580e5053f7a7b89c1ddea1ebe75c55407f4cee27a54d,BCF-BAF Database,127,K127;I127;J127,"{""BAF"": 2511.886431509581, ""BAF Min"": null, ""BAF Max"": null}",reported_database_value,2511.886431509581,2511.886431509581,3.4000000000000004,True,True,True,True,database_traced_primary_not_verified,False,unverified_primary_table,,Original-paper numerical cell not verified
BIO_5766,5766,BAF,CMP_5bc76544fcbe477197d1,Ahrens 2016,10.1016/j.chemosphere.2016.09.007,data/raw/ITRC_aquatic.xlsx,bfc24df5dbd2d21341a9580e5053f7a7b89c1ddea1ebe75c55407f4cee27a54d,BCF-BAF Database,128,K128;I128;J128,"{""BAF"": 2511.886431509581, ""BAF Min"": null, ""BAF Max"": null}",reported_database_value,2511.886431509581,2511.886431509581,3.4000000000000004,True,True,True,True,database_traced_primary_not_verified,False,unverified_primary_table,,Original-paper numerical cell not verified
BIO_5767,5767,BAF,CMP_5bc76544fcbe477197d1,Awad 2011,10.1021/es2001985,data/raw/ITRC_aquatic.xlsx,bfc24df5dbd2d21341a9580e5053f7a7b89c1ddea1ebe75c55407f4cee27a54d,BCF-BAF Database,129,K129;I129;J129,"{""BAF"": 2344.228815319924, ""BAF Min"": 707.9457843841387, ""BAF Max"": 8317.63771102671}",reported_database_value,2344.228815319924,2344.228815319924,3.370000000000001,True,True,True,True,database_traced_primary_not_verified,False,unverified_primary_table,,Original-paper numerical cell not verified
BIO_5768,5768,BAF,CMP_5bc76544fcbe477197d1,Awad 2011,10.1021/es2001985,data/raw/ITRC_aquatic.xlsx,bfc24df5dbd2d21341a9580e5053f7a7b89c1ddea1ebe75c55407f4cee27a54d,BCF-BAF Database,130,K130;I130;J130,"{""BAF"": 5495.408738576254, ""BAF Min"": 6.918309709189367, ""BAF Max"": 20892.961308540423}",reported_database_value,5495.408738576254,5495.408738576254,3.7400000000000007,True,True,True,True,database_traced_primary_not_verified,False,unverified_primary_table,,Original-paper numerical cell not verified
BIO_5769,5769,BCF,CMP_5bc76544fcbe477197d1,Chen 2016,10.1016/j.scitotenv.2016.05.215,data/raw/ITRC_aquatic.xlsx,bfc24df5dbd2d21341a9580e5053f7a7b89c1ddea1ebe75c55407f4cee27a54d,BCF-BAF Database,131,H131;F131;G131,"{""BCF"": 61659.5, ""BCF Min"": null, ""BCF Max"": null}",reported_database_value,61659.5,61659.5,4.789999998688878,True,True,True,True,primary_located_not_eligible,False,verified_plasma_unit_mismatch,Table S9 row 10 column 7; plasma-low; pfda; logBCFss,Plasma ratios are dimensionless and incompatible with mass-based L/kg regression
BIO_5770,5770,BCF,CMP_5bc76544fcbe477197d1,Chen 2016,10.1016/j.scitotenv.2016.05.215,data/raw/ITRC_aquatic.xlsx,bfc24df5dbd2d21341a9580e5053f7a7b89c1ddea1ebe75c55407f4cee27a54d,BCF-BAF Database,132,H132;F132;G132,"{""BCF"": 120226.44, ""BCF Min"": null, ""BCF Max"": null}",reported_database_value,120226.44,120226.44,5.079999987495137,True,True,True,True,primary_located_not_eligible,False,verified_plasma_unit_mismatch,Table S9 row 32 column 7; plasma-high; pfda; logBCFss,Plasma ratios are dimensionless and incompatible with mass-based L/kg regression
BIO_5771,5771,BCF,CMP_5bc76544fcbe477197d1,Chen 2016,10.1016/j.scitotenv.2016.05.215,data/raw/ITRC_aquatic.xlsx,bfc24df5dbd2d21341a9580e5053f7a7b89c1ddea1ebe75c55407f4cee27a54d,BCF-BAF Database,133,H133;F133;G133,"{""BCF"": 10964.78, ""BCF Min"": null, ""BCF Max"": null}",reported_database_value,10964.78,10964.78,4.04,True,True,True,True,primary_included,True,verified_tissue_BCF_summary,Table S9 row 54 column 7; liver-low; pfda; logBCFss,Source-qualified endpoint and value under frozen eligibility criteria
BIO_5772,5772,BCF,CMP_5bc76544fcbe477197d1,Chen 2016,10.1016/j.scitotenv.2016.05.215,data/raw/ITRC_aquatic.xlsx,bfc24df5dbd2d21341a9580e5053f7a7b89c1ddea1ebe75c55407f4cee27a54d,BCF-BAF Database,134,H134;F134;G134,"{""BCF"": 22908.68, ""BCF Min"": null, ""BCF Max"": null}",reported_database_value,22908.68,22908.68,4.36,True,True,True,True,primary_included,True,verified_tissue_BCF_summary,Table S9 row 76 column 7; liver-high; pfda; logBCFss,Source-qualified endpoint and value under frozen eligibility criteria
BIO_5773,5773,BCF,CMP_5bc76544fcbe477197d1,Chen 2016,10.1016/j.scitotenv.2016.05.215,data/raw/ITRC_aquatic.xlsx,bfc24df5dbd2d21341a9580e5053f7a7b89c1ddea1ebe75c55407f4cee27a54d,BCF-BAF Database,135,H135;F135;G135,"{""BCF"": 2570.4, ""BCF Min"": null, ""BCF Max"": null}",reported_database_value,2570.4,2570.4,3.41,True,True,True,True,primary_included,True,verified_tissue_BCF_summary,Table S9 row 98 column 7; muscle-low; pfda; logBCFss,Source-qualified endpoint and value under frozen eligibility criteria
BIO_5774,5774,BCF,CMP_5bc76544fcbe477197d1,Chen 2016,10.1016/j.scitotenv.2016.05.215,data/raw/ITRC_aquatic.xlsx,bfc24df5dbd2d21341a9580e5053f7a7b89c1ddea1ebe75c55407f4cee27a54d,BCF-BAF Database,136,H136;F136;G136,"{""BCF"": 6165.95, ""BCF Min"": null, ""BCF Max"": null}",reported_database_value,6165.95,6165.95,3.79,True,True,True,True,primary_included,True,verified_tissue_BCF_summary,Table S9 row 120 column 7; muscle-high; pfda; logBCFss,Source-qualified endpoint and value under frozen eligibility criteria
BIO_5775,5775,BCF,CMP_5bc76544fcbe477197d1,Chen 2016,10.1016/j.scitotenv.2016.05.215,data/raw/ITRC_aquatic.xlsx,bfc24df5dbd2d21341a9580e5053f7a7b89c1ddea1ebe75c55407f4cee27a54d,BCF-BAF Database,137,H137;F137;G137,"{""BCF"": 10000, ""BCF Min"": null, ""BCF Max"": null}",reported_database_value,10000.0,10000.0,4.0,True,True,True,True,primary_included,True,verified_tissue_BCF_summary,Table S9 row 142 column 7; ovary-low; pfda; logBCFss,Source-qualified endpoint and value under frozen eligibility criteria
BIO_5776,5776,BCF,CMP_5bc76544fcbe477197d1,Chen 2016,10.1016/j.scitotenv.2016.05.215,data/raw/ITRC_aquatic.xlsx,bfc24df5dbd2d21341a9580e5053f7a7b89c1ddea1ebe75c55407f4cee27a54d,BCF-BAF Database,138,H138;F138;G138,"{""BCF"": 9772.37, ""BCF Min"": null, ""BCF Max"": null}",reported_database_value,9772.37,9772.37,3.99,True,True,True,True,primary_included,True,verified_tissue_BCF_summary,Table S9 row 164 column 7; ovary-high; pfda; logBCFss,Source-qualified endpoint and value under frozen eligibility criteria
BIO_5777,5777,BCF,CMP_5bc76544fcbe477197d1,Chen 2016,10.1016/j.scitotenv.2016.05.215,data/raw/ITRC_aquatic.xlsx,bfc24df5dbd2d21341a9580e5053f7a7b89c1ddea1ebe75c55407f4cee27a54d,BCF-BAF Database,139,H139;F139;G139,"{""BCF"": 6165.95, ""BCF Min"": null, ""BCF Max"": null}",reported_database_value,6165.95,6165.95,3.7899999986888777,True,True,True,True,database_traced_primary_not_verified,False,unverified_primary_table,,Original-paper numerical cell not verified
BIO_5778,5778,BCF,CMP_5bc76544fcbe477197d1,Chen 2016,10.1016/j.scitotenv.2016.05.215,data/raw/ITRC_aquatic.xlsx,bfc24df5dbd2d21341a9580e5053f7a7b89c1ddea1ebe75c55407f4cee27a54d,BCF-BAF Database,140,H140;F140;G140,"{""BCF"": 9332.54, ""BCF Min"": null, ""BCF Max"": null}",reported_database_value,9332.54,9332.54,3.969999860022617,True,True,True,True,database_traced_primary_not_verified,False,unverified_primary_table,,Original-paper numerical cell not verified
BIO_5779,5779,BCF,CMP_5bc76544fcbe477197d1,Dai 2013,10.1016/j.chemosphere.2012.08.026,data/raw/ITRC_aquatic.xlsx,bfc24df5dbd2d21341a9580e5053f7a7b89c1ddea1ebe75c55407f4cee27a54d,BCF-BAF Database,141,H141;F141;G141,"{""BCF"": 203, ""BCF Min"": null, ""BCF Max"": null}",reported_database_value,203.0,203.0,2.307496037913213,True,True,True,True,database_traced_primary_not_verified,False,unverified_primary_table,,Original-paper numerical cell not verified
BIO_5785,5785,BAF,CMP_5bc76544fcbe477197d1,Furdui 2007,10.1021/es0620484,data/raw/ITRC_aquatic.xlsx,bfc24df5dbd2d21341a9580e5053f7a7b89c1ddea1ebe75c55407f4cee27a54d,BCF-BAF Database,147,K147;I147;J147,"{""BAF"": 7943.282347242815, ""BAF Min"": null, ""BAF Max"": null}",reported_database_value,7943.282347242815,7943.282347242815,3.9,True,True,True,True,database_traced_primary_not_verified,False,unverified_primary_table,,Original-paper numerical cell not verified
BIO_5786,5786,BAF,CMP_5bc76544fcbe477197d1,Furdui 2007,10.1021/es0620484,data/raw/ITRC_aquatic.xlsx,bfc24df5dbd2d21341a9580e5053f7a7b89c1ddea1ebe75c55407f4cee27a54d,BCF-BAF Database,148,K148;I148;J148,"{""BAF"": 5011.872336272732, ""BAF Min"": null, ""BAF Max"": null}",reported_database_value,5011.872336272732,5011.872336272732,3.700000000000001,True,True,True,True,database_traced_primary_not_verified,False,unverified_primary_table,,Original-paper numerical cell not verified
BIO_5787,5787,BAF,CMP_5bc76544fcbe477197d1,Furdui 2007,10.1021/es0620484,data/raw/ITRC_aquatic.xlsx,bfc24df5dbd2d21341a9580e5053f7a7b89c1ddea1ebe75c55407f4cee27a54d,BCF-BAF Database,149,K149;I149;J149,"{""BAF"": 19952.623149688792, ""BAF Min"": null, ""BAF Max"": null}",reported_database_value,19952.623149688792,19952.62314968879,4.3,True,True,True,True,database_traced_primary_not_verified,False,unverified_primary_table,,Original-paper numerical cell not verified
BIO_5789,5789,BAF,CMP_5bc76544fcbe477197d1,Gebbink 2016,10.1021/acs.est.6b01197,data/raw/ITRC_aquatic.xlsx,bfc24df5dbd2d21341a9580e5053f7a7b89c1ddea1ebe75c55407f4cee27a54d,BCF-BAF Database,151,K151;I151;J151,"{""BAF"": 14791.083881682089, ""BAF Min"": null, ""BAF Max"": null}",reported_database_value,14791.083881682089,14791.08388168209,4.170000000000001,True,True,True,True,primary_included,True,verified_summary,SI Table S9 PDF page 16; PFDA; herring,Source-qualified endpoint and value under frozen eligibility criteria
BIO_5790,5790,BAF,CMP_5bc76544fcbe477197d1,Gebbink 2016,10.1021/acs.est.6b01197,data/raw/ITRC_aquatic.xlsx,bfc24df5dbd2d21341a9580e5053f7a7b89c1ddea1ebe75c55407f4cee27a54d,BCF-BAF Database,152,K152;I152;J152,"{""BAF"": 69.18309709189366, ""BAF Min"": null, ""BAF Max"": null}",reported_database_value,69.18309709189366,69.18309709189366,1.84,True,True,True,True,primary_included,True,verified_summary,SI Table S9 PDF page 16; PFDA; zooplankton,Source-qualified endpoint and value under frozen eligibility criteria
BIO_5791,5791,BAF,CMP_5bc76544fcbe477197d1,Gebbink 2016,10.1021/acs.est.6b01197,data/raw/ITRC_aquatic.xlsx,bfc24df5dbd2d21341a9580e5053f7a7b89c1ddea1ebe75c55407f4cee27a54d,BCF-BAF Database,153,K153;I153;J153,"{""BAF"": 10715.193052376071, ""BAF Min"": null, ""BAF Max"": null}",reported_database_value,10715.193052376071,10715.19305237607,4.03,True,True,True,True,primary_included,True,verified_summary,SI Table S9 PDF page 16; PFDA; sprat,Source-qualified endpoint and value under frozen eligibility criteria
BIO_5792,5792,BAF,CMP_5bc76544fcbe477197d1,Khairy 2019,10.1002/etc.4354,data/raw/ITRC_aquatic.xlsx,bfc24df5dbd2d21341a9580e5053f7a7b89c1ddea1ebe75c55407f4cee27a54d,BCF-BAF Database,154,K154;I154;J154,"{""BAF"": 1225, ""BAF Min"": null, ""BAF Max"": null}",reported_database_value,1225.0,1225.0,3.088136088700552,True,True,True,True,database_traced_primary_not_verified,False,unverified_primary_table,,Original-paper numerical cell not verified
BIO_5793,5793,BAF,CMP_5bc76544fcbe477197d1,Khairy 2019,10.1002/etc.4354,data/raw/ITRC_aquatic.xlsx,bfc24df5dbd2d21341a9580e5053f7a7b89c1ddea1ebe75c55407f4cee27a54d,BCF-BAF Database,155,K155;I155;J155,"{""BAF"": 700, ""BAF Min"": null, ""BAF Max"": null}",reported_database_value,700.0,700.0,2.845098040014257,True,True,True,True,database_traced_primary_not_verified,False,unverified_primary_table,,Original-paper numerical cell not verified
BIO_5794,5794,BAF,CMP_5bc76544fcbe477197d1,Khairy 2019,10.1002/etc.4354,data/raw/ITRC_aquatic.xlsx,bfc24df5dbd2d21341a9580e5053f7a7b89c1ddea1ebe75c55407f4cee27a54d,BCF-BAF Database,156,K156;I156;J156,"{""BAF"": 1025, ""BAF Min"": null, ""BAF Max"": null}",reported_database_value,1025.0,1025.0,3.010723865391773,True,True,True,True,database_traced_primary_not_verified,False,unverified_primary_table,,Original-paper numerical cell not verified
BIO_5795,5795,BAF,CMP_5bc76544fcbe477197d1,Khairy 2019,10.1002/etc.4354,data/raw/ITRC_aquatic.xlsx,bfc24df5dbd2d21341a9580e5053f7a7b89c1ddea1ebe75c55407f4cee27a54d,BCF-BAF Database,157,K157;I157;J157,"{""BAF"": 775, ""BAF Min"": null, ""BAF Max"": null}",reported_database_value,775.0,775.0,2.88930170250631,True,True,True,True,database_traced_primary_not_verified,False,unverified_primary_table,,Original-paper numerical cell not verified
BIO_5796,5796,BAF,CMP_5bc76544fcbe477197d1,Khairy 2019,10.1002/etc.4354,data/raw/ITRC_aquatic.xlsx,bfc24df5dbd2d21341a9580e5053f7a7b89c1ddea1ebe75c55407f4cee27a54d,BCF-BAF Database,158,K158;I158;J158,"{""BAF"": 925, ""BAF Min"": null, ""BAF Max"": null}",reported_database_value,925.0,925.0,2.9661417327390325,True,True,True,True,database_traced_primary_not_verified,False,unverified_primary_table,,Original-paper numerical cell not verified
BIO_5797,5797,BAF,CMP_5bc76544fcbe477197d1,Khairy 2019,10.1002/etc.4354,data/raw/ITRC_aquatic.xlsx,bfc24df5dbd2d21341a9580e5053f7a7b89c1ddea1ebe75c55407f4cee27a54d,BCF-BAF Database,159,K159;I159;J159,"{""BAF"": 1175, ""BAF Min"": null, ""BAF Max"": null}",reported_database_value,1175.0,1175.0,3.070037866607755,True,True,True,True,database_traced_primary_not_verified,False,unverified_primary_table,,Original-paper numerical cell not verified
BIO_5798,5798,BAF,CMP_5bc76544fcbe477197d1,Khairy 2019,10.1002/etc.4354,data/raw/ITRC_aquatic.xlsx,bfc24df5dbd2d21341a9580e5053f7a7b89c1ddea1ebe75c55407f4cee27a54d,BCF-BAF Database,160,K160;I160;J160,"{""BAF"": 1425, ""BAF Min"": null, ""BAF Max"": null}",reported_database_value,1425.0,1425.0,3.153814864344529,True,True,True,True,database_traced_primary_not_verified,False,unverified_primary_table,,Original-paper numerical cell not verified
BIO_5799,5799,BAF,CMP_5bc76544fcbe477197d1,Khairy 2019,10.1002/etc.4354,data/raw/ITRC_aquatic.xlsx,bfc24df5dbd2d21341a9580e5053f7a7b89c1ddea1ebe75c55407f4cee27a54d,BCF-BAF Database,161,K161;I161;J161,"{""BAF"": 1525, ""BAF Min"": null, ""BAF Max"": null}",reported_database_value,1525.0,1525.0,3.1832698436828046,True,True,True,True,database_traced_primary_not_verified,False,unverified_primary_table,,Original-paper numerical cell not verified
BIO_5800,5800,BAF,CMP_5bc76544fcbe477197d1,Khairy 2019,10.1002/etc.4354,data/raw/ITRC_aquatic.xlsx,bfc24df5dbd2d21341a9580e5053f7a7b89c1ddea1ebe75c55407f4cee27a54d,BCF-BAF Database,162,K162;I162;J162,"{""BAF"": 400, ""BAF Min"": null, ""BAF Max"": null}",reported_database_value,400.0,400.0,2.6020599913279625,True,True,True,True,database_traced_primary_not_verified,False,unverified_primary_table,,Original-paper numerical cell not verified
BIO_5801,5801,BAF,CMP_5bc76544fcbe477197d1,Khairy 2019,10.1002/etc.4354,data/raw/ITRC_aquatic.xlsx,bfc24df5dbd2d21341a9580e5053f7a7b89c1ddea1ebe75c55407f4cee27a54d,BCF-BAF Database,163,K163;I163;J163,"{""BAF"": 1475, ""BAF Min"": null, ""BAF Max"": null}",reported_database_value,1475.0,1475.0,3.1687920203141817,True,True,True,True,database_traced_primary_not_verified,False,unverified_primary_table,,Original-paper numerical cell not verified
BIO_5802,5802,BCF,CMP_5bc76544fcbe477197d1,Kwadijk 2010,10.1021/es100485e,data/raw/ITRC_aquatic.xlsx,bfc24df5dbd2d21341a9580e5053f7a7b89c1ddea1ebe75c55407f4cee27a54d,BCF-BAF Database,164,H164;F164;G164,"{""BCF"": 3.6200000000000006, ""BCF Min"": null, ""BCF Max"": null}",reported_database_value,3.6200000000000006,3.620000000000001,0.5587085705331658,True,True,True,True,database_traced_primary_not_verified,False,unverified_primary_table,,Original-paper numerical cell not verified
BIO_5803,5803,BAF,CMP_5bc76544fcbe477197d1,Kwadijk 2010,10.1021/es100485e,data/raw/ITRC_aquatic.xlsx,bfc24df5dbd2d21341a9580e5053f7a7b89c1ddea1ebe75c55407f4cee27a54d,BCF-BAF Database,164,K164;I164;J164,"{""BAF"": 4168.693834703358, ""BAF Min"": 331.13112148259137, ""BAF Max"": 5623.413251903499}",reported_database_value,4168.693834703358,4168.693834703358,3.620000000000001,True,True,True,True,database_traced_primary_not_verified,False,unverified_primary_table,,Original-paper numerical cell not verified
BIO_5804,5804,BCF,CMP_5bc76544fcbe477197d1,Kwadijk 2010,10.1021/es100485e,data/raw/ITRC_aquatic.xlsx,bfc24df5dbd2d21341a9580e5053f7a7b89c1ddea1ebe75c55407f4cee27a54d,BCF-BAF Database,165,H165;F165;G165,"{""BCF"": 3.26, ""BCF Min"": null, ""BCF Max"": null}",reported_database_value,3.26,3.26,0.5132176000679389,True,True,True,True,database_traced_primary_not_verified,False,unverified_primary_table,,Original-paper numerical cell not verified
BIO_5805,5805,BAF,CMP_5bc76544fcbe477197d1,Kwadijk 2010,10.1021/es100485e,data/raw/ITRC_aquatic.xlsx,bfc24df5dbd2d21341a9580e5053f7a7b89c1ddea1ebe75c55407f4cee27a54d,BCF-BAF Database,165,K165;I165;J165,"{""BAF"": 1819.7008586099832, ""BAF Min"": 331.13112148259137, ""BAF Max"": 5623.413251903499}",reported_database_value,1819.7008586099832,1819.700858609983,3.26,True,True,True,True,database_traced_primary_not_verified,False,unverified_primary_table,,Original-paper numerical cell not verified
BIO_5806,5806,BAF,CMP_5bc76544fcbe477197d1,Labadie 2011,10.1016/j.envpol.2010.10.039,data/raw/ITRC_aquatic.xlsx,bfc24df5dbd2d21341a9580e5053f7a7b89c1ddea1ebe75c55407f4cee27a54d,BCF-BAF Database,166,K166;I166;J166,"{""BAF"": 2511.886431509581, ""BAF Min"": null, ""BAF Max"": null}",reported_database_value,2511.886431509581,2511.886431509581,3.4000000000000004,True,True,True,True,database_traced_primary_not_verified,False,unverified_primary_table,,Original-paper numerical cell not verified
BIO_5807,5807,BAF,CMP_5bc76544fcbe477197d1,Lam 2014,10.1016/j.scitotenv.2014.01.045,data/raw/ITRC_aquatic.xlsx,bfc24df5dbd2d21341a9580e5053f7a7b89c1ddea1ebe75c55407f4cee27a54d,BCF-BAF Database,167,K167;I167;J167,"{""BAF"": 34896, ""BAF Min"": null, ""BAF Max"": null}",reported_database_value,34896.0,34896.0,4.542775648234625,True,True,True,True,database_traced_primary_not_verified,False,unverified_primary_table,,Original-paper numerical cell not verified
BIO_5808,5808,BAF,CMP_5bc76544fcbe477197d1,Lam 2014,10.1016/j.scitotenv.2014.01.045,data/raw/ITRC_aquatic.xlsx,bfc24df5dbd2d21341a9580e5053f7a7b89c1ddea1ebe75c55407f4cee27a54d,BCF-BAF Database,168,K168;I168;J168,"{""BAF"": 5957, ""BAF Min"": null, ""BAF Max"": null}",reported_database_value,5957.0,5957.0,3.775027600098845,True,True,True,True,database_traced_primary_not_verified,False,unverified_primary_table,,Original-paper numerical cell not verified
BIO_5809,5809,BAF,CMP_5bc76544fcbe477197d1,Lam 2014,10.1016/j.scitotenv.2014.01.045,data/raw/ITRC_aquatic.xlsx,bfc24df5dbd2d21341a9580e5053f7a7b89c1ddea1ebe75c55407f4cee27a54d,BCF-BAF Database,169,K169;I169;J169,"{""BAF"": 89216, ""BAF Min"": null, ""BAF Max"": null}",reported_database_value,89216.0,89216.0,4.950442747745877,True,True,True,True,database_traced_primary_not_verified,False,unverified_primary_table,,Original-paper numerical cell not verified
BIO_5810,5810,BAF,CMP_5bc76544fcbe477197d1,Lam 2014,10.1016/j.scitotenv.2014.01.045,data/raw/ITRC_aquatic.xlsx,bfc24df5dbd2d21341a9580e5053f7a7b89c1ddea1ebe75c55407f4cee27a54d,BCF-BAF Database,170,K170;I170;J170,"{""BAF"": 7238, ""BAF Min"": null, ""BAF Max"": null}",reported_database_value,7238.0,7238.0,3.8596185787721806,True,True,True,True,database_traced_primary_not_verified,False,unverified_primary_table,,Original-paper numerical cell not verified
BIO_5811,5811,BAF,CMP_5bc76544fcbe477197d1,Lee 2020,10.1016/j.jhazmat.2019.120909,data/raw/ITRC_aquatic.xlsx,bfc24df5dbd2d21341a9580e5053f7a7b89c1ddea1ebe75c55407f4cee27a54d,BCF-BAF Database,174,K174;I174;J174,"{""BAF"": 2398.83, ""BAF Min"": null, ""BAF Max"": null}",reported_database_value,2398.83,2398.83,3.379999471528501,True,True,True,True,database_traced_primary_not_verified,False,unverified_primary_table,,Original-paper numerical cell not verified
BIO_5818,5818,BAF,CMP_5bc76544fcbe477197d1,Liu 2019,10.1016/j.ecoenv.2019.109454,data/raw/ITRC_aquatic.xlsx,bfc24df5dbd2d21341a9580e5053f7a7b89c1ddea1ebe75c55407f4cee27a54d,BCF-BAF Database,181,K181;I181;J181,"{""BAF"": null, ""BAF Min"": 45.4, ""BAF Max"": 4419}",arithmetic_midpoint_of_reported_range,2232.2,2232.2,3.3487331037982857,True,True,True,True,database_traced_primary_not_verified,False,unverified_primary_table,,Original-paper numerical cell not verified
BIO_5819,5819,BAF,CMP_5bc76544fcbe477197d1,Liu 2019,10.1016/j.ecoenv.2019.109454,data/raw/ITRC_aquatic.xlsx,bfc24df5dbd2d21341a9580e5053f7a7b89c1ddea1ebe75c55407f4cee27a54d,BCF-BAF Database,182,K182;I182;J182,"{""BAF"": null, ""BAF Min"": 682, ""BAF Max"": 8672}",arithmetic_midpoint_of_reported_range,4677.0,4677.0,3.669967369908504,True,True,True,True,database_traced_primary_not_verified,False,unverified_primary_table,,Original-paper numerical cell not verified
BIO_5820,5820,BAF,CMP_5bc76544fcbe477197d1,Liu 2019,10.1016/j.ecoenv.2019.109454,data/raw/ITRC_aquatic.xlsx,bfc24df5dbd2d21341a9580e5053f7a7b89c1ddea1ebe75c55407f4cee27a54d,BCF-BAF Database,183,K183;I183;J183,"{""BAF"": null, ""BAF Min"": 666, ""BAF Max"": 5318}",arithmetic_midpoint_of_reported_range,2992.0,2992.0,3.475961589192424,True,True,True,True,database_traced_primary_not_verified,False,unverified_primary_table,,Original-paper numerical cell not verified
BIO_5821,5821,BAF,CMP_5bc76544fcbe477197d1,Liu 2019,10.1016/j.ecoenv.2019.109454,data/raw/ITRC_aquatic.xlsx,bfc24df5dbd2d21341a9580e5053f7a7b89c1ddea1ebe75c55407f4cee27a54d,BCF-BAF Database,184,K184;I184;J184,"{""BAF"": null, ""BAF Min"": 137, ""BAF Max"": 3956}",arithmetic_midpoint_of_reported_range,2046.5,2046.5,3.311011748981288,True,True,True,True,database_traced_primary_not_verified,False,unverified_primary_table,,Original-paper numerical cell not verified
BIO_5822,5822,BAF,CMP_5bc76544fcbe477197d1,Liu 2019,10.1016/j.ecoenv.2019.109454,data/raw/ITRC_aquatic.xlsx,bfc24df5dbd2d21341a9580e5053f7a7b89c1ddea1ebe75c55407f4cee27a54d,BCF-BAF Database,185,K185;I185;J185,"{""BAF"": null, ""BAF Min"": 298, ""BAF Max"": 4004}",arithmetic_midpoint_of_reported_range,2151.0,2151.0,3.3326404103874627,True,True,True,True,database_traced_primary_not_verified,False,unverified_primary_table,,Original-paper numerical cell not verified
BIO_5823,5823,BAF,CMP_5bc76544fcbe477197d1,Loi 2011,10.1021/es200432n,data/raw/ITRC_aquatic.xlsx,bfc24df5dbd2d21341a9580e5053f7a7b89c1ddea1ebe75c55407f4cee27a54d,BCF-BAF Database,186,K186;I186;J186,"{""BAF"": 765, ""BAF Min"": null, ""BAF Max"": null}",reported_database_value,765.0,765.0,2.8836614351536176,True,True,True,True,primary_located_not_eligible,False,verified_summary_with_LOQ_substitution,SI Table S7 PDF page 31; phytoplankton; PFDA; mean,sensitivity_only_LOQ_substitution_not_resolved_per_cell; Source explicitly substitutes half LOQ for censored concentrations; cell-specific censoring cannot be removed from summaries
BIO_5824,5824,BAF,CMP_5bc76544fcbe477197d1,Lorenzo 2019,10.1016/j.scitotenv.2018.07.304,data/raw/ITRC_aquatic.xlsx,bfc24df5dbd2d21341a9580e5053f7a7b89c1ddea1ebe75c55407f4cee27a54d,BCF-BAF Database,187,K187;I187;J187,"{""BAF"": 100, ""BAF Min"": null, ""BAF Max"": null}",reported_database_value,100.0,100.0,2.0,True,True,True,True,database_traced_primary_not_verified,False,unverified_primary_table,,Original-paper numerical cell not verified
BIO_5825,5825,BCF,CMP_5bc76544fcbe477197d1,Martin 2003a,10.1002/etc.5620220126,data/raw/ITRC_aquatic.xlsx,bfc24df5dbd2d21341a9580e5053f7a7b89c1ddea1ebe75c55407f4cee27a54d,BCF-BAF Database,188,H188;F188;G188,"{""BCF"": 450, ""BCF Min"": null, ""BCF Max"": null}",reported_database_value,450.0,450.0,2.6532125137753435,True,True,True,True,database_traced_primary_not_verified,False,unverified_primary_table,,Original-paper numerical cell not verified
BIO_5826,5826,BCF,CMP_5bc76544fcbe477197d1,Martin 2003a,10.1002/etc.5620220126,data/raw/ITRC_aquatic.xlsx,bfc24df5dbd2d21341a9580e5053f7a7b89c1ddea1ebe75c55407f4cee27a54d,BCF-BAF Database,189,H189;F189;G189,"{""BCF"": 2700, ""BCF Min"": null, ""BCF Max"": null}",reported_database_value,2700.0,2700.0,3.431363764158988,True,True,True,True,database_traced_primary_not_verified,False,unverified_primary_table,,Original-paper numerical cell not verified
BIO_5827,5827,BCF,CMP_5bc76544fcbe477197d1,Martin 2003a,10.1002/etc.5620220126,data/raw/ITRC_aquatic.xlsx,bfc24df5dbd2d21341a9580e5053f7a7b89c1ddea1ebe75c55407f4cee27a54d,BCF-BAF Database,190,H190;F190;G190,"{""BCF"": 1100, ""BCF Min"": null, ""BCF Max"": null}",reported_database_value,1100.0,1100.0,3.041392685158225,True,True,True,True,database_traced_primary_not_verified,False,unverified_primary_table,,Original-paper numerical cell not verified
BIO_5834,5834,BAF,CMP_5bc76544fcbe477197d1,Murakami 2011,10.1007/s00244-011-9660-4,data/raw/ITRC_aquatic.xlsx,bfc24df5dbd2d21341a9580e5053f7a7b89c1ddea1ebe75c55407f4cee27a54d,BCF-BAF Database,197,K197;I197;J197,"{""BAF"": 250, ""BAF Min"": null, ""BAF Max"": null}",reported_database_value,250.0,250.0,2.397940008672037,True,True,True,True,database_traced_primary_not_verified,False,unverified_primary_table,,Original-paper numerical cell not verified
BIO_5835,5835,BAF,CMP_5bc76544fcbe477197d1,Murakami 2011,10.1007/s00244-011-9660-4,data/raw/ITRC_aquatic.xlsx,bfc24df5dbd2d21341a9580e5053f7a7b89c1ddea1ebe75c55407f4cee27a54d,BCF-BAF Database,198,K198;I198;J198,"{""BAF"": 380, ""BAF Min"": null, ""BAF Max"": null}",reported_database_value,380.0,380.0,2.57978359661681,True,True,True,True,database_traced_primary_not_verified,False,unverified_primary_table,,Original-paper numerical cell not verified
BIO_5836,5836,BAF,CMP_5bc76544fcbe477197d1,Murakami 2011,10.1007/s00244-011-9660-4,data/raw/ITRC_aquatic.xlsx,bfc24df5dbd2d21341a9580e5053f7a7b89c1ddea1ebe75c55407f4cee27a54d,BCF-BAF Database,199,K199;I199;J199,"{""BAF"": 1100, ""BAF Min"": null, ""BAF Max"": null}",reported_database_value,1100.0,1100.0,3.041392685158225,True,True,True,True,database_traced_primary_not_verified,False,unverified_primary_table,,Original-paper numerical cell not verified
BIO_5837,5837,BAF,CMP_5bc76544fcbe477197d1,Murakami 2011,10.1007/s00244-011-9660-4,data/raw/ITRC_aquatic.xlsx,bfc24df5dbd2d21341a9580e5053f7a7b89c1ddea1ebe75c55407f4cee27a54d,BCF-BAF Database,200,K200;I200;J200,"{""BAF"": 2600, ""BAF Min"": null, ""BAF Max"": null}",reported_database_value,2600.0,2600.0,3.414973347970818,True,True,True,True,database_traced_primary_not_verified,False,unverified_primary_table,,Original-paper numerical cell not verified
BIO_5838,5838,BAF,CMP_5bc76544fcbe477197d1,Naile 2013,10.1016/j.chemosphere.2012.07.033,data/raw/ITRC_aquatic.xlsx,bfc24df5dbd2d21341a9580e5053f7a7b89c1ddea1ebe75c55407f4cee27a54d,BCF-BAF Database,201,K201;I201;J201,"{""BAF"": 95.49925860214366, ""BAF Min"": null, ""BAF Max"": null}",reported_database_value,95.49925860214366,95.49925860214366,1.98,True,True,True,True,database_traced_primary_not_verified,False,unverified_primary_table,,Original-paper numerical cell not verified
BIO_5839,5839,BAF,CMP_5bc76544fcbe477197d1,Naile 2013,10.1016/j.chemosphere.2012.07.033,data/raw/ITRC_aquatic.xlsx,bfc24df5dbd2d21341a9580e5053f7a7b89c1ddea1ebe75c55407f4cee27a54d,BCF-BAF Database,202,K202;I202;J202,"{""BAF"": 32.35936569296283, ""BAF Min"": null, ""BAF Max"": null}",reported_database_value,32.35936569296283,32.35936569296283,1.51,True,True,True,True,database_traced_primary_not_verified,False,unverified_primary_table,,Original-paper numerical cell not verified
BIO_5840,5840,BAF,CMP_5bc76544fcbe477197d1,Naile 2013,10.1016/j.chemosphere.2012.07.033,data/raw/ITRC_aquatic.xlsx,bfc24df5dbd2d21341a9580e5053f7a7b89c1ddea1ebe75c55407f4cee27a54d,BCF-BAF Database,203,K203;I203;J203,"{""BAF"": 16.218100973589298, ""BAF Min"": null, ""BAF Max"": null}",reported_database_value,16.218100973589298,16.2181009735893,1.21,True,True,True,True,database_traced_primary_not_verified,False,unverified_primary_table,,Original-paper numerical cell not verified
BIO_5841,5841,BAF,CMP_5bc76544fcbe477197d1,Naile 2013,10.1016/j.chemosphere.2012.07.033,data/raw/ITRC_aquatic.xlsx,bfc24df5dbd2d21341a9580e5053f7a7b89c1ddea1ebe75c55407f4cee27a54d,BCF-BAF Database,204,K204;I204;J204,"{""BAF"": 251.18864315095806, ""BAF Min"": null, ""BAF Max"": null}",reported_database_value,251.18864315095806,251.1886431509581,2.4000000000000004,True,True,True,True,database_traced_primary_not_verified,False,unverified_primary_table,,Original-paper numerical cell not verified
BIO_5842,5842,BAF,CMP_5bc76544fcbe477197d1,Naile 2013,10.1016/j.chemosphere.2012.07.033,data/raw/ITRC_aquatic.xlsx,bfc24df5dbd2d21341a9580e5053f7a7b89c1ddea1ebe75c55407f4cee27a54d,BCF-BAF Database,205,K205;I205;J205,"{""BAF"": 79.4328234724282, ""BAF Min"": null, ""BAF Max"": null}",reported_database_value,79.4328234724282,79.4328234724282,1.9000000000000004,True,True,True,True,database_traced_primary_not_verified,False,unverified_primary_table,,Original-paper numerical cell not verified
BIO_5843,5843,BAF,CMP_5bc76544fcbe477197d1,Naile 2013,10.1016/j.chemosphere.2012.07.033,data/raw/ITRC_aquatic.xlsx,bfc24df5dbd2d21341a9580e5053f7a7b89c1ddea1ebe75c55407f4cee27a54d,BCF-BAF Database,206,K206;I206;J206,"{""BAF"": 31.622776601683803, ""BAF Min"": null, ""BAF Max"": null}",reported_database_value,31.622776601683803,31.6227766016838,1.5,True,True,True,True,database_traced_primary_not_verified,False,unverified_primary_table,,Original-paper numerical cell not verified
BIO_5844,5844,BAF,CMP_5bc76544fcbe477197d1,Naile 2013,10.1016/j.chemosphere.2012.07.033,data/raw/ITRC_aquatic.xlsx,bfc24df5dbd2d21341a9580e5053f7a7b89c1ddea1ebe75c55407f4cee27a54d,BCF-BAF Database,207,K207;I207;J207,"{""BAF"": 134.89628825916537, ""BAF Min"": null, ""BAF Max"": null}",reported_database_value,134.89628825916537,134.8962882591654,2.1300000000000003,True,True,True,True,database_traced_primary_not_verified,False,unverified_primary_table,,Original-paper numerical cell not verified
BIO_5845,5845,BAF,CMP_5bc76544fcbe477197d1,Pan 2019,10.3390/ijerph16101692,data/raw/ITRC_aquatic.xlsx,bfc24df5dbd2d21341a9580e5053f7a7b89c1ddea1ebe75c55407f4cee27a54d,BCF-BAF Database,208,K208;I208;J208,"{""BAF"": 3183, ""BAF Min"": 186, ""BAF Max"": 7867}",reported_database_value,3183.0,3183.0,3.502836638621003,True,True,True,True,primary_located_not_eligible,False,verified_value_basis_conflict,Main Table 4; PFDA; BAF Mean,"quarantine_basis_conflict_until_primary_clarification; Original Table 4 concentration header ng/g DW conflicts with wet-weight extraction and fish LOQ in Methods; pooled fish, not individual data"
BIO_5853,5853,BAF,CMP_5bc76544fcbe477197d1,Wang 2013,10.1016/j.envpol.2013.04.020,data/raw/ITRC_aquatic.xlsx,bfc24df5dbd2d21341a9580e5053f7a7b89c1ddea1ebe75c55407f4cee27a54d,BCF-BAF Database,216,K216;I216;J216,"{""BAF"": 450, ""BAF Min"": null, ""BAF Max"": null}",reported_database_value,450.0,450.0,2.6532125137753435,True,True,True,True,database_traced_primary_not_verified,False,unverified_primary_table,,Original-paper numerical cell not verified
BIO_5854,5854,BAF,CMP_5bc76544fcbe477197d1,Wang 2013,10.1016/j.envpol.2013.04.020,data/raw/ITRC_aquatic.xlsx,bfc24df5dbd2d21341a9580e5053f7a7b89c1ddea1ebe75c55407f4cee27a54d,BCF-BAF Database,217,K217;I217;J217,"{""BAF"": 9600, ""BAF Min"": null, ""BAF Max"": null}",reported_database_value,9600.0,9600.0,3.982271233039568,True,True,True,True,database_traced_primary_not_verified,False,unverified_primary_table,,Original-paper numerical cell not verified
BIO_5855,5855,BAF,CMP_5bc76544fcbe477197d1,Wang 2013,10.1016/j.envpol.2013.04.020,data/raw/ITRC_aquatic.xlsx,bfc24df5dbd2d21341a9580e5053f7a7b89c1ddea1ebe75c55407f4cee27a54d,BCF-BAF Database,218,K218;I218;J218,"{""BAF"": 160, ""BAF Min"": null, ""BAF Max"": null}",reported_database_value,160.0,160.0,2.204119982655925,True,True,True,True,database_traced_primary_not_verified,False,unverified_primary_table,,Original-paper numerical cell not verified
BIO_5856,5856,BAF,CMP_5bc76544fcbe477197d1,Wang 2013,10.1016/j.envpol.2013.04.020,data/raw/ITRC_aquatic.xlsx,bfc24df5dbd2d21341a9580e5053f7a7b89c1ddea1ebe75c55407f4cee27a54d,BCF-BAF Database,219,K219;I219;J219,"{""BAF"": 1800, ""BAF Min"": null, ""BAF Max"": null}",reported_database_value,1800.0,1800.0,3.255272505103306,True,True,True,True,database_traced_primary_not_verified,False,unverified_primary_table,,Original-paper numerical cell not verified
BIO_5857,5857,BAF,CMP_5bc76544fcbe477197d1,Wang 2013,10.1016/j.envpol.2013.04.020,data/raw/ITRC_aquatic.xlsx,bfc24df5dbd2d21341a9580e5053f7a7b89c1ddea1ebe75c55407f4cee27a54d,BCF-BAF Database,220,K220;I220;J220,"{""BAF"": 820, ""BAF Min"": null, ""BAF Max"": null}",reported_database_value,820.0,820.0,2.9138138523837167,True,True,True,True,database_traced_primary_not_verified,False,unverified_primary_table,,Original-paper numerical cell not verified
BIO_5858,5858,BAF,CMP_5bc76544fcbe477197d1,Yoo 2009,10.1007/s00244-008-9282-7,data/raw/ITRC_aquatic.xlsx,bfc24df5dbd2d21341a9580e5053f7a7b89c1ddea1ebe75c55407f4cee27a54d,BCF-BAF Database,221,K221;I221;J221,"{""BAF"": 9300, ""BAF Min"": null, ""BAF Max"": null}",reported_database_value,9300.0,9300.0,3.9684829485539352,True,True,True,True,database_traced_primary_not_verified,False,unverified_primary_table,,Original-paper numerical cell not verified
BIO_5859,5859,BAF,CMP_5bc76544fcbe477197d1,Yoo 2009,10.1007/s00244-008-9282-7,data/raw/ITRC_aquatic.xlsx,bfc24df5dbd2d21341a9580e5053f7a7b89c1ddea1ebe75c55407f4cee27a54d,BCF-BAF Database,222,K222;I222;J222,"{""BAF"": 17000, ""BAF Min"": null, ""BAF Max"": null}",reported_database_value,17000.0,17000.0,4.230448921378274,True,True,True,True,database_traced_primary_not_verified,False,unverified_primary_table,,Original-paper numerical cell not verified
BIO_5860,5860,BCF,CMP_812738d2ca27e93d42c8,Chen 2016,10.1016/j.scitotenv.2016.05.215,data/raw/ITRC_aquatic.xlsx,bfc24df5dbd2d21341a9580e5053f7a7b89c1ddea1ebe75c55407f4cee27a54d,BCF-BAF Database,223,H223;F223;G223,"{""BCF"": 208929.61, ""BCF Min"": null, ""BCF Max"": null}",reported_database_value,208929.61,208929.61,5.319999993586482,True,True,True,True,primary_located_not_eligible,False,verified_plasma_unit_mismatch,Table S9 row 12 column 7; plasma-low; pfdoda; logBCFss,Plasma ratios are dimensionless and incompatible with mass-based L/kg regression
BIO_5861,5861,BCF,CMP_812738d2ca27e93d42c8,Chen 2016,10.1016/j.scitotenv.2016.05.215,data/raw/ITRC_aquatic.xlsx,bfc24df5dbd2d21341a9580e5053f7a7b89c1ddea1ebe75c55407f4cee27a54d,BCF-BAF Database,224,H224;F224;G224,"{""BCF"": 81283.05, ""BCF Min"": null, ""BCF Max"": null}",reported_database_value,81283.05,81283.05,4.909999991363539,True,True,True,True,primary_located_not_eligible,False,verified_plasma_unit_mismatch,Table S9 row 34 column 7; plasma-high; pfdoda; logBCFss,Plasma ratios are dimensionless and incompatible with mass-based L/kg regression
BIO_5862,5862,BCF,CMP_812738d2ca27e93d42c8,Chen 2016,10.1016/j.scitotenv.2016.05.215,data/raw/ITRC_aquatic.xlsx,bfc24df5dbd2d21341a9580e5053f7a7b89c1ddea1ebe75c55407f4cee27a54d,BCF-BAF Database,225,H225;F225;G225,"{""BCF"": 89125.09, ""BCF Min"": null, ""BCF Max"": null}",reported_database_value,89125.09,89125.09,4.95,True,True,True,True,primary_included,True,verified_tissue_BCF_summary,Table S9 row 56 column 7; liver-low; pfdoda; logBCFss,Source-qualified endpoint and value under frozen eligibility criteria
BIO_5863,5863,BCF,CMP_812738d2ca27e93d42c8,Chen 2016,10.1016/j.scitotenv.2016.05.215,data/raw/ITRC_aquatic.xlsx,bfc24df5dbd2d21341a9580e5053f7a7b89c1ddea1ebe75c55407f4cee27a54d,BCF-BAF Database,226,H226;F226;G226,"{""BCF"": 45708.82, ""BCF Min"": null, ""BCF Max"": null}",reported_database_value,45708.82,45708.82,4.66,True,True,True,True,primary_included,True,verified_tissue_BCF_summary,Table S9 row 78 column 7; liver-high; pfdoda; logBCFss,Source-qualified endpoint and value under frozen eligibility criteria
BIO_5864,5864,BCF,CMP_812738d2ca27e93d42c8,Chen 2016,10.1016/j.scitotenv.2016.05.215,data/raw/ITRC_aquatic.xlsx,bfc24df5dbd2d21341a9580e5053f7a7b89c1ddea1ebe75c55407f4cee27a54d,BCF-BAF Database,227,H227;F227;G227,"{""BCF"": 5888.44, ""BCF Min"": null, ""BCF Max"": null}",reported_database_value,5888.44,5888.44,3.77,True,True,True,True,primary_included,True,verified_tissue_BCF_summary,Table S9 row 100 column 7; muscle-low; pfdoda; logBCFss,Source-qualified endpoint and value under frozen eligibility criteria
BIO_5865,5865,BCF,CMP_812738d2ca27e93d42c8,Chen 2016,10.1016/j.scitotenv.2016.05.215,data/raw/ITRC_aquatic.xlsx,bfc24df5dbd2d21341a9580e5053f7a7b89c1ddea1ebe75c55407f4cee27a54d,BCF-BAF Database,228,H228;F228;G228,"{""BCF"": 4570.88, ""BCF Min"": null, ""BCF Max"": null}",reported_database_value,4570.88,4570.88,3.66,True,True,True,True,primary_included,True,verified_tissue_BCF_summary,Table S9 row 122 column 7; muscle-high; pfdoda; logBCFss,Source-qualified endpoint and value under frozen eligibility criteria
BIO_5866,5866,BCF,CMP_812738d2ca27e93d42c8,Chen 2016,10.1016/j.scitotenv.2016.05.215,data/raw/ITRC_aquatic.xlsx,bfc24df5dbd2d21341a9580e5053f7a7b89c1ddea1ebe75c55407f4cee27a54d,BCF-BAF Database,229,H229;F229;G229,"{""BCF"": 21379.62, ""BCF Min"": null, ""BCF Max"": null}",reported_database_value,21379.62,21379.62,4.33,True,True,True,True,primary_included,True,verified_tissue_BCF_summary,Table S9 row 144 column 7; ovary-low; pfdoda; logBCFss,Source-qualified endpoint and value under frozen eligibility criteria
BIO_5867,5867,BCF,CMP_812738d2ca27e93d42c8,Chen 2016,10.1016/j.scitotenv.2016.05.215,data/raw/ITRC_aquatic.xlsx,bfc24df5dbd2d21341a9580e5053f7a7b89c1ddea1ebe75c55407f4cee27a54d,BCF-BAF Database,230,H230;F230;G230,"{""BCF"": 4466.84, ""BCF Min"": null, ""BCF Max"": null}",reported_database_value,4466.84,4466.84,3.65,True,True,True,True,primary_included,True,verified_tissue_BCF_summary,Table S9 row 166 column 7; ovary-high; pfdoda; logBCFss,Source-qualified endpoint and value under frozen eligibility criteria
BIO_5868,5868,BCF,CMP_812738d2ca27e93d42c8,Chen 2016,10.1016/j.scitotenv.2016.05.215,data/raw/ITRC_aquatic.xlsx,bfc24df5dbd2d21341a9580e5053f7a7b89c1ddea1ebe75c55407f4cee27a54d,BCF-BAF Database,231,H231;F231;G231,"{""BCF"": 17378.01, ""BCF Min"": null, ""BCF Max"": null}",reported_database_value,17378.01,17378.01,4.240000042797308,True,True,True,True,database_traced_primary_not_verified,False,unverified_primary_table,,Original-paper numerical cell not verified
BIO_5869,5869,BCF,CMP_812738d2ca27e93d42c8,Chen 2016,10.1016/j.scitotenv.2016.05.215,data/raw/ITRC_aquatic.xlsx,bfc24df5dbd2d21341a9580e5053f7a7b89c1ddea1ebe75c55407f4cee27a54d,BCF-BAF Database,232,H232;F232;G232,"{""BCF"": 7244.36, ""BCF Min"": null, ""BCF Max"": null}",reported_database_value,7244.36,7244.36,3.860000023934774,True,True,True,True,database_traced_primary_not_verified,False,unverified_primary_table,,Original-paper numerical cell not verified
BIO_5870,5870,BCF,CMP_812738d2ca27e93d42c8,Dai 2013,10.1016/j.chemosphere.2012.08.026,data/raw/ITRC_aquatic.xlsx,bfc24df5dbd2d21341a9580e5053f7a7b89c1ddea1ebe75c55407f4cee27a54d,BCF-BAF Database,233,H233;F233;G233,"{""BCF"": 474, ""BCF Min"": null, ""BCF Max"": null}",reported_database_value,474.0,474.0,2.675778341674085,True,True,True,True,database_traced_primary_not_verified,False,unverified_primary_table,,Original-paper numerical cell not verified
BIO_5872,5872,BAF,CMP_812738d2ca27e93d42c8,Khairy 2019,10.1002/etc.4354,data/raw/ITRC_aquatic.xlsx,bfc24df5dbd2d21341a9580e5053f7a7b89c1ddea1ebe75c55407f4cee27a54d,BCF-BAF Database,235,K235;I235;J235,"{""BAF"": 27500, ""BAF Min"": null, ""BAF Max"": null}",reported_database_value,27500.0,27500.0,4.439332693830263,True,True,True,True,database_traced_primary_not_verified,False,unverified_primary_table,,Original-paper numerical cell not verified
BIO_5873,5873,BAF,CMP_812738d2ca27e93d42c8,Khairy 2019,10.1002/etc.4354,data/raw/ITRC_aquatic.xlsx,bfc24df5dbd2d21341a9580e5053f7a7b89c1ddea1ebe75c55407f4cee27a54d,BCF-BAF Database,236,K236;I236;J236,"{""BAF"": 23500, ""BAF Min"": null, ""BAF Max"": null}",reported_database_value,23500.0,23500.0,4.371067862271737,True,True,True,True,database_traced_primary_not_verified,False,unverified_primary_table,,Original-paper numerical cell not verified
BIO_5874,5874,BAF,CMP_812738d2ca27e93d42c8,Khairy 2019,10.1002/etc.4354,data/raw/ITRC_aquatic.xlsx,bfc24df5dbd2d21341a9580e5053f7a7b89c1ddea1ebe75c55407f4cee27a54d,BCF-BAF Database,237,K237;I237;J237,"{""BAF"": 25000, ""BAF Min"": null, ""BAF Max"": null}",reported_database_value,25000.0,25000.0,4.3979400086720375,True,True,True,True,database_traced_primary_not_verified,False,unverified_primary_table,,Original-paper numerical cell not verified
BIO_5875,5875,BAF,CMP_812738d2ca27e93d42c8,Khairy 2019,10.1002/etc.4354,data/raw/ITRC_aquatic.xlsx,bfc24df5dbd2d21341a9580e5053f7a7b89c1ddea1ebe75c55407f4cee27a54d,BCF-BAF Database,238,K238;I238;J238,"{""BAF"": 18000, ""BAF Min"": null, ""BAF Max"": null}",reported_database_value,18000.0,18000.0,4.2552725051033065,True,True,True,True,database_traced_primary_not_verified,False,unverified_primary_table,,Original-paper numerical cell not verified
BIO_5876,5876,BAF,CMP_812738d2ca27e93d42c8,Khairy 2019,10.1002/etc.4354,data/raw/ITRC_aquatic.xlsx,bfc24df5dbd2d21341a9580e5053f7a7b89c1ddea1ebe75c55407f4cee27a54d,BCF-BAF Database,239,K239;I239;J239,"{""BAF"": 16000, ""BAF Min"": null, ""BAF Max"": null}",reported_database_value,16000.0,16000.0,4.204119982655925,True,True,True,True,database_traced_primary_not_verified,False,unverified_primary_table,,Original-paper numerical cell not verified
BIO_5877,5877,BAF,CMP_812738d2ca27e93d42c8,Khairy 2019,10.1002/etc.4354,data/raw/ITRC_aquatic.xlsx,bfc24df5dbd2d21341a9580e5053f7a7b89c1ddea1ebe75c55407f4cee27a54d,BCF-BAF Database,240,K240;I240;J240,"{""BAF"": 27500, ""BAF Min"": null, ""BAF Max"": null}",reported_database_value,27500.0,27500.0,4.439332693830263,True,True,True,True,database_traced_primary_not_verified,False,unverified_primary_table,,Original-paper numerical cell not verified
BIO_5878,5878,BAF,CMP_812738d2ca27e93d42c8,Khairy 2019,10.1002/etc.4354,data/raw/ITRC_aquatic.xlsx,bfc24df5dbd2d21341a9580e5053f7a7b89c1ddea1ebe75c55407f4cee27a54d,BCF-BAF Database,241,K241;I241;J241,"{""BAF"": 27500, ""BAF Min"": null, ""BAF Max"": null}",reported_database_value,27500.0,27500.0,4.439332693830263,True,True,True,True,database_traced_primary_not_verified,False,unverified_primary_table,,Original-paper numerical cell not verified
BIO_5879,5879,BAF,CMP_812738d2ca27e93d42c8,Khairy 2019,10.1002/etc.4354,data/raw/ITRC_aquatic.xlsx,bfc24df5dbd2d21341a9580e5053f7a7b89c1ddea1ebe75c55407f4cee27a54d,BCF-BAF Database,242,K242;I242;J242,"{""BAF"": 30000, ""BAF Min"": null, ""BAF Max"": null}",reported_database_value,30000.0,30000.0,4.477121254719663,True,True,True,True,database_traced_primary_not_verified,False,unverified_primary_table,,Original-paper numerical cell not verified
BIO_5880,5880,BAF,CMP_812738d2ca27e93d42c8,Khairy 2019,10.1002/etc.4354,data/raw/ITRC_aquatic.xlsx,bfc24df5dbd2d21341a9580e5053f7a7b89c1ddea1ebe75c55407f4cee27a54d,BCF-BAF Database,243,K243;I243;J243,"{""BAF"": 45000, ""BAF Min"": null, ""BAF Max"": null}",reported_database_value,45000.0,45000.0,4.653212513775344,True,True,True,True,database_traced_primary_not_verified,False,unverified_primary_table,,Original-paper numerical cell not verified
BIO_5881,5881,BAF,CMP_812738d2ca27e93d42c8,Khairy 2019,10.1002/etc.4354,data/raw/ITRC_aquatic.xlsx,bfc24df5dbd2d21341a9580e5053f7a7b89c1ddea1ebe75c55407f4cee27a54d,BCF-BAF Database,244,K244;I244;J244,"{""BAF"": 37500, ""BAF Min"": null, ""BAF Max"": null}",reported_database_value,37500.0,37500.0,4.574031267727719,True,True,True,True,database_traced_primary_not_verified,False,unverified_primary_table,,Original-paper numerical cell not verified
BIO_5882,5882,BAF,CMP_812738d2ca27e93d42c8,Labadie 2011,10.1016/j.envpol.2010.10.039,data/raw/ITRC_aquatic.xlsx,bfc24df5dbd2d21341a9580e5053f7a7b89c1ddea1ebe75c55407f4cee27a54d,BCF-BAF Database,245,K245;I245;J245,"{""BAF"": 100000, ""BAF Min"": null, ""BAF Max"": null}",reported_database_value,100000.0,100000.0,5.0,True,True,True,True,database_traced_primary_not_verified,False,unverified_primary_table,,Original-paper numerical cell not verified
BIO_5891,5891,BAF,CMP_812738d2ca27e93d42c8,Liu 2019,10.1016/j.ecoenv.2019.109454,data/raw/ITRC_aquatic.xlsx,bfc24df5dbd2d21341a9580e5053f7a7b89c1ddea1ebe75c55407f4cee27a54d,BCF-BAF Database,259,K259;I259;J259,"{""BAF"": null, ""BAF Min"": 90.9, ""BAF Max"": 3890}",arithmetic_midpoint_of_reported_range,1990.45,1990.45,3.298951272602443,True,True,True,True,database_traced_primary_not_verified,False,unverified_primary_table,,Original-paper numerical cell not verified
BIO_5892,5892,BAF,CMP_812738d2ca27e93d42c8,Liu 2019,10.1016/j.ecoenv.2019.109454,data/raw/ITRC_aquatic.xlsx,bfc24df5dbd2d21341a9580e5053f7a7b89c1ddea1ebe75c55407f4cee27a54d,BCF-BAF Database,260,K260;I260;J260,"{""BAF"": null, ""BAF Min"": 757, ""BAF Max"": 9874}",arithmetic_midpoint_of_reported_range,5315.5,5315.5,3.725544122486353,True,True,True,True,database_traced_primary_not_verified,False,unverified_primary_table,,Original-paper numerical cell not verified
BIO_5893,5893,BAF,CMP_812738d2ca27e93d42c8,Liu 2019,10.1016/j.ecoenv.2019.109454,data/raw/ITRC_aquatic.xlsx,bfc24df5dbd2d21341a9580e5053f7a7b89c1ddea1ebe75c55407f4cee27a54d,BCF-BAF Database,261,K261;I261;J261,"{""BAF"": null, ""BAF Min"": 703, ""BAF Max"": 6635}",arithmetic_midpoint_of_reported_range,3669.0,3669.0,3.564547711755948,True,True,True,True,database_traced_primary_not_verified,False,unverified_primary_table,,Original-paper numerical cell not verified
BIO_5894,5894,BAF,CMP_812738d2ca27e93d42c8,Liu 2019,10.1016/j.ecoenv.2019.109454,data/raw/ITRC_aquatic.xlsx,bfc24df5dbd2d21341a9580e5053f7a7b89c1ddea1ebe75c55407f4cee27a54d,BCF-BAF Database,262,K262;I262;J262,"{""BAF"": null, ""BAF Min"": 187, ""BAF Max"": 6052}",arithmetic_midpoint_of_reported_range,3119.5,3119.5,3.494084989966382,True,True,True,True,database_traced_primary_not_verified,False,unverified_primary_table,,Original-paper numerical cell not verified
BIO_5895,5895,BAF,CMP_812738d2ca27e93d42c8,Liu 2019,10.1016/j.ecoenv.2019.109454,data/raw/ITRC_aquatic.xlsx,bfc24df5dbd2d21341a9580e5053f7a7b89c1ddea1ebe75c55407f4cee27a54d,BCF-BAF Database,263,K263;I263;J263,"{""BAF"": null, ""BAF Min"": 255, ""BAF Max"": 2663}",arithmetic_midpoint_of_reported_range,1459.0,1459.0,3.1640552918934515,True,True,True,True,database_traced_primary_not_verified,False,unverified_primary_table,,Original-paper numerical cell not verified
BIO_5896,5896,BCF,CMP_812738d2ca27e93d42c8,Martin 2003a,10.1002/etc.5620220126,data/raw/ITRC_aquatic.xlsx,bfc24df5dbd2d21341a9580e5053f7a7b89c1ddea1ebe75c55407f4cee27a54d,BCF-BAF Database,264,H264;F264;G264,"{""BCF"": 18000, ""BCF Min"": null, ""BCF Max"": null}",reported_database_value,18000.0,18000.0,4.2552725051033065,True,True,True,True,database_traced_primary_not_verified,False,unverified_primary_table,,Original-paper numerical cell not verified
BIO_5897,5897,BCF,CMP_812738d2ca27e93d42c8,Martin 2003a,10.1002/etc.5620220126,data/raw/ITRC_aquatic.xlsx,bfc24df5dbd2d21341a9580e5053f7a7b89c1ddea1ebe75c55407f4cee27a54d,BCF-BAF Database,265,H265;F265;G265,"{""BCF"": 40000, ""BCF Min"": null, ""BCF Max"": null}",reported_database_value,40000.0,40000.0,4.6020599913279625,True,True,True,True,database_traced_primary_not_verified,False,unverified_primary_table,,Original-paper numerical cell not verified
BIO_5898,5898,BCF,CMP_812738d2ca27e93d42c8,Martin 2003a,10.1002/etc.5620220126,data/raw/ITRC_aquatic.xlsx,bfc24df5dbd2d21341a9580e5053f7a7b89c1ddea1ebe75c55407f4cee27a54d,BCF-BAF Database,266,H266;F266;G266,"{""BCF"": 18000, ""BCF Min"": null, ""BCF Max"": null}",reported_database_value,18000.0,18000.0,4.2552725051033065,True,True,True,True,database_traced_primary_not_verified,False,unverified_primary_table,,Original-paper numerical cell not verified
BIO_5899,5899,BAF,CMP_812738d2ca27e93d42c8,Pan 2019,10.3390/ijerph16101692,data/raw/ITRC_aquatic.xlsx,bfc24df5dbd2d21341a9580e5053f7a7b89c1ddea1ebe75c55407f4cee27a54d,BCF-BAF Database,267,K267;I267;J267,"{""BAF"": 150, ""BAF Min"": 39.4, ""BAF Max"": 279}",reported_database_value,150.0,150.0,2.1760912590556813,True,True,True,True,primary_located_not_eligible,False,verified_value_basis_conflict,Main Table 4; PFDoDA; BAF Mean,"quarantine_basis_conflict_until_primary_clarification; Original Table 4 concentration header ng/g DW conflicts with wet-weight extraction and fish LOQ in Methods; pooled fish, not individual data"
BIO_5905,5905,BAF,CMP_a97661d9260d026cb14f,Awad 2011,10.1021/es2001985,data/raw/ITRC_aquatic.xlsx,bfc24df5dbd2d21341a9580e5053f7a7b89c1ddea1ebe75c55407f4cee27a54d,BCF-BAF Database,285,K285;I285;J285,"{""BAF"": 144.54397707459285, ""BAF Min"": 52.480746024977286, ""BAF Max"": 426.57951880159294}",reported_database_value,144.54397707459285,144.5439770745928,2.16,True,True,True,True,database_traced_primary_not_verified,False,unverified_primary_table,,Original-paper numerical cell not verified
BIO_5906,5906,BAF,CMP_a97661d9260d026cb14f,Awad 2011,10.1021/es2001985,data/raw/ITRC_aquatic.xlsx,bfc24df5dbd2d21341a9580e5053f7a7b89c1ddea1ebe75c55407f4cee27a54d,BCF-BAF Database,286,K286;I286;J286,"{""BAF"": 54.95408738576247, ""BAF Min"": 3.0902954325135905, ""BAF Max"": 2884.0315031266077}",reported_database_value,54.95408738576247,54.95408738576247,1.7400000000000002,True,True,True,True,database_traced_primary_not_verified,False,unverified_primary_table,,Original-paper numerical cell not verified
BIO_5907,5907,BAF,CMP_a97661d9260d026cb14f,Gebbink 2016,10.1021/acs.est.6b01197,data/raw/ITRC_aquatic.xlsx,bfc24df5dbd2d21341a9580e5053f7a7b89c1ddea1ebe75c55407f4cee27a54d,BCF-BAF Database,287,K287;I287;J287,"{""BAF"": 95.49925860214366, ""BAF Min"": null, ""BAF Max"": null}",reported_database_value,95.49925860214366,95.49925860214366,1.98,True,True,True,True,primary_included,True,verified_summary,SI Table S9 PDF page 16; PFHpA; herring,Source-qualified endpoint and value under frozen eligibility criteria
BIO_5908,5908,BAF,CMP_a97661d9260d026cb14f,Gebbink 2016,10.1021/acs.est.6b01197,data/raw/ITRC_aquatic.xlsx,bfc24df5dbd2d21341a9580e5053f7a7b89c1ddea1ebe75c55407f4cee27a54d,BCF-BAF Database,288,K288;I288;J288,"{""BAF"": 102.32929922807544, ""BAF Min"": null, ""BAF Max"": null}",reported_database_value,102.32929922807544,102.3292992280754,2.01,True,True,True,True,primary_included,True,verified_summary,SI Table S9 PDF page 16; PFHpA; sprat,Source-qualified endpoint and value under frozen eligibility criteria
BIO_5909,5909,BAF,CMP_a97661d9260d026cb14f,Khairy 2019,10.1002/etc.4354,data/raw/ITRC_aquatic.xlsx,bfc24df5dbd2d21341a9580e5053f7a7b89c1ddea1ebe75c55407f4cee27a54d,BCF-BAF Database,289,K289;I289;J289,"{""BAF"": 230, ""BAF Min"": null, ""BAF Max"": null}",reported_database_value,230.0,230.0,2.361727836017593,True,True,True,True,database_traced_primary_not_verified,False,unverified_primary_table,,Original-paper numerical cell not verified
BIO_5910,5910,BAF,CMP_a97661d9260d026cb14f,Khairy 2019,10.1002/etc.4354,data/raw/ITRC_aquatic.xlsx,bfc24df5dbd2d21341a9580e5053f7a7b89c1ddea1ebe75c55407f4cee27a54d,BCF-BAF Database,290,K290;I290;J290,"{""BAF"": 185, ""BAF Min"": null, ""BAF Max"": null}",reported_database_value,185.0,185.0,2.2671717284030137,True,True,True,True,database_traced_primary_not_verified,False,unverified_primary_table,,Original-paper numerical cell not verified
BIO_5911,5911,BAF,CMP_a97661d9260d026cb14f,Khairy 2019,10.1002/etc.4354,data/raw/ITRC_aquatic.xlsx,bfc24df5dbd2d21341a9580e5053f7a7b89c1ddea1ebe75c55407f4cee27a54d,BCF-BAF Database,291,K291;I291;J291,"{""BAF"": 152.5, ""BAF Min"": null, ""BAF Max"": null}",reported_database_value,152.5,152.5,2.1832698436828046,True,True,True,True,database_traced_primary_not_verified,False,unverified_primary_table,,Original-paper numerical cell not verified
BIO_5912,5912,BAF,CMP_a97661d9260d026cb14f,Khairy 2019,10.1002/etc.4354,data/raw/ITRC_aquatic.xlsx,bfc24df5dbd2d21341a9580e5053f7a7b89c1ddea1ebe75c55407f4cee27a54d,BCF-BAF Database,292,K292;I292;J292,"{""BAF"": 170, ""BAF Min"": null, ""BAF Max"": null}",reported_database_value,170.0,170.0,2.230448921378274,True,True,True,True,database_traced_primary_not_verified,False,unverified_primary_table,,Original-paper numerical cell not verified
BIO_5913,5913,BAF,CMP_a97661d9260d026cb14f,Khairy 2019,10.1002/etc.4354,data/raw/ITRC_aquatic.xlsx,bfc24df5dbd2d21341a9580e5053f7a7b89c1ddea1ebe75c55407f4cee27a54d,BCF-BAF Database,293,K293;I293;J293,"{""BAF"": 195, ""BAF Min"": null, ""BAF Max"": null}",reported_database_value,195.0,195.0,2.290034611362518,True,True,True,True,database_traced_primary_not_verified,False,unverified_primary_table,,Original-paper numerical cell not verified
BIO_5914,5914,BAF,CMP_a97661d9260d026cb14f,Khairy 2019,10.1002/etc.4354,data/raw/ITRC_aquatic.xlsx,bfc24df5dbd2d21341a9580e5053f7a7b89c1ddea1ebe75c55407f4cee27a54d,BCF-BAF Database,294,K294;I294;J294,"{""BAF"": 275, ""BAF Min"": null, ""BAF Max"": null}",reported_database_value,275.0,275.0,2.439332693830263,True,True,True,True,database_traced_primary_not_verified,False,unverified_primary_table,,Original-paper numerical cell not verified
BIO_5915,5915,BAF,CMP_a97661d9260d026cb14f,Khairy 2019,10.1002/etc.4354,data/raw/ITRC_aquatic.xlsx,bfc24df5dbd2d21341a9580e5053f7a7b89c1ddea1ebe75c55407f4cee27a54d,BCF-BAF Database,295,K295;I295;J295,"{""BAF"": 185, ""BAF Min"": null, ""BAF Max"": null}",reported_database_value,185.0,185.0,2.2671717284030137,True,True,True,True,database_traced_primary_not_verified,False,unverified_primary_table,,Original-paper numerical cell not verified
BIO_5916,5916,BAF,CMP_a97661d9260d026cb14f,Khairy 2019,10.1002/etc.4354,data/raw/ITRC_aquatic.xlsx,bfc24df5dbd2d21341a9580e5053f7a7b89c1ddea1ebe75c55407f4cee27a54d,BCF-BAF Database,296,K296;I296;J296,"{""BAF"": 155, ""BAF Min"": null, ""BAF Max"": null}",reported_database_value,155.0,155.0,2.1903316981702914,True,True,True,True,database_traced_primary_not_verified,False,unverified_primary_table,,Original-paper numerical cell not verified
BIO_5917,5917,BAF,CMP_a97661d9260d026cb14f,Khairy 2019,10.1002/etc.4354,data/raw/ITRC_aquatic.xlsx,bfc24df5dbd2d21341a9580e5053f7a7b89c1ddea1ebe75c55407f4cee27a54d,BCF-BAF Database,297,K297;I297;J297,"{""BAF"": 152.5, ""BAF Min"": null, ""BAF Max"": null}",reported_database_value,152.5,152.5,2.1832698436828046,True,True,True,True,database_traced_primary_not_verified,False,unverified_primary_table,,Original-paper numerical cell not verified
BIO_5918,5918,BAF,CMP_a97661d9260d026cb14f,Khairy 2019,10.1002/etc.4354,data/raw/ITRC_aquatic.xlsx,bfc24df5dbd2d21341a9580e5053f7a7b89c1ddea1ebe75c55407f4cee27a54d,BCF-BAF Database,298,K298;I298;J298,"{""BAF"": 115, ""BAF Min"": null, ""BAF Max"": null}",reported_database_value,115.0,115.0,2.060697840353612,True,True,True,True,database_traced_primary_not_verified,False,unverified_primary_table,,Original-paper numerical cell not verified
BIO_5919,5919,BAF,CMP_a97661d9260d026cb14f,Kobayashi 2018,10.1007/s00128-018-2282-z,data/raw/ITRC_aquatic.xlsx,bfc24df5dbd2d21341a9580e5053f7a7b89c1ddea1ebe75c55407f4cee27a54d,BCF-BAF Database,299,K299;I299;J299,"{""BAF"": 271.18644067796606, ""BAF Min"": null, ""BAF Max"": null}",reported_database_value,271.18644067796606,271.1864406779661,2.433267971013781,True,True,True,True,database_traced_primary_not_verified,False,unverified_primary_table,,Original-paper numerical cell not verified
BIO_5920,5920,BAF,CMP_a97661d9260d026cb14f,Kobayashi 2018,10.1007/s00128-018-2282-z,data/raw/ITRC_aquatic.xlsx,bfc24df5dbd2d21341a9580e5053f7a7b89c1ddea1ebe75c55407f4cee27a54d,BCF-BAF Database,300,K300;I300;J300,"{""BAF"": 169.4915254237288, ""BAF Min"": null, ""BAF Max"": null}",reported_database_value,169.4915254237288,169.4915254237288,2.229147988357856,True,True,True,True,database_traced_primary_not_verified,False,unverified_primary_table,,Original-paper numerical cell not verified
BIO_5921,5921,BAF,CMP_a97661d9260d026cb14f,Kobayashi 2018,10.1007/s00128-018-2282-z,data/raw/ITRC_aquatic.xlsx,bfc24df5dbd2d21341a9580e5053f7a7b89c1ddea1ebe75c55407f4cee27a54d,BCF-BAF Database,301,K301;I301;J301,"{""BAF"": 52.54237288135593, ""BAF Min"": null, ""BAF Max"": null}",reported_database_value,52.54237288135593,52.54237288135593,1.7205096821921284,True,True,True,True,database_traced_primary_not_verified,False,unverified_primary_table,,Original-paper numerical cell not verified
BIO_5922,5922,BAF,CMP_a97661d9260d026cb14f,Kobayashi 2018,10.1007/s00128-018-2282-z,data/raw/ITRC_aquatic.xlsx,bfc24df5dbd2d21341a9580e5053f7a7b89c1ddea1ebe75c55407f4cee27a54d,BCF-BAF Database,302,K302;I302;J302,"{""BAF"": 118.64406779661016, ""BAF Min"": null, ""BAF Max"": null}",reported_database_value,118.64406779661016,118.6440677966102,2.0742460283721127,True,True,True,True,database_traced_primary_not_verified,False,unverified_primary_table,,Original-paper numerical cell not verified
BIO_5923,5923,BAF,CMP_a97661d9260d026cb14f,Kobayashi 2018,10.1007/s00128-018-2282-z,data/raw/ITRC_aquatic.xlsx,bfc24df5dbd2d21341a9580e5053f7a7b89c1ddea1ebe75c55407f4cee27a54d,BCF-BAF Database,303,K303;I303;J303,"{""BAF"": 40.67796610169491, ""BAF Min"": null, ""BAF Max"": null}",reported_database_value,40.67796610169491,40.67796610169491,1.609359230069462,True,True,True,True,database_traced_primary_not_verified,False,unverified_primary_table,,Original-paper numerical cell not verified
BIO_5931,5931,BAF,CMP_a97661d9260d026cb14f,Naile 2013,10.1016/j.chemosphere.2012.07.033,data/raw/ITRC_aquatic.xlsx,bfc24df5dbd2d21341a9580e5053f7a7b89c1ddea1ebe75c55407f4cee27a54d,BCF-BAF Database,318,K318;I318;J318,"{""BAF"": 25.1188643150958, ""BAF Min"": null, ""BAF Max"": null}",reported_database_value,25.1188643150958,25.1188643150958,1.4,True,True,True,True,database_traced_primary_not_verified,False,unverified_primary_table,,Original-paper numerical cell not verified
BIO_5932,5932,BAF,CMP_a97661d9260d026cb14f,Naile 2013,10.1016/j.chemosphere.2012.07.033,data/raw/ITRC_aquatic.xlsx,bfc24df5dbd2d21341a9580e5053f7a7b89c1ddea1ebe75c55407f4cee27a54d,BCF-BAF Database,319,K319;I319;J319,"{""BAF"": 213.7962089502234, ""BAF Min"": null, ""BAF Max"": null}",reported_database_value,213.7962089502234,213.7962089502234,2.3300000000000005,True,True,True,True,database_traced_primary_not_verified,False,unverified_primary_table,,Original-paper numerical cell not verified
BIO_5933,5933,BAF,CMP_a97661d9260d026cb14f,Naile 2013,10.1016/j.chemosphere.2012.07.033,data/raw/ITRC_aquatic.xlsx,bfc24df5dbd2d21341a9580e5053f7a7b89c1ddea1ebe75c55407f4cee27a54d,BCF-BAF Database,320,K320;I320;J320,"{""BAF"": 48.97788193684463, ""BAF Min"": null, ""BAF Max"": null}",reported_database_value,48.97788193684463,48.97788193684463,1.6900000000000002,True,True,True,True,database_traced_primary_not_verified,False,unverified_primary_table,,Original-paper numerical cell not verified
BIO_5934,5934,BAF,CMP_a97661d9260d026cb14f,Naile 2013,10.1016/j.chemosphere.2012.07.033,data/raw/ITRC_aquatic.xlsx,bfc24df5dbd2d21341a9580e5053f7a7b89c1ddea1ebe75c55407f4cee27a54d,BCF-BAF Database,321,K321;I321;J321,"{""BAF"": 50.11872336272724, ""BAF Min"": null, ""BAF Max"": null}",reported_database_value,50.11872336272724,50.11872336272724,1.7000000000000002,True,True,True,True,database_traced_primary_not_verified,False,unverified_primary_table,,Original-paper numerical cell not verified
BIO_5935,5935,BAF,CMP_a97661d9260d026cb14f,Naile 2013,10.1016/j.chemosphere.2012.07.033,data/raw/ITRC_aquatic.xlsx,bfc24df5dbd2d21341a9580e5053f7a7b89c1ddea1ebe75c55407f4cee27a54d,BCF-BAF Database,322,K322;I322;J322,"{""BAF"": 77.62471166286922, ""BAF Min"": null, ""BAF Max"": null}",reported_database_value,77.62471166286922,77.62471166286922,1.8900000000000003,True,True,True,True,database_traced_primary_not_verified,False,unverified_primary_table,,Original-paper numerical cell not verified
BIO_5936,5936,BAF,CMP_a97661d9260d026cb14f,Naile 2013,10.1016/j.chemosphere.2012.07.033,data/raw/ITRC_aquatic.xlsx,bfc24df5dbd2d21341a9580e5053f7a7b89c1ddea1ebe75c55407f4cee27a54d,BCF-BAF Database,323,K323;I323;J323,"{""BAF"": 16.595869074375614, ""BAF Min"": null, ""BAF Max"": null}",reported_database_value,16.595869074375614,16.59586907437561,1.2200000000000002,True,True,True,True,database_traced_primary_not_verified,False,unverified_primary_table,,Original-paper numerical cell not verified
BIO_5937,5937,BAF,CMP_a97661d9260d026cb14f,Naile 2013,10.1016/j.chemosphere.2012.07.033,data/raw/ITRC_aquatic.xlsx,bfc24df5dbd2d21341a9580e5053f7a7b89c1ddea1ebe75c55407f4cee27a54d,BCF-BAF Database,324,K324;I324;J324,"{""BAF"": 181.9700858609983, ""BAF Min"": null, ""BAF Max"": null}",reported_database_value,181.9700858609983,181.9700858609983,2.26,True,True,True,True,database_traced_primary_not_verified,False,unverified_primary_table,,Original-paper numerical cell not verified
BIO_5938,5938,BAF,CMP_a97661d9260d026cb14f,Naile 2013,10.1016/j.chemosphere.2012.07.033,data/raw/ITRC_aquatic.xlsx,bfc24df5dbd2d21341a9580e5053f7a7b89c1ddea1ebe75c55407f4cee27a54d,BCF-BAF Database,325,K325;I325;J325,"{""BAF"": 5.6623928903825345, ""BAF Min"": null, ""BAF Max"": null}",reported_database_value,5.6623928903825345,5.662392890382534,0.753,True,True,True,True,database_traced_primary_not_verified,False,unverified_primary_table,,Original-paper numerical cell not verified
BIO_5939,5939,BAF,CMP_a97661d9260d026cb14f,Pan 2019,10.3390/ijerph16101692,data/raw/ITRC_aquatic.xlsx,bfc24df5dbd2d21341a9580e5053f7a7b89c1ddea1ebe75c55407f4cee27a54d,BCF-BAF Database,326,K326;I326;J326,"{""BAF"": 706, ""BAF Min"": 52.3, ""BAF Max"": 1801}",reported_database_value,706.0,706.0,2.848804701051804,True,True,True,True,primary_located_not_eligible,False,verified_value_basis_conflict,Main Table 4; PFHpA; BAF Mean,"quarantine_basis_conflict_until_primary_clarification; Original Table 4 concentration header ng/g DW conflicts with wet-weight extraction and fish LOQ in Methods; pooled fish, not individual data"
BIO_5940,5940,BAF,CMP_a97661d9260d026cb14f,Zhang 2018,10.1007/s00128-018-2381-x,data/raw/ITRC_aquatic.xlsx,bfc24df5dbd2d21341a9580e5053f7a7b89c1ddea1ebe75c55407f4cee27a54d,BCF-BAF Database,327,K327;I327;J327,"{""BAF"": 243, ""BAF Min"": null, ""BAF Max"": null}",reported_database_value,243.0,243.0,2.385606273598312,True,True,True,True,database_traced_primary_not_verified,False,unverified_primary_table,,Original-paper numerical cell not verified
BIO_5941,5941,BAF,CMP_c7b49c881e720eb7236c,Labadie 2011,10.1016/j.envpol.2010.10.039,data/raw/ITRC_aquatic.xlsx,bfc24df5dbd2d21341a9580e5053f7a7b89c1ddea1ebe75c55407f4cee27a54d,BCF-BAF Database,328,K328;I328;J328,"{""BAF"": 158.48931924611153, ""BAF Min"": null, ""BAF Max"": null}",reported_database_value,158.48931924611153,158.4893192461115,2.2000000000000006,True,True,True,True,database_traced_primary_not_verified,False,unverified_primary_table,,Original-paper numerical cell not verified
BIO_5942,5942,BCF,CMP_d645aa79f55e85d0da2e,Chen 2016,10.1016/j.scitotenv.2016.05.215,data/raw/ITRC_aquatic.xlsx,bfc24df5dbd2d21341a9580e5053f7a7b89c1ddea1ebe75c55407f4cee27a54d,BCF-BAF Database,329,H329;F329;G329,"{""BCF"": 60.26, ""BCF Min"": null, ""BCF Max"": null}",reported_database_value,60.26,60.26,1.7800291273373383,True,True,True,True,primary_located_not_eligible,False,verified_plasma_unit_mismatch,Table S9 row 7 column 7; plasma-low; pfhxa; logBCFss,Plasma ratios are dimensionless and incompatible with mass-based L/kg regression
BIO_5943,5943,BCF,CMP_d645aa79f55e85d0da2e,Chen 2016,10.1016/j.scitotenv.2016.05.215,data/raw/ITRC_aquatic.xlsx,bfc24df5dbd2d21341a9580e5053f7a7b89c1ddea1ebe75c55407f4cee27a54d,BCF-BAF Database,330,H330;F330;G330,"{""BCF"": 40.74, ""BCF Min"": null, ""BCF Max"": null}",reported_database_value,40.74,40.74,1.610021024664145,True,True,True,True,primary_located_not_eligible,False,verified_plasma_unit_mismatch,Table S9 row 29 column 7; plasma-high; pfhxa; logBCFss,Plasma ratios are dimensionless and incompatible with mass-based L/kg regression
BIO_5944,5944,BCF,CMP_d645aa79f55e85d0da2e,Chen 2016,10.1016/j.scitotenv.2016.05.215,data/raw/ITRC_aquatic.xlsx,bfc24df5dbd2d21341a9580e5053f7a7b89c1ddea1ebe75c55407f4cee27a54d,BCF-BAF Database,331,H331;F331;G331,"{""BCF"": 53.7, ""BCF Min"": null, ""BCF Max"": null}",reported_database_value,53.7,53.7,1.73,True,True,True,True,primary_included,True,verified_tissue_BCF_summary,Table S9 row 51 column 7; liver-low; pfhxa; logBCFss,Source-qualified endpoint and value under frozen eligibility criteria
BIO_5945,5945,BCF,CMP_d645aa79f55e85d0da2e,Chen 2016,10.1016/j.scitotenv.2016.05.215,data/raw/ITRC_aquatic.xlsx,bfc24df5dbd2d21341a9580e5053f7a7b89c1ddea1ebe75c55407f4cee27a54d,BCF-BAF Database,332,H332;F332;G332,"{""BCF"": 50.12, ""BCF Min"": null, ""BCF Max"": null}",reported_database_value,50.12,50.12,1.7,True,True,True,True,primary_included,True,verified_tissue_BCF_summary,Table S9 row 73 column 7; liver-high; pfhxa; logBCFss,Source-qualified endpoint and value under frozen eligibility criteria
BIO_5946,5946,BCF,CMP_d645aa79f55e85d0da2e,Chen 2016,10.1016/j.scitotenv.2016.05.215,data/raw/ITRC_aquatic.xlsx,bfc24df5dbd2d21341a9580e5053f7a7b89c1ddea1ebe75c55407f4cee27a54d,BCF-BAF Database,333,H333;F333;G333,"{""BCF"": 5.62, ""BCF Min"": null, ""BCF Max"": null}",reported_database_value,5.62,5.62,0.75,True,True,True,True,primary_included,True,verified_tissue_BCF_summary,Table S9 row 95 column 7; muscle-low; pfhxa; logBCFss,Source-qualified endpoint and value under frozen eligibility criteria
BIO_5947,5947,BCF,CMP_d645aa79f55e85d0da2e,Chen 2016,10.1016/j.scitotenv.2016.05.215,data/raw/ITRC_aquatic.xlsx,bfc24df5dbd2d21341a9580e5053f7a7b89c1ddea1ebe75c55407f4cee27a54d,BCF-BAF Database,334,H334;F334;G334,"{""BCF"": 4.68, ""BCF Min"": null, ""BCF Max"": null}",reported_database_value,4.68,4.68,0.67,True,True,True,True,primary_included,True,verified_tissue_BCF_summary,Table S9 row 117 column 7; muscle-high; pfhxa; logBCFss,Source-qualified endpoint and value under frozen eligibility criteria
BIO_5948,5948,BCF,CMP_d645aa79f55e85d0da2e,Chen 2016,10.1016/j.scitotenv.2016.05.215,data/raw/ITRC_aquatic.xlsx,bfc24df5dbd2d21341a9580e5053f7a7b89c1ddea1ebe75c55407f4cee27a54d,BCF-BAF Database,335,H335;F335;G335,"{""BCF"": 10.47, ""BCF Min"": null, ""BCF Max"": null}",reported_database_value,10.47,10.47,1.02,True,True,True,True,primary_included,True,verified_tissue_BCF_summary,Table S9 row 139 column 7; ovary-low; pfhxa; logBCFss,Source-qualified endpoint and value under frozen eligibility criteria
BIO_5949,5949,BCF,CMP_d645aa79f55e85d0da2e,Chen 2016,10.1016/j.scitotenv.2016.05.215,data/raw/ITRC_aquatic.xlsx,bfc24df5dbd2d21341a9580e5053f7a7b89c1ddea1ebe75c55407f4cee27a54d,BCF-BAF Database,336,H336;F336;G336,"{""BCF"": 11.48, ""BCF Min"": null, ""BCF Max"": null}",reported_database_value,11.48,11.48,1.06,True,True,True,True,primary_included,True,verified_tissue_BCF_summary,Table S9 row 161 column 7; ovary-high; pfhxa; logBCFss,Source-qualified endpoint and value under frozen eligibility criteria
BIO_5950,5950,BCF,CMP_d645aa79f55e85d0da2e,Chen 2016,10.1016/j.scitotenv.2016.05.215,data/raw/ITRC_aquatic.xlsx,bfc24df5dbd2d21341a9580e5053f7a7b89c1ddea1ebe75c55407f4cee27a54d,BCF-BAF Database,337,H337;F337;G337,"{""BCF"": 10.23, ""BCF Min"": null, ""BCF Max"": null}",reported_database_value,10.23,10.23,1.0098756337121602,True,True,True,True,database_traced_primary_not_verified,False,unverified_primary_table,,Original-paper numerical cell not verified
BIO_5951,5951,BCF,CMP_d645aa79f55e85d0da2e,Chen 2016,10.1016/j.scitotenv.2016.05.215,data/raw/ITRC_aquatic.xlsx,bfc24df5dbd2d21341a9580e5053f7a7b89c1ddea1ebe75c55407f4cee27a54d,BCF-BAF Database,338,H338;F338;G338,"{""BCF"": 9.55, ""BCF Min"": null, ""BCF Max"": null}",reported_database_value,9.55,9.55,0.9800033715837464,True,True,True,True,database_traced_primary_not_verified,False,unverified_primary_table,,Original-paper numerical cell not verified
BIO_5952,5952,BAF,CMP_d645aa79f55e85d0da2e,Khairy 2019,10.1002/etc.4354,data/raw/ITRC_aquatic.xlsx,bfc24df5dbd2d21341a9580e5053f7a7b89c1ddea1ebe75c55407f4cee27a54d,BCF-BAF Database,339,K339;I339;J339,"{""BAF"": 700, ""BAF Min"": null, ""BAF Max"": null}",reported_database_value,700.0,700.0,2.845098040014257,True,True,True,True,database_traced_primary_not_verified,False,unverified_primary_table,,Original-paper numerical cell not verified
BIO_5953,5953,BAF,CMP_d645aa79f55e85d0da2e,Khairy 2019,10.1002/etc.4354,data/raw/ITRC_aquatic.xlsx,bfc24df5dbd2d21341a9580e5053f7a7b89c1ddea1ebe75c55407f4cee27a54d,BCF-BAF Database,340,K340;I340;J340,"{""BAF"": 750, ""BAF Min"": null, ""BAF Max"": null}",reported_database_value,750.0,750.0,2.8750612633917,True,True,True,True,database_traced_primary_not_verified,False,unverified_primary_table,,Original-paper numerical cell not verified
BIO_5954,5954,BAF,CMP_d645aa79f55e85d0da2e,Khairy 2019,10.1002/etc.4354,data/raw/ITRC_aquatic.xlsx,bfc24df5dbd2d21341a9580e5053f7a7b89c1ddea1ebe75c55407f4cee27a54d,BCF-BAF Database,341,K341;I341;J341,"{""BAF"": 825, ""BAF Min"": null, ""BAF Max"": null}",reported_database_value,825.0,825.0,2.916453948549925,True,True,True,True,database_traced_primary_not_verified,False,unverified_primary_table,,Original-paper numerical cell not verified
BIO_5955,5955,BAF,CMP_d645aa79f55e85d0da2e,Khairy 2019,10.1002/etc.4354,data/raw/ITRC_aquatic.xlsx,bfc24df5dbd2d21341a9580e5053f7a7b89c1ddea1ebe75c55407f4cee27a54d,BCF-BAF Database,342,K342;I342;J342,"{""BAF"": 825, ""BAF Min"": null, ""BAF Max"": null}",reported_database_value,825.0,825.0,2.916453948549925,True,True,True,True,database_traced_primary_not_verified,False,unverified_primary_table,,Original-paper numerical cell not verified
BIO_5956,5956,BAF,CMP_d645aa79f55e85d0da2e,Khairy 2019,10.1002/etc.4354,data/raw/ITRC_aquatic.xlsx,bfc24df5dbd2d21341a9580e5053f7a7b89c1ddea1ebe75c55407f4cee27a54d,BCF-BAF Database,343,K343;I343;J343,"{""BAF"": 875, ""BAF Min"": null, ""BAF Max"": null}",reported_database_value,875.0,875.0,2.942008053022313,True,True,True,True,database_traced_primary_not_verified,False,unverified_primary_table,,Original-paper numerical cell not verified
BIO_5957,5957,BAF,CMP_d645aa79f55e85d0da2e,Khairy 2019,10.1002/etc.4354,data/raw/ITRC_aquatic.xlsx,bfc24df5dbd2d21341a9580e5053f7a7b89c1ddea1ebe75c55407f4cee27a54d,BCF-BAF Database,344,K344;I344;J344,"{""BAF"": 1325, ""BAF Min"": null, ""BAF Max"": null}",reported_database_value,1325.0,1325.0,3.1222158782728267,True,True,True,True,database_traced_primary_not_verified,False,unverified_primary_table,,Original-paper numerical cell not verified
BIO_5958,5958,BAF,CMP_d645aa79f55e85d0da2e,Khairy 2019,10.1002/etc.4354,data/raw/ITRC_aquatic.xlsx,bfc24df5dbd2d21341a9580e5053f7a7b89c1ddea1ebe75c55407f4cee27a54d,BCF-BAF Database,345,K345;I345;J345,"{""BAF"": 650, ""BAF Min"": null, ""BAF Max"": null}",reported_database_value,650.0,650.0,2.812913356642856,True,True,True,True,database_traced_primary_not_verified,False,unverified_primary_table,,Original-paper numerical cell not verified
BIO_5959,5959,BAF,CMP_d645aa79f55e85d0da2e,Khairy 2019,10.1002/etc.4354,data/raw/ITRC_aquatic.xlsx,bfc24df5dbd2d21341a9580e5053f7a7b89c1ddea1ebe75c55407f4cee27a54d,BCF-BAF Database,346,K346;I346;J346,"{""BAF"": 725, ""BAF Min"": null, ""BAF Max"": null}",reported_database_value,725.0,725.0,2.8603380065709936,True,True,True,True,database_traced_primary_not_verified,False,unverified_primary_table,,Original-paper numerical cell not verified
BIO_5960,5960,BAF,CMP_d645aa79f55e85d0da2e,Khairy 2019,10.1002/etc.4354,data/raw/ITRC_aquatic.xlsx,bfc24df5dbd2d21341a9580e5053f7a7b89c1ddea1ebe75c55407f4cee27a54d,BCF-BAF Database,347,K347;I347;J347,"{""BAF"": 750, ""BAF Min"": null, ""BAF Max"": null}",reported_database_value,750.0,750.0,2.8750612633917,True,True,True,True,database_traced_primary_not_verified,False,unverified_primary_table,,Original-paper numerical cell not verified
BIO_5961,5961,BAF,CMP_d645aa79f55e85d0da2e,Khairy 2019,10.1002/etc.4354,data/raw/ITRC_aquatic.xlsx,bfc24df5dbd2d21341a9580e5053f7a7b89c1ddea1ebe75c55407f4cee27a54d,BCF-BAF Database,348,K348;I348;J348,"{""BAF"": 675, ""BAF Min"": null, ""BAF Max"": null}",reported_database_value,675.0,675.0,2.829303772831025,True,True,True,True,database_traced_primary_not_verified,False,unverified_primary_table,,Original-paper numerical cell not verified
BIO_5962,5962,BAF,CMP_d645aa79f55e85d0da2e,Kobayashi 2018,10.1007/s00128-018-2282-z,data/raw/ITRC_aquatic.xlsx,bfc24df5dbd2d21341a9580e5053f7a7b89c1ddea1ebe75c55407f4cee27a54d,BCF-BAF Database,349,K349;I349;J349,"{""BAF"": 618.1818181818181, ""BAF Min"": null, ""BAF Max"": null}",reported_database_value,618.1818181818181,618.1818181818181,2.791116227548012,True,True,True,True,database_traced_primary_not_verified,False,unverified_primary_table,,Original-paper numerical cell not verified
BIO_5963,5963,BAF,CMP_d645aa79f55e85d0da2e,Kobayashi 2018,10.1007/s00128-018-2282-z,data/raw/ITRC_aquatic.xlsx,bfc24df5dbd2d21341a9580e5053f7a7b89c1ddea1ebe75c55407f4cee27a54d,BCF-BAF Database,350,K350;I350;J350,"{""BAF"": 254.54545454545453, ""BAF Min"": null, ""BAF Max"": null}",reported_database_value,254.54545454545453,254.5454545454545,2.405765346183994,True,True,True,True,database_traced_primary_not_verified,False,unverified_primary_table,,Original-paper numerical cell not verified
BIO_5964,5964,BAF,CMP_d645aa79f55e85d0da2e,Kobayashi 2018,10.1007/s00128-018-2282-z,data/raw/ITRC_aquatic.xlsx,bfc24df5dbd2d21341a9580e5053f7a7b89c1ddea1ebe75c55407f4cee27a54d,BCF-BAF Database,351,K351;I351;J351,"{""BAF"": 418.1818181818182, ""BAF Min"": null, ""BAF Max"": null}",reported_database_value,418.1818181818182,418.1818181818182,2.621365146523349,True,True,True,True,database_traced_primary_not_verified,False,unverified_primary_table,,Original-paper numerical cell not verified
BIO_5965,5965,BAF,CMP_d645aa79f55e85d0da2e,Kobayashi 2018,10.1007/s00128-018-2282-z,data/raw/ITRC_aquatic.xlsx,bfc24df5dbd2d21341a9580e5053f7a7b89c1ddea1ebe75c55407f4cee27a54d,BCF-BAF Database,352,K352;I352;J352,"{""BAF"": 336.3636363636364, ""BAF Min"": null, ""BAF Max"": null}",reported_database_value,336.3636363636364,336.3636363636364,2.52680903890877,True,True,True,True,database_traced_primary_not_verified,False,unverified_primary_table,,Original-paper numerical cell not verified
BIO_5966,5966,BAF,CMP_d645aa79f55e85d0da2e,Kobayashi 2018,10.1007/s00128-018-2282-z,data/raw/ITRC_aquatic.xlsx,bfc24df5dbd2d21341a9580e5053f7a7b89c1ddea1ebe75c55407f4cee27a54d,BCF-BAF Database,353,K353;I353;J353,"{""BAF"": 22.727272727272727, ""BAF Min"": null, ""BAF Max"": null}",reported_database_value,22.727272727272727,22.72727272727273,1.3565473235138126,True,True,True,True,database_traced_primary_not_verified,False,unverified_primary_table,,Original-paper numerical cell not verified
BIO_5972,5972,BAF,CMP_d645aa79f55e85d0da2e,Pan 2019,10.3390/ijerph16101692,data/raw/ITRC_aquatic.xlsx,bfc24df5dbd2d21341a9580e5053f7a7b89c1ddea1ebe75c55407f4cee27a54d,BCF-BAF Database,365,K365;I365;J365,"{""BAF"": 469, ""BAF Min"": 25.2, ""BAF Max"": 1007}",reported_database_value,469.0,469.0,2.671172842715084,True,True,True,True,primary_located_not_eligible,False,verified_value_basis_conflict,Main Table 4; PFHxA; BAF Mean,"quarantine_basis_conflict_until_primary_clarification; Original Table 4 concentration header ng/g DW conflicts with wet-weight extraction and fish LOQ in Methods; pooled fish, not individual data"
BIO_5973,5973,BAF,CMP_d645aa79f55e85d0da2e,Zhang 2018,10.1007/s00128-018-2381-x,data/raw/ITRC_aquatic.xlsx,bfc24df5dbd2d21341a9580e5053f7a7b89c1ddea1ebe75c55407f4cee27a54d,BCF-BAF Database,366,K366;I366;J366,"{""BAF"": 1388, ""BAF Min"": null, ""BAF Max"": null}",reported_database_value,1388.0,1388.0,3.142389466118836,True,True,True,True,database_traced_primary_not_verified,False,unverified_primary_table,,Original-paper numerical cell not verified
BIO_5974,5974,BAF,CMP_d645aa79f55e85d0da2e,Zhang 2018,10.1007/s00128-018-2381-x,data/raw/ITRC_aquatic.xlsx,bfc24df5dbd2d21341a9580e5053f7a7b89c1ddea1ebe75c55407f4cee27a54d,BCF-BAF Database,367,K367;I367;J367,"{""BAF"": 4950, ""BAF Min"": null, ""BAF Max"": null}",reported_database_value,4950.0,4950.0,3.694605198933569,True,True,True,True,database_traced_primary_not_verified,False,unverified_primary_table,,Original-paper numerical cell not verified
BIO_5975,5975,BAF,CMP_83aa37c8a37d61e51382,Ahrens 2015,10.1016/j.chemosphere.2014.03.136,data/raw/ITRC_aquatic.xlsx,bfc24df5dbd2d21341a9580e5053f7a7b89c1ddea1ebe75c55407f4cee27a54d,BCF-BAF Database,368,K368;I368;J368,"{""BAF"": 26, ""BAF Min"": 14, ""BAF Max"": 33}",reported_database_value,26.0,26.0,1.414973347970818,True,True,True,True,database_traced_primary_not_verified,False,unverified_primary_table,,Original-paper numerical cell not verified
BIO_5976,5976,BAF,CMP_83aa37c8a37d61e51382,Ahrens 2015,10.1016/j.chemosphere.2014.03.136,data/raw/ITRC_aquatic.xlsx,bfc24df5dbd2d21341a9580e5053f7a7b89c1ddea1ebe75c55407f4cee27a54d,BCF-BAF Database,369,K369;I369;J369,"{""BAF"": 6.1, ""BAF Min"": 2.4, ""BAF Max"": 16}",reported_database_value,6.1,6.1,0.785329835010767,True,True,True,True,database_traced_primary_not_verified,False,unverified_primary_table,,Original-paper numerical cell not verified
BIO_5977,5977,BAF,CMP_83aa37c8a37d61e51382,Ahrens 2015,10.1016/j.chemosphere.2014.03.136,data/raw/ITRC_aquatic.xlsx,bfc24df5dbd2d21341a9580e5053f7a7b89c1ddea1ebe75c55407f4cee27a54d,BCF-BAF Database,370,K370;I370;J370,"{""BAF"": 130, ""BAF Min"": 110, ""BAF Max"": 140}",reported_database_value,130.0,130.0,2.113943352306837,True,True,True,True,database_traced_primary_not_verified,False,unverified_primary_table,,Original-paper numerical cell not verified
BIO_5978,5978,BAF,CMP_83aa37c8a37d61e51382,Ahrens 2015,10.1016/j.chemosphere.2014.03.136,data/raw/ITRC_aquatic.xlsx,bfc24df5dbd2d21341a9580e5053f7a7b89c1ddea1ebe75c55407f4cee27a54d,BCF-BAF Database,371,K371;I371;J371,"{""BAF"": 76, ""BAF Min"": 33, ""BAF Max"": 150}",reported_database_value,76.0,76.0,1.880813592280792,True,True,True,True,database_traced_primary_not_verified,False,unverified_primary_table,,Original-paper numerical cell not verified
BIO_5979,5979,BAF,CMP_83aa37c8a37d61e51382,Ahrens 2015,10.1016/j.chemosphere.2014.03.136,data/raw/ITRC_aquatic.xlsx,bfc24df5dbd2d21341a9580e5053f7a7b89c1ddea1ebe75c55407f4cee27a54d,BCF-BAF Database,372,K372;I372;J372,"{""BAF"": 70, ""BAF Min"": 47, ""BAF Max"": 110}",reported_database_value,70.0,70.0,1.845098040014257,True,True,True,True,database_traced_primary_not_verified,False,unverified_primary_table,,Original-paper numerical cell not verified
BIO_5980,5980,BAF,CMP_83aa37c8a37d61e51382,Ahrens 2015,10.1016/j.chemosphere.2014.03.136,data/raw/ITRC_aquatic.xlsx,bfc24df5dbd2d21341a9580e5053f7a7b89c1ddea1ebe75c55407f4cee27a54d,BCF-BAF Database,373,K373;I373;J373,"{""BAF"": 330, ""BAF Min"": 200, ""BAF Max"": 430}",reported_database_value,330.0,330.0,2.5185139398778875,True,True,True,True,database_traced_primary_not_verified,False,unverified_primary_table,,Original-paper numerical cell not verified
BIO_5981,5981,BAF,CMP_83aa37c8a37d61e51382,Awad 2011,10.1021/es2001985,data/raw/ITRC_aquatic.xlsx,bfc24df5dbd2d21341a9580e5053f7a7b89c1ddea1ebe75c55407f4cee27a54d,BCF-BAF Database,374,K374;I374;J374,"{""BAF"": 70.79457843841386, ""BAF Min"": 10.471285480509, ""BAF Max"": 1071.5193052376069}",reported_database_value,70.79457843841386,70.79457843841386,1.8500000000000003,True,True,True,True,database_traced_primary_not_verified,False,unverified_primary_table,,Original-paper numerical cell not verified
BIO_5982,5982,BAF,CMP_83aa37c8a37d61e51382,Awad 2011,10.1021/es2001985,data/raw/ITRC_aquatic.xlsx,bfc24df5dbd2d21341a9580e5053f7a7b89c1ddea1ebe75c55407f4cee27a54d,BCF-BAF Database,375,K375;I375;J375,"{""BAF"": 74.13102413009182, ""BAF Min"": 7.2443596007499025, ""BAF Max"": 199.52623149688802}",reported_database_value,74.13102413009182,74.13102413009182,1.8700000000000003,True,True,True,True,database_traced_primary_not_verified,False,unverified_primary_table,,Original-paper numerical cell not verified
BIO_5993,5993,BCF,CMP_83aa37c8a37d61e51382,Chen 2016,10.1016/j.scitotenv.2016.05.215,data/raw/ITRC_aquatic.xlsx,bfc24df5dbd2d21341a9580e5053f7a7b89c1ddea1ebe75c55407f4cee27a54d,BCF-BAF Database,386,H386;F386;G386,"{""BCF"": 870.96, ""BCF Min"": null, ""BCF Max"": null}",reported_database_value,870.96,870.96,2.9399982099121624,True,True,True,True,primary_located_not_eligible,False,verified_plasma_unit_mismatch,Table S9 row 4 column 7; plasma-low; pfhxs; logBCFss,Plasma ratios are dimensionless and incompatible with mass-based L/kg regression
BIO_5994,5994,BCF,CMP_83aa37c8a37d61e51382,Chen 2016,10.1016/j.scitotenv.2016.05.215,data/raw/ITRC_aquatic.xlsx,bfc24df5dbd2d21341a9580e5053f7a7b89c1ddea1ebe75c55407f4cee27a54d,BCF-BAF Database,387,H387;F387;G387,"{""BCF"": 380.19, ""BCF Min"": null, ""BCF Max"": null}",reported_database_value,380.19,380.19,2.58000068958904,True,True,True,True,primary_located_not_eligible,False,verified_plasma_unit_mismatch,Table S9 row 26 column 7; plasma-high; pfhxs; logBCFss,Plasma ratios are dimensionless and incompatible with mass-based L/kg regression
BIO_5995,5995,BCF,CMP_83aa37c8a37d61e51382,Chen 2016,10.1016/j.scitotenv.2016.05.215,data/raw/ITRC_aquatic.xlsx,bfc24df5dbd2d21341a9580e5053f7a7b89c1ddea1ebe75c55407f4cee27a54d,BCF-BAF Database,388,H388;F388;G388,"{""BCF"": 363.08, ""BCF Min"": null, ""BCF Max"": null}",reported_database_value,363.08,363.08,2.56,True,True,True,True,primary_included,True,verified_tissue_BCF_summary,Table S9 row 48 column 7; liver-low; pfhxs; logBCFss,Source-qualified endpoint and value under frozen eligibility criteria
BIO_5996,5996,BCF,CMP_83aa37c8a37d61e51382,Chen 2016,10.1016/j.scitotenv.2016.05.215,data/raw/ITRC_aquatic.xlsx,bfc24df5dbd2d21341a9580e5053f7a7b89c1ddea1ebe75c55407f4cee27a54d,BCF-BAF Database,389,H389;F389;G389,"{""BCF"": 245.47, ""BCF Min"": null, ""BCF Max"": null}",reported_database_value,245.47,245.47,2.39,True,True,True,True,primary_included,True,verified_tissue_BCF_summary,Table S9 row 70 column 7; liver-high; pfhxs; logBCFss,Source-qualified endpoint and value under frozen eligibility criteria
BIO_5997,5997,BCF,CMP_83aa37c8a37d61e51382,Chen 2016,10.1016/j.scitotenv.2016.05.215,data/raw/ITRC_aquatic.xlsx,bfc24df5dbd2d21341a9580e5053f7a7b89c1ddea1ebe75c55407f4cee27a54d,BCF-BAF Database,390,H390;F390;G390,"{""BCF"": 48.97, ""BCF Min"": null, ""BCF Max"": null}",reported_database_value,48.97,48.97,1.69,True,True,True,True,primary_included,True,verified_tissue_BCF_summary,Table S9 row 92 column 7; muscle-low; pfhxs; logBCFss,Source-qualified endpoint and value under frozen eligibility criteria
BIO_5998,5998,BCF,CMP_83aa37c8a37d61e51382,Chen 2016,10.1016/j.scitotenv.2016.05.215,data/raw/ITRC_aquatic.xlsx,bfc24df5dbd2d21341a9580e5053f7a7b89c1ddea1ebe75c55407f4cee27a54d,BCF-BAF Database,391,H391;F391;G391,"{""BCF"": 36.31, ""BCF Min"": null, ""BCF Max"": null}",reported_database_value,36.31,36.31,1.56,True,True,True,True,primary_included,True,verified_tissue_BCF_summary,Table S9 row 114 column 7; muscle-high; pfhxs; logBCFss,Source-qualified endpoint and value under frozen eligibility criteria
BIO_5999,5999,BCF,CMP_83aa37c8a37d61e51382,Chen 2016,10.1016/j.scitotenv.2016.05.215,data/raw/ITRC_aquatic.xlsx,bfc24df5dbd2d21341a9580e5053f7a7b89c1ddea1ebe75c55407f4cee27a54d,BCF-BAF Database,392,H392;F392;G392,"{""BCF"": 549.54, ""BCF Min"": null, ""BCF Max"": null}",reported_database_value,549.54,549.54,2.74,True,True,True,True,primary_included,True,verified_tissue_BCF_summary,Table S9 row 136 column 7; ovary-low; pfhxs; logBCFss,Source-qualified endpoint and value under frozen eligibility criteria
BIO_6000,6000,BCF,CMP_83aa37c8a37d61e51382,Chen 2016,10.1016/j.scitotenv.2016.05.215,data/raw/ITRC_aquatic.xlsx,bfc24df5dbd2d21341a9580e5053f7a7b89c1ddea1ebe75c55407f4cee27a54d,BCF-BAF Database,393,H393;F393;G393,"{""BCF"": 380.19, ""BCF Min"": null, ""BCF Max"": null}",reported_database_value,380.19,380.19,2.58,True,True,True,True,primary_included,True,verified_tissue_BCF_summary,Table S9 row 158 column 7; ovary-high; pfhxs; logBCFss,Source-qualified endpoint and value under frozen eligibility criteria
BIO_6001,6001,BCF,CMP_83aa37c8a37d61e51382,Chen 2016,10.1016/j.scitotenv.2016.05.215,data/raw/ITRC_aquatic.xlsx,bfc24df5dbd2d21341a9580e5053f7a7b89c1ddea1ebe75c55407f4cee27a54d,BCF-BAF Database,394,H394;F394;G394,"{""BCF"": 251.19, ""BCF Min"": null, ""BCF Max"": null}",reported_database_value,251.19,251.19,2.400002345927956,True,True,True,True,database_traced_primary_not_verified,False,unverified_primary_table,,Original-paper numerical cell not verified
BIO_6002,6002,BCF,CMP_83aa37c8a37d61e51382,Chen 2016,10.1016/j.scitotenv.2016.05.215,data/raw/ITRC_aquatic.xlsx,bfc24df5dbd2d21341a9580e5053f7a7b89c1ddea1ebe75c55407f4cee27a54d,BCF-BAF Database,395,H395;F395;G395,"{""BCF"": 169.82, ""BCF Min"": null, ""BCF Max"": null}",reported_database_value,169.82,169.82,2.229988836544811,True,True,True,True,database_traced_primary_not_verified,False,unverified_primary_table,,Original-paper numerical cell not verified
BIO_6006,6006,BAF,CMP_83aa37c8a37d61e51382,Furdui 2007,10.1021/es0620484,data/raw/ITRC_aquatic.xlsx,bfc24df5dbd2d21341a9580e5053f7a7b89c1ddea1ebe75c55407f4cee27a54d,BCF-BAF Database,399,K399;I399;J399,"{""BAF"": 316.22776601683825, ""BAF Min"": null, ""BAF Max"": null}",reported_database_value,316.22776601683825,316.2277660168382,2.5000000000000004,True,True,True,True,database_traced_primary_not_verified,False,unverified_primary_table,,Original-paper numerical cell not verified
BIO_6007,6007,BAF,CMP_83aa37c8a37d61e51382,Furdui 2007,10.1021/es0620484,data/raw/ITRC_aquatic.xlsx,bfc24df5dbd2d21341a9580e5053f7a7b89c1ddea1ebe75c55407f4cee27a54d,BCF-BAF Database,400,K400;I400;J400,"{""BAF"": 1995.2623149688804, ""BAF Min"": null, ""BAF Max"": null}",reported_database_value,1995.2623149688804,1995.26231496888,3.3000000000000003,True,True,True,True,database_traced_primary_not_verified,False,unverified_primary_table,,Original-paper numerical cell not verified
BIO_6008,6008,BAF,CMP_83aa37c8a37d61e51382,Furdui 2007,10.1021/es0620484,data/raw/ITRC_aquatic.xlsx,bfc24df5dbd2d21341a9580e5053f7a7b89c1ddea1ebe75c55407f4cee27a54d,BCF-BAF Database,401,K401;I401;J401,"{""BAF"": 63.095734448019364, ""BAF Min"": null, ""BAF Max"": null}",reported_database_value,63.095734448019364,63.09573444801936,1.8000000000000005,True,True,True,True,database_traced_primary_not_verified,False,unverified_primary_table,,Original-paper numerical cell not verified
BIO_6009,6009,BAF,CMP_83aa37c8a37d61e51382,Furdui 2007,10.1021/es0620484,data/raw/ITRC_aquatic.xlsx,bfc24df5dbd2d21341a9580e5053f7a7b89c1ddea1ebe75c55407f4cee27a54d,BCF-BAF Database,402,K402;I402;J402,"{""BAF"": 1000, ""BAF Min"": null, ""BAF Max"": null}",reported_database_value,1000.0,1000.0,3.0,True,True,True,True,database_traced_primary_not_verified,False,unverified_primary_table,,Original-paper numerical cell not verified
BIO_6010,6010,BAF,CMP_83aa37c8a37d61e51382,Gebbink 2016,10.1021/acs.est.6b01197,data/raw/ITRC_aquatic.xlsx,bfc24df5dbd2d21341a9580e5053f7a7b89c1ddea1ebe75c55407f4cee27a54d,BCF-BAF Database,403,K403;I403;J403,"{""BAF"": 1949.8445997580463, ""BAF Min"": null, ""BAF Max"": null}",reported_database_value,1949.8445997580463,1949.844599758046,3.29,True,True,True,True,primary_included,True,verified_summary,SI Table S9 PDF page 16; PFHxS; herring,Source-qualified endpoint and value under frozen eligibility criteria
BIO_6011,6011,BAF,CMP_83aa37c8a37d61e51382,Gebbink 2016,10.1021/acs.est.6b01197,data/raw/ITRC_aquatic.xlsx,bfc24df5dbd2d21341a9580e5053f7a7b89c1ddea1ebe75c55407f4cee27a54d,BCF-BAF Database,404,K404;I404;J404,"{""BAF"": 19.952623149688804, ""BAF Min"": null, ""BAF Max"": null}",reported_database_value,19.952623149688804,19.9526231496888,1.3,True,True,True,True,primary_included,True,verified_summary,SI Table S9 PDF page 16; PFHxS; zooplankton,Source-qualified endpoint and value under frozen eligibility criteria
BIO_6012,6012,BAF,CMP_83aa37c8a37d61e51382,Gebbink 2016,10.1021/acs.est.6b01197,data/raw/ITRC_aquatic.xlsx,bfc24df5dbd2d21341a9580e5053f7a7b89c1ddea1ebe75c55407f4cee27a54d,BCF-BAF Database,405,K405;I405;J405,"{""BAF"": 1380.3842646028863, ""BAF Min"": null, ""BAF Max"": null}",reported_database_value,1380.3842646028863,1380.384264602886,3.140000000000001,True,True,True,True,primary_included,True,verified_summary,SI Table S9 PDF page 16; PFHxS; sprat,Source-qualified endpoint and value under frozen eligibility criteria
BIO_6013,6013,BAF,CMP_83aa37c8a37d61e51382,Khairy 2019,10.1002/etc.4354,data/raw/ITRC_aquatic.xlsx,bfc24df5dbd2d21341a9580e5053f7a7b89c1ddea1ebe75c55407f4cee27a54d,BCF-BAF Database,406,K406;I406;J406,"{""BAF"": 1350, ""BAF Min"": null, ""BAF Max"": null}",reported_database_value,1350.0,1350.0,3.130333768495006,True,True,True,True,database_traced_primary_not_verified,False,unverified_primary_table,,Original-paper numerical cell not verified
BIO_6014,6014,BAF,CMP_83aa37c8a37d61e51382,Khairy 2019,10.1002/etc.4354,data/raw/ITRC_aquatic.xlsx,bfc24df5dbd2d21341a9580e5053f7a7b89c1ddea1ebe75c55407f4cee27a54d,BCF-BAF Database,407,K407;I407;J407,"{""BAF"": 375, ""BAF Min"": null, ""BAF Max"": null}",reported_database_value,375.0,375.0,2.574031267727719,True,True,True,True,database_traced_primary_not_verified,False,unverified_primary_table,,Original-paper numerical cell not verified
BIO_6015,6015,BAF,CMP_83aa37c8a37d61e51382,Khairy 2019,10.1002/etc.4354,data/raw/ITRC_aquatic.xlsx,bfc24df5dbd2d21341a9580e5053f7a7b89c1ddea1ebe75c55407f4cee27a54d,BCF-BAF Database,408,K408;I408;J408,"{""BAF"": 500, ""BAF Min"": null, ""BAF Max"": null}",reported_database_value,500.0,500.0,2.6989700043360187,True,True,True,True,database_traced_primary_not_verified,False,unverified_primary_table,,Original-paper numerical cell not verified
BIO_6016,6016,BAF,CMP_83aa37c8a37d61e51382,Khairy 2019,10.1002/etc.4354,data/raw/ITRC_aquatic.xlsx,bfc24df5dbd2d21341a9580e5053f7a7b89c1ddea1ebe75c55407f4cee27a54d,BCF-BAF Database,409,K409;I409;J409,"{""BAF"": 1450, ""BAF Min"": null, ""BAF Max"": null}",reported_database_value,1450.0,1450.0,3.161368002234975,True,True,True,True,database_traced_primary_not_verified,False,unverified_primary_table,,Original-paper numerical cell not verified
BIO_6017,6017,BAF,CMP_83aa37c8a37d61e51382,Khairy 2019,10.1002/etc.4354,data/raw/ITRC_aquatic.xlsx,bfc24df5dbd2d21341a9580e5053f7a7b89c1ddea1ebe75c55407f4cee27a54d,BCF-BAF Database,410,K410;I410;J410,"{""BAF"": 575, ""BAF Min"": null, ""BAF Max"": null}",reported_database_value,575.0,575.0,2.7596678446896306,True,True,True,True,database_traced_primary_not_verified,False,unverified_primary_table,,Original-paper numerical cell not verified
BIO_6018,6018,BAF,CMP_83aa37c8a37d61e51382,Khairy 2019,10.1002/etc.4354,data/raw/ITRC_aquatic.xlsx,bfc24df5dbd2d21341a9580e5053f7a7b89c1ddea1ebe75c55407f4cee27a54d,BCF-BAF Database,411,K411;I411;J411,"{""BAF"": 350, ""BAF Min"": null, ""BAF Max"": null}",reported_database_value,350.0,350.0,2.544068044350276,True,True,True,True,database_traced_primary_not_verified,False,unverified_primary_table,,Original-paper numerical cell not verified
BIO_6019,6019,BAF,CMP_83aa37c8a37d61e51382,Khairy 2019,10.1002/etc.4354,data/raw/ITRC_aquatic.xlsx,bfc24df5dbd2d21341a9580e5053f7a7b89c1ddea1ebe75c55407f4cee27a54d,BCF-BAF Database,412,K412;I412;J412,"{""BAF"": 525, ""BAF Min"": null, ""BAF Max"": null}",reported_database_value,525.0,525.0,2.720159303405957,True,True,True,True,database_traced_primary_not_verified,False,unverified_primary_table,,Original-paper numerical cell not verified
BIO_6020,6020,BAF,CMP_83aa37c8a37d61e51382,Khairy 2019,10.1002/etc.4354,data/raw/ITRC_aquatic.xlsx,bfc24df5dbd2d21341a9580e5053f7a7b89c1ddea1ebe75c55407f4cee27a54d,BCF-BAF Database,413,K413;I413;J413,"{""BAF"": 575, ""BAF Min"": null, ""BAF Max"": null}",reported_database_value,575.0,575.0,2.7596678446896306,True,True,True,True,database_traced_primary_not_verified,False,unverified_primary_table,,Original-paper numerical cell not verified
BIO_6021,6021,BAF,CMP_83aa37c8a37d61e51382,Khairy 2019,10.1002/etc.4354,data/raw/ITRC_aquatic.xlsx,bfc24df5dbd2d21341a9580e5053f7a7b89c1ddea1ebe75c55407f4cee27a54d,BCF-BAF Database,414,K414;I414;J414,"{""BAF"": 425, ""BAF Min"": null, ""BAF Max"": null}",reported_database_value,425.0,425.0,2.628388930050312,True,True,True,True,database_traced_primary_not_verified,False,unverified_primary_table,,Original-paper numerical cell not verified
BIO_6022,6022,BAF,CMP_83aa37c8a37d61e51382,Khairy 2019,10.1002/etc.4354,data/raw/ITRC_aquatic.xlsx,bfc24df5dbd2d21341a9580e5053f7a7b89c1ddea1ebe75c55407f4cee27a54d,BCF-BAF Database,415,K415;I415;J415,"{""BAF"": 350, ""BAF Min"": null, ""BAF Max"": null}",reported_database_value,350.0,350.0,2.544068044350276,True,True,True,True,database_traced_primary_not_verified,False,unverified_primary_table,,Original-paper numerical cell not verified
BIO_6023,6023,BAF,CMP_83aa37c8a37d61e51382,Kobayashi 2018,10.1007/s00128-018-2282-z,data/raw/ITRC_aquatic.xlsx,bfc24df5dbd2d21341a9580e5053f7a7b89c1ddea1ebe75c55407f4cee27a54d,BCF-BAF Database,416,K416;I416;J416,"{""BAF"": 425, ""BAF Min"": null, ""BAF Max"": null}",reported_database_value,425.0,425.0,2.628388930050312,True,True,True,True,database_traced_primary_not_verified,False,unverified_primary_table,,Original-paper numerical cell not verified
BIO_6024,6024,BAF,CMP_83aa37c8a37d61e51382,Kobayashi 2018,10.1007/s00128-018-2282-z,data/raw/ITRC_aquatic.xlsx,bfc24df5dbd2d21341a9580e5053f7a7b89c1ddea1ebe75c55407f4cee27a54d,BCF-BAF Database,417,K417;I417;J417,"{""BAF"": 1000, ""BAF Min"": null, ""BAF Max"": null}",reported_database_value,1000.0,1000.0,3.0,True,True,True,True,database_traced_primary_not_verified,False,unverified_primary_table,,Original-paper numerical cell not verified
BIO_6025,6025,BAF,CMP_83aa37c8a37d61e51382,Kobayashi 2018,10.1007/s00128-018-2282-z,data/raw/ITRC_aquatic.xlsx,bfc24df5dbd2d21341a9580e5053f7a7b89c1ddea1ebe75c55407f4cee27a54d,BCF-BAF Database,418,K418;I418;J418,"{""BAF"": 433.3333333333333, ""BAF Min"": null, ""BAF Max"": null}",reported_database_value,433.3333333333333,433.3333333333333,2.6368220975871743,True,True,True,True,database_traced_primary_not_verified,False,unverified_primary_table,,Original-paper numerical cell not verified
BIO_6026,6026,BAF,CMP_83aa37c8a37d61e51382,Kobayashi 2018,10.1007/s00128-018-2282-z,data/raw/ITRC_aquatic.xlsx,bfc24df5dbd2d21341a9580e5053f7a7b89c1ddea1ebe75c55407f4cee27a54d,BCF-BAF Database,419,K419;I419;J419,"{""BAF"": 608.3333333333334, ""BAF Min"": null, ""BAF Max"": null}",reported_database_value,608.3333333333334,608.3333333333334,2.7841416140728312,True,True,True,True,database_traced_primary_not_verified,False,unverified_primary_table,,Original-paper numerical cell not verified
BIO_6027,6027,BAF,CMP_83aa37c8a37d61e51382,Kobayashi 2018,10.1007/s00128-018-2282-z,data/raw/ITRC_aquatic.xlsx,bfc24df5dbd2d21341a9580e5053f7a7b89c1ddea1ebe75c55407f4cee27a54d,BCF-BAF Database,420,K420;I420;J420,"{""BAF"": 64.16666666666667, ""BAF Min"": null, ""BAF Max"": null}",reported_database_value,64.16666666666667,64.16666666666667,1.8073094791248567,True,True,True,True,database_traced_primary_not_verified,False,unverified_primary_table,,Original-paper numerical cell not verified
BIO_6028,6028,BCF,CMP_83aa37c8a37d61e51382,Kwadijk 2010,10.1021/es100485e,data/raw/ITRC_aquatic.xlsx,bfc24df5dbd2d21341a9580e5053f7a7b89c1ddea1ebe75c55407f4cee27a54d,BCF-BAF Database,421,H421;F421;G421,"{""BCF"": 2.5500000000000003, ""BCF Min"": null, ""BCF Max"": null}",reported_database_value,2.5500000000000003,2.55,0.4065401804339551,True,True,True,True,database_traced_primary_not_verified,False,unverified_primary_table,,Original-paper numerical cell not verified
BIO_6029,6029,BAF,CMP_83aa37c8a37d61e51382,Kwadijk 2010,10.1021/es100485e,data/raw/ITRC_aquatic.xlsx,bfc24df5dbd2d21341a9580e5053f7a7b89c1ddea1ebe75c55407f4cee27a54d,BCF-BAF Database,421,K421;I421;J421,"{""BAF"": 354.81338923357566, ""BAF Min"": 112.20184543019634, ""BAF Max"": 2951.20922666639}",reported_database_value,354.81338923357566,354.8133892335757,2.5500000000000003,True,True,True,True,database_traced_primary_not_verified,False,unverified_primary_table,,Original-paper numerical cell not verified
BIO_6030,6030,BAF,CMP_83aa37c8a37d61e51382,Kwadijk 2014,10.1002/etc.2602,data/raw/ITRC_aquatic.xlsx,bfc24df5dbd2d21341a9580e5053f7a7b89c1ddea1ebe75c55407f4cee27a54d,BCF-BAF Database,422,K422;I422;J422,"{""BAF"": 112.20184543019634, ""BAF Min"": null, ""BAF Max"": null}",reported_database_value,112.20184543019634,112.2018454301963,2.05,True,True,True,True,database_traced_primary_not_verified,False,unverified_primary_table,,Original-paper numerical cell not verified
BIO_6031,6031,BAF,CMP_83aa37c8a37d61e51382,Kwadijk 2014,10.1002/etc.2602,data/raw/ITRC_aquatic.xlsx,bfc24df5dbd2d21341a9580e5053f7a7b89c1ddea1ebe75c55407f4cee27a54d,BCF-BAF Database,423,K423;I423;J423,"{""BAF"": 56.234132519034915, ""BAF Min"": null, ""BAF Max"": null}",reported_database_value,56.234132519034915,56.23413251903492,1.7500000000000002,True,True,True,True,database_traced_primary_not_verified,False,unverified_primary_table,,Original-paper numerical cell not verified
BIO_6032,6032,BAF,CMP_83aa37c8a37d61e51382,Kwadijk 2014,10.1002/etc.2602,data/raw/ITRC_aquatic.xlsx,bfc24df5dbd2d21341a9580e5053f7a7b89c1ddea1ebe75c55407f4cee27a54d,BCF-BAF Database,424,K424;I424;J424,"{""BAF"": 64.56542290346559, ""BAF Min"": null, ""BAF Max"": null}",reported_database_value,64.56542290346559,64.56542290346559,1.8100000000000005,True,True,True,True,database_traced_primary_not_verified,False,unverified_primary_table,,Original-paper numerical cell not verified
BIO_6033,6033,BAF,CMP_83aa37c8a37d61e51382,Labadie 2011,10.1016/j.envpol.2010.10.039,data/raw/ITRC_aquatic.xlsx,bfc24df5dbd2d21341a9580e5053f7a7b89c1ddea1ebe75c55407f4cee27a54d,BCF-BAF Database,425,K425;I425;J425,"{""BAF"": 7.943282347242818, ""BAF Min"": null, ""BAF Max"": null}",reported_database_value,7.943282347242818,7.943282347242818,0.9000000000000001,True,True,True,True,database_traced_primary_not_verified,False,unverified_primary_table,,Original-paper numerical cell not verified
BIO_6042,6042,BAF,CMP_83aa37c8a37d61e51382,Liu 2019,10.1016/j.ecoenv.2019.109454,data/raw/ITRC_aquatic.xlsx,bfc24df5dbd2d21341a9580e5053f7a7b89c1ddea1ebe75c55407f4cee27a54d,BCF-BAF Database,439,K439;I439;J439,"{""BAF"": null, ""BAF Min"": 0.2, ""BAF Max"": 10.2}",arithmetic_midpoint_of_reported_range,5.199999999999999,5.199999999999999,0.7160033436347991,True,True,True,True,database_traced_primary_not_verified,False,unverified_primary_table,,Original-paper numerical cell not verified
BIO_6043,6043,BAF,CMP_83aa37c8a37d61e51382,Liu 2019,10.1016/j.ecoenv.2019.109454,data/raw/ITRC_aquatic.xlsx,bfc24df5dbd2d21341a9580e5053f7a7b89c1ddea1ebe75c55407f4cee27a54d,BCF-BAF Database,440,K440;I440;J440,"{""BAF"": null, ""BAF Min"": 3.64, ""BAF Max"": 144}",arithmetic_midpoint_of_reported_range,73.82,73.82,1.8681740408596383,True,True,True,True,database_traced_primary_not_verified,False,unverified_primary_table,,Original-paper numerical cell not verified
BIO_6044,6044,BAF,CMP_83aa37c8a37d61e51382,Liu 2019,10.1016/j.ecoenv.2019.109454,data/raw/ITRC_aquatic.xlsx,bfc24df5dbd2d21341a9580e5053f7a7b89c1ddea1ebe75c55407f4cee27a54d,BCF-BAF Database,441,K441;I441;J441,"{""BAF"": null, ""BAF Min"": 0.74, ""BAF Max"": 10.4}",arithmetic_midpoint_of_reported_range,5.57,5.57,0.7458551951737289,True,True,True,True,database_traced_primary_not_verified,False,unverified_primary_table,,Original-paper numerical cell not verified
BIO_6045,6045,BAF,CMP_83aa37c8a37d61e51382,Liu 2019,10.1016/j.ecoenv.2019.109454,data/raw/ITRC_aquatic.xlsx,bfc24df5dbd2d21341a9580e5053f7a7b89c1ddea1ebe75c55407f4cee27a54d,BCF-BAF Database,442,K442;I442;J442,"{""BAF"": null, ""BAF Min"": 0.62, ""BAF Max"": 155}",arithmetic_midpoint_of_reported_range,77.81,77.81,1.8910354153153108,True,True,True,True,database_traced_primary_not_verified,False,unverified_primary_table,,Original-paper numerical cell not verified
BIO_6046,6046,BAF,CMP_83aa37c8a37d61e51382,Liu 2019,10.1016/j.ecoenv.2019.109454,data/raw/ITRC_aquatic.xlsx,bfc24df5dbd2d21341a9580e5053f7a7b89c1ddea1ebe75c55407f4cee27a54d,BCF-BAF Database,443,K443;I443;J443,"{""BAF"": null, ""BAF Min"": 0.58, ""BAF Max"": 23.2}",arithmetic_midpoint_of_reported_range,11.889999999999999,11.89,1.0751818546186915,True,True,True,True,database_traced_primary_not_verified,False,unverified_primary_table,,Original-paper numerical cell not verified
BIO_6047,6047,BAF,CMP_83aa37c8a37d61e51382,Loi 2011,10.1021/es200432n,data/raw/ITRC_aquatic.xlsx,bfc24df5dbd2d21341a9580e5053f7a7b89c1ddea1ebe75c55407f4cee27a54d,BCF-BAF Database,444,K444;I444;J444,"{""BAF"": 58, ""BAF Min"": null, ""BAF Max"": null}",reported_database_value,58.0,58.0,1.7634279935629371,True,True,True,True,primary_located_not_eligible,False,verified_summary_with_LOQ_substitution,SI Table S7 PDF page 31; phytoplankton; PFHxS; mean,sensitivity_only_LOQ_substitution_not_resolved_per_cell; Source explicitly substitutes half LOQ for censored concentrations; cell-specific censoring cannot be removed from summaries
BIO_6048,6048,BCF,CMP_83aa37c8a37d61e51382,Martin 2003a,10.1002/etc.5620220126,data/raw/ITRC_aquatic.xlsx,bfc24df5dbd2d21341a9580e5053f7a7b89c1ddea1ebe75c55407f4cee27a54d,BCF-BAF Database,445,H445;F445;G445,"{""BCF"": 9.6, ""BCF Min"": null, ""BCF Max"": null}",reported_database_value,9.6,9.6,0.9822712330395684,True,True,True,True,database_traced_primary_not_verified,False,unverified_primary_table,,Original-paper numerical cell not verified
BIO_6049,6049,BCF,CMP_83aa37c8a37d61e51382,Martin 2003a,10.1002/etc.5620220126,data/raw/ITRC_aquatic.xlsx,bfc24df5dbd2d21341a9580e5053f7a7b89c1ddea1ebe75c55407f4cee27a54d,BCF-BAF Database,446,H446;F446;G446,"{""BCF"": 76, ""BCF Min"": null, ""BCF Max"": null}",reported_database_value,76.0,76.0,1.880813592280792,True,True,True,True,database_traced_primary_not_verified,False,unverified_primary_table,,Original-paper numerical cell not verified
BIO_6050,6050,BCF,CMP_83aa37c8a37d61e51382,Martin 2003a,10.1002/etc.5620220126,data/raw/ITRC_aquatic.xlsx,bfc24df5dbd2d21341a9580e5053f7a7b89c1ddea1ebe75c55407f4cee27a54d,BCF-BAF Database,447,H447;F447;G447,"{""BCF"": 100, ""BCF Min"": null, ""BCF Max"": null}",reported_database_value,100.0,100.0,2.0,True,True,True,True,database_traced_primary_not_verified,False,unverified_primary_table,,Original-paper numerical cell not verified
BIO_6051,6051,BAF,CMP_83aa37c8a37d61e51382,Naile 2013,10.1016/j.chemosphere.2012.07.033,data/raw/ITRC_aquatic.xlsx,bfc24df5dbd2d21341a9580e5053f7a7b89c1ddea1ebe75c55407f4cee27a54d,BCF-BAF Database,448,K448;I448;J448,"{""BAF"": 575.4399373371571, ""BAF Min"": null, ""BAF Max"": null}",reported_database_value,575.4399373371571,575.4399373371571,2.76,True,True,True,True,database_traced_primary_not_verified,False,unverified_primary_table,,Original-paper numerical cell not verified
BIO_6052,6052,BAF,CMP_83aa37c8a37d61e51382,Naile 2013,10.1016/j.chemosphere.2012.07.033,data/raw/ITRC_aquatic.xlsx,bfc24df5dbd2d21341a9580e5053f7a7b89c1ddea1ebe75c55407f4cee27a54d,BCF-BAF Database,449,K449;I449;J449,"{""BAF"": 1905.4607179632485, ""BAF Min"": null, ""BAF Max"": null}",reported_database_value,1905.4607179632485,1905.460717963248,3.28,True,True,True,True,database_traced_primary_not_verified,False,unverified_primary_table,,Original-paper numerical cell not verified
BIO_6053,6053,BAF,CMP_83aa37c8a37d61e51382,Naile 2013,10.1016/j.chemosphere.2012.07.033,data/raw/ITRC_aquatic.xlsx,bfc24df5dbd2d21341a9580e5053f7a7b89c1ddea1ebe75c55407f4cee27a54d,BCF-BAF Database,450,K450;I450;J450,"{""BAF"": 407.3802778041127, ""BAF Min"": null, ""BAF Max"": null}",reported_database_value,407.3802778041127,407.3802778041127,2.61,True,True,True,True,database_traced_primary_not_verified,False,unverified_primary_table,,Original-paper numerical cell not verified
BIO_6054,6054,BAF,CMP_83aa37c8a37d61e51382,Naile 2013,10.1016/j.chemosphere.2012.07.033,data/raw/ITRC_aquatic.xlsx,bfc24df5dbd2d21341a9580e5053f7a7b89c1ddea1ebe75c55407f4cee27a54d,BCF-BAF Database,451,K451;I451;J451,"{""BAF"": 380.1893963205616, ""BAF Min"": null, ""BAF Max"": null}",reported_database_value,380.1893963205616,380.1893963205616,2.5800000000000005,True,True,True,True,database_traced_primary_not_verified,False,unverified_primary_table,,Original-paper numerical cell not verified
BIO_6055,6055,BAF,CMP_83aa37c8a37d61e51382,Naile 2013,10.1016/j.chemosphere.2012.07.033,data/raw/ITRC_aquatic.xlsx,bfc24df5dbd2d21341a9580e5053f7a7b89c1ddea1ebe75c55407f4cee27a54d,BCF-BAF Database,452,K452;I452;J452,"{""BAF"": 3388.4415613920255, ""BAF Min"": null, ""BAF Max"": null}",reported_database_value,3388.4415613920255,3388.441561392026,3.53,True,True,True,True,database_traced_primary_not_verified,False,unverified_primary_table,,Original-paper numerical cell not verified
BIO_6056,6056,BAF,CMP_83aa37c8a37d61e51382,Naile 2013,10.1016/j.chemosphere.2012.07.033,data/raw/ITRC_aquatic.xlsx,bfc24df5dbd2d21341a9580e5053f7a7b89c1ddea1ebe75c55407f4cee27a54d,BCF-BAF Database,453,K453;I453;J453,"{""BAF"": 1202.2644346174138, ""BAF Min"": null, ""BAF Max"": null}",reported_database_value,1202.2644346174138,1202.264434617414,3.0800000000000005,True,True,True,True,database_traced_primary_not_verified,False,unverified_primary_table,,Original-paper numerical cell not verified
BIO_6057,6057,BAF,CMP_83aa37c8a37d61e51382,Naile 2013,10.1016/j.chemosphere.2012.07.033,data/raw/ITRC_aquatic.xlsx,bfc24df5dbd2d21341a9580e5053f7a7b89c1ddea1ebe75c55407f4cee27a54d,BCF-BAF Database,454,K454;I454;J454,"{""BAF"": 218.77616239495524, ""BAF Min"": null, ""BAF Max"": null}",reported_database_value,218.77616239495524,218.7761623949552,2.34,True,True,True,True,database_traced_primary_not_verified,False,unverified_primary_table,,Original-paper numerical cell not verified
BIO_6058,6058,BAF,CMP_83aa37c8a37d61e51382,Naile 2013,10.1016/j.chemosphere.2012.07.033,data/raw/ITRC_aquatic.xlsx,bfc24df5dbd2d21341a9580e5053f7a7b89c1ddea1ebe75c55407f4cee27a54d,BCF-BAF Database,455,K455;I455;J455,"{""BAF"": 58.88436553555895, ""BAF Min"": null, ""BAF Max"": null}",reported_database_value,58.88436553555895,58.88436553555895,1.7700000000000005,True,True,True,True,database_traced_primary_not_verified,False,unverified_primary_table,,Original-paper numerical cell not verified
BIO_6059,6059,BAF,CMP_83aa37c8a37d61e51382,Pan 2019,10.3390/ijerph16101692,data/raw/ITRC_aquatic.xlsx,bfc24df5dbd2d21341a9580e5053f7a7b89c1ddea1ebe75c55407f4cee27a54d,BCF-BAF Database,456,K456;I456;J456,"{""BAF"": 27.9, ""BAF Min"": 4.33, ""BAF Max"": 55.7}",reported_database_value,27.9,27.9,1.4456042032735976,True,True,True,True,primary_located_not_eligible,False,verified_value_basis_conflict,Main Table 4; PFHxS; BAF Mean,"quarantine_basis_conflict_until_primary_clarification; Original Table 4 concentration header ng/g DW conflicts with wet-weight extraction and fish LOQ in Methods; pooled fish, not individual data"
BIO_6060,6060,BAF,CMP_83aa37c8a37d61e51382,Yoo 2009,10.1007/s00244-008-9282-7,data/raw/ITRC_aquatic.xlsx,bfc24df5dbd2d21341a9580e5053f7a7b89c1ddea1ebe75c55407f4cee27a54d,BCF-BAF Database,457,K457;I457;J457,"{""BAF"": 700, ""BAF Min"": null, ""BAF Max"": null}",reported_database_value,700.0,700.0,2.845098040014257,True,True,True,True,database_traced_primary_not_verified,False,unverified_primary_table,,Original-paper numerical cell not verified
BIO_6061,6061,BAF,CMP_83aa37c8a37d61e51382,Yoo 2009,10.1007/s00244-008-9282-7,data/raw/ITRC_aquatic.xlsx,bfc24df5dbd2d21341a9580e5053f7a7b89c1ddea1ebe75c55407f4cee27a54d,BCF-BAF Database,458,K458;I458;J458,"{""BAF"": 850, ""BAF Min"": null, ""BAF Max"": null}",reported_database_value,850.0,850.0,2.929418925714293,True,True,True,True,database_traced_primary_not_verified,False,unverified_primary_table,,Original-paper numerical cell not verified
BIO_6062,6062,BAF,CMP_83aa37c8a37d61e51382,Zhang 2018,10.1007/s00128-018-2381-x,data/raw/ITRC_aquatic.xlsx,bfc24df5dbd2d21341a9580e5053f7a7b89c1ddea1ebe75c55407f4cee27a54d,BCF-BAF Database,459,K459;I459;J459,"{""BAF"": 1900, ""BAF Min"": null, ""BAF Max"": null}",reported_database_value,1900.0,1900.0,3.278753600952829,True,True,True,True,database_traced_primary_not_verified,False,unverified_primary_table,,Original-paper numerical cell not verified
BIO_6063,6063,BAF,CMP_8e58943e0a19095fb6f4,Ahrens 2015,10.1016/j.chemosphere.2014.03.136,data/raw/ITRC_aquatic.xlsx,bfc24df5dbd2d21341a9580e5053f7a7b89c1ddea1ebe75c55407f4cee27a54d,BCF-BAF Database,460,K460;I460;J460,"{""BAF"": 48, ""BAF Min"": 42, ""BAF Max"": 54}",reported_database_value,48.0,48.0,1.6812412373755872,True,True,True,True,database_traced_primary_not_verified,False,unverified_primary_table,,Original-paper numerical cell not verified
BIO_6064,6064,BAF,CMP_8e58943e0a19095fb6f4,Ahrens 2015,10.1016/j.chemosphere.2014.03.136,data/raw/ITRC_aquatic.xlsx,bfc24df5dbd2d21341a9580e5053f7a7b89c1ddea1ebe75c55407f4cee27a54d,BCF-BAF Database,461,K461;I461;J461,"{""BAF"": 110, ""BAF Min"": 56, ""BAF Max"": 280}",reported_database_value,110.0,110.0,2.041392685158225,True,True,True,True,database_traced_primary_not_verified,False,unverified_primary_table,,Original-paper numerical cell not verified
BIO_6065,6065,BAF,CMP_8e58943e0a19095fb6f4,Ahrens 2015,10.1016/j.chemosphere.2014.03.136,data/raw/ITRC_aquatic.xlsx,bfc24df5dbd2d21341a9580e5053f7a7b89c1ddea1ebe75c55407f4cee27a54d,BCF-BAF Database,462,K462;I462;J462,"{""BAF"": 330, ""BAF Min"": 240, ""BAF Max"": 160}",reported_database_value,330.0,330.0,2.5185139398778875,True,True,True,True,database_traced_primary_not_verified,False,unverified_primary_table,,Original-paper numerical cell not verified
BIO_6066,6066,BAF,CMP_8e58943e0a19095fb6f4,Ahrens 2015,10.1016/j.chemosphere.2014.03.136,data/raw/ITRC_aquatic.xlsx,bfc24df5dbd2d21341a9580e5053f7a7b89c1ddea1ebe75c55407f4cee27a54d,BCF-BAF Database,463,K463;I463;J463,"{""BAF"": 170, ""BAF Min"": 76, ""BAF Max"": 110}",reported_database_value,170.0,170.0,2.230448921378274,True,True,True,True,database_traced_primary_not_verified,False,unverified_primary_table,,Original-paper numerical cell not verified
BIO_6067,6067,BAF,CMP_8e58943e0a19095fb6f4,Ahrens 2015,10.1016/j.chemosphere.2014.03.136,data/raw/ITRC_aquatic.xlsx,bfc24df5dbd2d21341a9580e5053f7a7b89c1ddea1ebe75c55407f4cee27a54d,BCF-BAF Database,464,K464;I464;J464,"{""BAF"": 310, ""BAF Min"": 240, ""BAF Max"": 380}",reported_database_value,310.0,310.0,2.4913616938342726,True,True,True,True,database_traced_primary_not_verified,False,unverified_primary_table,,Original-paper numerical cell not verified
BIO_6068,6068,BAF,CMP_8e58943e0a19095fb6f4,Ahrens 2015,10.1016/j.chemosphere.2014.03.136,data/raw/ITRC_aquatic.xlsx,bfc24df5dbd2d21341a9580e5053f7a7b89c1ddea1ebe75c55407f4cee27a54d,BCF-BAF Database,465,K465;I465;J465,"{""BAF"": 770, ""BAF Min"": 730, ""BAF Max"": 820}",reported_database_value,770.0,770.0,2.886490725172482,True,True,True,True,database_traced_primary_not_verified,False,unverified_primary_table,,Original-paper numerical cell not verified
BIO_6069,6069,BAF,CMP_8e58943e0a19095fb6f4,Ahrens 2016,10.1016/j.chemosphere.2016.09.007,data/raw/ITRC_aquatic.xlsx,bfc24df5dbd2d21341a9580e5053f7a7b89c1ddea1ebe75c55407f4cee27a54d,BCF-BAF Database,466,K466;I466;J466,"{""BAF"": 1584.8931924611156, ""BAF Min"": null, ""BAF Max"": null}",reported_database_value,1584.8931924611156,1584.893192461116,3.2000000000000006,True,True,True,True,database_traced_primary_not_verified,False,unverified_primary_table,,Original-paper numerical cell not verified
BIO_6070,6070,BAF,CMP_8e58943e0a19095fb6f4,Ahrens 2016,10.1016/j.chemosphere.2016.09.007,data/raw/ITRC_aquatic.xlsx,bfc24df5dbd2d21341a9580e5053f7a7b89c1ddea1ebe75c55407f4cee27a54d,BCF-BAF Database,467,K467;I467;J467,"{""BAF"": 2511.886431509581, ""BAF Min"": null, ""BAF Max"": null}",reported_database_value,2511.886431509581,2511.886431509581,3.4000000000000004,True,True,True,True,database_traced_primary_not_verified,False,unverified_primary_table,,Original-paper numerical cell not verified
BIO_6071,6071,BAF,CMP_8e58943e0a19095fb6f4,Ahrens 2016,10.1016/j.chemosphere.2016.09.007,data/raw/ITRC_aquatic.xlsx,bfc24df5dbd2d21341a9580e5053f7a7b89c1ddea1ebe75c55407f4cee27a54d,BCF-BAF Database,468,K468;I468;J468,"{""BAF"": 2511.886431509581, ""BAF Min"": null, ""BAF Max"": null}",reported_database_value,2511.886431509581,2511.886431509581,3.4000000000000004,True,True,True,True,database_traced_primary_not_verified,False,unverified_primary_table,,Original-paper numerical cell not verified
BIO_6072,6072,BAF,CMP_8e58943e0a19095fb6f4,Ahrens 2016,10.1016/j.chemosphere.2016.09.007,data/raw/ITRC_aquatic.xlsx,bfc24df5dbd2d21341a9580e5053f7a7b89c1ddea1ebe75c55407f4cee27a54d,BCF-BAF Database,469,K469;I469;J469,"{""BAF"": 2511.886431509581, ""BAF Min"": null, ""BAF Max"": null}",reported_database_value,2511.886431509581,2511.886431509581,3.4000000000000004,True,True,True,True,database_traced_primary_not_verified,False,unverified_primary_table,,Original-paper numerical cell not verified
BIO_6073,6073,BAF,CMP_8e58943e0a19095fb6f4,Awad 2011,10.1021/es2001985,data/raw/ITRC_aquatic.xlsx,bfc24df5dbd2d21341a9580e5053f7a7b89c1ddea1ebe75c55407f4cee27a54d,BCF-BAF Database,470,K470;I470;J470,"{""BAF"": 112.20184543019634, ""BAF Min"": 38.01893963205614, ""BAF Max"": 257.03957827688663}",reported_database_value,112.20184543019634,112.2018454301963,2.05,True,True,True,True,database_traced_primary_not_verified,False,unverified_primary_table,,Original-paper numerical cell not verified
BIO_6074,6074,BAF,CMP_8e58943e0a19095fb6f4,Awad 2011,10.1021/es2001985,data/raw/ITRC_aquatic.xlsx,bfc24df5dbd2d21341a9580e5053f7a7b89c1ddea1ebe75c55407f4cee27a54d,BCF-BAF Database,471,K471;I471;J471,"{""BAF"": 426.57951880159294, ""BAF Min"": 75.85775750291836, ""BAF Max"": 3090.295432513592}",reported_database_value,426.57951880159294,426.5795188015929,2.6300000000000003,True,True,True,True,database_traced_primary_not_verified,False,unverified_primary_table,,Original-paper numerical cell not verified
BIO_6075,6075,BCF,CMP_8e58943e0a19095fb6f4,Chen 2016,10.1016/j.scitotenv.2016.05.215,data/raw/ITRC_aquatic.xlsx,bfc24df5dbd2d21341a9580e5053f7a7b89c1ddea1ebe75c55407f4cee27a54d,BCF-BAF Database,472,H472;F472;G472,"{""BCF"": 11748.98, ""BCF Min"": null, ""BCF Max"": null}",reported_database_value,11748.98,11748.98,4.070000164514148,True,True,True,True,primary_located_not_eligible,False,verified_plasma_unit_mismatch,Table S9 row 9 column 7; plasma-low; pfna; logBCFss,Plasma ratios are dimensionless and incompatible with mass-based L/kg regression
BIO_6076,6076,BCF,CMP_8e58943e0a19095fb6f4,Chen 2016,10.1016/j.scitotenv.2016.05.215,data/raw/ITRC_aquatic.xlsx,bfc24df5dbd2d21341a9580e5053f7a7b89c1ddea1ebe75c55407f4cee27a54d,BCF-BAF Database,473,H473;F473;G473,"{""BCF"": 9332.54, ""BCF Min"": null, ""BCF Max"": null}",reported_database_value,9332.54,9332.54,3.969999860022617,True,True,True,True,primary_located_not_eligible,False,verified_plasma_unit_mismatch,Table S9 row 31 column 7; plasma-high; pfna; logBCFss,Plasma ratios are dimensionless and incompatible with mass-based L/kg regression
BIO_6077,6077,BCF,CMP_8e58943e0a19095fb6f4,Chen 2016,10.1016/j.scitotenv.2016.05.215,data/raw/ITRC_aquatic.xlsx,bfc24df5dbd2d21341a9580e5053f7a7b89c1ddea1ebe75c55407f4cee27a54d,BCF-BAF Database,474,H474;F474;G474,"{""BCF"": 1513.56, ""BCF Min"": null, ""BCF Max"": null}",reported_database_value,1513.56,1513.56,3.18,True,True,True,True,primary_included,True,verified_tissue_BCF_summary,Table S9 row 53 column 7; liver-low; pfna; logBCFss,Source-qualified endpoint and value under frozen eligibility criteria
BIO_6078,6078,BCF,CMP_8e58943e0a19095fb6f4,Chen 2016,10.1016/j.scitotenv.2016.05.215,data/raw/ITRC_aquatic.xlsx,bfc24df5dbd2d21341a9580e5053f7a7b89c1ddea1ebe75c55407f4cee27a54d,BCF-BAF Database,475,H475;F475;G475,"{""BCF"": 2818.38, ""BCF Min"": null, ""BCF Max"": null}",reported_database_value,2818.38,2818.38,3.45,True,True,True,True,primary_included,True,verified_tissue_BCF_summary,Table S9 row 75 column 7; liver-high; pfna; logBCFss,Source-qualified endpoint and value under frozen eligibility criteria
BIO_6079,6079,BCF,CMP_8e58943e0a19095fb6f4,Chen 2016,10.1016/j.scitotenv.2016.05.215,data/raw/ITRC_aquatic.xlsx,bfc24df5dbd2d21341a9580e5053f7a7b89c1ddea1ebe75c55407f4cee27a54d,BCF-BAF Database,476,H476;F476;G476,"{""BCF"": 436.52, ""BCF Min"": null, ""BCF Max"": null}",reported_database_value,436.52,436.52,2.64,True,True,True,True,primary_included,True,verified_tissue_BCF_summary,Table S9 row 97 column 7; muscle-low; pfna; logBCFss,Source-qualified endpoint and value under frozen eligibility criteria
BIO_6080,6080,BCF,CMP_8e58943e0a19095fb6f4,Chen 2016,10.1016/j.scitotenv.2016.05.215,data/raw/ITRC_aquatic.xlsx,bfc24df5dbd2d21341a9580e5053f7a7b89c1ddea1ebe75c55407f4cee27a54d,BCF-BAF Database,477,H477;F477;G477,"{""BCF"": 707.95, ""BCF Min"": null, ""BCF Max"": null}",reported_database_value,707.95,707.95,2.85,True,True,True,True,primary_included,True,verified_tissue_BCF_summary,Table S9 row 119 column 7; muscle-high; pfna; logBCFss,Source-qualified endpoint and value under frozen eligibility criteria
BIO_6081,6081,BCF,CMP_8e58943e0a19095fb6f4,Chen 2016,10.1016/j.scitotenv.2016.05.215,data/raw/ITRC_aquatic.xlsx,bfc24df5dbd2d21341a9580e5053f7a7b89c1ddea1ebe75c55407f4cee27a54d,BCF-BAF Database,478,H478;F478;G478,"{""BCF"": 2137.96, ""BCF Min"": null, ""BCF Max"": null}",reported_database_value,2137.96,2137.96,3.33,True,True,True,True,primary_included,True,verified_tissue_BCF_summary,Table S9 row 141 column 7; ovary-low; pfna; logBCFss,Source-qualified endpoint and value under frozen eligibility criteria
BIO_6082,6082,BCF,CMP_8e58943e0a19095fb6f4,Chen 2016,10.1016/j.scitotenv.2016.05.215,data/raw/ITRC_aquatic.xlsx,bfc24df5dbd2d21341a9580e5053f7a7b89c1ddea1ebe75c55407f4cee27a54d,BCF-BAF Database,479,H479;F479;G479,"{""BCF"": 2344.23, ""BCF Min"": null, ""BCF Max"": null}",reported_database_value,2344.23,2344.23,3.37,True,True,True,True,primary_included,True,verified_tissue_BCF_summary,Table S9 row 163 column 7; ovary-high; pfna; logBCFss,Source-qualified endpoint and value under frozen eligibility criteria
BIO_6083,6083,BCF,CMP_8e58943e0a19095fb6f4,Chen 2016,10.1016/j.scitotenv.2016.05.215,data/raw/ITRC_aquatic.xlsx,bfc24df5dbd2d21341a9580e5053f7a7b89c1ddea1ebe75c55407f4cee27a54d,BCF-BAF Database,480,H480;F480;G480,"{""BCF"": 1202.26, ""BCF Min"": null, ""BCF Max"": null}",reported_database_value,1202.26,1202.26,3.0799983980783527,True,True,True,True,database_traced_primary_not_verified,False,unverified_primary_table,,Original-paper numerical cell not verified
BIO_6084,6084,BCF,CMP_8e58943e0a19095fb6f4,Chen 2016,10.1016/j.scitotenv.2016.05.215,data/raw/ITRC_aquatic.xlsx,bfc24df5dbd2d21341a9580e5053f7a7b89c1ddea1ebe75c55407f4cee27a54d,BCF-BAF Database,481,H481;F481;G481,"{""BCF"": 1479.11, ""BCF Min"": null, ""BCF Max"": null}",reported_database_value,1479.11,1479.11,3.170000473264351,True,True,True,True,database_traced_primary_not_verified,False,unverified_primary_table,,Original-paper numerical cell not verified
BIO_6085,6085,BCF,CMP_8e58943e0a19095fb6f4,Dai 2013,10.1016/j.chemosphere.2012.08.026,data/raw/ITRC_aquatic.xlsx,bfc24df5dbd2d21341a9580e5053f7a7b89c1ddea1ebe75c55407f4cee27a54d,BCF-BAF Database,482,H482;F482;G482,"{""BCF"": 157, ""BCF Min"": null, ""BCF Max"": null}",reported_database_value,157.0,157.0,2.1958996524092336,True,True,True,True,database_traced_primary_not_verified,False,unverified_primary_table,,Original-paper numerical cell not verified
BIO_6091,6091,BAF,CMP_8e58943e0a19095fb6f4,Furdui 2007,10.1021/es0620484,data/raw/ITRC_aquatic.xlsx,bfc24df5dbd2d21341a9580e5053f7a7b89c1ddea1ebe75c55407f4cee27a54d,BCF-BAF Database,488,K488;I488;J488,"{""BAF"": 5011.872336272732, ""BAF Min"": null, ""BAF Max"": null}",reported_database_value,5011.872336272732,5011.872336272732,3.700000000000001,True,True,True,True,database_traced_primary_not_verified,False,unverified_primary_table,,Original-paper numerical cell not verified
BIO_6092,6092,BAF,CMP_8e58943e0a19095fb6f4,Furdui 2007,10.1021/es0620484,data/raw/ITRC_aquatic.xlsx,bfc24df5dbd2d21341a9580e5053f7a7b89c1ddea1ebe75c55407f4cee27a54d,BCF-BAF Database,489,K489;I489;J489,"{""BAF"": 3981.071705534977, ""BAF Min"": null, ""BAF Max"": null}",reported_database_value,3981.071705534977,3981.071705534977,3.6000000000000005,True,True,True,True,database_traced_primary_not_verified,False,unverified_primary_table,,Original-paper numerical cell not verified
BIO_6093,6093,BAF,CMP_8e58943e0a19095fb6f4,Furdui 2007,10.1021/es0620484,data/raw/ITRC_aquatic.xlsx,bfc24df5dbd2d21341a9580e5053f7a7b89c1ddea1ebe75c55407f4cee27a54d,BCF-BAF Database,490,K490;I490;J490,"{""BAF"": 6309.573444801938, ""BAF Min"": null, ""BAF Max"": null}",reported_database_value,6309.573444801938,6309.573444801938,3.8,True,True,True,True,database_traced_primary_not_verified,False,unverified_primary_table,,Original-paper numerical cell not verified
BIO_6094,6094,BAF,CMP_8e58943e0a19095fb6f4,Furdui 2007,10.1021/es0620484,data/raw/ITRC_aquatic.xlsx,bfc24df5dbd2d21341a9580e5053f7a7b89c1ddea1ebe75c55407f4cee27a54d,BCF-BAF Database,491,K491;I491;J491,"{""BAF"": 1258.925411794168, ""BAF Min"": null, ""BAF Max"": null}",reported_database_value,1258.925411794168,1258.925411794168,3.1,True,True,True,True,database_traced_primary_not_verified,False,unverified_primary_table,,Original-paper numerical cell not verified
BIO_6095,6095,BAF,CMP_8e58943e0a19095fb6f4,Gebbink 2016,10.1021/acs.est.6b01197,data/raw/ITRC_aquatic.xlsx,bfc24df5dbd2d21341a9580e5053f7a7b89c1ddea1ebe75c55407f4cee27a54d,BCF-BAF Database,492,K492;I492;J492,"{""BAF"": 3801.893963205617, ""BAF Min"": null, ""BAF Max"": null}",reported_database_value,3801.893963205617,3801.893963205617,3.5800000000000005,True,True,True,True,primary_included,True,verified_summary,SI Table S9 PDF page 16; PFNA; herring,Source-qualified endpoint and value under frozen eligibility criteria
BIO_6096,6096,BAF,CMP_8e58943e0a19095fb6f4,Gebbink 2016,10.1021/acs.est.6b01197,data/raw/ITRC_aquatic.xlsx,bfc24df5dbd2d21341a9580e5053f7a7b89c1ddea1ebe75c55407f4cee27a54d,BCF-BAF Database,493,K493;I493;J493,"{""BAF"": 2238.7211385683418, ""BAF Min"": null, ""BAF Max"": null}",reported_database_value,2238.7211385683418,2238.721138568342,3.3500000000000005,True,True,True,True,primary_included,True,verified_summary,SI Table S9 PDF page 16; PFNA; sprat,Source-qualified endpoint and value under frozen eligibility criteria
BIO_6097,6097,BAF,CMP_8e58943e0a19095fb6f4,Khairy 2019,10.1002/etc.4354,data/raw/ITRC_aquatic.xlsx,bfc24df5dbd2d21341a9580e5053f7a7b89c1ddea1ebe75c55407f4cee27a54d,BCF-BAF Database,494,K494;I494;J494,"{""BAF"": 525, ""BAF Min"": null, ""BAF Max"": null}",reported_database_value,525.0,525.0,2.720159303405957,True,True,True,True,database_traced_primary_not_verified,False,unverified_primary_table,,Original-paper numerical cell not verified
BIO_6098,6098,BAF,CMP_8e58943e0a19095fb6f4,Khairy 2019,10.1002/etc.4354,data/raw/ITRC_aquatic.xlsx,bfc24df5dbd2d21341a9580e5053f7a7b89c1ddea1ebe75c55407f4cee27a54d,BCF-BAF Database,495,K495;I495;J495,"{""BAF"": 450, ""BAF Min"": null, ""BAF Max"": null}",reported_database_value,450.0,450.0,2.6532125137753435,True,True,True,True,database_traced_primary_not_verified,False,unverified_primary_table,,Original-paper numerical cell not verified
BIO_6099,6099,BAF,CMP_8e58943e0a19095fb6f4,Khairy 2019,10.1002/etc.4354,data/raw/ITRC_aquatic.xlsx,bfc24df5dbd2d21341a9580e5053f7a7b89c1ddea1ebe75c55407f4cee27a54d,BCF-BAF Database,496,K496;I496;J496,"{""BAF"": 475, ""BAF Min"": null, ""BAF Max"": null}",reported_database_value,475.0,475.0,2.676693609624867,True,True,True,True,database_traced_primary_not_verified,False,unverified_primary_table,,Original-paper numerical cell not verified
BIO_6100,6100,BAF,CMP_8e58943e0a19095fb6f4,Khairy 2019,10.1002/etc.4354,data/raw/ITRC_aquatic.xlsx,bfc24df5dbd2d21341a9580e5053f7a7b89c1ddea1ebe75c55407f4cee27a54d,BCF-BAF Database,497,K497;I497;J497,"{""BAF"": 375, ""BAF Min"": null, ""BAF Max"": null}",reported_database_value,375.0,375.0,2.574031267727719,True,True,True,True,database_traced_primary_not_verified,False,unverified_primary_table,,Original-paper numerical cell not verified
BIO_6101,6101,BAF,CMP_8e58943e0a19095fb6f4,Khairy 2019,10.1002/etc.4354,data/raw/ITRC_aquatic.xlsx,bfc24df5dbd2d21341a9580e5053f7a7b89c1ddea1ebe75c55407f4cee27a54d,BCF-BAF Database,498,K498;I498;J498,"{""BAF"": 450, ""BAF Min"": null, ""BAF Max"": null}",reported_database_value,450.0,450.0,2.6532125137753435,True,True,True,True,database_traced_primary_not_verified,False,unverified_primary_table,,Original-paper numerical cell not verified
BIO_6102,6102,BAF,CMP_8e58943e0a19095fb6f4,Khairy 2019,10.1002/etc.4354,data/raw/ITRC_aquatic.xlsx,bfc24df5dbd2d21341a9580e5053f7a7b89c1ddea1ebe75c55407f4cee27a54d,BCF-BAF Database,499,K499;I499;J499,"{""BAF"": 575, ""BAF Min"": null, ""BAF Max"": null}",reported_database_value,575.0,575.0,2.7596678446896306,True,True,True,True,database_traced_primary_not_verified,False,unverified_primary_table,,Original-paper numerical cell not verified
BIO_6103,6103,BAF,CMP_8e58943e0a19095fb6f4,Khairy 2019,10.1002/etc.4354,data/raw/ITRC_aquatic.xlsx,bfc24df5dbd2d21341a9580e5053f7a7b89c1ddea1ebe75c55407f4cee27a54d,BCF-BAF Database,500,K500;I500;J500,"{""BAF"": 475, ""BAF Min"": null, ""BAF Max"": null}",reported_database_value,475.0,475.0,2.676693609624867,True,True,True,True,database_traced_primary_not_verified,False,unverified_primary_table,,Original-paper numerical cell not verified
BIO_6104,6104,BAF,CMP_8e58943e0a19095fb6f4,Khairy 2019,10.1002/etc.4354,data/raw/ITRC_aquatic.xlsx,bfc24df5dbd2d21341a9580e5053f7a7b89c1ddea1ebe75c55407f4cee27a54d,BCF-BAF Database,501,K501;I501;J501,"{""BAF"": 350, ""BAF Min"": null, ""BAF Max"": null}",reported_database_value,350.0,350.0,2.544068044350276,True,True,True,True,database_traced_primary_not_verified,False,unverified_primary_table,,Original-paper numerical cell not verified
BIO_6105,6105,BAF,CMP_8e58943e0a19095fb6f4,Khairy 2019,10.1002/etc.4354,data/raw/ITRC_aquatic.xlsx,bfc24df5dbd2d21341a9580e5053f7a7b89c1ddea1ebe75c55407f4cee27a54d,BCF-BAF Database,502,K502;I502;J502,"{""BAF"": 400, ""BAF Min"": null, ""BAF Max"": null}",reported_database_value,400.0,400.0,2.6020599913279625,True,True,True,True,database_traced_primary_not_verified,False,unverified_primary_table,,Original-paper numerical cell not verified
BIO_6106,6106,BAF,CMP_8e58943e0a19095fb6f4,Khairy 2019,10.1002/etc.4354,data/raw/ITRC_aquatic.xlsx,bfc24df5dbd2d21341a9580e5053f7a7b89c1ddea1ebe75c55407f4cee27a54d,BCF-BAF Database,503,K503;I503;J503,"{""BAF"": 350, ""BAF Min"": null, ""BAF Max"": null}",reported_database_value,350.0,350.0,2.544068044350276,True,True,True,True,database_traced_primary_not_verified,False,unverified_primary_table,,Original-paper numerical cell not verified
BIO_6107,6107,BAF,CMP_8e58943e0a19095fb6f4,Kobayashi 2018,10.1007/s00128-018-2282-z,data/raw/ITRC_aquatic.xlsx,bfc24df5dbd2d21341a9580e5053f7a7b89c1ddea1ebe75c55407f4cee27a54d,BCF-BAF Database,504,K504;I504;J504,"{""BAF"": 346.15384615384613, ""BAF Min"": null, ""BAF Max"": null}",reported_database_value,346.15384615384613,346.1538461538461,2.539269161468507,True,True,True,True,database_traced_primary_not_verified,False,unverified_primary_table,,Original-paper numerical cell not verified
BIO_6108,6108,BAF,CMP_8e58943e0a19095fb6f4,Kobayashi 2018,10.1007/s00128-018-2282-z,data/raw/ITRC_aquatic.xlsx,bfc24df5dbd2d21341a9580e5053f7a7b89c1ddea1ebe75c55407f4cee27a54d,BCF-BAF Database,505,K505;I505;J505,"{""BAF"": 288.46153846153845, ""BAF Min"": null, ""BAF Max"": null}",reported_database_value,288.46153846153845,288.4615384615385,2.4600879154208823,True,True,True,True,database_traced_primary_not_verified,False,unverified_primary_table,,Original-paper numerical cell not verified
BIO_6109,6109,BAF,CMP_8e58943e0a19095fb6f4,Kobayashi 2018,10.1007/s00128-018-2282-z,data/raw/ITRC_aquatic.xlsx,bfc24df5dbd2d21341a9580e5053f7a7b89c1ddea1ebe75c55407f4cee27a54d,BCF-BAF Database,506,K506;I506;J506,"{""BAF"": 423.07692307692304, ""BAF Min"": null, ""BAF Max"": null}",reported_database_value,423.07692307692304,423.076923076923,2.626419337187407,True,True,True,True,database_traced_primary_not_verified,False,unverified_primary_table,,Original-paper numerical cell not verified
BIO_6110,6110,BAF,CMP_8e58943e0a19095fb6f4,Kobayashi 2018,10.1007/s00128-018-2282-z,data/raw/ITRC_aquatic.xlsx,bfc24df5dbd2d21341a9580e5053f7a7b89c1ddea1ebe75c55407f4cee27a54d,BCF-BAF Database,507,K507;I507;J507,"{""BAF"": 142.3076923076923, ""BAF Min"": null, ""BAF Max"": null}",reported_database_value,142.3076923076923,142.3076923076923,2.153228376096177,True,True,True,True,database_traced_primary_not_verified,False,unverified_primary_table,,Original-paper numerical cell not verified
BIO_6111,6111,BAF,CMP_8e58943e0a19095fb6f4,Kobayashi 2018,10.1007/s00128-018-2282-z,data/raw/ITRC_aquatic.xlsx,bfc24df5dbd2d21341a9580e5053f7a7b89c1ddea1ebe75c55407f4cee27a54d,BCF-BAF Database,508,K508;I508;J508,"{""BAF"": 338.46153846153845, ""BAF Min"": null, ""BAF Max"": null}",reported_database_value,338.46153846153845,338.4615384615385,2.529509324179351,True,True,True,True,database_traced_primary_not_verified,False,unverified_primary_table,,Original-paper numerical cell not verified
BIO_6112,6112,BCF,CMP_8e58943e0a19095fb6f4,Kwadijk 2010,10.1021/es100485e,data/raw/ITRC_aquatic.xlsx,bfc24df5dbd2d21341a9580e5053f7a7b89c1ddea1ebe75c55407f4cee27a54d,BCF-BAF Database,509,H509;F509;G509,"{""BCF"": 2.5200000000000005, ""BCF Min"": null, ""BCF Max"": null}",reported_database_value,2.5200000000000005,2.52,0.4014005407815441,True,True,True,True,database_traced_primary_not_verified,False,unverified_primary_table,,Original-paper numerical cell not verified
BIO_6113,6113,BAF,CMP_8e58943e0a19095fb6f4,Kwadijk 2010,10.1021/es100485e,data/raw/ITRC_aquatic.xlsx,bfc24df5dbd2d21341a9580e5053f7a7b89c1ddea1ebe75c55407f4cee27a54d,BCF-BAF Database,509,K509;I509;J509,"{""BAF"": 331.13112148259137, ""BAF Min"": 104.71285480508998, ""BAF Max"": 1380.3842646028863}",reported_database_value,331.13112148259137,331.1311214825914,2.5200000000000005,True,True,True,True,database_traced_primary_not_verified,False,unverified_primary_table,,Original-paper numerical cell not verified
BIO_6114,6114,BAF,CMP_8e58943e0a19095fb6f4,Labadie 2011,10.1016/j.envpol.2010.10.039,data/raw/ITRC_aquatic.xlsx,bfc24df5dbd2d21341a9580e5053f7a7b89c1ddea1ebe75c55407f4cee27a54d,BCF-BAF Database,510,K510;I510;J510,"{""BAF"": 39.810717055349755, ""BAF Min"": null, ""BAF Max"": null}",reported_database_value,39.810717055349755,39.81071705534976,1.6000000000000003,True,True,True,True,database_traced_primary_not_verified,False,unverified_primary_table,,Original-paper numerical cell not verified
BIO_6117,6117,BAF,CMP_8e58943e0a19095fb6f4,Lam 2014,10.1016/j.scitotenv.2014.01.045,data/raw/ITRC_aquatic.xlsx,bfc24df5dbd2d21341a9580e5053f7a7b89c1ddea1ebe75c55407f4cee27a54d,BCF-BAF Database,514,K514;I514;J514,"{""BAF"": 855, ""BAF Min"": null, ""BAF Max"": null}",reported_database_value,855.0,855.0,2.931966114728173,True,True,True,True,database_traced_primary_not_verified,False,unverified_primary_table,,Original-paper numerical cell not verified
BIO_6126,6126,BAF,CMP_8e58943e0a19095fb6f4,Liu 2019,10.1016/j.ecoenv.2019.109454,data/raw/ITRC_aquatic.xlsx,bfc24df5dbd2d21341a9580e5053f7a7b89c1ddea1ebe75c55407f4cee27a54d,BCF-BAF Database,524,K524;I524;J524,"{""BAF"": null, ""BAF Min"": 3.87, ""BAF Max"": 533}",arithmetic_midpoint_of_reported_range,268.435,268.435,2.4288391408407497,True,True,True,True,database_traced_primary_not_verified,False,unverified_primary_table,,Original-paper numerical cell not verified
BIO_6127,6127,BAF,CMP_8e58943e0a19095fb6f4,Liu 2019,10.1016/j.ecoenv.2019.109454,data/raw/ITRC_aquatic.xlsx,bfc24df5dbd2d21341a9580e5053f7a7b89c1ddea1ebe75c55407f4cee27a54d,BCF-BAF Database,525,K525;I525;J525,"{""BAF"": null, ""BAF Min"": 92.5, ""BAF Max"": 1892}",arithmetic_midpoint_of_reported_range,992.25,992.25,2.996621107579201,True,True,True,True,database_traced_primary_not_verified,False,unverified_primary_table,,Original-paper numerical cell not verified
BIO_6128,6128,BAF,CMP_8e58943e0a19095fb6f4,Liu 2019,10.1016/j.ecoenv.2019.109454,data/raw/ITRC_aquatic.xlsx,bfc24df5dbd2d21341a9580e5053f7a7b89c1ddea1ebe75c55407f4cee27a54d,BCF-BAF Database,526,K526;I526;J526,"{""BAF"": null, ""BAF Min"": 30.1, ""BAF Max"": 229}",arithmetic_midpoint_of_reported_range,129.55,129.55,2.112437417321844,True,True,True,True,database_traced_primary_not_verified,False,unverified_primary_table,,Original-paper numerical cell not verified
BIO_6129,6129,BAF,CMP_8e58943e0a19095fb6f4,Liu 2019,10.1016/j.ecoenv.2019.109454,data/raw/ITRC_aquatic.xlsx,bfc24df5dbd2d21341a9580e5053f7a7b89c1ddea1ebe75c55407f4cee27a54d,BCF-BAF Database,527,K527;I527;J527,"{""BAF"": null, ""BAF Min"": 5.27, ""BAF Max"": 922}",arithmetic_midpoint_of_reported_range,463.635,463.635,2.6661762136011213,True,True,True,True,database_traced_primary_not_verified,False,unverified_primary_table,,Original-paper numerical cell not verified
BIO_6130,6130,BAF,CMP_8e58943e0a19095fb6f4,Liu 2019,10.1016/j.ecoenv.2019.109454,data/raw/ITRC_aquatic.xlsx,bfc24df5dbd2d21341a9580e5053f7a7b89c1ddea1ebe75c55407f4cee27a54d,BCF-BAF Database,528,K528;I528;J528,"{""BAF"": null, ""BAF Min"": 16.1, ""BAF Max"": 275}",arithmetic_midpoint_of_reported_range,145.55,145.55,2.1630122097748297,True,True,True,True,database_traced_primary_not_verified,False,unverified_primary_table,,Original-paper numerical cell not verified
BIO_6131,6131,BAF,CMP_8e58943e0a19095fb6f4,Loi 2011,10.1021/es200432n,data/raw/ITRC_aquatic.xlsx,bfc24df5dbd2d21341a9580e5053f7a7b89c1ddea1ebe75c55407f4cee27a54d,BCF-BAF Database,529,K529;I529;J529,"{""BAF"": 1650, ""BAF Min"": null, ""BAF Max"": null}",reported_database_value,1650.0,1650.0,3.2174839442139063,True,True,True,True,primary_located_not_eligible,False,verified_summary_with_LOQ_substitution,SI Table S7 PDF page 31; phytoplankton; PFNA; mean,sensitivity_only_LOQ_substitution_not_resolved_per_cell; Source explicitly substitutes half LOQ for censored concentrations; cell-specific censoring cannot be removed from summaries
BIO_6132,6132,BAF,CMP_8e58943e0a19095fb6f4,Lorenzo 2019,10.1016/j.scitotenv.2018.07.304,data/raw/ITRC_aquatic.xlsx,bfc24df5dbd2d21341a9580e5053f7a7b89c1ddea1ebe75c55407f4cee27a54d,BCF-BAF Database,530,K530;I530;J530,"{""BAF"": 143, ""BAF Min"": null, ""BAF Max"": null}",reported_database_value,143.0,143.0,2.155336037465062,True,True,True,True,database_traced_primary_not_verified,False,unverified_primary_table,,Original-paper numerical cell not verified
BIO_6139,6139,BAF,CMP_8e58943e0a19095fb6f4,Murakami 2011,10.1007/s00244-011-9660-4,data/raw/ITRC_aquatic.xlsx,bfc24df5dbd2d21341a9580e5053f7a7b89c1ddea1ebe75c55407f4cee27a54d,BCF-BAF Database,537,K537;I537;J537,"{""BAF"": 31, ""BAF Min"": null, ""BAF Max"": null}",reported_database_value,31.0,31.0,1.4913616938342726,True,True,True,True,database_traced_primary_not_verified,False,unverified_primary_table,,Original-paper numerical cell not verified
BIO_6140,6140,BAF,CMP_8e58943e0a19095fb6f4,Murakami 2011,10.1007/s00244-011-9660-4,data/raw/ITRC_aquatic.xlsx,bfc24df5dbd2d21341a9580e5053f7a7b89c1ddea1ebe75c55407f4cee27a54d,BCF-BAF Database,538,K538;I538;J538,"{""BAF"": 41, ""BAF Min"": null, ""BAF Max"": null}",reported_database_value,41.0,41.0,1.6127838567197357,True,True,True,True,database_traced_primary_not_verified,False,unverified_primary_table,,Original-paper numerical cell not verified
BIO_6141,6141,BAF,CMP_8e58943e0a19095fb6f4,Murakami 2011,10.1007/s00244-011-9660-4,data/raw/ITRC_aquatic.xlsx,bfc24df5dbd2d21341a9580e5053f7a7b89c1ddea1ebe75c55407f4cee27a54d,BCF-BAF Database,539,K539;I539;J539,"{""BAF"": 69, ""BAF Min"": null, ""BAF Max"": null}",reported_database_value,69.0,69.0,1.8388490907372552,True,True,True,True,database_traced_primary_not_verified,False,unverified_primary_table,,Original-paper numerical cell not verified
BIO_6142,6142,BAF,CMP_8e58943e0a19095fb6f4,Murakami 2011,10.1007/s00244-011-9660-4,data/raw/ITRC_aquatic.xlsx,bfc24df5dbd2d21341a9580e5053f7a7b89c1ddea1ebe75c55407f4cee27a54d,BCF-BAF Database,540,K540;I540;J540,"{""BAF"": 140, ""BAF Min"": null, ""BAF Max"": null}",reported_database_value,140.0,140.0,2.146128035678238,True,True,True,True,database_traced_primary_not_verified,False,unverified_primary_table,,Original-paper numerical cell not verified
BIO_6143,6143,BAF,CMP_8e58943e0a19095fb6f4,Naile 2013,10.1016/j.chemosphere.2012.07.033,data/raw/ITRC_aquatic.xlsx,bfc24df5dbd2d21341a9580e5053f7a7b89c1ddea1ebe75c55407f4cee27a54d,BCF-BAF Database,541,K541;I541;J541,"{""BAF"": 51.28613839913649, ""BAF Min"": null, ""BAF Max"": null}",reported_database_value,51.28613839913649,51.28613839913649,1.71,True,True,True,True,database_traced_primary_not_verified,False,unverified_primary_table,,Original-paper numerical cell not verified
BIO_6144,6144,BAF,CMP_8e58943e0a19095fb6f4,Naile 2013,10.1016/j.chemosphere.2012.07.033,data/raw/ITRC_aquatic.xlsx,bfc24df5dbd2d21341a9580e5053f7a7b89c1ddea1ebe75c55407f4cee27a54d,BCF-BAF Database,542,K542;I542;J542,"{""BAF"": 41.68693834703356, ""BAF Min"": null, ""BAF Max"": null}",reported_database_value,41.68693834703356,41.68693834703356,1.6200000000000003,True,True,True,True,database_traced_primary_not_verified,False,unverified_primary_table,,Original-paper numerical cell not verified
BIO_6145,6145,BAF,CMP_8e58943e0a19095fb6f4,Naile 2013,10.1016/j.chemosphere.2012.07.033,data/raw/ITRC_aquatic.xlsx,bfc24df5dbd2d21341a9580e5053f7a7b89c1ddea1ebe75c55407f4cee27a54d,BCF-BAF Database,543,K543;I543;J543,"{""BAF"": 7.0794578438413795, ""BAF Min"": null, ""BAF Max"": null}",reported_database_value,7.0794578438413795,7.07945784384138,0.8500000000000001,True,True,True,True,database_traced_primary_not_verified,False,unverified_primary_table,,Original-paper numerical cell not verified
BIO_6146,6146,BAF,CMP_8e58943e0a19095fb6f4,Naile 2013,10.1016/j.chemosphere.2012.07.033,data/raw/ITRC_aquatic.xlsx,bfc24df5dbd2d21341a9580e5053f7a7b89c1ddea1ebe75c55407f4cee27a54d,BCF-BAF Database,544,K544;I544;J544,"{""BAF"": 11.7489755493953, ""BAF Min"": null, ""BAF Max"": null}",reported_database_value,11.7489755493953,11.7489755493953,1.0700000000000005,True,True,True,True,database_traced_primary_not_verified,False,unverified_primary_table,,Original-paper numerical cell not verified
BIO_6147,6147,BAF,CMP_8e58943e0a19095fb6f4,Naile 2013,10.1016/j.chemosphere.2012.07.033,data/raw/ITRC_aquatic.xlsx,bfc24df5dbd2d21341a9580e5053f7a7b89c1ddea1ebe75c55407f4cee27a54d,BCF-BAF Database,545,K545;I545;J545,"{""BAF"": 29.512092266663863, ""BAF Min"": null, ""BAF Max"": null}",reported_database_value,29.512092266663863,29.51209226666386,1.47,True,True,True,True,database_traced_primary_not_verified,False,unverified_primary_table,,Original-paper numerical cell not verified
BIO_6148,6148,BAF,CMP_8e58943e0a19095fb6f4,Naile 2013,10.1016/j.chemosphere.2012.07.033,data/raw/ITRC_aquatic.xlsx,bfc24df5dbd2d21341a9580e5053f7a7b89c1ddea1ebe75c55407f4cee27a54d,BCF-BAF Database,546,K546;I546;J546,"{""BAF"": 32.35936569296283, ""BAF Min"": null, ""BAF Max"": null}",reported_database_value,32.35936569296283,32.35936569296283,1.51,True,True,True,True,database_traced_primary_not_verified,False,unverified_primary_table,,Original-paper numerical cell not verified
BIO_6149,6149,BAF,CMP_8e58943e0a19095fb6f4,Pan 2014,10.1016/j.ecoenv.2014.05.031,data/raw/ITRC_aquatic.xlsx,bfc24df5dbd2d21341a9580e5053f7a7b89c1ddea1ebe75c55407f4cee27a54d,BCF-BAF Database,547,K547;I547;J547,"{""BAF"": 63.1, ""BAF Min"": null, ""BAF Max"": null}",reported_database_value,63.1,63.1,1.8000293592441343,True,True,True,True,database_traced_primary_not_verified,False,unverified_primary_table,,Original-paper numerical cell not verified
BIO_6150,6150,BAF,CMP_8e58943e0a19095fb6f4,Pan 2019,10.3390/ijerph16101692,data/raw/ITRC_aquatic.xlsx,bfc24df5dbd2d21341a9580e5053f7a7b89c1ddea1ebe75c55407f4cee27a54d,BCF-BAF Database,548,K548;I548;J548,"{""BAF"": 2043, ""BAF Min"": 778, ""BAF Max"": 3813}",reported_database_value,2043.0,2043.0,3.310268366632448,True,True,True,True,primary_located_not_eligible,False,verified_value_basis_conflict,Main Table 4; PFNA; BAF Mean,"quarantine_basis_conflict_until_primary_clarification; Original Table 4 concentration header ng/g DW conflicts with wet-weight extraction and fish LOQ in Methods; pooled fish, not individual data"
BIO_6151,6151,BAF,CMP_8e58943e0a19095fb6f4,Wang 2013,10.1016/j.envpol.2013.04.020,data/raw/ITRC_aquatic.xlsx,bfc24df5dbd2d21341a9580e5053f7a7b89c1ddea1ebe75c55407f4cee27a54d,BCF-BAF Database,549,K549;I549;J549,"{""BAF"": 380, ""BAF Min"": null, ""BAF Max"": null}",reported_database_value,380.0,380.0,2.57978359661681,True,True,True,True,database_traced_primary_not_verified,False,unverified_primary_table,,Original-paper numerical cell not verified
BIO_6152,6152,BAF,CMP_8e58943e0a19095fb6f4,Wang 2013,10.1016/j.envpol.2013.04.020,data/raw/ITRC_aquatic.xlsx,bfc24df5dbd2d21341a9580e5053f7a7b89c1ddea1ebe75c55407f4cee27a54d,BCF-BAF Database,550,K550;I550;J550,"{""BAF"": 2000, ""BAF Min"": null, ""BAF Max"": null}",reported_database_value,2000.0,2000.0,3.3010299956639813,True,True,True,True,database_traced_primary_not_verified,False,unverified_primary_table,,Original-paper numerical cell not verified
BIO_6153,6153,BAF,CMP_8e58943e0a19095fb6f4,Wang 2013,10.1016/j.envpol.2013.04.020,data/raw/ITRC_aquatic.xlsx,bfc24df5dbd2d21341a9580e5053f7a7b89c1ddea1ebe75c55407f4cee27a54d,BCF-BAF Database,551,K551;I551;J551,"{""BAF"": 140, ""BAF Min"": null, ""BAF Max"": null}",reported_database_value,140.0,140.0,2.146128035678238,True,True,True,True,database_traced_primary_not_verified,False,unverified_primary_table,,Original-paper numerical cell not verified
BIO_6154,6154,BAF,CMP_8e58943e0a19095fb6f4,Wang 2013,10.1016/j.envpol.2013.04.020,data/raw/ITRC_aquatic.xlsx,bfc24df5dbd2d21341a9580e5053f7a7b89c1ddea1ebe75c55407f4cee27a54d,BCF-BAF Database,552,K552;I552;J552,"{""BAF"": 3400, ""BAF Min"": null, ""BAF Max"": null}",reported_database_value,3400.0,3400.0,3.531478917042256,True,True,True,True,database_traced_primary_not_verified,False,unverified_primary_table,,Original-paper numerical cell not verified
BIO_6155,6155,BAF,CMP_8e58943e0a19095fb6f4,Wang 2013,10.1016/j.envpol.2013.04.020,data/raw/ITRC_aquatic.xlsx,bfc24df5dbd2d21341a9580e5053f7a7b89c1ddea1ebe75c55407f4cee27a54d,BCF-BAF Database,553,K553;I553;J553,"{""BAF"": 930, ""BAF Min"": null, ""BAF Max"": null}",reported_database_value,930.0,930.0,2.9684829485539352,True,True,True,True,database_traced_primary_not_verified,False,unverified_primary_table,,Original-paper numerical cell not verified
BIO_6156,6156,BAF,CMP_8e58943e0a19095fb6f4,Zhang 2018,10.1007/s00128-018-2381-x,data/raw/ITRC_aquatic.xlsx,bfc24df5dbd2d21341a9580e5053f7a7b89c1ddea1ebe75c55407f4cee27a54d,BCF-BAF Database,554,K554;I554;J554,"{""BAF"": 800, ""BAF Min"": null, ""BAF Max"": null}",reported_database_value,800.0,800.0,2.903089986991944,True,True,True,True,database_traced_primary_not_verified,False,unverified_primary_table,,Original-paper numerical cell not verified
BIO_6157,6157,BAF,CMP_d156c7f61581a866704b,Ahrens 2015,10.1016/j.chemosphere.2014.03.136,data/raw/ITRC_aquatic.xlsx,bfc24df5dbd2d21341a9580e5053f7a7b89c1ddea1ebe75c55407f4cee27a54d,BCF-BAF Database,555,K555;I555;J555,"{""BAF"": 1, ""BAF Min"": 0.9, ""BAF Max"": 1.1}",reported_database_value,1.0,1.0,0.0,True,True,True,True,database_traced_primary_not_verified,False,unverified_primary_table,,Original-paper numerical cell not verified
BIO_6158,6158,BAF,CMP_d156c7f61581a866704b,Ahrens 2015,10.1016/j.chemosphere.2014.03.136,data/raw/ITRC_aquatic.xlsx,bfc24df5dbd2d21341a9580e5053f7a7b89c1ddea1ebe75c55407f4cee27a54d,BCF-BAF Database,556,K556;I556;J556,"{""BAF"": 37, ""BAF Min"": 1, ""BAF Max"": 75}",reported_database_value,37.0,37.0,1.568201724066995,True,True,True,True,database_traced_primary_not_verified,False,unverified_primary_table,,Original-paper numerical cell not verified
BIO_6159,6159,BAF,CMP_d156c7f61581a866704b,Ahrens 2015,10.1016/j.chemosphere.2014.03.136,data/raw/ITRC_aquatic.xlsx,bfc24df5dbd2d21341a9580e5053f7a7b89c1ddea1ebe75c55407f4cee27a54d,BCF-BAF Database,557,K557;I557;J557,"{""BAF"": 7.1, ""BAF Min"": 5, ""BAF Max"": 9.1}",reported_database_value,7.1,7.1,0.8512583487190752,True,True,True,True,database_traced_primary_not_verified,False,unverified_primary_table,,Original-paper numerical cell not verified
BIO_6160,6160,BAF,CMP_d156c7f61581a866704b,Ahrens 2015,10.1016/j.chemosphere.2014.03.136,data/raw/ITRC_aquatic.xlsx,bfc24df5dbd2d21341a9580e5053f7a7b89c1ddea1ebe75c55407f4cee27a54d,BCF-BAF Database,558,K558;I558;J558,"{""BAF"": 3.1, ""BAF Min"": 1.2, ""BAF Max"": 5.1}",reported_database_value,3.1,3.1,0.4913616938342727,True,True,True,True,database_traced_primary_not_verified,False,unverified_primary_table,,Original-paper numerical cell not verified
BIO_6161,6161,BAF,CMP_d156c7f61581a866704b,Ahrens 2015,10.1016/j.chemosphere.2014.03.136,data/raw/ITRC_aquatic.xlsx,bfc24df5dbd2d21341a9580e5053f7a7b89c1ddea1ebe75c55407f4cee27a54d,BCF-BAF Database,559,K559;I559;J559,"{""BAF"": 4.4, ""BAF Min"": 1.9, ""BAF Max"": 7}",reported_database_value,4.4,4.4,0.6434526764861874,True,True,True,True,database_traced_primary_not_verified,False,unverified_primary_table,,Original-paper numerical cell not verified
BIO_6162,6162,BAF,CMP_d156c7f61581a866704b,Ahrens 2015,10.1016/j.chemosphere.2014.03.136,data/raw/ITRC_aquatic.xlsx,bfc24df5dbd2d21341a9580e5053f7a7b89c1ddea1ebe75c55407f4cee27a54d,BCF-BAF Database,560,K560;I560;J560,"{""BAF"": 14, ""BAF Min"": 6.9, ""BAF Max"": 18}",reported_database_value,14.0,14.0,1.146128035678238,True,True,True,True,database_traced_primary_not_verified,False,unverified_primary_table,,Original-paper numerical cell not verified
BIO_6163,6163,BAF,CMP_d156c7f61581a866704b,Awad 2011,10.1021/es2001985,data/raw/ITRC_aquatic.xlsx,bfc24df5dbd2d21341a9580e5053f7a7b89c1ddea1ebe75c55407f4cee27a54d,BCF-BAF Database,561,K561;I561;J561,"{""BAF"": 7.5857757502918375, ""BAF Min"": 2.5118864315095806, ""BAF Max"": 15.135612484362087}",reported_database_value,7.5857757502918375,7.585775750291837,0.8799999999999999,True,True,True,True,database_traced_primary_not_verified,False,unverified_primary_table,,Original-paper numerical cell not verified
BIO_6164,6164,BAF,CMP_d156c7f61581a866704b,Awad 2011,10.1021/es2001985,data/raw/ITRC_aquatic.xlsx,bfc24df5dbd2d21341a9580e5053f7a7b89c1ddea1ebe75c55407f4cee27a54d,BCF-BAF Database,562,K562;I562;J562,"{""BAF"": 24.547089156850305, ""BAF Min"": 7.76247116628692, ""BAF Max"": 107.15193052376065}",reported_database_value,24.547089156850305,24.5470891568503,1.39,True,True,True,True,database_traced_primary_not_verified,False,unverified_primary_table,,Original-paper numerical cell not verified
BIO_6175,6175,BCF,CMP_d156c7f61581a866704b,Chen 2016,10.1016/j.scitotenv.2016.05.215,data/raw/ITRC_aquatic.xlsx,bfc24df5dbd2d21341a9580e5053f7a7b89c1ddea1ebe75c55407f4cee27a54d,BCF-BAF Database,573,H573;F573;G573,"{""BCF"": 616.6, ""BCF Min"": null, ""BCF Max"": null}",reported_database_value,616.6,616.6,2.7900035203904894,True,True,True,True,primary_located_not_eligible,False,verified_plasma_unit_mismatch,Table S9 row 8 column 7; plasma-low; pfoa; logBCFss,Plasma ratios are dimensionless and incompatible with mass-based L/kg regression
BIO_6176,6176,BCF,CMP_d156c7f61581a866704b,Chen 2016,10.1016/j.scitotenv.2016.05.215,data/raw/ITRC_aquatic.xlsx,bfc24df5dbd2d21341a9580e5053f7a7b89c1ddea1ebe75c55407f4cee27a54d,BCF-BAF Database,574,H574;F574;G574,"{""BCF"": 281.84, ""BCF Min"": null, ""BCF Max"": null}",reported_database_value,281.84,281.84,2.450002630173186,True,True,True,True,primary_located_not_eligible,False,verified_plasma_unit_mismatch,Table S9 row 30 column 7; plasma-high; pfoa; logBCFss,Plasma ratios are dimensionless and incompatible with mass-based L/kg regression
BIO_6177,6177,BCF,CMP_d156c7f61581a866704b,Chen 2016,10.1016/j.scitotenv.2016.05.215,data/raw/ITRC_aquatic.xlsx,bfc24df5dbd2d21341a9580e5053f7a7b89c1ddea1ebe75c55407f4cee27a54d,BCF-BAF Database,575,H575;F575;G575,"{""BCF"": 245.47, ""BCF Min"": null, ""BCF Max"": null}",reported_database_value,245.47,245.47,2.39,True,True,True,True,primary_included,True,verified_tissue_BCF_summary,Table S9 row 52 column 7; liver-low; pfoa; logBCFss,Source-qualified endpoint and value under frozen eligibility criteria
BIO_6178,6178,BCF,CMP_d156c7f61581a866704b,Chen 2016,10.1016/j.scitotenv.2016.05.215,data/raw/ITRC_aquatic.xlsx,bfc24df5dbd2d21341a9580e5053f7a7b89c1ddea1ebe75c55407f4cee27a54d,BCF-BAF Database,576,H576;F576;G576,"{""BCF"": 269.15, ""BCF Min"": null, ""BCF Max"": null}",reported_database_value,269.15,269.15,2.43,True,True,True,True,primary_included,True,verified_tissue_BCF_summary,Table S9 row 74 column 7; liver-high; pfoa; logBCFss,Source-qualified endpoint and value under frozen eligibility criteria
BIO_6179,6179,BCF,CMP_d156c7f61581a866704b,Chen 2016,10.1016/j.scitotenv.2016.05.215,data/raw/ITRC_aquatic.xlsx,bfc24df5dbd2d21341a9580e5053f7a7b89c1ddea1ebe75c55407f4cee27a54d,BCF-BAF Database,577,H577;F577;G577,"{""BCF"": 33.11, ""BCF Min"": null, ""BCF Max"": null}",reported_database_value,33.11,33.11,1.52,True,True,True,True,primary_included,True,verified_tissue_BCF_summary,Table S9 row 96 column 7; muscle-low; pfoa; logBCFss,Source-qualified endpoint and value under frozen eligibility criteria
BIO_6181,6181,BCF,CMP_d156c7f61581a866704b,Chen 2016,10.1016/j.scitotenv.2016.05.215,data/raw/ITRC_aquatic.xlsx,bfc24df5dbd2d21341a9580e5053f7a7b89c1ddea1ebe75c55407f4cee27a54d,BCF-BAF Database,579,H579;F579;G579,"{""BCF"": 173.78, ""BCF Min"": null, ""BCF Max"": null}",reported_database_value,173.78,173.78,2.24,True,True,True,True,primary_included,True,verified_tissue_BCF_summary,Table S9 row 140 column 7; ovary-low; pfoa; logBCFss,Source-qualified endpoint and value under frozen eligibility criteria
BIO_6182,6182,BCF,CMP_d156c7f61581a866704b,Chen 2016,10.1016/j.scitotenv.2016.05.215,data/raw/ITRC_aquatic.xlsx,bfc24df5dbd2d21341a9580e5053f7a7b89c1ddea1ebe75c55407f4cee27a54d,BCF-BAF Database,580,H580;F580;G580,"{""BCF"": 104.71, ""BCF Min"": null, ""BCF Max"": null}",reported_database_value,104.71,104.71,2.02,True,True,True,True,primary_included,True,verified_tissue_BCF_summary,Table S9 row 162 column 7; ovary-high; pfoa; logBCFss,Source-qualified endpoint and value under frozen eligibility criteria
BIO_6183,6183,BCF,CMP_d156c7f61581a866704b,Chen 2016,10.1016/j.scitotenv.2016.05.215,data/raw/ITRC_aquatic.xlsx,bfc24df5dbd2d21341a9580e5053f7a7b89c1ddea1ebe75c55407f4cee27a54d,BCF-BAF Database,581,H581;F581;G581,"{""BCF"": 100, ""BCF Min"": null, ""BCF Max"": null}",reported_database_value,100.0,100.0,2.0,True,True,True,True,database_traced_primary_not_verified,False,unverified_primary_table,,Original-paper numerical cell not verified
BIO_6184,6184,BCF,CMP_d156c7f61581a866704b,Chen 2016,10.1016/j.scitotenv.2016.05.215,data/raw/ITRC_aquatic.xlsx,bfc24df5dbd2d21341a9580e5053f7a7b89c1ddea1ebe75c55407f4cee27a54d,BCF-BAF Database,582,H582;F582;G582,"{""BCF"": 70.79, ""BCF Min"": null, ""BCF Max"": null}",reported_database_value,70.79,70.79,1.8499719123288505,True,True,True,True,database_traced_primary_not_verified,False,unverified_primary_table,,Original-paper numerical cell not verified
BIO_6185,6185,BCF,CMP_d156c7f61581a866704b,Dai 2013,10.1016/j.chemosphere.2012.08.026,data/raw/ITRC_aquatic.xlsx,bfc24df5dbd2d21341a9580e5053f7a7b89c1ddea1ebe75c55407f4cee27a54d,BCF-BAF Database,583,H583;F583;G583,"{""BCF"": 89, ""BCF Min"": null, ""BCF Max"": null}",reported_database_value,89.0,89.0,1.9493900066449128,True,True,True,True,database_traced_primary_not_verified,False,unverified_primary_table,,Original-paper numerical cell not verified
BIO_6190,6190,BAF,CMP_d156c7f61581a866704b,Furdui 2007,10.1021/es0620484,data/raw/ITRC_aquatic.xlsx,bfc24df5dbd2d21341a9580e5053f7a7b89c1ddea1ebe75c55407f4cee27a54d,BCF-BAF Database,588,K588;I588;J588,"{""BAF"": 1995.2623149688804, ""BAF Min"": null, ""BAF Max"": null}",reported_database_value,1995.2623149688804,1995.26231496888,3.3000000000000003,True,True,True,True,database_traced_primary_not_verified,False,unverified_primary_table,,Original-paper numerical cell not verified
BIO_6191,6191,BAF,CMP_d156c7f61581a866704b,Furdui 2007,10.1021/es0620484,data/raw/ITRC_aquatic.xlsx,bfc24df5dbd2d21341a9580e5053f7a7b89c1ddea1ebe75c55407f4cee27a54d,BCF-BAF Database,589,K589;I589;J589,"{""BAF"": 3981.071705534977, ""BAF Min"": null, ""BAF Max"": null}",reported_database_value,3981.071705534977,3981.071705534977,3.6000000000000005,True,True,True,True,database_traced_primary_not_verified,False,unverified_primary_table,,Original-paper numerical cell not verified
BIO_6192,6192,BAF,CMP_d156c7f61581a866704b,Furdui 2007,10.1021/es0620484,data/raw/ITRC_aquatic.xlsx,bfc24df5dbd2d21341a9580e5053f7a7b89c1ddea1ebe75c55407f4cee27a54d,BCF-BAF Database,590,K590;I590;J590,"{""BAF"": 794.3282347242821, ""BAF Min"": null, ""BAF Max"": null}",reported_database_value,794.3282347242821,794.3282347242821,2.9000000000000004,True,True,True,True,database_traced_primary_not_verified,False,unverified_primary_table,,Original-paper numerical cell not verified
BIO_6193,6193,BAF,CMP_d156c7f61581a866704b,Furdui 2007,10.1021/es0620484,data/raw/ITRC_aquatic.xlsx,bfc24df5dbd2d21341a9580e5053f7a7b89c1ddea1ebe75c55407f4cee27a54d,BCF-BAF Database,591,K591;I591;J591,"{""BAF"": 398.1071705534976, ""BAF Min"": null, ""BAF Max"": null}",reported_database_value,398.1071705534976,398.1071705534976,2.6000000000000005,True,True,True,True,database_traced_primary_not_verified,False,unverified_primary_table,,Original-paper numerical cell not verified
BIO_6194,6194,BAF,CMP_d156c7f61581a866704b,Furdui 2007,10.1021/es0620484,data/raw/ITRC_aquatic.xlsx,bfc24df5dbd2d21341a9580e5053f7a7b89c1ddea1ebe75c55407f4cee27a54d,BCF-BAF Database,592,K592;I592;J592,"{""BAF"": 2511.886431509581, ""BAF Min"": null, ""BAF Max"": null}",reported_database_value,2511.886431509581,2511.886431509581,3.4000000000000004,True,True,True,True,database_traced_primary_not_verified,False,unverified_primary_table,,Original-paper numerical cell not verified
BIO_6195,6195,BAF,CMP_d156c7f61581a866704b,Gebbink 2016,10.1021/acs.est.6b01197,data/raw/ITRC_aquatic.xlsx,bfc24df5dbd2d21341a9580e5053f7a7b89c1ddea1ebe75c55407f4cee27a54d,BCF-BAF Database,593,K593;I593;J593,"{""BAF"": 218.77616239495524, ""BAF Min"": null, ""BAF Max"": null}",reported_database_value,218.77616239495524,218.7761623949552,2.34,True,True,True,True,primary_included,True,verified_summary,SI Table S9 PDF page 16; PFOA; herring,Source-qualified endpoint and value under frozen eligibility criteria
BIO_6196,6196,BAF,CMP_d156c7f61581a866704b,Gebbink 2016,10.1021/acs.est.6b01197,data/raw/ITRC_aquatic.xlsx,bfc24df5dbd2d21341a9580e5053f7a7b89c1ddea1ebe75c55407f4cee27a54d,BCF-BAF Database,594,K594;I594;J594,"{""BAF"": 199.52623149688802, ""BAF Min"": null, ""BAF Max"": null}",reported_database_value,199.52623149688802,199.526231496888,2.3000000000000003,True,True,True,True,primary_included,True,verified_summary,SI Table S9 PDF page 16; PFOA; zooplankton,Source-qualified endpoint and value under frozen eligibility criteria
BIO_6197,6197,BAF,CMP_d156c7f61581a866704b,Gebbink 2016,10.1021/acs.est.6b01197,data/raw/ITRC_aquatic.xlsx,bfc24df5dbd2d21341a9580e5053f7a7b89c1ddea1ebe75c55407f4cee27a54d,BCF-BAF Database,595,K595;I595;J595,"{""BAF"": 331.13112148259137, ""BAF Min"": null, ""BAF Max"": null}",reported_database_value,331.13112148259137,331.1311214825914,2.5200000000000005,True,True,True,True,primary_included,True,verified_summary,SI Table S9 PDF page 16; PFOA; sprat,Source-qualified endpoint and value under frozen eligibility criteria
BIO_6199,6199,BAF,CMP_d156c7f61581a866704b,Khairy 2019,10.1002/etc.4354,data/raw/ITRC_aquatic.xlsx,bfc24df5dbd2d21341a9580e5053f7a7b89c1ddea1ebe75c55407f4cee27a54d,BCF-BAF Database,597,K597;I597;J597,"{""BAF"": 1125, ""BAF Min"": null, ""BAF Max"": null}",reported_database_value,1125.0,1125.0,3.051152522447381,True,True,True,True,database_traced_primary_not_verified,False,unverified_primary_table,,Original-paper numerical cell not verified
BIO_6200,6200,BAF,CMP_d156c7f61581a866704b,Khairy 2019,10.1002/etc.4354,data/raw/ITRC_aquatic.xlsx,bfc24df5dbd2d21341a9580e5053f7a7b89c1ddea1ebe75c55407f4cee27a54d,BCF-BAF Database,598,K598;I598;J598,"{""BAF"": 600, ""BAF Min"": null, ""BAF Max"": null}",reported_database_value,600.0,600.0,2.778151250383644,True,True,True,True,database_traced_primary_not_verified,False,unverified_primary_table,,Original-paper numerical cell not verified
BIO_6201,6201,BAF,CMP_d156c7f61581a866704b,Khairy 2019,10.1002/etc.4354,data/raw/ITRC_aquatic.xlsx,bfc24df5dbd2d21341a9580e5053f7a7b89c1ddea1ebe75c55407f4cee27a54d,BCF-BAF Database,599,K599;I599;J599,"{""BAF"": 925, ""BAF Min"": null, ""BAF Max"": null}",reported_database_value,925.0,925.0,2.9661417327390325,True,True,True,True,database_traced_primary_not_verified,False,unverified_primary_table,,Original-paper numerical cell not verified
BIO_6202,6202,BAF,CMP_d156c7f61581a866704b,Khairy 2019,10.1002/etc.4354,data/raw/ITRC_aquatic.xlsx,bfc24df5dbd2d21341a9580e5053f7a7b89c1ddea1ebe75c55407f4cee27a54d,BCF-BAF Database,600,K600;I600;J600,"{""BAF"": 650, ""BAF Min"": null, ""BAF Max"": null}",reported_database_value,650.0,650.0,2.812913356642856,True,True,True,True,database_traced_primary_not_verified,False,unverified_primary_table,,Original-paper numerical cell not verified
BIO_6203,6203,BAF,CMP_d156c7f61581a866704b,Khairy 2019,10.1002/etc.4354,data/raw/ITRC_aquatic.xlsx,bfc24df5dbd2d21341a9580e5053f7a7b89c1ddea1ebe75c55407f4cee27a54d,BCF-BAF Database,601,K601;I601;J601,"{""BAF"": 875, ""BAF Min"": null, ""BAF Max"": null}",reported_database_value,875.0,875.0,2.942008053022313,True,True,True,True,database_traced_primary_not_verified,False,unverified_primary_table,,Original-paper numerical cell not verified
BIO_6204,6204,BAF,CMP_d156c7f61581a866704b,Khairy 2019,10.1002/etc.4354,data/raw/ITRC_aquatic.xlsx,bfc24df5dbd2d21341a9580e5053f7a7b89c1ddea1ebe75c55407f4cee27a54d,BCF-BAF Database,602,K602;I602;J602,"{""BAF"": 700, ""BAF Min"": null, ""BAF Max"": null}",reported_database_value,700.0,700.0,2.845098040014257,True,True,True,True,database_traced_primary_not_verified,False,unverified_primary_table,,Original-paper numerical cell not verified
BIO_6205,6205,BAF,CMP_d156c7f61581a866704b,Khairy 2019,10.1002/etc.4354,data/raw/ITRC_aquatic.xlsx,bfc24df5dbd2d21341a9580e5053f7a7b89c1ddea1ebe75c55407f4cee27a54d,BCF-BAF Database,603,K603;I603;J603,"{""BAF"": 625, ""BAF Min"": null, ""BAF Max"": null}",reported_database_value,625.0,625.0,2.7958800173440754,True,True,True,True,database_traced_primary_not_verified,False,unverified_primary_table,,Original-paper numerical cell not verified
BIO_6206,6206,BAF,CMP_d156c7f61581a866704b,Khairy 2019,10.1002/etc.4354,data/raw/ITRC_aquatic.xlsx,bfc24df5dbd2d21341a9580e5053f7a7b89c1ddea1ebe75c55407f4cee27a54d,BCF-BAF Database,604,K604;I604;J604,"{""BAF"": 475, ""BAF Min"": null, ""BAF Max"": null}",reported_database_value,475.0,475.0,2.676693609624867,True,True,True,True,database_traced_primary_not_verified,False,unverified_primary_table,,Original-paper numerical cell not verified
BIO_6207,6207,BAF,CMP_d156c7f61581a866704b,Khairy 2019,10.1002/etc.4354,data/raw/ITRC_aquatic.xlsx,bfc24df5dbd2d21341a9580e5053f7a7b89c1ddea1ebe75c55407f4cee27a54d,BCF-BAF Database,605,K605;I605;J605,"{""BAF"": 575, ""BAF Min"": null, ""BAF Max"": null}",reported_database_value,575.0,575.0,2.7596678446896306,True,True,True,True,database_traced_primary_not_verified,False,unverified_primary_table,,Original-paper numerical cell not verified
BIO_6208,6208,BAF,CMP_d156c7f61581a866704b,Khairy 2019,10.1002/etc.4354,data/raw/ITRC_aquatic.xlsx,bfc24df5dbd2d21341a9580e5053f7a7b89c1ddea1ebe75c55407f4cee27a54d,BCF-BAF Database,606,K606;I606;J606,"{""BAF"": 650, ""BAF Min"": null, ""BAF Max"": null}",reported_database_value,650.0,650.0,2.812913356642856,True,True,True,True,database_traced_primary_not_verified,False,unverified_primary_table,,Original-paper numerical cell not verified
BIO_6209,6209,BAF,CMP_d156c7f61581a866704b,Kobayashi 2018,10.1007/s00128-018-2282-z,data/raw/ITRC_aquatic.xlsx,bfc24df5dbd2d21341a9580e5053f7a7b89c1ddea1ebe75c55407f4cee27a54d,BCF-BAF Database,607,K607;I607;J607,"{""BAF"": 2441.176470588235, ""BAF Min"": null, ""BAF Max"": null}",reported_database_value,2441.176470588235,2441.176470588235,3.387599175333819,True,True,True,True,database_traced_primary_not_verified,False,unverified_primary_table,,Original-paper numerical cell not verified
BIO_6210,6210,BAF,CMP_d156c7f61581a866704b,Kobayashi 2018,10.1007/s00128-018-2282-z,data/raw/ITRC_aquatic.xlsx,bfc24df5dbd2d21341a9580e5053f7a7b89c1ddea1ebe75c55407f4cee27a54d,BCF-BAF Database,608,K608;I608;J608,"{""BAF"": 155.88235294117646, ""BAF Min"": null, ""BAF Max"": null}",reported_database_value,155.88235294117646,155.8823529411765,2.192796952558534,True,True,True,True,database_traced_primary_not_verified,False,unverified_primary_table,,Original-paper numerical cell not verified
BIO_6211,6211,BAF,CMP_d156c7f61581a866704b,Kobayashi 2018,10.1007/s00128-018-2282-z,data/raw/ITRC_aquatic.xlsx,bfc24df5dbd2d21341a9580e5053f7a7b89c1ddea1ebe75c55407f4cee27a54d,BCF-BAF Database,609,K609;I609;J609,"{""BAF"": 267.6470588235294, ""BAF Min"": null, ""BAF Max"": null}",reported_database_value,267.6470588235294,267.6470588235294,2.4275624752788385,True,True,True,True,database_traced_primary_not_verified,False,unverified_primary_table,,Original-paper numerical cell not verified
BIO_6212,6212,BAF,CMP_d156c7f61581a866704b,Kobayashi 2018,10.1007/s00128-018-2282-z,data/raw/ITRC_aquatic.xlsx,bfc24df5dbd2d21341a9580e5053f7a7b89c1ddea1ebe75c55407f4cee27a54d,BCF-BAF Database,610,K610;I610;J610,"{""BAF"": 294.11764705882354, ""BAF Min"": null, ""BAF Max"": null}",reported_database_value,294.11764705882354,294.1176470588235,2.4685210829577446,True,True,True,True,database_traced_primary_not_verified,False,unverified_primary_table,,Original-paper numerical cell not verified
BIO_6213,6213,BAF,CMP_d156c7f61581a866704b,Kobayashi 2018,10.1007/s00128-018-2282-z,data/raw/ITRC_aquatic.xlsx,bfc24df5dbd2d21341a9580e5053f7a7b89c1ddea1ebe75c55407f4cee27a54d,BCF-BAF Database,611,K611;I611;J611,"{""BAF"": 382.3529411764706, ""BAF Min"": null, ""BAF Max"": null}",reported_database_value,382.3529411764706,382.3529411764706,2.5824644352645816,True,True,True,True,database_traced_primary_not_verified,False,unverified_primary_table,,Original-paper numerical cell not verified
BIO_6214,6214,BCF,CMP_d156c7f61581a866704b,Kwadijk 2010,10.1021/es100485e,data/raw/ITRC_aquatic.xlsx,bfc24df5dbd2d21341a9580e5053f7a7b89c1ddea1ebe75c55407f4cee27a54d,BCF-BAF Database,612,H612;F612;G612,"{""BCF"": 1.09, ""BCF Min"": null, ""BCF Max"": null}",reported_database_value,1.09,1.09,0.0374264979406236,True,True,True,True,database_traced_primary_not_verified,False,unverified_primary_table,,Original-paper numerical cell not verified
BIO_6215,6215,BAF,CMP_d156c7f61581a866704b,Kwadijk 2010,10.1021/es100485e,data/raw/ITRC_aquatic.xlsx,bfc24df5dbd2d21341a9580e5053f7a7b89c1ddea1ebe75c55407f4cee27a54d,BCF-BAF Database,612,K612;I612;J612,"{""BAF"": 12.302687708123818, ""BAF Min"": 6.606934480075961, ""BAF Max"": 26.91534803926916}",reported_database_value,12.302687708123818,12.30268770812382,1.09,True,True,True,True,database_traced_primary_not_verified,False,unverified_primary_table,,Original-paper numerical cell not verified
BIO_6226,6226,BAF,CMP_d156c7f61581a866704b,Liu 2019,10.1016/j.ecoenv.2019.109454,data/raw/ITRC_aquatic.xlsx,bfc24df5dbd2d21341a9580e5053f7a7b89c1ddea1ebe75c55407f4cee27a54d,BCF-BAF Database,626,K626;I626;J626,"{""BAF"": null, ""BAF Min"": 0.12, ""BAF Max"": 2.62}",arithmetic_midpoint_of_reported_range,1.37,1.37,0.1367205671564068,True,True,True,True,database_traced_primary_not_verified,False,unverified_primary_table,,Original-paper numerical cell not verified
BIO_6227,6227,BAF,CMP_d156c7f61581a866704b,Liu 2019,10.1016/j.ecoenv.2019.109454,data/raw/ITRC_aquatic.xlsx,bfc24df5dbd2d21341a9580e5053f7a7b89c1ddea1ebe75c55407f4cee27a54d,BCF-BAF Database,627,K627;I627;J627,"{""BAF"": null, ""BAF Min"": 0.58, ""BAF Max"": 11.3}",arithmetic_midpoint_of_reported_range,5.94,5.94,0.7737864449811935,True,True,True,True,database_traced_primary_not_verified,False,unverified_primary_table,,Original-paper numerical cell not verified
BIO_6228,6228,BAF,CMP_d156c7f61581a866704b,Liu 2019,10.1016/j.ecoenv.2019.109454,data/raw/ITRC_aquatic.xlsx,bfc24df5dbd2d21341a9580e5053f7a7b89c1ddea1ebe75c55407f4cee27a54d,BCF-BAF Database,628,K628;I628;J628,"{""BAF"": null, ""BAF Min"": 1.64, ""BAF Max"": 13.9}",arithmetic_midpoint_of_reported_range,7.7700000000000005,7.77,0.8904210188009143,True,True,True,True,database_traced_primary_not_verified,False,unverified_primary_table,,Original-paper numerical cell not verified
BIO_6229,6229,BAF,CMP_d156c7f61581a866704b,Liu 2019,10.1016/j.ecoenv.2019.109454,data/raw/ITRC_aquatic.xlsx,bfc24df5dbd2d21341a9580e5053f7a7b89c1ddea1ebe75c55407f4cee27a54d,BCF-BAF Database,629,K629;I629;J629,"{""BAF"": null, ""BAF Min"": 0.12, ""BAF Max"": 8.07}",arithmetic_midpoint_of_reported_range,4.095,4.095,0.6122539060964373,True,True,True,True,database_traced_primary_not_verified,False,unverified_primary_table,,Original-paper numerical cell not verified
BIO_6230,6230,BAF,CMP_d156c7f61581a866704b,Liu 2019,10.1016/j.ecoenv.2019.109454,data/raw/ITRC_aquatic.xlsx,bfc24df5dbd2d21341a9580e5053f7a7b89c1ddea1ebe75c55407f4cee27a54d,BCF-BAF Database,630,K630;I630;J630,"{""BAF"": null, ""BAF Min"": 0.14, ""BAF Max"": 1.49}",arithmetic_midpoint_of_reported_range,0.815,0.815,-0.0888423912600234,True,True,True,True,database_traced_primary_not_verified,False,unverified_primary_table,,Original-paper numerical cell not verified
BIO_6231,6231,BAF,CMP_d156c7f61581a866704b,Loi 2011,10.1021/es200432n,data/raw/ITRC_aquatic.xlsx,bfc24df5dbd2d21341a9580e5053f7a7b89c1ddea1ebe75c55407f4cee27a54d,BCF-BAF Database,631,K631;I631;J631,"{""BAF"": 292, ""BAF Min"": null, ""BAF Max"": null}",reported_database_value,292.0,292.0,2.4653828514484184,True,True,True,True,primary_located_not_eligible,False,verified_summary_with_LOQ_substitution,SI Table S7 PDF page 31; phytoplankton; PFOA; mean,sensitivity_only_LOQ_substitution_not_resolved_per_cell; Source explicitly substitutes half LOQ for censored concentrations; cell-specific censoring cannot be removed from summaries
BIO_6232,6232,BCF,CMP_d156c7f61581a866704b,Martin 2003a,10.1002/etc.5620220126,data/raw/ITRC_aquatic.xlsx,bfc24df5dbd2d21341a9580e5053f7a7b89c1ddea1ebe75c55407f4cee27a54d,BCF-BAF Database,632,H632;F632;G632,"{""BCF"": 4, ""BCF Min"": null, ""BCF Max"": null}",reported_database_value,4.0,4.0,0.6020599913279624,True,True,True,True,database_traced_primary_not_verified,False,unverified_primary_table,,Original-paper numerical cell not verified
BIO_6233,6233,BCF,CMP_d156c7f61581a866704b,Martin 2003a,10.1002/etc.5620220126,data/raw/ITRC_aquatic.xlsx,bfc24df5dbd2d21341a9580e5053f7a7b89c1ddea1ebe75c55407f4cee27a54d,BCF-BAF Database,633,H633;F633;G633,"{""BCF"": 27, ""BCF Min"": null, ""BCF Max"": null}",reported_database_value,27.0,27.0,1.4313637641589874,True,True,True,True,database_traced_primary_not_verified,False,unverified_primary_table,,Original-paper numerical cell not verified
BIO_6234,6234,BCF,CMP_d156c7f61581a866704b,Martin 2003a,10.1002/etc.5620220126,data/raw/ITRC_aquatic.xlsx,bfc24df5dbd2d21341a9580e5053f7a7b89c1ddea1ebe75c55407f4cee27a54d,BCF-BAF Database,634,H634;F634;G634,"{""BCF"": 8, ""BCF Min"": null, ""BCF Max"": null}",reported_database_value,8.0,8.0,0.9030899869919436,True,True,True,True,database_traced_primary_not_verified,False,unverified_primary_table,,Original-paper numerical cell not verified
BIO_6241,6241,BAF,CMP_d156c7f61581a866704b,Murakami 2011,10.1007/s00244-011-9660-4,data/raw/ITRC_aquatic.xlsx,bfc24df5dbd2d21341a9580e5053f7a7b89c1ddea1ebe75c55407f4cee27a54d,BCF-BAF Database,641,K641;I641;J641,"{""BAF"": 11, ""BAF Min"": null, ""BAF Max"": null}",reported_database_value,11.0,11.0,1.0413926851582251,True,True,True,True,database_traced_primary_not_verified,False,unverified_primary_table,,Original-paper numerical cell not verified
BIO_6242,6242,BAF,CMP_d156c7f61581a866704b,Murakami 2011,10.1007/s00244-011-9660-4,data/raw/ITRC_aquatic.xlsx,bfc24df5dbd2d21341a9580e5053f7a7b89c1ddea1ebe75c55407f4cee27a54d,BCF-BAF Database,642,K642;I642;J642,"{""BAF"": 15, ""BAF Min"": null, ""BAF Max"": null}",reported_database_value,15.0,15.0,1.1760912590556811,True,True,True,True,database_traced_primary_not_verified,False,unverified_primary_table,,Original-paper numerical cell not verified
BIO_6243,6243,BAF,CMP_d156c7f61581a866704b,Naile 2013,10.1016/j.chemosphere.2012.07.033,data/raw/ITRC_aquatic.xlsx,bfc24df5dbd2d21341a9580e5053f7a7b89c1ddea1ebe75c55407f4cee27a54d,BCF-BAF Database,643,K643;I643;J643,"{""BAF"": 29.512092266663863, ""BAF Min"": null, ""BAF Max"": null}",reported_database_value,29.512092266663863,29.51209226666386,1.47,True,True,True,True,database_traced_primary_not_verified,False,unverified_primary_table,,Original-paper numerical cell not verified
BIO_6244,6244,BAF,CMP_d156c7f61581a866704b,Naile 2013,10.1016/j.chemosphere.2012.07.033,data/raw/ITRC_aquatic.xlsx,bfc24df5dbd2d21341a9580e5053f7a7b89c1ddea1ebe75c55407f4cee27a54d,BCF-BAF Database,644,K644;I644;J644,"{""BAF"": 50.11872336272724, ""BAF Min"": null, ""BAF Max"": null}",reported_database_value,50.11872336272724,50.11872336272724,1.7000000000000002,True,True,True,True,database_traced_primary_not_verified,False,unverified_primary_table,,Original-paper numerical cell not verified
BIO_6245,6245,BAF,CMP_d156c7f61581a866704b,Naile 2013,10.1016/j.chemosphere.2012.07.033,data/raw/ITRC_aquatic.xlsx,bfc24df5dbd2d21341a9580e5053f7a7b89c1ddea1ebe75c55407f4cee27a54d,BCF-BAF Database,645,K645;I645;J645,"{""BAF"": 44.668359215096324, ""BAF Min"": null, ""BAF Max"": null}",reported_database_value,44.668359215096324,44.66835921509632,1.65,True,True,True,True,database_traced_primary_not_verified,False,unverified_primary_table,,Original-paper numerical cell not verified
BIO_6246,6246,BAF,CMP_d156c7f61581a866704b,Naile 2013,10.1016/j.chemosphere.2012.07.033,data/raw/ITRC_aquatic.xlsx,bfc24df5dbd2d21341a9580e5053f7a7b89c1ddea1ebe75c55407f4cee27a54d,BCF-BAF Database,646,K646;I646;J646,"{""BAF"": 11.220184543019636, ""BAF Min"": null, ""BAF Max"": null}",reported_database_value,11.220184543019636,11.22018454301964,1.0500000000000005,True,True,True,True,database_traced_primary_not_verified,False,unverified_primary_table,,Original-paper numerical cell not verified
BIO_6247,6247,BAF,CMP_d156c7f61581a866704b,Naile 2013,10.1016/j.chemosphere.2012.07.033,data/raw/ITRC_aquatic.xlsx,bfc24df5dbd2d21341a9580e5053f7a7b89c1ddea1ebe75c55407f4cee27a54d,BCF-BAF Database,647,K647;I647;J647,"{""BAF"": 16.218100973589298, ""BAF Min"": null, ""BAF Max"": null}",reported_database_value,16.218100973589298,16.2181009735893,1.21,True,True,True,True,database_traced_primary_not_verified,False,unverified_primary_table,,Original-paper numerical cell not verified
BIO_6248,6248,BAF,CMP_d156c7f61581a866704b,Naile 2013,10.1016/j.chemosphere.2012.07.033,data/raw/ITRC_aquatic.xlsx,bfc24df5dbd2d21341a9580e5053f7a7b89c1ddea1ebe75c55407f4cee27a54d,BCF-BAF Database,648,K648;I648;J648,"{""BAF"": 173.78008287493768, ""BAF Min"": null, ""BAF Max"": null}",reported_database_value,173.78008287493768,173.7800828749377,2.24,True,True,True,True,database_traced_primary_not_verified,False,unverified_primary_table,,Original-paper numerical cell not verified
BIO_6249,6249,BAF,CMP_d156c7f61581a866704b,Pan 2014,10.1016/j.ecoenv.2014.05.031,data/raw/ITRC_aquatic.xlsx,bfc24df5dbd2d21341a9580e5053f7a7b89c1ddea1ebe75c55407f4cee27a54d,BCF-BAF Database,649,K649;I649;J649,"{""BAF"": 158.49, ""BAF Min"": null, ""BAF Max"": null}",reported_database_value,158.49,158.49,2.200001865406602,True,True,True,True,database_traced_primary_not_verified,False,unverified_primary_table,,Original-paper numerical cell not verified
BIO_6250,6250,BAF,CMP_d156c7f61581a866704b,Pan 2019,10.3390/ijerph16101692,data/raw/ITRC_aquatic.xlsx,bfc24df5dbd2d21341a9580e5053f7a7b89c1ddea1ebe75c55407f4cee27a54d,BCF-BAF Database,650,K650;I650;J650,"{""BAF"": 61.9, ""BAF Min"": 12.1, ""BAF Max"": 193}",reported_database_value,61.9,61.9,1.791690649020118,True,True,True,True,primary_located_not_eligible,False,verified_value_basis_conflict,Main Table 4; PFOA; BAF Mean,"quarantine_basis_conflict_until_primary_clarification; Original Table 4 concentration header ng/g DW conflicts with wet-weight extraction and fish LOQ in Methods; pooled fish, not individual data"
BIO_6251,6251,BAF,CMP_d156c7f61581a866704b,Song 2020,10.1021/acs.est.9b04906,data/raw/ITRC_aquatic.xlsx,bfc24df5dbd2d21341a9580e5053f7a7b89c1ddea1ebe75c55407f4cee27a54d,BCF-BAF Database,651,K651;I651;J651,"{""BAF"": 8.72, ""BAF Min"": null, ""BAF Max"": null}",reported_database_value,8.72,8.72,0.9405164849325672,True,True,True,True,primary_included,True,verified_summary,SI Table S10 PDF page 20; Current Study; PFOA; Concentration,Source-qualified endpoint and value under frozen eligibility criteria
BIO_6252,6252,BAF,CMP_d156c7f61581a866704b,Song 2020,10.1021/acs.est.9b04906,data/raw/ITRC_aquatic.xlsx,bfc24df5dbd2d21341a9580e5053f7a7b89c1ddea1ebe75c55407f4cee27a54d,BCF-BAF Database,652,K652;I652;J652,"{""BAF"": 13, ""BAF Min"": null, ""BAF Max"": null}",reported_database_value,13.0,13.0,1.1139433523068367,True,True,True,True,primary_located_not_eligible,False,verified_alternative_analytical_estimate,SI Table S10 PDF page 21; Current Study; PFOA; Peak Area,exclude_independent_count; retain_paired_method_sensitivity; Same biological experiment and alternative analytical estimate; concentration approach retained; peak-area estimate cannot be counted as independent experimental validation
BIO_6253,6253,BAF,CMP_d156c7f61581a866704b,Terechovs 2019,10.1016/j.scitotenv.2018.08.431,data/raw/ITRC_aquatic.xlsx,bfc24df5dbd2d21341a9580e5053f7a7b89c1ddea1ebe75c55407f4cee27a54d,BCF-BAF Database,653,K653;I653;J653,"{""BAF"": 9, ""BAF Min"": null, ""BAF Max"": null}",reported_database_value,9.0,9.0,0.9542425094393248,True,True,True,True,database_traced_primary_not_verified,False,unverified_primary_table,,Original-paper numerical cell not verified
BIO_6254,6254,BAF,CMP_d156c7f61581a866704b,Terechovs 2019,10.1016/j.scitotenv.2018.08.431,data/raw/ITRC_aquatic.xlsx,bfc24df5dbd2d21341a9580e5053f7a7b89c1ddea1ebe75c55407f4cee27a54d,BCF-BAF Database,654,K654;I654;J654,"{""BAF"": 14, ""BAF Min"": null, ""BAF Max"": null}",reported_database_value,14.0,14.0,1.146128035678238,True,True,True,True,database_traced_primary_not_verified,False,unverified_primary_table,,Original-paper numerical cell not verified
BIO_6255,6255,BAF,CMP_d156c7f61581a866704b,Wang 2013,10.1016/j.envpol.2013.04.020,data/raw/ITRC_aquatic.xlsx,bfc24df5dbd2d21341a9580e5053f7a7b89c1ddea1ebe75c55407f4cee27a54d,BCF-BAF Database,655,K655;I655;J655,"{""BAF"": 21, ""BAF Min"": null, ""BAF Max"": null}",reported_database_value,21.0,21.0,1.3222192947339193,True,True,True,True,database_traced_primary_not_verified,False,unverified_primary_table,,Original-paper numerical cell not verified
BIO_6256,6256,BAF,CMP_d156c7f61581a866704b,Wang 2013,10.1016/j.envpol.2013.04.020,data/raw/ITRC_aquatic.xlsx,bfc24df5dbd2d21341a9580e5053f7a7b89c1ddea1ebe75c55407f4cee27a54d,BCF-BAF Database,656,K656;I656;J656,"{""BAF"": 42, ""BAF Min"": null, ""BAF Max"": null}",reported_database_value,42.0,42.0,1.6232492903979006,True,True,True,True,database_traced_primary_not_verified,False,unverified_primary_table,,Original-paper numerical cell not verified
BIO_6257,6257,BAF,CMP_d156c7f61581a866704b,Wang 2013,10.1016/j.envpol.2013.04.020,data/raw/ITRC_aquatic.xlsx,bfc24df5dbd2d21341a9580e5053f7a7b89c1ddea1ebe75c55407f4cee27a54d,BCF-BAF Database,658,K658;I658;J658,"{""BAF"": 120, ""BAF Min"": null, ""BAF Max"": null}",reported_database_value,120.0,120.0,2.0791812460476247,True,True,True,True,database_traced_primary_not_verified,False,unverified_primary_table,,Original-paper numerical cell not verified
BIO_6258,6258,BAF,CMP_d156c7f61581a866704b,Wang 2013,10.1016/j.envpol.2013.04.020,data/raw/ITRC_aquatic.xlsx,bfc24df5dbd2d21341a9580e5053f7a7b89c1ddea1ebe75c55407f4cee27a54d,BCF-BAF Database,659,K659;I659;J659,"{""BAF"": 59, ""BAF Min"": null, ""BAF Max"": null}",reported_database_value,59.0,59.0,1.7708520116421442,True,True,True,True,database_traced_primary_not_verified,False,unverified_primary_table,,Original-paper numerical cell not verified
BIO_6259,6259,BAF,CMP_d156c7f61581a866704b,Zhang 2018,10.1007/s00128-018-2381-x,data/raw/ITRC_aquatic.xlsx,bfc24df5dbd2d21341a9580e5053f7a7b89c1ddea1ebe75c55407f4cee27a54d,BCF-BAF Database,660,K660;I660;J660,"{""BAF"": 725, ""BAF Min"": null, ""BAF Max"": null}",reported_database_value,725.0,725.0,2.8603380065709936,True,True,True,True,database_traced_primary_not_verified,False,unverified_primary_table,,Original-paper numerical cell not verified
BIO_6260,6260,BAF,CMP_d156c7f61581a866704b,Zhang 2018,10.1007/s00128-018-2381-x,data/raw/ITRC_aquatic.xlsx,bfc24df5dbd2d21341a9580e5053f7a7b89c1ddea1ebe75c55407f4cee27a54d,BCF-BAF Database,661,K661;I661;J661,"{""BAF"": 543, ""BAF Min"": null, ""BAF Max"": null}",reported_database_value,543.0,543.0,2.734799829588847,True,True,True,True,database_traced_primary_not_verified,False,unverified_primary_table,,Original-paper numerical cell not verified
BIO_6261,6261,BAF,CMP_cfdde373a2a8c04668f0,Ahrens 2015,10.1016/j.chemosphere.2014.03.136,data/raw/ITRC_aquatic.xlsx,bfc24df5dbd2d21341a9580e5053f7a7b89c1ddea1ebe75c55407f4cee27a54d,BCF-BAF Database,662,K662;I662;J662,"{""BAF"": 6400, ""BAF Min"": 3200, ""BAF Max"": 10200}",reported_database_value,6400.0,6400.0,3.806179973983887,True,True,True,True,database_traced_primary_not_verified,False,unverified_primary_table,,Original-paper numerical cell not verified
BIO_6262,6262,BAF,CMP_cfdde373a2a8c04668f0,Ahrens 2015,10.1016/j.chemosphere.2014.03.136,data/raw/ITRC_aquatic.xlsx,bfc24df5dbd2d21341a9580e5053f7a7b89c1ddea1ebe75c55407f4cee27a54d,BCF-BAF Database,663,K663;I663;J663,"{""BAF"": 3400, ""BAF Min"": 900, ""BAF Max"": 8000}",reported_database_value,3400.0,3400.0,3.531478917042256,True,True,True,True,database_traced_primary_not_verified,False,unverified_primary_table,,Original-paper numerical cell not verified
BIO_6263,6263,BAF,CMP_cfdde373a2a8c04668f0,Ahrens 2015,10.1016/j.chemosphere.2014.03.136,data/raw/ITRC_aquatic.xlsx,bfc24df5dbd2d21341a9580e5053f7a7b89c1ddea1ebe75c55407f4cee27a54d,BCF-BAF Database,664,K664;I664;J664,"{""BAF"": 39000, ""BAF Min"": 33000, ""BAF Max"": 43000}",reported_database_value,39000.0,39000.0,4.5910646070265,True,True,True,True,database_traced_primary_not_verified,False,unverified_primary_table,,Original-paper numerical cell not verified
BIO_6264,6264,BAF,CMP_cfdde373a2a8c04668f0,Ahrens 2015,10.1016/j.chemosphere.2014.03.136,data/raw/ITRC_aquatic.xlsx,bfc24df5dbd2d21341a9580e5053f7a7b89c1ddea1ebe75c55407f4cee27a54d,BCF-BAF Database,665,K665;I665;J665,"{""BAF"": 16000, ""BAF Min"": 11000, ""BAF Max"": 25000}",reported_database_value,16000.0,16000.0,4.204119982655925,True,True,True,True,database_traced_primary_not_verified,False,unverified_primary_table,,Original-paper numerical cell not verified
BIO_6265,6265,BAF,CMP_cfdde373a2a8c04668f0,Ahrens 2015,10.1016/j.chemosphere.2014.03.136,data/raw/ITRC_aquatic.xlsx,bfc24df5dbd2d21341a9580e5053f7a7b89c1ddea1ebe75c55407f4cee27a54d,BCF-BAF Database,666,K666;I666;J666,"{""BAF"": 21000, ""BAF Min"": 15000, ""BAF Max"": 29000}",reported_database_value,21000.0,21000.0,4.32221929473392,True,True,True,True,database_traced_primary_not_verified,False,unverified_primary_table,,Original-paper numerical cell not verified
BIO_6266,6266,BAF,CMP_cfdde373a2a8c04668f0,Ahrens 2015,10.1016/j.chemosphere.2014.03.136,data/raw/ITRC_aquatic.xlsx,bfc24df5dbd2d21341a9580e5053f7a7b89c1ddea1ebe75c55407f4cee27a54d,BCF-BAF Database,667,K667;I667;J667,"{""BAF"": 58000, ""BAF Min"": 49000, ""BAF Max"": 65000}",reported_database_value,58000.0,58000.0,4.763427993562937,True,True,True,True,database_traced_primary_not_verified,False,unverified_primary_table,,Original-paper numerical cell not verified
BIO_6267,6267,BAF,CMP_cfdde373a2a8c04668f0,Ahrens 2016,10.1016/j.chemosphere.2016.09.007,data/raw/ITRC_aquatic.xlsx,bfc24df5dbd2d21341a9580e5053f7a7b89c1ddea1ebe75c55407f4cee27a54d,BCF-BAF Database,669,K669;I669;J669,"{""BAF"": 3981.071705534977, ""BAF Min"": null, ""BAF Max"": null}",reported_database_value,3981.071705534977,3981.071705534977,3.6000000000000005,True,True,True,True,database_traced_primary_not_verified,False,unverified_primary_table,,Original-paper numerical cell not verified
BIO_6268,6268,BAF,CMP_cfdde373a2a8c04668f0,Ahrens 2016,10.1016/j.chemosphere.2016.09.007,data/raw/ITRC_aquatic.xlsx,bfc24df5dbd2d21341a9580e5053f7a7b89c1ddea1ebe75c55407f4cee27a54d,BCF-BAF Database,670,K670;I670;J670,"{""BAF"": 794.3282347242821, ""BAF Min"": null, ""BAF Max"": null}",reported_database_value,794.3282347242821,794.3282347242821,2.9000000000000004,True,True,True,True,database_traced_primary_not_verified,False,unverified_primary_table,,Original-paper numerical cell not verified
BIO_6269,6269,BAF,CMP_cfdde373a2a8c04668f0,Ahrens 2016,10.1016/j.chemosphere.2016.09.007,data/raw/ITRC_aquatic.xlsx,bfc24df5dbd2d21341a9580e5053f7a7b89c1ddea1ebe75c55407f4cee27a54d,BCF-BAF Database,671,K671;I671;J671,"{""BAF"": 5011.872336272732, ""BAF Min"": null, ""BAF Max"": null}",reported_database_value,5011.872336272732,5011.872336272732,3.700000000000001,True,True,True,True,database_traced_primary_not_verified,False,unverified_primary_table,,Original-paper numerical cell not verified
BIO_6270,6270,BAF,CMP_cfdde373a2a8c04668f0,Ahrens 2016,10.1016/j.chemosphere.2016.09.007,data/raw/ITRC_aquatic.xlsx,bfc24df5dbd2d21341a9580e5053f7a7b89c1ddea1ebe75c55407f4cee27a54d,BCF-BAF Database,672,K672;I672;J672,"{""BAF"": 398.1071705534976, ""BAF Min"": null, ""BAF Max"": null}",reported_database_value,398.1071705534976,398.1071705534976,2.6000000000000005,True,True,True,True,database_traced_primary_not_verified,False,unverified_primary_table,,Original-paper numerical cell not verified
BIO_6271,6271,BAF,CMP_cfdde373a2a8c04668f0,Awad 2011,10.1021/es2001985,data/raw/ITRC_aquatic.xlsx,bfc24df5dbd2d21341a9580e5053f7a7b89c1ddea1ebe75c55407f4cee27a54d,BCF-BAF Database,673,K673;I673;J673,"{""BAF"": 1995.2623149688804, ""BAF Min"": 323.59365692962825, ""BAF Max"": 23988.329190194923}",reported_database_value,1995.2623149688804,1995.26231496888,3.3000000000000003,True,True,True,True,database_traced_primary_not_verified,False,unverified_primary_table,,Original-paper numerical cell not verified
BIO_6272,6272,BAF,CMP_cfdde373a2a8c04668f0,Awad 2011,10.1021/es2001985,data/raw/ITRC_aquatic.xlsx,bfc24df5dbd2d21341a9580e5053f7a7b89c1ddea1ebe75c55407f4cee27a54d,BCF-BAF Database,674,K674;I674;J674,"{""BAF"": 12589.254117941671, ""BAF Min"": 660.6934480075964, ""BAF Max"": 41686.938347033625}",reported_database_value,12589.254117941671,12589.25411794167,4.1,True,True,True,True,database_traced_primary_not_verified,False,unverified_primary_table,,Original-paper numerical cell not verified
BIO_6283,6283,BCF,CMP_cfdde373a2a8c04668f0,Chen 2016,10.1016/j.scitotenv.2016.05.215,data/raw/ITRC_aquatic.xlsx,bfc24df5dbd2d21341a9580e5053f7a7b89c1ddea1ebe75c55407f4cee27a54d,BCF-BAF Database,685,H685;F685;G685,"{""BCF"": 13182.57, ""BCF Min"": null, ""BCF Max"": null}",reported_database_value,13182.57,13182.57,4.120000086131552,True,True,True,True,primary_located_not_eligible,False,verified_plasma_unit_mismatch,Table S9 row 5 column 7; plasma-low; pfos; logBCFss,Plasma ratios are dimensionless and incompatible with mass-based L/kg regression
BIO_6284,6284,BCF,CMP_cfdde373a2a8c04668f0,Chen 2016,10.1016/j.scitotenv.2016.05.215,data/raw/ITRC_aquatic.xlsx,bfc24df5dbd2d21341a9580e5053f7a7b89c1ddea1ebe75c55407f4cee27a54d,BCF-BAF Database,686,H686;F686;G686,"{""BCF"": 5888.44, ""BCF Min"": null, ""BCF Max"": null}",reported_database_value,5888.44,5888.44,3.770000254188224,True,True,True,True,primary_located_not_eligible,False,verified_plasma_unit_mismatch,Table S9 row 27 column 7; plasma-high; pfos; logBCFss,Plasma ratios are dimensionless and incompatible with mass-based L/kg regression
BIO_6285,6285,BCF,CMP_cfdde373a2a8c04668f0,Chen 2016,10.1016/j.scitotenv.2016.05.215,data/raw/ITRC_aquatic.xlsx,bfc24df5dbd2d21341a9580e5053f7a7b89c1ddea1ebe75c55407f4cee27a54d,BCF-BAF Database,687,H687;F687;G687,"{""BCF"": 4365.16, ""BCF Min"": null, ""BCF Max"": null}",reported_database_value,4365.16,4365.16,3.64,True,True,True,True,primary_included,True,verified_tissue_BCF_summary,Table S9 row 49 column 7; liver-low; pfos; logBCFss,Source-qualified endpoint and value under frozen eligibility criteria
BIO_6286,6286,BCF,CMP_cfdde373a2a8c04668f0,Chen 2016,10.1016/j.scitotenv.2016.05.215,data/raw/ITRC_aquatic.xlsx,bfc24df5dbd2d21341a9580e5053f7a7b89c1ddea1ebe75c55407f4cee27a54d,BCF-BAF Database,688,H688;F688;G688,"{""BCF"": 3548.13, ""BCF Min"": null, ""BCF Max"": null}",reported_database_value,3548.13,3548.13,3.55,True,True,True,True,primary_included,True,verified_tissue_BCF_summary,Table S9 row 71 column 7; liver-high; pfos; logBCFss,Source-qualified endpoint and value under frozen eligibility criteria
BIO_6287,6287,BCF,CMP_cfdde373a2a8c04668f0,Chen 2016,10.1016/j.scitotenv.2016.05.215,data/raw/ITRC_aquatic.xlsx,bfc24df5dbd2d21341a9580e5053f7a7b89c1ddea1ebe75c55407f4cee27a54d,BCF-BAF Database,689,H689;F689;G689,"{""BCF"": 724.44, ""BCF Min"": null, ""BCF Max"": null}",reported_database_value,724.44,724.44,2.86,True,True,True,True,primary_included,True,verified_tissue_BCF_summary,Table S9 row 93 column 7; muscle-low; pfos; logBCFss,Source-qualified endpoint and value under frozen eligibility criteria
BIO_6288,6288,BCF,CMP_cfdde373a2a8c04668f0,Chen 2016,10.1016/j.scitotenv.2016.05.215,data/raw/ITRC_aquatic.xlsx,bfc24df5dbd2d21341a9580e5053f7a7b89c1ddea1ebe75c55407f4cee27a54d,BCF-BAF Database,690,H690;F690;G690,"{""BCF"": 537.03, ""BCF Min"": null, ""BCF Max"": null}",reported_database_value,537.03,537.03,2.73,True,True,True,True,primary_included,True,verified_tissue_BCF_summary,Table S9 row 115 column 7; muscle-high; pfos; logBCFss,Source-qualified endpoint and value under frozen eligibility criteria
BIO_6289,6289,BCF,CMP_cfdde373a2a8c04668f0,Chen 2016,10.1016/j.scitotenv.2016.05.215,data/raw/ITRC_aquatic.xlsx,bfc24df5dbd2d21341a9580e5053f7a7b89c1ddea1ebe75c55407f4cee27a54d,BCF-BAF Database,691,H691;F691;G691,"{""BCF"": 6606.93, ""BCF Min"": null, ""BCF Max"": null}",reported_database_value,6606.93,6606.93,3.82,True,True,True,True,primary_included,True,verified_tissue_BCF_summary,Table S9 row 137 column 7; ovary-low; pfos; logBCFss,Source-qualified endpoint and value under frozen eligibility criteria
BIO_6290,6290,BCF,CMP_cfdde373a2a8c04668f0,Chen 2016,10.1016/j.scitotenv.2016.05.215,data/raw/ITRC_aquatic.xlsx,bfc24df5dbd2d21341a9580e5053f7a7b89c1ddea1ebe75c55407f4cee27a54d,BCF-BAF Database,692,H692;F692;G692,"{""BCF"": 3235.94, ""BCF Min"": null, ""BCF Max"": null}",reported_database_value,3235.94,3235.94,3.51,True,True,True,True,primary_included,True,verified_tissue_BCF_summary,Table S9 row 159 column 7; ovary-high; pfos; logBCFss,Source-qualified endpoint and value under frozen eligibility criteria
BIO_6291,6291,BCF,CMP_cfdde373a2a8c04668f0,Chen 2016,10.1016/j.scitotenv.2016.05.215,data/raw/ITRC_aquatic.xlsx,bfc24df5dbd2d21341a9580e5053f7a7b89c1ddea1ebe75c55407f4cee27a54d,BCF-BAF Database,693,H693;F693;G693,"{""BCF"": 3162.28, ""BCF Min"": null, ""BCF Max"": null}",reported_database_value,3162.28,3162.28,3.500000321342936,True,True,True,True,database_traced_primary_not_verified,False,unverified_primary_table,,Original-paper numerical cell not verified
BIO_6292,6292,BCF,CMP_cfdde373a2a8c04668f0,Chen 2016,10.1016/j.scitotenv.2016.05.215,data/raw/ITRC_aquatic.xlsx,bfc24df5dbd2d21341a9580e5053f7a7b89c1ddea1ebe75c55407f4cee27a54d,BCF-BAF Database,694,H694;F694;G694,"{""BCF"": 1698.24, ""BCF Min"": null, ""BCF Max"": null}",reported_database_value,1698.24,1698.24,3.229999065949292,True,True,True,True,database_traced_primary_not_verified,False,unverified_primary_table,,Original-paper numerical cell not verified
BIO_6293,6293,BCF,CMP_cfdde373a2a8c04668f0,Dai 2013,10.1016/j.chemosphere.2012.08.026,data/raw/ITRC_aquatic.xlsx,bfc24df5dbd2d21341a9580e5053f7a7b89c1ddea1ebe75c55407f4cee27a54d,BCF-BAF Database,695,H695;F695;G695,"{""BCF"": 181, ""BCF Min"": null, ""BCF Max"": null}",reported_database_value,181.0,181.0,2.257678574869185,True,True,True,True,database_traced_primary_not_verified,False,unverified_primary_table,,Original-paper numerical cell not verified
BIO_6299,6299,BAF,CMP_cfdde373a2a8c04668f0,de Solla 2012,10.1016/j.envint.2011.09.011,data/raw/ITRC_aquatic.xlsx,bfc24df5dbd2d21341a9580e5053f7a7b89c1ddea1ebe75c55407f4cee27a54d,BCF-BAF Database,701,K701;I701;J701,"{""BAF"": 3976.2087490406752, ""BAF Min"": null, ""BAF Max"": null}",reported_database_value,3976.2087490406752,3976.208749040675,3.5994691765745364,True,True,True,True,database_traced_primary_not_verified,False,unverified_primary_table,,Original-paper numerical cell not verified
BIO_6300,6300,BAF,CMP_cfdde373a2a8c04668f0,de Solla 2012,10.1016/j.envint.2011.09.011,data/raw/ITRC_aquatic.xlsx,bfc24df5dbd2d21341a9580e5053f7a7b89c1ddea1ebe75c55407f4cee27a54d,BCF-BAF Database,702,K702;I702;J702,"{""BAF"": 2808.823529411765, ""BAF Min"": null, ""BAF Max"": null}",reported_database_value,2808.823529411765,2808.823529411765,3.4485244545414915,True,True,True,True,database_traced_primary_not_verified,False,unverified_primary_table,,Original-paper numerical cell not verified
BIO_6301,6301,BAF,CMP_cfdde373a2a8c04668f0,Furdui 2007,10.1021/es0620484,data/raw/ITRC_aquatic.xlsx,bfc24df5dbd2d21341a9580e5053f7a7b89c1ddea1ebe75c55407f4cee27a54d,BCF-BAF Database,703,K703;I703;J703,"{""BAF"": 19952.623149688792, ""BAF Min"": null, ""BAF Max"": null}",reported_database_value,19952.623149688792,19952.62314968879,4.3,True,True,True,True,database_traced_primary_not_verified,False,unverified_primary_table,,Original-paper numerical cell not verified
BIO_6302,6302,BAF,CMP_cfdde373a2a8c04668f0,Furdui 2007,10.1021/es0620484,data/raw/ITRC_aquatic.xlsx,bfc24df5dbd2d21341a9580e5053f7a7b89c1ddea1ebe75c55407f4cee27a54d,BCF-BAF Database,704,K704;I704;J704,"{""BAF"": 15848.931924611146, ""BAF Min"": null, ""BAF Max"": null}",reported_database_value,15848.931924611146,15848.93192461115,4.2,True,True,True,True,database_traced_primary_not_verified,False,unverified_primary_table,,Original-paper numerical cell not verified
BIO_6303,6303,BAF,CMP_cfdde373a2a8c04668f0,Furdui 2007,10.1021/es0620484,data/raw/ITRC_aquatic.xlsx,bfc24df5dbd2d21341a9580e5053f7a7b89c1ddea1ebe75c55407f4cee27a54d,BCF-BAF Database,705,K705;I705;J705,"{""BAF"": 25118.86431509586, ""BAF Min"": null, ""BAF Max"": null}",reported_database_value,25118.86431509586,25118.86431509586,4.400000000000001,True,True,True,True,database_traced_primary_not_verified,False,unverified_primary_table,,Original-paper numerical cell not verified
BIO_6304,6304,BAF,CMP_cfdde373a2a8c04668f0,Furdui 2007,10.1021/es0620484,data/raw/ITRC_aquatic.xlsx,bfc24df5dbd2d21341a9580e5053f7a7b89c1ddea1ebe75c55407f4cee27a54d,BCF-BAF Database,706,K706;I706;J706,"{""BAF"": 7943.282347242815, ""BAF Min"": null, ""BAF Max"": null}",reported_database_value,7943.282347242815,7943.282347242815,3.9,True,True,True,True,database_traced_primary_not_verified,False,unverified_primary_table,,Original-paper numerical cell not verified
BIO_6305,6305,BAF,CMP_cfdde373a2a8c04668f0,Furdui 2007,10.1021/es0620484,data/raw/ITRC_aquatic.xlsx,bfc24df5dbd2d21341a9580e5053f7a7b89c1ddea1ebe75c55407f4cee27a54d,BCF-BAF Database,707,K707;I707;J707,"{""BAF"": 6309.573444801938, ""BAF Min"": null, ""BAF Max"": null}",reported_database_value,6309.573444801938,6309.573444801938,3.8,True,True,True,True,database_traced_primary_not_verified,False,unverified_primary_table,,Original-paper numerical cell not verified
BIO_6306,6306,BAF,CMP_cfdde373a2a8c04668f0,Gebbink 2016,10.1021/acs.est.6b01197,data/raw/ITRC_aquatic.xlsx,bfc24df5dbd2d21341a9580e5053f7a7b89c1ddea1ebe75c55407f4cee27a54d,BCF-BAF Database,708,K708;I708;J708,"{""BAF"": 12882.49551693136, ""BAF Min"": null, ""BAF Max"": null}",reported_database_value,12882.49551693136,12882.49551693136,4.11,True,True,True,True,primary_located_not_eligible,False,verified_isomer_sum,SI Table S9 PDF page 16; tot-PFOS; herring,exclude_from_single_structure_primary_analysis; retain_mixture_sensitivity; Field summary; source column and bound retained
BIO_6307,6307,BAF,CMP_cfdde373a2a8c04668f0,Gebbink 2016,10.1021/acs.est.6b01197,data/raw/ITRC_aquatic.xlsx,bfc24df5dbd2d21341a9580e5053f7a7b89c1ddea1ebe75c55407f4cee27a54d,BCF-BAF Database,709,K709;I709;J709,"{""BAF"": 181.9700858609983, ""BAF Min"": null, ""BAF Max"": null}",reported_database_value,181.9700858609983,181.9700858609983,2.26,True,True,True,True,primary_located_not_eligible,False,verified_isomer_sum,SI Table S9 PDF page 16; tot-PFOS; zooplankton,exclude_from_single_structure_primary_analysis; retain_mixture_sensitivity; Field summary; source column and bound retained
BIO_6308,6308,BAF,CMP_cfdde373a2a8c04668f0,Gebbink 2016,10.1021/acs.est.6b01197,data/raw/ITRC_aquatic.xlsx,bfc24df5dbd2d21341a9580e5053f7a7b89c1ddea1ebe75c55407f4cee27a54d,BCF-BAF Database,710,K710;I710;J710,"{""BAF"": 12882.49551693136, ""BAF Min"": null, ""BAF Max"": null}",reported_database_value,12882.49551693136,12882.49551693136,4.11,True,True,True,True,primary_located_not_eligible,False,verified_isomer_sum,SI Table S9 PDF page 16; tot-PFOS; sprat,exclude_from_single_structure_primary_analysis; retain_mixture_sensitivity; Field summary; source column and bound retained
BIO_6309,6309,BAF,CMP_cfdde373a2a8c04668f0,Houde 2008,10.1021/es800906r,data/raw/ITRC_aquatic.xlsx,bfc24df5dbd2d21341a9580e5053f7a7b89c1ddea1ebe75c55407f4cee27a54d,BCF-BAF Database,711,K711;I711;J711,"{""BAF"": 9800, ""BAF Min"": null, ""BAF Max"": null}",reported_database_value,9800.0,9800.0,3.991226075692495,True,True,True,True,database_traced_primary_not_verified,False,unverified_primary_table,,Original-paper numerical cell not verified
BIO_6310,6310,BAF,CMP_cfdde373a2a8c04668f0,Houde 2008,10.1021/es800906r,data/raw/ITRC_aquatic.xlsx,bfc24df5dbd2d21341a9580e5053f7a7b89c1ddea1ebe75c55407f4cee27a54d,BCF-BAF Database,712,K712;I712;J712,"{""BAF"": 95000, ""BAF Min"": null, ""BAF Max"": null}",reported_database_value,95000.0,95000.0,4.977723605288848,True,True,True,True,database_traced_primary_not_verified,False,unverified_primary_table,,Original-paper numerical cell not verified
BIO_6311,6311,BAF,CMP_cfdde373a2a8c04668f0,Houde 2008,10.1021/es800906r,data/raw/ITRC_aquatic.xlsx,bfc24df5dbd2d21341a9580e5053f7a7b89c1ddea1ebe75c55407f4cee27a54d,BCF-BAF Database,713,K713;I713;J713,"{""BAF"": 13000, ""BAF Min"": null, ""BAF Max"": null}",reported_database_value,13000.0,13000.0,4.113943352306837,True,True,True,True,database_traced_primary_not_verified,False,unverified_primary_table,,Original-paper numerical cell not verified
BIO_6312,6312,BAF,CMP_cfdde373a2a8c04668f0,Houde 2008,10.1021/es800906r,data/raw/ITRC_aquatic.xlsx,bfc24df5dbd2d21341a9580e5053f7a7b89c1ddea1ebe75c55407f4cee27a54d,BCF-BAF Database,714,K714;I714;J714,"{""BAF"": 1200, ""BAF Min"": null, ""BAF Max"": null}",reported_database_value,1200.0,1200.0,3.0791812460476247,True,True,True,True,database_traced_primary_not_verified,False,unverified_primary_table,,Original-paper numerical cell not verified
BIO_6313,6313,BAF,CMP_cfdde373a2a8c04668f0,Houde 2008,10.1021/es800906r,data/raw/ITRC_aquatic.xlsx,bfc24df5dbd2d21341a9580e5053f7a7b89c1ddea1ebe75c55407f4cee27a54d,BCF-BAF Database,715,K715;I715;J715,"{""BAF"": 240, ""BAF Min"": null, ""BAF Max"": null}",reported_database_value,240.0,240.0,2.380211241711606,True,True,True,True,database_traced_primary_not_verified,False,unverified_primary_table,,Original-paper numerical cell not verified
BIO_6314,6314,BAF,CMP_cfdde373a2a8c04668f0,Houde 2008,10.1021/es800906r,data/raw/ITRC_aquatic.xlsx,bfc24df5dbd2d21341a9580e5053f7a7b89c1ddea1ebe75c55407f4cee27a54d,BCF-BAF Database,716,K716;I716;J716,"{""BAF"": 19000, ""BAF Min"": null, ""BAF Max"": null}",reported_database_value,19000.0,19000.0,4.278753600952829,True,True,True,True,database_traced_primary_not_verified,False,unverified_primary_table,,Original-paper numerical cell not verified
BIO_6315,6315,BAF,CMP_cfdde373a2a8c04668f0,Houde 2008,10.1021/es800906r,data/raw/ITRC_aquatic.xlsx,bfc24df5dbd2d21341a9580e5053f7a7b89c1ddea1ebe75c55407f4cee27a54d,BCF-BAF Database,717,K717;I717;J717,"{""BAF"": 16000, ""BAF Min"": null, ""BAF Max"": null}",reported_database_value,16000.0,16000.0,4.204119982655925,True,True,True,True,database_traced_primary_not_verified,False,unverified_primary_table,,Original-paper numerical cell not verified
BIO_6317,6317,BAF,CMP_cfdde373a2a8c04668f0,Kannan 2005,10.1007/s00244-004-0133-x,data/raw/ITRC_aquatic.xlsx,bfc24df5dbd2d21341a9580e5053f7a7b89c1ddea1ebe75c55407f4cee27a54d,BCF-BAF Database,719,K719;I719;J719,"{""BAF"": 2371.4285714285716, ""BAF Min"": null, ""BAF Max"": null}",reported_database_value,2371.4285714285716,2371.428571428572,3.3750100480257985,True,True,True,True,database_traced_primary_not_verified,False,unverified_primary_table,,Original-paper numerical cell not verified
BIO_6318,6318,BAF,CMP_cfdde373a2a8c04668f0,Khairy 2019,10.1002/etc.4354,data/raw/ITRC_aquatic.xlsx,bfc24df5dbd2d21341a9580e5053f7a7b89c1ddea1ebe75c55407f4cee27a54d,BCF-BAF Database,720,K720;I720;J720,"{""BAF"": 9000, ""BAF Min"": null, ""BAF Max"": null}",reported_database_value,9000.0,9000.0,3.9542425094393248,True,True,True,True,database_traced_primary_not_verified,False,unverified_primary_table,,Original-paper numerical cell not verified
BIO_6319,6319,BAF,CMP_cfdde373a2a8c04668f0,Khairy 2019,10.1002/etc.4354,data/raw/ITRC_aquatic.xlsx,bfc24df5dbd2d21341a9580e5053f7a7b89c1ddea1ebe75c55407f4cee27a54d,BCF-BAF Database,721,K721;I721;J721,"{""BAF"": 3250, ""BAF Min"": null, ""BAF Max"": null}",reported_database_value,3250.0,3250.0,3.5118833609788744,True,True,True,True,database_traced_primary_not_verified,False,unverified_primary_table,,Original-paper numerical cell not verified
BIO_6320,6320,BAF,CMP_cfdde373a2a8c04668f0,Khairy 2019,10.1002/etc.4354,data/raw/ITRC_aquatic.xlsx,bfc24df5dbd2d21341a9580e5053f7a7b89c1ddea1ebe75c55407f4cee27a54d,BCF-BAF Database,722,K722;I722;J722,"{""BAF"": 6250, ""BAF Min"": null, ""BAF Max"": null}",reported_database_value,6250.0,6250.0,3.795880017344075,True,True,True,True,database_traced_primary_not_verified,False,unverified_primary_table,,Original-paper numerical cell not verified
BIO_6321,6321,BAF,CMP_cfdde373a2a8c04668f0,Khairy 2019,10.1002/etc.4354,data/raw/ITRC_aquatic.xlsx,bfc24df5dbd2d21341a9580e5053f7a7b89c1ddea1ebe75c55407f4cee27a54d,BCF-BAF Database,723,K723;I723;J723,"{""BAF"": 2300, ""BAF Min"": null, ""BAF Max"": null}",reported_database_value,2300.0,2300.0,3.361727836017593,True,True,True,True,database_traced_primary_not_verified,False,unverified_primary_table,,Original-paper numerical cell not verified
BIO_6322,6322,BAF,CMP_cfdde373a2a8c04668f0,Khairy 2019,10.1002/etc.4354,data/raw/ITRC_aquatic.xlsx,bfc24df5dbd2d21341a9580e5053f7a7b89c1ddea1ebe75c55407f4cee27a54d,BCF-BAF Database,724,K724;I724;J724,"{""BAF"": 4250, ""BAF Min"": null, ""BAF Max"": null}",reported_database_value,4250.0,4250.0,3.628388930050312,True,True,True,True,database_traced_primary_not_verified,False,unverified_primary_table,,Original-paper numerical cell not verified
BIO_6323,6323,BAF,CMP_cfdde373a2a8c04668f0,Khairy 2019,10.1002/etc.4354,data/raw/ITRC_aquatic.xlsx,bfc24df5dbd2d21341a9580e5053f7a7b89c1ddea1ebe75c55407f4cee27a54d,BCF-BAF Database,725,K725;I725;J725,"{""BAF"": 2750, ""BAF Min"": null, ""BAF Max"": null}",reported_database_value,2750.0,2750.0,3.439332693830263,True,True,True,True,database_traced_primary_not_verified,False,unverified_primary_table,,Original-paper numerical cell not verified
BIO_6324,6324,BAF,CMP_cfdde373a2a8c04668f0,Khairy 2019,10.1002/etc.4354,data/raw/ITRC_aquatic.xlsx,bfc24df5dbd2d21341a9580e5053f7a7b89c1ddea1ebe75c55407f4cee27a54d,BCF-BAF Database,726,K726;I726;J726,"{""BAF"": 5000, ""BAF Min"": null, ""BAF Max"": null}",reported_database_value,5000.0,5000.0,3.6989700043360174,True,True,True,True,database_traced_primary_not_verified,False,unverified_primary_table,,Original-paper numerical cell not verified
BIO_6325,6325,BAF,CMP_cfdde373a2a8c04668f0,Khairy 2019,10.1002/etc.4354,data/raw/ITRC_aquatic.xlsx,bfc24df5dbd2d21341a9580e5053f7a7b89c1ddea1ebe75c55407f4cee27a54d,BCF-BAF Database,727,K727;I727;J727,"{""BAF"": 6500, ""BAF Min"": null, ""BAF Max"": null}",reported_database_value,6500.0,6500.0,3.812913356642856,True,True,True,True,database_traced_primary_not_verified,False,unverified_primary_table,,Original-paper numerical cell not verified
BIO_6326,6326,BAF,CMP_cfdde373a2a8c04668f0,Khairy 2019,10.1002/etc.4354,data/raw/ITRC_aquatic.xlsx,bfc24df5dbd2d21341a9580e5053f7a7b89c1ddea1ebe75c55407f4cee27a54d,BCF-BAF Database,728,K728;I728;J728,"{""BAF"": 8250, ""BAF Min"": null, ""BAF Max"": null}",reported_database_value,8250.0,8250.0,3.916453948549925,True,True,True,True,database_traced_primary_not_verified,False,unverified_primary_table,,Original-paper numerical cell not verified
BIO_6327,6327,BAF,CMP_cfdde373a2a8c04668f0,Khairy 2019,10.1002/etc.4354,data/raw/ITRC_aquatic.xlsx,bfc24df5dbd2d21341a9580e5053f7a7b89c1ddea1ebe75c55407f4cee27a54d,BCF-BAF Database,729,K729;I729;J729,"{""BAF"": 7000, ""BAF Min"": null, ""BAF Max"": null}",reported_database_value,7000.0,7000.0,3.845098040014257,True,True,True,True,database_traced_primary_not_verified,False,unverified_primary_table,,Original-paper numerical cell not verified
BIO_6328,6328,BAF,CMP_cfdde373a2a8c04668f0,Kobayashi 2018,10.1007/s00128-018-2282-z,data/raw/ITRC_aquatic.xlsx,bfc24df5dbd2d21341a9580e5053f7a7b89c1ddea1ebe75c55407f4cee27a54d,BCF-BAF Database,730,K730;I730;J730,"{""BAF"": 576.9230769230769, ""BAF Min"": null, ""BAF Max"": null}",reported_database_value,576.9230769230769,576.9230769230769,2.761117911084863,True,True,True,True,database_traced_primary_not_verified,False,unverified_primary_table,,Original-paper numerical cell not verified
BIO_6329,6329,BAF,CMP_cfdde373a2a8c04668f0,Kobayashi 2018,10.1007/s00128-018-2282-z,data/raw/ITRC_aquatic.xlsx,bfc24df5dbd2d21341a9580e5053f7a7b89c1ddea1ebe75c55407f4cee27a54d,BCF-BAF Database,731,K731;I731;J731,"{""BAF"": 1000, ""BAF Min"": null, ""BAF Max"": null}",reported_database_value,1000.0,1000.0,3.0,True,True,True,True,database_traced_primary_not_verified,False,unverified_primary_table,,Original-paper numerical cell not verified
BIO_6330,6330,BAF,CMP_cfdde373a2a8c04668f0,Kobayashi 2018,10.1007/s00128-018-2282-z,data/raw/ITRC_aquatic.xlsx,bfc24df5dbd2d21341a9580e5053f7a7b89c1ddea1ebe75c55407f4cee27a54d,BCF-BAF Database,732,K732;I732;J732,"{""BAF"": 2.692307692307692, ""BAF Min"": null, ""BAF Max"": null}",reported_database_value,2.692307692307692,2.692307692307692,0.4301246920434388,True,True,True,True,database_traced_primary_not_verified,False,unverified_primary_table,,Original-paper numerical cell not verified
BIO_6331,6331,BAF,CMP_cfdde373a2a8c04668f0,Kobayashi 2018,10.1007/s00128-018-2282-z,data/raw/ITRC_aquatic.xlsx,bfc24df5dbd2d21341a9580e5053f7a7b89c1ddea1ebe75c55407f4cee27a54d,BCF-BAF Database,733,K733;I733;J733,"{""BAF"": 384.6153846153846, ""BAF Min"": null, ""BAF Max"": null}",reported_database_value,384.6153846153846,384.6153846153846,2.585026652029182,True,True,True,True,database_traced_primary_not_verified,False,unverified_primary_table,,Original-paper numerical cell not verified
BIO_6332,6332,BAF,CMP_cfdde373a2a8c04668f0,Kobayashi 2018,10.1007/s00128-018-2282-z,data/raw/ITRC_aquatic.xlsx,bfc24df5dbd2d21341a9580e5053f7a7b89c1ddea1ebe75c55407f4cee27a54d,BCF-BAF Database,734,K734;I734;J734,"{""BAF"": 1038.4615384615383, ""BAF Min"": null, ""BAF Max"": null}",reported_database_value,1038.4615384615383,1038.461538461538,3.016390416188169,True,True,True,True,database_traced_primary_not_verified,False,unverified_primary_table,,Original-paper numerical cell not verified
BIO_6333,6333,BCF,CMP_cfdde373a2a8c04668f0,Kwadijk 2010,10.1021/es100485e,data/raw/ITRC_aquatic.xlsx,bfc24df5dbd2d21341a9580e5053f7a7b89c1ddea1ebe75c55407f4cee27a54d,BCF-BAF Database,735,H735;F735;G735,"{""BCF"": 3.3300000000000005, ""BCF Min"": null, ""BCF Max"": null}",reported_database_value,3.3300000000000005,3.330000000000001,0.52244423350632,True,True,True,True,database_traced_primary_not_verified,False,unverified_primary_table,,Original-paper numerical cell not verified
BIO_6334,6334,BAF,CMP_cfdde373a2a8c04668f0,Kwadijk 2010,10.1021/es100485e,data/raw/ITRC_aquatic.xlsx,bfc24df5dbd2d21341a9580e5053f7a7b89c1ddea1ebe75c55407f4cee27a54d,BCF-BAF Database,735,K735;I735;J735,"{""BAF"": 2137.9620895022344, ""BAF Min"": 758.5775750291838, ""BAF Max"": 7079.457843841383}",reported_database_value,2137.9620895022344,2137.962089502234,3.3300000000000005,True,True,True,True,database_traced_primary_not_verified,False,unverified_primary_table,,Original-paper numerical cell not verified
BIO_6335,6335,BAF,CMP_cfdde373a2a8c04668f0,Kwadijk 2014,10.1002/etc.2602,data/raw/ITRC_aquatic.xlsx,bfc24df5dbd2d21341a9580e5053f7a7b89c1ddea1ebe75c55407f4cee27a54d,BCF-BAF Database,736,K736;I736;J736,"{""BAF"": 1148.153621496884, ""BAF Min"": null, ""BAF Max"": null}",reported_database_value,1148.153621496884,1148.153621496884,3.0600000000000005,True,True,True,True,database_traced_primary_not_verified,False,unverified_primary_table,,Original-paper numerical cell not verified
BIO_6336,6336,BAF,CMP_cfdde373a2a8c04668f0,Kwadijk 2014,10.1002/etc.2602,data/raw/ITRC_aquatic.xlsx,bfc24df5dbd2d21341a9580e5053f7a7b89c1ddea1ebe75c55407f4cee27a54d,BCF-BAF Database,737,K737;I737;J737,"{""BAF"": 234.42288153199232, ""BAF Min"": null, ""BAF Max"": null}",reported_database_value,234.42288153199232,234.4228815319923,2.37,True,True,True,True,database_traced_primary_not_verified,False,unverified_primary_table,,Original-paper numerical cell not verified
BIO_6337,6337,BAF,CMP_cfdde373a2a8c04668f0,Kwadijk 2014,10.1002/etc.2602,data/raw/ITRC_aquatic.xlsx,bfc24df5dbd2d21341a9580e5053f7a7b89c1ddea1ebe75c55407f4cee27a54d,BCF-BAF Database,738,K738;I738;J738,"{""BAF"": 1548.8166189124822, ""BAF Min"": null, ""BAF Max"": null}",reported_database_value,1548.8166189124822,1548.816618912482,3.1900000000000004,True,True,True,True,database_traced_primary_not_verified,False,unverified_primary_table,,Original-paper numerical cell not verified
BIO_6338,6338,BAF,CMP_cfdde373a2a8c04668f0,Kwadijk 2014,10.1002/etc.2602,data/raw/ITRC_aquatic.xlsx,bfc24df5dbd2d21341a9580e5053f7a7b89c1ddea1ebe75c55407f4cee27a54d,BCF-BAF Database,739,K739;I739;J739,"{""BAF"": 2344.228815319924, ""BAF Min"": null, ""BAF Max"": null}",reported_database_value,2344.228815319924,2344.228815319924,3.370000000000001,True,True,True,True,database_traced_primary_not_verified,False,unverified_primary_table,,Original-paper numerical cell not verified
BIO_6339,6339,BAF,CMP_cfdde373a2a8c04668f0,Kwadijk 2014,10.1002/etc.2602,data/raw/ITRC_aquatic.xlsx,bfc24df5dbd2d21341a9580e5053f7a7b89c1ddea1ebe75c55407f4cee27a54d,BCF-BAF Database,740,K740;I740;J740,"{""BAF"": 6309.573444801938, ""BAF Min"": null, ""BAF Max"": null}",reported_database_value,6309.573444801938,6309.573444801938,3.8,True,True,True,True,database_traced_primary_not_verified,False,unverified_primary_table,,Original-paper numerical cell not verified
BIO_6340,6340,BAF,CMP_cfdde373a2a8c04668f0,Labadie 2011,10.1016/j.envpol.2010.10.039,data/raw/ITRC_aquatic.xlsx,bfc24df5dbd2d21341a9580e5053f7a7b89c1ddea1ebe75c55407f4cee27a54d,BCF-BAF Database,741,K741;I741;J741,"{""BAF"": 2511.886431509581, ""BAF Min"": null, ""BAF Max"": null}",reported_database_value,2511.886431509581,2511.886431509581,3.4000000000000004,True,True,True,True,database_traced_primary_not_verified,False,unverified_primary_table,,Original-paper numerical cell not verified
BIO_6348,6348,BAF,CMP_cfdde373a2a8c04668f0,Langberg 2020,10.1021/acs.est.0c04587,data/raw/ITRC_aquatic.xlsx,bfc24df5dbd2d21341a9580e5053f7a7b89c1ddea1ebe75c55407f4cee27a54d,BCF-BAF Database,749,K749;I749;J749,"{""BAF"": null, ""BAF Min"": 386000, ""BAF Max"": 484900}",arithmetic_midpoint_of_reported_range,435450.0,435450.0,5.638938294887355,True,True,True,True,database_traced_primary_not_verified,False,table_located_aggregation_not_resolved,SI Tables S15 and S16 PDF pages 26 and 27,Original table located but aggregation cannot be reconstructed
BIO_6349,6349,BAF,CMP_cfdde373a2a8c04668f0,Langberg 2020,10.1021/acs.est.0c04587,data/raw/ITRC_aquatic.xlsx,bfc24df5dbd2d21341a9580e5053f7a7b89c1ddea1ebe75c55407f4cee27a54d,BCF-BAF Database,750,K750;I750;J750,"{""BAF"": null, ""BAF Min"": 18700, ""BAF Max"": 57200}",arithmetic_midpoint_of_reported_range,37950.0,37950.0,4.579211780231499,True,True,True,True,database_traced_primary_not_verified,False,table_located_aggregation_not_resolved,SI Tables S15 and S16 PDF pages 26 and 27,Original table located but aggregation cannot be reconstructed
BIO_6350,6350,BAF,CMP_cfdde373a2a8c04668f0,Langberg 2020,10.1021/acs.est.0c04587,data/raw/ITRC_aquatic.xlsx,bfc24df5dbd2d21341a9580e5053f7a7b89c1ddea1ebe75c55407f4cee27a54d,BCF-BAF Database,751,K751;I751;J751,"{""BAF"": null, ""BAF Min"": 804900, ""BAF Max"": 3714600}",arithmetic_midpoint_of_reported_range,2259750.0,2259750.0,6.354060395065058,True,True,True,True,database_traced_primary_not_verified,False,table_located_aggregation_not_resolved,SI Tables S15 and S16 PDF pages 26 and 27,Original table located but aggregation cannot be reconstructed
BIO_6351,6351,BAF,CMP_cfdde373a2a8c04668f0,Langberg 2020,10.1021/acs.est.0c04587,data/raw/ITRC_aquatic.xlsx,bfc24df5dbd2d21341a9580e5053f7a7b89c1ddea1ebe75c55407f4cee27a54d,BCF-BAF Database,752,K752;I752;J752,"{""BAF"": null, ""BAF Min"": 59200, ""BAF Max"": 251900}",arithmetic_midpoint_of_reported_range,155550.0,155550.0,5.191870015444723,True,True,True,True,database_traced_primary_not_verified,False,table_located_aggregation_not_resolved,SI Tables S15 and S16 PDF pages 26 and 27,Original table located but aggregation cannot be reconstructed
BIO_6352,6352,BAF,CMP_cfdde373a2a8c04668f0,Lee 2020,10.1016/j.jhazmat.2019.120909,data/raw/ITRC_aquatic.xlsx,bfc24df5dbd2d21341a9580e5053f7a7b89c1ddea1ebe75c55407f4cee27a54d,BCF-BAF Database,753,K753;I753;J753,"{""BAF"": 3162.28, ""BAF Min"": null, ""BAF Max"": null}",reported_database_value,3162.28,3162.28,3.500000321342936,True,True,True,True,database_traced_primary_not_verified,False,unverified_primary_table,,Original-paper numerical cell not verified
BIO_6359,6359,BAF,CMP_cfdde373a2a8c04668f0,Liu 2019,10.1016/j.ecoenv.2019.109454,data/raw/ITRC_aquatic.xlsx,bfc24df5dbd2d21341a9580e5053f7a7b89c1ddea1ebe75c55407f4cee27a54d,BCF-BAF Database,760,K760;I760;J760,"{""BAF"": null, ""BAF Min"": 9.11, ""BAF Max"": 2466}",arithmetic_midpoint_of_reported_range,1237.555,1237.555,3.0925645091536595,True,True,True,True,database_traced_primary_not_verified,False,unverified_primary_table,,Original-paper numerical cell not verified
BIO_6360,6360,BAF,CMP_cfdde373a2a8c04668f0,Liu 2019,10.1016/j.ecoenv.2019.109454,data/raw/ITRC_aquatic.xlsx,bfc24df5dbd2d21341a9580e5053f7a7b89c1ddea1ebe75c55407f4cee27a54d,BCF-BAF Database,761,K761;I761;J761,"{""BAF"": null, ""BAF Min"": 244, ""BAF Max"": 4539}",arithmetic_midpoint_of_reported_range,2391.5,2391.5,3.378670385207983,True,True,True,True,database_traced_primary_not_verified,False,unverified_primary_table,,Original-paper numerical cell not verified
BIO_6361,6361,BAF,CMP_cfdde373a2a8c04668f0,Liu 2019,10.1016/j.ecoenv.2019.109454,data/raw/ITRC_aquatic.xlsx,bfc24df5dbd2d21341a9580e5053f7a7b89c1ddea1ebe75c55407f4cee27a54d,BCF-BAF Database,762,K762;I762;J762,"{""BAF"": null, ""BAF Min"": 317, ""BAF Max"": 3049}",arithmetic_midpoint_of_reported_range,1683.0,1683.0,3.226084115975824,True,True,True,True,database_traced_primary_not_verified,False,unverified_primary_table,,Original-paper numerical cell not verified
BIO_6362,6362,BAF,CMP_cfdde373a2a8c04668f0,Liu 2019,10.1016/j.ecoenv.2019.109454,data/raw/ITRC_aquatic.xlsx,bfc24df5dbd2d21341a9580e5053f7a7b89c1ddea1ebe75c55407f4cee27a54d,BCF-BAF Database,763,K763;I763;J763,"{""BAF"": null, ""BAF Min"": 103, ""BAF Max"": 4331}",arithmetic_midpoint_of_reported_range,2217.0,2217.0,3.345765693114488,True,True,True,True,database_traced_primary_not_verified,False,unverified_primary_table,,Original-paper numerical cell not verified
BIO_6363,6363,BAF,CMP_cfdde373a2a8c04668f0,Liu 2019,10.1016/j.ecoenv.2019.109454,data/raw/ITRC_aquatic.xlsx,bfc24df5dbd2d21341a9580e5053f7a7b89c1ddea1ebe75c55407f4cee27a54d,BCF-BAF Database,764,K764;I764;J764,"{""BAF"": null, ""BAF Min"": 145, ""BAF Max"": 3825}",arithmetic_midpoint_of_reported_range,1985.0,1985.0,3.297760511099134,True,True,True,True,database_traced_primary_not_verified,False,unverified_primary_table,,Original-paper numerical cell not verified
BIO_6364,6364,BAF,CMP_cfdde373a2a8c04668f0,Loi 2011,10.1021/es200432n,data/raw/ITRC_aquatic.xlsx,bfc24df5dbd2d21341a9580e5053f7a7b89c1ddea1ebe75c55407f4cee27a54d,BCF-BAF Database,765,K765;I765;J765,"{""BAF"": 169, ""BAF Min"": null, ""BAF Max"": null}",reported_database_value,169.0,169.0,2.227886704613673,True,True,True,True,primary_located_not_eligible,False,verified_summary_with_LOQ_substitution,SI Table S7 PDF page 31; phytoplankton; PFOS; mean,sensitivity_only_LOQ_substitution_not_resolved_per_cell; Source explicitly substitutes half LOQ for censored concentrations; cell-specific censoring cannot be removed from summaries
BIO_6365,6365,BAF,CMP_cfdde373a2a8c04668f0,Lorenzo 2019,10.1016/j.scitotenv.2018.07.304,data/raw/ITRC_aquatic.xlsx,bfc24df5dbd2d21341a9580e5053f7a7b89c1ddea1ebe75c55407f4cee27a54d,BCF-BAF Database,766,K766;I766;J766,"{""BAF"": 962, ""BAF Min"": null, ""BAF Max"": null}",reported_database_value,962.0,962.0,2.983175072037813,True,True,True,True,database_traced_primary_not_verified,False,unverified_primary_table,,Original-paper numerical cell not verified
BIO_6366,6366,BCF,CMP_cfdde373a2a8c04668f0,Martin 2003a,10.1002/etc.5620220126,data/raw/ITRC_aquatic.xlsx,bfc24df5dbd2d21341a9580e5053f7a7b89c1ddea1ebe75c55407f4cee27a54d,BCF-BAF Database,767,H767;F767;G767,"{""BCF"": 1100, ""BCF Min"": null, ""BCF Max"": null}",reported_database_value,1100.0,1100.0,3.041392685158225,True,True,True,True,database_traced_primary_not_verified,False,unverified_primary_table,,Original-paper numerical cell not verified
BIO_6367,6367,BCF,CMP_cfdde373a2a8c04668f0,Martin 2003a,10.1002/etc.5620220126,data/raw/ITRC_aquatic.xlsx,bfc24df5dbd2d21341a9580e5053f7a7b89c1ddea1ebe75c55407f4cee27a54d,BCF-BAF Database,768,H768;F768;G768,"{""BCF"": 4300, ""BCF Min"": null, ""BCF Max"": null}",reported_database_value,4300.0,4300.0,3.633468455579586,True,True,True,True,database_traced_primary_not_verified,False,unverified_primary_table,,Original-paper numerical cell not verified
BIO_6368,6368,BCF,CMP_cfdde373a2a8c04668f0,Martin 2003a,10.1002/etc.5620220126,data/raw/ITRC_aquatic.xlsx,bfc24df5dbd2d21341a9580e5053f7a7b89c1ddea1ebe75c55407f4cee27a54d,BCF-BAF Database,769,H769;F769;G769,"{""BCF"": 5400, ""BCF Min"": null, ""BCF Max"": null}",reported_database_value,5400.0,5400.0,3.7323937598229686,True,True,True,True,database_traced_primary_not_verified,False,unverified_primary_table,,Original-paper numerical cell not verified
BIO_6369,6369,BAF,CMP_cfdde373a2a8c04668f0,Moody 2002,10.1021/es011001+,data/raw/ITRC_aquatic.xlsx,bfc24df5dbd2d21341a9580e5053f7a7b89c1ddea1ebe75c55407f4cee27a54d,BCF-BAF Database,770,K770;I770;J770,"{""BAF"": null, ""BAF Min"": 6300, ""BAF Max"": 125000}",arithmetic_midpoint_of_reported_range,65650.0,65650.0,4.817234730425498,True,True,True,True,database_traced_primary_not_verified,False,unverified_primary_table,,Original-paper numerical cell not verified
BIO_6370,6370,BAF,CMP_cfdde373a2a8c04668f0,Murakami 2011,10.1007/s00244-011-9660-4,data/raw/ITRC_aquatic.xlsx,bfc24df5dbd2d21341a9580e5053f7a7b89c1ddea1ebe75c55407f4cee27a54d,BCF-BAF Database,771,K771;I771;J771,"{""BAF"": 270, ""BAF Min"": null, ""BAF Max"": null}",reported_database_value,270.0,270.0,2.431363764158988,True,True,True,True,database_traced_primary_not_verified,False,unverified_primary_table,,Original-paper numerical cell not verified
BIO_6371,6371,BAF,CMP_cfdde373a2a8c04668f0,Murakami 2011,10.1007/s00244-011-9660-4,data/raw/ITRC_aquatic.xlsx,bfc24df5dbd2d21341a9580e5053f7a7b89c1ddea1ebe75c55407f4cee27a54d,BCF-BAF Database,772,K772;I772;J772,"{""BAF"": 560, ""BAF Min"": null, ""BAF Max"": null}",reported_database_value,560.0,560.0,2.7481880270062,True,True,True,True,database_traced_primary_not_verified,False,unverified_primary_table,,Original-paper numerical cell not verified
BIO_6372,6372,BAF,CMP_cfdde373a2a8c04668f0,Murakami 2011,10.1007/s00244-011-9660-4,data/raw/ITRC_aquatic.xlsx,bfc24df5dbd2d21341a9580e5053f7a7b89c1ddea1ebe75c55407f4cee27a54d,BCF-BAF Database,773,K773;I773;J773,"{""BAF"": 1300, ""BAF Min"": null, ""BAF Max"": null}",reported_database_value,1300.0,1300.0,3.113943352306837,True,True,True,True,database_traced_primary_not_verified,False,unverified_primary_table,,Original-paper numerical cell not verified
BIO_6373,6373,BAF,CMP_cfdde373a2a8c04668f0,Murakami 2011,10.1007/s00244-011-9660-4,data/raw/ITRC_aquatic.xlsx,bfc24df5dbd2d21341a9580e5053f7a7b89c1ddea1ebe75c55407f4cee27a54d,BCF-BAF Database,774,K774;I774;J774,"{""BAF"": 3000, ""BAF Min"": null, ""BAF Max"": null}",reported_database_value,3000.0,3000.0,3.4771212547196626,True,True,True,True,database_traced_primary_not_verified,False,unverified_primary_table,,Original-paper numerical cell not verified
BIO_6374,6374,BAF,CMP_cfdde373a2a8c04668f0,Naile 2013,10.1016/j.chemosphere.2012.07.033,data/raw/ITRC_aquatic.xlsx,bfc24df5dbd2d21341a9580e5053f7a7b89c1ddea1ebe75c55407f4cee27a54d,BCF-BAF Database,775,K775;I775;J775,"{""BAF"": 257.03957827688663, ""BAF Min"": null, ""BAF Max"": null}",reported_database_value,257.03957827688663,257.0395782768866,2.41,True,True,True,True,database_traced_primary_not_verified,False,unverified_primary_table,,Original-paper numerical cell not verified
BIO_6375,6375,BAF,CMP_cfdde373a2a8c04668f0,Naile 2013,10.1016/j.chemosphere.2012.07.033,data/raw/ITRC_aquatic.xlsx,bfc24df5dbd2d21341a9580e5053f7a7b89c1ddea1ebe75c55407f4cee27a54d,BCF-BAF Database,776,K776;I776;J776,"{""BAF"": 213.7962089502234, ""BAF Min"": null, ""BAF Max"": null}",reported_database_value,213.7962089502234,213.7962089502234,2.3300000000000005,True,True,True,True,database_traced_primary_not_verified,False,unverified_primary_table,,Original-paper numerical cell not verified
BIO_6376,6376,BAF,CMP_cfdde373a2a8c04668f0,Naile 2013,10.1016/j.chemosphere.2012.07.033,data/raw/ITRC_aquatic.xlsx,bfc24df5dbd2d21341a9580e5053f7a7b89c1ddea1ebe75c55407f4cee27a54d,BCF-BAF Database,777,K777;I777;J777,"{""BAF"": 77.62471166286922, ""BAF Min"": null, ""BAF Max"": null}",reported_database_value,77.62471166286922,77.62471166286922,1.8900000000000003,True,True,True,True,database_traced_primary_not_verified,False,unverified_primary_table,,Original-paper numerical cell not verified
BIO_6377,6377,BAF,CMP_cfdde373a2a8c04668f0,Naile 2013,10.1016/j.chemosphere.2012.07.033,data/raw/ITRC_aquatic.xlsx,bfc24df5dbd2d21341a9580e5053f7a7b89c1ddea1ebe75c55407f4cee27a54d,BCF-BAF Database,778,K778;I778;J778,"{""BAF"": 2691.5348039269184, ""BAF Min"": null, ""BAF Max"": null}",reported_database_value,2691.5348039269184,2691.534803926918,3.4300000000000006,True,True,True,True,database_traced_primary_not_verified,False,unverified_primary_table,,Original-paper numerical cell not verified
BIO_6378,6378,BAF,CMP_cfdde373a2a8c04668f0,Naile 2013,10.1016/j.chemosphere.2012.07.033,data/raw/ITRC_aquatic.xlsx,bfc24df5dbd2d21341a9580e5053f7a7b89c1ddea1ebe75c55407f4cee27a54d,BCF-BAF Database,779,K779;I779;J779,"{""BAF"": 14454.397707459291, ""BAF Min"": null, ""BAF Max"": null}",reported_database_value,14454.397707459291,14454.39770745929,4.16,True,True,True,True,database_traced_primary_not_verified,False,unverified_primary_table,,Original-paper numerical cell not verified
BIO_6379,6379,BAF,CMP_cfdde373a2a8c04668f0,Naile 2013,10.1016/j.chemosphere.2012.07.033,data/raw/ITRC_aquatic.xlsx,bfc24df5dbd2d21341a9580e5053f7a7b89c1ddea1ebe75c55407f4cee27a54d,BCF-BAF Database,780,K780;I780;J780,"{""BAF"": 30902.954325135954, ""BAF Min"": null, ""BAF Max"": null}",reported_database_value,30902.954325135954,30902.95432513595,4.490000000000001,True,True,True,True,database_traced_primary_not_verified,False,unverified_primary_table,,Original-paper numerical cell not verified
BIO_6380,6380,BAF,CMP_cfdde373a2a8c04668f0,Naile 2013,10.1016/j.chemosphere.2012.07.033,data/raw/ITRC_aquatic.xlsx,bfc24df5dbd2d21341a9580e5053f7a7b89c1ddea1ebe75c55407f4cee27a54d,BCF-BAF Database,781,K781;I781;J781,"{""BAF"": 1659.5869074375626, ""BAF Min"": null, ""BAF Max"": null}",reported_database_value,1659.5869074375626,1659.586907437563,3.2200000000000006,True,True,True,True,database_traced_primary_not_verified,False,unverified_primary_table,,Original-paper numerical cell not verified
BIO_6381,6381,BAF,CMP_cfdde373a2a8c04668f0,Naile 2013,10.1016/j.chemosphere.2012.07.033,data/raw/ITRC_aquatic.xlsx,bfc24df5dbd2d21341a9580e5053f7a7b89c1ddea1ebe75c55407f4cee27a54d,BCF-BAF Database,782,K782;I782;J782,"{""BAF"": 831.7637711026714, ""BAF Min"": null, ""BAF Max"": null}",reported_database_value,831.7637711026714,831.7637711026714,2.9200000000000004,True,True,True,True,database_traced_primary_not_verified,False,unverified_primary_table,,Original-paper numerical cell not verified
BIO_6382,6382,BAF,CMP_cfdde373a2a8c04668f0,Pan 2014,10.1016/j.ecoenv.2014.05.031,data/raw/ITRC_aquatic.xlsx,bfc24df5dbd2d21341a9580e5053f7a7b89c1ddea1ebe75c55407f4cee27a54d,BCF-BAF Database,783,K783;I783;J783,"{""BAF"": null, ""BAF Min"": 501.19, ""BAF Max"": 2511.89}",arithmetic_midpoint_of_reported_range,1506.54,1506.54,3.177980667073867,True,True,True,True,database_traced_primary_not_verified,False,unverified_primary_table,,Original-paper numerical cell not verified
BIO_6383,6383,BAF,CMP_cfdde373a2a8c04668f0,Pan 2014,10.1016/j.ecoenv.2014.05.031,data/raw/ITRC_aquatic.xlsx,bfc24df5dbd2d21341a9580e5053f7a7b89c1ddea1ebe75c55407f4cee27a54d,BCF-BAF Database,784,K784;I784;J784,"{""BAF"": null, ""BAF Min"": 3162.28, ""BAF Max"": 39810.72}",arithmetic_midpoint_of_reported_range,21486.5,21486.5,4.332165677730573,True,True,True,True,database_traced_primary_not_verified,False,unverified_primary_table,,Original-paper numerical cell not verified
BIO_6384,6384,BAF,CMP_cfdde373a2a8c04668f0,Shi 2015,10.1021/acs.est.5b04299,data/raw/ITRC_aquatic.xlsx,bfc24df5dbd2d21341a9580e5053f7a7b89c1ddea1ebe75c55407f4cee27a54d,BCF-BAF Database,785,K785;I785;J785,"{""BAF"": 6280.583588133188, ""BAF Min"": 2917.4270140011686, ""BAF Max"": 13583.134465871564}",reported_database_value,6280.583588133188,6280.583588133188,3.798000000000001,True,True,True,True,primary_included,True,verified_summary,SI Table S10 PDF page 11; TL; bile; PFOS; mean,Source-qualified endpoint and value under frozen eligibility criteria
BIO_6385,6385,BAF,CMP_cfdde373a2a8c04668f0,Shi 2015,10.1021/acs.est.5b04299,data/raw/ITRC_aquatic.xlsx,bfc24df5dbd2d21341a9580e5053f7a7b89c1ddea1ebe75c55407f4cee27a54d,BCF-BAF Database,786,K786;I786;J786,"{""BAF"": 2037.042077705721, ""BAF Min"": 899.4975815300363, ""BAF Max"": 5058.246620031146}",reported_database_value,2037.042077705721,2037.042077705721,3.3090000000000006,True,True,True,True,primary_included,True,verified_summary,SI Table S10 PDF page 11; TL; bladder; PFOS; mean,Source-qualified endpoint and value under frozen eligibility criteria
BIO_6386,6386,BAF,CMP_cfdde373a2a8c04668f0,Shi 2015,10.1021/acs.est.5b04299,data/raw/ITRC_aquatic.xlsx,bfc24df5dbd2d21341a9580e5053f7a7b89c1ddea1ebe75c55407f4cee27a54d,BCF-BAF Database,787,K787;I787;J787,"{""BAF"": 9638.290236239709, ""BAF Min"": 2697.7394324449224, ""BAF Max"": 20511.621788255678}",reported_database_value,9638.290236239709,9638.290236239707,3.984,True,True,True,True,primary_included,True,verified_summary,SI Table S10 PDF page 11; TL; blood; PFOS; mean,Source-qualified endpoint and value under frozen eligibility criteria
BIO_6387,6387,BAF,CMP_cfdde373a2a8c04668f0,Shi 2015,10.1021/acs.est.5b04299,data/raw/ITRC_aquatic.xlsx,bfc24df5dbd2d21341a9580e5053f7a7b89c1ddea1ebe75c55407f4cee27a54d,BCF-BAF Database,788,K788;I788;J788,"{""BAF"": 2964.831389524346, ""BAF Min"": 1584.8931924611156, ""BAF Max"": 6870.684400142336}",reported_database_value,2964.831389524346,2964.831389524346,3.4720000000000004,True,True,True,True,primary_included,True,verified_summary,SI Table S10 PDF page 11; TL; brain; PFOS; mean,Source-qualified endpoint and value under frozen eligibility criteria
BIO_6388,6388,BAF,CMP_cfdde373a2a8c04668f0,Shi 2015,10.1021/acs.est.5b04299,data/raw/ITRC_aquatic.xlsx,bfc24df5dbd2d21341a9580e5053f7a7b89c1ddea1ebe75c55407f4cee27a54d,BCF-BAF Database,789,K789;I789;J789,"{""BAF"": 2884.0315031266077, ""BAF Min"": 1367.7288255958504, ""BAF Max"": 4178.303666466225}",reported_database_value,2884.0315031266077,2884.031503126608,3.4600000000000004,True,True,True,True,primary_included,True,verified_summary,SI Table S10 PDF page 11; TL; gill; PFOS; mean,Source-qualified endpoint and value under frozen eligibility criteria
BIO_6389,6389,BAF,CMP_cfdde373a2a8c04668f0,Shi 2015,10.1021/acs.est.5b04299,data/raw/ITRC_aquatic.xlsx,bfc24df5dbd2d21341a9580e5053f7a7b89c1ddea1ebe75c55407f4cee27a54d,BCF-BAF Database,790,K790;I790;J790,"{""BAF"": 5888.436553555897, ""BAF Min"": 1990.673338987188, ""BAF Max"": 10641.430182243183}",reported_database_value,5888.436553555897,5888.436553555897,3.770000000000001,True,True,True,True,primary_included,True,verified_summary,SI Table S10 PDF page 11; TL; gonad; PFOS; mean,Source-qualified endpoint and value under frozen eligibility criteria
BIO_6390,6390,BAF,CMP_cfdde373a2a8c04668f0,Shi 2015,10.1021/acs.est.5b04299,data/raw/ITRC_aquatic.xlsx,bfc24df5dbd2d21341a9580e5053f7a7b89c1ddea1ebe75c55407f4cee27a54d,BCF-BAF Database,791,K791;I791;J791,"{""BAF"": 5011.872336272732, ""BAF Min"": 1862.0871366628687, ""BAF Max"": 7396.052750582388}",reported_database_value,5011.872336272732,5011.872336272732,3.700000000000001,True,True,True,True,primary_included,True,verified_summary,SI Table S10 PDF page 11; TL; heart; PFOS; mean,Source-qualified endpoint and value under frozen eligibility criteria
BIO_6391,6391,BAF,CMP_cfdde373a2a8c04668f0,Shi 2015,10.1021/acs.est.5b04299,data/raw/ITRC_aquatic.xlsx,bfc24df5dbd2d21341a9580e5053f7a7b89c1ddea1ebe75c55407f4cee27a54d,BCF-BAF Database,792,K792;I792;J792,"{""BAF"": 5688.529308438423, ""BAF Min"": 1729.8163592151025, ""BAF Max"": 10568.175092136602}",reported_database_value,5688.529308438423,5688.529308438423,3.755000000000001,True,True,True,True,primary_included,True,verified_summary,SI Table S10 PDF page 11; TL; kidney; PFOS; mean,Source-qualified endpoint and value under frozen eligibility criteria
BIO_6392,6392,BAF,CMP_cfdde373a2a8c04668f0,Shi 2015,10.1021/acs.est.5b04299,data/raw/ITRC_aquatic.xlsx,bfc24df5dbd2d21341a9580e5053f7a7b89c1ddea1ebe75c55407f4cee27a54d,BCF-BAF Database,793,K793;I793;J793,"{""BAF"": 4425.883723626272, ""BAF Min"": 2317.394649968482, ""BAF Max"": 8147.042840208401}",reported_database_value,4425.883723626272,4425.883723626272,3.646000000000001,True,True,True,True,primary_included,True,verified_summary,SI Table S10 PDF page 11; TL; liver; PFOS; mean,Source-qualified endpoint and value under frozen eligibility criteria
BIO_6393,6393,BAF,CMP_cfdde373a2a8c04668f0,Shi 2015,10.1021/acs.est.5b04299,data/raw/ITRC_aquatic.xlsx,bfc24df5dbd2d21341a9580e5053f7a7b89c1ddea1ebe75c55407f4cee27a54d,BCF-BAF Database,794,K794;I794;J794,"{""BAF"": 741.3102413009183, ""BAF Min"": 413.9996748197306, ""BAF Max"": 1663.4126503701711}",reported_database_value,741.3102413009183,741.3102413009183,2.870000000000001,True,True,True,True,primary_included,True,verified_summary,SI Table S10 PDF page 11; TL; muscle; PFOS; mean,Source-qualified endpoint and value under frozen eligibility criteria
BIO_6394,6394,BAF,CMP_cfdde373a2a8c04668f0,Shi 2015,10.1021/acs.est.5b04299,data/raw/ITRC_aquatic.xlsx,bfc24df5dbd2d21341a9580e5053f7a7b89c1ddea1ebe75c55407f4cee27a54d,BCF-BAF Database,795,K795;I795;J795,"{""BAF"": 1963.3602768360483, ""BAF Min"": 688.6522963442766, ""BAF Max"": 3548.133892335754}",reported_database_value,1963.3602768360483,1963.360276836048,3.293,True,True,True,True,primary_located_not_eligible,False,verified_summary,SI Table S10 PDF page 11; TL; whole body; PFOS; mean,sensitivity_only_whole_body_reconstructed_from_tissues; Mean logBAF; shared study/site fish; whole body reconstructed from tissue contributions where applicable; not individual measurements
BIO_6395,6395,BAF,CMP_cfdde373a2a8c04668f0,Shi 2015,10.1021/acs.est.5b04299,data/raw/ITRC_aquatic.xlsx,bfc24df5dbd2d21341a9580e5053f7a7b89c1ddea1ebe75c55407f4cee27a54d,BCF-BAF Database,796,K796;I796;J796,"{""BAF"": 10715.193052376071, ""BAF Min"": 3507.51873952568, ""BAF Max"": 19633.602768360506}",reported_database_value,10715.193052376071,10715.19305237607,4.03,True,True,True,True,primary_included,True,verified_summary,SI Table S10 PDF page 11; XR; bile; PFOS; mean,Source-qualified endpoint and value under frozen eligibility criteria
BIO_6396,6396,BAF,CMP_cfdde373a2a8c04668f0,Shi 2015,10.1021/acs.est.5b04299,data/raw/ITRC_aquatic.xlsx,bfc24df5dbd2d21341a9580e5053f7a7b89c1ddea1ebe75c55407f4cee27a54d,BCF-BAF Database,797,K797;I797;J797,"{""BAF"": 7464.48758410067, ""BAF Min"": 1682.674061070469, ""BAF Max"": 13427.649611378662}",reported_database_value,7464.48758410067,7464.48758410067,3.873,True,True,True,True,primary_included,True,verified_summary,SI Table S10 PDF page 11; XR; bladder; PFOS; mean,Source-qualified endpoint and value under frozen eligibility criteria
BIO_6397,6397,BAF,CMP_cfdde373a2a8c04668f0,Shi 2015,10.1021/acs.est.5b04299,data/raw/ITRC_aquatic.xlsx,bfc24df5dbd2d21341a9580e5053f7a7b89c1ddea1ebe75c55407f4cee27a54d,BCF-BAF Database,798,K798;I798;J798,"{""BAF"": 19998.618696327452, ""BAF Min"": 6309.573444801938, ""BAF Max"": 36897.75985701512}",reported_database_value,19998.618696327452,19998.61869632745,4.301,True,True,True,True,primary_included,True,verified_summary,SI Table S10 PDF page 11; XR; blood; PFOS; mean,Source-qualified endpoint and value under frozen eligibility criteria
BIO_6398,6398,BAF,CMP_cfdde373a2a8c04668f0,Shi 2015,10.1021/acs.est.5b04299,data/raw/ITRC_aquatic.xlsx,bfc24df5dbd2d21341a9580e5053f7a7b89c1ddea1ebe75c55407f4cee27a54d,BCF-BAF Database,799,K799;I799;J799,"{""BAF"": 6886.522963442768, ""BAF Min"": 2741.574171927886, ""BAF Max"": 12331.0483322891}",reported_database_value,6886.522963442768,6886.522963442768,3.838000000000001,True,True,True,True,primary_included,True,verified_summary,SI Table S10 PDF page 11; XR; brain; PFOS; mean,Source-qualified endpoint and value under frozen eligibility criteria
BIO_6399,6399,BAF,CMP_cfdde373a2a8c04668f0,Shi 2015,10.1021/acs.est.5b04299,data/raw/ITRC_aquatic.xlsx,bfc24df5dbd2d21341a9580e5053f7a7b89c1ddea1ebe75c55407f4cee27a54d,BCF-BAF Database,800,K800;I800;J800,"{""BAF"": 8165.823713585935, ""BAF Min"": 3647.539469256082, ""BAF Max"": 14996.84835502376}",reported_database_value,8165.823713585935,8165.823713585935,3.912000000000001,True,True,True,True,primary_included,True,verified_summary,SI Table S10 PDF page 11; XR; gill; PFOS; mean,Source-qualified endpoint and value under frozen eligibility criteria
BIO_6400,6400,BAF,CMP_cfdde373a2a8c04668f0,Shi 2015,10.1021/acs.est.5b04299,data/raw/ITRC_aquatic.xlsx,bfc24df5dbd2d21341a9580e5053f7a7b89c1ddea1ebe75c55407f4cee27a54d,BCF-BAF Database,801,K801;I801;J801,"{""BAF"": 11481.536214968832, ""BAF Min"": 2218.1964198002206, ""BAF Max"": 27605.778562203483}",reported_database_value,11481.536214968832,11481.53621496883,4.0600000000000005,True,True,True,True,primary_included,True,verified_summary,SI Table S10 PDF page 11; XR; gonad; PFOS; mean,Source-qualified endpoint and value under frozen eligibility criteria
BIO_6401,6401,BAF,CMP_cfdde373a2a8c04668f0,Shi 2015,10.1021/acs.est.5b04299,data/raw/ITRC_aquatic.xlsx,bfc24df5dbd2d21341a9580e5053f7a7b89c1ddea1ebe75c55407f4cee27a54d,BCF-BAF Database,802,K802;I802;J802,"{""BAF"": 8994.975815300357, ""BAF Min"": 1990.673338987188, ""BAF Max"": 16292.960326397228}",reported_database_value,8994.975815300357,8994.975815300357,3.954,True,True,True,True,primary_included,True,verified_summary,SI Table S10 PDF page 11; XR; heart; PFOS; mean,Source-qualified endpoint and value under frozen eligibility criteria
BIO_6402,6402,BAF,CMP_cfdde373a2a8c04668f0,Shi 2015,10.1021/acs.est.5b04299,data/raw/ITRC_aquatic.xlsx,bfc24df5dbd2d21341a9580e5053f7a7b89c1ddea1ebe75c55407f4cee27a54d,BCF-BAF Database,803,K803;I803;J803,"{""BAF"": 11803.206356517316, ""BAF Min"": 2992.264636608193, ""BAF Max"": 22750.97430772072}",reported_database_value,11803.206356517316,11803.20635651732,4.072000000000001,True,True,True,True,primary_included,True,verified_summary,SI Table S10 PDF page 11; XR; kidney; PFOS; mean,Source-qualified endpoint and value under frozen eligibility criteria
BIO_6403,6403,BAF,CMP_cfdde373a2a8c04668f0,Shi 2015,10.1021/acs.est.5b04299,data/raw/ITRC_aquatic.xlsx,bfc24df5dbd2d21341a9580e5053f7a7b89c1ddea1ebe75c55407f4cee27a54d,BCF-BAF Database,804,K804;I804;J804,"{""BAF"": 9225.714271547642, ""BAF Min"": 3118.8895840939413, ""BAF Max"": 16481.623915255084}",reported_database_value,9225.714271547642,9225.714271547642,3.9650000000000007,True,True,True,True,primary_included,True,verified_summary,SI Table S10 PDF page 11; XR; liver; PFOS; mean,Source-qualified endpoint and value under frozen eligibility criteria
BIO_6404,6404,BAF,CMP_cfdde373a2a8c04668f0,Shi 2015,10.1021/acs.est.5b04299,data/raw/ITRC_aquatic.xlsx,bfc24df5dbd2d21341a9580e5053f7a7b89c1ddea1ebe75c55407f4cee27a54d,BCF-BAF Database,805,K805;I805;J805,"{""BAF"": 1566.75107010815, ""BAF Min"": 452.89757990362125, ""BAF Max"": 2779.7132677592917}",reported_database_value,1566.75107010815,1566.75107010815,3.1950000000000003,True,True,True,True,primary_included,True,verified_summary,SI Table S10 PDF page 11; XR; muscle; PFOS; mean,Source-qualified endpoint and value under frozen eligibility criteria
BIO_6405,6405,BAF,CMP_cfdde373a2a8c04668f0,Shi 2015,10.1021/acs.est.5b04299,data/raw/ITRC_aquatic.xlsx,bfc24df5dbd2d21341a9580e5053f7a7b89c1ddea1ebe75c55407f4cee27a54d,BCF-BAF Database,806,K806;I806;J806,"{""BAF"": 2818.382931264456, ""BAF Min"": 810.9610578538407, ""BAF Max"": 4965.923214503366}",reported_database_value,2818.382931264456,2818.382931264456,3.45,True,True,True,True,primary_located_not_eligible,False,verified_summary,SI Table S10 PDF page 11; XR; whole body; PFOS; mean,sensitivity_only_whole_body_reconstructed_from_tissues; Mean logBAF; shared study/site fish; whole body reconstructed from tissue contributions where applicable; not individual measurements
BIO_6406,6406,BAF,CMP_cfdde373a2a8c04668f0,Sinclair 2006,10.1007/s00244-005-1188-z,data/raw/ITRC_aquatic.xlsx,bfc24df5dbd2d21341a9580e5053f7a7b89c1ddea1ebe75c55407f4cee27a54d,BCF-BAF Database,807,K807;I807;J807,"{""BAF"": 8850, ""BAF Min"": null, ""BAF Max"": null}",reported_database_value,8850.0,8850.0,3.9469432706978256,True,True,True,True,database_traced_primary_not_verified,False,unverified_primary_table,,Original-paper numerical cell not verified
BIO_6407,6407,BAF,CMP_cfdde373a2a8c04668f0,Song 2020,10.1021/acs.est.9b04906,data/raw/ITRC_aquatic.xlsx,bfc24df5dbd2d21341a9580e5053f7a7b89c1ddea1ebe75c55407f4cee27a54d,BCF-BAF Database,808,K808;I808;J808,"{""BAF"": 6093, ""BAF Min"": null, ""BAF Max"": null}",reported_database_value,6093.0,6093.0,3.7848311781244695,True,True,True,True,primary_included,True,verified_summary,SI Table S10 PDF page 20; Current Study; PFOS; Concentration,Source-qualified endpoint and value under frozen eligibility criteria
BIO_6408,6408,BAF,CMP_cfdde373a2a8c04668f0,Song 2020,10.1021/acs.est.9b04906,data/raw/ITRC_aquatic.xlsx,bfc24df5dbd2d21341a9580e5053f7a7b89c1ddea1ebe75c55407f4cee27a54d,BCF-BAF Database,809,K809;I809;J809,"{""BAF"": 11754, ""BAF Min"": null, ""BAF Max"": null}",reported_database_value,11754.0,11754.0,4.07018568637838,True,True,True,True,primary_located_not_eligible,False,verified_alternative_analytical_estimate,SI Table S10 PDF page 20; Current Study; PFOS; Peak Area,exclude_independent_count; retain_paired_method_sensitivity; Same biological experiment and alternative analytical estimate; concentration approach retained; peak-area estimate cannot be counted as independent experimental validation
BIO_6409,6409,BAF,CMP_cfdde373a2a8c04668f0,Taniyasu 2003,10.1021/es0303440,data/raw/ITRC_aquatic.xlsx,bfc24df5dbd2d21341a9580e5053f7a7b89c1ddea1ebe75c55407f4cee27a54d,BCF-BAF Database,810,K810;I810;J810,"{""BAF"": 5500, ""BAF Min"": 1400, ""BAF Max"": 21100}",reported_database_value,5500.0,5500.0,3.740362689494244,True,True,True,True,database_traced_primary_not_verified,False,unverified_primary_table,,Original-paper numerical cell not verified
BIO_6410,6410,BAF,CMP_cfdde373a2a8c04668f0,Terechovs 2019,10.1016/j.scitotenv.2018.08.431,data/raw/ITRC_aquatic.xlsx,bfc24df5dbd2d21341a9580e5053f7a7b89c1ddea1ebe75c55407f4cee27a54d,BCF-BAF Database,811,K811;I811;J811,"{""BAF"": 6000, ""BAF Min"": null, ""BAF Max"": null}",reported_database_value,6000.0,6000.0,3.778151250383644,True,True,True,True,database_traced_primary_not_verified,False,unverified_primary_table,,Original-paper numerical cell not verified
BIO_6411,6411,BAF,CMP_cfdde373a2a8c04668f0,Terechovs 2019,10.1016/j.scitotenv.2018.08.431,data/raw/ITRC_aquatic.xlsx,bfc24df5dbd2d21341a9580e5053f7a7b89c1ddea1ebe75c55407f4cee27a54d,BCF-BAF Database,812,K812;I812;J812,"{""BAF"": 26000, ""BAF Min"": null, ""BAF Max"": null}",reported_database_value,26000.0,26000.0,4.414973347970818,True,True,True,True,database_traced_primary_not_verified,False,unverified_primary_table,,Original-paper numerical cell not verified
BIO_6412,6412,BAF,CMP_cfdde373a2a8c04668f0,Thompson 2011,10.1016/j.marpolbul.2011.09.002,data/raw/ITRC_aquatic.xlsx,bfc24df5dbd2d21341a9580e5053f7a7b89c1ddea1ebe75c55407f4cee27a54d,BCF-BAF Database,813,K813;I813;J813,"{""BAF"": 157.14285714285714, ""BAF Min"": null, ""BAF Max"": null}",reported_database_value,157.14285714285714,157.1428571428571,2.196294645143968,True,True,True,True,database_traced_primary_not_verified,False,unverified_primary_table,,Original-paper numerical cell not verified
BIO_6413,6413,BAF,CMP_cfdde373a2a8c04668f0,Thompson 2011,10.1016/j.marpolbul.2011.09.002,data/raw/ITRC_aquatic.xlsx,bfc24df5dbd2d21341a9580e5053f7a7b89c1ddea1ebe75c55407f4cee27a54d,BCF-BAF Database,814,K814;I814;J814,"{""BAF"": 5000, ""BAF Min"": null, ""BAF Max"": null}",reported_database_value,5000.0,5000.0,3.6989700043360174,True,True,True,True,database_traced_primary_not_verified,False,unverified_primary_table,,Original-paper numerical cell not verified
BIO_6414,6414,BAF,CMP_cfdde373a2a8c04668f0,Thompson 2011,10.1016/j.marpolbul.2011.09.002,data/raw/ITRC_aquatic.xlsx,bfc24df5dbd2d21341a9580e5053f7a7b89c1ddea1ebe75c55407f4cee27a54d,BCF-BAF Database,815,K815;I815;J815,"{""BAF"": 85.71428571428571, ""BAF Min"": null, ""BAF Max"": null}",reported_database_value,85.71428571428571,85.71428571428571,1.9330532103693867,True,True,True,True,database_traced_primary_not_verified,False,unverified_primary_table,,Original-paper numerical cell not verified
BIO_6418,6418,BAF,CMP_cfdde373a2a8c04668f0,Wang 2013,10.1016/j.envpol.2013.04.020,data/raw/ITRC_aquatic.xlsx,bfc24df5dbd2d21341a9580e5053f7a7b89c1ddea1ebe75c55407f4cee27a54d,BCF-BAF Database,819,K819;I819;J819,"{""BAF"": 240, ""BAF Min"": null, ""BAF Max"": null}",reported_database_value,240.0,240.0,2.380211241711606,True,True,True,True,database_traced_primary_not_verified,False,unverified_primary_table,,Original-paper numerical cell not verified
BIO_6419,6419,BAF,CMP_cfdde373a2a8c04668f0,Wang 2013,10.1016/j.envpol.2013.04.020,data/raw/ITRC_aquatic.xlsx,bfc24df5dbd2d21341a9580e5053f7a7b89c1ddea1ebe75c55407f4cee27a54d,BCF-BAF Database,820,K820;I820;J820,"{""BAF"": 450, ""BAF Min"": null, ""BAF Max"": null}",reported_database_value,450.0,450.0,2.6532125137753435,True,True,True,True,database_traced_primary_not_verified,False,unverified_primary_table,,Original-paper numerical cell not verified
BIO_6420,6420,BAF,CMP_cfdde373a2a8c04668f0,Wang 2013,10.1016/j.envpol.2013.04.020,data/raw/ITRC_aquatic.xlsx,bfc24df5dbd2d21341a9580e5053f7a7b89c1ddea1ebe75c55407f4cee27a54d,BCF-BAF Database,821,K821;I821;J821,"{""BAF"": 180, ""BAF Min"": null, ""BAF Max"": null}",reported_database_value,180.0,180.0,2.255272505103306,True,True,True,True,database_traced_primary_not_verified,False,unverified_primary_table,,Original-paper numerical cell not verified
BIO_6421,6421,BAF,CMP_cfdde373a2a8c04668f0,Wang 2013,10.1016/j.envpol.2013.04.020,data/raw/ITRC_aquatic.xlsx,bfc24df5dbd2d21341a9580e5053f7a7b89c1ddea1ebe75c55407f4cee27a54d,BCF-BAF Database,822,K822;I822;J822,"{""BAF"": 3800, ""BAF Min"": null, ""BAF Max"": null}",reported_database_value,3800.0,3800.0,3.57978359661681,True,True,True,True,database_traced_primary_not_verified,False,unverified_primary_table,,Original-paper numerical cell not verified
BIO_6422,6422,BAF,CMP_cfdde373a2a8c04668f0,Wang 2013,10.1016/j.envpol.2013.04.020,data/raw/ITRC_aquatic.xlsx,bfc24df5dbd2d21341a9580e5053f7a7b89c1ddea1ebe75c55407f4cee27a54d,BCF-BAF Database,823,K823;I823;J823,"{""BAF"": 1100, ""BAF Min"": null, ""BAF Max"": null}",reported_database_value,1100.0,1100.0,3.041392685158225,True,True,True,True,database_traced_primary_not_verified,False,unverified_primary_table,,Original-paper numerical cell not verified
BIO_6423,6423,BAF,CMP_cfdde373a2a8c04668f0,Yoo 2009,10.1007/s00244-008-9282-7,data/raw/ITRC_aquatic.xlsx,bfc24df5dbd2d21341a9580e5053f7a7b89c1ddea1ebe75c55407f4cee27a54d,BCF-BAF Database,824,K824;I824;J824,"{""BAF"": 3700, ""BAF Min"": null, ""BAF Max"": null}",reported_database_value,3700.0,3700.0,3.568201724066995,True,True,True,True,database_traced_primary_not_verified,False,unverified_primary_table,,Original-paper numerical cell not verified
BIO_6424,6424,BAF,CMP_cfdde373a2a8c04668f0,Yoo 2009,10.1007/s00244-008-9282-7,data/raw/ITRC_aquatic.xlsx,bfc24df5dbd2d21341a9580e5053f7a7b89c1ddea1ebe75c55407f4cee27a54d,BCF-BAF Database,825,K825;I825;J825,"{""BAF"": 12400, ""BAF Min"": null, ""BAF Max"": null}",reported_database_value,12400.0,12400.0,4.093421685162235,True,True,True,True,database_traced_primary_not_verified,False,unverified_primary_table,,Original-paper numerical cell not verified
BIO_6425,6425,BAF,CMP_6a78ec62602000d01409,Ahrens 2015,10.1016/j.chemosphere.2014.03.136,data/raw/ITRC_aquatic.xlsx,bfc24df5dbd2d21341a9580e5053f7a7b89c1ddea1ebe75c55407f4cee27a54d,BCF-BAF Database,826,K826;I826;J826,"{""BAF"": 1200, ""BAF Min"": 170, ""BAF Max"": 1800}",reported_database_value,1200.0,1200.0,3.0791812460476247,True,True,True,True,database_traced_primary_not_verified,False,unverified_primary_table,,Original-paper numerical cell not verified
BIO_6426,6426,BAF,CMP_6a78ec62602000d01409,Ahrens 2015,10.1016/j.chemosphere.2014.03.136,data/raw/ITRC_aquatic.xlsx,bfc24df5dbd2d21341a9580e5053f7a7b89c1ddea1ebe75c55407f4cee27a54d,BCF-BAF Database,827,K827;I827;J827,"{""BAF"": 2500, ""BAF Min"": 590, ""BAF Max"": 4900}",reported_database_value,2500.0,2500.0,3.397940008672037,True,True,True,True,database_traced_primary_not_verified,False,unverified_primary_table,,Original-paper numerical cell not verified
BIO_6427,6427,BAF,CMP_6a78ec62602000d01409,Ahrens 2015,10.1016/j.chemosphere.2014.03.136,data/raw/ITRC_aquatic.xlsx,bfc24df5dbd2d21341a9580e5053f7a7b89c1ddea1ebe75c55407f4cee27a54d,BCF-BAF Database,828,K828;I828;J828,"{""BAF"": 5300, ""BAF Min"": 3000, ""BAF Max"": 7500}",reported_database_value,5300.0,5300.0,3.724275869600789,True,True,True,True,database_traced_primary_not_verified,False,unverified_primary_table,,Original-paper numerical cell not verified
BIO_6428,6428,BAF,CMP_6a78ec62602000d01409,Ahrens 2015,10.1016/j.chemosphere.2014.03.136,data/raw/ITRC_aquatic.xlsx,bfc24df5dbd2d21341a9580e5053f7a7b89c1ddea1ebe75c55407f4cee27a54d,BCF-BAF Database,829,K829;I829;J829,"{""BAF"": 460, ""BAF Min"": 460, ""BAF Max"": 460}",reported_database_value,460.0,460.0,2.6627578316815743,True,True,True,True,database_traced_primary_not_verified,False,unverified_primary_table,,Original-paper numerical cell not verified
BIO_6429,6429,BAF,CMP_6a78ec62602000d01409,Ahrens 2015,10.1016/j.chemosphere.2014.03.136,data/raw/ITRC_aquatic.xlsx,bfc24df5dbd2d21341a9580e5053f7a7b89c1ddea1ebe75c55407f4cee27a54d,BCF-BAF Database,830,K830;I830;J830,"{""BAF"": 5000, ""BAF Min"": 3700, ""BAF Max"": 7000}",reported_database_value,5000.0,5000.0,3.6989700043360174,True,True,True,True,database_traced_primary_not_verified,False,unverified_primary_table,,Original-paper numerical cell not verified
BIO_6430,6430,BAF,CMP_6a78ec62602000d01409,Ahrens 2015,10.1016/j.chemosphere.2014.03.136,data/raw/ITRC_aquatic.xlsx,bfc24df5dbd2d21341a9580e5053f7a7b89c1ddea1ebe75c55407f4cee27a54d,BCF-BAF Database,831,K831;I831;J831,"{""BAF"": 45000, ""BAF Min"": 40000, ""BAF Max"": 51000}",reported_database_value,45000.0,45000.0,4.653212513775344,True,True,True,True,database_traced_primary_not_verified,False,unverified_primary_table,,Original-paper numerical cell not verified
BIO_6431,6431,BAF,CMP_6a78ec62602000d01409,Awad 2011,10.1021/es2001985,data/raw/ITRC_aquatic.xlsx,bfc24df5dbd2d21341a9580e5053f7a7b89c1ddea1ebe75c55407f4cee27a54d,BCF-BAF Database,832,K832;I832;J832,"{""BAF"": 1737.8008287493772, ""BAF Min"": 602.5595860743578, ""BAF Max"": 10471.285480509003}",reported_database_value,1737.8008287493772,1737.800828749377,3.24,True,True,True,True,database_traced_primary_not_verified,False,unverified_primary_table,,Original-paper numerical cell not verified
BIO_6432,6432,BAF,CMP_6a78ec62602000d01409,Awad 2011,10.1021/es2001985,data/raw/ITRC_aquatic.xlsx,bfc24df5dbd2d21341a9580e5053f7a7b89c1ddea1ebe75c55407f4cee27a54d,BCF-BAF Database,833,K833;I833;J833,"{""BAF"": 5495.408738576254, ""BAF Min"": 467.7351412871983, ""BAF Max"": 15488.166189124853}",reported_database_value,5495.408738576254,5495.408738576254,3.7400000000000007,True,True,True,True,database_traced_primary_not_verified,False,unverified_primary_table,,Original-paper numerical cell not verified
BIO_6433,6433,BAF,CMP_6a78ec62602000d01409,Furdui 2007,10.1021/es0620484,data/raw/ITRC_aquatic.xlsx,bfc24df5dbd2d21341a9580e5053f7a7b89c1ddea1ebe75c55407f4cee27a54d,BCF-BAF Database,834,K834;I834;J834,"{""BAF"": 2511.886431509581, ""BAF Min"": null, ""BAF Max"": null}",reported_database_value,2511.886431509581,2511.886431509581,3.4000000000000004,True,True,True,True,database_traced_primary_not_verified,False,unverified_primary_table,,Original-paper numerical cell not verified
BIO_6434,6434,BAF,CMP_6a78ec62602000d01409,Furdui 2007,10.1021/es0620484,data/raw/ITRC_aquatic.xlsx,bfc24df5dbd2d21341a9580e5053f7a7b89c1ddea1ebe75c55407f4cee27a54d,BCF-BAF Database,835,K835;I835;J835,"{""BAF"": 10000, ""BAF Min"": null, ""BAF Max"": null}",reported_database_value,10000.0,10000.0,4.0,True,True,True,True,database_traced_primary_not_verified,False,unverified_primary_table,,Original-paper numerical cell not verified
BIO_6435,6435,BAF,CMP_6a78ec62602000d01409,Furdui 2007,10.1021/es0620484,data/raw/ITRC_aquatic.xlsx,bfc24df5dbd2d21341a9580e5053f7a7b89c1ddea1ebe75c55407f4cee27a54d,BCF-BAF Database,836,K836;I836;J836,"{""BAF"": 7943.282347242815, ""BAF Min"": null, ""BAF Max"": null}",reported_database_value,7943.282347242815,7943.282347242815,3.9,True,True,True,True,database_traced_primary_not_verified,False,unverified_primary_table,,Original-paper numerical cell not verified
BIO_6436,6436,BAF,CMP_6a78ec62602000d01409,Furdui 2007,10.1021/es0620484,data/raw/ITRC_aquatic.xlsx,bfc24df5dbd2d21341a9580e5053f7a7b89c1ddea1ebe75c55407f4cee27a54d,BCF-BAF Database,837,K837;I837;J837,"{""BAF"": 6309.573444801938, ""BAF Min"": null, ""BAF Max"": null}",reported_database_value,6309.573444801938,6309.573444801938,3.8,True,True,True,True,database_traced_primary_not_verified,False,unverified_primary_table,,Original-paper numerical cell not verified
BIO_6437,6437,BAF,CMP_6a78ec62602000d01409,Gebbink 2016,10.1021/acs.est.6b01197,data/raw/ITRC_aquatic.xlsx,bfc24df5dbd2d21341a9580e5053f7a7b89c1ddea1ebe75c55407f4cee27a54d,BCF-BAF Database,838,K838;I838;J838,"{""BAF"": 4466.835921509634, ""BAF Min"": null, ""BAF Max"": null}",reported_database_value,4466.835921509634,4466.835921509634,3.65,True,True,True,True,primary_located_not_eligible,False,verified_isomer_sum,SI Table S9 PDF page 16; tot-FOSA; herring,exclude_from_single_structure_primary_analysis; retain_mixture_sensitivity; Field summary; source column and bound retained
BIO_6438,6438,BAF,CMP_6a78ec62602000d01409,Gebbink 2016,10.1021/acs.est.6b01197,data/raw/ITRC_aquatic.xlsx,bfc24df5dbd2d21341a9580e5053f7a7b89c1ddea1ebe75c55407f4cee27a54d,BCF-BAF Database,839,K839;I839;J839,"{""BAF"": 1949.8445997580463, ""BAF Min"": null, ""BAF Max"": null}",reported_database_value,1949.8445997580463,1949.844599758046,3.29,True,True,True,True,primary_located_not_eligible,False,verified_isomer_sum,SI Table S9 PDF page 16; tot-FOSA; zooplankton,exclude_from_single_structure_primary_analysis; retain_mixture_sensitivity; Field summary; source column and bound retained
BIO_6439,6439,BAF,CMP_6a78ec62602000d01409,Gebbink 2016,10.1021/acs.est.6b01197,data/raw/ITRC_aquatic.xlsx,bfc24df5dbd2d21341a9580e5053f7a7b89c1ddea1ebe75c55407f4cee27a54d,BCF-BAF Database,840,K840;I840;J840,"{""BAF"": 3801.893963205617, ""BAF Min"": null, ""BAF Max"": null}",reported_database_value,3801.893963205617,3801.893963205617,3.5800000000000005,True,True,True,True,primary_located_not_eligible,False,verified_isomer_sum,SI Table S9 PDF page 16; tot-FOSA; sprat,exclude_from_single_structure_primary_analysis; retain_mixture_sensitivity; Field summary; source column and bound retained
BIO_6440,6440,BAF,CMP_1e0abf78953775c0134f,Kobayashi 2018,10.1007/s00128-018-2282-z,data/raw/ITRC_aquatic.xlsx,bfc24df5dbd2d21341a9580e5053f7a7b89c1ddea1ebe75c55407f4cee27a54d,BCF-BAF Database,841,K841;I841;J841,"{""BAF"": 146.66666666666666, ""BAF Min"": null, ""BAF Max"": null}",reported_database_value,146.66666666666666,146.6666666666667,2.1663314217665253,True,True,True,True,database_traced_primary_not_verified,False,unverified_primary_table,,Original-paper numerical cell not verified
BIO_6441,6441,BAF,CMP_1e0abf78953775c0134f,Kobayashi 2018,10.1007/s00128-018-2282-z,data/raw/ITRC_aquatic.xlsx,bfc24df5dbd2d21341a9580e5053f7a7b89c1ddea1ebe75c55407f4cee27a54d,BCF-BAF Database,842,K842;I842;J842,"{""BAF"": 126.66666666666667, ""BAF Min"": null, ""BAF Max"": null}",reported_database_value,126.66666666666667,126.6666666666667,2.102662341897148,True,True,True,True,database_traced_primary_not_verified,False,unverified_primary_table,,Original-paper numerical cell not verified
BIO_6442,6442,BAF,CMP_1e0abf78953775c0134f,Kobayashi 2018,10.1007/s00128-018-2282-z,data/raw/ITRC_aquatic.xlsx,bfc24df5dbd2d21341a9580e5053f7a7b89c1ddea1ebe75c55407f4cee27a54d,BCF-BAF Database,843,K843;I843;J843,"{""BAF"": 80, ""BAF Min"": null, ""BAF Max"": null}",reported_database_value,80.0,80.0,1.9030899869919435,True,True,True,True,database_traced_primary_not_verified,False,unverified_primary_table,,Original-paper numerical cell not verified
BIO_6443,6443,BAF,CMP_1e0abf78953775c0134f,Kobayashi 2018,10.1007/s00128-018-2282-z,data/raw/ITRC_aquatic.xlsx,bfc24df5dbd2d21341a9580e5053f7a7b89c1ddea1ebe75c55407f4cee27a54d,BCF-BAF Database,844,K844;I844;J844,"{""BAF"": 100, ""BAF Min"": null, ""BAF Max"": null}",reported_database_value,100.0,100.0,2.0,True,True,True,True,database_traced_primary_not_verified,False,unverified_primary_table,,Original-paper numerical cell not verified
BIO_6444,6444,BAF,CMP_1e0abf78953775c0134f,Kobayashi 2018,10.1007/s00128-018-2282-z,data/raw/ITRC_aquatic.xlsx,bfc24df5dbd2d21341a9580e5053f7a7b89c1ddea1ebe75c55407f4cee27a54d,BCF-BAF Database,845,K845;I845;J845,"{""BAF"": 41.333333333333336, ""BAF Min"": null, ""BAF Max"": null}",reported_database_value,41.333333333333336,41.33333333333334,1.6163004304425728,True,True,True,True,database_traced_primary_not_verified,False,unverified_primary_table,,Original-paper numerical cell not verified
BIO_6445,6445,BAF,CMP_1e0abf78953775c0134f,Lee 2020,10.1016/j.jhazmat.2019.120909,data/raw/ITRC_aquatic.xlsx,bfc24df5dbd2d21341a9580e5053f7a7b89c1ddea1ebe75c55407f4cee27a54d,BCF-BAF Database,846,K846;I846;J846,"{""BAF"": 2.24, ""BAF Min"": null, ""BAF Max"": null}",reported_database_value,2.24,2.24,0.3502480183341628,True,True,True,True,database_traced_primary_not_verified,False,unverified_primary_table,,Original-paper numerical cell not verified
BIO_6446,6446,BAF,CMP_1e0abf78953775c0134f,Liu 2019,10.1016/j.ecoenv.2019.109454,data/raw/ITRC_aquatic.xlsx,bfc24df5dbd2d21341a9580e5053f7a7b89c1ddea1ebe75c55407f4cee27a54d,BCF-BAF Database,847,K847;I847;J847,"{""BAF"": null, ""BAF Min"": 7.8, ""BAF Max"": 660}",arithmetic_midpoint_of_reported_range,333.9,333.9,2.523616419054371,True,True,True,True,database_traced_primary_not_verified,False,unverified_primary_table,,Original-paper numerical cell not verified
BIO_6447,6447,BAF,CMP_1e0abf78953775c0134f,Liu 2019,10.1016/j.ecoenv.2019.109454,data/raw/ITRC_aquatic.xlsx,bfc24df5dbd2d21341a9580e5053f7a7b89c1ddea1ebe75c55407f4cee27a54d,BCF-BAF Database,848,K848;I848;J848,"{""BAF"": null, ""BAF Min"": 4.39, ""BAF Max"": 1979}",arithmetic_midpoint_of_reported_range,991.695,991.695,2.996378123581415,True,True,True,True,database_traced_primary_not_verified,False,unverified_primary_table,,Original-paper numerical cell not verified
BIO_6448,6448,BAF,CMP_1e0abf78953775c0134f,Liu 2019,10.1016/j.ecoenv.2019.109454,data/raw/ITRC_aquatic.xlsx,bfc24df5dbd2d21341a9580e5053f7a7b89c1ddea1ebe75c55407f4cee27a54d,BCF-BAF Database,849,K849;I849;J849,"{""BAF"": null, ""BAF Min"": 77.8, ""BAF Max"": 1108}",arithmetic_midpoint_of_reported_range,592.9,592.9,2.772981450344964,True,True,True,True,database_traced_primary_not_verified,False,unverified_primary_table,,Original-paper numerical cell not verified
BIO_6449,6449,BAF,CMP_1e0abf78953775c0134f,Liu 2019,10.1016/j.ecoenv.2019.109454,data/raw/ITRC_aquatic.xlsx,bfc24df5dbd2d21341a9580e5053f7a7b89c1ddea1ebe75c55407f4cee27a54d,BCF-BAF Database,850,K850;I850;J850,"{""BAF"": null, ""BAF Min"": 3.89, ""BAF Max"": 769}",arithmetic_midpoint_of_reported_range,386.445,386.445,2.587087692572064,True,True,True,True,database_traced_primary_not_verified,False,unverified_primary_table,,Original-paper numerical cell not verified
BIO_6450,6450,BAF,CMP_1e0abf78953775c0134f,Liu 2019,10.1016/j.ecoenv.2019.109454,data/raw/ITRC_aquatic.xlsx,bfc24df5dbd2d21341a9580e5053f7a7b89c1ddea1ebe75c55407f4cee27a54d,BCF-BAF Database,851,K851;I851;J851,"{""BAF"": null, ""BAF Min"": 0.61, ""BAF Max"": 735}",arithmetic_midpoint_of_reported_range,367.805,367.805,2.56561762881084,True,True,True,True,database_traced_primary_not_verified,False,unverified_primary_table,,Original-paper numerical cell not verified
BIO_6455,6455,BAF,CMP_1e0abf78953775c0134f,Pan 2019,10.3390/ijerph16101692,data/raw/ITRC_aquatic.xlsx,bfc24df5dbd2d21341a9580e5053f7a7b89c1ddea1ebe75c55407f4cee27a54d,BCF-BAF Database,856,K856;I856;J856,"{""BAF"": 55.3, ""BAF Min"": 11.4, ""BAF Max"": 128}",reported_database_value,55.3,55.3,1.7427251313046983,True,True,True,True,primary_located_not_eligible,False,verified_value_basis_conflict,Main Table 4; PFPeA; BAF Mean,"quarantine_basis_conflict_until_primary_clarification; Original Table 4 concentration header ng/g DW conflicts with wet-weight extraction and fish LOQ in Methods; pooled fish, not individual data"
BIO_6456,6456,BAF,CMP_1e0abf78953775c0134f,Zhang 2018,10.1007/s00128-018-2381-x,data/raw/ITRC_aquatic.xlsx,bfc24df5dbd2d21341a9580e5053f7a7b89c1ddea1ebe75c55407f4cee27a54d,BCF-BAF Database,857,K857;I857;J857,"{""BAF"": 158, ""BAF Min"": null, ""BAF Max"": null}",reported_database_value,158.0,158.0,2.198657086954422,True,True,True,True,database_traced_primary_not_verified,False,unverified_primary_table,,Original-paper numerical cell not verified
BIO_6457,6457,BAF,CMP_1e0abf78953775c0134f,Zhang 2018,10.1007/s00128-018-2381-x,data/raw/ITRC_aquatic.xlsx,bfc24df5dbd2d21341a9580e5053f7a7b89c1ddea1ebe75c55407f4cee27a54d,BCF-BAF Database,858,K858;I858;J858,"{""BAF"": 93, ""BAF Min"": null, ""BAF Max"": null}",reported_database_value,93.0,93.0,1.9684829485539352,True,True,True,True,database_traced_primary_not_verified,False,unverified_primary_table,,Original-paper numerical cell not verified
BIO_6458,6458,BCF,CMP_3626e8f507f7fd0a557c,Chen 2016,10.1016/j.scitotenv.2016.05.215,data/raw/ITRC_aquatic.xlsx,bfc24df5dbd2d21341a9580e5053f7a7b89c1ddea1ebe75c55407f4cee27a54d,BCF-BAF Database,859,H859;F859;G859,"{""BCF"": 2884031.5, ""BCF Min"": null, ""BCF Max"": null}",reported_database_value,2884031.5,2884031.5,6.4599999995291775,True,True,True,True,primary_located_not_eligible,False,verified_plasma_unit_mismatch,Table S9 row 14 column 7; plasma-low; pfteda; logBCFss,Plasma ratios are dimensionless and incompatible with mass-based L/kg regression
BIO_6459,6459,BCF,CMP_3626e8f507f7fd0a557c,Chen 2016,10.1016/j.scitotenv.2016.05.215,data/raw/ITRC_aquatic.xlsx,bfc24df5dbd2d21341a9580e5053f7a7b89c1ddea1ebe75c55407f4cee27a54d,BCF-BAF Database,860,H860;F860;G860,"{""BCF"": 616595, ""BCF Min"": null, ""BCF Max"": null}",reported_database_value,616595.0,616595.0,5.789999998688878,True,True,True,True,primary_located_not_eligible,False,verified_plasma_unit_mismatch,Table S9 row 36 column 7; plasma-high; pfteda; logBCFss,Plasma ratios are dimensionless and incompatible with mass-based L/kg regression
BIO_6460,6460,BCF,CMP_3626e8f507f7fd0a557c,Chen 2016,10.1016/j.scitotenv.2016.05.215,data/raw/ITRC_aquatic.xlsx,bfc24df5dbd2d21341a9580e5053f7a7b89c1ddea1ebe75c55407f4cee27a54d,BCF-BAF Database,861,H861;F861;G861,"{""BCF"": 363078.05, ""BCF Min"": null, ""BCF Max"": null}",reported_database_value,363078.05,363078.05,5.56,True,True,True,True,primary_included,True,verified_tissue_BCF_summary,Table S9 row 58 column 7; liver-low; pfteda; logBCFss,Source-qualified endpoint and value under frozen eligibility criteria
BIO_6461,6461,BCF,CMP_3626e8f507f7fd0a557c,Chen 2016,10.1016/j.scitotenv.2016.05.215,data/raw/ITRC_aquatic.xlsx,bfc24df5dbd2d21341a9580e5053f7a7b89c1ddea1ebe75c55407f4cee27a54d,BCF-BAF Database,862,H862;F862;G862,"{""BCF"": 54954.09, ""BCF Min"": null, ""BCF Max"": null}",reported_database_value,54954.09,54954.09,4.74,True,True,True,True,primary_included,True,verified_tissue_BCF_summary,Table S9 row 80 column 7; liver-high; pfteda; logBCFss,Source-qualified endpoint and value under frozen eligibility criteria
BIO_6462,6462,BCF,CMP_3626e8f507f7fd0a557c,Chen 2016,10.1016/j.scitotenv.2016.05.215,data/raw/ITRC_aquatic.xlsx,bfc24df5dbd2d21341a9580e5053f7a7b89c1ddea1ebe75c55407f4cee27a54d,BCF-BAF Database,863,H863;F863;G863,"{""BCF"": 165958.69, ""BCF Min"": null, ""BCF Max"": null}",reported_database_value,165958.69,165958.69,5.22,True,True,True,True,primary_included,True,verified_tissue_BCF_summary,Table S9 row 102 column 7; muscle-low; pfteda; logBCFss,Source-qualified endpoint and value under frozen eligibility criteria
BIO_6463,6463,BCF,CMP_3626e8f507f7fd0a557c,Chen 2016,10.1016/j.scitotenv.2016.05.215,data/raw/ITRC_aquatic.xlsx,bfc24df5dbd2d21341a9580e5053f7a7b89c1ddea1ebe75c55407f4cee27a54d,BCF-BAF Database,864,H864;F864;G864,"{""BCF"": 33113.11, ""BCF Min"": null, ""BCF Max"": null}",reported_database_value,33113.11,33113.11,4.52,True,True,True,True,primary_included,True,verified_tissue_BCF_summary,Table S9 row 124 column 7; muscle-high; pfteda; logBCFss,Source-qualified endpoint and value under frozen eligibility criteria
BIO_6464,6464,BCF,CMP_3626e8f507f7fd0a557c,Chen 2016,10.1016/j.scitotenv.2016.05.215,data/raw/ITRC_aquatic.xlsx,bfc24df5dbd2d21341a9580e5053f7a7b89c1ddea1ebe75c55407f4cee27a54d,BCF-BAF Database,865,H865;F865;G865,"{""BCF"": 316227.77, ""BCF Min"": null, ""BCF Max"": null}",reported_database_value,316227.77,316227.77,5.5,True,True,True,True,primary_included,True,verified_tissue_BCF_summary,Table S9 row 146 column 7; ovary-low; pfteda; logBCFss,Source-qualified endpoint and value under frozen eligibility criteria
BIO_6465,6465,BCF,CMP_3626e8f507f7fd0a557c,Chen 2016,10.1016/j.scitotenv.2016.05.215,data/raw/ITRC_aquatic.xlsx,bfc24df5dbd2d21341a9580e5053f7a7b89c1ddea1ebe75c55407f4cee27a54d,BCF-BAF Database,866,H866;F866;G866,"{""BCF"": 21877.62, ""BCF Min"": null, ""BCF Max"": null}",reported_database_value,21877.62,21877.62,4.34,True,True,True,True,primary_included,True,verified_tissue_BCF_summary,Table S9 row 168 column 7; ovary-high; pfteda; logBCFss,Source-qualified endpoint and value under frozen eligibility criteria
BIO_6466,6466,BCF,CMP_3626e8f507f7fd0a557c,Chen 2016,10.1016/j.scitotenv.2016.05.215,data/raw/ITRC_aquatic.xlsx,bfc24df5dbd2d21341a9580e5053f7a7b89c1ddea1ebe75c55407f4cee27a54d,BCF-BAF Database,867,H867;F867;G867,"{""BCF"": 257039.58, ""BCF Min"": null, ""BCF Max"": null}",reported_database_value,257039.58,257039.58,5.410000002911375,True,True,True,True,database_traced_primary_not_verified,False,unverified_primary_table,,Original-paper numerical cell not verified
BIO_6467,6467,BCF,CMP_3626e8f507f7fd0a557c,Chen 2016,10.1016/j.scitotenv.2016.05.215,data/raw/ITRC_aquatic.xlsx,bfc24df5dbd2d21341a9580e5053f7a7b89c1ddea1ebe75c55407f4cee27a54d,BCF-BAF Database,868,H868;F868;G868,"{""BCF"": 36307.81, ""BCF Min"": null, ""BCF Max"": null}",reported_database_value,36307.81,36307.81,4.5600000541015735,True,True,True,True,database_traced_primary_not_verified,False,unverified_primary_table,,Original-paper numerical cell not verified
BIO_6469,6469,BAF,CMP_3626e8f507f7fd0a557c,Pan 2019,10.3390/ijerph16101692,data/raw/ITRC_aquatic.xlsx,bfc24df5dbd2d21341a9580e5053f7a7b89c1ddea1ebe75c55407f4cee27a54d,BCF-BAF Database,870,K870;I870;J870,"{""BAF"": 289, ""BAF Min"": 102, ""BAF Max"": 844}",reported_database_value,289.0,289.0,2.460897842756548,True,True,True,True,primary_located_not_eligible,False,verified_value_basis_conflict,Main Table 4; PFTeDA; BAF Mean,"quarantine_basis_conflict_until_primary_clarification; Original Table 4 concentration header ng/g DW conflicts with wet-weight extraction and fish LOQ in Methods; pooled fish, not individual data"
BIO_6470,6470,BCF,CMP_277ba9982a59f21d5d1a,Chen 2016,10.1016/j.scitotenv.2016.05.215,data/raw/ITRC_aquatic.xlsx,bfc24df5dbd2d21341a9580e5053f7a7b89c1ddea1ebe75c55407f4cee27a54d,BCF-BAF Database,876,H876;F876;G876,"{""BCF"": 446683.59, ""BCF Min"": null, ""BCF Max"": null}",reported_database_value,446683.59,446683.59,5.649999997908696,True,True,True,True,primary_located_not_eligible,False,verified_plasma_unit_mismatch,Table S9 row 13 column 7; plasma-low; pftrda; logBCFss,Plasma ratios are dimensionless and incompatible with mass-based L/kg regression
BIO_6471,6471,BCF,CMP_277ba9982a59f21d5d1a,Chen 2016,10.1016/j.scitotenv.2016.05.215,data/raw/ITRC_aquatic.xlsx,bfc24df5dbd2d21341a9580e5053f7a7b89c1ddea1ebe75c55407f4cee27a54d,BCF-BAF Database,877,H877;F877;G877,"{""BCF"": 123026.88, ""BCF Min"": null, ""BCF Max"": null}",reported_database_value,123026.88,123026.88,5.0900000103034575,True,True,True,True,primary_located_not_eligible,False,verified_plasma_unit_mismatch,Table S9 row 35 column 7; plasma-high; pftrda; logBCFss,Plasma ratios are dimensionless and incompatible with mass-based L/kg regression
BIO_6472,6472,BCF,CMP_277ba9982a59f21d5d1a,Chen 2016,10.1016/j.scitotenv.2016.05.215,data/raw/ITRC_aquatic.xlsx,bfc24df5dbd2d21341a9580e5053f7a7b89c1ddea1ebe75c55407f4cee27a54d,BCF-BAF Database,878,H878;F878;G878,"{""BCF"": 104712.85, ""BCF Min"": null, ""BCF Max"": null}",reported_database_value,104712.85,104712.85,5.02,True,True,True,True,primary_included,True,verified_tissue_BCF_summary,Table S9 row 57 column 7; liver-low; pftrda; logBCFss,Source-qualified endpoint and value under frozen eligibility criteria
BIO_6473,6473,BCF,CMP_277ba9982a59f21d5d1a,Chen 2016,10.1016/j.scitotenv.2016.05.215,data/raw/ITRC_aquatic.xlsx,bfc24df5dbd2d21341a9580e5053f7a7b89c1ddea1ebe75c55407f4cee27a54d,BCF-BAF Database,879,H879;F879;G879,"{""BCF"": 28183.83, ""BCF Min"": null, ""BCF Max"": null}",reported_database_value,28183.83,28183.83,4.45,True,True,True,True,primary_included,True,verified_tissue_BCF_summary,Table S9 row 79 column 7; liver-high; pftrda; logBCFss,Source-qualified endpoint and value under frozen eligibility criteria
BIO_6474,6474,BCF,CMP_277ba9982a59f21d5d1a,Chen 2016,10.1016/j.scitotenv.2016.05.215,data/raw/ITRC_aquatic.xlsx,bfc24df5dbd2d21341a9580e5053f7a7b89c1ddea1ebe75c55407f4cee27a54d,BCF-BAF Database,880,H880;F880;G880,"{""BCF"": 19054.61, ""BCF Min"": null, ""BCF Max"": null}",reported_database_value,19054.61,19054.61,4.28,True,True,True,True,primary_included,True,verified_tissue_BCF_summary,Table S9 row 101 column 7; muscle-low; pftrda; logBCFss,Source-qualified endpoint and value under frozen eligibility criteria
BIO_6475,6475,BCF,CMP_277ba9982a59f21d5d1a,Chen 2016,10.1016/j.scitotenv.2016.05.215,data/raw/ITRC_aquatic.xlsx,bfc24df5dbd2d21341a9580e5053f7a7b89c1ddea1ebe75c55407f4cee27a54d,BCF-BAF Database,881,H881;F881;G881,"{""BCF"": 8128.31, ""BCF Min"": null, ""BCF Max"": null}",reported_database_value,8128.31,8128.31,3.91,True,True,True,True,primary_included,True,verified_tissue_BCF_summary,Table S9 row 123 column 7; muscle-high; pftrda; logBCFss,Source-qualified endpoint and value under frozen eligibility criteria
BIO_6476,6476,BCF,CMP_277ba9982a59f21d5d1a,Chen 2016,10.1016/j.scitotenv.2016.05.215,data/raw/ITRC_aquatic.xlsx,bfc24df5dbd2d21341a9580e5053f7a7b89c1ddea1ebe75c55407f4cee27a54d,BCF-BAF Database,882,H882;F882;G882,"{""BCF"": 69183.1, ""BCF Min"": null, ""BCF Max"": null}",reported_database_value,69183.1,69183.1,4.84,True,True,True,True,primary_included,True,verified_tissue_BCF_summary,Table S9 row 145 column 7; ovary-low; pftrda; logBCFss,Source-qualified endpoint and value under frozen eligibility criteria
BIO_6477,6477,BCF,CMP_277ba9982a59f21d5d1a,Chen 2016,10.1016/j.scitotenv.2016.05.215,data/raw/ITRC_aquatic.xlsx,bfc24df5dbd2d21341a9580e5053f7a7b89c1ddea1ebe75c55407f4cee27a54d,BCF-BAF Database,883,H883;F883;G883,"{""BCF"": 8128.31, ""BCF Min"": null, ""BCF Max"": null}",reported_database_value,8128.31,8128.31,3.91,True,True,True,True,primary_included,True,verified_tissue_BCF_summary,Table S9 row 167 column 7; ovary-high; pftrda; logBCFss,Source-qualified endpoint and value under frozen eligibility criteria
BIO_6478,6478,BCF,CMP_277ba9982a59f21d5d1a,Chen 2016,10.1016/j.scitotenv.2016.05.215,data/raw/ITRC_aquatic.xlsx,bfc24df5dbd2d21341a9580e5053f7a7b89c1ddea1ebe75c55407f4cee27a54d,BCF-BAF Database,884,H884;F884;G884,"{""BCF"": 45708.82, ""BCF Min"": null, ""BCF Max"": null}",reported_database_value,45708.82,45708.82,4.660000009867248,True,True,True,True,database_traced_primary_not_verified,False,unverified_primary_table,,Original-paper numerical cell not verified
BIO_6479,6479,BCF,CMP_277ba9982a59f21d5d1a,Chen 2016,10.1016/j.scitotenv.2016.05.215,data/raw/ITRC_aquatic.xlsx,bfc24df5dbd2d21341a9580e5053f7a7b89c1ddea1ebe75c55407f4cee27a54d,BCF-BAF Database,885,H885;F885;G885,"{""BCF"": 10232.93, ""BCF Min"": null, ""BCF Max"": null}",reported_database_value,10232.93,10232.93,4.010000003276115,True,True,True,True,database_traced_primary_not_verified,False,unverified_primary_table,,Original-paper numerical cell not verified
BIO_6480,6480,BCF,CMP_277ba9982a59f21d5d1a,Martin 2003a,10.1002/etc.5620220126,data/raw/ITRC_aquatic.xlsx,bfc24df5dbd2d21341a9580e5053f7a7b89c1ddea1ebe75c55407f4cee27a54d,BCF-BAF Database,886,H886;F886;G886,"{""BCF"": 23000, ""BCF Min"": null, ""BCF Max"": null}",reported_database_value,23000.0,23000.0,4.361727836017593,True,True,True,True,database_traced_primary_not_verified,False,unverified_primary_table,,Original-paper numerical cell not verified
BIO_6481,6481,BCF,CMP_277ba9982a59f21d5d1a,Martin 2003a,10.1002/etc.5620220126,data/raw/ITRC_aquatic.xlsx,bfc24df5dbd2d21341a9580e5053f7a7b89c1ddea1ebe75c55407f4cee27a54d,BCF-BAF Database,887,H887;F887;G887,"{""BCF"": 30000, ""BCF Min"": null, ""BCF Max"": null}",reported_database_value,30000.0,30000.0,4.477121254719663,True,True,True,True,database_traced_primary_not_verified,False,unverified_primary_table,,Original-paper numerical cell not verified
BIO_6482,6482,BCF,CMP_277ba9982a59f21d5d1a,Martin 2003a,10.1002/etc.5620220126,data/raw/ITRC_aquatic.xlsx,bfc24df5dbd2d21341a9580e5053f7a7b89c1ddea1ebe75c55407f4cee27a54d,BCF-BAF Database,888,H888;F888;G888,"{""BCF"": 30000, ""BCF Min"": null, ""BCF Max"": null}",reported_database_value,30000.0,30000.0,4.477121254719663,True,True,True,True,database_traced_primary_not_verified,False,unverified_primary_table,,Original-paper numerical cell not verified
BIO_6483,6483,BAF,CMP_277ba9982a59f21d5d1a,Pan 2019,10.3390/ijerph16101692,data/raw/ITRC_aquatic.xlsx,bfc24df5dbd2d21341a9580e5053f7a7b89c1ddea1ebe75c55407f4cee27a54d,BCF-BAF Database,889,K889;I889;J889,"{""BAF"": 93.3, ""BAF Min"": 29.2, ""BAF Max"": 186}",reported_database_value,93.3,93.3,1.9698816437465,True,True,True,True,primary_located_not_eligible,False,verified_value_basis_conflict,Main Table 4; PFTrDA; BAF Mean,"quarantine_basis_conflict_until_primary_clarification; Original Table 4 concentration header ng/g DW conflicts with wet-weight extraction and fish LOQ in Methods; pooled fish, not individual data"
BIO_6484,6484,BAF,CMP_277ba9982a59f21d5d1a,Zhang 2018,10.1007/s00128-018-2381-x,data/raw/ITRC_aquatic.xlsx,bfc24df5dbd2d21341a9580e5053f7a7b89c1ddea1ebe75c55407f4cee27a54d,BCF-BAF Database,890,K890;I890;J890,"{""BAF"": 8900, ""BAF Min"": null, ""BAF Max"": null}",reported_database_value,8900.0,8900.0,3.949390006644913,True,True,True,True,database_traced_primary_not_verified,False,unverified_primary_table,,Original-paper numerical cell not verified
BIO_6485,6485,BAF,CMP_277ba9982a59f21d5d1a,Zhang 2018,10.1007/s00128-018-2381-x,data/raw/ITRC_aquatic.xlsx,bfc24df5dbd2d21341a9580e5053f7a7b89c1ddea1ebe75c55407f4cee27a54d,BCF-BAF Database,891,K891;I891;J891,"{""BAF"": 2300, ""BAF Min"": null, ""BAF Max"": null}",reported_database_value,2300.0,2300.0,3.361727836017593,True,True,True,True,database_traced_primary_not_verified,False,unverified_primary_table,,Original-paper numerical cell not verified
BIO_6486,6486,BAF,CMP_ba6c40d3726d16919ab2,Ahrens 2016,10.1016/j.chemosphere.2016.09.007,data/raw/ITRC_aquatic.xlsx,bfc24df5dbd2d21341a9580e5053f7a7b89c1ddea1ebe75c55407f4cee27a54d,BCF-BAF Database,892,K892;I892;J892,"{""BAF"": 3981.071705534977, ""BAF Min"": null, ""BAF Max"": null}",reported_database_value,3981.071705534977,3981.071705534977,3.6000000000000005,True,True,True,True,database_traced_primary_not_verified,False,unverified_primary_table,,Original-paper numerical cell not verified
BIO_6487,6487,BAF,CMP_ba6c40d3726d16919ab2,Ahrens 2016,10.1016/j.chemosphere.2016.09.007,data/raw/ITRC_aquatic.xlsx,bfc24df5dbd2d21341a9580e5053f7a7b89c1ddea1ebe75c55407f4cee27a54d,BCF-BAF Database,893,K893;I893;J893,"{""BAF"": 7943.282347242815, ""BAF Min"": null, ""BAF Max"": null}",reported_database_value,7943.282347242815,7943.282347242815,3.9,True,True,True,True,database_traced_primary_not_verified,False,unverified_primary_table,,Original-paper numerical cell not verified
BIO_6488,6488,BAF,CMP_ba6c40d3726d16919ab2,Ahrens 2016,10.1016/j.chemosphere.2016.09.007,data/raw/ITRC_aquatic.xlsx,bfc24df5dbd2d21341a9580e5053f7a7b89c1ddea1ebe75c55407f4cee27a54d,BCF-BAF Database,894,K894;I894;J894,"{""BAF"": 3981.071705534977, ""BAF Min"": null, ""BAF Max"": null}",reported_database_value,3981.071705534977,3981.071705534977,3.6000000000000005,True,True,True,True,database_traced_primary_not_verified,False,unverified_primary_table,,Original-paper numerical cell not verified
BIO_6489,6489,BAF,CMP_ba6c40d3726d16919ab2,Ahrens 2016,10.1016/j.chemosphere.2016.09.007,data/raw/ITRC_aquatic.xlsx,bfc24df5dbd2d21341a9580e5053f7a7b89c1ddea1ebe75c55407f4cee27a54d,BCF-BAF Database,895,K895;I895;J895,"{""BAF"": 5011.872336272732, ""BAF Min"": null, ""BAF Max"": null}",reported_database_value,5011.872336272732,5011.872336272732,3.700000000000001,True,True,True,True,database_traced_primary_not_verified,False,unverified_primary_table,,Original-paper numerical cell not verified
BIO_6490,6490,BAF,CMP_ba6c40d3726d16919ab2,Ahrens 2016,10.1016/j.chemosphere.2016.09.007,data/raw/ITRC_aquatic.xlsx,bfc24df5dbd2d21341a9580e5053f7a7b89c1ddea1ebe75c55407f4cee27a54d,BCF-BAF Database,896,K896;I896;J896,"{""BAF"": 1000, ""BAF Min"": null, ""BAF Max"": null}",reported_database_value,1000.0,1000.0,3.0,True,True,True,True,database_traced_primary_not_verified,False,unverified_primary_table,,Original-paper numerical cell not verified
BIO_6491,6491,BAF,CMP_ba6c40d3726d16919ab2,Awad 2011,10.1021/es2001985,data/raw/ITRC_aquatic.xlsx,bfc24df5dbd2d21341a9580e5053f7a7b89c1ddea1ebe75c55407f4cee27a54d,BCF-BAF Database,897,K897;I897;J897,"{""BAF"": 2951.20922666639, ""BAF Min"": null, ""BAF Max"": null}",reported_database_value,2951.20922666639,2951.20922666639,3.4700000000000006,True,True,True,True,database_traced_primary_not_verified,False,unverified_primary_table,,Original-paper numerical cell not verified
BIO_6492,6492,BAF,CMP_ba6c40d3726d16919ab2,Awad 2011,10.1021/es2001985,data/raw/ITRC_aquatic.xlsx,bfc24df5dbd2d21341a9580e5053f7a7b89c1ddea1ebe75c55407f4cee27a54d,BCF-BAF Database,898,K898;I898;J898,"{""BAF"": 3388.4415613920255, ""BAF Min"": null, ""BAF Max"": null}",reported_database_value,3388.4415613920255,3388.441561392026,3.53,True,True,True,True,database_traced_primary_not_verified,False,unverified_primary_table,,Original-paper numerical cell not verified
BIO_6493,6493,BCF,CMP_ba6c40d3726d16919ab2,Chen 2016,10.1016/j.scitotenv.2016.05.215,data/raw/ITRC_aquatic.xlsx,bfc24df5dbd2d21341a9580e5053f7a7b89c1ddea1ebe75c55407f4cee27a54d,BCF-BAF Database,899,H899;F899;G899,"{""BCF"": 107151.93, ""BCF Min"": null, ""BCF Max"": null}",reported_database_value,107151.93,107151.93,5.029999997877161,True,True,True,True,primary_located_not_eligible,False,verified_plasma_unit_mismatch,Table S9 row 11 column 7; plasma-low; pfunda; logBCFss,Plasma ratios are dimensionless and incompatible with mass-based L/kg regression
BIO_6494,6494,BCF,CMP_ba6c40d3726d16919ab2,Chen 2016,10.1016/j.scitotenv.2016.05.215,data/raw/ITRC_aquatic.xlsx,bfc24df5dbd2d21341a9580e5053f7a7b89c1ddea1ebe75c55407f4cee27a54d,BCF-BAF Database,900,H900;F900;G900,"{""BCF"": 57543.99, ""BCF Min"": null, ""BCF Max"": null}",reported_database_value,57543.99,57543.99,4.759999971821,True,True,True,True,primary_located_not_eligible,False,verified_plasma_unit_mismatch,Table S9 row 33 column 7; plasma-high; pfunda; logBCFss,Plasma ratios are dimensionless and incompatible with mass-based L/kg regression
BIO_6495,6495,BCF,CMP_ba6c40d3726d16919ab2,Chen 2016,10.1016/j.scitotenv.2016.05.215,data/raw/ITRC_aquatic.xlsx,bfc24df5dbd2d21341a9580e5053f7a7b89c1ddea1ebe75c55407f4cee27a54d,BCF-BAF Database,901,H901;F901;G901,"{""BCF"": 13803.84, ""BCF Min"": null, ""BCF Max"": null}",reported_database_value,13803.84,13803.84,4.14,True,True,True,True,primary_included,True,verified_tissue_BCF_summary,Table S9 row 55 column 7; liver-low; pfunda; logBCFss,Source-qualified endpoint and value under frozen eligibility criteria
BIO_6497,6497,BCF,CMP_ba6c40d3726d16919ab2,Chen 2016,10.1016/j.scitotenv.2016.05.215,data/raw/ITRC_aquatic.xlsx,bfc24df5dbd2d21341a9580e5053f7a7b89c1ddea1ebe75c55407f4cee27a54d,BCF-BAF Database,903,H903;F903;G903,"{""BCF"": 4365.16, ""BCF Min"": null, ""BCF Max"": null}",reported_database_value,4365.16,4365.16,3.64,True,True,True,True,primary_included,True,verified_tissue_BCF_summary,Table S9 row 99 column 7; muscle-low; pfunda; logBCFss,Source-qualified endpoint and value under frozen eligibility criteria
BIO_6498,6498,BCF,CMP_ba6c40d3726d16919ab2,Chen 2016,10.1016/j.scitotenv.2016.05.215,data/raw/ITRC_aquatic.xlsx,bfc24df5dbd2d21341a9580e5053f7a7b89c1ddea1ebe75c55407f4cee27a54d,BCF-BAF Database,904,H904;F904;G904,"{""BCF"": 4265.8, ""BCF Min"": null, ""BCF Max"": null}",reported_database_value,4265.8,4265.8,3.63,True,True,True,True,primary_included,True,verified_tissue_BCF_summary,Table S9 row 121 column 7; muscle-high; pfunda; logBCFss,Source-qualified endpoint and value under frozen eligibility criteria
BIO_6499,6499,BCF,CMP_ba6c40d3726d16919ab2,Chen 2016,10.1016/j.scitotenv.2016.05.215,data/raw/ITRC_aquatic.xlsx,bfc24df5dbd2d21341a9580e5053f7a7b89c1ddea1ebe75c55407f4cee27a54d,BCF-BAF Database,905,H905;F905;G905,"{""BCF"": 20417.38, ""BCF Min"": null, ""BCF Max"": null}",reported_database_value,20417.38,20417.38,4.31,True,True,True,True,primary_included,True,verified_tissue_BCF_summary,Table S9 row 143 column 7; ovary-low; pfunda; logBCFss,Source-qualified endpoint and value under frozen eligibility criteria
BIO_6500,6500,BCF,CMP_ba6c40d3726d16919ab2,Chen 2016,10.1016/j.scitotenv.2016.05.215,data/raw/ITRC_aquatic.xlsx,bfc24df5dbd2d21341a9580e5053f7a7b89c1ddea1ebe75c55407f4cee27a54d,BCF-BAF Database,906,H906;F906;G906,"{""BCF"": 6456.54, ""BCF Min"": null, ""BCF Max"": null}",reported_database_value,6456.54,6456.54,3.81,True,True,True,True,primary_included,True,verified_tissue_BCF_summary,Table S9 row 165 column 7; ovary-high; pfunda; logBCFss,Source-qualified endpoint and value under frozen eligibility criteria
BIO_6501,6501,BCF,CMP_ba6c40d3726d16919ab2,Chen 2016,10.1016/j.scitotenv.2016.05.215,data/raw/ITRC_aquatic.xlsx,bfc24df5dbd2d21341a9580e5053f7a7b89c1ddea1ebe75c55407f4cee27a54d,BCF-BAF Database,907,H907;F907;G907,"{""BCF"": 11481.54, ""BCF Min"": null, ""BCF Max"": null}",reported_database_value,11481.54,11481.54,4.060000143170552,True,True,True,True,database_traced_primary_not_verified,False,unverified_primary_table,,Original-paper numerical cell not verified
BIO_6502,6502,BCF,CMP_ba6c40d3726d16919ab2,Chen 2016,10.1016/j.scitotenv.2016.05.215,data/raw/ITRC_aquatic.xlsx,bfc24df5dbd2d21341a9580e5053f7a7b89c1ddea1ebe75c55407f4cee27a54d,BCF-BAF Database,908,H908;F908;G908,"{""BCF"": 6025.6, ""BCF Min"": null, ""BCF Max"": null}",reported_database_value,6025.6,6025.6,3.780000298336571,True,True,True,True,database_traced_primary_not_verified,False,unverified_primary_table,,Original-paper numerical cell not verified
BIO_6503,6503,BCF,CMP_ba6c40d3726d16919ab2,Dai 2013,10.1016/j.chemosphere.2012.08.026,data/raw/ITRC_aquatic.xlsx,bfc24df5dbd2d21341a9580e5053f7a7b89c1ddea1ebe75c55407f4cee27a54d,BCF-BAF Database,909,H909;F909;G909,"{""BCF"": 312, ""BCF Min"": null, ""BCF Max"": null}",reported_database_value,312.0,312.0,2.494154594018443,True,True,True,True,database_traced_primary_not_verified,False,unverified_primary_table,,Original-paper numerical cell not verified
BIO_6506,6506,BAF,CMP_ba6c40d3726d16919ab2,Gebbink 2016,10.1021/acs.est.6b01197,data/raw/ITRC_aquatic.xlsx,bfc24df5dbd2d21341a9580e5053f7a7b89c1ddea1ebe75c55407f4cee27a54d,BCF-BAF Database,912,K912;I912;J912,"{""BAF"": 218776.16239495538, ""BAF Min"": null, ""BAF Max"": null}",reported_database_value,218776.16239495538,218776.1623949554,5.340000000000001,True,True,True,True,primary_included,True,verified_summary,SI Table S9 PDF page 16; PFUnDA; herring,Source-qualified endpoint and value under frozen eligibility criteria
BIO_6507,6507,BAF,CMP_ba6c40d3726d16919ab2,Gebbink 2016,10.1021/acs.est.6b01197,data/raw/ITRC_aquatic.xlsx,bfc24df5dbd2d21341a9580e5053f7a7b89c1ddea1ebe75c55407f4cee27a54d,BCF-BAF Database,913,K913;I913;J913,"{""BAF"": 158489.31924611164, ""BAF Min"": null, ""BAF Max"": null}",reported_database_value,158489.31924611164,158489.3192461116,5.200000000000001,True,True,True,True,primary_included,True,verified_summary,SI Table S9 PDF page 16; PFUnDA; sprat,Source-qualified endpoint and value under frozen eligibility criteria
BIO_6509,6509,BAF,CMP_ba6c40d3726d16919ab2,Khairy 2019,10.1002/etc.4354,data/raw/ITRC_aquatic.xlsx,bfc24df5dbd2d21341a9580e5053f7a7b89c1ddea1ebe75c55407f4cee27a54d,BCF-BAF Database,915,K915;I915;J915,"{""BAF"": 17000, ""BAF Min"": null, ""BAF Max"": null}",reported_database_value,17000.0,17000.0,4.230448921378274,True,True,True,True,database_traced_primary_not_verified,False,unverified_primary_table,,Original-paper numerical cell not verified
BIO_6510,6510,BAF,CMP_ba6c40d3726d16919ab2,Khairy 2019,10.1002/etc.4354,data/raw/ITRC_aquatic.xlsx,bfc24df5dbd2d21341a9580e5053f7a7b89c1ddea1ebe75c55407f4cee27a54d,BCF-BAF Database,916,K916;I916;J916,"{""BAF"": 8500, ""BAF Min"": null, ""BAF Max"": null}",reported_database_value,8500.0,8500.0,3.929418925714293,True,True,True,True,database_traced_primary_not_verified,False,unverified_primary_table,,Original-paper numerical cell not verified
BIO_6511,6511,BAF,CMP_ba6c40d3726d16919ab2,Khairy 2019,10.1002/etc.4354,data/raw/ITRC_aquatic.xlsx,bfc24df5dbd2d21341a9580e5053f7a7b89c1ddea1ebe75c55407f4cee27a54d,BCF-BAF Database,917,K917;I917;J917,"{""BAF"": 13500, ""BAF Min"": null, ""BAF Max"": null}",reported_database_value,13500.0,13500.0,4.130333768495007,True,True,True,True,database_traced_primary_not_verified,False,unverified_primary_table,,Original-paper numerical cell not verified
BIO_6512,6512,BAF,CMP_ba6c40d3726d16919ab2,Khairy 2019,10.1002/etc.4354,data/raw/ITRC_aquatic.xlsx,bfc24df5dbd2d21341a9580e5053f7a7b89c1ddea1ebe75c55407f4cee27a54d,BCF-BAF Database,918,K918;I918;J918,"{""BAF"": 5000, ""BAF Min"": null, ""BAF Max"": null}",reported_database_value,5000.0,5000.0,3.6989700043360174,True,True,True,True,database_traced_primary_not_verified,False,unverified_primary_table,,Original-paper numerical cell not verified
BIO_6513,6513,BAF,CMP_ba6c40d3726d16919ab2,Khairy 2019,10.1002/etc.4354,data/raw/ITRC_aquatic.xlsx,bfc24df5dbd2d21341a9580e5053f7a7b89c1ddea1ebe75c55407f4cee27a54d,BCF-BAF Database,919,K919;I919;J919,"{""BAF"": 13000, ""BAF Min"": null, ""BAF Max"": null}",reported_database_value,13000.0,13000.0,4.113943352306837,True,True,True,True,database_traced_primary_not_verified,False,unverified_primary_table,,Original-paper numerical cell not verified
BIO_6514,6514,BAF,CMP_ba6c40d3726d16919ab2,Khairy 2019,10.1002/etc.4354,data/raw/ITRC_aquatic.xlsx,bfc24df5dbd2d21341a9580e5053f7a7b89c1ddea1ebe75c55407f4cee27a54d,BCF-BAF Database,920,K920;I920;J920,"{""BAF"": 12250, ""BAF Min"": null, ""BAF Max"": null}",reported_database_value,12250.0,12250.0,4.088136088700551,True,True,True,True,database_traced_primary_not_verified,False,unverified_primary_table,,Original-paper numerical cell not verified
BIO_6515,6515,BAF,CMP_ba6c40d3726d16919ab2,Khairy 2019,10.1002/etc.4354,data/raw/ITRC_aquatic.xlsx,bfc24df5dbd2d21341a9580e5053f7a7b89c1ddea1ebe75c55407f4cee27a54d,BCF-BAF Database,921,K921;I921;J921,"{""BAF"": 16250, ""BAF Min"": null, ""BAF Max"": null}",reported_database_value,16250.0,16250.0,4.210853365314893,True,True,True,True,database_traced_primary_not_verified,False,unverified_primary_table,,Original-paper numerical cell not verified
BIO_6516,6516,BAF,CMP_ba6c40d3726d16919ab2,Khairy 2019,10.1002/etc.4354,data/raw/ITRC_aquatic.xlsx,bfc24df5dbd2d21341a9580e5053f7a7b89c1ddea1ebe75c55407f4cee27a54d,BCF-BAF Database,922,K922;I922;J922,"{""BAF"": 17500, ""BAF Min"": null, ""BAF Max"": null}",reported_database_value,17500.0,17500.0,4.243038048686294,True,True,True,True,database_traced_primary_not_verified,False,unverified_primary_table,,Original-paper numerical cell not verified
BIO_6517,6517,BAF,CMP_ba6c40d3726d16919ab2,Khairy 2019,10.1002/etc.4354,data/raw/ITRC_aquatic.xlsx,bfc24df5dbd2d21341a9580e5053f7a7b89c1ddea1ebe75c55407f4cee27a54d,BCF-BAF Database,923,K923;I923;J923,"{""BAF"": 17750, ""BAF Min"": null, ""BAF Max"": null}",reported_database_value,17750.0,17750.0,4.249198357391113,True,True,True,True,database_traced_primary_not_verified,False,unverified_primary_table,,Original-paper numerical cell not verified
BIO_6518,6518,BAF,CMP_ba6c40d3726d16919ab2,Khairy 2019,10.1002/etc.4354,data/raw/ITRC_aquatic.xlsx,bfc24df5dbd2d21341a9580e5053f7a7b89c1ddea1ebe75c55407f4cee27a54d,BCF-BAF Database,924,K924;I924;J924,"{""BAF"": 18750, ""BAF Min"": null, ""BAF Max"": null}",reported_database_value,18750.0,18750.0,4.273001272063738,True,True,True,True,database_traced_primary_not_verified,False,unverified_primary_table,,Original-paper numerical cell not verified
BIO_6519,6519,BAF,CMP_ba6c40d3726d16919ab2,Labadie 2011,10.1016/j.envpol.2010.10.039,data/raw/ITRC_aquatic.xlsx,bfc24df5dbd2d21341a9580e5053f7a7b89c1ddea1ebe75c55407f4cee27a54d,BCF-BAF Database,925,K925;I925;J925,"{""BAF"": 19952.623149688792, ""BAF Min"": null, ""BAF Max"": null}",reported_database_value,19952.623149688792,19952.62314968879,4.3,True,True,True,True,database_traced_primary_not_verified,False,unverified_primary_table,,Original-paper numerical cell not verified
BIO_6528,6528,BAF,CMP_ba6c40d3726d16919ab2,Liu 2019,10.1016/j.ecoenv.2019.109454,data/raw/ITRC_aquatic.xlsx,bfc24df5dbd2d21341a9580e5053f7a7b89c1ddea1ebe75c55407f4cee27a54d,BCF-BAF Database,939,K939;I939;J939,"{""BAF"": null, ""BAF Min"": 25.6, ""BAF Max"": 6616}",arithmetic_midpoint_of_reported_range,3320.8,3320.8,3.521242720370464,True,True,True,True,database_traced_primary_not_verified,False,unverified_primary_table,,Original-paper numerical cell not verified
BIO_6529,6529,BAF,CMP_ba6c40d3726d16919ab2,Liu 2019,10.1016/j.ecoenv.2019.109454,data/raw/ITRC_aquatic.xlsx,bfc24df5dbd2d21341a9580e5053f7a7b89c1ddea1ebe75c55407f4cee27a54d,BCF-BAF Database,940,K940;I940;J940,"{""BAF"": null, ""BAF Min"": 2068, ""BAF Max"": 30475}",arithmetic_midpoint_of_reported_range,16271.5,16271.5,4.211427590533363,True,True,True,True,database_traced_primary_not_verified,False,unverified_primary_table,,Original-paper numerical cell not verified
BIO_6530,6530,BAF,CMP_ba6c40d3726d16919ab2,Liu 2019,10.1016/j.ecoenv.2019.109454,data/raw/ITRC_aquatic.xlsx,bfc24df5dbd2d21341a9580e5053f7a7b89c1ddea1ebe75c55407f4cee27a54d,BCF-BAF Database,941,K941;I941;J941,"{""BAF"": null, ""BAF Min"": 1633, ""BAF Max"": 17201}",arithmetic_midpoint_of_reported_range,9417.0,9417.0,3.9739125704197047,True,True,True,True,database_traced_primary_not_verified,False,unverified_primary_table,,Original-paper numerical cell not verified
BIO_6531,6531,BAF,CMP_ba6c40d3726d16919ab2,Liu 2019,10.1016/j.ecoenv.2019.109454,data/raw/ITRC_aquatic.xlsx,bfc24df5dbd2d21341a9580e5053f7a7b89c1ddea1ebe75c55407f4cee27a54d,BCF-BAF Database,942,K942;I942;J942,"{""BAF"": null, ""BAF Min"": 291, ""BAF Max"": 18902}",arithmetic_midpoint_of_reported_range,9596.5,9596.5,3.9821128676392608,True,True,True,True,database_traced_primary_not_verified,False,unverified_primary_table,,Original-paper numerical cell not verified
BIO_6532,6532,BAF,CMP_ba6c40d3726d16919ab2,Liu 2019,10.1016/j.ecoenv.2019.109454,data/raw/ITRC_aquatic.xlsx,bfc24df5dbd2d21341a9580e5053f7a7b89c1ddea1ebe75c55407f4cee27a54d,BCF-BAF Database,943,K943;I943;J943,"{""BAF"": null, ""BAF Min"": 751, ""BAF Max"": 11598}",arithmetic_midpoint_of_reported_range,6174.5,6174.5,3.790601794962827,True,True,True,True,database_traced_primary_not_verified,False,unverified_primary_table,,Original-paper numerical cell not verified
BIO_6533,6533,BAF,CMP_ba6c40d3726d16919ab2,Loi 2011,10.1021/es200432n,data/raw/ITRC_aquatic.xlsx,bfc24df5dbd2d21341a9580e5053f7a7b89c1ddea1ebe75c55407f4cee27a54d,BCF-BAF Database,945,K945;I945;J945,"{""BAF"": 4510, ""BAF Min"": null, ""BAF Max"": null}",reported_database_value,4510.0,4510.0,3.65417654187796,True,True,True,True,primary_located_not_eligible,False,verified_summary_with_LOQ_substitution,SI Table S7 PDF page 31; phytoplankton; PFUnDA; mean,sensitivity_only_LOQ_substitution_not_resolved_per_cell; Source explicitly substitutes half LOQ for censored concentrations; cell-specific censoring cannot be removed from summaries
BIO_6534,6534,BCF,CMP_ba6c40d3726d16919ab2,Martin 2003a,10.1002/etc.5620220126,data/raw/ITRC_aquatic.xlsx,bfc24df5dbd2d21341a9580e5053f7a7b89c1ddea1ebe75c55407f4cee27a54d,BCF-BAF Database,946,H946;F946;G946,"{""BCF"": 2700, ""BCF Min"": null, ""BCF Max"": null}",reported_database_value,2700.0,2700.0,3.431363764158988,True,True,True,True,database_traced_primary_not_verified,False,unverified_primary_table,,Original-paper numerical cell not verified
BIO_6535,6535,BCF,CMP_ba6c40d3726d16919ab2,Martin 2003a,10.1002/etc.5620220126,data/raw/ITRC_aquatic.xlsx,bfc24df5dbd2d21341a9580e5053f7a7b89c1ddea1ebe75c55407f4cee27a54d,BCF-BAF Database,947,H947;F947;G947,"{""BCF"": 11000, ""BCF Min"": null, ""BCF Max"": null}",reported_database_value,11000.0,11000.0,4.041392685158225,True,True,True,True,database_traced_primary_not_verified,False,unverified_primary_table,,Original-paper numerical cell not verified
BIO_6536,6536,BCF,CMP_ba6c40d3726d16919ab2,Martin 2003a,10.1002/etc.5620220126,data/raw/ITRC_aquatic.xlsx,bfc24df5dbd2d21341a9580e5053f7a7b89c1ddea1ebe75c55407f4cee27a54d,BCF-BAF Database,948,H948;F948;G948,"{""BCF"": 4900, ""BCF Min"": null, ""BCF Max"": null}",reported_database_value,4900.0,4900.0,3.690196080028514,True,True,True,True,database_traced_primary_not_verified,False,unverified_primary_table,,Original-paper numerical cell not verified
BIO_6537,6537,BAF,CMP_ba6c40d3726d16919ab2,Murakami 2011,10.1007/s00244-011-9660-4,data/raw/ITRC_aquatic.xlsx,bfc24df5dbd2d21341a9580e5053f7a7b89c1ddea1ebe75c55407f4cee27a54d,BCF-BAF Database,949,K949;I949;J949,"{""BAF"": 3400, ""BAF Min"": null, ""BAF Max"": null}",reported_database_value,3400.0,3400.0,3.531478917042256,True,True,True,True,database_traced_primary_not_verified,False,unverified_primary_table,,Original-paper numerical cell not verified
BIO_6538,6538,BAF,CMP_ba6c40d3726d16919ab2,Murakami 2011,10.1007/s00244-011-9660-4,data/raw/ITRC_aquatic.xlsx,bfc24df5dbd2d21341a9580e5053f7a7b89c1ddea1ebe75c55407f4cee27a54d,BCF-BAF Database,950,K950;I950;J950,"{""BAF"": 4100, ""BAF Min"": null, ""BAF Max"": null}",reported_database_value,4100.0,4100.0,3.612783856719736,True,True,True,True,database_traced_primary_not_verified,False,unverified_primary_table,,Original-paper numerical cell not verified
BIO_6539,6539,BAF,CMP_ba6c40d3726d16919ab2,Murakami 2011,10.1007/s00244-011-9660-4,data/raw/ITRC_aquatic.xlsx,bfc24df5dbd2d21341a9580e5053f7a7b89c1ddea1ebe75c55407f4cee27a54d,BCF-BAF Database,951,K951;I951;J951,"{""BAF"": 17000, ""BAF Min"": null, ""BAF Max"": null}",reported_database_value,17000.0,17000.0,4.230448921378274,True,True,True,True,database_traced_primary_not_verified,False,unverified_primary_table,,Original-paper numerical cell not verified
BIO_6540,6540,BAF,CMP_ba6c40d3726d16919ab2,Murakami 2011,10.1007/s00244-011-9660-4,data/raw/ITRC_aquatic.xlsx,bfc24df5dbd2d21341a9580e5053f7a7b89c1ddea1ebe75c55407f4cee27a54d,BCF-BAF Database,952,K952;I952;J952,"{""BAF"": 35000, ""BAF Min"": null, ""BAF Max"": null}",reported_database_value,35000.0,35000.0,4.544068044350276,True,True,True,True,database_traced_primary_not_verified,False,unverified_primary_table,,Original-paper numerical cell not verified
BIO_6541,6541,BAF,CMP_ba6c40d3726d16919ab2,Naile 2013,10.1016/j.chemosphere.2012.07.033,data/raw/ITRC_aquatic.xlsx,bfc24df5dbd2d21341a9580e5053f7a7b89c1ddea1ebe75c55407f4cee27a54d,BCF-BAF Database,953,K953;I953;J953,"{""BAF"": 269.1534803926918, ""BAF Min"": null, ""BAF Max"": null}",reported_database_value,269.1534803926918,269.1534803926918,2.43,True,True,True,True,database_traced_primary_not_verified,False,unverified_primary_table,,Original-paper numerical cell not verified
BIO_6542,6542,BAF,CMP_ba6c40d3726d16919ab2,Naile 2013,10.1016/j.chemosphere.2012.07.033,data/raw/ITRC_aquatic.xlsx,bfc24df5dbd2d21341a9580e5053f7a7b89c1ddea1ebe75c55407f4cee27a54d,BCF-BAF Database,954,K954;I954;J954,"{""BAF"": 75.85775750291836, ""BAF Min"": null, ""BAF Max"": null}",reported_database_value,75.85775750291836,75.85775750291836,1.88,True,True,True,True,database_traced_primary_not_verified,False,unverified_primary_table,,Original-paper numerical cell not verified
BIO_6543,6543,BAF,CMP_ba6c40d3726d16919ab2,Naile 2013,10.1016/j.chemosphere.2012.07.033,data/raw/ITRC_aquatic.xlsx,bfc24df5dbd2d21341a9580e5053f7a7b89c1ddea1ebe75c55407f4cee27a54d,BCF-BAF Database,955,K955;I955;J955,"{""BAF"": 69.18309709189366, ""BAF Min"": null, ""BAF Max"": null}",reported_database_value,69.18309709189366,69.18309709189366,1.84,True,True,True,True,database_traced_primary_not_verified,False,unverified_primary_table,,Original-paper numerical cell not verified
BIO_6544,6544,BAF,CMP_ba6c40d3726d16919ab2,Naile 2013,10.1016/j.chemosphere.2012.07.033,data/raw/ITRC_aquatic.xlsx,bfc24df5dbd2d21341a9580e5053f7a7b89c1ddea1ebe75c55407f4cee27a54d,BCF-BAF Database,956,K956;I956;J956,"{""BAF"": 83.17637711026713, ""BAF Min"": null, ""BAF Max"": null}",reported_database_value,83.17637711026713,83.17637711026713,1.92,True,True,True,True,database_traced_primary_not_verified,False,unverified_primary_table,,Original-paper numerical cell not verified
BIO_6545,6545,BAF,CMP_ba6c40d3726d16919ab2,Naile 2013,10.1016/j.chemosphere.2012.07.033,data/raw/ITRC_aquatic.xlsx,bfc24df5dbd2d21341a9580e5053f7a7b89c1ddea1ebe75c55407f4cee27a54d,BCF-BAF Database,957,K957;I957;J957,"{""BAF"": 85.11380382023766, ""BAF Min"": null, ""BAF Max"": null}",reported_database_value,85.11380382023766,85.11380382023766,1.93,True,True,True,True,database_traced_primary_not_verified,False,unverified_primary_table,,Original-paper numerical cell not verified
BIO_6546,6546,BAF,CMP_ba6c40d3726d16919ab2,Naile 2013,10.1016/j.chemosphere.2012.07.033,data/raw/ITRC_aquatic.xlsx,bfc24df5dbd2d21341a9580e5053f7a7b89c1ddea1ebe75c55407f4cee27a54d,BCF-BAF Database,958,K958;I958;J958,"{""BAF"": 100, ""BAF Min"": null, ""BAF Max"": null}",reported_database_value,100.0,100.0,2.0,True,True,True,True,database_traced_primary_not_verified,False,unverified_primary_table,,Original-paper numerical cell not verified
BIO_6547,6547,BAF,CMP_ba6c40d3726d16919ab2,Naile 2013,10.1016/j.chemosphere.2012.07.033,data/raw/ITRC_aquatic.xlsx,bfc24df5dbd2d21341a9580e5053f7a7b89c1ddea1ebe75c55407f4cee27a54d,BCF-BAF Database,959,K959;I959;J959,"{""BAF"": 41.68693834703356, ""BAF Min"": null, ""BAF Max"": null}",reported_database_value,41.68693834703356,41.68693834703356,1.6200000000000003,True,True,True,True,database_traced_primary_not_verified,False,unverified_primary_table,,Original-paper numerical cell not verified
BIO_6548,6548,BAF,CMP_ba6c40d3726d16919ab2,Naile 2013,10.1016/j.chemosphere.2012.07.033,data/raw/ITRC_aquatic.xlsx,bfc24df5dbd2d21341a9580e5053f7a7b89c1ddea1ebe75c55407f4cee27a54d,BCF-BAF Database,960,K960;I960;J960,"{""BAF"": 107.15193052376065, ""BAF Min"": null, ""BAF Max"": null}",reported_database_value,107.15193052376065,107.1519305237607,2.03,True,True,True,True,database_traced_primary_not_verified,False,unverified_primary_table,,Original-paper numerical cell not verified
BIO_6549,6549,BAF,CMP_ba6c40d3726d16919ab2,Pan 2014,10.1016/j.ecoenv.2014.05.031,data/raw/ITRC_aquatic.xlsx,bfc24df5dbd2d21341a9580e5053f7a7b89c1ddea1ebe75c55407f4cee27a54d,BCF-BAF Database,961,K961;I961;J961,"{""BAF"": 3162.28, ""BAF Min"": null, ""BAF Max"": null}",reported_database_value,3162.28,3162.28,3.500000321342936,True,True,True,True,database_traced_primary_not_verified,False,unverified_primary_table,,Original-paper numerical cell not verified
BIO_6550,6550,BAF,CMP_ba6c40d3726d16919ab2,Pan 2014,10.1016/j.ecoenv.2014.05.031,data/raw/ITRC_aquatic.xlsx,bfc24df5dbd2d21341a9580e5053f7a7b89c1ddea1ebe75c55407f4cee27a54d,BCF-BAF Database,962,K962;I962;J962,"{""BAF"": 100000, ""BAF Min"": null, ""BAF Max"": null}",reported_database_value,100000.0,100000.0,5.0,True,True,True,True,database_traced_primary_not_verified,False,unverified_primary_table,,Original-paper numerical cell not verified
BIO_6551,6551,BAF,CMP_ba6c40d3726d16919ab2,Pan 2019,10.3390/ijerph16101692,data/raw/ITRC_aquatic.xlsx,bfc24df5dbd2d21341a9580e5053f7a7b89c1ddea1ebe75c55407f4cee27a54d,BCF-BAF Database,963,K963;I963;J963,"{""BAF"": 684, ""BAF Min"": 155, ""BAF Max"": 1427}",reported_database_value,684.0,684.0,2.835056101720116,True,True,True,True,primary_located_not_eligible,False,verified_value_basis_conflict,Main Table 4; PFUnDA; BAF Mean,"quarantine_basis_conflict_until_primary_clarification; Original Table 4 concentration header ng/g DW conflicts with wet-weight extraction and fish LOQ in Methods; pooled fish, not individual data"
BIO_6553,6553,BAF,CMP_ba6c40d3726d16919ab2,Wang 2013,10.1016/j.envpol.2013.04.020,data/raw/ITRC_aquatic.xlsx,bfc24df5dbd2d21341a9580e5053f7a7b89c1ddea1ebe75c55407f4cee27a54d,BCF-BAF Database,965,K965;I965;J965,"{""BAF"": 1300, ""BAF Min"": null, ""BAF Max"": null}",reported_database_value,1300.0,1300.0,3.113943352306837,True,True,True,True,database_traced_primary_not_verified,False,unverified_primary_table,,Original-paper numerical cell not verified
BIO_6554,6554,BAF,CMP_ba6c40d3726d16919ab2,Wang 2013,10.1016/j.envpol.2013.04.020,data/raw/ITRC_aquatic.xlsx,bfc24df5dbd2d21341a9580e5053f7a7b89c1ddea1ebe75c55407f4cee27a54d,BCF-BAF Database,966,K966;I966;J966,"{""BAF"": 28000, ""BAF Min"": null, ""BAF Max"": null}",reported_database_value,28000.0,28000.0,4.447158031342219,True,True,True,True,database_traced_primary_not_verified,False,unverified_primary_table,,Original-paper numerical cell not verified
BIO_6555,6555,BAF,CMP_ba6c40d3726d16919ab2,Wang 2013,10.1016/j.envpol.2013.04.020,data/raw/ITRC_aquatic.xlsx,bfc24df5dbd2d21341a9580e5053f7a7b89c1ddea1ebe75c55407f4cee27a54d,BCF-BAF Database,967,K967;I967;J967,"{""BAF"": 610, ""BAF Min"": null, ""BAF Max"": null}",reported_database_value,610.0,610.0,2.785329835010767,True,True,True,True,database_traced_primary_not_verified,False,unverified_primary_table,,Original-paper numerical cell not verified
BIO_6556,6556,BAF,CMP_ba6c40d3726d16919ab2,Wang 2013,10.1016/j.envpol.2013.04.020,data/raw/ITRC_aquatic.xlsx,bfc24df5dbd2d21341a9580e5053f7a7b89c1ddea1ebe75c55407f4cee27a54d,BCF-BAF Database,968,K968;I968;J968,"{""BAF"": 2100, ""BAF Min"": null, ""BAF Max"": null}",reported_database_value,2100.0,2100.0,3.322219294733919,True,True,True,True,database_traced_primary_not_verified,False,unverified_primary_table,,Original-paper numerical cell not verified
BIO_6557,6557,BAF,CMP_ba6c40d3726d16919ab2,Wang 2013,10.1016/j.envpol.2013.04.020,data/raw/ITRC_aquatic.xlsx,bfc24df5dbd2d21341a9580e5053f7a7b89c1ddea1ebe75c55407f4cee27a54d,BCF-BAF Database,969,K969;I969;J969,"{""BAF"": 2700, ""BAF Min"": null, ""BAF Max"": null}",reported_database_value,2700.0,2700.0,3.431363764158988,True,True,True,True,database_traced_primary_not_verified,False,unverified_primary_table,,Original-paper numerical cell not verified
BIO_6558,6558,BAF,CMP_d156c7f61581a866704b,Munoz 2017,10.1021/acs.est.7b02399,data/raw/ITRC_aquatic.xlsx,bfc24df5dbd2d21341a9580e5053f7a7b89c1ddea1ebe75c55407f4cee27a54d,BCF-BAF Database,970,K970;I970;J970,"{""BAF"": 20, ""BAF Min"": null, ""BAF Max"": null}",reported_database_value,20.0,20.0,1.3010299956639813,True,True,True,True,primary_included,True,verified_summary,SI Table S11 PDF page 26; crassostrea gigas; PFOA; mean,Source-qualified endpoint and value under frozen eligibility criteria
BIO_6559,6559,BAF,CMP_d156c7f61581a866704b,Munoz 2017,10.1021/acs.est.7b02399,data/raw/ITRC_aquatic.xlsx,bfc24df5dbd2d21341a9580e5053f7a7b89c1ddea1ebe75c55407f4cee27a54d,BCF-BAF Database,971,K971;I971;J971,"{""BAF"": 358, ""BAF Min"": null, ""BAF Max"": null}",reported_database_value,358.0,358.0,2.5538830266438746,True,True,True,True,primary_included,True,verified_summary,"SI Table S11 PDF page 26; copepoda, ind.; PFOA; mean",Source-qualified endpoint and value under frozen eligibility criteria
BIO_6560,6560,BAF,CMP_d156c7f61581a866704b,Munoz 2017,10.1021/acs.est.7b02399,data/raw/ITRC_aquatic.xlsx,bfc24df5dbd2d21341a9580e5053f7a7b89c1ddea1ebe75c55407f4cee27a54d,BCF-BAF Database,972,K972;I972;J972,"{""BAF"": 108, ""BAF Min"": null, ""BAF Max"": null}",reported_database_value,108.0,108.0,2.03342375548695,True,True,True,True,primary_included,True,verified_summary,"SI Table S11 PDF page 26; mysidacea, ind.; PFOA; mean",Source-qualified endpoint and value under frozen eligibility criteria
BIO_6561,6561,BAF,CMP_d156c7f61581a866704b,Munoz 2017,10.1021/acs.est.7b02399,data/raw/ITRC_aquatic.xlsx,bfc24df5dbd2d21341a9580e5053f7a7b89c1ddea1ebe75c55407f4cee27a54d,BCF-BAF Database,973,K973;I973;J973,"{""BAF"": 1250, ""BAF Min"": null, ""BAF Max"": null}",reported_database_value,1250.0,1250.0,3.096910013008056,True,True,True,True,primary_included,True,verified_summary,SI Table S11 PDF page 26; gammarus spp.; PFOA; mean,Source-qualified endpoint and value under frozen eligibility criteria
BIO_6562,6562,BAF,CMP_d156c7f61581a866704b,Munoz 2017,10.1021/acs.est.7b02399,data/raw/ITRC_aquatic.xlsx,bfc24df5dbd2d21341a9580e5053f7a7b89c1ddea1ebe75c55407f4cee27a54d,BCF-BAF Database,974,K974;I974;J974,"{""BAF"": 377, ""BAF Min"": null, ""BAF Max"": null}",reported_database_value,377.0,377.0,2.576341350205793,True,True,True,True,primary_included,True,verified_summary,SI Table S11 PDF page 26; palaemon longirostris; PFOA; mean,Source-qualified endpoint and value under frozen eligibility criteria
BIO_6563,6563,BAF,CMP_d156c7f61581a866704b,Munoz 2017,10.1021/acs.est.7b02399,data/raw/ITRC_aquatic.xlsx,bfc24df5dbd2d21341a9580e5053f7a7b89c1ddea1ebe75c55407f4cee27a54d,BCF-BAF Database,975,K975;I975;J975,"{""BAF"": 458, ""BAF Min"": null, ""BAF Max"": null}",reported_database_value,458.0,458.0,2.660865478003869,True,True,True,True,primary_included,True,verified_summary,SI Table S11 PDF page 26; crangon crangon; PFOA; mean,Source-qualified endpoint and value under frozen eligibility criteria
BIO_6564,6564,BAF,CMP_d156c7f61581a866704b,Munoz 2017,10.1021/acs.est.7b02399,data/raw/ITRC_aquatic.xlsx,bfc24df5dbd2d21341a9580e5053f7a7b89c1ddea1ebe75c55407f4cee27a54d,BCF-BAF Database,976,K976;I976;J976,"{""BAF"": 153, ""BAF Min"": null, ""BAF Max"": null}",reported_database_value,153.0,153.0,2.184691430817599,True,True,True,True,primary_located_not_eligible,False,verified_summary,SI Table S11 PDF page 26; engraulis encrasicolus; PFOA; mean,"sensitivity_only_whole_body_conversion_requires_species_specific_reconstruction; Wet whole-body equivalent; source Table S2 uses muscle-to-whole-body conversion for fish; group mean, not independent individual observations"
BIO_6565,6565,BAF,CMP_d156c7f61581a866704b,Munoz 2017,10.1021/acs.est.7b02399,data/raw/ITRC_aquatic.xlsx,bfc24df5dbd2d21341a9580e5053f7a7b89c1ddea1ebe75c55407f4cee27a54d,BCF-BAF Database,977,K977;I977;J977,"{""BAF"": 178, ""BAF Min"": null, ""BAF Max"": null}",reported_database_value,178.0,178.0,2.250420002308894,True,True,True,True,primary_located_not_eligible,False,verified_summary,SI Table S11 PDF page 26; dicentrarchus labrax; PFOA; mean,"sensitivity_only_whole_body_conversion_requires_species_specific_reconstruction; Wet whole-body equivalent; source Table S2 uses muscle-to-whole-body conversion for fish; group mean, not independent individual observations"
BIO_6566,6566,BAF,CMP_d156c7f61581a866704b,Munoz 2017,10.1021/acs.est.7b02399,data/raw/ITRC_aquatic.xlsx,bfc24df5dbd2d21341a9580e5053f7a7b89c1ddea1ebe75c55407f4cee27a54d,BCF-BAF Database,978,K978;I978;J978,"{""BAF"": 343, ""BAF Min"": null, ""BAF Max"": null}",reported_database_value,343.0,343.0,2.5352941200427703,True,True,True,True,primary_located_not_eligible,False,verified_summary,SI Table S11 PDF page 26; dicentrarchus punctatus; PFOA; mean,"sensitivity_only_whole_body_conversion_requires_species_specific_reconstruction; Wet whole-body equivalent; source Table S2 uses muscle-to-whole-body conversion for fish; group mean, not independent individual observations"
BIO_6567,6567,BAF,CMP_8e58943e0a19095fb6f4,Munoz 2017,10.1021/acs.est.7b02399,data/raw/ITRC_aquatic.xlsx,bfc24df5dbd2d21341a9580e5053f7a7b89c1ddea1ebe75c55407f4cee27a54d,BCF-BAF Database,979,K979;I979;J979,"{""BAF"": 48, ""BAF Min"": null, ""BAF Max"": null}",reported_database_value,48.0,48.0,1.6812412373755872,True,True,True,True,primary_included,True,verified_summary,SI Table S11 PDF page 26; crassostrea gigas; PFNA; mean,Source-qualified endpoint and value under frozen eligibility criteria
BIO_6568,6568,BAF,CMP_8e58943e0a19095fb6f4,Munoz 2017,10.1021/acs.est.7b02399,data/raw/ITRC_aquatic.xlsx,bfc24df5dbd2d21341a9580e5053f7a7b89c1ddea1ebe75c55407f4cee27a54d,BCF-BAF Database,980,K980;I980;J980,"{""BAF"": 447, ""BAF Min"": null, ""BAF Max"": null}",reported_database_value,447.0,447.0,2.6503075231319366,True,True,True,True,primary_included,True,verified_summary,"SI Table S11 PDF page 26; copepoda, ind.; PFNA; mean",Source-qualified endpoint and value under frozen eligibility criteria
BIO_6569,6569,BAF,CMP_8e58943e0a19095fb6f4,Munoz 2017,10.1021/acs.est.7b02399,data/raw/ITRC_aquatic.xlsx,bfc24df5dbd2d21341a9580e5053f7a7b89c1ddea1ebe75c55407f4cee27a54d,BCF-BAF Database,981,K981;I981;J981,"{""BAF"": 611, ""BAF Min"": null, ""BAF Max"": null}",reported_database_value,611.0,611.0,2.7860412102425545,True,True,True,True,primary_included,True,verified_summary,"SI Table S11 PDF page 26; mysidacea, ind.; PFNA; mean",Source-qualified endpoint and value under frozen eligibility criteria
BIO_6570,6570,BAF,CMP_8e58943e0a19095fb6f4,Munoz 2017,10.1021/acs.est.7b02399,data/raw/ITRC_aquatic.xlsx,bfc24df5dbd2d21341a9580e5053f7a7b89c1ddea1ebe75c55407f4cee27a54d,BCF-BAF Database,982,K982;I982;J982,"{""BAF"": 2080, ""BAF Min"": null, ""BAF Max"": null}",reported_database_value,2080.0,2080.0,3.318063334962761,True,True,True,True,primary_included,True,verified_summary,SI Table S11 PDF page 26; gammarus spp.; PFNA; mean,Source-qualified endpoint and value under frozen eligibility criteria
BIO_6571,6571,BAF,CMP_8e58943e0a19095fb6f4,Munoz 2017,10.1021/acs.est.7b02399,data/raw/ITRC_aquatic.xlsx,bfc24df5dbd2d21341a9580e5053f7a7b89c1ddea1ebe75c55407f4cee27a54d,BCF-BAF Database,983,K983;I983;J983,"{""BAF"": 1380, ""BAF Min"": null, ""BAF Max"": null}",reported_database_value,1380.0,1380.0,3.1398790864012365,True,True,True,True,primary_included,True,verified_summary,SI Table S11 PDF page 26; palaemon longirostris; PFNA; mean,Source-qualified endpoint and value under frozen eligibility criteria
BIO_6572,6572,BAF,CMP_8e58943e0a19095fb6f4,Munoz 2017,10.1021/acs.est.7b02399,data/raw/ITRC_aquatic.xlsx,bfc24df5dbd2d21341a9580e5053f7a7b89c1ddea1ebe75c55407f4cee27a54d,BCF-BAF Database,984,K984;I984;J984,"{""BAF"": 5660, ""BAF Min"": null, ""BAF Max"": null}",reported_database_value,5660.0,5660.0,3.752816431188272,True,True,True,True,primary_included,True,verified_summary,SI Table S11 PDF page 26; crangon crangon; PFNA; mean,Source-qualified endpoint and value under frozen eligibility criteria
BIO_6573,6573,BAF,CMP_8e58943e0a19095fb6f4,Munoz 2017,10.1021/acs.est.7b02399,data/raw/ITRC_aquatic.xlsx,bfc24df5dbd2d21341a9580e5053f7a7b89c1ddea1ebe75c55407f4cee27a54d,BCF-BAF Database,985,K985;I985;J985,"{""BAF"": 635, ""BAF Min"": null, ""BAF Max"": null}",reported_database_value,635.0,635.0,2.8027737252919755,True,True,True,True,primary_located_not_eligible,False,verified_summary,SI Table S11 PDF page 26; pomatoschistus spp.; PFNA; mean,"sensitivity_only_whole_body_conversion_requires_species_specific_reconstruction; Wet whole-body equivalent; source Table S2 uses muscle-to-whole-body conversion for fish; group mean, not independent individual observations"
BIO_6574,6574,BAF,CMP_8e58943e0a19095fb6f4,Munoz 2017,10.1021/acs.est.7b02399,data/raw/ITRC_aquatic.xlsx,bfc24df5dbd2d21341a9580e5053f7a7b89c1ddea1ebe75c55407f4cee27a54d,BCF-BAF Database,986,K986;I986;J986,"{""BAF"": 455, ""BAF Min"": null, ""BAF Max"": null}",reported_database_value,455.0,455.0,2.6580113966571126,True,True,True,True,primary_located_not_eligible,False,verified_summary,SI Table S11 PDF page 26; engraulis encrasicolus; PFNA; mean,"sensitivity_only_whole_body_conversion_requires_species_specific_reconstruction; Wet whole-body equivalent; source Table S2 uses muscle-to-whole-body conversion for fish; group mean, not independent individual observations"
BIO_6575,6575,BAF,CMP_8e58943e0a19095fb6f4,Munoz 2017,10.1021/acs.est.7b02399,data/raw/ITRC_aquatic.xlsx,bfc24df5dbd2d21341a9580e5053f7a7b89c1ddea1ebe75c55407f4cee27a54d,BCF-BAF Database,987,K987;I987;J987,"{""BAF"": 645, ""BAF Min"": null, ""BAF Max"": null}",reported_database_value,645.0,645.0,2.809559714635268,True,True,True,True,primary_located_not_eligible,False,verified_summary,SI Table S11 PDF page 26; sprattus sprattus; PFNA; mean,"sensitivity_only_whole_body_conversion_requires_species_specific_reconstruction; Wet whole-body equivalent; source Table S2 uses muscle-to-whole-body conversion for fish; group mean, not independent individual observations; DATABASE TAXON ERROR: Sprattus sprattus is fish, not mammal; historical model inputs require audit"
BIO_6576,6576,BAF,CMP_8e58943e0a19095fb6f4,Munoz 2017,10.1021/acs.est.7b02399,data/raw/ITRC_aquatic.xlsx,bfc24df5dbd2d21341a9580e5053f7a7b89c1ddea1ebe75c55407f4cee27a54d,BCF-BAF Database,988,K988;I988;J988,"{""BAF"": 650, ""BAF Min"": null, ""BAF Max"": null}",reported_database_value,650.0,650.0,2.812913356642856,True,True,True,True,primary_located_not_eligible,False,verified_summary,SI Table S11 PDF page 26; liza ramada; PFNA; mean,"sensitivity_only_whole_body_conversion_requires_species_specific_reconstruction; Wet whole-body equivalent; source Table S2 uses muscle-to-whole-body conversion for fish; group mean, not independent individual observations"
BIO_6577,6577,BAF,CMP_8e58943e0a19095fb6f4,Munoz 2017,10.1021/acs.est.7b02399,data/raw/ITRC_aquatic.xlsx,bfc24df5dbd2d21341a9580e5053f7a7b89c1ddea1ebe75c55407f4cee27a54d,BCF-BAF Database,989,K989;I989;J989,"{""BAF"": 820, ""BAF Min"": null, ""BAF Max"": null}",reported_database_value,820.0,820.0,2.9138138523837167,True,True,True,True,primary_located_not_eligible,False,verified_summary,SI Table S11 PDF page 26; argyrosomus regius; PFNA; mean,"sensitivity_only_whole_body_conversion_requires_species_specific_reconstruction; Wet whole-body equivalent; source Table S2 uses muscle-to-whole-body conversion for fish; group mean, not independent individual observations"
BIO_6578,6578,BAF,CMP_8e58943e0a19095fb6f4,Munoz 2017,10.1021/acs.est.7b02399,data/raw/ITRC_aquatic.xlsx,bfc24df5dbd2d21341a9580e5053f7a7b89c1ddea1ebe75c55407f4cee27a54d,BCF-BAF Database,990,K990;I990;J990,"{""BAF"": 1080, ""BAF Min"": null, ""BAF Max"": null}",reported_database_value,1080.0,1080.0,3.03342375548695,True,True,True,True,primary_located_not_eligible,False,verified_summary,SI Table S11 PDF page 26; dicentrarchus labrax; PFNA; mean,"sensitivity_only_whole_body_conversion_requires_species_specific_reconstruction; Wet whole-body equivalent; source Table S2 uses muscle-to-whole-body conversion for fish; group mean, not independent individual observations"
BIO_6579,6579,BAF,CMP_8e58943e0a19095fb6f4,Munoz 2017,10.1021/acs.est.7b02399,data/raw/ITRC_aquatic.xlsx,bfc24df5dbd2d21341a9580e5053f7a7b89c1ddea1ebe75c55407f4cee27a54d,BCF-BAF Database,991,K991;I991;J991,"{""BAF"": 786, ""BAF Min"": null, ""BAF Max"": null}",reported_database_value,786.0,786.0,2.895422546039408,True,True,True,True,primary_located_not_eligible,False,verified_summary,SI Table S11 PDF page 26; dicentrarchus punctatus; PFNA; mean,"sensitivity_only_whole_body_conversion_requires_species_specific_reconstruction; Wet whole-body equivalent; source Table S2 uses muscle-to-whole-body conversion for fish; group mean, not independent individual observations"
BIO_6580,6580,BAF,CMP_5bc76544fcbe477197d1,Munoz 2017,10.1021/acs.est.7b02399,data/raw/ITRC_aquatic.xlsx,bfc24df5dbd2d21341a9580e5053f7a7b89c1ddea1ebe75c55407f4cee27a54d,BCF-BAF Database,992,K992;I992;J992,"{""BAF"": 89, ""BAF Min"": null, ""BAF Max"": null}",reported_database_value,89.0,89.0,1.9493900066449128,True,True,True,True,primary_included,True,verified_summary,SI Table S11 PDF page 26; crassostrea gigas; PFDA; mean,Source-qualified endpoint and value under frozen eligibility criteria
BIO_6581,6581,BAF,CMP_5bc76544fcbe477197d1,Munoz 2017,10.1021/acs.est.7b02399,data/raw/ITRC_aquatic.xlsx,bfc24df5dbd2d21341a9580e5053f7a7b89c1ddea1ebe75c55407f4cee27a54d,BCF-BAF Database,993,K993;I993;J993,"{""BAF"": 1270, ""BAF Min"": null, ""BAF Max"": null}",reported_database_value,1270.0,1270.0,3.103803720955957,True,True,True,True,primary_included,True,verified_summary,"SI Table S11 PDF page 26; copepoda, ind.; PFDA; mean",Source-qualified endpoint and value under frozen eligibility criteria
BIO_6582,6582,BAF,CMP_5bc76544fcbe477197d1,Munoz 2017,10.1021/acs.est.7b02399,data/raw/ITRC_aquatic.xlsx,bfc24df5dbd2d21341a9580e5053f7a7b89c1ddea1ebe75c55407f4cee27a54d,BCF-BAF Database,994,K994;I994;J994,"{""BAF"": 2240, ""BAF Min"": null, ""BAF Max"": null}",reported_database_value,2240.0,2240.0,3.3502480183341627,True,True,True,True,primary_included,True,verified_summary,"SI Table S11 PDF page 26; mysidacea, ind.; PFDA; mean",Source-qualified endpoint and value under frozen eligibility criteria
BIO_6583,6583,BAF,CMP_5bc76544fcbe477197d1,Munoz 2017,10.1021/acs.est.7b02399,data/raw/ITRC_aquatic.xlsx,bfc24df5dbd2d21341a9580e5053f7a7b89c1ddea1ebe75c55407f4cee27a54d,BCF-BAF Database,995,K995;I995;J995,"{""BAF"": 3200, ""BAF Min"": null, ""BAF Max"": null}",reported_database_value,3200.0,3200.0,3.505149978319906,True,True,True,True,primary_included,True,verified_summary,SI Table S11 PDF page 26; gammarus spp.; PFDA; mean,Source-qualified endpoint and value under frozen eligibility criteria
BIO_6584,6584,BAF,CMP_5bc76544fcbe477197d1,Munoz 2017,10.1021/acs.est.7b02399,data/raw/ITRC_aquatic.xlsx,bfc24df5dbd2d21341a9580e5053f7a7b89c1ddea1ebe75c55407f4cee27a54d,BCF-BAF Database,996,K996;I996;J996,"{""BAF"": 2850, ""BAF Min"": null, ""BAF Max"": null}",reported_database_value,2850.0,2850.0,3.45484486000851,True,True,True,True,primary_included,True,verified_summary,SI Table S11 PDF page 26; palaemon longirostris; PFDA; mean,Source-qualified endpoint and value under frozen eligibility criteria
BIO_6585,6585,BAF,CMP_5bc76544fcbe477197d1,Munoz 2017,10.1021/acs.est.7b02399,data/raw/ITRC_aquatic.xlsx,bfc24df5dbd2d21341a9580e5053f7a7b89c1ddea1ebe75c55407f4cee27a54d,BCF-BAF Database,997,K997;I997;J997,"{""BAF"": 7370, ""BAF Min"": null, ""BAF Max"": null}",reported_database_value,7370.0,7370.0,3.8674674878590514,True,True,True,True,primary_included,True,verified_summary,SI Table S11 PDF page 26; crangon crangon; PFDA; mean,Source-qualified endpoint and value under frozen eligibility criteria
BIO_6586,6586,BAF,CMP_5bc76544fcbe477197d1,Munoz 2017,10.1021/acs.est.7b02399,data/raw/ITRC_aquatic.xlsx,bfc24df5dbd2d21341a9580e5053f7a7b89c1ddea1ebe75c55407f4cee27a54d,BCF-BAF Database,998,K998;I998;J998,"{""BAF"": 2840, ""BAF Min"": null, ""BAF Max"": null}",reported_database_value,2840.0,2840.0,3.453318340047037,True,True,True,True,primary_located_not_eligible,False,verified_summary,SI Table S11 PDF page 26; pomatoschistus spp.; PFDA; mean,"sensitivity_only_whole_body_conversion_requires_species_specific_reconstruction; Wet whole-body equivalent; source Table S2 uses muscle-to-whole-body conversion for fish; group mean, not independent individual observations"
BIO_6587,6587,BAF,CMP_5bc76544fcbe477197d1,Munoz 2017,10.1021/acs.est.7b02399,data/raw/ITRC_aquatic.xlsx,bfc24df5dbd2d21341a9580e5053f7a7b89c1ddea1ebe75c55407f4cee27a54d,BCF-BAF Database,999,K999;I999;J999,"{""BAF"": 1360, ""BAF Min"": null, ""BAF Max"": null}",reported_database_value,1360.0,1360.0,3.133538908370217,True,True,True,True,primary_located_not_eligible,False,verified_summary,SI Table S11 PDF page 26; engraulis encrasicolus; PFDA; mean,"sensitivity_only_whole_body_conversion_requires_species_specific_reconstruction; Wet whole-body equivalent; source Table S2 uses muscle-to-whole-body conversion for fish; group mean, not independent individual observations"
BIO_6588,6588,BAF,CMP_5bc76544fcbe477197d1,Munoz 2017,10.1021/acs.est.7b02399,data/raw/ITRC_aquatic.xlsx,bfc24df5dbd2d21341a9580e5053f7a7b89c1ddea1ebe75c55407f4cee27a54d,BCF-BAF Database,1000,K1000;I1000;J1000,"{""BAF"": 1490, ""BAF Min"": null, ""BAF Max"": null}",reported_database_value,1490.0,1490.0,3.173186268412274,True,True,True,True,primary_located_not_eligible,False,verified_summary,SI Table S11 PDF page 26; sprattus sprattus; PFDA; mean,"sensitivity_only_whole_body_conversion_requires_species_specific_reconstruction; Wet whole-body equivalent; source Table S2 uses muscle-to-whole-body conversion for fish; group mean, not independent individual observations; DATABASE TAXON ERROR: Sprattus sprattus is fish, not mammal; historical model inputs require audit"
BIO_6589,6589,BAF,CMP_5bc76544fcbe477197d1,Munoz 2017,10.1021/acs.est.7b02399,data/raw/ITRC_aquatic.xlsx,bfc24df5dbd2d21341a9580e5053f7a7b89c1ddea1ebe75c55407f4cee27a54d,BCF-BAF Database,1001,K1001;I1001;J1001,"{""BAF"": 5700, ""BAF Min"": null, ""BAF Max"": null}",reported_database_value,5700.0,5700.0,3.755874855672492,True,True,True,True,primary_located_not_eligible,False,verified_summary,SI Table S11 PDF page 26; liza ramada; PFDA; mean,"sensitivity_only_whole_body_conversion_requires_species_specific_reconstruction; Wet whole-body equivalent; source Table S2 uses muscle-to-whole-body conversion for fish; group mean, not independent individual observations"
BIO_6590,6590,BAF,CMP_5bc76544fcbe477197d1,Munoz 2017,10.1021/acs.est.7b02399,data/raw/ITRC_aquatic.xlsx,bfc24df5dbd2d21341a9580e5053f7a7b89c1ddea1ebe75c55407f4cee27a54d,BCF-BAF Database,1002,K1002;I1002;J1002,"{""BAF"": 2720, ""BAF Min"": null, ""BAF Max"": null}",reported_database_value,2720.0,2720.0,3.4345689040341987,True,True,True,True,primary_located_not_eligible,False,verified_summary,SI Table S11 PDF page 26; argyrosomus regius; PFDA; mean,"sensitivity_only_whole_body_conversion_requires_species_specific_reconstruction; Wet whole-body equivalent; source Table S2 uses muscle-to-whole-body conversion for fish; group mean, not independent individual observations"
BIO_6591,6591,BAF,CMP_5bc76544fcbe477197d1,Munoz 2017,10.1021/acs.est.7b02399,data/raw/ITRC_aquatic.xlsx,bfc24df5dbd2d21341a9580e5053f7a7b89c1ddea1ebe75c55407f4cee27a54d,BCF-BAF Database,1003,K1003;I1003;J1003,"{""BAF"": 5710, ""BAF Min"": null, ""BAF Max"": null}",reported_database_value,5710.0,5710.0,3.756636108245848,True,True,True,True,primary_located_not_eligible,False,verified_summary,SI Table S11 PDF page 26; dicentrarchus labrax; PFDA; mean,"sensitivity_only_whole_body_conversion_requires_species_specific_reconstruction; Wet whole-body equivalent; source Table S2 uses muscle-to-whole-body conversion for fish; group mean, not independent individual observations"
BIO_6592,6592,BAF,CMP_5bc76544fcbe477197d1,Munoz 2017,10.1021/acs.est.7b02399,data/raw/ITRC_aquatic.xlsx,bfc24df5dbd2d21341a9580e5053f7a7b89c1ddea1ebe75c55407f4cee27a54d,BCF-BAF Database,1004,K1004;I1004;J1004,"{""BAF"": 2510, ""BAF Min"": null, ""BAF Max"": null}",reported_database_value,2510.0,2510.0,3.399673721481038,True,True,True,True,primary_located_not_eligible,False,verified_summary,SI Table S11 PDF page 26; dicentrarchus punctatus; PFDA; mean,"sensitivity_only_whole_body_conversion_requires_species_specific_reconstruction; Wet whole-body equivalent; source Table S2 uses muscle-to-whole-body conversion for fish; group mean, not independent individual observations"
BIO_6593,6593,BAF,CMP_ba6c40d3726d16919ab2,Munoz 2017,10.1021/acs.est.7b02399,data/raw/ITRC_aquatic.xlsx,bfc24df5dbd2d21341a9580e5053f7a7b89c1ddea1ebe75c55407f4cee27a54d,BCF-BAF Database,1005,K1005;I1005;J1005,"{""BAF"": 1030, ""BAF Min"": null, ""BAF Max"": null}",reported_database_value,1030.0,1030.0,3.012837224705172,True,True,True,True,primary_included,True,verified_summary,SI Table S11 PDF page 26; crassostrea gigas; PFUnDA; mean,Source-qualified endpoint and value under frozen eligibility criteria
BIO_6594,6594,BAF,CMP_ba6c40d3726d16919ab2,Munoz 2017,10.1021/acs.est.7b02399,data/raw/ITRC_aquatic.xlsx,bfc24df5dbd2d21341a9580e5053f7a7b89c1ddea1ebe75c55407f4cee27a54d,BCF-BAF Database,1006,K1006;I1006;J1006,"{""BAF"": 6930, ""BAF Min"": null, ""BAF Max"": null}",reported_database_value,6930.0,6930.0,3.840733234611807,True,True,True,True,primary_included,True,verified_summary,"SI Table S11 PDF page 26; copepoda, ind.; PFUnDA; mean",Source-qualified endpoint and value under frozen eligibility criteria
BIO_6595,6595,BAF,CMP_ba6c40d3726d16919ab2,Munoz 2017,10.1021/acs.est.7b02399,data/raw/ITRC_aquatic.xlsx,bfc24df5dbd2d21341a9580e5053f7a7b89c1ddea1ebe75c55407f4cee27a54d,BCF-BAF Database,1007,K1007;I1007;J1007,"{""BAF"": 9900, ""BAF Min"": null, ""BAF Max"": null}",reported_database_value,9900.0,9900.0,3.99563519459755,True,True,True,True,primary_included,True,verified_summary,"SI Table S11 PDF page 26; mysidacea, ind.; PFUnDA; mean",Source-qualified endpoint and value under frozen eligibility criteria
BIO_6596,6596,BAF,CMP_ba6c40d3726d16919ab2,Munoz 2017,10.1021/acs.est.7b02399,data/raw/ITRC_aquatic.xlsx,bfc24df5dbd2d21341a9580e5053f7a7b89c1ddea1ebe75c55407f4cee27a54d,BCF-BAF Database,1008,K1008;I1008;J1008,"{""BAF"": 28100, ""BAF Min"": null, ""BAF Max"": null}",reported_database_value,28100.0,28100.0,4.44870631990508,True,True,True,True,primary_included,True,verified_summary,SI Table S11 PDF page 26; gammarus spp.; PFUnDA; mean,Source-qualified endpoint and value under frozen eligibility criteria
BIO_6597,6597,BAF,CMP_ba6c40d3726d16919ab2,Munoz 2017,10.1021/acs.est.7b02399,data/raw/ITRC_aquatic.xlsx,bfc24df5dbd2d21341a9580e5053f7a7b89c1ddea1ebe75c55407f4cee27a54d,BCF-BAF Database,1009,K1009;I1009;J1009,"{""BAF"": 26900, ""BAF Min"": null, ""BAF Max"": null}",reported_database_value,26900.0,26900.0,4.429752280002408,True,True,True,True,primary_included,True,verified_summary,SI Table S11 PDF page 26; palaemon longirostris; PFUnDA; mean,Source-qualified endpoint and value under frozen eligibility criteria
BIO_6598,6598,BAF,CMP_ba6c40d3726d16919ab2,Munoz 2017,10.1021/acs.est.7b02399,data/raw/ITRC_aquatic.xlsx,bfc24df5dbd2d21341a9580e5053f7a7b89c1ddea1ebe75c55407f4cee27a54d,BCF-BAF Database,1010,K1010;I1010;J1010,"{""BAF"": 32770, ""BAF Min"": null, ""BAF Max"": null}",reported_database_value,32770.0,32770.0,4.515476441382376,True,True,True,True,primary_included,True,verified_summary,SI Table S11 PDF page 26; crangon crangon; PFUnDA; mean,Source-qualified endpoint and value under frozen eligibility criteria
BIO_6599,6599,BAF,CMP_ba6c40d3726d16919ab2,Munoz 2017,10.1021/acs.est.7b02399,data/raw/ITRC_aquatic.xlsx,bfc24df5dbd2d21341a9580e5053f7a7b89c1ddea1ebe75c55407f4cee27a54d,BCF-BAF Database,1011,K1011;I1011;J1011,"{""BAF"": 25670, ""BAF Min"": null, ""BAF Max"": null}",reported_database_value,25670.0,25670.0,4.409425868671444,True,True,True,True,primary_located_not_eligible,False,verified_summary,SI Table S11 PDF page 26; pomatoschistus spp.; PFUnDA; mean,"sensitivity_only_whole_body_conversion_requires_species_specific_reconstruction; Wet whole-body equivalent; source Table S2 uses muscle-to-whole-body conversion for fish; group mean, not independent individual observations"
BIO_6600,6600,BAF,CMP_ba6c40d3726d16919ab2,Munoz 2017,10.1021/acs.est.7b02399,data/raw/ITRC_aquatic.xlsx,bfc24df5dbd2d21341a9580e5053f7a7b89c1ddea1ebe75c55407f4cee27a54d,BCF-BAF Database,1012,K1012;I1012;J1012,"{""BAF"": 11300, ""BAF Min"": null, ""BAF Max"": null}",reported_database_value,11300.0,11300.0,4.05307844348342,True,True,True,True,primary_located_not_eligible,False,verified_summary,SI Table S11 PDF page 26; engraulis encrasicolus; PFUnDA; mean,"sensitivity_only_whole_body_conversion_requires_species_specific_reconstruction; Wet whole-body equivalent; source Table S2 uses muscle-to-whole-body conversion for fish; group mean, not independent individual observations"
BIO_6601,6601,BAF,CMP_ba6c40d3726d16919ab2,Munoz 2017,10.1021/acs.est.7b02399,data/raw/ITRC_aquatic.xlsx,bfc24df5dbd2d21341a9580e5053f7a7b89c1ddea1ebe75c55407f4cee27a54d,BCF-BAF Database,1013,K1013;I1013;J1013,"{""BAF"": 54400, ""BAF Min"": null, ""BAF Max"": null}",reported_database_value,54400.0,54400.0,4.73559889969818,True,True,True,True,primary_located_not_eligible,False,verified_summary,SI Table S11 PDF page 26; liza ramada; PFUnDA; mean,"sensitivity_only_whole_body_conversion_requires_species_specific_reconstruction; Wet whole-body equivalent; source Table S2 uses muscle-to-whole-body conversion for fish; group mean, not independent individual observations"
BIO_6602,6602,BAF,CMP_ba6c40d3726d16919ab2,Munoz 2017,10.1021/acs.est.7b02399,data/raw/ITRC_aquatic.xlsx,bfc24df5dbd2d21341a9580e5053f7a7b89c1ddea1ebe75c55407f4cee27a54d,BCF-BAF Database,1014,K1014;I1014;J1014,"{""BAF"": 25100, ""BAF Min"": null, ""BAF Max"": null}",reported_database_value,25100.0,25100.0,4.399673721481038,True,True,True,True,primary_located_not_eligible,False,verified_summary,SI Table S11 PDF page 26; argyrosomus regius; PFUnDA; mean,"sensitivity_only_whole_body_conversion_requires_species_specific_reconstruction; Wet whole-body equivalent; source Table S2 uses muscle-to-whole-body conversion for fish; group mean, not independent individual observations"
BIO_6603,6603,BAF,CMP_ba6c40d3726d16919ab2,Munoz 2017,10.1021/acs.est.7b02399,data/raw/ITRC_aquatic.xlsx,bfc24df5dbd2d21341a9580e5053f7a7b89c1ddea1ebe75c55407f4cee27a54d,BCF-BAF Database,1015,K1015;I1015;J1015,"{""BAF"": 40200, ""BAF Min"": null, ""BAF Max"": null}",reported_database_value,40200.0,40200.0,4.60422605308447,True,True,True,True,primary_located_not_eligible,False,verified_summary,SI Table S11 PDF page 26; dicentrarchus labrax; PFUnDA; mean,"sensitivity_only_whole_body_conversion_requires_species_specific_reconstruction; Wet whole-body equivalent; source Table S2 uses muscle-to-whole-body conversion for fish; group mean, not independent individual observations"
BIO_6604,6604,BAF,CMP_ba6c40d3726d16919ab2,Munoz 2017,10.1021/acs.est.7b02399,data/raw/ITRC_aquatic.xlsx,bfc24df5dbd2d21341a9580e5053f7a7b89c1ddea1ebe75c55407f4cee27a54d,BCF-BAF Database,1016,K1016;I1016;J1016,"{""BAF"": 23640, ""BAF Min"": null, ""BAF Max"": null}",reported_database_value,23640.0,23640.0,4.373647472209218,True,True,True,True,primary_located_not_eligible,False,verified_summary,SI Table S11 PDF page 26; dicentrarchus punctatus; PFUnDA; mean,"sensitivity_only_whole_body_conversion_requires_species_specific_reconstruction; Wet whole-body equivalent; source Table S2 uses muscle-to-whole-body conversion for fish; group mean, not independent individual observations"
BIO_6605,6605,BAF,CMP_83aa37c8a37d61e51382,Munoz 2017,10.1021/acs.est.7b02399,data/raw/ITRC_aquatic.xlsx,bfc24df5dbd2d21341a9580e5053f7a7b89c1ddea1ebe75c55407f4cee27a54d,BCF-BAF Database,1017,K1017;I1017;J1017,"{""BAF"": 10, ""BAF Min"": null, ""BAF Max"": null}",reported_database_value,10.0,10.0,1.0,True,True,True,True,primary_included,True,verified_summary,SI Table S11 PDF page 26; crassostrea gigas; PFHxS; mean,Source-qualified endpoint and value under frozen eligibility criteria
BIO_6606,6606,BAF,CMP_83aa37c8a37d61e51382,Munoz 2017,10.1021/acs.est.7b02399,data/raw/ITRC_aquatic.xlsx,bfc24df5dbd2d21341a9580e5053f7a7b89c1ddea1ebe75c55407f4cee27a54d,BCF-BAF Database,1018,K1018;I1018;J1018,"{""BAF"": 217, ""BAF Min"": null, ""BAF Max"": null}",reported_database_value,217.0,217.0,2.3364597338485296,True,True,True,True,primary_included,True,verified_summary,"SI Table S11 PDF page 26; copepoda, ind.; PFHxS; mean",Source-qualified endpoint and value under frozen eligibility criteria
BIO_6607,6607,BAF,CMP_83aa37c8a37d61e51382,Munoz 2017,10.1021/acs.est.7b02399,data/raw/ITRC_aquatic.xlsx,bfc24df5dbd2d21341a9580e5053f7a7b89c1ddea1ebe75c55407f4cee27a54d,BCF-BAF Database,1019,K1019;I1019;J1019,"{""BAF"": 461, ""BAF Min"": null, ""BAF Max"": null}",reported_database_value,461.0,461.0,2.663700925389648,True,True,True,True,primary_included,True,verified_summary,"SI Table S11 PDF page 26; mysidacea, ind.; PFHxS; mean",Source-qualified endpoint and value under frozen eligibility criteria
BIO_6608,6608,BAF,CMP_83aa37c8a37d61e51382,Munoz 2017,10.1021/acs.est.7b02399,data/raw/ITRC_aquatic.xlsx,bfc24df5dbd2d21341a9580e5053f7a7b89c1ddea1ebe75c55407f4cee27a54d,BCF-BAF Database,1020,K1020;I1020;J1020,"{""BAF"": 436, ""BAF Min"": null, ""BAF Max"": null}",reported_database_value,436.0,436.0,2.639486489268586,True,True,True,True,primary_included,True,verified_summary,SI Table S11 PDF page 26; gammarus spp.; PFHxS; mean,Source-qualified endpoint and value under frozen eligibility criteria
BIO_6609,6609,BAF,CMP_83aa37c8a37d61e51382,Munoz 2017,10.1021/acs.est.7b02399,data/raw/ITRC_aquatic.xlsx,bfc24df5dbd2d21341a9580e5053f7a7b89c1ddea1ebe75c55407f4cee27a54d,BCF-BAF Database,1021,K1021;I1021;J1021,"{""BAF"": 448, ""BAF Min"": null, ""BAF Max"": null}",reported_database_value,448.0,448.0,2.651278013998144,True,True,True,True,primary_included,True,verified_summary,SI Table S11 PDF page 26; palaemon longirostris; PFHxS; mean,Source-qualified endpoint and value under frozen eligibility criteria
BIO_6610,6610,BAF,CMP_83aa37c8a37d61e51382,Munoz 2017,10.1021/acs.est.7b02399,data/raw/ITRC_aquatic.xlsx,bfc24df5dbd2d21341a9580e5053f7a7b89c1ddea1ebe75c55407f4cee27a54d,BCF-BAF Database,1022,K1022;I1022;J1022,"{""BAF"": 697, ""BAF Min"": null, ""BAF Max"": null}",reported_database_value,697.0,697.0,2.8432327780980096,True,True,True,True,primary_included,True,verified_summary,SI Table S11 PDF page 26; crangon crangon; PFHxS; mean,Source-qualified endpoint and value under frozen eligibility criteria
BIO_6611,6611,BAF,CMP_83aa37c8a37d61e51382,Munoz 2017,10.1021/acs.est.7b02399,data/raw/ITRC_aquatic.xlsx,bfc24df5dbd2d21341a9580e5053f7a7b89c1ddea1ebe75c55407f4cee27a54d,BCF-BAF Database,1023,K1023;I1023;J1023,"{""BAF"": 211, ""BAF Min"": null, ""BAF Max"": null}",reported_database_value,211.0,211.0,2.3242824552976926,True,True,True,True,primary_located_not_eligible,False,verified_summary,SI Table S11 PDF page 26; engraulis encrasicolus; PFHxS; mean,"sensitivity_only_whole_body_conversion_requires_species_specific_reconstruction; Wet whole-body equivalent; source Table S2 uses muscle-to-whole-body conversion for fish; group mean, not independent individual observations"
BIO_6612,6612,BAF,CMP_83aa37c8a37d61e51382,Munoz 2017,10.1021/acs.est.7b02399,data/raw/ITRC_aquatic.xlsx,bfc24df5dbd2d21341a9580e5053f7a7b89c1ddea1ebe75c55407f4cee27a54d,BCF-BAF Database,1024,K1024;I1024;J1024,"{""BAF"": 315, ""BAF Min"": null, ""BAF Max"": null}",reported_database_value,315.0,315.0,2.4983105537896004,True,True,True,True,primary_located_not_eligible,False,verified_summary,SI Table S11 PDF page 26; sprattus sprattus; PFHxS; mean,"sensitivity_only_whole_body_conversion_requires_species_specific_reconstruction; Wet whole-body equivalent; source Table S2 uses muscle-to-whole-body conversion for fish; group mean, not independent individual observations; DATABASE TAXON ERROR: Sprattus sprattus is fish, not mammal; historical model inputs require audit"
BIO_6613,6613,BAF,CMP_83aa37c8a37d61e51382,Munoz 2017,10.1021/acs.est.7b02399,data/raw/ITRC_aquatic.xlsx,bfc24df5dbd2d21341a9580e5053f7a7b89c1ddea1ebe75c55407f4cee27a54d,BCF-BAF Database,1025,K1025;I1025;J1025,"{""BAF"": 248, ""BAF Min"": null, ""BAF Max"": null}",reported_database_value,248.0,248.0,2.3944516808262164,True,True,True,True,primary_located_not_eligible,False,verified_summary,SI Table S11 PDF page 26; argyrosomus regius; PFHxS; mean,"sensitivity_only_whole_body_conversion_requires_species_specific_reconstruction; Wet whole-body equivalent; source Table S2 uses muscle-to-whole-body conversion for fish; group mean, not independent individual observations"
BIO_6614,6614,BAF,CMP_83aa37c8a37d61e51382,Munoz 2017,10.1021/acs.est.7b02399,data/raw/ITRC_aquatic.xlsx,bfc24df5dbd2d21341a9580e5053f7a7b89c1ddea1ebe75c55407f4cee27a54d,BCF-BAF Database,1026,K1026;I1026;J1026,"{""BAF"": 211, ""BAF Min"": null, ""BAF Max"": null}",reported_database_value,211.0,211.0,2.3242824552976926,True,True,True,True,primary_located_not_eligible,False,verified_summary,SI Table S11 PDF page 26; dicentrarchus labrax; PFHxS; mean,"sensitivity_only_whole_body_conversion_requires_species_specific_reconstruction; Wet whole-body equivalent; source Table S2 uses muscle-to-whole-body conversion for fish; group mean, not independent individual observations"
BIO_6615,6615,BAF,CMP_83aa37c8a37d61e51382,Munoz 2017,10.1021/acs.est.7b02399,data/raw/ITRC_aquatic.xlsx,bfc24df5dbd2d21341a9580e5053f7a7b89c1ddea1ebe75c55407f4cee27a54d,BCF-BAF Database,1027,K1027;I1027;J1027,"{""BAF"": 272, ""BAF Min"": null, ""BAF Max"": null}",reported_database_value,272.0,272.0,2.4345689040341987,True,True,True,True,primary_located_not_eligible,False,verified_summary,SI Table S11 PDF page 26; dicentrarchus punctatus; PFHxS; mean,"sensitivity_only_whole_body_conversion_requires_species_specific_reconstruction; Wet whole-body equivalent; source Table S2 uses muscle-to-whole-body conversion for fish; group mean, not independent individual observations"
BIO_6629,6629,BAF,CMP_cfdde373a2a8c04668f0,Munoz 2017,10.1021/acs.est.7b02399,data/raw/ITRC_aquatic.xlsx,bfc24df5dbd2d21341a9580e5053f7a7b89c1ddea1ebe75c55407f4cee27a54d,BCF-BAF Database,1041,K1041;I1041;J1041,"{""BAF"": 122, ""BAF Min"": null, ""BAF Max"": null}",reported_database_value,122.0,122.0,2.0863598306747484,True,True,True,True,primary_included,True,verified_summary,SI Table S11 PDF page 26; crassostrea gigas; PFOS; mean,Source-qualified endpoint and value under frozen eligibility criteria
BIO_6630,6630,BAF,CMP_cfdde373a2a8c04668f0,Munoz 2017,10.1021/acs.est.7b02399,data/raw/ITRC_aquatic.xlsx,bfc24df5dbd2d21341a9580e5053f7a7b89c1ddea1ebe75c55407f4cee27a54d,BCF-BAF Database,1042,K1042;I1042;J1042,"{""BAF"": 1380, ""BAF Min"": null, ""BAF Max"": null}",reported_database_value,1380.0,1380.0,3.1398790864012365,True,True,True,True,primary_included,True,verified_summary,"SI Table S11 PDF page 26; copepoda, ind.; PFOS; mean",Source-qualified endpoint and value under frozen eligibility criteria
BIO_6631,6631,BAF,CMP_cfdde373a2a8c04668f0,Munoz 2017,10.1021/acs.est.7b02399,data/raw/ITRC_aquatic.xlsx,bfc24df5dbd2d21341a9580e5053f7a7b89c1ddea1ebe75c55407f4cee27a54d,BCF-BAF Database,1043,K1043;I1043;J1043,"{""BAF"": 3560, ""BAF Min"": null, ""BAF Max"": null}",reported_database_value,3560.0,3560.0,3.551449997972876,True,True,True,True,primary_included,True,verified_summary,"SI Table S11 PDF page 26; mysidacea, ind.; PFOS; mean",Source-qualified endpoint and value under frozen eligibility criteria
BIO_6632,6632,BAF,CMP_cfdde373a2a8c04668f0,Munoz 2017,10.1021/acs.est.7b02399,data/raw/ITRC_aquatic.xlsx,bfc24df5dbd2d21341a9580e5053f7a7b89c1ddea1ebe75c55407f4cee27a54d,BCF-BAF Database,1044,K1044;I1044;J1044,"{""BAF"": 2380, ""BAF Min"": null, ""BAF Max"": null}",reported_database_value,2380.0,2380.0,3.376576957056512,True,True,True,True,primary_included,True,verified_summary,SI Table S11 PDF page 26; gammarus spp.; PFOS; mean,Source-qualified endpoint and value under frozen eligibility criteria
BIO_6633,6633,BAF,CMP_cfdde373a2a8c04668f0,Munoz 2017,10.1021/acs.est.7b02399,data/raw/ITRC_aquatic.xlsx,bfc24df5dbd2d21341a9580e5053f7a7b89c1ddea1ebe75c55407f4cee27a54d,BCF-BAF Database,1045,K1045;I1045;J1045,"{""BAF"": 2803, ""BAF Min"": null, ""BAF Max"": null}",reported_database_value,2803.0,2803.0,3.447623097760286,True,True,True,True,primary_included,True,verified_summary,SI Table S11 PDF page 26; palaemon longirostris; PFOS; mean,Source-qualified endpoint and value under frozen eligibility criteria
BIO_6634,6634,BAF,CMP_cfdde373a2a8c04668f0,Munoz 2017,10.1021/acs.est.7b02399,data/raw/ITRC_aquatic.xlsx,bfc24df5dbd2d21341a9580e5053f7a7b89c1ddea1ebe75c55407f4cee27a54d,BCF-BAF Database,1046,K1046;I1046;J1046,"{""BAF"": 7110, ""BAF Min"": null, ""BAF Max"": null}",reported_database_value,7110.0,7110.0,3.851869600729766,True,True,True,True,primary_included,True,verified_summary,SI Table S11 PDF page 26; crangon crangon; PFOS; mean,Source-qualified endpoint and value under frozen eligibility criteria
BIO_6635,6635,BAF,CMP_cfdde373a2a8c04668f0,Munoz 2017,10.1021/acs.est.7b02399,data/raw/ITRC_aquatic.xlsx,bfc24df5dbd2d21341a9580e5053f7a7b89c1ddea1ebe75c55407f4cee27a54d,BCF-BAF Database,1047,K1047;I1047;J1047,"{""BAF"": 2400, ""BAF Min"": null, ""BAF Max"": null}",reported_database_value,2400.0,2400.0,3.380211241711606,True,True,True,True,primary_located_not_eligible,False,verified_summary,SI Table S11 PDF page 26; pomatoschistus spp.; PFOS; mean,"sensitivity_only_whole_body_conversion_requires_species_specific_reconstruction; Wet whole-body equivalent; source Table S2 uses muscle-to-whole-body conversion for fish; group mean, not independent individual observations"
BIO_6636,6636,BAF,CMP_cfdde373a2a8c04668f0,Munoz 2017,10.1021/acs.est.7b02399,data/raw/ITRC_aquatic.xlsx,bfc24df5dbd2d21341a9580e5053f7a7b89c1ddea1ebe75c55407f4cee27a54d,BCF-BAF Database,1048,K1048;I1048;J1048,"{""BAF"": 4050, ""BAF Min"": null, ""BAF Max"": null}",reported_database_value,4050.0,4050.0,3.6074550232146687,True,True,True,True,primary_located_not_eligible,False,verified_summary,SI Table S11 PDF page 26; engraulis encrasicolus; PFOS; mean,"sensitivity_only_whole_body_conversion_requires_species_specific_reconstruction; Wet whole-body equivalent; source Table S2 uses muscle-to-whole-body conversion for fish; group mean, not independent individual observations"
BIO_6637,6637,BAF,CMP_cfdde373a2a8c04668f0,Munoz 2017,10.1021/acs.est.7b02399,data/raw/ITRC_aquatic.xlsx,bfc24df5dbd2d21341a9580e5053f7a7b89c1ddea1ebe75c55407f4cee27a54d,BCF-BAF Database,1049,K1049;I1049;J1049,"{""BAF"": 1860, ""BAF Min"": null, ""BAF Max"": null}",reported_database_value,1860.0,1860.0,3.2695129442179165,True,True,True,True,primary_located_not_eligible,False,verified_summary,SI Table S11 PDF page 26; sprattus sprattus; PFOS; mean,"sensitivity_only_whole_body_conversion_requires_species_specific_reconstruction; Wet whole-body equivalent; source Table S2 uses muscle-to-whole-body conversion for fish; group mean, not independent individual observations; DATABASE TAXON ERROR: Sprattus sprattus is fish, not mammal; historical model inputs require audit"
BIO_6638,6638,BAF,CMP_cfdde373a2a8c04668f0,Munoz 2017,10.1021/acs.est.7b02399,data/raw/ITRC_aquatic.xlsx,bfc24df5dbd2d21341a9580e5053f7a7b89c1ddea1ebe75c55407f4cee27a54d,BCF-BAF Database,1050,K1050;I1050;J1050,"{""BAF"": 2820, ""BAF Min"": null, ""BAF Max"": null}",reported_database_value,2820.0,2820.0,3.450249108319361,True,True,True,True,primary_located_not_eligible,False,verified_summary,SI Table S11 PDF page 26; liza ramada; PFOS; mean,"sensitivity_only_whole_body_conversion_requires_species_specific_reconstruction; Wet whole-body equivalent; source Table S2 uses muscle-to-whole-body conversion for fish; group mean, not independent individual observations"
BIO_6639,6639,BAF,CMP_cfdde373a2a8c04668f0,Munoz 2017,10.1021/acs.est.7b02399,data/raw/ITRC_aquatic.xlsx,bfc24df5dbd2d21341a9580e5053f7a7b89c1ddea1ebe75c55407f4cee27a54d,BCF-BAF Database,1051,K1051;I1051;J1051,"{""BAF"": 5740, ""BAF Min"": null, ""BAF Max"": null}",reported_database_value,5740.0,5740.0,3.7589118923979736,True,True,True,True,primary_located_not_eligible,False,verified_summary,SI Table S11 PDF page 26; argyrosomus regius; PFOS; mean,"sensitivity_only_whole_body_conversion_requires_species_specific_reconstruction; Wet whole-body equivalent; source Table S2 uses muscle-to-whole-body conversion for fish; group mean, not independent individual observations"
BIO_6640,6640,BAF,CMP_cfdde373a2a8c04668f0,Munoz 2017,10.1021/acs.est.7b02399,data/raw/ITRC_aquatic.xlsx,bfc24df5dbd2d21341a9580e5053f7a7b89c1ddea1ebe75c55407f4cee27a54d,BCF-BAF Database,1052,K1052;I1052;J1052,"{""BAF"": 7490, ""BAF Min"": null, ""BAF Max"": null}",reported_database_value,7490.0,7490.0,3.874481817699466,True,True,True,True,primary_located_not_eligible,False,verified_summary,SI Table S11 PDF page 26; dicentrarchus labrax; PFOS; mean,"sensitivity_only_whole_body_conversion_requires_species_specific_reconstruction; Wet whole-body equivalent; source Table S2 uses muscle-to-whole-body conversion for fish; group mean, not independent individual observations"
BIO_6641,6641,BAF,CMP_cfdde373a2a8c04668f0,Munoz 2017,10.1021/acs.est.7b02399,data/raw/ITRC_aquatic.xlsx,bfc24df5dbd2d21341a9580e5053f7a7b89c1ddea1ebe75c55407f4cee27a54d,BCF-BAF Database,1053,K1053;I1053;J1053,"{""BAF"": 5830, ""BAF Min"": null, ""BAF Max"": null}",reported_database_value,5830.0,5830.0,3.765668554759014,True,True,True,True,primary_located_not_eligible,False,verified_summary,SI Table S11 PDF page 26; dicentrarchus punctatus; PFOS; mean,"sensitivity_only_whole_body_conversion_requires_species_specific_reconstruction; Wet whole-body equivalent; source Table S2 uses muscle-to-whole-body conversion for fish; group mean, not independent individual observations"
BIO_6642,6642,BAF,CMP_6a78ec62602000d01409,Munoz 2017,10.1021/acs.est.7b02399,data/raw/ITRC_aquatic.xlsx,bfc24df5dbd2d21341a9580e5053f7a7b89c1ddea1ebe75c55407f4cee27a54d,BCF-BAF Database,1054,K1054;I1054;J1054,"{""BAF"": 29590, ""BAF Min"": null, ""BAF Max"": null}",reported_database_value,29590.0,29590.0,4.471144965160633,True,True,True,True,primary_included,True,verified_summary,SI Table S11 PDF page 26; crassostrea gigas; FOSA; mean,Source-qualified endpoint and value under frozen eligibility criteria
BIO_6643,6643,BAF,CMP_6a78ec62602000d01409,Munoz 2017,10.1021/acs.est.7b02399,data/raw/ITRC_aquatic.xlsx,bfc24df5dbd2d21341a9580e5053f7a7b89c1ddea1ebe75c55407f4cee27a54d,BCF-BAF Database,1055,K1055;I1055;J1055,"{""BAF"": 13240, ""BAF Min"": null, ""BAF Max"": null}",reported_database_value,13240.0,13240.0,4.121887985103681,True,True,True,True,primary_included,True,verified_summary,"SI Table S11 PDF page 26; copepoda, ind.; FOSA; mean",Source-qualified endpoint and value under frozen eligibility criteria
BIO_6644,6644,BAF,CMP_6a78ec62602000d01409,Munoz 2017,10.1021/acs.est.7b02399,data/raw/ITRC_aquatic.xlsx,bfc24df5dbd2d21341a9580e5053f7a7b89c1ddea1ebe75c55407f4cee27a54d,BCF-BAF Database,1056,K1056;I1056;J1056,"{""BAF"": 48500, ""BAF Min"": null, ""BAF Max"": null}",reported_database_value,48500.0,48500.0,4.685741738602264,True,True,True,True,primary_included,True,verified_summary,"SI Table S11 PDF page 26; mysidacea, ind.; FOSA; mean",Source-qualified endpoint and value under frozen eligibility criteria
BIO_6645,6645,BAF,CMP_6a78ec62602000d01409,Munoz 2017,10.1021/acs.est.7b02399,data/raw/ITRC_aquatic.xlsx,bfc24df5dbd2d21341a9580e5053f7a7b89c1ddea1ebe75c55407f4cee27a54d,BCF-BAF Database,1057,K1057;I1057;J1057,"{""BAF"": 20800, ""BAF Min"": null, ""BAF Max"": null}",reported_database_value,20800.0,20800.0,4.318063334962762,True,True,True,True,primary_included,True,verified_summary,SI Table S11 PDF page 26; gammarus spp.; FOSA; mean,Source-qualified endpoint and value under frozen eligibility criteria
BIO_6646,6646,BAF,CMP_6a78ec62602000d01409,Munoz 2017,10.1021/acs.est.7b02399,data/raw/ITRC_aquatic.xlsx,bfc24df5dbd2d21341a9580e5053f7a7b89c1ddea1ebe75c55407f4cee27a54d,BCF-BAF Database,1058,K1058;I1058;J1058,"{""BAF"": 108400, ""BAF Min"": null, ""BAF Max"": null}",reported_database_value,108400.0,108400.0,5.035029282202368,True,True,True,True,primary_included,True,verified_summary,SI Table S11 PDF page 26; palaemon longirostris; FOSA; mean,Source-qualified endpoint and value under frozen eligibility criteria
BIO_6647,6647,BAF,CMP_6a78ec62602000d01409,Munoz 2017,10.1021/acs.est.7b02399,data/raw/ITRC_aquatic.xlsx,bfc24df5dbd2d21341a9580e5053f7a7b89c1ddea1ebe75c55407f4cee27a54d,BCF-BAF Database,1059,K1059;I1059;J1059,"{""BAF"": 151200, ""BAF Min"": null, ""BAF Max"": null}",reported_database_value,151200.0,151200.0,5.179551791165188,True,True,True,True,primary_included,True,verified_summary,SI Table S11 PDF page 26; crangon crangon; FOSA; mean,Source-qualified endpoint and value under frozen eligibility criteria
BIO_6648,6648,BAF,CMP_6a78ec62602000d01409,Munoz 2017,10.1021/acs.est.7b02399,data/raw/ITRC_aquatic.xlsx,bfc24df5dbd2d21341a9580e5053f7a7b89c1ddea1ebe75c55407f4cee27a54d,BCF-BAF Database,1060,K1060;I1060;J1060,"{""BAF"": 7430, ""BAF Min"": null, ""BAF Max"": null}",reported_database_value,7430.0,7430.0,3.870988813760576,True,True,True,True,primary_located_not_eligible,False,verified_summary,SI Table S11 PDF page 26; pomatoschistus spp.; FOSA; mean,"sensitivity_only_whole_body_conversion_requires_species_specific_reconstruction; Wet whole-body equivalent; source Table S2 uses muscle-to-whole-body conversion for fish; group mean, not independent individual observations"
BIO_6649,6649,BAF,CMP_6a78ec62602000d01409,Munoz 2017,10.1021/acs.est.7b02399,data/raw/ITRC_aquatic.xlsx,bfc24df5dbd2d21341a9580e5053f7a7b89c1ddea1ebe75c55407f4cee27a54d,BCF-BAF Database,1061,K1061;I1061;J1061,"{""BAF"": 60900, ""BAF Min"": null, ""BAF Max"": null}",reported_database_value,60900.0,60900.0,4.784617292632875,True,True,True,True,primary_located_not_eligible,False,verified_summary,SI Table S11 PDF page 26; engraulis encrasicolus; FOSA; mean,"sensitivity_only_whole_body_conversion_requires_species_specific_reconstruction; Wet whole-body equivalent; source Table S2 uses muscle-to-whole-body conversion for fish; group mean, not independent individual observations"
BIO_6650,6650,BAF,CMP_6a78ec62602000d01409,Munoz 2017,10.1021/acs.est.7b02399,data/raw/ITRC_aquatic.xlsx,bfc24df5dbd2d21341a9580e5053f7a7b89c1ddea1ebe75c55407f4cee27a54d,BCF-BAF Database,1062,K1062;I1062;J1062,"{""BAF"": 122200, ""BAF Min"": null, ""BAF Max"": null}",reported_database_value,122200.0,122200.0,5.087071205906535,True,True,True,True,primary_located_not_eligible,False,verified_summary,SI Table S11 PDF page 26; sprattus sprattus; FOSA; mean,"sensitivity_only_whole_body_conversion_requires_species_specific_reconstruction; Wet whole-body equivalent; source Table S2 uses muscle-to-whole-body conversion for fish; group mean, not independent individual observations; DATABASE TAXON ERROR: Sprattus sprattus is fish, not mammal; historical model inputs require audit"
BIO_6651,6651,BAF,CMP_6a78ec62602000d01409,Munoz 2017,10.1021/acs.est.7b02399,data/raw/ITRC_aquatic.xlsx,bfc24df5dbd2d21341a9580e5053f7a7b89c1ddea1ebe75c55407f4cee27a54d,BCF-BAF Database,1063,K1063;I1063;J1063,"{""BAF"": 14500, ""BAF Min"": null, ""BAF Max"": null}",reported_database_value,14500.0,14500.0,4.161368002234975,True,True,True,True,primary_located_not_eligible,False,verified_summary,SI Table S11 PDF page 26; liza ramada; FOSA; mean,"sensitivity_only_whole_body_conversion_requires_species_specific_reconstruction; Wet whole-body equivalent; source Table S2 uses muscle-to-whole-body conversion for fish; group mean, not independent individual observations"
BIO_6652,6652,BAF,CMP_6a78ec62602000d01409,Munoz 2017,10.1021/acs.est.7b02399,data/raw/ITRC_aquatic.xlsx,bfc24df5dbd2d21341a9580e5053f7a7b89c1ddea1ebe75c55407f4cee27a54d,BCF-BAF Database,1064,K1064;I1064;J1064,"{""BAF"": 131000, ""BAF Min"": null, ""BAF Max"": null}",reported_database_value,131000.0,131000.0,5.117271295655764,True,True,True,True,primary_located_not_eligible,False,verified_summary,SI Table S11 PDF page 26; argyrosomus regius; FOSA; mean,"sensitivity_only_whole_body_conversion_requires_species_specific_reconstruction; Wet whole-body equivalent; source Table S2 uses muscle-to-whole-body conversion for fish; group mean, not independent individual observations"
BIO_6653,6653,BAF,CMP_6a78ec62602000d01409,Munoz 2017,10.1021/acs.est.7b02399,data/raw/ITRC_aquatic.xlsx,bfc24df5dbd2d21341a9580e5053f7a7b89c1ddea1ebe75c55407f4cee27a54d,BCF-BAF Database,1065,K1065;I1065;J1065,"{""BAF"": 52900, ""BAF Min"": null, ""BAF Max"": null}",reported_database_value,52900.0,52900.0,4.723455672035186,True,True,True,True,primary_located_not_eligible,False,verified_summary,SI Table S11 PDF page 26; dicentrarchus labrax; FOSA; mean,"sensitivity_only_whole_body_conversion_requires_species_specific_reconstruction; Wet whole-body equivalent; source Table S2 uses muscle-to-whole-body conversion for fish; group mean, not independent individual observations"
BIO_6654,6654,BAF,CMP_6a78ec62602000d01409,Munoz 2017,10.1021/acs.est.7b02399,data/raw/ITRC_aquatic.xlsx,bfc24df5dbd2d21341a9580e5053f7a7b89c1ddea1ebe75c55407f4cee27a54d,BCF-BAF Database,1066,K1066;I1066;J1066,"{""BAF"": 85700, ""BAF Min"": null, ""BAF Max"": null}",reported_database_value,85700.0,85700.0,4.932980821923199,True,True,True,True,primary_located_not_eligible,False,verified_summary,SI Table S11 PDF page 26; dicentrarchus punctatus; FOSA; mean,"sensitivity_only_whole_body_conversion_requires_species_specific_reconstruction; Wet whole-body equivalent; source Table S2 uses muscle-to-whole-body conversion for fish; group mean, not independent individual observations"
BIO_6655,6655,BAF,CMP_cfdde373a2a8c04668f0,Becker 2010,10.1007/s00128-009-9896-0,data/raw/ITRC_aquatic.xlsx,bfc24df5dbd2d21341a9580e5053f7a7b89c1ddea1ebe75c55407f4cee27a54d,BCF-BAF Database,1067,K1067;I1067;J1067,"{""BAF"": 4600, ""BAF Min"": null, ""BAF Max"": null}",reported_database_value,4600.0,4600.0,3.6627578316815743,True,True,True,True,database_traced_primary_not_verified,False,unverified_primary_table,,Original-paper numerical cell not verified
BIO_6656,6656,BAF,CMP_cfdde373a2a8c04668f0,Becker 2010,10.1007/s00128-009-9896-0,data/raw/ITRC_aquatic.xlsx,bfc24df5dbd2d21341a9580e5053f7a7b89c1ddea1ebe75c55407f4cee27a54d,BCF-BAF Database,1068,K1068;I1068;J1068,"{""BAF"": 11000, ""BAF Min"": null, ""BAF Max"": null}",reported_database_value,11000.0,11000.0,4.041392685158225,True,True,True,True,database_traced_primary_not_verified,False,unverified_primary_table,,Original-paper numerical cell not verified
BIO_6657,6657,BAF,CMP_d156c7f61581a866704b,Becker 2010,10.1007/s00128-009-9896-0,data/raw/ITRC_aquatic.xlsx,bfc24df5dbd2d21341a9580e5053f7a7b89c1ddea1ebe75c55407f4cee27a54d,BCF-BAF Database,1069,K1069;I1069;J1069,"{""BAF"": 740, ""BAF Min"": null, ""BAF Max"": null}",reported_database_value,740.0,740.0,2.869231719730976,True,True,True,True,database_traced_primary_not_verified,False,unverified_primary_table,,Original-paper numerical cell not verified
BIO_6658,6658,BAF,CMP_d156c7f61581a866704b,Iwabuchi et al 2015,10.2131/fts.2.201,data/raw/ITRC_aquatic.xlsx,bfc24df5dbd2d21341a9580e5053f7a7b89c1ddea1ebe75c55407f4cee27a54d,BCF-BAF Database,1070,K1070;I1070;J1070,"{""BAF"": 330, ""BAF Min"": null, ""BAF Max"": null}",reported_database_value,330.0,330.0,2.5185139398778875,True,True,True,True,database_traced_primary_not_verified,False,unverified_primary_table,,Original-paper numerical cell not verified
BIO_6659,6659,BCF,CMP_d156c7f61581a866704b,Jeon 2010,10.1021/es100151r,data/raw/ITRC_aquatic.xlsx,bfc24df5dbd2d21341a9580e5053f7a7b89c1ddea1ebe75c55407f4cee27a54d,BCF-BAF Database,1071,H1071;F1071;G1071,"{""BCF"": null, ""BCF Min"": 0.8, ""BCF Max"": 3}",arithmetic_midpoint_of_reported_range,1.9,1.9,0.2787536009528289,True,True,True,True,database_traced_primary_not_verified,False,unverified_primary_table,,Original-paper numerical cell not verified
BIO_6660,6660,BAF,CMP_d156c7f61581a866704b,Jeon 2010,10.1021/es100151r,data/raw/ITRC_aquatic.xlsx,bfc24df5dbd2d21341a9580e5053f7a7b89c1ddea1ebe75c55407f4cee27a54d,BCF-BAF Database,1071,K1071;I1071;J1071,"{""BAF"": null, ""BAF Min"": 9.6, ""BAF Max"": 19.4}",arithmetic_midpoint_of_reported_range,14.5,14.5,1.1613680022349748,True,True,True,True,database_traced_primary_not_verified,False,unverified_primary_table,,Original-paper numerical cell not verified
BIO_6661,6661,BAF,CMP_d156c7f61581a866704b,Quinete 2009,10.1016/j.chemosphere.2009.07.079,data/raw/ITRC_aquatic.xlsx,bfc24df5dbd2d21341a9580e5053f7a7b89c1ddea1ebe75c55407f4cee27a54d,BCF-BAF Database,1072,K1072;I1072;J1072,"{""BAF"": null, ""BAF Min"": 1.8, ""BAF Max"": 4.4}",arithmetic_midpoint_of_reported_range,3.1,3.1,0.4913616938342727,True,True,True,True,database_traced_primary_not_verified,False,unverified_primary_table,,Original-paper numerical cell not verified
BIO_6662,6662,BAF,CMP_d156c7f61581a866704b,Quinete 2009,10.1016/j.chemosphere.2009.07.079,data/raw/ITRC_aquatic.xlsx,bfc24df5dbd2d21341a9580e5053f7a7b89c1ddea1ebe75c55407f4cee27a54d,BCF-BAF Database,1073,K1073;I1073;J1073,"{""BAF"": null, ""BAF Min"": 0.9, ""BAF Max"": 2.8}",arithmetic_midpoint_of_reported_range,1.8499999999999999,1.85,0.2671717284030138,True,True,True,True,database_traced_primary_not_verified,False,unverified_primary_table,,Original-paper numerical cell not verified
BIO_6663,6663,BAF,CMP_d156c7f61581a866704b,Quinete 2009,10.1016/j.chemosphere.2009.07.079,data/raw/ITRC_aquatic.xlsx,bfc24df5dbd2d21341a9580e5053f7a7b89c1ddea1ebe75c55407f4cee27a54d,BCF-BAF Database,1074,K1074;I1074;J1074,"{""BAF"": null, ""BAF Min"": 8.1, ""BAF Max"": 14}",arithmetic_midpoint_of_reported_range,11.05,11.05,1.0433622780211296,True,True,True,True,database_traced_primary_not_verified,False,unverified_primary_table,,Original-paper numerical cell not verified
BIO_6664,6664,BAF,CMP_d156c7f61581a866704b,Quinete 2009,10.1016/j.chemosphere.2009.07.079,data/raw/ITRC_aquatic.xlsx,bfc24df5dbd2d21341a9580e5053f7a7b89c1ddea1ebe75c55407f4cee27a54d,BCF-BAF Database,1075,K1075;I1075;J1075,"{""BAF"": null, ""BAF Min"": 63.5, ""BAF Max"": 266}",arithmetic_midpoint_of_reported_range,164.75,164.75,2.216825423266048,True,True,True,True,database_traced_primary_not_verified,False,unverified_primary_table,,Original-paper numerical cell not verified
BIO_6667,6667,BAF,CMP_8e58943e0a19095fb6f4,Iwabuchi et al 2015,10.2131/fts.2.201,data/raw/ITRC_aquatic.xlsx,bfc24df5dbd2d21341a9580e5053f7a7b89c1ddea1ebe75c55407f4cee27a54d,BCF-BAF Database,1078,K1078;I1078;J1078,"{""BAF"": 480, ""BAF Min"": null, ""BAF Max"": null}",reported_database_value,480.0,480.0,2.681241237375587,True,True,True,True,database_traced_primary_not_verified,False,unverified_primary_table,,Original-paper numerical cell not verified
BIO_6668,6668,BAF,CMP_5bc76544fcbe477197d1,Iwabuchi et al 2015,10.2131/fts.2.201,data/raw/ITRC_aquatic.xlsx,bfc24df5dbd2d21341a9580e5053f7a7b89c1ddea1ebe75c55407f4cee27a54d,BCF-BAF Database,1079,K1079;I1079;J1079,"{""BAF"": 8700, ""BAF Min"": null, ""BAF Max"": null}",reported_database_value,8700.0,8700.0,3.939519252618618,True,True,True,True,database_traced_primary_not_verified,False,unverified_primary_table,,Original-paper numerical cell not verified
BIO_6669,6669,BCF,CMP_5bc76544fcbe477197d1,Jeon 2010,10.1021/es100151r,data/raw/ITRC_aquatic.xlsx,bfc24df5dbd2d21341a9580e5053f7a7b89c1ddea1ebe75c55407f4cee27a54d,BCF-BAF Database,1080,H1080;F1080;G1080,"{""BCF"": null, ""BCF Min"": 23.9, ""BCF Max"": 94.4}",arithmetic_midpoint_of_reported_range,59.150000000000006,59.15000000000001,1.7719547489639491,True,True,True,True,database_traced_primary_not_verified,False,unverified_primary_table,,Original-paper numerical cell not verified
BIO_6670,6670,BAF,CMP_5bc76544fcbe477197d1,Jeon 2010,10.1021/es100151r,data/raw/ITRC_aquatic.xlsx,bfc24df5dbd2d21341a9580e5053f7a7b89c1ddea1ebe75c55407f4cee27a54d,BCF-BAF Database,1080,K1080;I1080;J1080,"{""BAF"": null, ""BAF Min"": 75.5, ""BAF Max"": 212.8}",arithmetic_midpoint_of_reported_range,144.15,144.15,2.158814646724226,True,True,True,True,database_traced_primary_not_verified,False,unverified_primary_table,,Original-paper numerical cell not verified
BIO_6671,6671,BAF,CMP_ba6c40d3726d16919ab2,Iwabuchi et al 2015,10.2131/fts.2.201,data/raw/ITRC_aquatic.xlsx,bfc24df5dbd2d21341a9580e5053f7a7b89c1ddea1ebe75c55407f4cee27a54d,BCF-BAF Database,1081,K1081;I1081;J1081,"{""BAF"": 110000, ""BAF Min"": null, ""BAF Max"": null}",reported_database_value,110000.0,110000.0,5.041392685158225,True,True,True,True,database_traced_primary_not_verified,False,unverified_primary_table,,Original-paper numerical cell not verified
BIO_6672,6672,BCF,CMP_ba6c40d3726d16919ab2,Jeon 2010,10.1021/es100151r,data/raw/ITRC_aquatic.xlsx,bfc24df5dbd2d21341a9580e5053f7a7b89c1ddea1ebe75c55407f4cee27a54d,BCF-BAF Database,1082,H1082;F1082;G1082,"{""BCF"": null, ""BCF Min"": 633.9, ""BCF Max"": 1652.7}",arithmetic_midpoint_of_reported_range,1143.3,1143.3,3.0581602034918296,True,True,True,True,database_traced_primary_not_verified,False,unverified_primary_table,,Original-paper numerical cell not verified
BIO_6673,6673,BAF,CMP_ba6c40d3726d16919ab2,Jeon 2010,10.1021/es100151r,data/raw/ITRC_aquatic.xlsx,bfc24df5dbd2d21341a9580e5053f7a7b89c1ddea1ebe75c55407f4cee27a54d,BCF-BAF Database,1082,K1082;I1082;J1082,"{""BAF"": null, ""BAF Min"": 954.6, ""BAF Max"": 2555.2}",arithmetic_midpoint_of_reported_range,1754.8999999999999,1754.9,3.2442523739724733,True,True,True,True,database_traced_primary_not_verified,False,unverified_primary_table,,Original-paper numerical cell not verified
BIO_6674,6674,BAF,CMP_cfdde373a2a8c04668f0,Dai 2019,10.1155/2019/2612853,data/raw/ITRC_aquatic.xlsx,bfc24df5dbd2d21341a9580e5053f7a7b89c1ddea1ebe75c55407f4cee27a54d,BCF-BAF Database,1083,K1083;I1083;J1083,"{""BAF"": 2930, ""BAF Min"": null, ""BAF Max"": null}",reported_database_value,2930.0,2930.0,3.4668676203541096,True,True,True,True,database_traced_primary_not_verified,False,unverified_primary_table,,Original-paper numerical cell not verified
BIO_6675,6675,BAF,CMP_cfdde373a2a8c04668f0,Dai 2019,10.1155/2019/2612853,data/raw/ITRC_aquatic.xlsx,bfc24df5dbd2d21341a9580e5053f7a7b89c1ddea1ebe75c55407f4cee27a54d,BCF-BAF Database,1084,K1084;I1084;J1084,"{""BAF"": 3790, ""BAF Min"": null, ""BAF Max"": null}",reported_database_value,3790.0,3790.0,3.578639209968072,True,True,True,True,database_traced_primary_not_verified,False,unverified_primary_table,,Original-paper numerical cell not verified
BIO_6676,6676,BAF,CMP_cfdde373a2a8c04668f0,Dai 2019,10.1155/2019/2612853,data/raw/ITRC_aquatic.xlsx,bfc24df5dbd2d21341a9580e5053f7a7b89c1ddea1ebe75c55407f4cee27a54d,BCF-BAF Database,1085,K1085;I1085;J1085,"{""BAF"": 4570, ""BAF Min"": null, ""BAF Max"": null}",reported_database_value,4570.0,4570.0,3.6599162000698495,True,True,True,True,database_traced_primary_not_verified,False,unverified_primary_table,,Original-paper numerical cell not verified
BIO_6677,6677,BAF,CMP_cfdde373a2a8c04668f0,Dai 2019,10.1155/2019/2612853,data/raw/ITRC_aquatic.xlsx,bfc24df5dbd2d21341a9580e5053f7a7b89c1ddea1ebe75c55407f4cee27a54d,BCF-BAF Database,1086,K1086;I1086;J1086,"{""BAF"": 6430, ""BAF Min"": null, ""BAF Max"": null}",reported_database_value,6430.0,6430.0,3.808210972924222,True,True,True,True,database_traced_primary_not_verified,False,unverified_primary_table,,Original-paper numerical cell not verified
BIO_6678,6678,BAF,CMP_cfdde373a2a8c04668f0,Dai 2019,10.1155/2019/2612853,data/raw/ITRC_aquatic.xlsx,bfc24df5dbd2d21341a9580e5053f7a7b89c1ddea1ebe75c55407f4cee27a54d,BCF-BAF Database,1087,K1087;I1087;J1087,"{""BAF"": 4180, ""BAF Min"": null, ""BAF Max"": null}",reported_database_value,4180.0,4180.0,3.621176281775035,True,True,True,True,database_traced_primary_not_verified,False,unverified_primary_table,,Original-paper numerical cell not verified
BIO_6679,6679,BAF,CMP_cfdde373a2a8c04668f0,Dai 2019,10.1155/2019/2612853,data/raw/ITRC_aquatic.xlsx,bfc24df5dbd2d21341a9580e5053f7a7b89c1ddea1ebe75c55407f4cee27a54d,BCF-BAF Database,1088,K1088;I1088;J1088,"{""BAF"": 3270, ""BAF Min"": null, ""BAF Max"": null}",reported_database_value,3270.0,3270.0,3.514547752660286,True,True,True,True,database_traced_primary_not_verified,False,unverified_primary_table,,Original-paper numerical cell not verified
BIO_6680,6680,BAF,CMP_cfdde373a2a8c04668f0,Dai 2019,10.1155/2019/2612853,data/raw/ITRC_aquatic.xlsx,bfc24df5dbd2d21341a9580e5053f7a7b89c1ddea1ebe75c55407f4cee27a54d,BCF-BAF Database,1089,K1089;I1089;J1089,"{""BAF"": 4240, ""BAF Min"": null, ""BAF Max"": null}",reported_database_value,4240.0,4240.0,3.627365856592733,True,True,True,True,database_traced_primary_not_verified,False,unverified_primary_table,,Original-paper numerical cell not verified
BIO_6681,6681,BAF,CMP_cfdde373a2a8c04668f0,Dai 2019,10.1155/2019/2612853,data/raw/ITRC_aquatic.xlsx,bfc24df5dbd2d21341a9580e5053f7a7b89c1ddea1ebe75c55407f4cee27a54d,BCF-BAF Database,1090,K1090;I1090;J1090,"{""BAF"": 6430, ""BAF Min"": null, ""BAF Max"": null}",reported_database_value,6430.0,6430.0,3.808210972924222,True,True,True,True,database_traced_primary_not_verified,False,unverified_primary_table,,Original-paper numerical cell not verified
BIO_6682,6682,BAF,CMP_cfdde373a2a8c04668f0,Dai 2019,10.1155/2019/2612853,data/raw/ITRC_aquatic.xlsx,bfc24df5dbd2d21341a9580e5053f7a7b89c1ddea1ebe75c55407f4cee27a54d,BCF-BAF Database,1091,K1091;I1091;J1091,"{""BAF"": 7960, ""BAF Min"": null, ""BAF Max"": null}",reported_database_value,7960.0,7960.0,3.900913067737669,True,True,True,True,database_traced_primary_not_verified,False,unverified_primary_table,,Original-paper numerical cell not verified
BIO_6683,6683,BAF,CMP_cfdde373a2a8c04668f0,Iwabuchi et al 2015,10.2131/fts.2.201,data/raw/ITRC_aquatic.xlsx,bfc24df5dbd2d21341a9580e5053f7a7b89c1ddea1ebe75c55407f4cee27a54d,BCF-BAF Database,1092,K1092;I1092;J1092,"{""BAF"": 5500, ""BAF Min"": null, ""BAF Max"": null}",reported_database_value,5500.0,5500.0,3.740362689494244,True,True,True,True,database_traced_primary_not_verified,False,unverified_primary_table,,Original-paper numerical cell not verified
BIO_6684,6684,BCF,CMP_cfdde373a2a8c04668f0,Jeon 2010,10.1021/es100151r,data/raw/ITRC_aquatic.xlsx,bfc24df5dbd2d21341a9580e5053f7a7b89c1ddea1ebe75c55407f4cee27a54d,BCF-BAF Database,1093,H1093;F1093;G1093,"{""BCF"": null, ""BCF Min"": 31.6, ""BCF Max"": 84.8}",arithmetic_midpoint_of_reported_range,58.2,58.2,1.7649229846498886,True,True,True,True,database_traced_primary_not_verified,False,unverified_primary_table,,Original-paper numerical cell not verified
BIO_6685,6685,BAF,CMP_cfdde373a2a8c04668f0,Jeon 2010,10.1021/es100151r,data/raw/ITRC_aquatic.xlsx,bfc24df5dbd2d21341a9580e5053f7a7b89c1ddea1ebe75c55407f4cee27a54d,BCF-BAF Database,1093,K1093;I1093;J1093,"{""BAF"": null, ""BAF Min"": 113, ""BAF Max"": 230.2}",arithmetic_midpoint_of_reported_range,171.6,171.6,2.2345172835126865,True,True,True,True,database_traced_primary_not_verified,False,unverified_primary_table,,Original-paper numerical cell not verified
BIO_6686,6686,BAF,CMP_cfdde373a2a8c04668f0,Quinete 2009,10.1016/j.chemosphere.2009.07.079,data/raw/ITRC_aquatic.xlsx,bfc24df5dbd2d21341a9580e5053f7a7b89c1ddea1ebe75c55407f4cee27a54d,BCF-BAF Database,1094,K1094;I1094;J1094,"{""BAF"": null, ""BAF Min"": 46, ""BAF Max"": 172}",arithmetic_midpoint_of_reported_range,109.0,109.0,2.037426497940624,True,True,True,True,database_traced_primary_not_verified,False,unverified_primary_table,,Original-paper numerical cell not verified
BIO_6687,6687,BAF,CMP_cfdde373a2a8c04668f0,Quinete 2009,10.1016/j.chemosphere.2009.07.079,data/raw/ITRC_aquatic.xlsx,bfc24df5dbd2d21341a9580e5053f7a7b89c1ddea1ebe75c55407f4cee27a54d,BCF-BAF Database,1095,K1095;I1095;J1095,"{""BAF"": null, ""BAF Min"": 20, ""BAF Max"": 26}",arithmetic_midpoint_of_reported_range,23.0,23.0,1.3617278360175928,True,True,True,True,database_traced_primary_not_verified,False,unverified_primary_table,,Original-paper numerical cell not verified
BIO_6688,6688,BAF,CMP_cfdde373a2a8c04668f0,Quinete 2009,10.1016/j.chemosphere.2009.07.079,data/raw/ITRC_aquatic.xlsx,bfc24df5dbd2d21341a9580e5053f7a7b89c1ddea1ebe75c55407f4cee27a54d,BCF-BAF Database,1096,K1096;I1096;J1096,"{""BAF"": null, ""BAF Min"": 100, ""BAF Max"": 190}",arithmetic_midpoint_of_reported_range,145.0,145.0,2.161368002234975,True,True,True,True,database_traced_primary_not_verified,False,unverified_primary_table,,Original-paper numerical cell not verified
BIO_6689,6689,BAF,CMP_cfdde373a2a8c04668f0,Quinete 2009,10.1016/j.chemosphere.2009.07.079,data/raw/ITRC_aquatic.xlsx,bfc24df5dbd2d21341a9580e5053f7a7b89c1ddea1ebe75c55407f4cee27a54d,BCF-BAF Database,1097,K1097;I1097;J1097,"{""BAF"": null, ""BAF Min"": 138, ""BAF Max"": 27}",arithmetic_midpoint_of_reported_range,82.5,82.5,1.916453948549925,True,True,True,True,database_traced_primary_not_verified,False,unverified_primary_table,,Original-paper numerical cell not verified
BIO_6692,6692,BAF,CMP_d156c7f61581a866704b,Dai 2019,10.1155/2019/2612853,data/raw/ITRC_aquatic.xlsx,bfc24df5dbd2d21341a9580e5053f7a7b89c1ddea1ebe75c55407f4cee27a54d,BCF-BAF Database,1100,K1100;I1100;J1100,"{""BAF"": 6660, ""BAF Min"": null, ""BAF Max"": null}",reported_database_value,6660.0,6660.0,3.823474229170301,True,True,True,True,database_traced_primary_not_verified,False,unverified_primary_table,,Original-paper numerical cell not verified
BIO_6693,6693,BAF,CMP_d156c7f61581a866704b,Dai 2019,10.1155/2019/2612853,data/raw/ITRC_aquatic.xlsx,bfc24df5dbd2d21341a9580e5053f7a7b89c1ddea1ebe75c55407f4cee27a54d,BCF-BAF Database,1101,K1101;I1101;J1101,"{""BAF"": 14250, ""BAF Min"": null, ""BAF Max"": null}",reported_database_value,14250.0,14250.0,4.153814864344529,True,True,True,True,database_traced_primary_not_verified,False,unverified_primary_table,,Original-paper numerical cell not verified
BIO_6694,6694,BAF,CMP_d156c7f61581a866704b,Dai 2019,10.1155/2019/2612853,data/raw/ITRC_aquatic.xlsx,bfc24df5dbd2d21341a9580e5053f7a7b89c1ddea1ebe75c55407f4cee27a54d,BCF-BAF Database,1102,K1102;I1102;J1102,"{""BAF"": 7000, ""BAF Min"": null, ""BAF Max"": null}",reported_database_value,7000.0,7000.0,3.845098040014257,True,True,True,True,database_traced_primary_not_verified,False,unverified_primary_table,,Original-paper numerical cell not verified
BIO_6695,6695,BAF,CMP_d156c7f61581a866704b,Dai 2019,10.1155/2019/2612853,data/raw/ITRC_aquatic.xlsx,bfc24df5dbd2d21341a9580e5053f7a7b89c1ddea1ebe75c55407f4cee27a54d,BCF-BAF Database,1103,K1103;I1103;J1103,"{""BAF"": 9680, ""BAF Min"": null, ""BAF Max"": null}",reported_database_value,9680.0,9680.0,3.9858753573083936,True,True,True,True,database_traced_primary_not_verified,False,unverified_primary_table,,Original-paper numerical cell not verified
BIO_6696,6696,BAF,CMP_d156c7f61581a866704b,Dai 2019,10.1155/2019/2612853,data/raw/ITRC_aquatic.xlsx,bfc24df5dbd2d21341a9580e5053f7a7b89c1ddea1ebe75c55407f4cee27a54d,BCF-BAF Database,1104,K1104;I1104;J1104,"{""BAF"": 6410, ""BAF Min"": null, ""BAF Max"": null}",reported_database_value,6410.0,6410.0,3.806858029518817,True,True,True,True,database_traced_primary_not_verified,False,unverified_primary_table,,Original-paper numerical cell not verified
BIO_6697,6697,BAF,CMP_d156c7f61581a866704b,Dai 2019,10.1155/2019/2612853,data/raw/ITRC_aquatic.xlsx,bfc24df5dbd2d21341a9580e5053f7a7b89c1ddea1ebe75c55407f4cee27a54d,BCF-BAF Database,1105,K1105;I1105;J1105,"{""BAF"": 7440, ""BAF Min"": null, ""BAF Max"": null}",reported_database_value,7440.0,7440.0,3.871572935545879,True,True,True,True,database_traced_primary_not_verified,False,unverified_primary_table,,Original-paper numerical cell not verified
BIO_6698,6698,BAF,CMP_d156c7f61581a866704b,Dai 2019,10.1155/2019/2612853,data/raw/ITRC_aquatic.xlsx,bfc24df5dbd2d21341a9580e5053f7a7b89c1ddea1ebe75c55407f4cee27a54d,BCF-BAF Database,1106,K1106;I1106;J1106,"{""BAF"": 6490, ""BAF Min"": null, ""BAF Max"": null}",reported_database_value,6490.0,6490.0,3.812244696800369,True,True,True,True,database_traced_primary_not_verified,False,unverified_primary_table,,Original-paper numerical cell not verified
BIO_6699,6699,BAF,CMP_d156c7f61581a866704b,Dai 2019,10.1155/2019/2612853,data/raw/ITRC_aquatic.xlsx,bfc24df5dbd2d21341a9580e5053f7a7b89c1ddea1ebe75c55407f4cee27a54d,BCF-BAF Database,1107,K1107;I1107;J1107,"{""BAF"": 9680, ""BAF Min"": null, ""BAF Max"": null}",reported_database_value,9680.0,9680.0,3.9858753573083936,True,True,True,True,database_traced_primary_not_verified,False,unverified_primary_table,,Original-paper numerical cell not verified
BIO_6700,6700,BAF,CMP_d156c7f61581a866704b,Dai 2019,10.1155/2019/2612853,data/raw/ITRC_aquatic.xlsx,bfc24df5dbd2d21341a9580e5053f7a7b89c1ddea1ebe75c55407f4cee27a54d,BCF-BAF Database,1108,K1108;I1108;J1108,"{""BAF"": 8160, ""BAF Min"": null, ""BAF Max"": null}",reported_database_value,8160.0,8160.0,3.911690158753861,True,True,True,True,database_traced_primary_not_verified,False,unverified_primary_table,,Original-paper numerical cell not verified
BIO_6701,6701,BAF,CMP_e6f2a6db0d8b9474c050,Pan 2017,10.1021/acs.est.7b02259,data/raw/ITRC_aquatic.xlsx,bfc24df5dbd2d21341a9580e5053f7a7b89c1ddea1ebe75c55407f4cee27a54d,BCF-BAF Database,1109,K1109;I1109;J1109,"{""BAF"": 7.2443596007499025, ""BAF Min"": null, ""BAF Max"": null}",reported_database_value,7.2443596007499025,7.244359600749902,0.8600000000000001,True,True,True,True,primary_included,True,verified_summary,SI Table S12 PDF page 18; HFPO-DA; blood; mean,Source-qualified endpoint and value under frozen eligibility criteria
BIO_6702,6702,BAF,CMP_e6f2a6db0d8b9474c050,Pan 2017,10.1021/acs.est.7b02259,data/raw/ITRC_aquatic.xlsx,bfc24df5dbd2d21341a9580e5053f7a7b89c1ddea1ebe75c55407f4cee27a54d,BCF-BAF Database,1110,K1110;I1110;J1110,"{""BAF"": 3.1622776601683795, ""BAF Min"": null, ""BAF Max"": null}",reported_database_value,3.1622776601683795,3.16227766016838,0.5000000000000001,True,True,True,True,primary_included,True,verified_summary,SI Table S12 PDF page 18; HFPO-DA; liver; mean,Source-qualified endpoint and value under frozen eligibility criteria
BIO_6703,6703,BAF,CMP_e6f2a6db0d8b9474c050,Pan 2017,10.1021/acs.est.7b02259,data/raw/ITRC_aquatic.xlsx,bfc24df5dbd2d21341a9580e5053f7a7b89c1ddea1ebe75c55407f4cee27a54d,BCF-BAF Database,1111,K1111;I1111;J1111,"{""BAF"": 4.073802778041128, ""BAF Min"": null, ""BAF Max"": null}",reported_database_value,4.073802778041128,4.073802778041128,0.6100000000000001,True,True,True,True,primary_included,True,verified_summary,SI Table S12 PDF page 18; HFPO-DA; muscle; mean,Source-qualified endpoint and value under frozen eligibility criteria
BIO_6707,6707,BAF,CMP_622f8f0fcc1502149461,Pan 2017,10.1021/acs.est.7b02259,data/raw/ITRC_aquatic.xlsx,bfc24df5dbd2d21341a9580e5053f7a7b89c1ddea1ebe75c55407f4cee27a54d,BCF-BAF Database,1115,K1115;I1115;J1115,"{""BAF"": 8.912509381337458, ""BAF Min"": null, ""BAF Max"": null}",reported_database_value,8.912509381337458,8.912509381337458,0.9500000000000002,True,True,True,True,primary_included,True,verified_summary,SI Table S12 PDF page 18; PFBA; blood; mean,Source-qualified endpoint and value under frozen eligibility criteria
BIO_6708,6708,BAF,CMP_622f8f0fcc1502149461,Pan 2017,10.1021/acs.est.7b02259,data/raw/ITRC_aquatic.xlsx,bfc24df5dbd2d21341a9580e5053f7a7b89c1ddea1ebe75c55407f4cee27a54d,BCF-BAF Database,1116,K1116;I1116;J1116,"{""BAF"": 2.344228815319922, ""BAF Min"": null, ""BAF Max"": null}",reported_database_value,2.344228815319922,2.344228815319922,0.37,True,True,True,True,primary_included,True,verified_summary,SI Table S12 PDF page 18; PFBA; liver; mean,Source-qualified endpoint and value under frozen eligibility criteria
BIO_6709,6709,BAF,CMP_1e0abf78953775c0134f,Pan 2017,10.1021/acs.est.7b02259,data/raw/ITRC_aquatic.xlsx,bfc24df5dbd2d21341a9580e5053f7a7b89c1ddea1ebe75c55407f4cee27a54d,BCF-BAF Database,1117,K1117;I1117;J1117,"{""BAF"": 3.630780547701014, ""BAF Min"": null, ""BAF Max"": null}",reported_database_value,3.630780547701014,3.630780547701014,0.56,True,True,True,True,primary_included,True,verified_summary,SI Table S12 PDF page 18; PFPeA; blood; mean,Source-qualified endpoint and value under frozen eligibility criteria
BIO_6710,6710,BAF,CMP_1e0abf78953775c0134f,Pan 2017,10.1021/acs.est.7b02259,data/raw/ITRC_aquatic.xlsx,bfc24df5dbd2d21341a9580e5053f7a7b89c1ddea1ebe75c55407f4cee27a54d,BCF-BAF Database,1118,K1118;I1118;J1118,"{""BAF"": 1.023292992280754, ""BAF Min"": null, ""BAF Max"": null}",reported_database_value,1.023292992280754,1.023292992280754,0.0099999999999999,True,True,True,True,primary_included,True,verified_summary,SI Table S12 PDF page 18; PFPeA; liver; mean,Source-qualified endpoint and value under frozen eligibility criteria
BIO_6711,6711,BAF,CMP_d645aa79f55e85d0da2e,Pan 2017,10.1021/acs.est.7b02259,data/raw/ITRC_aquatic.xlsx,bfc24df5dbd2d21341a9580e5053f7a7b89c1ddea1ebe75c55407f4cee27a54d,BCF-BAF Database,1119,K1119;I1119;J1119,"{""BAF"": 3.0902954325135905, ""BAF Min"": null, ""BAF Max"": null}",reported_database_value,3.0902954325135905,3.090295432513591,0.4900000000000001,True,True,True,True,primary_included,True,verified_summary,SI Table S12 PDF page 18; PFHxA; blood; mean,Source-qualified endpoint and value under frozen eligibility criteria
BIO_6712,6712,BAF,CMP_d645aa79f55e85d0da2e,Pan 2017,10.1021/acs.est.7b02259,data/raw/ITRC_aquatic.xlsx,bfc24df5dbd2d21341a9580e5053f7a7b89c1ddea1ebe75c55407f4cee27a54d,BCF-BAF Database,1120,K1120;I1120;J1120,"{""BAF"": 0.831763771102671, ""BAF Min"": null, ""BAF Max"": null}",reported_database_value,0.831763771102671,0.831763771102671,-0.08,True,True,True,True,primary_included,True,verified_summary,SI Table S12 PDF page 18; PFHxA; liver; mean,Source-qualified endpoint and value under frozen eligibility criteria
BIO_6713,6713,BAF,CMP_a97661d9260d026cb14f,Pan 2017,10.1021/acs.est.7b02259,data/raw/ITRC_aquatic.xlsx,bfc24df5dbd2d21341a9580e5053f7a7b89c1ddea1ebe75c55407f4cee27a54d,BCF-BAF Database,1121,K1121;I1121;J1121,"{""BAF"": 12.58925411794168, ""BAF Min"": null, ""BAF Max"": null}",reported_database_value,12.58925411794168,12.58925411794168,1.1000000000000003,True,True,True,True,primary_included,True,verified_summary,SI Table S12 PDF page 18; PFHpA; blood; mean,Source-qualified endpoint and value under frozen eligibility criteria
BIO_6714,6714,BAF,CMP_a97661d9260d026cb14f,Pan 2017,10.1021/acs.est.7b02259,data/raw/ITRC_aquatic.xlsx,bfc24df5dbd2d21341a9580e5053f7a7b89c1ddea1ebe75c55407f4cee27a54d,BCF-BAF Database,1122,K1122;I1122;J1122,"{""BAF"": 4.073802778041128, ""BAF Min"": null, ""BAF Max"": null}",reported_database_value,4.073802778041128,4.073802778041128,0.6100000000000001,True,True,True,True,primary_included,True,verified_summary,SI Table S12 PDF page 18; PFHpA; liver; mean,Source-qualified endpoint and value under frozen eligibility criteria
BIO_6715,6715,BAF,CMP_a97661d9260d026cb14f,Pan 2017,10.1021/acs.est.7b02259,data/raw/ITRC_aquatic.xlsx,bfc24df5dbd2d21341a9580e5053f7a7b89c1ddea1ebe75c55407f4cee27a54d,BCF-BAF Database,1123,K1123;I1123;J1123,"{""BAF"": 0.5370317963702527, ""BAF Min"": null, ""BAF Max"": null}",reported_database_value,0.5370317963702527,0.5370317963702527,-0.2700000000000001,True,True,True,True,primary_included,True,verified_summary,SI Table S12 PDF page 18; PFHpA; muscle; mean,Source-qualified endpoint and value under frozen eligibility criteria
BIO_6716,6716,BAF,CMP_d156c7f61581a866704b,Pan 2017,10.1021/acs.est.7b02259,data/raw/ITRC_aquatic.xlsx,bfc24df5dbd2d21341a9580e5053f7a7b89c1ddea1ebe75c55407f4cee27a54d,BCF-BAF Database,1124,K1124;I1124;J1124,"{""BAF"": 85.11380382023766, ""BAF Min"": null, ""BAF Max"": null}",reported_database_value,85.11380382023766,85.11380382023766,1.93,True,True,True,True,primary_included,True,verified_summary,SI Table S12 PDF page 18; PFOA; blood; mean,Source-qualified endpoint and value under frozen eligibility criteria
BIO_6717,6717,BAF,CMP_d156c7f61581a866704b,Pan 2017,10.1021/acs.est.7b02259,data/raw/ITRC_aquatic.xlsx,bfc24df5dbd2d21341a9580e5053f7a7b89c1ddea1ebe75c55407f4cee27a54d,BCF-BAF Database,1125,K1125;I1125;J1125,"{""BAF"": 17.378008287493756, ""BAF Min"": null, ""BAF Max"": null}",reported_database_value,17.378008287493756,17.37800828749376,1.2400000000000002,True,True,True,True,primary_included,True,verified_summary,SI Table S12 PDF page 18; PFOA; liver; mean,Source-qualified endpoint and value under frozen eligibility criteria
BIO_6718,6718,BAF,CMP_d156c7f61581a866704b,Pan 2017,10.1021/acs.est.7b02259,data/raw/ITRC_aquatic.xlsx,bfc24df5dbd2d21341a9580e5053f7a7b89c1ddea1ebe75c55407f4cee27a54d,BCF-BAF Database,1126,K1126;I1126;J1126,"{""BAF"": 2.884031503126606, ""BAF Min"": null, ""BAF Max"": null}",reported_database_value,2.884031503126606,2.884031503126606,0.4599999999999999,True,True,True,True,primary_included,True,verified_summary,SI Table S12 PDF page 18; PFOA; muscle; mean,Source-qualified endpoint and value under frozen eligibility criteria
BIO_6719,6719,BAF,CMP_8e58943e0a19095fb6f4,Pan 2017,10.1021/acs.est.7b02259,data/raw/ITRC_aquatic.xlsx,bfc24df5dbd2d21341a9580e5053f7a7b89c1ddea1ebe75c55407f4cee27a54d,BCF-BAF Database,1127,K1127;I1127;J1127,"{""BAF"": 1023.2929922807547, ""BAF Min"": null, ""BAF Max"": null}",reported_database_value,1023.2929922807547,1023.292992280755,3.01,True,True,True,True,primary_included,True,verified_summary,SI Table S12 PDF page 18; PFNA; blood; mean,Source-qualified endpoint and value under frozen eligibility criteria
BIO_6720,6720,BAF,CMP_8e58943e0a19095fb6f4,Pan 2017,10.1021/acs.est.7b02259,data/raw/ITRC_aquatic.xlsx,bfc24df5dbd2d21341a9580e5053f7a7b89c1ddea1ebe75c55407f4cee27a54d,BCF-BAF Database,1128,K1128;I1128;J1128,"{""BAF"": 263.02679918953817, ""BAF Min"": null, ""BAF Max"": null}",reported_database_value,263.02679918953817,263.0267991895382,2.42,True,True,True,True,primary_included,True,verified_summary,SI Table S12 PDF page 18; PFNA; liver; mean,Source-qualified endpoint and value under frozen eligibility criteria
BIO_6721,6721,BAF,CMP_8e58943e0a19095fb6f4,Pan 2017,10.1021/acs.est.7b02259,data/raw/ITRC_aquatic.xlsx,bfc24df5dbd2d21341a9580e5053f7a7b89c1ddea1ebe75c55407f4cee27a54d,BCF-BAF Database,1129,K1129;I1129;J1129,"{""BAF"": 47.863009232263856, ""BAF Min"": null, ""BAF Max"": null}",reported_database_value,47.863009232263856,47.86300923226386,1.6800000000000002,True,True,True,True,primary_included,True,verified_summary,SI Table S12 PDF page 18; PFNA; muscle; mean,Source-qualified endpoint and value under frozen eligibility criteria
BIO_6722,6722,BAF,CMP_5bc76544fcbe477197d1,Pan 2017,10.1021/acs.est.7b02259,data/raw/ITRC_aquatic.xlsx,bfc24df5dbd2d21341a9580e5053f7a7b89c1ddea1ebe75c55407f4cee27a54d,BCF-BAF Database,1130,K1130;I1130;J1130,"{""BAF"": 7943.282347242815, ""BAF Min"": null, ""BAF Max"": null}",reported_database_value,7943.282347242815,7943.282347242815,3.9,True,True,True,True,primary_included,True,verified_summary,SI Table S12 PDF page 18; PFDA; blood; mean,Source-qualified endpoint and value under frozen eligibility criteria
BIO_6723,6723,BAF,CMP_5bc76544fcbe477197d1,Pan 2017,10.1021/acs.est.7b02259,data/raw/ITRC_aquatic.xlsx,bfc24df5dbd2d21341a9580e5053f7a7b89c1ddea1ebe75c55407f4cee27a54d,BCF-BAF Database,1131,K1131;I1131;J1131,"{""BAF"": 2454.708915685034, ""BAF Min"": null, ""BAF Max"": null}",reported_database_value,2454.708915685034,2454.708915685034,3.390000000000001,True,True,True,True,primary_included,True,verified_summary,SI Table S12 PDF page 18; PFDA; liver; mean,Source-qualified endpoint and value under frozen eligibility criteria
BIO_6724,6724,BAF,CMP_5bc76544fcbe477197d1,Pan 2017,10.1021/acs.est.7b02259,data/raw/ITRC_aquatic.xlsx,bfc24df5dbd2d21341a9580e5053f7a7b89c1ddea1ebe75c55407f4cee27a54d,BCF-BAF Database,1132,K1132;I1132;J1132,"{""BAF"": 436.5158322401662, ""BAF Min"": null, ""BAF Max"": null}",reported_database_value,436.5158322401662,436.5158322401662,2.64,True,True,True,True,primary_included,True,verified_summary,SI Table S12 PDF page 18; PFDA; muscle; mean,Source-qualified endpoint and value under frozen eligibility criteria
BIO_6725,6725,BAF,CMP_ba6c40d3726d16919ab2,Pan 2017,10.1021/acs.est.7b02259,data/raw/ITRC_aquatic.xlsx,bfc24df5dbd2d21341a9580e5053f7a7b89c1ddea1ebe75c55407f4cee27a54d,BCF-BAF Database,1133,K1133;I1133;J1133,"{""BAF"": 26915.348039269167, ""BAF Min"": null, ""BAF Max"": null}",reported_database_value,26915.348039269167,26915.34803926917,4.430000000000001,True,True,True,True,primary_included,True,verified_summary,SI Table S12 PDF page 18; PFUnDA; blood; mean,Source-qualified endpoint and value under frozen eligibility criteria
BIO_6726,6726,BAF,CMP_ba6c40d3726d16919ab2,Pan 2017,10.1021/acs.est.7b02259,data/raw/ITRC_aquatic.xlsx,bfc24df5dbd2d21341a9580e5053f7a7b89c1ddea1ebe75c55407f4cee27a54d,BCF-BAF Database,1134,K1134;I1134;J1134,"{""BAF"": 8128.305161641007, ""BAF Min"": null, ""BAF Max"": null}",reported_database_value,8128.305161641007,8128.305161641007,3.9100000000000006,True,True,True,True,primary_included,True,verified_summary,SI Table S12 PDF page 18; PFUnDA; liver; mean,Source-qualified endpoint and value under frozen eligibility criteria
BIO_6727,6727,BAF,CMP_ba6c40d3726d16919ab2,Pan 2017,10.1021/acs.est.7b02259,data/raw/ITRC_aquatic.xlsx,bfc24df5dbd2d21341a9580e5053f7a7b89c1ddea1ebe75c55407f4cee27a54d,BCF-BAF Database,1135,K1135;I1135;J1135,"{""BAF"": 1479.1083881682086, ""BAF Min"": null, ""BAF Max"": null}",reported_database_value,1479.1083881682086,1479.108388168209,3.1700000000000004,True,True,True,True,primary_included,True,verified_summary,SI Table S12 PDF page 18; PFUnDA; muscle; mean,Source-qualified endpoint and value under frozen eligibility criteria
BIO_6728,6728,BAF,CMP_812738d2ca27e93d42c8,Pan 2017,10.1021/acs.est.7b02259,data/raw/ITRC_aquatic.xlsx,bfc24df5dbd2d21341a9580e5053f7a7b89c1ddea1ebe75c55407f4cee27a54d,BCF-BAF Database,1136,K1136;I1136;J1136,"{""BAF"": 58884.365535558936, ""BAF Min"": null, ""BAF Max"": null}",reported_database_value,58884.365535558936,58884.36553555894,4.7700000000000005,True,True,True,True,primary_included,True,verified_summary,SI Table S12 PDF page 18; PFDoDA; blood; mean,Source-qualified endpoint and value under frozen eligibility criteria
BIO_6729,6729,BAF,CMP_812738d2ca27e93d42c8,Pan 2017,10.1021/acs.est.7b02259,data/raw/ITRC_aquatic.xlsx,bfc24df5dbd2d21341a9580e5053f7a7b89c1ddea1ebe75c55407f4cee27a54d,BCF-BAF Database,1137,K1137;I1137;J1137,"{""BAF"": 20892.961308540423, ""BAF Min"": null, ""BAF Max"": null}",reported_database_value,20892.961308540423,20892.96130854042,4.32,True,True,True,True,primary_included,True,verified_summary,SI Table S12 PDF page 18; PFDoDA; liver; mean,Source-qualified endpoint and value under frozen eligibility criteria
BIO_6730,6730,BAF,CMP_812738d2ca27e93d42c8,Pan 2017,10.1021/acs.est.7b02259,data/raw/ITRC_aquatic.xlsx,bfc24df5dbd2d21341a9580e5053f7a7b89c1ddea1ebe75c55407f4cee27a54d,BCF-BAF Database,1138,K1138;I1138;J1138,"{""BAF"": 4168.693834703358, ""BAF Min"": null, ""BAF Max"": null}",reported_database_value,4168.693834703358,4168.693834703358,3.620000000000001,True,True,True,True,primary_included,True,verified_summary,SI Table S12 PDF page 18; PFDoDA; muscle; mean,Source-qualified endpoint and value under frozen eligibility criteria
BIO_6737,6737,BAF,CMP_5eaff469cfe578e26057,Pan 2017,10.1021/acs.est.7b02259,data/raw/ITRC_aquatic.xlsx,bfc24df5dbd2d21341a9580e5053f7a7b89c1ddea1ebe75c55407f4cee27a54d,BCF-BAF Database,1145,K1145;I1145;J1145,"{""BAF"": 15.488166189124817, ""BAF Min"": null, ""BAF Max"": null}",reported_database_value,15.488166189124817,15.48816618912482,1.1900000000000002,True,True,True,True,primary_included,True,verified_summary,SI Table S12 PDF page 18; PFBS; blood; mean,Source-qualified endpoint and value under frozen eligibility criteria
BIO_6738,6738,BAF,CMP_83aa37c8a37d61e51382,Pan 2017,10.1021/acs.est.7b02259,data/raw/ITRC_aquatic.xlsx,bfc24df5dbd2d21341a9580e5053f7a7b89c1ddea1ebe75c55407f4cee27a54d,BCF-BAF Database,1146,K1146;I1146;J1146,"{""BAF"": 363.0780547701015, ""BAF Min"": null, ""BAF Max"": null}",reported_database_value,363.0780547701015,363.0780547701015,2.56,True,True,True,True,primary_included,True,verified_summary,SI Table S12 PDF page 18; PFHxS; blood; mean,Source-qualified endpoint and value under frozen eligibility criteria
BIO_6739,6739,BAF,CMP_83aa37c8a37d61e51382,Pan 2017,10.1021/acs.est.7b02259,data/raw/ITRC_aquatic.xlsx,bfc24df5dbd2d21341a9580e5053f7a7b89c1ddea1ebe75c55407f4cee27a54d,BCF-BAF Database,1147,K1147;I1147;J1147,"{""BAF"": 199.52623149688802, ""BAF Min"": null, ""BAF Max"": null}",reported_database_value,199.52623149688802,199.526231496888,2.3000000000000003,True,True,True,True,primary_included,True,verified_summary,SI Table S12 PDF page 18; PFHxS; liver; mean,Source-qualified endpoint and value under frozen eligibility criteria
BIO_6740,6740,BAF,CMP_cfdde373a2a8c04668f0,Pan 2017,10.1021/acs.est.7b02259,data/raw/ITRC_aquatic.xlsx,bfc24df5dbd2d21341a9580e5053f7a7b89c1ddea1ebe75c55407f4cee27a54d,BCF-BAF Database,1148,K1148;I1148;J1148,"{""BAF"": 7244.359600749904, ""BAF Min"": null, ""BAF Max"": null}",reported_database_value,7244.359600749904,7244.359600749904,3.86,True,True,True,True,primary_included,True,verified_summary,SI Table S12 PDF page 18; PFOS; blood; mean,Source-qualified endpoint and value under frozen eligibility criteria
BIO_6741,6741,BAF,CMP_cfdde373a2a8c04668f0,Pan 2017,10.1021/acs.est.7b02259,data/raw/ITRC_aquatic.xlsx,bfc24df5dbd2d21341a9580e5053f7a7b89c1ddea1ebe75c55407f4cee27a54d,BCF-BAF Database,1149,K1149;I1149;J1149,"{""BAF"": 4466.835921509634, ""BAF Min"": null, ""BAF Max"": null}",reported_database_value,4466.835921509634,4466.835921509634,3.65,True,True,True,True,primary_included,True,verified_summary,SI Table S12 PDF page 18; PFOS; liver; mean,Source-qualified endpoint and value under frozen eligibility criteria
BIO_6742,6742,BAF,CMP_cfdde373a2a8c04668f0,Pan 2017,10.1021/acs.est.7b02259,data/raw/ITRC_aquatic.xlsx,bfc24df5dbd2d21341a9580e5053f7a7b89c1ddea1ebe75c55407f4cee27a54d,BCF-BAF Database,1150,K1150;I1150;J1150,"{""BAF"": 537.031796370253, ""BAF Min"": null, ""BAF Max"": null}",reported_database_value,537.031796370253,537.031796370253,2.7300000000000004,True,True,True,True,primary_included,True,verified_summary,SI Table S12 PDF page 18; PFOS; muscle; mean,Source-qualified endpoint and value under frozen eligibility criteria
BIO_6745,6745,BAF,CMP_b7e2eb89ae6c3db4e807,Pan 2017,10.1021/acs.est.7b02259,data/raw/ITRC_aquatic.xlsx,bfc24df5dbd2d21341a9580e5053f7a7b89c1ddea1ebe75c55407f4cee27a54d,BCF-BAF Database,1153,K1153;I1153;J1153,"{""BAF"": 10715.193052376071, ""BAF Min"": null, ""BAF Max"": null}",reported_database_value,10715.193052376071,10715.19305237607,4.03,True,True,True,True,primary_included,True,verified_summary,SI Table S12 PDF page 18; F-53B (6:2); blood; mean,Source-qualified endpoint and value under frozen eligibility criteria
BIO_6746,6746,BAF,CMP_b7e2eb89ae6c3db4e807,Pan 2017,10.1021/acs.est.7b02259,data/raw/ITRC_aquatic.xlsx,bfc24df5dbd2d21341a9580e5053f7a7b89c1ddea1ebe75c55407f4cee27a54d,BCF-BAF Database,1154,K1154;I1154;J1154,"{""BAF"": 6309.573444801938, ""BAF Min"": null, ""BAF Max"": null}",reported_database_value,6309.573444801938,6309.573444801938,3.8,True,True,True,True,primary_included,True,verified_summary,SI Table S12 PDF page 18; F-53B (6:2); liver; mean,Source-qualified endpoint and value under frozen eligibility criteria
BIO_6747,6747,BAF,CMP_b7e2eb89ae6c3db4e807,Pan 2017,10.1021/acs.est.7b02259,data/raw/ITRC_aquatic.xlsx,bfc24df5dbd2d21341a9580e5053f7a7b89c1ddea1ebe75c55407f4cee27a54d,BCF-BAF Database,1155,K1155;I1155;J1155,"{""BAF"": 812.8305161640998, ""BAF Min"": null, ""BAF Max"": null}",reported_database_value,812.8305161640998,812.8305161640998,2.91,True,True,True,True,primary_included,True,verified_summary,SI Table S12 PDF page 18; F-53B (6:2); muscle; mean,Source-qualified endpoint and value under frozen eligibility criteria
BIO_6751,6751,BAF,CMP_cfdde373a2a8c04668f0,Shi 2020,10.1016/j.envint.2019.105418,data/raw/ITRC_aquatic.xlsx,bfc24df5dbd2d21341a9580e5053f7a7b89c1ddea1ebe75c55407f4cee27a54d,BCF-BAF Database,1159,K1159;I1159;J1159,"{""BAF"": 22387.211385683382, ""BAF Min"": 8128.305161641007, ""BAF Max"": 40738.02778041136}",reported_database_value,22387.211385683382,22387.21138568338,4.35,True,True,True,True,database_traced_primary_not_verified,False,unverified_primary_table,,Original-paper numerical cell not verified
BIO_6752,6752,BAF,CMP_cfdde373a2a8c04668f0,Shi 2020,10.1016/j.envint.2019.105418,data/raw/ITRC_aquatic.xlsx,bfc24df5dbd2d21341a9580e5053f7a7b89c1ddea1ebe75c55407f4cee27a54d,BCF-BAF Database,1160,K1160;I1160;J1160,"{""BAF"": 1122.0184543019636, ""BAF Min"": 724.4359600749902, ""BAF Max"": 1621.8100973589308}",reported_database_value,1122.0184543019636,1122.018454301964,3.0500000000000003,True,True,True,True,database_traced_primary_not_verified,False,unverified_primary_table,,Original-paper numerical cell not verified
BIO_6753,6753,BAF,CMP_cfdde373a2a8c04668f0,Shi 2020,10.1016/j.envint.2019.105418,data/raw/ITRC_aquatic.xlsx,bfc24df5dbd2d21341a9580e5053f7a7b89c1ddea1ebe75c55407f4cee27a54d,BCF-BAF Database,1161,K1161;I1161;J1161,"{""BAF"": 8709.635899560819, ""BAF Min"": 3715.352290971724, ""BAF Max"": 16595.869074375616}",reported_database_value,8709.635899560819,8709.635899560819,3.940000000000001,True,True,True,True,database_traced_primary_not_verified,False,unverified_primary_table,,Original-paper numerical cell not verified
BIO_6754,6754,BAF,CMP_cfdde373a2a8c04668f0,Shi 2020,10.1016/j.envint.2019.105418,data/raw/ITRC_aquatic.xlsx,bfc24df5dbd2d21341a9580e5053f7a7b89c1ddea1ebe75c55407f4cee27a54d,BCF-BAF Database,1162,K1162;I1162;J1162,"{""BAF"": 7943.282347242815, ""BAF Min"": 2398.832919019492, ""BAF Max"": 20417.379446695286}",reported_database_value,7943.282347242815,7943.282347242815,3.9,True,True,True,True,database_traced_primary_not_verified,False,unverified_primary_table,,Original-paper numerical cell not verified
BIO_6755,6755,BAF,CMP_cfdde373a2a8c04668f0,Shi 2020,10.1016/j.envint.2019.105418,data/raw/ITRC_aquatic.xlsx,bfc24df5dbd2d21341a9580e5053f7a7b89c1ddea1ebe75c55407f4cee27a54d,BCF-BAF Database,1163,K1163;I1163;J1163,"{""BAF"": 8912.509381337468, ""BAF Min"": 2238.7211385683418, ""BAF Max"": 25703.95782768865}",reported_database_value,8912.509381337468,8912.509381337468,3.9500000000000006,True,True,True,True,database_traced_primary_not_verified,False,unverified_primary_table,,Original-paper numerical cell not verified
BIO_6756,6756,BAF,CMP_cfdde373a2a8c04668f0,Shi 2020,10.1016/j.envint.2019.105418,data/raw/ITRC_aquatic.xlsx,bfc24df5dbd2d21341a9580e5053f7a7b89c1ddea1ebe75c55407f4cee27a54d,BCF-BAF Database,1164,K1164;I1164;J1164,"{""BAF"": 10964.781961431856, ""BAF Min"": 6606.934480075965, ""BAF Max"": 19054.607179632505}",reported_database_value,10964.781961431856,10964.78196143186,4.04,True,True,True,True,database_traced_primary_not_verified,False,unverified_primary_table,,Original-paper numerical cell not verified
BIO_6757,6757,BAF,CMP_cfdde373a2a8c04668f0,Shi 2020,10.1016/j.envint.2019.105418,data/raw/ITRC_aquatic.xlsx,bfc24df5dbd2d21341a9580e5053f7a7b89c1ddea1ebe75c55407f4cee27a54d,BCF-BAF Database,1165,K1165;I1165;J1165,"{""BAF"": 11481.536214968832, ""BAF Min"": 4265.79518801593, ""BAF Max"": 20417.379446695286}",reported_database_value,11481.536214968832,11481.53621496883,4.0600000000000005,True,True,True,True,database_traced_primary_not_verified,False,unverified_primary_table,,Original-paper numerical cell not verified
BIO_6758,6758,BAF,CMP_b8a452948eab1477cedd,Shi 2020,10.1016/j.envint.2019.105418,data/raw/ITRC_aquatic.xlsx,bfc24df5dbd2d21341a9580e5053f7a7b89c1ddea1ebe75c55407f4cee27a54d,BCF-BAF Database,1166,K1166;I1166;J1166,"{""BAF"": 14454.397707459291, ""BAF Min"": 7943.282347242815, ""BAF Max"": 21379.620895022348}",reported_database_value,14454.397707459291,14454.39770745929,4.16,True,True,True,True,database_traced_primary_not_verified,False,unverified_primary_table,,Original-paper numerical cell not verified
BIO_6759,6759,BAF,CMP_b8a452948eab1477cedd,Shi 2020,10.1016/j.envint.2019.105418,data/raw/ITRC_aquatic.xlsx,bfc24df5dbd2d21341a9580e5053f7a7b89c1ddea1ebe75c55407f4cee27a54d,BCF-BAF Database,1167,K1167;I1167;J1167,"{""BAF"": 1122.0184543019636, ""BAF Min"": 758.5775750291838, ""BAF Max"": 1479.1083881682086}",reported_database_value,1122.0184543019636,1122.018454301964,3.0500000000000003,True,True,True,True,database_traced_primary_not_verified,False,unverified_primary_table,,Original-paper numerical cell not verified
BIO_6760,6760,BAF,CMP_b8a452948eab1477cedd,Shi 2020,10.1016/j.envint.2019.105418,data/raw/ITRC_aquatic.xlsx,bfc24df5dbd2d21341a9580e5053f7a7b89c1ddea1ebe75c55407f4cee27a54d,BCF-BAF Database,1168,K1168;I1168;J1168,"{""BAF"": 6309.573444801938, ""BAF Min"": 4073.8027780411317, ""BAF Max"": 9549.92586021437}",reported_database_value,6309.573444801938,6309.573444801938,3.8,True,True,True,True,database_traced_primary_not_verified,False,unverified_primary_table,,Original-paper numerical cell not verified
BIO_6761,6761,BAF,CMP_b8a452948eab1477cedd,Shi 2020,10.1016/j.envint.2019.105418,data/raw/ITRC_aquatic.xlsx,bfc24df5dbd2d21341a9580e5053f7a7b89c1ddea1ebe75c55407f4cee27a54d,BCF-BAF Database,1169,K1169;I1169;J1169,"{""BAF"": 5754.399373371567, ""BAF Min"": 3235.9365692962833, ""BAF Max"": 8128.305161641007}",reported_database_value,5754.399373371567,5754.399373371567,3.76,True,True,True,True,database_traced_primary_not_verified,False,unverified_primary_table,,Original-paper numerical cell not verified
BIO_6762,6762,BAF,CMP_b8a452948eab1477cedd,Shi 2020,10.1016/j.envint.2019.105418,data/raw/ITRC_aquatic.xlsx,bfc24df5dbd2d21341a9580e5053f7a7b89c1ddea1ebe75c55407f4cee27a54d,BCF-BAF Database,1170,K1170;I1170;J1170,"{""BAF"": 5495.408738576254, ""BAF Min"": 3235.9365692962833, ""BAF Max"": 8709.635899560819}",reported_database_value,5495.408738576254,5495.408738576254,3.7400000000000007,True,True,True,True,database_traced_primary_not_verified,False,unverified_primary_table,,Original-paper numerical cell not verified
BIO_6763,6763,BAF,CMP_b8a452948eab1477cedd,Shi 2020,10.1016/j.envint.2019.105418,data/raw/ITRC_aquatic.xlsx,bfc24df5dbd2d21341a9580e5053f7a7b89c1ddea1ebe75c55407f4cee27a54d,BCF-BAF Database,1171,K1171;I1171;J1171,"{""BAF"": 7943.282347242815, ""BAF Min"": 4466.835921509634, ""BAF Max"": 12302.687708123816}",reported_database_value,7943.282347242815,7943.282347242815,3.9,True,True,True,True,database_traced_primary_not_verified,False,unverified_primary_table,,Original-paper numerical cell not verified
BIO_6764,6764,BAF,CMP_b8a452948eab1477cedd,Shi 2020,10.1016/j.envint.2019.105418,data/raw/ITRC_aquatic.xlsx,bfc24df5dbd2d21341a9580e5053f7a7b89c1ddea1ebe75c55407f4cee27a54d,BCF-BAF Database,1172,K1172;I1172;J1172,"{""BAF"": 7413.102413009177, ""BAF Min"": 4466.835921509634, ""BAF Max"": 12022.644346174151}",reported_database_value,7413.102413009177,7413.102413009177,3.87,True,True,True,True,database_traced_primary_not_verified,False,unverified_primary_table,,Original-paper numerical cell not verified
BIO_6765,6765,BAF,CMP_cfdde373a2a8c04668f0,Shi 2020,10.1016/j.envint.2019.105418,data/raw/ITRC_aquatic.xlsx,bfc24df5dbd2d21341a9580e5053f7a7b89c1ddea1ebe75c55407f4cee27a54d,BCF-BAF Database,1173,K1173;I1173;J1173,"{""BAF"": 23442.288153199243, ""BAF Min"": 10471.285480509003, ""BAF Max"": 48977.881936844686}",reported_database_value,23442.288153199243,23442.28815319924,4.37,True,True,True,True,database_traced_primary_not_verified,False,unverified_primary_table,,Original-paper numerical cell not verified
BIO_6766,6766,BAF,CMP_cfdde373a2a8c04668f0,Shi 2020,10.1016/j.envint.2019.105418,data/raw/ITRC_aquatic.xlsx,bfc24df5dbd2d21341a9580e5053f7a7b89c1ddea1ebe75c55407f4cee27a54d,BCF-BAF Database,1174,K1174;I1174;J1174,"{""BAF"": 1288.2495516931347, ""BAF Min"": 707.9457843841387, ""BAF Max"": 2089.29613085404}",reported_database_value,1288.2495516931347,1288.249551693135,3.1100000000000003,True,True,True,True,database_traced_primary_not_verified,False,unverified_primary_table,,Original-paper numerical cell not verified
BIO_6767,6767,BAF,CMP_cfdde373a2a8c04668f0,Shi 2020,10.1016/j.envint.2019.105418,data/raw/ITRC_aquatic.xlsx,bfc24df5dbd2d21341a9580e5053f7a7b89c1ddea1ebe75c55407f4cee27a54d,BCF-BAF Database,1175,K1175;I1175;J1175,"{""BAF"": 10232.929922807549, ""BAF Min"": 4168.693834703358, ""BAF Max"": 19054.607179632505}",reported_database_value,10232.929922807549,10232.92992280755,4.010000000000001,True,True,True,True,database_traced_primary_not_verified,False,unverified_primary_table,,Original-paper numerical cell not verified
BIO_6768,6768,BAF,CMP_cfdde373a2a8c04668f0,Shi 2020,10.1016/j.envint.2019.105418,data/raw/ITRC_aquatic.xlsx,bfc24df5dbd2d21341a9580e5053f7a7b89c1ddea1ebe75c55407f4cee27a54d,BCF-BAF Database,1176,K1176;I1176;J1176,"{""BAF"": 8912.509381337468, ""BAF Min"": 4786.300923226385, ""BAF Max"": 13489.628825916556}",reported_database_value,8912.509381337468,8912.509381337468,3.9500000000000006,True,True,True,True,database_traced_primary_not_verified,False,unverified_primary_table,,Original-paper numerical cell not verified
BIO_6769,6769,BAF,CMP_cfdde373a2a8c04668f0,Shi 2020,10.1016/j.envint.2019.105418,data/raw/ITRC_aquatic.xlsx,bfc24df5dbd2d21341a9580e5053f7a7b89c1ddea1ebe75c55407f4cee27a54d,BCF-BAF Database,1177,K1177;I1177;J1177,"{""BAF"": 8709.635899560819, ""BAF Min"": 4897.788193684463, ""BAF Max"": 16595.869074375616}",reported_database_value,8709.635899560819,8709.635899560819,3.940000000000001,True,True,True,True,database_traced_primary_not_verified,False,unverified_primary_table,,Original-paper numerical cell not verified
BIO_6770,6770,BAF,CMP_cfdde373a2a8c04668f0,Shi 2020,10.1016/j.envint.2019.105418,data/raw/ITRC_aquatic.xlsx,bfc24df5dbd2d21341a9580e5053f7a7b89c1ddea1ebe75c55407f4cee27a54d,BCF-BAF Database,1178,K1178;I1178;J1178,"{""BAF"": 11748.975549395318, ""BAF Min"": 6165.950018614829, ""BAF Max"": 19952.623149688792}",reported_database_value,11748.975549395318,11748.97554939532,4.070000000000001,True,True,True,True,database_traced_primary_not_verified,False,unverified_primary_table,,Original-paper numerical cell not verified
BIO_6771,6771,BAF,CMP_cfdde373a2a8c04668f0,Shi 2020,10.1016/j.envint.2019.105418,data/raw/ITRC_aquatic.xlsx,bfc24df5dbd2d21341a9580e5053f7a7b89c1ddea1ebe75c55407f4cee27a54d,BCF-BAF Database,1179,K1179;I1179;J1179,"{""BAF"": 10715.193052376071, ""BAF Min"": 7413.102413009177, ""BAF Max"": 15488.166189124853}",reported_database_value,10715.193052376071,10715.19305237607,4.03,True,True,True,True,database_traced_primary_not_verified,False,unverified_primary_table,,Original-paper numerical cell not verified
BIO_6772,6772,BAF,CMP_b8a452948eab1477cedd,Shi 2020,10.1016/j.envint.2019.105418,data/raw/ITRC_aquatic.xlsx,bfc24df5dbd2d21341a9580e5053f7a7b89c1ddea1ebe75c55407f4cee27a54d,BCF-BAF Database,1180,K1180;I1180;J1180,"{""BAF"": 13489.628825916556, ""BAF Min"": 6456.5422903465615, ""BAF Max"": 30902.954325135954}",reported_database_value,13489.628825916556,13489.62882591656,4.130000000000001,True,True,True,True,database_traced_primary_not_verified,False,unverified_primary_table,,Original-paper numerical cell not verified
BIO_6773,6773,BAF,CMP_b8a452948eab1477cedd,Shi 2020,10.1016/j.envint.2019.105418,data/raw/ITRC_aquatic.xlsx,bfc24df5dbd2d21341a9580e5053f7a7b89c1ddea1ebe75c55407f4cee27a54d,BCF-BAF Database,1181,K1181;I1181;J1181,"{""BAF"": 1174.8975549395295, ""BAF Min"": 758.5775750291838, ""BAF Max"": 1737.8008287493772}",reported_database_value,1174.8975549395295,1174.89755493953,3.0700000000000003,True,True,True,True,database_traced_primary_not_verified,False,unverified_primary_table,,Original-paper numerical cell not verified
BIO_6774,6774,BAF,CMP_b8a452948eab1477cedd,Shi 2020,10.1016/j.envint.2019.105418,data/raw/ITRC_aquatic.xlsx,bfc24df5dbd2d21341a9580e5053f7a7b89c1ddea1ebe75c55407f4cee27a54d,BCF-BAF Database,1182,K1182;I1182;J1182,"{""BAF"": 7079.457843841383, ""BAF Min"": 2454.708915685034, ""BAF Max"": 13182.56738556409}",reported_database_value,7079.457843841383,7079.457843841383,3.85,True,True,True,True,database_traced_primary_not_verified,False,unverified_primary_table,,Original-paper numerical cell not verified
BIO_6775,6775,BAF,CMP_b8a452948eab1477cedd,Shi 2020,10.1016/j.envint.2019.105418,data/raw/ITRC_aquatic.xlsx,bfc24df5dbd2d21341a9580e5053f7a7b89c1ddea1ebe75c55407f4cee27a54d,BCF-BAF Database,1183,K1183;I1183;J1183,"{""BAF"": 6606.934480075965, ""BAF Min"": 2818.382931264456, ""BAF Max"": 15135.612484362096}",reported_database_value,6606.934480075965,6606.934480075965,3.82,True,True,True,True,database_traced_primary_not_verified,False,unverified_primary_table,,Original-paper numerical cell not verified
BIO_6776,6776,BAF,CMP_b8a452948eab1477cedd,Shi 2020,10.1016/j.envint.2019.105418,data/raw/ITRC_aquatic.xlsx,bfc24df5dbd2d21341a9580e5053f7a7b89c1ddea1ebe75c55407f4cee27a54d,BCF-BAF Database,1184,K1184;I1184;J1184,"{""BAF"": 6456.5422903465615, ""BAF Min"": 2454.708915685034, ""BAF Max"": 16218.10097358931}",reported_database_value,6456.5422903465615,6456.542290346561,3.810000000000001,True,True,True,True,database_traced_primary_not_verified,False,unverified_primary_table,,Original-paper numerical cell not verified
BIO_6777,6777,BAF,CMP_b8a452948eab1477cedd,Shi 2020,10.1016/j.envint.2019.105418,data/raw/ITRC_aquatic.xlsx,bfc24df5dbd2d21341a9580e5053f7a7b89c1ddea1ebe75c55407f4cee27a54d,BCF-BAF Database,1185,K1185;I1185;J1185,"{""BAF"": 9332.543007969922, ""BAF Min"": 3715.352290971724, ""BAF Max"": 24547.08915685032}",reported_database_value,9332.543007969922,9332.543007969922,3.9700000000000006,True,True,True,True,database_traced_primary_not_verified,False,unverified_primary_table,,Original-paper numerical cell not verified
BIO_6780,6780,BAF,CMP_94780686554af150f1cc,Wang 2016,10.1021/acs.est.6b01980,data/raw/ITRC_aquatic.xlsx,bfc24df5dbd2d21341a9580e5053f7a7b89c1ddea1ebe75c55407f4cee27a54d,BCF-BAF Database,1188,K1188;I1188;J1188,"{""BAF"": 501.2, ""BAF Min"": null, ""BAF Max"": null}",reported_database_value,501.2,501.2,2.7000110623221123,True,True,True,True,database_traced_primary_not_verified,False,table_located_value_not_resolved,SI Table S13 PDF page 21; whole body (ii),Original table located but numerical mapping unresolved
BIO_6782,6782,BAF,CMP_cfdde373a2a8c04668f0,Wang 2016,10.1021/acs.est.6b01980,data/raw/ITRC_aquatic.xlsx,bfc24df5dbd2d21341a9580e5053f7a7b89c1ddea1ebe75c55407f4cee27a54d,BCF-BAF Database,1190,K1190;I1190;J1190,"{""BAF"": 39810.7, ""BAF Min"": null, ""BAF Max"": null}",reported_database_value,39810.7,39810.7,4.59999981394342,True,True,True,True,database_traced_primary_not_verified,False,table_located_value_not_resolved,SI Table S13 PDF page 21; whole body (ii),Original table located but numerical mapping unresolved
BIO_6783,6783,BAF,CMP_b7e2eb89ae6c3db4e807,Wang 2016,10.1021/acs.est.6b01980,data/raw/ITRC_aquatic.xlsx,bfc24df5dbd2d21341a9580e5053f7a7b89c1ddea1ebe75c55407f4cee27a54d,BCF-BAF Database,1191,K1191;I1191;J1191,"{""BAF"": 39810.7, ""BAF Min"": null, ""BAF Max"": null}",reported_database_value,39810.7,39810.7,4.59999981394342,True,True,True,True,database_traced_primary_not_verified,False,table_located_value_not_resolved,SI Table S13 PDF page 21; whole body (ii),Original table located but numerical mapping unresolved
BIO_6784,6784,BAF,CMP_d645aa79f55e85d0da2e,Zhou 2012,10.1007/s00128-012-0745-1,data/raw/ITRC_aquatic.xlsx,bfc24df5dbd2d21341a9580e5053f7a7b89c1ddea1ebe75c55407f4cee27a54d,BCF-BAF Database,1192,K1192;I1192;J1192,"{""BAF"": 1174.8975549395295, ""BAF Min"": null, ""BAF Max"": 3.07}",reported_database_value,1174.8975549395295,1174.89755493953,3.0700000000000003,True,True,True,True,database_traced_primary_not_verified,False,unverified_primary_table,,Original-paper numerical cell not verified
BIO_6785,6785,BAF,CMP_d156c7f61581a866704b,Zhou 2012,10.1007/s00128-012-0745-1,data/raw/ITRC_aquatic.xlsx,bfc24df5dbd2d21341a9580e5053f7a7b89c1ddea1ebe75c55407f4cee27a54d,BCF-BAF Database,1193,K1193;I1193;J1193,"{""BAF"": 181.9700858609983, ""BAF Min"": null, ""BAF Max"": 2.26}",reported_database_value,181.9700858609983,181.9700858609983,2.26,True,True,True,True,database_traced_primary_not_verified,False,unverified_primary_table,,Original-paper numerical cell not verified
BIO_6786,6786,BAF,CMP_8e58943e0a19095fb6f4,Zhou 2012,10.1007/s00128-012-0745-1,data/raw/ITRC_aquatic.xlsx,bfc24df5dbd2d21341a9580e5053f7a7b89c1ddea1ebe75c55407f4cee27a54d,BCF-BAF Database,1194,K1194;I1194;J1194,"{""BAF"": 3388.4415613920255, ""BAF Min"": null, ""BAF Max"": 3.53}",reported_database_value,3388.4415613920255,3388.441561392026,3.53,True,True,True,True,database_traced_primary_not_verified,False,unverified_primary_table,,Original-paper numerical cell not verified
BIO_6787,6787,BAF,CMP_5bc76544fcbe477197d1,Zhou 2012,10.1007/s00128-012-0745-1,data/raw/ITRC_aquatic.xlsx,bfc24df5dbd2d21341a9580e5053f7a7b89c1ddea1ebe75c55407f4cee27a54d,BCF-BAF Database,1195,K1195;I1195;J1195,"{""BAF"": 17378.00828749379, ""BAF Min"": null, ""BAF Max"": 4.24}",reported_database_value,17378.00828749379,17378.00828749379,4.240000000000001,True,True,True,True,database_traced_primary_not_verified,False,unverified_primary_table,,Original-paper numerical cell not verified
BIO_6788,6788,BAF,CMP_ba6c40d3726d16919ab2,Zhou 2012,10.1007/s00128-012-0745-1,data/raw/ITRC_aquatic.xlsx,bfc24df5dbd2d21341a9580e5053f7a7b89c1ddea1ebe75c55407f4cee27a54d,BCF-BAF Database,1196,K1196;I1196;J1196,"{""BAF"": 2754.228703338169, ""BAF Min"": null, ""BAF Max"": 3.44}",reported_database_value,2754.228703338169,2754.228703338169,3.4400000000000004,True,True,True,True,database_traced_primary_not_verified,False,unverified_primary_table,,Original-paper numerical cell not verified
BIO_6789,6789,BAF,CMP_cfdde373a2a8c04668f0,Zhou 2012,10.1007/s00128-012-0745-1,data/raw/ITRC_aquatic.xlsx,bfc24df5dbd2d21341a9580e5053f7a7b89c1ddea1ebe75c55407f4cee27a54d,BCF-BAF Database,1197,K1197;I1197;J1197,"{""BAF"": 11748.975549395318, ""BAF Min"": null, ""BAF Max"": 4.07}",reported_database_value,11748.975549395318,11748.97554939532,4.070000000000001,True,True,True,True,database_traced_primary_not_verified,False,unverified_primary_table,,Original-paper numerical cell not verified
BIO_6790,6790,BAF,CMP_d645aa79f55e85d0da2e,Zhou 2012,10.1007/s00128-012-0745-1,data/raw/ITRC_aquatic.xlsx,bfc24df5dbd2d21341a9580e5053f7a7b89c1ddea1ebe75c55407f4cee27a54d,BCF-BAF Database,1198,K1198;I1198;J1198,"{""BAF"": 398.1071705534976, ""BAF Min"": null, ""BAF Max"": null}",reported_database_value,398.1071705534976,398.1071705534976,2.6000000000000005,True,True,True,True,database_traced_primary_not_verified,False,unverified_primary_table,,Original-paper numerical cell not verified
BIO_6791,6791,BAF,CMP_d156c7f61581a866704b,Zhou 2012,10.1007/s00128-012-0745-1,data/raw/ITRC_aquatic.xlsx,bfc24df5dbd2d21341a9580e5053f7a7b89c1ddea1ebe75c55407f4cee27a54d,BCF-BAF Database,1199,K1199;I1199;J1199,"{""BAF"": 588.8436553555896, ""BAF Min"": null, ""BAF Max"": null}",reported_database_value,588.8436553555896,588.8436553555896,2.7700000000000005,True,True,True,True,database_traced_primary_not_verified,False,unverified_primary_table,,Original-paper numerical cell not verified
BIO_6792,6792,BAF,CMP_8e58943e0a19095fb6f4,Zhou 2012,10.1007/s00128-012-0745-1,data/raw/ITRC_aquatic.xlsx,bfc24df5dbd2d21341a9580e5053f7a7b89c1ddea1ebe75c55407f4cee27a54d,BCF-BAF Database,1200,K1200;I1200;J1200,"{""BAF"": 6309.573444801938, ""BAF Min"": null, ""BAF Max"": null}",reported_database_value,6309.573444801938,6309.573444801938,3.8,True,True,True,True,database_traced_primary_not_verified,False,unverified_primary_table,,Original-paper numerical cell not verified
BIO_6793,6793,BAF,CMP_5bc76544fcbe477197d1,Zhou 2012,10.1007/s00128-012-0745-1,data/raw/ITRC_aquatic.xlsx,bfc24df5dbd2d21341a9580e5053f7a7b89c1ddea1ebe75c55407f4cee27a54d,BCF-BAF Database,1201,K1201;I1201;J1201,"{""BAF"": 7585.775750291839, ""BAF Min"": null, ""BAF Max"": null}",reported_database_value,7585.775750291839,7585.775750291839,3.88,True,True,True,True,database_traced_primary_not_verified,False,unverified_primary_table,,Original-paper numerical cell not verified
BIO_6794,6794,BAF,CMP_ba6c40d3726d16919ab2,Zhou 2012,10.1007/s00128-012-0745-1,data/raw/ITRC_aquatic.xlsx,bfc24df5dbd2d21341a9580e5053f7a7b89c1ddea1ebe75c55407f4cee27a54d,BCF-BAF Database,1202,K1202;I1202;J1202,"{""BAF"": 2818.382931264456, ""BAF Min"": null, ""BAF Max"": null}",reported_database_value,2818.382931264456,2818.382931264456,3.45,True,True,True,True,database_traced_primary_not_verified,False,unverified_primary_table,,Original-paper numerical cell not verified
BIO_6795,6795,BAF,CMP_cfdde373a2a8c04668f0,Zhou 2012,10.1007/s00128-012-0745-1,data/raw/ITRC_aquatic.xlsx,bfc24df5dbd2d21341a9580e5053f7a7b89c1ddea1ebe75c55407f4cee27a54d,BCF-BAF Database,1203,K1203;I1203;J1203,"{""BAF"": 1698.2436524617447, ""BAF Min"": null, ""BAF Max"": 3.23}",reported_database_value,1698.2436524617447,1698.243652461745,3.23,True,True,True,True,database_traced_primary_not_verified,False,unverified_primary_table,,Original-paper numerical cell not verified
BIO_6796,6796,BAF,CMP_d645aa79f55e85d0da2e,Zhou 2012,10.1007/s00128-012-0745-1,data/raw/ITRC_aquatic.xlsx,bfc24df5dbd2d21341a9580e5053f7a7b89c1ddea1ebe75c55407f4cee27a54d,BCF-BAF Database,1204,K1204;I1204;J1204,"{""BAF"": 4073.8027780411317, ""BAF Min"": null, ""BAF Max"": null}",reported_database_value,4073.8027780411317,4073.802778041132,3.6100000000000008,True,True,True,True,database_traced_primary_not_verified,False,unverified_primary_table,,Original-paper numerical cell not verified
BIO_6797,6797,BAF,CMP_d156c7f61581a866704b,Zhou 2012,10.1007/s00128-012-0745-1,data/raw/ITRC_aquatic.xlsx,bfc24df5dbd2d21341a9580e5053f7a7b89c1ddea1ebe75c55407f4cee27a54d,BCF-BAF Database,1205,K1205;I1205;J1205,"{""BAF"": 208.92961308540396, ""BAF Min"": null, ""BAF Max"": null}",reported_database_value,208.92961308540396,208.929613085404,2.3200000000000003,True,True,True,True,database_traced_primary_not_verified,False,unverified_primary_table,,Original-paper numerical cell not verified
BIO_6798,6798,BAF,CMP_8e58943e0a19095fb6f4,Zhou 2012,10.1007/s00128-012-0745-1,data/raw/ITRC_aquatic.xlsx,bfc24df5dbd2d21341a9580e5053f7a7b89c1ddea1ebe75c55407f4cee27a54d,BCF-BAF Database,1206,K1206;I1206;J1206,"{""BAF"": 1698.2436524617447, ""BAF Min"": null, ""BAF Max"": null}",reported_database_value,1698.2436524617447,1698.243652461745,3.23,True,True,True,True,database_traced_primary_not_verified,False,unverified_primary_table,,Original-paper numerical cell not verified
BIO_6799,6799,BAF,CMP_5bc76544fcbe477197d1,Zhou 2012,10.1007/s00128-012-0745-1,data/raw/ITRC_aquatic.xlsx,bfc24df5dbd2d21341a9580e5053f7a7b89c1ddea1ebe75c55407f4cee27a54d,BCF-BAF Database,1207,K1207;I1207;J1207,"{""BAF"": 29512.092266663854, ""BAF Min"": null, ""BAF Max"": null}",reported_database_value,29512.092266663854,29512.09226666385,4.47,True,True,True,True,database_traced_primary_not_verified,False,unverified_primary_table,,Original-paper numerical cell not verified
BIO_6800,6800,BAF,CMP_ba6c40d3726d16919ab2,Zhou 2012,10.1007/s00128-012-0745-1,data/raw/ITRC_aquatic.xlsx,bfc24df5dbd2d21341a9580e5053f7a7b89c1ddea1ebe75c55407f4cee27a54d,BCF-BAF Database,1208,K1208;I1208;J1208,"{""BAF"": 7762.471166286932, ""BAF Min"": null, ""BAF Max"": null}",reported_database_value,7762.471166286932,7762.471166286932,3.890000000000001,True,True,True,True,database_traced_primary_not_verified,False,unverified_primary_table,,Original-paper numerical cell not verified
BIO_6801,6801,BAF,CMP_cfdde373a2a8c04668f0,Zhou 2012,10.1007/s00128-012-0745-1,data/raw/ITRC_aquatic.xlsx,bfc24df5dbd2d21341a9580e5053f7a7b89c1ddea1ebe75c55407f4cee27a54d,BCF-BAF Database,1209,K1209;I1209;J1209,"{""BAF"": 9772.372209558116, ""BAF Min"": null, ""BAF Max"": 3.99}",reported_database_value,9772.372209558116,9772.372209558116,3.9900000000000007,True,True,True,True,database_traced_primary_not_verified,False,unverified_primary_table,,Original-paper numerical cell not verified
BIO_6802,6802,BAF,CMP_d645aa79f55e85d0da2e,Zhou 2012,10.1007/s00128-012-0745-1,data/raw/ITRC_aquatic.xlsx,bfc24df5dbd2d21341a9580e5053f7a7b89c1ddea1ebe75c55407f4cee27a54d,BCF-BAF Database,1210,K1210;I1210;J1210,"{""BAF"": 2041.7379446695318, ""BAF Min"": null, ""BAF Max"": null}",reported_database_value,2041.7379446695318,2041.737944669532,3.3100000000000005,True,True,True,True,database_traced_primary_not_verified,False,unverified_primary_table,,Original-paper numerical cell not verified
BIO_6803,6803,BAF,CMP_d156c7f61581a866704b,Zhou 2012,10.1007/s00128-012-0745-1,data/raw/ITRC_aquatic.xlsx,bfc24df5dbd2d21341a9580e5053f7a7b89c1ddea1ebe75c55407f4cee27a54d,BCF-BAF Database,1211,K1211;I1211;J1211,"{""BAF"": 363.0780547701015, ""BAF Min"": null, ""BAF Max"": null}",reported_database_value,363.0780547701015,363.0780547701015,2.56,True,True,True,True,database_traced_primary_not_verified,False,unverified_primary_table,,Original-paper numerical cell not verified
BIO_6804,6804,BAF,CMP_8e58943e0a19095fb6f4,Zhou 2012,10.1007/s00128-012-0745-1,data/raw/ITRC_aquatic.xlsx,bfc24df5dbd2d21341a9580e5053f7a7b89c1ddea1ebe75c55407f4cee27a54d,BCF-BAF Database,1212,K1212;I1212;J1212,"{""BAF"": 9120.108393559109, ""BAF Min"": null, ""BAF Max"": null}",reported_database_value,9120.108393559109,9120.108393559109,3.96,True,True,True,True,database_traced_primary_not_verified,False,unverified_primary_table,,Original-paper numerical cell not verified
BIO_6805,6805,BAF,CMP_5bc76544fcbe477197d1,Zhou 2012,10.1007/s00128-012-0745-1,data/raw/ITRC_aquatic.xlsx,bfc24df5dbd2d21341a9580e5053f7a7b89c1ddea1ebe75c55407f4cee27a54d,BCF-BAF Database,1213,K1213;I1213;J1213,"{""BAF"": 30902.954325135954, ""BAF Min"": null, ""BAF Max"": null}",reported_database_value,30902.954325135954,30902.95432513595,4.490000000000001,True,True,True,True,database_traced_primary_not_verified,False,unverified_primary_table,,Original-paper numerical cell not verified
BIO_6806,6806,BAF,CMP_ba6c40d3726d16919ab2,Zhou 2012,10.1007/s00128-012-0745-1,data/raw/ITRC_aquatic.xlsx,bfc24df5dbd2d21341a9580e5053f7a7b89c1ddea1ebe75c55407f4cee27a54d,BCF-BAF Database,1214,K1214;I1214;J1214,"{""BAF"": 4265.79518801593, ""BAF Min"": null, ""BAF Max"": null}",reported_database_value,4265.79518801593,4265.79518801593,3.63,True,True,True,True,database_traced_primary_not_verified,False,unverified_primary_table,,Original-paper numerical cell not verified
BIO_6807,6807,BAF,CMP_cfdde373a2a8c04668f0,Zhou 2012,10.1007/s00128-012-0745-1,data/raw/ITRC_aquatic.xlsx,bfc24df5dbd2d21341a9580e5053f7a7b89c1ddea1ebe75c55407f4cee27a54d,BCF-BAF Database,1215,K1215;I1215;J1215,"{""BAF"": 15848.931924611146, ""BAF Min"": null, ""BAF Max"": 4.2}",reported_database_value,15848.931924611146,15848.93192461115,4.2,True,True,True,True,database_traced_primary_not_verified,False,unverified_primary_table,,Original-paper numerical cell not verified
BIO_6808,6808,BAF,CMP_d645aa79f55e85d0da2e,Zhou 2012,10.1007/s00128-012-0745-1,data/raw/ITRC_aquatic.xlsx,bfc24df5dbd2d21341a9580e5053f7a7b89c1ddea1ebe75c55407f4cee27a54d,BCF-BAF Database,1216,K1216;I1216;J1216,"{""BAF"": 9120.108393559109, ""BAF Min"": null, ""BAF Max"": null}",reported_database_value,9120.108393559109,9120.108393559109,3.96,True,True,True,True,database_traced_primary_not_verified,False,unverified_primary_table,,Original-paper numerical cell not verified
BIO_6809,6809,BAF,CMP_d156c7f61581a866704b,Zhou 2012,10.1007/s00128-012-0745-1,data/raw/ITRC_aquatic.xlsx,bfc24df5dbd2d21341a9580e5053f7a7b89c1ddea1ebe75c55407f4cee27a54d,BCF-BAF Database,1217,K1217;I1217;J1217,"{""BAF"": 316.22776601683825, ""BAF Min"": null, ""BAF Max"": null}",reported_database_value,316.22776601683825,316.2277660168382,2.5000000000000004,True,True,True,True,database_traced_primary_not_verified,False,unverified_primary_table,,Original-paper numerical cell not verified
BIO_6810,6810,BAF,CMP_8e58943e0a19095fb6f4,Zhou 2012,10.1007/s00128-012-0745-1,data/raw/ITRC_aquatic.xlsx,bfc24df5dbd2d21341a9580e5053f7a7b89c1ddea1ebe75c55407f4cee27a54d,BCF-BAF Database,1218,K1218;I1218;J1218,"{""BAF"": 9549.92586021437, ""BAF Min"": null, ""BAF Max"": null}",reported_database_value,9549.92586021437,9549.92586021437,3.98,True,True,True,True,database_traced_primary_not_verified,False,unverified_primary_table,,Original-paper numerical cell not verified
BIO_6811,6811,BAF,CMP_5bc76544fcbe477197d1,Zhou 2012,10.1007/s00128-012-0745-1,data/raw/ITRC_aquatic.xlsx,bfc24df5dbd2d21341a9580e5053f7a7b89c1ddea1ebe75c55407f4cee27a54d,BCF-BAF Database,1219,K1219;I1219;J1219,"{""BAF"": 18620.871366628675, ""BAF Min"": null, ""BAF Max"": null}",reported_database_value,18620.871366628675,18620.87136662867,4.27,True,True,True,True,database_traced_primary_not_verified,False,unverified_primary_table,,Original-paper numerical cell not verified
BIO_6812,6812,BAF,CMP_ba6c40d3726d16919ab2,Zhou 2012,10.1007/s00128-012-0745-1,data/raw/ITRC_aquatic.xlsx,bfc24df5dbd2d21341a9580e5053f7a7b89c1ddea1ebe75c55407f4cee27a54d,BCF-BAF Database,1220,K1220;I1220;J1220,"{""BAF"": 218.77616239495524, ""BAF Min"": null, ""BAF Max"": null}",reported_database_value,218.77616239495524,218.7761623949552,2.34,True,True,True,True,database_traced_primary_not_verified,False,unverified_primary_table,,Original-paper numerical cell not verified
BIO_6813,6813,BAF,CMP_cfdde373a2a8c04668f0,Zhou 2012,10.1007/s00128-012-0745-1,data/raw/ITRC_aquatic.xlsx,bfc24df5dbd2d21341a9580e5053f7a7b89c1ddea1ebe75c55407f4cee27a54d,BCF-BAF Database,1221,K1221;I1221;J1221,"{""BAF"": 8317.63771102671, ""BAF Min"": null, ""BAF Max"": 3.92}",reported_database_value,8317.63771102671,8317.63771102671,3.92,True,True,True,True,database_traced_primary_not_verified,False,unverified_primary_table,,Original-paper numerical cell not verified
BIO_6814,6814,BAF,CMP_d645aa79f55e85d0da2e,Zhou 2012,10.1007/s00128-012-0745-1,data/raw/ITRC_aquatic.xlsx,bfc24df5dbd2d21341a9580e5053f7a7b89c1ddea1ebe75c55407f4cee27a54d,BCF-BAF Database,1222,K1222;I1222;J1222,"{""BAF"": 3235.9365692962833, ""BAF Min"": null, ""BAF Max"": null}",reported_database_value,3235.9365692962833,3235.936569296283,3.51,True,True,True,True,database_traced_primary_not_verified,False,unverified_primary_table,,Original-paper numerical cell not verified
BIO_6815,6815,BAF,CMP_d156c7f61581a866704b,Zhou 2012,10.1007/s00128-012-0745-1,data/raw/ITRC_aquatic.xlsx,bfc24df5dbd2d21341a9580e5053f7a7b89c1ddea1ebe75c55407f4cee27a54d,BCF-BAF Database,1223,K1223;I1223;J1223,"{""BAF"": 4073.8027780411317, ""BAF Min"": null, ""BAF Max"": null}",reported_database_value,4073.8027780411317,4073.802778041132,3.6100000000000008,True,True,True,True,database_traced_primary_not_verified,False,unverified_primary_table,,Original-paper numerical cell not verified
BIO_6816,6816,BAF,CMP_8e58943e0a19095fb6f4,Zhou 2012,10.1007/s00128-012-0745-1,data/raw/ITRC_aquatic.xlsx,bfc24df5dbd2d21341a9580e5053f7a7b89c1ddea1ebe75c55407f4cee27a54d,BCF-BAF Database,1224,K1224;I1224;J1224,"{""BAF"": 4466.835921509634, ""BAF Min"": null, ""BAF Max"": null}",reported_database_value,4466.835921509634,4466.835921509634,3.65,True,True,True,True,database_traced_primary_not_verified,False,unverified_primary_table,,Original-paper numerical cell not verified
BIO_6817,6817,BAF,CMP_5bc76544fcbe477197d1,Zhou 2012,10.1007/s00128-012-0745-1,data/raw/ITRC_aquatic.xlsx,bfc24df5dbd2d21341a9580e5053f7a7b89c1ddea1ebe75c55407f4cee27a54d,BCF-BAF Database,1225,K1225;I1225;J1225,"{""BAF"": 56234.13251903495, ""BAF Min"": null, ""BAF Max"": null}",reported_database_value,56234.13251903495,56234.13251903495,4.75,True,True,True,True,database_traced_primary_not_verified,False,unverified_primary_table,,Original-paper numerical cell not verified
BIO_6818,6818,BAF,CMP_ba6c40d3726d16919ab2,Zhou 2012,10.1007/s00128-012-0745-1,data/raw/ITRC_aquatic.xlsx,bfc24df5dbd2d21341a9580e5053f7a7b89c1ddea1ebe75c55407f4cee27a54d,BCF-BAF Database,1226,K1226;I1226;J1226,"{""BAF"": 28840.315031266062, ""BAF Min"": null, ""BAF Max"": null}",reported_database_value,28840.315031266062,28840.31503126606,4.46,True,True,True,True,database_traced_primary_not_verified,False,unverified_primary_table,,Original-paper numerical cell not verified
BIO_6819,6819,BAF,CMP_cfdde373a2a8c04668f0,Zhou 2012,10.1007/s00128-012-0745-1,data/raw/ITRC_aquatic.xlsx,bfc24df5dbd2d21341a9580e5053f7a7b89c1ddea1ebe75c55407f4cee27a54d,BCF-BAF Database,1227,K1227;I1227;J1227,"{""BAF"": 8128.305161641007, ""BAF Min"": null, ""BAF Max"": 3.91}",reported_database_value,8128.305161641007,8128.305161641007,3.9100000000000006,True,True,True,True,database_traced_primary_not_verified,False,unverified_primary_table,,Original-paper numerical cell not verified
BIO_6820,6820,BAF,CMP_d645aa79f55e85d0da2e,Zhou 2012,10.1007/s00128-012-0745-1,data/raw/ITRC_aquatic.xlsx,bfc24df5dbd2d21341a9580e5053f7a7b89c1ddea1ebe75c55407f4cee27a54d,BCF-BAF Database,1228,K1228;I1228;J1228,"{""BAF"": 218.77616239495524, ""BAF Min"": null, ""BAF Max"": null}",reported_database_value,218.77616239495524,218.7761623949552,2.34,True,True,True,True,database_traced_primary_not_verified,False,unverified_primary_table,,Original-paper numerical cell not verified
BIO_6821,6821,BAF,CMP_d156c7f61581a866704b,Zhou 2012,10.1007/s00128-012-0745-1,data/raw/ITRC_aquatic.xlsx,bfc24df5dbd2d21341a9580e5053f7a7b89c1ddea1ebe75c55407f4cee27a54d,BCF-BAF Database,1229,K1229;I1229;J1229,"{""BAF"": 602.5595860743578, ""BAF Min"": null, ""BAF Max"": null}",reported_database_value,602.5595860743578,602.5595860743578,2.78,True,True,True,True,database_traced_primary_not_verified,False,unverified_primary_table,,Original-paper numerical cell not verified
BIO_6822,6822,BAF,CMP_8e58943e0a19095fb6f4,Zhou 2012,10.1007/s00128-012-0745-1,data/raw/ITRC_aquatic.xlsx,bfc24df5dbd2d21341a9580e5053f7a7b89c1ddea1ebe75c55407f4cee27a54d,BCF-BAF Database,1230,K1230;I1230;J1230,"{""BAF"": 6025.595860743585, ""BAF Min"": null, ""BAF Max"": null}",reported_database_value,6025.595860743585,6025.595860743585,3.7800000000000007,True,True,True,True,database_traced_primary_not_verified,False,unverified_primary_table,,Original-paper numerical cell not verified
BIO_6823,6823,BAF,CMP_5bc76544fcbe477197d1,Zhou 2012,10.1007/s00128-012-0745-1,data/raw/ITRC_aquatic.xlsx,bfc24df5dbd2d21341a9580e5053f7a7b89c1ddea1ebe75c55407f4cee27a54d,BCF-BAF Database,1231,K1231;I1231;J1231,"{""BAF"": 69183.09709189365, ""BAF Min"": null, ""BAF Max"": null}",reported_database_value,69183.09709189365,69183.09709189365,4.84,True,True,True,True,database_traced_primary_not_verified,False,unverified_primary_table,,Original-paper numerical cell not verified
BIO_6824,6824,BAF,CMP_ba6c40d3726d16919ab2,Zhou 2012,10.1007/s00128-012-0745-1,data/raw/ITRC_aquatic.xlsx,bfc24df5dbd2d21341a9580e5053f7a7b89c1ddea1ebe75c55407f4cee27a54d,BCF-BAF Database,1232,K1232;I1232;J1232,"{""BAF"": 16595.869074375616, ""BAF Min"": null, ""BAF Max"": null}",reported_database_value,16595.869074375616,16595.86907437562,4.220000000000001,True,True,True,True,database_traced_primary_not_verified,False,unverified_primary_table,,Original-paper numerical cell not verified
BIO_6825,6825,BAF,CMP_cfdde373a2a8c04668f0,Zhou 2012,10.1007/s00128-012-0745-1,data/raw/ITRC_aquatic.xlsx,bfc24df5dbd2d21341a9580e5053f7a7b89c1ddea1ebe75c55407f4cee27a54d,BCF-BAF Database,1233,K1233;I1233;J1233,"{""BAF"": 9549.92586021437, ""BAF Min"": null, ""BAF Max"": 3.98}",reported_database_value,9549.92586021437,9549.92586021437,3.98,True,True,True,True,database_traced_primary_not_verified,False,unverified_primary_table,,Original-paper numerical cell not verified
BIO_6826,6826,BAF,CMP_d645aa79f55e85d0da2e,Zhou 2012,10.1007/s00128-012-0745-1,data/raw/ITRC_aquatic.xlsx,bfc24df5dbd2d21341a9580e5053f7a7b89c1ddea1ebe75c55407f4cee27a54d,BCF-BAF Database,1234,K1234;I1234;J1234,"{""BAF"": 389.04514499428063, ""BAF Min"": null, ""BAF Max"": 2.59}",reported_database_value,389.04514499428063,389.0451449942806,2.59,True,True,True,True,database_traced_primary_not_verified,False,unverified_primary_table,,Original-paper numerical cell not verified
BIO_6827,6827,BAF,CMP_d156c7f61581a866704b,Zhou 2012,10.1007/s00128-012-0745-1,data/raw/ITRC_aquatic.xlsx,bfc24df5dbd2d21341a9580e5053f7a7b89c1ddea1ebe75c55407f4cee27a54d,BCF-BAF Database,1235,K1235;I1235;J1235,"{""BAF"": 58.88436553555895, ""BAF Min"": null, ""BAF Max"": 1.77}",reported_database_value,58.88436553555895,58.88436553555895,1.7700000000000005,True,True,True,True,database_traced_primary_not_verified,False,unverified_primary_table,,Original-paper numerical cell not verified
BIO_6828,6828,BAF,CMP_8e58943e0a19095fb6f4,Zhou 2012,10.1007/s00128-012-0745-1,data/raw/ITRC_aquatic.xlsx,bfc24df5dbd2d21341a9580e5053f7a7b89c1ddea1ebe75c55407f4cee27a54d,BCF-BAF Database,1236,K1236;I1236;J1236,"{""BAF"": 301.9951720402017, ""BAF Min"": null, ""BAF Max"": 2.48}",reported_database_value,301.9951720402017,301.9951720402017,2.48,True,True,True,True,database_traced_primary_not_verified,False,unverified_primary_table,,Original-paper numerical cell not verified
BIO_6829,6829,BAF,CMP_5bc76544fcbe477197d1,Zhou 2012,10.1007/s00128-012-0745-1,data/raw/ITRC_aquatic.xlsx,bfc24df5dbd2d21341a9580e5053f7a7b89c1ddea1ebe75c55407f4cee27a54d,BCF-BAF Database,1237,K1237;I1237;J1237,"{""BAF"": 1230.2687708123824, ""BAF Min"": null, ""BAF Max"": 3.09}",reported_database_value,1230.2687708123824,1230.268770812382,3.0900000000000003,True,True,True,True,database_traced_primary_not_verified,False,unverified_primary_table,,Original-paper numerical cell not verified
BIO_6830,6830,BAF,CMP_ba6c40d3726d16919ab2,Zhou 2012,10.1007/s00128-012-0745-1,data/raw/ITRC_aquatic.xlsx,bfc24df5dbd2d21341a9580e5053f7a7b89c1ddea1ebe75c55407f4cee27a54d,BCF-BAF Database,1238,K1238;I1238;J1238,"{""BAF"": 588.8436553555896, ""BAF Min"": null, ""BAF Max"": 2.77}",reported_database_value,588.8436553555896,588.8436553555896,2.7700000000000005,True,True,True,True,database_traced_primary_not_verified,False,unverified_primary_table,,Original-paper numerical cell not verified
BIO_6831,6831,BAF,CMP_cfdde373a2a8c04668f0,Zhou 2012,10.1007/s00128-012-0745-1,data/raw/ITRC_aquatic.xlsx,bfc24df5dbd2d21341a9580e5053f7a7b89c1ddea1ebe75c55407f4cee27a54d,BCF-BAF Database,1239,K1239;I1239;J1239,"{""BAF"": 478.63009232263886, ""BAF Min"": null, ""BAF Max"": 2.68}",reported_database_value,478.63009232263886,478.6300923226389,2.6800000000000006,True,True,True,True,database_traced_primary_not_verified,False,unverified_primary_table,,Original-paper numerical cell not verified
BIO_6832,6832,BAF,CMP_83aa37c8a37d61e51382,Casal 2017,10.1021/acs.est.6b05821,data/raw/ITRC_aquatic.xlsx,bfc24df5dbd2d21341a9580e5053f7a7b89c1ddea1ebe75c55407f4cee27a54d,BCF-BAF Database,1246,K1246;I1246;J1246,"{""BAF"": null, ""BAF Min"": 19.952623149688804, ""BAF Max"": 2511.886431509581}",arithmetic_midpoint_of_reported_range,1265.919527329635,1265.919527329635,3.102406099087748,True,True,True,True,database_traced_primary_not_verified,False,unverified_primary_table,,Original-paper numerical cell not verified
BIO_6835,6835,BAF,CMP_83aa37c8a37d61e51382,Casal 2017,10.1021/acs.est.6b05821,data/raw/ITRC_aquatic.xlsx,bfc24df5dbd2d21341a9580e5053f7a7b89c1ddea1ebe75c55407f4cee27a54d,BCF-BAF Database,1249,K1249;I1249;J1249,"{""BAF"": 6309.573444801938, ""BAF Min"": null, ""BAF Max"": null}",reported_database_value,6309.573444801938,6309.573444801938,3.8,True,True,True,True,database_traced_primary_not_verified,False,unverified_primary_table,,Original-paper numerical cell not verified
BIO_6837,6837,BAF,CMP_cfdde373a2a8c04668f0,Casal 2017,10.1021/acs.est.6b05821,data/raw/ITRC_aquatic.xlsx,bfc24df5dbd2d21341a9580e5053f7a7b89c1ddea1ebe75c55407f4cee27a54d,BCF-BAF Database,1251,K1251;I1251;J1251,"{""BAF"": null, ""BAF Min"": 630.9573444801932, ""BAF Max"": 1995.2623149688804}",arithmetic_midpoint_of_reported_range,1313.109829724537,1313.109829724537,3.118301052402113,True,True,True,True,database_traced_primary_not_verified,False,unverified_primary_table,,Original-paper numerical cell not verified
BIO_6842,6842,BAF,CMP_d645aa79f55e85d0da2e,Casal 2017,10.1021/acs.est.6b05821,data/raw/ITRC_aquatic.xlsx,bfc24df5dbd2d21341a9580e5053f7a7b89c1ddea1ebe75c55407f4cee27a54d,BCF-BAF Database,1256,K1256;I1256;J1256,"{""BAF"": null, ""BAF Min"": 501.1872336272727, ""BAF Max"": 630.9573444801932}",arithmetic_midpoint_of_reported_range,566.0722890537329,566.0722890537329,2.752871895379886,True,True,True,True,database_traced_primary_not_verified,False,unverified_primary_table,,Original-paper numerical cell not verified
BIO_6843,6843,BAF,CMP_a97661d9260d026cb14f,Casal 2017,10.1021/acs.est.6b05821,data/raw/ITRC_aquatic.xlsx,bfc24df5dbd2d21341a9580e5053f7a7b89c1ddea1ebe75c55407f4cee27a54d,BCF-BAF Database,1257,K1257;I1257;J1257,"{""BAF"": null, ""BAF Min"": 1995.2623149688804, ""BAF Max"": 63095.73444801934}",arithmetic_midpoint_of_reported_range,32545.49838149411,32545.49838149411,4.512490926444057,True,True,True,True,database_traced_primary_not_verified,False,unverified_primary_table,,Original-paper numerical cell not verified
BIO_6848,6848,BAF,CMP_d156c7f61581a866704b,Casal 2017,10.1021/acs.est.6b05821,data/raw/ITRC_aquatic.xlsx,bfc24df5dbd2d21341a9580e5053f7a7b89c1ddea1ebe75c55407f4cee27a54d,BCF-BAF Database,1262,K1262;I1262;J1262,"{""BAF"": null, ""BAF Min"": 1258.925411794168, ""BAF Max"": 12589.254117941671}",arithmetic_midpoint_of_reported_range,6924.089764867919,6924.089764867919,3.840362689494244,True,True,True,True,database_traced_primary_not_verified,False,unverified_primary_table,,Original-paper numerical cell not verified
BIO_6853,6853,BAF,CMP_5bc76544fcbe477197d1,Casal 2017,10.1021/acs.est.6b05821,data/raw/ITRC_aquatic.xlsx,bfc24df5dbd2d21341a9580e5053f7a7b89c1ddea1ebe75c55407f4cee27a54d,BCF-BAF Database,1267,K1267;I1267;J1267,"{""BAF"": null, ""BAF Min"": 630.9573444801932, ""BAF Max"": 7943.282347242815}",arithmetic_midpoint_of_reported_range,4287.1198458615045,4287.119845861504,3.6321656243244473,True,True,True,True,database_traced_primary_not_verified,False,unverified_primary_table,,Original-paper numerical cell not verified
BIO_6854,6854,BAF,CMP_5bc76544fcbe477197d1,Casal 2017,10.1021/acs.est.6b05821,data/raw/ITRC_aquatic.xlsx,bfc24df5dbd2d21341a9580e5053f7a7b89c1ddea1ebe75c55407f4cee27a54d,BCF-BAF Database,1268,K1268;I1268;J1268,"{""BAF"": 2511.886431509581, ""BAF Min"": null, ""BAF Max"": null}",reported_database_value,2511.886431509581,2511.886431509581,3.4000000000000004,True,True,True,True,database_traced_primary_not_verified,False,unverified_primary_table,,Original-paper numerical cell not verified
BIO_6855,6855,BAF,CMP_5bc76544fcbe477197d1,Casal 2017,10.1021/acs.est.6b05821,data/raw/ITRC_aquatic.xlsx,bfc24df5dbd2d21341a9580e5053f7a7b89c1ddea1ebe75c55407f4cee27a54d,BCF-BAF Database,1269,K1269;I1269;J1269,"{""BAF"": 6.309573444801934, ""BAF Min"": null, ""BAF Max"": null}",reported_database_value,6.309573444801934,6.309573444801934,0.8000000000000002,True,True,True,True,database_traced_primary_not_verified,False,unverified_primary_table,,Original-paper numerical cell not verified
BIO_6856,6856,BAF,CMP_5bc76544fcbe477197d1,Casal 2017,10.1021/acs.est.6b05821,data/raw/ITRC_aquatic.xlsx,bfc24df5dbd2d21341a9580e5053f7a7b89c1ddea1ebe75c55407f4cee27a54d,BCF-BAF Database,1270,K1270;I1270;J1270,"{""BAF"": 6309.573444801938, ""BAF Min"": null, ""BAF Max"": null}",reported_database_value,6309.573444801938,6309.573444801938,3.8,True,True,True,True,database_traced_primary_not_verified,False,unverified_primary_table,,Original-paper numerical cell not verified
BIO_6857,6857,BCF,CMP_cfdde373a2a8c04668f0,Morikawa 2006,10.1016/j.ecoenv.2005.03.007,data/raw/ITRC_aquatic.xlsx,bfc24df5dbd2d21341a9580e5053f7a7b89c1ddea1ebe75c55407f4cee27a54d,BCF-BAF Database,1271,H1271;F1271;G1271,"{""BCF"": 38000, ""BCF Min"": null, ""BCF Max"": null}",reported_database_value,38000.0,38000.0,4.57978359661681,True,True,True,True,database_traced_primary_not_verified,False,unverified_primary_table,,Original-paper numerical cell not verified
BIO_6858,6858,BCF,CMP_cfdde373a2a8c04668f0,Morikawa 2006,10.1016/j.ecoenv.2005.03.007,data/raw/ITRC_aquatic.xlsx,bfc24df5dbd2d21341a9580e5053f7a7b89c1ddea1ebe75c55407f4cee27a54d,BCF-BAF Database,1272,H1272;F1272;G1272,"{""BCF"": 25000, ""BCF Min"": null, ""BCF Max"": null}",reported_database_value,25000.0,25000.0,4.3979400086720375,True,True,True,True,database_traced_primary_not_verified,False,unverified_primary_table,,Original-paper numerical cell not verified
BIO_6859,6859,BCF,CMP_cfdde373a2a8c04668f0,Morikawa 2006,10.1016/j.ecoenv.2005.03.007,data/raw/ITRC_aquatic.xlsx,bfc24df5dbd2d21341a9580e5053f7a7b89c1ddea1ebe75c55407f4cee27a54d,BCF-BAF Database,1273,H1273;F1273;G1273,"{""BCF"": 11000, ""BCF Min"": null, ""BCF Max"": null}",reported_database_value,11000.0,11000.0,4.041392685158225,True,True,True,True,database_traced_primary_not_verified,False,unverified_primary_table,,Original-paper numerical cell not verified
BIO_6860,6860,BCF,CMP_cfdde373a2a8c04668f0,Morikawa 2006,10.1016/j.ecoenv.2005.03.007,data/raw/ITRC_aquatic.xlsx,bfc24df5dbd2d21341a9580e5053f7a7b89c1ddea1ebe75c55407f4cee27a54d,BCF-BAF Database,1274,H1274;F1274;G1274,"{""BCF"": 10000, ""BCF Min"": null, ""BCF Max"": null}",reported_database_value,10000.0,10000.0,4.0,True,True,True,True,database_traced_primary_not_verified,False,unverified_primary_table,,Original-paper numerical cell not verified
BIO_6861,6861,BCF,CMP_cfdde373a2a8c04668f0,Morikawa 2006,10.1016/j.ecoenv.2005.03.007,data/raw/ITRC_aquatic.xlsx,bfc24df5dbd2d21341a9580e5053f7a7b89c1ddea1ebe75c55407f4cee27a54d,BCF-BAF Database,1275,H1275;F1275;G1275,"{""BCF"": 16000, ""BCF Min"": null, ""BCF Max"": null}",reported_database_value,16000.0,16000.0,4.204119982655925,True,True,True,True,database_traced_primary_not_verified,False,unverified_primary_table,,Original-paper numerical cell not verified
BIO_6862,6862,BCF,CMP_cfdde373a2a8c04668f0,Morikawa 2006,10.1016/j.ecoenv.2005.03.007,data/raw/ITRC_aquatic.xlsx,bfc24df5dbd2d21341a9580e5053f7a7b89c1ddea1ebe75c55407f4cee27a54d,BCF-BAF Database,1276,H1276;F1276;G1276,"{""BCF"": 8000, ""BCF Min"": null, ""BCF Max"": null}",reported_database_value,8000.0,8000.0,3.903089986991944,True,True,True,True,database_traced_primary_not_verified,False,unverified_primary_table,,Original-paper numerical cell not verified
BIO_6866,6866,BCF,CMP_cfdde373a2a8c04668f0,Morikawa 2006,10.1016/j.ecoenv.2005.03.007,data/raw/ITRC_aquatic.xlsx,bfc24df5dbd2d21341a9580e5053f7a7b89c1ddea1ebe75c55407f4cee27a54d,BCF-BAF Database,1280,H1280;F1280;G1280,"{""BCF"": 5000, ""BCF Min"": null, ""BCF Max"": null}",reported_database_value,5000.0,5000.0,3.6989700043360174,True,True,True,True,database_traced_primary_not_verified,False,unverified_primary_table,,Original-paper numerical cell not verified
BIO_6867,6867,BCF,CMP_d156c7f61581a866704b,Morikawa 2006,10.1016/j.ecoenv.2005.03.007,data/raw/ITRC_aquatic.xlsx,bfc24df5dbd2d21341a9580e5053f7a7b89c1ddea1ebe75c55407f4cee27a54d,BCF-BAF Database,1281,H1281;F1281;G1281,"{""BCF"": 1.2, ""BCF Min"": null, ""BCF Max"": null}",reported_database_value,1.2,1.2,0.0791812460476248,True,True,True,True,database_traced_primary_not_verified,False,unverified_primary_table,,Original-paper numerical cell not verified
BIO_6869,6869,BCF,CMP_d156c7f61581a866704b,Morikawa 2006,10.1016/j.ecoenv.2005.03.007,data/raw/ITRC_aquatic.xlsx,bfc24df5dbd2d21341a9580e5053f7a7b89c1ddea1ebe75c55407f4cee27a54d,BCF-BAF Database,1283,H1283;F1283;G1283,"{""BCF"": 0.9, ""BCF Min"": null, ""BCF Max"": null}",reported_database_value,0.9,0.9,-0.0457574905606751,True,True,True,True,database_traced_primary_not_verified,False,unverified_primary_table,,Original-paper numerical cell not verified
BIO_6870,6870,BCF,CMP_d156c7f61581a866704b,Morikawa 2006,10.1016/j.ecoenv.2005.03.007,data/raw/ITRC_aquatic.xlsx,bfc24df5dbd2d21341a9580e5053f7a7b89c1ddea1ebe75c55407f4cee27a54d,BCF-BAF Database,1284,H1284;F1284;G1284,"{""BCF"": 2.9, ""BCF Min"": null, ""BCF Max"": null}",reported_database_value,2.9,2.9,0.4623979978989561,True,True,True,True,database_traced_primary_not_verified,False,unverified_primary_table,,Original-paper numerical cell not verified
BIO_6871,6871,BCF,CMP_d156c7f61581a866704b,Morikawa 2006,10.1016/j.ecoenv.2005.03.007,data/raw/ITRC_aquatic.xlsx,bfc24df5dbd2d21341a9580e5053f7a7b89c1ddea1ebe75c55407f4cee27a54d,BCF-BAF Database,1285,H1285;F1285;G1285,"{""BCF"": 0.8, ""BCF Min"": null, ""BCF Max"": null}",reported_database_value,0.8,0.8,-0.0969100130080563,True,True,True,True,database_traced_primary_not_verified,False,unverified_primary_table,,Original-paper numerical cell not verified
BIO_6872,6872,BCF,CMP_d156c7f61581a866704b,Morikawa 2006,10.1016/j.ecoenv.2005.03.007,data/raw/ITRC_aquatic.xlsx,bfc24df5dbd2d21341a9580e5053f7a7b89c1ddea1ebe75c55407f4cee27a54d,BCF-BAF Database,1286,H1286;F1286;G1286,"{""BCF"": 15.8, ""BCF Min"": null, ""BCF Max"": null}",reported_database_value,15.8,15.8,1.1986570869544226,True,True,True,True,database_traced_primary_not_verified,False,unverified_primary_table,,Original-paper numerical cell not verified
BIO_6873,6873,BCF,CMP_d156c7f61581a866704b,Morikawa 2006,10.1016/j.ecoenv.2005.03.007,data/raw/ITRC_aquatic.xlsx,bfc24df5dbd2d21341a9580e5053f7a7b89c1ddea1ebe75c55407f4cee27a54d,BCF-BAF Database,1287,H1287;F1287;G1287,"{""BCF"": 10, ""BCF Min"": null, ""BCF Max"": null}",reported_database_value,10.0,10.0,1.0,True,True,True,True,database_traced_primary_not_verified,False,unverified_primary_table,,Original-paper numerical cell not verified
BIO_6876,6876,BAF,CMP_1e0abf78953775c0134f,Pan 2021,10.1016/j.jhazmat.2020.123618,data/raw/ITRC_aquatic.xlsx,bfc24df5dbd2d21341a9580e5053f7a7b89c1ddea1ebe75c55407f4cee27a54d,BCF-BAF Database,1290,K1290;I1290;J1290,"{""BAF"": 199.52623149688802, ""BAF Min"": null, ""BAF Max"": null}",reported_database_value,199.52623149688802,199.526231496888,2.3000000000000003,True,True,True,True,primary_located_not_eligible,False,source_summary_verified_censoring_sensitivity,Table S8 row 2 column 3; a bleekeri; PFPeA,Censoring substitutions contribute to published means; per-cell reconstruction unavailable
BIO_6877,6877,BAF,CMP_1e0abf78953775c0134f,Pan 2021,10.1016/j.jhazmat.2020.123618,data/raw/ITRC_aquatic.xlsx,bfc24df5dbd2d21341a9580e5053f7a7b89c1ddea1ebe75c55407f4cee27a54d,BCF-BAF Database,1291,K1291;I1291;J1291,"{""BAF"": 707.9457843841387, ""BAF Min"": null, ""BAF Max"": null}",reported_database_value,707.9457843841387,707.9457843841387,2.8500000000000005,True,True,True,True,primary_located_not_eligible,False,source_summary_verified_censoring_sensitivity,Table S8 row 3 column 3; e rivulatus; PFPeA,Censoring substitutions contribute to published means; per-cell reconstruction unavailable
BIO_6878,6878,BAF,CMP_d156c7f61581a866704b,Pan 2021,10.1016/j.jhazmat.2020.123618,data/raw/ITRC_aquatic.xlsx,bfc24df5dbd2d21341a9580e5053f7a7b89c1ddea1ebe75c55407f4cee27a54d,BCF-BAF Database,1292,K1292;I1292;J1292,"{""BAF"": 269.1534803926918, ""BAF Min"": null, ""BAF Max"": null}",reported_database_value,269.1534803926918,269.1534803926918,2.43,True,True,True,True,primary_located_not_eligible,False,source_summary_verified_censoring_sensitivity,Table S8 row 3 column 4; e rivulatus; PFOA,Censoring substitutions contribute to published means; per-cell reconstruction unavailable
BIO_6879,6879,BAF,CMP_cfdde373a2a8c04668f0,Pan 2021,10.1016/j.jhazmat.2020.123618,data/raw/ITRC_aquatic.xlsx,bfc24df5dbd2d21341a9580e5053f7a7b89c1ddea1ebe75c55407f4cee27a54d,BCF-BAF Database,1293,K1293;I1293;J1293,"{""BAF"": 2238.7211385683418, ""BAF Min"": null, ""BAF Max"": null}",reported_database_value,2238.7211385683418,2238.721138568342,3.3500000000000005,True,True,True,True,primary_located_not_eligible,False,source_summary_verified_censoring_sensitivity,Table S8 row 3 column 6; e rivulatus; PFOS,Censoring substitutions contribute to published means; per-cell reconstruction unavailable
BIO_6880,6880,BAF,CMP_8e58943e0a19095fb6f4,Pan 2021,10.1016/j.jhazmat.2020.123618,data/raw/ITRC_aquatic.xlsx,bfc24df5dbd2d21341a9580e5053f7a7b89c1ddea1ebe75c55407f4cee27a54d,BCF-BAF Database,1294,K1294;I1294;J1294,"{""BAF"": 1096.4781961431863, ""BAF Min"": null, ""BAF Max"": null}",reported_database_value,1096.4781961431863,1096.478196143186,3.0400000000000005,True,True,True,True,primary_located_not_eligible,False,source_summary_verified_censoring_sensitivity,Table S8 row 3 column 5; e rivulatus; PFNA,Censoring substitutions contribute to published means; per-cell reconstruction unavailable
BIO_6881,6881,BAF,CMP_1e0abf78953775c0134f,Pan 2021,10.1016/j.jhazmat.2020.123618,data/raw/ITRC_aquatic.xlsx,bfc24df5dbd2d21341a9580e5053f7a7b89c1ddea1ebe75c55407f4cee27a54d,BCF-BAF Database,1295,K1295;I1295;J1295,"{""BAF"": 1412.5375446227545, ""BAF Min"": null, ""BAF Max"": null}",reported_database_value,1412.5375446227545,1412.537544622754,3.15,True,True,True,True,primary_located_not_eligible,False,source_summary_verified_censoring_sensitivity,Table S8 row 4 column 3; j fasciatus; PFPeA,Censoring substitutions contribute to published means; per-cell reconstruction unavailable
BIO_6882,6882,BAF,CMP_d156c7f61581a866704b,Pan 2021,10.1016/j.jhazmat.2020.123618,data/raw/ITRC_aquatic.xlsx,bfc24df5dbd2d21341a9580e5053f7a7b89c1ddea1ebe75c55407f4cee27a54d,BCF-BAF Database,1296,K1296;I1296;J1296,"{""BAF"": 147.91083881682084, ""BAF Min"": null, ""BAF Max"": null}",reported_database_value,147.91083881682084,147.9108388168208,2.1700000000000004,True,True,True,True,primary_located_not_eligible,False,source_summary_verified_censoring_sensitivity,Table S8 row 4 column 4; j fasciatus; PFOA,Censoring substitutions contribute to published means; per-cell reconstruction unavailable
BIO_6883,6883,BAF,CMP_8e58943e0a19095fb6f4,Pan 2021,10.1016/j.jhazmat.2020.123618,data/raw/ITRC_aquatic.xlsx,bfc24df5dbd2d21341a9580e5053f7a7b89c1ddea1ebe75c55407f4cee27a54d,BCF-BAF Database,1297,K1297;I1297;J1297,"{""BAF"": 1621.8100973589308, ""BAF Min"": null, ""BAF Max"": null}",reported_database_value,1621.8100973589308,1621.810097358931,3.2100000000000004,True,True,True,True,primary_located_not_eligible,False,source_summary_verified_censoring_sensitivity,Table S8 row 4 column 5; j fasciatus; PFNA,Censoring substitutions contribute to published means; per-cell reconstruction unavailable
BIO_6884,6884,BAF,CMP_cfdde373a2a8c04668f0,Pan 2021,10.1016/j.jhazmat.2020.123618,data/raw/ITRC_aquatic.xlsx,bfc24df5dbd2d21341a9580e5053f7a7b89c1ddea1ebe75c55407f4cee27a54d,BCF-BAF Database,1298,K1298;I1298;J1298,"{""BAF"": 16218.10097358931, ""BAF Min"": null, ""BAF Max"": null}",reported_database_value,16218.10097358931,16218.10097358931,4.21,True,True,True,True,primary_located_not_eligible,False,source_summary_verified_censoring_sensitivity,Table S8 row 4 column 6; j fasciatus; PFOS,Censoring substitutions contribute to published means; per-cell reconstruction unavailable
BIO_6885,6885,BAF,CMP_b7e2eb89ae6c3db4e807,Pan 2021,10.1016/j.jhazmat.2020.123618,data/raw/ITRC_aquatic.xlsx,bfc24df5dbd2d21341a9580e5053f7a7b89c1ddea1ebe75c55407f4cee27a54d,BCF-BAF Database,1299,K1299;I1299;J1299,"{""BAF"": 2691.5348039269184, ""BAF Min"": null, ""BAF Max"": null}",reported_database_value,2691.5348039269184,2691.534803926918,3.4300000000000006,True,True,True,True,primary_located_not_eligible,False,source_summary_verified_censoring_sensitivity,Table S8 row 4 column 7; j fasciatus; F-53B,Censoring substitutions contribute to published means; per-cell reconstruction unavailable
BIO_6886,6886,BAF,CMP_1e0abf78953775c0134f,Pan 2021,10.1016/j.jhazmat.2020.123618,data/raw/ITRC_aquatic.xlsx,bfc24df5dbd2d21341a9580e5053f7a7b89c1ddea1ebe75c55407f4cee27a54d,BCF-BAF Database,1300,K1300;I1300;J1300,"{""BAF"": 3019.9517204020176, ""BAF Min"": null, ""BAF Max"": null}",reported_database_value,3019.9517204020176,3019.951720402018,3.4800000000000004,True,True,True,True,primary_located_not_eligible,False,source_summary_verified_censoring_sensitivity,Table S8 row 5 column 3; n nasus; PFPeA,Censoring substitutions contribute to published means; per-cell reconstruction unavailable
BIO_6887,6887,BAF,CMP_d156c7f61581a866704b,Pan 2021,10.1016/j.jhazmat.2020.123618,data/raw/ITRC_aquatic.xlsx,bfc24df5dbd2d21341a9580e5053f7a7b89c1ddea1ebe75c55407f4cee27a54d,BCF-BAF Database,1301,K1301;I1301;J1301,"{""BAF"": 446.6835921509633, ""BAF Min"": null, ""BAF Max"": null}",reported_database_value,446.6835921509633,446.6835921509633,2.6500000000000004,True,True,True,True,primary_located_not_eligible,False,source_summary_verified_censoring_sensitivity,Table S8 row 5 column 4; n nasus; PFOA,Censoring substitutions contribute to published means; per-cell reconstruction unavailable
BIO_6888,6888,BAF,CMP_cfdde373a2a8c04668f0,Pan 2021,10.1016/j.jhazmat.2020.123618,data/raw/ITRC_aquatic.xlsx,bfc24df5dbd2d21341a9580e5053f7a7b89c1ddea1ebe75c55407f4cee27a54d,BCF-BAF Database,1302,K1302;I1302;J1302,"{""BAF"": 2454.708915685034, ""BAF Min"": null, ""BAF Max"": null}",reported_database_value,2454.708915685034,2454.708915685034,3.390000000000001,True,True,True,True,primary_located_not_eligible,False,source_summary_verified_censoring_sensitivity,Table S8 row 5 column 6; n nasus; PFOS,Censoring substitutions contribute to published means; per-cell reconstruction unavailable
BIO_6889,6889,BAF,CMP_1e0abf78953775c0134f,Pan 2021,10.1016/j.jhazmat.2020.123618,data/raw/ITRC_aquatic.xlsx,bfc24df5dbd2d21341a9580e5053f7a7b89c1ddea1ebe75c55407f4cee27a54d,BCF-BAF Database,1303,K1303;I1303;J1303,"{""BAF"": 501.1872336272727, ""BAF Min"": null, ""BAF Max"": null}",reported_database_value,501.1872336272727,501.1872336272727,2.7,True,True,True,True,primary_located_not_eligible,False,source_summary_verified_censoring_sensitivity,Table S8 row 6 column 3; t mysiax; PFPeA,Censoring substitutions contribute to published means; per-cell reconstruction unavailable
BIO_6890,6890,BAF,CMP_d156c7f61581a866704b,Pan 2021,10.1016/j.jhazmat.2020.123618,data/raw/ITRC_aquatic.xlsx,bfc24df5dbd2d21341a9580e5053f7a7b89c1ddea1ebe75c55407f4cee27a54d,BCF-BAF Database,1304,K1304;I1304;J1304,"{""BAF"": 354.81338923357566, ""BAF Min"": null, ""BAF Max"": null}",reported_database_value,354.81338923357566,354.8133892335757,2.5500000000000003,True,True,True,True,primary_located_not_eligible,False,source_summary_verified_censoring_sensitivity,Table S8 row 6 column 4; t mysiax; PFOA,Censoring substitutions contribute to published means; per-cell reconstruction unavailable
BIO_6891,6891,BAF,CMP_8e58943e0a19095fb6f4,Pan 2021,10.1016/j.jhazmat.2020.123618,data/raw/ITRC_aquatic.xlsx,bfc24df5dbd2d21341a9580e5053f7a7b89c1ddea1ebe75c55407f4cee27a54d,BCF-BAF Database,1305,K1305;I1305;J1305,"{""BAF"": 812.8305161640998, ""BAF Min"": null, ""BAF Max"": null}",reported_database_value,812.8305161640998,812.8305161640998,2.91,True,True,True,True,primary_located_not_eligible,False,source_summary_verified_censoring_sensitivity,Table S8 row 6 column 5; t mysiax; PFNA,Censoring substitutions contribute to published means; per-cell reconstruction unavailable
BIO_6892,6892,BAF,CMP_cfdde373a2a8c04668f0,Pan 2021,10.1016/j.jhazmat.2020.123618,data/raw/ITRC_aquatic.xlsx,bfc24df5dbd2d21341a9580e5053f7a7b89c1ddea1ebe75c55407f4cee27a54d,BCF-BAF Database,1306,K1306;I1306;J1306,"{""BAF"": 12302.687708123816, ""BAF Min"": null, ""BAF Max"": null}",reported_database_value,12302.687708123816,12302.68770812382,4.09,True,True,True,True,primary_located_not_eligible,False,source_summary_verified_censoring_sensitivity,Table S8 row 6 column 6; t mysiax; PFOS,Censoring substitutions contribute to published means; per-cell reconstruction unavailable
BIO_6893,6893,BAF,CMP_b7e2eb89ae6c3db4e807,Pan 2021,10.1016/j.jhazmat.2020.123618,data/raw/ITRC_aquatic.xlsx,bfc24df5dbd2d21341a9580e5053f7a7b89c1ddea1ebe75c55407f4cee27a54d,BCF-BAF Database,1307,K1307;I1307;J1307,"{""BAF"": 2691.5348039269184, ""BAF Min"": null, ""BAF Max"": null}",reported_database_value,2691.5348039269184,2691.534803926918,3.4300000000000006,True,True,True,True,primary_located_not_eligible,False,source_summary_verified_censoring_sensitivity,Table S8 row 6 column 7; t mysiax; F-53B,Censoring substitutions contribute to published means; per-cell reconstruction unavailable
BIO_6894,6894,BAF,CMP_1e0abf78953775c0134f,Pan 2021,10.1016/j.jhazmat.2020.123618,data/raw/ITRC_aquatic.xlsx,bfc24df5dbd2d21341a9580e5053f7a7b89c1ddea1ebe75c55407f4cee27a54d,BCF-BAF Database,1308,K1308;I1308;J1308,"{""BAF"": 301.9951720402017, ""BAF Min"": null, ""BAF Max"": null}",reported_database_value,301.9951720402017,301.9951720402017,2.48,True,True,True,True,primary_located_not_eligible,False,source_summary_verified_censoring_sensitivity,Table S8 row 7 column 3; u japonicus; PFPeA,Censoring substitutions contribute to published means; per-cell reconstruction unavailable
BIO_6895,6895,BAF,CMP_d156c7f61581a866704b,Pan 2021,10.1016/j.jhazmat.2020.123618,data/raw/ITRC_aquatic.xlsx,bfc24df5dbd2d21341a9580e5053f7a7b89c1ddea1ebe75c55407f4cee27a54d,BCF-BAF Database,1309,K1309;I1309;J1309,"{""BAF"": 147.91083881682084, ""BAF Min"": null, ""BAF Max"": null}",reported_database_value,147.91083881682084,147.9108388168208,2.1700000000000004,True,True,True,True,primary_located_not_eligible,False,source_summary_verified_censoring_sensitivity,Table S8 row 7 column 4; u japonicus; PFOA,Censoring substitutions contribute to published means; per-cell reconstruction unavailable
BIO_6896,6896,BAF,CMP_cfdde373a2a8c04668f0,Pan 2021,10.1016/j.jhazmat.2020.123618,data/raw/ITRC_aquatic.xlsx,bfc24df5dbd2d21341a9580e5053f7a7b89c1ddea1ebe75c55407f4cee27a54d,BCF-BAF Database,1310,K1310;I1310;J1310,"{""BAF"": 12302.687708123816, ""BAF Min"": null, ""BAF Max"": null}",reported_database_value,12302.687708123816,12302.68770812382,4.09,True,True,True,True,primary_located_not_eligible,False,source_summary_verified_censoring_sensitivity,Table S8 row 7 column 6; u japonicus; PFOS,Censoring substitutions contribute to published means; per-cell reconstruction unavailable
BIO_6897,6897,BAF,CMP_1e0abf78953775c0134f,Pan 2021,10.1016/j.jhazmat.2020.123618,data/raw/ITRC_aquatic.xlsx,bfc24df5dbd2d21341a9580e5053f7a7b89c1ddea1ebe75c55407f4cee27a54d,BCF-BAF Database,1311,K1311;I1311;J1311,"{""BAF"": 616.5950018614827, ""BAF Min"": null, ""BAF Max"": null}",reported_database_value,616.5950018614827,616.5950018614827,2.7900000000000005,True,True,True,True,primary_located_not_eligible,False,source_summary_verified_censoring_sensitivity,Table S8 row 8 column 3; d zugei; PFPeA,Censoring substitutions contribute to published means; per-cell reconstruction unavailable
BIO_6898,6898,BAF,CMP_d156c7f61581a866704b,Pan 2021,10.1016/j.jhazmat.2020.123618,data/raw/ITRC_aquatic.xlsx,bfc24df5dbd2d21341a9580e5053f7a7b89c1ddea1ebe75c55407f4cee27a54d,BCF-BAF Database,1312,K1312;I1312;J1312,"{""BAF"": 380.1893963205616, ""BAF Min"": null, ""BAF Max"": null}",reported_database_value,380.1893963205616,380.1893963205616,2.5800000000000005,True,True,True,True,primary_located_not_eligible,False,source_summary_verified_censoring_sensitivity,Table S8 row 8 column 4; d zugei; PFOA,Censoring substitutions contribute to published means; per-cell reconstruction unavailable
BIO_6899,6899,BAF,CMP_8e58943e0a19095fb6f4,Pan 2021,10.1016/j.jhazmat.2020.123618,data/raw/ITRC_aquatic.xlsx,bfc24df5dbd2d21341a9580e5053f7a7b89c1ddea1ebe75c55407f4cee27a54d,BCF-BAF Database,1313,K1313;I1313;J1313,"{""BAF"": 549.5408738576253, ""BAF Min"": null, ""BAF Max"": null}",reported_database_value,549.5408738576253,549.5408738576253,2.7400000000000007,True,True,True,True,primary_located_not_eligible,False,source_summary_verified_censoring_sensitivity,Table S8 row 8 column 5; d zugei; PFNA,Censoring substitutions contribute to published means; per-cell reconstruction unavailable
BIO_6900,6900,BAF,CMP_cfdde373a2a8c04668f0,Pan 2021,10.1016/j.jhazmat.2020.123618,data/raw/ITRC_aquatic.xlsx,bfc24df5dbd2d21341a9580e5053f7a7b89c1ddea1ebe75c55407f4cee27a54d,BCF-BAF Database,1314,K1314;I1314;J1314,"{""BAF"": 2041.7379446695318, ""BAF Min"": null, ""BAF Max"": null}",reported_database_value,2041.7379446695318,2041.737944669532,3.3100000000000005,True,True,True,True,primary_located_not_eligible,False,source_summary_verified_censoring_sensitivity,Table S8 row 8 column 6; d zugei; PFOS,Censoring substitutions contribute to published means; per-cell reconstruction unavailable
BIO_6901,6901,BAF,CMP_1e0abf78953775c0134f,Pan 2021,10.1016/j.jhazmat.2020.123618,data/raw/ITRC_aquatic.xlsx,bfc24df5dbd2d21341a9580e5053f7a7b89c1ddea1ebe75c55407f4cee27a54d,BCF-BAF Database,1315,K1315;I1315;J1315,"{""BAF"": 1380.3842646028863, ""BAF Min"": null, ""BAF Max"": null}",reported_database_value,1380.3842646028863,1380.384264602886,3.140000000000001,True,True,True,True,primary_located_not_eligible,False,source_summary_verified_censoring_sensitivity,Table S8 row 9 column 3; g japonicus; PFPeA,Censoring substitutions contribute to published means; per-cell reconstruction unavailable
BIO_6902,6902,BAF,CMP_d156c7f61581a866704b,Pan 2021,10.1016/j.jhazmat.2020.123618,data/raw/ITRC_aquatic.xlsx,bfc24df5dbd2d21341a9580e5053f7a7b89c1ddea1ebe75c55407f4cee27a54d,BCF-BAF Database,1316,K1316;I1316;J1316,"{""BAF"": 245.4708915685033, ""BAF Min"": null, ""BAF Max"": null}",reported_database_value,245.4708915685033,245.4708915685033,2.390000000000001,True,True,True,True,primary_located_not_eligible,False,source_summary_verified_censoring_sensitivity,Table S8 row 9 column 4; g japonicus; PFOA,Censoring substitutions contribute to published means; per-cell reconstruction unavailable
BIO_6903,6903,BAF,CMP_8e58943e0a19095fb6f4,Pan 2021,10.1016/j.jhazmat.2020.123618,data/raw/ITRC_aquatic.xlsx,bfc24df5dbd2d21341a9580e5053f7a7b89c1ddea1ebe75c55407f4cee27a54d,BCF-BAF Database,1317,K1317;I1317;J1317,"{""BAF"": 389.04514499428063, ""BAF Min"": null, ""BAF Max"": null}",reported_database_value,389.04514499428063,389.0451449942806,2.59,True,True,True,True,primary_located_not_eligible,False,source_summary_verified_censoring_sensitivity,Table S8 row 9 column 5; g japonicus; PFNA,Censoring substitutions contribute to published means; per-cell reconstruction unavailable
BIO_6904,6904,BAF,CMP_cfdde373a2a8c04668f0,Pan 2021,10.1016/j.jhazmat.2020.123618,data/raw/ITRC_aquatic.xlsx,bfc24df5dbd2d21341a9580e5053f7a7b89c1ddea1ebe75c55407f4cee27a54d,BCF-BAF Database,1318,K1318;I1318;J1318,"{""BAF"": 2187.761623949553, ""BAF Min"": null, ""BAF Max"": null}",reported_database_value,2187.761623949553,2187.761623949553,3.34,True,True,True,True,primary_located_not_eligible,False,source_summary_verified_censoring_sensitivity,Table S8 row 9 column 6; g japonicus; PFOS,Censoring substitutions contribute to published means; per-cell reconstruction unavailable
BIO_6905,6905,BAF,CMP_1e0abf78953775c0134f,Pan 2021,10.1016/j.jhazmat.2020.123618,data/raw/ITRC_aquatic.xlsx,bfc24df5dbd2d21341a9580e5053f7a7b89c1ddea1ebe75c55407f4cee27a54d,BCF-BAF Database,1319,K1319;I1319;J1319,"{""BAF"": 812.8305161640998, ""BAF Min"": null, ""BAF Max"": null}",reported_database_value,812.8305161640998,812.8305161640998,2.91,True,True,True,True,primary_located_not_eligible,False,source_summary_verified_censoring_sensitivity,Table S8 row 10 column 3; s jello; PFPeA,Censoring substitutions contribute to published means; per-cell reconstruction unavailable
BIO_6906,6906,BAF,CMP_d156c7f61581a866704b,Pan 2021,10.1016/j.jhazmat.2020.123618,data/raw/ITRC_aquatic.xlsx,bfc24df5dbd2d21341a9580e5053f7a7b89c1ddea1ebe75c55407f4cee27a54d,BCF-BAF Database,1320,K1320;I1320;J1320,"{""BAF"": 218.77616239495524, ""BAF Min"": null, ""BAF Max"": null}",reported_database_value,218.77616239495524,218.7761623949552,2.34,True,True,True,True,primary_located_not_eligible,False,source_summary_verified_censoring_sensitivity,Table S8 row 10 column 4; s jello; PFOA,Censoring substitutions contribute to published means; per-cell reconstruction unavailable
BIO_6907,6907,BAF,CMP_8e58943e0a19095fb6f4,Pan 2021,10.1016/j.jhazmat.2020.123618,data/raw/ITRC_aquatic.xlsx,bfc24df5dbd2d21341a9580e5053f7a7b89c1ddea1ebe75c55407f4cee27a54d,BCF-BAF Database,1321,K1321;I1321;J1321,"{""BAF"": 549.5408738576253, ""BAF Min"": null, ""BAF Max"": null}",reported_database_value,549.5408738576253,549.5408738576253,2.7400000000000007,True,True,True,True,primary_located_not_eligible,False,source_summary_verified_censoring_sensitivity,Table S8 row 10 column 5; s jello; PFNA,Censoring substitutions contribute to published means; per-cell reconstruction unavailable
BIO_6908,6908,BAF,CMP_cfdde373a2a8c04668f0,Pan 2021,10.1016/j.jhazmat.2020.123618,data/raw/ITRC_aquatic.xlsx,bfc24df5dbd2d21341a9580e5053f7a7b89c1ddea1ebe75c55407f4cee27a54d,BCF-BAF Database,1322,K1322;I1322;J1322,"{""BAF"": 6456.5422903465615, ""BAF Min"": null, ""BAF Max"": null}",reported_database_value,6456.5422903465615,6456.542290346561,3.810000000000001,True,True,True,True,primary_located_not_eligible,False,source_summary_verified_censoring_sensitivity,Table S8 row 10 column 6; s jello; PFOS,Censoring substitutions contribute to published means; per-cell reconstruction unavailable
BIO_6909,6909,BAF,CMP_b7e2eb89ae6c3db4e807,Pan 2021,10.1016/j.jhazmat.2020.123618,data/raw/ITRC_aquatic.xlsx,bfc24df5dbd2d21341a9580e5053f7a7b89c1ddea1ebe75c55407f4cee27a54d,BCF-BAF Database,1323,K1323;I1323;J1323,"{""BAF"": 1023.2929922807547, ""BAF Min"": null, ""BAF Max"": null}",reported_database_value,1023.2929922807547,1023.292992280755,3.01,True,True,True,True,primary_located_not_eligible,False,source_summary_verified_censoring_sensitivity,Table S8 row 10 column 7; s jello; F-53B,Censoring substitutions contribute to published means; per-cell reconstruction unavailable
BIO_6910,6910,BAF,CMP_1e0abf78953775c0134f,Pan 2021,10.1016/j.jhazmat.2020.123618,data/raw/ITRC_aquatic.xlsx,bfc24df5dbd2d21341a9580e5053f7a7b89c1ddea1ebe75c55407f4cee27a54d,BCF-BAF Database,1324,K1324;I1324;J1324,"{""BAF"": 724.4359600749902, ""BAF Min"": null, ""BAF Max"": null}",reported_database_value,724.4359600749902,724.4359600749902,2.8600000000000003,True,True,True,True,primary_located_not_eligible,False,source_summary_verified_censoring_sensitivity,Table S8 row 11 column 3; s zunasi; PFPeA,Censoring substitutions contribute to published means; per-cell reconstruction unavailable
BIO_6911,6911,BAF,CMP_d156c7f61581a866704b,Pan 2021,10.1016/j.jhazmat.2020.123618,data/raw/ITRC_aquatic.xlsx,bfc24df5dbd2d21341a9580e5053f7a7b89c1ddea1ebe75c55407f4cee27a54d,BCF-BAF Database,1325,K1325;I1325;J1325,"{""BAF"": 109.6478196143186, ""BAF Min"": null, ""BAF Max"": null}",reported_database_value,109.6478196143186,109.6478196143186,2.0400000000000005,True,True,True,True,primary_located_not_eligible,False,source_summary_verified_censoring_sensitivity,Table S8 row 11 column 4; s zunasi; PFOA,Censoring substitutions contribute to published means; per-cell reconstruction unavailable
BIO_6912,6912,BAF,CMP_8e58943e0a19095fb6f4,Pan 2021,10.1016/j.jhazmat.2020.123618,data/raw/ITRC_aquatic.xlsx,bfc24df5dbd2d21341a9580e5053f7a7b89c1ddea1ebe75c55407f4cee27a54d,BCF-BAF Database,1326,K1326;I1326;J1326,"{""BAF"": 309.02954325135937, ""BAF Min"": null, ""BAF Max"": null}",reported_database_value,309.02954325135937,309.0295432513594,2.4900000000000007,True,True,True,True,primary_located_not_eligible,False,source_summary_verified_censoring_sensitivity,Table S8 row 11 column 5; s zunasi; PFNA,Censoring substitutions contribute to published means; per-cell reconstruction unavailable
BIO_6913,6913,BAF,CMP_cfdde373a2a8c04668f0,Pan 2021,10.1016/j.jhazmat.2020.123618,data/raw/ITRC_aquatic.xlsx,bfc24df5dbd2d21341a9580e5053f7a7b89c1ddea1ebe75c55407f4cee27a54d,BCF-BAF Database,1327,K1327;I1327;J1327,"{""BAF"": 1513.5612484362093, ""BAF Min"": null, ""BAF Max"": null}",reported_database_value,1513.5612484362093,1513.561248436209,3.18,True,True,True,True,primary_located_not_eligible,False,source_summary_verified_censoring_sensitivity,Table S8 row 11 column 6; s zunasi; PFOS,Censoring substitutions contribute to published means; per-cell reconstruction unavailable
BIO_6914,6914,BAF,CMP_1e0abf78953775c0134f,Pan 2021,10.1016/j.jhazmat.2020.123618,data/raw/ITRC_aquatic.xlsx,bfc24df5dbd2d21341a9580e5053f7a7b89c1ddea1ebe75c55407f4cee27a54d,BCF-BAF Database,1328,K1328;I1328;J1328,"{""BAF"": 776.2471166286923, ""BAF Min"": null, ""BAF Max"": null}",reported_database_value,776.2471166286923,776.2471166286923,2.890000000000001,True,True,True,True,primary_located_not_eligible,False,source_summary_verified_censoring_sensitivity,Table S8 row 12 column 3; t alboplumbeus; PFPeA,Censoring substitutions contribute to published means; per-cell reconstruction unavailable
BIO_6915,6915,BAF,CMP_d156c7f61581a866704b,Pan 2021,10.1016/j.jhazmat.2020.123618,data/raw/ITRC_aquatic.xlsx,bfc24df5dbd2d21341a9580e5053f7a7b89c1ddea1ebe75c55407f4cee27a54d,BCF-BAF Database,1329,K1329;I1329;J1329,"{""BAF"": 630.9573444801932, ""BAF Min"": null, ""BAF Max"": null}",reported_database_value,630.9573444801932,630.9573444801932,2.8,True,True,True,True,primary_located_not_eligible,False,source_summary_verified_censoring_sensitivity,Table S8 row 12 column 4; t alboplumbeus; PFOA,Censoring substitutions contribute to published means; per-cell reconstruction unavailable
BIO_6916,6916,BAF,CMP_8e58943e0a19095fb6f4,Pan 2021,10.1016/j.jhazmat.2020.123618,data/raw/ITRC_aquatic.xlsx,bfc24df5dbd2d21341a9580e5053f7a7b89c1ddea1ebe75c55407f4cee27a54d,BCF-BAF Database,1330,K1330;I1330;J1330,"{""BAF"": 549.5408738576253, ""BAF Min"": null, ""BAF Max"": null}",reported_database_value,549.5408738576253,549.5408738576253,2.7400000000000007,True,True,True,True,primary_located_not_eligible,False,source_summary_verified_censoring_sensitivity,Table S8 row 12 column 5; t alboplumbeus; PFNA,Censoring substitutions contribute to published means; per-cell reconstruction unavailable
BIO_6917,6917,BAF,CMP_cfdde373a2a8c04668f0,Pan 2021,10.1016/j.jhazmat.2020.123618,data/raw/ITRC_aquatic.xlsx,bfc24df5dbd2d21341a9580e5053f7a7b89c1ddea1ebe75c55407f4cee27a54d,BCF-BAF Database,1331,K1331;I1331;J1331,"{""BAF"": 1445.4397707459289, ""BAF Min"": null, ""BAF Max"": null}",reported_database_value,1445.4397707459289,1445.439770745929,3.1600000000000006,True,True,True,True,primary_located_not_eligible,False,source_summary_verified_censoring_sensitivity,Table S8 row 12 column 6; t alboplumbeus; PFOS,Censoring substitutions contribute to published means; per-cell reconstruction unavailable
BIO_6918,6918,BAF,CMP_b7e2eb89ae6c3db4e807,Pan 2021,10.1016/j.jhazmat.2020.123618,data/raw/ITRC_aquatic.xlsx,bfc24df5dbd2d21341a9580e5053f7a7b89c1ddea1ebe75c55407f4cee27a54d,BCF-BAF Database,1332,K1332;I1332;J1332,"{""BAF"": 1023.2929922807547, ""BAF Min"": null, ""BAF Max"": null}",reported_database_value,1023.2929922807547,1023.292992280755,3.01,True,True,True,True,primary_located_not_eligible,False,source_summary_verified_censoring_sensitivity,Table S8 row 12 column 7; t alboplumbeus; F-53B,Censoring substitutions contribute to published means; per-cell reconstruction unavailable
BIO_6919,6919,BAF,CMP_1e0abf78953775c0134f,Pan 2021,10.1016/j.jhazmat.2020.123618,data/raw/ITRC_aquatic.xlsx,bfc24df5dbd2d21341a9580e5053f7a7b89c1ddea1ebe75c55407f4cee27a54d,BCF-BAF Database,1333,K1333;I1333;J1333,"{""BAF"": 977.2372209558114, ""BAF Min"": null, ""BAF Max"": null}",reported_database_value,977.2372209558114,977.2372209558114,2.99,True,True,True,True,primary_located_not_eligible,False,source_summary_verified_censoring_sensitivity,Table S8 row 13 column 3; a latus; PFPeA,Censoring substitutions contribute to published means; per-cell reconstruction unavailable
BIO_6920,6920,BAF,CMP_d156c7f61581a866704b,Pan 2021,10.1016/j.jhazmat.2020.123618,data/raw/ITRC_aquatic.xlsx,bfc24df5dbd2d21341a9580e5053f7a7b89c1ddea1ebe75c55407f4cee27a54d,BCF-BAF Database,1334,K1334;I1334;J1334,"{""BAF"": 346.7368504525318, ""BAF Min"": null, ""BAF Max"": null}",reported_database_value,346.7368504525318,346.7368504525318,2.54,True,True,True,True,primary_located_not_eligible,False,source_summary_verified_censoring_sensitivity,Table S8 row 13 column 4; a latus; PFOA,Censoring substitutions contribute to published means; per-cell reconstruction unavailable
BIO_6921,6921,BAF,CMP_8e58943e0a19095fb6f4,Pan 2021,10.1016/j.jhazmat.2020.123618,data/raw/ITRC_aquatic.xlsx,bfc24df5dbd2d21341a9580e5053f7a7b89c1ddea1ebe75c55407f4cee27a54d,BCF-BAF Database,1335,K1335;I1335;J1335,"{""BAF"": 1348.962882591654, ""BAF Min"": null, ""BAF Max"": null}",reported_database_value,1348.962882591654,1348.962882591654,3.1300000000000003,True,True,True,True,primary_located_not_eligible,False,source_summary_verified_censoring_sensitivity,Table S8 row 13 column 5; a latus; PFNA,Censoring substitutions contribute to published means; per-cell reconstruction unavailable
BIO_6922,6922,BAF,CMP_cfdde373a2a8c04668f0,Pan 2021,10.1016/j.jhazmat.2020.123618,data/raw/ITRC_aquatic.xlsx,bfc24df5dbd2d21341a9580e5053f7a7b89c1ddea1ebe75c55407f4cee27a54d,BCF-BAF Database,1336,K1336;I1336;J1336,"{""BAF"": 1000, ""BAF Min"": null, ""BAF Max"": null}",reported_database_value,1000.0,1000.0,3.0,True,True,True,True,primary_located_not_eligible,False,source_summary_verified_censoring_sensitivity,Table S8 row 13 column 6; a latus; PFOS,Censoring substitutions contribute to published means; per-cell reconstruction unavailable
BIO_6923,6923,BAF,CMP_1e0abf78953775c0134f,Pan 2021,10.1016/j.jhazmat.2020.123618,data/raw/ITRC_aquatic.xlsx,bfc24df5dbd2d21341a9580e5053f7a7b89c1ddea1ebe75c55407f4cee27a54d,BCF-BAF Database,1337,K1337;I1337;J1337,"{""BAF"": 524.8074602497729, ""BAF Min"": null, ""BAF Max"": null}",reported_database_value,524.8074602497729,524.8074602497729,2.72,True,True,True,True,primary_located_not_eligible,False,source_summary_verified_censoring_sensitivity,Table S8 row 14 column 3; a schlegelii; PFPeA,Censoring substitutions contribute to published means; per-cell reconstruction unavailable
BIO_6924,6924,BAF,CMP_cfdde373a2a8c04668f0,Pan 2021,10.1016/j.jhazmat.2020.123618,data/raw/ITRC_aquatic.xlsx,bfc24df5dbd2d21341a9580e5053f7a7b89c1ddea1ebe75c55407f4cee27a54d,BCF-BAF Database,1338,K1338;I1338;J1338,"{""BAF"": 1318.256738556409, ""BAF Min"": null, ""BAF Max"": null}",reported_database_value,1318.256738556409,1318.256738556409,3.120000000000001,True,True,True,True,primary_located_not_eligible,False,source_summary_verified_censoring_sensitivity,Table S8 row 14 column 6; a schlegelii; PFOS,Censoring substitutions contribute to published means; per-cell reconstruction unavailable
BIO_6925,6925,BAF,CMP_1e0abf78953775c0134f,Pan 2021,10.1016/j.jhazmat.2020.123618,data/raw/ITRC_aquatic.xlsx,bfc24df5dbd2d21341a9580e5053f7a7b89c1ddea1ebe75c55407f4cee27a54d,BCF-BAF Database,1339,K1339;I1339;J1339,"{""BAF"": 338.8441561392025, ""BAF Min"": null, ""BAF Max"": null}",reported_database_value,338.8441561392025,338.8441561392025,2.53,True,True,True,True,primary_located_not_eligible,False,source_summary_verified_censoring_sensitivity,Table S8 row 15 column 3; g limbatu; PFPeA,Censoring substitutions contribute to published means; per-cell reconstruction unavailable
BIO_6926,6926,BAF,CMP_cfdde373a2a8c04668f0,Pan 2021,10.1016/j.jhazmat.2020.123618,data/raw/ITRC_aquatic.xlsx,bfc24df5dbd2d21341a9580e5053f7a7b89c1ddea1ebe75c55407f4cee27a54d,BCF-BAF Database,1340,K1340;I1340;J1340,"{""BAF"": 1000, ""BAF Min"": null, ""BAF Max"": null}",reported_database_value,1000.0,1000.0,3.0,True,True,True,True,primary_located_not_eligible,False,source_summary_verified_censoring_sensitivity,Table S8 row 15 column 6; g limbatu; PFOS,Censoring substitutions contribute to published means; per-cell reconstruction unavailable
BIO_6927,6927,BAF,CMP_b7e2eb89ae6c3db4e807,Pan 2021,10.1016/j.jhazmat.2020.123618,data/raw/ITRC_aquatic.xlsx,bfc24df5dbd2d21341a9580e5053f7a7b89c1ddea1ebe75c55407f4cee27a54d,BCF-BAF Database,1341,K1341;I1341;J1341,"{""BAF"": 812.8305161640998, ""BAF Min"": null, ""BAF Max"": null}",reported_database_value,812.8305161640998,812.8305161640998,2.91,True,True,True,True,primary_located_not_eligible,False,source_summary_verified_censoring_sensitivity,Table S8 row 15 column 7; g limbatu; F-53B,Censoring substitutions contribute to published means; per-cell reconstruction unavailable
BIO_6928,6928,BAF,CMP_1e0abf78953775c0134f,Pan 2021,10.1016/j.jhazmat.2020.123618,data/raw/ITRC_aquatic.xlsx,bfc24df5dbd2d21341a9580e5053f7a7b89c1ddea1ebe75c55407f4cee27a54d,BCF-BAF Database,1342,K1342;I1342;J1342,"{""BAF"": 371.53522909717265, ""BAF Min"": null, ""BAF Max"": null}",reported_database_value,371.53522909717265,371.5352290971726,2.5700000000000003,True,True,True,True,primary_located_not_eligible,False,source_summary_verified_censoring_sensitivity,Table S8 row 16 column 3; g scaber; PFPeA,Censoring substitutions contribute to published means; per-cell reconstruction unavailable
BIO_6929,6929,BAF,CMP_8e58943e0a19095fb6f4,Pan 2021,10.1016/j.jhazmat.2020.123618,data/raw/ITRC_aquatic.xlsx,bfc24df5dbd2d21341a9580e5053f7a7b89c1ddea1ebe75c55407f4cee27a54d,BCF-BAF Database,1343,K1343;I1343;J1343,"{""BAF"": 794.3282347242821, ""BAF Min"": null, ""BAF Max"": null}",reported_database_value,794.3282347242821,794.3282347242821,2.9000000000000004,True,True,True,True,primary_located_not_eligible,False,source_summary_verified_censoring_sensitivity,Table S8 row 16 column 5; g scaber; PFNA,Censoring substitutions contribute to published means; per-cell reconstruction unavailable
BIO_6930,6930,BAF,CMP_cfdde373a2a8c04668f0,Pan 2021,10.1016/j.jhazmat.2020.123618,data/raw/ITRC_aquatic.xlsx,bfc24df5dbd2d21341a9580e5053f7a7b89c1ddea1ebe75c55407f4cee27a54d,BCF-BAF Database,1344,K1344;I1344;J1344,"{""BAF"": 1047.1285480509, ""BAF Min"": null, ""BAF Max"": null}",reported_database_value,1047.1285480509,1047.1285480509,3.02,True,True,True,True,primary_located_not_eligible,False,source_summary_verified_censoring_sensitivity,Table S8 row 16 column 6; g scaber; PFOS,Censoring substitutions contribute to published means; per-cell reconstruction unavailable
BIO_6931,6931,BAF,CMP_1e0abf78953775c0134f,Pan 2021,10.1016/j.jhazmat.2020.123618,data/raw/ITRC_aquatic.xlsx,bfc24df5dbd2d21341a9580e5053f7a7b89c1ddea1ebe75c55407f4cee27a54d,BCF-BAF Database,1345,K1345;I1345;J1345,"{""BAF"": 977.2372209558114, ""BAF Min"": null, ""BAF Max"": null}",reported_database_value,977.2372209558114,977.2372209558114,2.99,True,True,True,True,primary_located_not_eligible,False,source_summary_verified_censoring_sensitivity,Table S8 row 17 column 3; k punctatus; PFPeA,Censoring substitutions contribute to published means; per-cell reconstruction unavailable
BIO_6932,6932,BAF,CMP_d156c7f61581a866704b,Pan 2021,10.1016/j.jhazmat.2020.123618,data/raw/ITRC_aquatic.xlsx,bfc24df5dbd2d21341a9580e5053f7a7b89c1ddea1ebe75c55407f4cee27a54d,BCF-BAF Database,1346,K1346;I1346;J1346,"{""BAF"": 239.88329190194912, ""BAF Min"": null, ""BAF Max"": null}",reported_database_value,239.88329190194912,239.8832919019491,2.38,True,True,True,True,primary_located_not_eligible,False,source_summary_verified_censoring_sensitivity,Table S8 row 17 column 4; k punctatus; PFOA,Censoring substitutions contribute to published means; per-cell reconstruction unavailable
BIO_6933,6933,BAF,CMP_cfdde373a2a8c04668f0,Pan 2021,10.1016/j.jhazmat.2020.123618,data/raw/ITRC_aquatic.xlsx,bfc24df5dbd2d21341a9580e5053f7a7b89c1ddea1ebe75c55407f4cee27a54d,BCF-BAF Database,1347,K1347;I1347;J1347,"{""BAF"": 1202.2644346174138, ""BAF Min"": null, ""BAF Max"": null}",reported_database_value,1202.2644346174138,1202.264434617414,3.0800000000000005,True,True,True,True,primary_located_not_eligible,False,source_summary_verified_censoring_sensitivity,Table S8 row 17 column 6; k punctatus; PFOS,Censoring substitutions contribute to published means; per-cell reconstruction unavailable
BIO_6934,6934,BAF,CMP_cfdde373a2a8c04668f0,Pan 2021,10.1016/j.jhazmat.2020.123618,data/raw/ITRC_aquatic.xlsx,bfc24df5dbd2d21341a9580e5053f7a7b89c1ddea1ebe75c55407f4cee27a54d,BCF-BAF Database,1348,K1348;I1348;J1348,"{""BAF"": 346.7368504525318, ""BAF Min"": null, ""BAF Max"": null}",reported_database_value,346.7368504525318,346.7368504525318,2.54,True,True,True,True,primary_located_not_eligible,False,source_summary_verified_censoring_sensitivity,Table S8 row 18 column 6; l maculatus; PFOS,Censoring substitutions contribute to published means; per-cell reconstruction unavailable
BIO_6935,6935,BAF,CMP_b7e2eb89ae6c3db4e807,Pan 2021,10.1016/j.jhazmat.2020.123618,data/raw/ITRC_aquatic.xlsx,bfc24df5dbd2d21341a9580e5053f7a7b89c1ddea1ebe75c55407f4cee27a54d,BCF-BAF Database,1349,K1349;I1349;J1349,"{""BAF"": 537.031796370253, ""BAF Min"": null, ""BAF Max"": null}",reported_database_value,537.031796370253,537.031796370253,2.7300000000000004,True,True,True,True,primary_located_not_eligible,False,source_summary_verified_censoring_sensitivity,Table S8 row 18 column 7; l maculatus; F-53B,Censoring substitutions contribute to published means; per-cell reconstruction unavailable
BIO_6936,6936,BAF,CMP_1e0abf78953775c0134f,Pan 2021,10.1016/j.jhazmat.2020.123618,data/raw/ITRC_aquatic.xlsx,bfc24df5dbd2d21341a9580e5053f7a7b89c1ddea1ebe75c55407f4cee27a54d,BCF-BAF Database,1350,K1350;I1350;J1350,"{""BAF"": 446.6835921509633, ""BAF Min"": null, ""BAF Max"": null}",reported_database_value,446.6835921509633,446.6835921509633,2.6500000000000004,True,True,True,True,primary_located_not_eligible,False,source_summary_verified_censoring_sensitivity,Table S8 row 19 column 3; r sarba; PFPeA,Censoring substitutions contribute to published means; per-cell reconstruction unavailable
BIO_6937,6937,BAF,CMP_cfdde373a2a8c04668f0,Pan 2021,10.1016/j.jhazmat.2020.123618,data/raw/ITRC_aquatic.xlsx,bfc24df5dbd2d21341a9580e5053f7a7b89c1ddea1ebe75c55407f4cee27a54d,BCF-BAF Database,1351,K1351;I1351;J1351,"{""BAF"": 436.5158322401662, ""BAF Min"": null, ""BAF Max"": null}",reported_database_value,436.5158322401662,436.5158322401662,2.64,True,True,True,True,primary_located_not_eligible,False,source_summary_verified_censoring_sensitivity,Table S8 row 19 column 6; r sarba; PFOS,Censoring substitutions contribute to published means; per-cell reconstruction unavailable
BIO_6938,6938,BAF,CMP_cfdde373a2a8c04668f0,Pan 2021,10.1016/j.jhazmat.2020.123618,data/raw/ITRC_aquatic.xlsx,bfc24df5dbd2d21341a9580e5053f7a7b89c1ddea1ebe75c55407f4cee27a54d,BCF-BAF Database,1352,K1352;I1352;J1352,"{""BAF"": 1862.0871366628687, ""BAF Min"": null, ""BAF Max"": null}",reported_database_value,1862.0871366628687,1862.087136662869,3.2700000000000005,True,True,True,True,primary_located_not_eligible,False,source_summary_verified_censoring_sensitivity,Table S8 row 20 column 6; s argus; PFOS,Censoring substitutions contribute to published means; per-cell reconstruction unavailable
BIO_6939,6939,BAF,CMP_b7e2eb89ae6c3db4e807,Pan 2021,10.1016/j.jhazmat.2020.123618,data/raw/ITRC_aquatic.xlsx,bfc24df5dbd2d21341a9580e5053f7a7b89c1ddea1ebe75c55407f4cee27a54d,BCF-BAF Database,1353,K1353;I1353;J1353,"{""BAF"": 1348.962882591654, ""BAF Min"": null, ""BAF Max"": null}",reported_database_value,1348.962882591654,1348.962882591654,3.1300000000000003,True,True,True,True,primary_located_not_eligible,False,source_summary_verified_censoring_sensitivity,Table S8 row 20 column 7; s argus; F-53B,Censoring substitutions contribute to published means; per-cell reconstruction unavailable
BIO_6940,6940,BAF,CMP_1e0abf78953775c0134f,Pan 2021,10.1016/j.jhazmat.2020.123618,data/raw/ITRC_aquatic.xlsx,bfc24df5dbd2d21341a9580e5053f7a7b89c1ddea1ebe75c55407f4cee27a54d,BCF-BAF Database,1354,K1354;I1354;J1354,"{""BAF"": 602.5595860743578, ""BAF Min"": null, ""BAF Max"": null}",reported_database_value,602.5595860743578,602.5595860743578,2.78,True,True,True,True,primary_located_not_eligible,False,source_summary_verified_censoring_sensitivity,Table S8 row 21 column 3; t ovaus; PFPeA,Censoring substitutions contribute to published means; per-cell reconstruction unavailable
BIO_6941,6941,BAF,CMP_d156c7f61581a866704b,Pan 2021,10.1016/j.jhazmat.2020.123618,data/raw/ITRC_aquatic.xlsx,bfc24df5dbd2d21341a9580e5053f7a7b89c1ddea1ebe75c55407f4cee27a54d,BCF-BAF Database,1355,K1355;I1355;J1355,"{""BAF"": 1621.8100973589308, ""BAF Min"": null, ""BAF Max"": null}",reported_database_value,1621.8100973589308,1621.810097358931,3.2100000000000004,True,True,True,True,primary_located_not_eligible,False,source_summary_verified_censoring_sensitivity,Table S8 row 21 column 4; t ovaus; PFOA,Censoring substitutions contribute to published means; per-cell reconstruction unavailable
BIO_6942,6942,BAF,CMP_cfdde373a2a8c04668f0,Pan 2021,10.1016/j.jhazmat.2020.123618,data/raw/ITRC_aquatic.xlsx,bfc24df5dbd2d21341a9580e5053f7a7b89c1ddea1ebe75c55407f4cee27a54d,BCF-BAF Database,1356,K1356;I1356;J1356,"{""BAF"": 1737.8008287493772, ""BAF Min"": null, ""BAF Max"": null}",reported_database_value,1737.8008287493772,1737.800828749377,3.24,True,True,True,True,primary_located_not_eligible,False,source_summary_verified_censoring_sensitivity,Table S8 row 21 column 6; t ovaus; PFOS,Censoring substitutions contribute to published means; per-cell reconstruction unavailable
BIO_6943,6943,BAF,CMP_b7e2eb89ae6c3db4e807,Pan 2021,10.1016/j.jhazmat.2020.123618,data/raw/ITRC_aquatic.xlsx,bfc24df5dbd2d21341a9580e5053f7a7b89c1ddea1ebe75c55407f4cee27a54d,BCF-BAF Database,1357,K1357;I1357;J1357,"{""BAF"": 1096.4781961431863, ""BAF Min"": null, ""BAF Max"": null}",reported_database_value,1096.4781961431863,1096.478196143186,3.0400000000000005,True,True,True,True,primary_located_not_eligible,False,source_summary_verified_censoring_sensitivity,Table S8 row 21 column 7; t ovaus; F-53B,Censoring substitutions contribute to published means; per-cell reconstruction unavailable
BIO_6944,6944,BAF,CMP_812738d2ca27e93d42c8,Hung 2020,10.1016/j.marpolbul.2020.111236,data/raw/ITRC_aquatic.xlsx,bfc24df5dbd2d21341a9580e5053f7a7b89c1ddea1ebe75c55407f4cee27a54d,BCF-BAF Database,1358,K1358;I1358;J1358,"{""BAF"": 30922, ""BAF Min"": null, ""BAF Max"": null}",reported_database_value,30922.0,30922.0,4.490267575830813,True,True,True,True,database_traced_primary_not_verified,False,unverified_primary_table,,Original-paper numerical cell not verified
BIO_6945,6945,BAF,CMP_812738d2ca27e93d42c8,Hung 2020,10.1016/j.marpolbul.2020.111236,data/raw/ITRC_aquatic.xlsx,bfc24df5dbd2d21341a9580e5053f7a7b89c1ddea1ebe75c55407f4cee27a54d,BCF-BAF Database,1359,K1359;I1359;J1359,"{""BAF"": 69131, ""BAF Min"": null, ""BAF Max"": null}",reported_database_value,69131.0,69131.0,4.839672839123729,True,True,True,True,database_traced_primary_not_verified,False,unverified_primary_table,,Original-paper numerical cell not verified
BIO_6946,6946,BAF,CMP_522c25b04ddadbb9313f,Hung 2020,10.1016/j.marpolbul.2020.111236,data/raw/ITRC_aquatic.xlsx,bfc24df5dbd2d21341a9580e5053f7a7b89c1ddea1ebe75c55407f4cee27a54d,BCF-BAF Database,1360,K1360;I1360;J1360,"{""BAF"": 110599, ""BAF Min"": null, ""BAF Max"": null}",reported_database_value,110599.0,110599.0,5.043751200237709,True,True,True,True,database_traced_primary_not_verified,False,unverified_primary_table,,Original-paper numerical cell not verified
BIO_6947,6947,BAF,CMP_cfdde373a2a8c04668f0,Hung 2020,10.1016/j.marpolbul.2020.111236,data/raw/ITRC_aquatic.xlsx,bfc24df5dbd2d21341a9580e5053f7a7b89c1ddea1ebe75c55407f4cee27a54d,BCF-BAF Database,1361,K1361;I1361;J1361,"{""BAF"": 101829, ""BAF Min"": null, ""BAF Max"": null}",reported_database_value,101829.0,101829.0,5.007871478849443,True,True,True,True,database_traced_primary_not_verified,False,unverified_primary_table,,Original-paper numerical cell not verified
BIO_6948,6948,BAF,CMP_ba6c40d3726d16919ab2,Hung 2020,10.1016/j.marpolbul.2020.111236,data/raw/ITRC_aquatic.xlsx,bfc24df5dbd2d21341a9580e5053f7a7b89c1ddea1ebe75c55407f4cee27a54d,BCF-BAF Database,1362,K1362;I1362;J1362,"{""BAF"": 307633, ""BAF Min"": null, ""BAF Max"": null}",reported_database_value,307633.0,307633.0,5.488032920691126,True,True,True,True,database_traced_primary_not_verified,False,unverified_primary_table,,Original-paper numerical cell not verified
BIO_6949,6949,BAF,CMP_522c25b04ddadbb9313f,Hung 2020,10.1016/j.marpolbul.2020.111236,data/raw/ITRC_aquatic.xlsx,bfc24df5dbd2d21341a9580e5053f7a7b89c1ddea1ebe75c55407f4cee27a54d,BCF-BAF Database,1363,K1363;I1363;J1363,"{""BAF"": 47937, ""BAF Min"": null, ""BAF Max"": null}",reported_database_value,47937.0,47937.0,4.680670851470404,True,True,True,True,database_traced_primary_not_verified,False,unverified_primary_table,,Original-paper numerical cell not verified
BIO_6950,6950,BAF,CMP_cfdde373a2a8c04668f0,Hung 2020,10.1016/j.marpolbul.2020.111236,data/raw/ITRC_aquatic.xlsx,bfc24df5dbd2d21341a9580e5053f7a7b89c1ddea1ebe75c55407f4cee27a54d,BCF-BAF Database,1364,K1364;I1364;J1364,"{""BAF"": 415416, ""BAF Min"": null, ""BAF Max"": null}",reported_database_value,415416.0,415416.0,5.618483219637433,True,True,True,True,database_traced_primary_not_verified,False,unverified_primary_table,,Original-paper numerical cell not verified
BIO_6954,6954,BAF,CMP_a97661d9260d026cb14f,Munoz 2019,10.1016/j.chemosphere.2019.05.281,data/raw/ITRC_aquatic.xlsx,bfc24df5dbd2d21341a9580e5053f7a7b89c1ddea1ebe75c55407f4cee27a54d,BCF-BAF Database,1368,K1368;I1368;J1368,"{""BAF"": 316.2, ""BAF Min"": null, ""BAF Max"": null}",reported_database_value,316.2,316.2,2.49996186559619,True,True,True,True,database_traced_primary_not_verified,False,unverified_primary_table,,Original-paper numerical cell not verified
BIO_6955,6955,BAF,CMP_d156c7f61581a866704b,Munoz 2019,10.1016/j.chemosphere.2019.05.281,data/raw/ITRC_aquatic.xlsx,bfc24df5dbd2d21341a9580e5053f7a7b89c1ddea1ebe75c55407f4cee27a54d,BCF-BAF Database,1369,K1369;I1369;J1369,"{""BAF"": 316.22776601683825, ""BAF Min"": null, ""BAF Max"": null}",reported_database_value,316.22776601683825,316.2277660168382,2.5000000000000004,True,True,True,True,database_traced_primary_not_verified,False,unverified_primary_table,,Original-paper numerical cell not verified
BIO_6956,6956,BAF,CMP_8e58943e0a19095fb6f4,Munoz 2019,10.1016/j.chemosphere.2019.05.281,data/raw/ITRC_aquatic.xlsx,bfc24df5dbd2d21341a9580e5053f7a7b89c1ddea1ebe75c55407f4cee27a54d,BCF-BAF Database,1370,K1370;I1370;J1370,"{""BAF"": 630.9573444801932, ""BAF Min"": null, ""BAF Max"": null}",reported_database_value,630.9573444801932,630.9573444801932,2.8,True,True,True,True,database_traced_primary_not_verified,False,unverified_primary_table,,Original-paper numerical cell not verified
BIO_6957,6957,BAF,CMP_5bc76544fcbe477197d1,Munoz 2019,10.1016/j.chemosphere.2019.05.281,data/raw/ITRC_aquatic.xlsx,bfc24df5dbd2d21341a9580e5053f7a7b89c1ddea1ebe75c55407f4cee27a54d,BCF-BAF Database,1371,K1371;I1371;J1371,"{""BAF"": 1995.2623149688804, ""BAF Min"": null, ""BAF Max"": null}",reported_database_value,1995.2623149688804,1995.26231496888,3.3000000000000003,True,True,True,True,database_traced_primary_not_verified,False,unverified_primary_table,,Original-paper numerical cell not verified
BIO_6958,6958,BAF,CMP_ba6c40d3726d16919ab2,Munoz 2019,10.1016/j.chemosphere.2019.05.281,data/raw/ITRC_aquatic.xlsx,bfc24df5dbd2d21341a9580e5053f7a7b89c1ddea1ebe75c55407f4cee27a54d,BCF-BAF Database,1372,K1372;I1372;J1372,"{""BAF"": 5011.872336272732, ""BAF Min"": null, ""BAF Max"": null}",reported_database_value,5011.872336272732,5011.872336272732,3.700000000000001,True,True,True,True,database_traced_primary_not_verified,False,unverified_primary_table,,Original-paper numerical cell not verified
BIO_6959,6959,BAF,CMP_83aa37c8a37d61e51382,Munoz 2019,10.1016/j.chemosphere.2019.05.281,data/raw/ITRC_aquatic.xlsx,bfc24df5dbd2d21341a9580e5053f7a7b89c1ddea1ebe75c55407f4cee27a54d,BCF-BAF Database,1373,K1373;I1373;J1373,"{""BAF"": 100, ""BAF Min"": null, ""BAF Max"": null}",reported_database_value,100.0,100.0,2.0,True,True,True,True,database_traced_primary_not_verified,False,unverified_primary_table,,Original-paper numerical cell not verified
BIO_6960,6960,BAF,CMP_c7b49c881e720eb7236c,Munoz 2019,10.1016/j.chemosphere.2019.05.281,data/raw/ITRC_aquatic.xlsx,bfc24df5dbd2d21341a9580e5053f7a7b89c1ddea1ebe75c55407f4cee27a54d,BCF-BAF Database,1374,K1374;I1374;J1374,"{""BAF"": 1258.925411794168, ""BAF Min"": null, ""BAF Max"": null}",reported_database_value,1258.925411794168,1258.925411794168,3.1,True,True,True,True,database_traced_primary_not_verified,False,unverified_primary_table,,Original-paper numerical cell not verified
BIO_6962,6962,BAF,CMP_cfdde373a2a8c04668f0,Munoz 2019,10.1016/j.chemosphere.2019.05.281,data/raw/ITRC_aquatic.xlsx,bfc24df5dbd2d21341a9580e5053f7a7b89c1ddea1ebe75c55407f4cee27a54d,BCF-BAF Database,1376,K1376;I1376;J1376,"{""BAF"": 2511.886431509581, ""BAF Min"": null, ""BAF Max"": null}",reported_database_value,2511.886431509581,2511.886431509581,3.4000000000000004,True,True,True,True,database_traced_primary_not_verified,False,unverified_primary_table,,Original-paper numerical cell not verified
BIO_6963,6963,BAF,CMP_6a78ec62602000d01409,Munoz 2019,10.1016/j.chemosphere.2019.05.281,data/raw/ITRC_aquatic.xlsx,bfc24df5dbd2d21341a9580e5053f7a7b89c1ddea1ebe75c55407f4cee27a54d,BCF-BAF Database,1377,K1377;I1377;J1377,"{""BAF"": 12589.254117941671, ""BAF Min"": null, ""BAF Max"": null}",reported_database_value,12589.254117941671,12589.25411794167,4.1,True,True,True,True,database_traced_primary_not_verified,False,unverified_primary_table,,Original-paper numerical cell not verified
BIO_6964,6964,BAF,CMP_d156c7f61581a866704b,Munoz 2019,10.1016/j.chemosphere.2019.05.281,data/raw/ITRC_aquatic.xlsx,bfc24df5dbd2d21341a9580e5053f7a7b89c1ddea1ebe75c55407f4cee27a54d,BCF-BAF Database,1378,K1378;I1378;J1378,"{""BAF"": 316.22776601683825, ""BAF Min"": null, ""BAF Max"": null}",reported_database_value,316.22776601683825,316.2277660168382,2.5000000000000004,True,True,True,True,database_traced_primary_not_verified,False,unverified_primary_table,,Original-paper numerical cell not verified
BIO_6965,6965,BAF,CMP_8e58943e0a19095fb6f4,Munoz 2019,10.1016/j.chemosphere.2019.05.281,data/raw/ITRC_aquatic.xlsx,bfc24df5dbd2d21341a9580e5053f7a7b89c1ddea1ebe75c55407f4cee27a54d,BCF-BAF Database,1379,K1379;I1379;J1379,"{""BAF"": 794.3282347242821, ""BAF Min"": null, ""BAF Max"": null}",reported_database_value,794.3282347242821,794.3282347242821,2.9000000000000004,True,True,True,True,database_traced_primary_not_verified,False,unverified_primary_table,,Original-paper numerical cell not verified
BIO_6966,6966,BAF,CMP_5bc76544fcbe477197d1,Munoz 2019,10.1016/j.chemosphere.2019.05.281,data/raw/ITRC_aquatic.xlsx,bfc24df5dbd2d21341a9580e5053f7a7b89c1ddea1ebe75c55407f4cee27a54d,BCF-BAF Database,1380,K1380;I1380;J1380,"{""BAF"": 3162.2776601683804, ""BAF Min"": null, ""BAF Max"": null}",reported_database_value,3162.2776601683804,3162.27766016838,3.5,True,True,True,True,database_traced_primary_not_verified,False,unverified_primary_table,,Original-paper numerical cell not verified
BIO_6967,6967,BAF,CMP_ba6c40d3726d16919ab2,Munoz 2019,10.1016/j.chemosphere.2019.05.281,data/raw/ITRC_aquatic.xlsx,bfc24df5dbd2d21341a9580e5053f7a7b89c1ddea1ebe75c55407f4cee27a54d,BCF-BAF Database,1381,K1381;I1381;J1381,"{""BAF"": 5011.872336272732, ""BAF Min"": null, ""BAF Max"": null}",reported_database_value,5011.872336272732,5011.872336272732,3.700000000000001,True,True,True,True,database_traced_primary_not_verified,False,unverified_primary_table,,Original-paper numerical cell not verified
BIO_6968,6968,BAF,CMP_83aa37c8a37d61e51382,Munoz 2019,10.1016/j.chemosphere.2019.05.281,data/raw/ITRC_aquatic.xlsx,bfc24df5dbd2d21341a9580e5053f7a7b89c1ddea1ebe75c55407f4cee27a54d,BCF-BAF Database,1382,K1382;I1382;J1382,"{""BAF"": 79.4328234724282, ""BAF Min"": null, ""BAF Max"": null}",reported_database_value,79.4328234724282,79.4328234724282,1.9000000000000004,True,True,True,True,database_traced_primary_not_verified,False,unverified_primary_table,,Original-paper numerical cell not verified
BIO_6969,6969,BAF,CMP_c7b49c881e720eb7236c,Munoz 2019,10.1016/j.chemosphere.2019.05.281,data/raw/ITRC_aquatic.xlsx,bfc24df5dbd2d21341a9580e5053f7a7b89c1ddea1ebe75c55407f4cee27a54d,BCF-BAF Database,1383,K1383;I1383;J1383,"{""BAF"": 1584.8931924611156, ""BAF Min"": null, ""BAF Max"": null}",reported_database_value,1584.8931924611156,1584.893192461116,3.2000000000000006,True,True,True,True,database_traced_primary_not_verified,False,unverified_primary_table,,Original-paper numerical cell not verified
BIO_6971,6971,BAF,CMP_cfdde373a2a8c04668f0,Munoz 2019,10.1016/j.chemosphere.2019.05.281,data/raw/ITRC_aquatic.xlsx,bfc24df5dbd2d21341a9580e5053f7a7b89c1ddea1ebe75c55407f4cee27a54d,BCF-BAF Database,1385,K1385;I1385;J1385,"{""BAF"": 7943.282347242815, ""BAF Min"": null, ""BAF Max"": null}",reported_database_value,7943.282347242815,7943.282347242815,3.9,True,True,True,True,database_traced_primary_not_verified,False,unverified_primary_table,,Original-paper numerical cell not verified
BIO_6972,6972,BAF,CMP_6a78ec62602000d01409,Munoz 2019,10.1016/j.chemosphere.2019.05.281,data/raw/ITRC_aquatic.xlsx,bfc24df5dbd2d21341a9580e5053f7a7b89c1ddea1ebe75c55407f4cee27a54d,BCF-BAF Database,1386,K1386;I1386;J1386,"{""BAF"": 79432.82347242824, ""BAF Min"": null, ""BAF Max"": null}",reported_database_value,79432.82347242824,79432.82347242824,4.9,True,True,True,True,database_traced_primary_not_verified,False,unverified_primary_table,,Original-paper numerical cell not verified
BIO_6973,6973,BAF,CMP_d156c7f61581a866704b,Munoz 2019,10.1016/j.chemosphere.2019.05.281,data/raw/ITRC_aquatic.xlsx,bfc24df5dbd2d21341a9580e5053f7a7b89c1ddea1ebe75c55407f4cee27a54d,BCF-BAF Database,1387,K1387;I1387;J1387,"{""BAF"": 199.52623149688802, ""BAF Min"": null, ""BAF Max"": null}",reported_database_value,199.52623149688802,199.526231496888,2.3000000000000003,True,True,True,True,database_traced_primary_not_verified,False,unverified_primary_table,,Original-paper numerical cell not verified
BIO_6974,6974,BAF,CMP_8e58943e0a19095fb6f4,Munoz 2019,10.1016/j.chemosphere.2019.05.281,data/raw/ITRC_aquatic.xlsx,bfc24df5dbd2d21341a9580e5053f7a7b89c1ddea1ebe75c55407f4cee27a54d,BCF-BAF Database,1388,K1388;I1388;J1388,"{""BAF"": 794.3282347242821, ""BAF Min"": null, ""BAF Max"": null}",reported_database_value,794.3282347242821,794.3282347242821,2.9000000000000004,True,True,True,True,database_traced_primary_not_verified,False,unverified_primary_table,,Original-paper numerical cell not verified
BIO_6975,6975,BAF,CMP_5bc76544fcbe477197d1,Munoz 2019,10.1016/j.chemosphere.2019.05.281,data/raw/ITRC_aquatic.xlsx,bfc24df5dbd2d21341a9580e5053f7a7b89c1ddea1ebe75c55407f4cee27a54d,BCF-BAF Database,1389,K1389;I1389;J1389,"{""BAF"": 1995.2623149688804, ""BAF Min"": null, ""BAF Max"": null}",reported_database_value,1995.2623149688804,1995.26231496888,3.3000000000000003,True,True,True,True,database_traced_primary_not_verified,False,unverified_primary_table,,Original-paper numerical cell not verified
BIO_6976,6976,BAF,CMP_ba6c40d3726d16919ab2,Munoz 2019,10.1016/j.chemosphere.2019.05.281,data/raw/ITRC_aquatic.xlsx,bfc24df5dbd2d21341a9580e5053f7a7b89c1ddea1ebe75c55407f4cee27a54d,BCF-BAF Database,1390,K1390;I1390;J1390,"{""BAF"": 5011.872336272732, ""BAF Min"": null, ""BAF Max"": null}",reported_database_value,5011.872336272732,5011.872336272732,3.700000000000001,True,True,True,True,database_traced_primary_not_verified,False,unverified_primary_table,,Original-paper numerical cell not verified
BIO_6977,6977,BAF,CMP_83aa37c8a37d61e51382,Munoz 2019,10.1016/j.chemosphere.2019.05.281,data/raw/ITRC_aquatic.xlsx,bfc24df5dbd2d21341a9580e5053f7a7b89c1ddea1ebe75c55407f4cee27a54d,BCF-BAF Database,1391,K1391;I1391;J1391,"{""BAF"": 79.4328234724282, ""BAF Min"": null, ""BAF Max"": null}",reported_database_value,79.4328234724282,79.4328234724282,1.9000000000000004,True,True,True,True,database_traced_primary_not_verified,False,unverified_primary_table,,Original-paper numerical cell not verified
BIO_6978,6978,BAF,CMP_c7b49c881e720eb7236c,Munoz 2019,10.1016/j.chemosphere.2019.05.281,data/raw/ITRC_aquatic.xlsx,bfc24df5dbd2d21341a9580e5053f7a7b89c1ddea1ebe75c55407f4cee27a54d,BCF-BAF Database,1392,K1392;I1392;J1392,"{""BAF"": 794.3282347242821, ""BAF Min"": null, ""BAF Max"": null}",reported_database_value,794.3282347242821,794.3282347242821,2.9000000000000004,True,True,True,True,database_traced_primary_not_verified,False,unverified_primary_table,,Original-paper numerical cell not verified
BIO_6980,6980,BAF,CMP_cfdde373a2a8c04668f0,Munoz 2019,10.1016/j.chemosphere.2019.05.281,data/raw/ITRC_aquatic.xlsx,bfc24df5dbd2d21341a9580e5053f7a7b89c1ddea1ebe75c55407f4cee27a54d,BCF-BAF Database,1394,K1394;I1394;J1394,"{""BAF"": 2511.886431509581, ""BAF Min"": null, ""BAF Max"": null}",reported_database_value,2511.886431509581,2511.886431509581,3.4000000000000004,True,True,True,True,database_traced_primary_not_verified,False,unverified_primary_table,,Original-paper numerical cell not verified
BIO_6981,6981,BAF,CMP_6a78ec62602000d01409,Munoz 2019,10.1016/j.chemosphere.2019.05.281,data/raw/ITRC_aquatic.xlsx,bfc24df5dbd2d21341a9580e5053f7a7b89c1ddea1ebe75c55407f4cee27a54d,BCF-BAF Database,1395,K1395;I1395;J1395,"{""BAF"": 63095.73444801934, ""BAF Min"": null, ""BAF Max"": null}",reported_database_value,63095.73444801934,63095.73444801934,4.8,True,True,True,True,database_traced_primary_not_verified,False,unverified_primary_table,,Original-paper numerical cell not verified
BIO_6982,6982,BAF,CMP_d156c7f61581a866704b,Munoz 2019,10.1016/j.chemosphere.2019.05.281,data/raw/ITRC_aquatic.xlsx,bfc24df5dbd2d21341a9580e5053f7a7b89c1ddea1ebe75c55407f4cee27a54d,BCF-BAF Database,1396,K1396;I1396;J1396,"{""BAF"": 316.22776601683825, ""BAF Min"": null, ""BAF Max"": null}",reported_database_value,316.22776601683825,316.2277660168382,2.5000000000000004,True,True,True,True,database_traced_primary_not_verified,False,unverified_primary_table,,Original-paper numerical cell not verified
BIO_6983,6983,BAF,CMP_8e58943e0a19095fb6f4,Munoz 2019,10.1016/j.chemosphere.2019.05.281,data/raw/ITRC_aquatic.xlsx,bfc24df5dbd2d21341a9580e5053f7a7b89c1ddea1ebe75c55407f4cee27a54d,BCF-BAF Database,1397,K1397;I1397;J1397,"{""BAF"": 5011.872336272732, ""BAF Min"": null, ""BAF Max"": null}",reported_database_value,5011.872336272732,5011.872336272732,3.700000000000001,True,True,True,True,database_traced_primary_not_verified,False,unverified_primary_table,,Original-paper numerical cell not verified
BIO_6984,6984,BAF,CMP_5bc76544fcbe477197d1,Munoz 2019,10.1016/j.chemosphere.2019.05.281,data/raw/ITRC_aquatic.xlsx,bfc24df5dbd2d21341a9580e5053f7a7b89c1ddea1ebe75c55407f4cee27a54d,BCF-BAF Database,1398,K1398;I1398;J1398,"{""BAF"": 10000, ""BAF Min"": null, ""BAF Max"": null}",reported_database_value,10000.0,10000.0,4.0,True,True,True,True,database_traced_primary_not_verified,False,unverified_primary_table,,Original-paper numerical cell not verified
BIO_6985,6985,BAF,CMP_ba6c40d3726d16919ab2,Munoz 2019,10.1016/j.chemosphere.2019.05.281,data/raw/ITRC_aquatic.xlsx,bfc24df5dbd2d21341a9580e5053f7a7b89c1ddea1ebe75c55407f4cee27a54d,BCF-BAF Database,1399,K1399;I1399;J1399,"{""BAF"": 12589.254117941671, ""BAF Min"": null, ""BAF Max"": null}",reported_database_value,12589.254117941671,12589.25411794167,4.1,True,True,True,True,database_traced_primary_not_verified,False,unverified_primary_table,,Original-paper numerical cell not verified
BIO_6986,6986,BAF,CMP_83aa37c8a37d61e51382,Munoz 2019,10.1016/j.chemosphere.2019.05.281,data/raw/ITRC_aquatic.xlsx,bfc24df5dbd2d21341a9580e5053f7a7b89c1ddea1ebe75c55407f4cee27a54d,BCF-BAF Database,1400,K1400;I1400;J1400,"{""BAF"": 251.18864315095806, ""BAF Min"": null, ""BAF Max"": null}",reported_database_value,251.18864315095806,251.1886431509581,2.4000000000000004,True,True,True,True,database_traced_primary_not_verified,False,unverified_primary_table,,Original-paper numerical cell not verified
BIO_6987,6987,BAF,CMP_c7b49c881e720eb7236c,Munoz 2019,10.1016/j.chemosphere.2019.05.281,data/raw/ITRC_aquatic.xlsx,bfc24df5dbd2d21341a9580e5053f7a7b89c1ddea1ebe75c55407f4cee27a54d,BCF-BAF Database,1401,K1401;I1401;J1401,"{""BAF"": 1995.2623149688804, ""BAF Min"": null, ""BAF Max"": null}",reported_database_value,1995.2623149688804,1995.26231496888,3.3000000000000003,True,True,True,True,database_traced_primary_not_verified,False,unverified_primary_table,,Original-paper numerical cell not verified
BIO_6989,6989,BAF,CMP_cfdde373a2a8c04668f0,Munoz 2019,10.1016/j.chemosphere.2019.05.281,data/raw/ITRC_aquatic.xlsx,bfc24df5dbd2d21341a9580e5053f7a7b89c1ddea1ebe75c55407f4cee27a54d,BCF-BAF Database,1403,K1403;I1403;J1403,"{""BAF"": 7943.282347242815, ""BAF Min"": null, ""BAF Max"": null}",reported_database_value,7943.282347242815,7943.282347242815,3.9,True,True,True,True,database_traced_primary_not_verified,False,unverified_primary_table,,Original-paper numerical cell not verified
BIO_6990,6990,BAF,CMP_6a78ec62602000d01409,Munoz 2019,10.1016/j.chemosphere.2019.05.281,data/raw/ITRC_aquatic.xlsx,bfc24df5dbd2d21341a9580e5053f7a7b89c1ddea1ebe75c55407f4cee27a54d,BCF-BAF Database,1404,K1404;I1404;J1404,"{""BAF"": 100000, ""BAF Min"": null, ""BAF Max"": null}",reported_database_value,100000.0,100000.0,5.0,True,True,True,True,database_traced_primary_not_verified,False,unverified_primary_table,,Original-paper numerical cell not verified
