InChIKey,in_strict_PFAS,chem_cf_kingdom_name,chem_cf_superclass_name,chem_cf_class_name,chem_cf_subclass_name,chem_cf_directparent_name,chem_cf_molecularframework
FZENGILVLUJGJX-UHFFFAOYSA-N,False,Organic compounds,Organic nitrogen compounds,Organonitrogen compounds,Oximes,Aldoximes,Aliphatic acyclic compounds
DLFVBJFMPXGRIB-UHFFFAOYSA-N,False,Organic compounds,Organic acids and derivatives,Carboximidic acids and derivatives,Carboximidic acids,Carboximidic acids,Aliphatic acyclic compounds
RZVAJINKPMORJF-UHFFFAOYSA-N,False,Organic compounds,Benzenoids,Phenols,1-hydroxy-2-unsubstituted benzenoids,1-hydroxy-2-unsubstituted benzenoids,Aromatic homomonocyclic compounds
WEVYAHXRMPXWCK-UHFFFAOYSA-N,False,Organic compounds,Organic nitrogen compounds,Organonitrogen compounds,Organic cyanides,Nitriles,Aliphatic acyclic compounds
PXAJQJMDEXJWFB-UHFFFAOYSA-N,False,Organic compounds,Organic nitrogen compounds,Organonitrogen compounds,Oximes,Ketoximes,Aliphatic acyclic compounds
PGRHXDWITVMQBC-UHFFFAOYSA-N,False,Organic compounds,Organoheterocyclic compounds,Pyrans,Pyranones and derivatives,Dihydropyranones,Aliphatic heteromonocyclic compounds
UICBCXONCUFSOI-UHFFFAOYSA-N,False,Organic compounds,Benzenoids,Benzene and substituted derivatives,Phenylhydrazines,Phenylhydrazines,Aromatic homomonocyclic compounds
PWKSKIMOESPYIA-BYPYZUCNSA-N,False,Organic compounds,Organic acids and derivatives,Carboxylic acids and derivatives,"Amino acids, peptides, and analogues",N-acyl-L-alpha-amino acids,Aliphatic acyclic compounds
NUFNQYOELLVIPL-UHFFFAOYSA-N,True,Organic compounds,Benzenoids,Benzene and substituted derivatives,Diphenylethers,Diphenylethers,Aromatic homomonocyclic compounds
HGINCPLSRVDWNT-UHFFFAOYSA-N,False,Organic compounds,Organic oxygen compounds,Organooxygen compounds,Carbonyl compounds,Enals,Aliphatic acyclic compounds
HRPVXLWXLXDGHG-UHFFFAOYSA-N,False,Organic compounds,Organic acids and derivatives,Carboximidic acids and derivatives,Carboximidic acids,Carboximidic acids,Aliphatic acyclic compounds
NLHHRLWOUZZQLW-UHFFFAOYSA-N,False,Organic compounds,Organic nitrogen compounds,Organonitrogen compounds,Organic cyanides,Nitriles,Aliphatic acyclic compounds
QBYJBZPUGVGKQQ-SJJAEHHWSA-N,False,Organic compounds,Organohalogen compounds,Vinyl halides,Vinyl chlorides,Vinyl chlorides,Aliphatic homopolycyclic compounds
POJWUDADGALRAB-UHFFFAOYSA-N,False,Organic compounds,Organoheterocyclic compounds,Azoles,Imidazoles,Imidazoles,Aliphatic heteromonocyclic compounds
XXROGKLTLUQVRX-UHFFFAOYSA-N,False,Organic compounds,Organic oxygen compounds,Organooxygen compounds,Alcohols and polyols,Primary alcohols,Aliphatic acyclic compounds
ZOJBYZNEUISWFT-UHFFFAOYSA-N,False,Organic compounds,Organosulfur compounds,Isothiocyanates,,Isothiocyanates,Aliphatic acyclic compounds
VLZVIIYRNMWPSN-UHFFFAOYSA-N,False,Organic compounds,Benzenoids,Phenols,Nitrophenols,Nitrophenols,Aromatic homomonocyclic compounds
DOPJTDJKZNWLRB-UHFFFAOYSA-N,False,Organic compounds,Benzenoids,Phenols,Nitrophenols,Nitrophenols,Aromatic homomonocyclic compounds
WHODQVWERNSQEO-UHFFFAOYSA-N,False,Organic compounds,Benzenoids,Phenols,Nitrophenols,Nitrophenols,Aromatic homomonocyclic compounds
XOGPDSATLSAZEK-UHFFFAOYSA-N,False,Organic compounds,Benzenoids,Anthracenes,Anthraquinones,2-aminoanthraquinones,Aromatic homopolycyclic compounds
SLXKOJJOQWFEFD-UHFFFAOYSA-N,False,Organic compounds,Lipids and lipid-like molecules,Fatty Acyls,Fatty acids and conjugates,Medium-chain fatty acids,Aliphatic acyclic compounds
KLSJWNVTNUYHDU-UHFFFAOYSA-N,False,Organic compounds,Organoheterocyclic compounds,Azoles,Triazoles,Triazoles,Aromatic heteromonocyclic compounds
NLXLAEXVIDQMFP-UHFFFAOYSA-N,False,Inorganic compounds,Homogeneous non-metal compounds,Other non-metal halides,,Other non-metal halides,
VHUUQVKOLVNVRT-UHFFFAOYSA-N,False,Inorganic compounds,Homogeneous non-metal compounds,Non-metal oxoanionic compounds,Non-metal hydroxides,Non-metal hydroxides,
VIROVYVQCGLCII-UHFFFAOYSA-N,False,Organic compounds,Organoheterocyclic compounds,Diazines,Pyrimidines and pyrimidine derivatives,Pyrimidones,Aliphatic heteromonocyclic compounds
PYHRZPFZZDCOPH-UHFFFAOYSA-N,False,Organic compounds,Benzenoids,Benzene and substituted derivatives,Phenethylamines,Amphetamines and derivatives,
RUVINXPYWBROJD-ONEGZZNKSA-N,False,Organic compounds,Benzenoids,Phenol ethers,Anisoles,Anisoles,Aromatic homomonocyclic compounds
OJYGBLRPYBAHRT-IPQSZEQASA-N,False,Organic compounds,Organic oxygen compounds,Organooxygen compounds,Carbohydrates and carbohydrate conjugates,Monosaccharides,Aliphatic heteropolycyclic compounds
IMHBYKMAHXWHRP-UHFFFAOYSA-N,False,Organic compounds,Benzenoids,Benzene and substituted derivatives,Aniline and substituted anilines,Aniline and substituted anilines,Aromatic heteromonocyclic compounds
PAYRUJLWNCNPSJ-UHFFFAOYSA-N,False,Organic compounds,Benzenoids,Benzene and substituted derivatives,Aniline and substituted anilines,Aniline and substituted anilines,Aromatic homomonocyclic compounds
MMCPOSDMTGQNKG-UHFFFAOYSA-N,False,Organic compounds,Benzenoids,Benzene and substituted derivatives,Aniline and substituted anilines,Aniline and substituted anilines,Aromatic homomonocyclic compounds
RWZYAGGXGHYGMB-UHFFFAOYSA-N,False,Organic compounds,Benzenoids,Benzene and substituted derivatives,Benzoic acids and derivatives,Aminobenzoic acids,Aromatic homomonocyclic compounds
RZVHIXYEVGDQDX-UHFFFAOYSA-N,False,Organic compounds,Benzenoids,Anthracenes,Anthraquinones,Anthraquinones,Aromatic homopolycyclic compounds
YKFRAOGHWKADFJ-UHFFFAOYSA-N,False,Organic compounds,Benzenoids,Benzene and substituted derivatives,Phenylpropanes,Phenylpropanes,Aromatic homomonocyclic compounds
QTLQKAJBUDWPIB-UHFFFAOYSA-N,False,Inorganic compounds,Mixed metal/non-metal compounds,Miscellaneous mixed metal/non-metals,,Miscellaneous mixed metal/non-metals,
CIWBSHSKHKDKBQ-JLAZNSOCSA-N,False,Organic compounds,Organoheterocyclic compounds,Dihydrofurans,Furanones,Butenolides,Aliphatic heteromonocyclic compounds
BSYNRYMUTXBXSQ-UHFFFAOYSA-N,False,Organic compounds,Benzenoids,Benzene and substituted derivatives,Benzoic acids and derivatives,Acylsalicylic acids,Aromatic homomonocyclic compounds
MXWJVTOOROXGIU-UHFFFAOYSA-N,False,Organic compounds,Organoheterocyclic compounds,Triazines,"1,3,5-triazines",Chloro-s-triazines,Aromatic heteromonocyclic compounds
KSCQDDRPFHTIRL-UHFFFAOYSA-N,False,Organic compounds,Benzenoids,Benzene and substituted derivatives,Diphenylmethanes,Diphenylmethanes,Aromatic homomonocyclic compounds
PXIPVTKHYLBLMZ-UHFFFAOYSA-N,False,Inorganic compounds,Mixed metal/non-metal compounds,Alkali metal organides,Alkali metal nitrides,Alkali metal nitrides,
CJJOSEISRRTUQB-UHFFFAOYSA-N,False,Organic compounds,Organoheterocyclic compounds,"Benzo-1,2,3-triazines",Benzotriazine organothiophosphates,Benzotriazine organothiophosphates,Aromatic heteropolycyclic compounds
DMLAVOWQYNRWNQ-UHFFFAOYSA-N,False,Organic compounds,Organoheterocyclic compounds,Azobenzenes,,Azobenzenes,Aromatic homomonocyclic compounds
HFACYLZERDEVSX-UHFFFAOYSA-N,False,Organic compounds,Benzenoids,Benzene and substituted derivatives,Biphenyls and derivatives,Benzidines,Aromatic homomonocyclic compounds
FMMWHPNWAFZXNH-UHFFFAOYSA-N,False,Organic compounds,Benzenoids,Pyrenes,Benzopyrenes,Benzopyrenes,Aromatic homopolycyclic compounds
WXMKPNITSTVMEF-UHFFFAOYSA-M,False,Organic compounds,Benzenoids,Benzene and substituted derivatives,Benzoic acids and derivatives,Benzoic acids,Aromatic homomonocyclic compounds
IANQTJSKSUMEQM-UHFFFAOYSA-N,False,Organic compounds,Organoheterocyclic compounds,Benzofurans,,Benzofurans,Aromatic heteropolycyclic compounds
WPYMKLBDIGXBTP-UHFFFAOYSA-N,False,Organic compounds,Benzenoids,Benzene and substituted derivatives,Benzoic acids and derivatives,Benzoic acids,Aromatic homomonocyclic compounds
AZQWKYJCGOJGHM-UHFFFAOYSA-N,False,Organic compounds,Organic oxygen compounds,Organooxygen compounds,Carbonyl compounds,P-benzoquinones,Aliphatic homomonocyclic compounds
AFZSMODLJJCVPP-UHFFFAOYSA-N,False,Organic compounds,Organoheterocyclic compounds,Benzothiazoles,,Benzothiazoles,Aromatic heteropolycyclic compounds
QRUDEWIWKLJBPS-UHFFFAOYSA-N,False,Organic compounds,Organoheterocyclic compounds,Benzotriazoles,,Benzotriazoles,Aromatic heteropolycyclic compounds
XEMRAKSQROQPBR-UHFFFAOYSA-N,False,Organic compounds,Benzenoids,Benzene and substituted derivatives,,Benzene and substituted derivatives,Aromatic homomonocyclic compounds
QUKGYYKBILRGFE-UHFFFAOYSA-N,False,Organic compounds,Benzenoids,Benzene and substituted derivatives,Benzyloxycarbonyls,Benzyloxycarbonyls,Aromatic homomonocyclic compounds
WVDDGKGOMKODPV-UHFFFAOYSA-N,False,Organic compounds,Benzenoids,Benzene and substituted derivatives,Benzyl alcohols,Benzyl alcohols,Aromatic homomonocyclic compounds
KCXMKQUNVWSEMD-UHFFFAOYSA-N,False,Organic compounds,Benzenoids,Benzene and substituted derivatives,Benzyl halides,Benzyl chlorides,Aromatic homomonocyclic compounds
NCKMMSIFQUPKCK-UHFFFAOYSA-N,False,Organic compounds,Benzenoids,Benzene and substituted derivatives,Diphenylmethanes,Diphenylmethanes,Aromatic homomonocyclic compounds
MDKCFLQDBWCQCV-UHFFFAOYSA-N,False,Organic compounds,Benzenoids,Benzene and substituted derivatives,,Benzene and substituted derivatives,Aromatic homomonocyclic compounds
ABNDFSOIUFLJAH-UHFFFAOYSA-N,False,Organic compounds,Benzenoids,Benzene and substituted derivatives,Benzyl thiocyanates,Benzyl thiocyanates,Aromatic homomonocyclic compounds
KQHXBDOEECKORE-UHFFFAOYSA-L,False,Inorganic compounds,Mixed metal/non-metal compounds,Alkaline earth metal oxoanionic compounds,Alkaline earth metal sulfates,Alkaline earth metal sulfates,
OMFRMAHOUUJSGP-IRHGGOMRSA-N,True,Organic compounds,Benzenoids,Benzene and substituted derivatives,Biphenyls and derivatives,Biphenyls and derivatives,Aromatic homomonocyclic compounds
ZUOUZKKEUPVFJK-UHFFFAOYSA-N,False,Organic compounds,Benzenoids,Benzene and substituted derivatives,Biphenyls and derivatives,Biphenyls and derivatives,Aromatic homomonocyclic compounds
APQHKWPGGHMYKJ-UHFFFAOYSA-N,False,Organic compounds,Organometallic compounds,Organo-post-transition metal compounds,Organotin compounds,Trialkyltins,Aliphatic acyclic compounds
QCFYJCYNJLBDRT-UHFFFAOYSA-N,False,Organic compounds,Organic oxygen compounds,Organooxygen compounds,Ethers,Dialkyl ethers,Aliphatic acyclic compounds
ZNSMNVMLTJELDZ-UHFFFAOYSA-N,False,Organic compounds,Organic oxygen compounds,Organooxygen compounds,Ethers,Dialkyl ethers,Aliphatic acyclic compounds
LVTYICIALWPMFW-UHFFFAOYSA-N,False,Organic compounds,Organic nitrogen compounds,Organonitrogen compounds,Amines,"1,2-aminoalcohols",Aliphatic acyclic compounds
IISBACLAFKSPIT-UHFFFAOYSA-N,False,Organic compounds,Benzenoids,Benzene and substituted derivatives,Diphenylmethanes,Bisphenols,Aromatic homomonocyclic compounds
KGBXLFKZBHKPEV-UHFFFAOYSA-N,False,Inorganic compounds,Mixed metal/non-metal compounds,Miscellaneous mixed metal/non-metals,Miscellaneous metallic oxoanionic compounds,Miscellaneous borates,
FMWLUWPQPKEARP-UHFFFAOYSA-N,False,Organic compounds,Organohalogen compounds,Alkyl halides,Halomethanes,Trihalomethanes,Aliphatic acyclic compounds
DKGAVHZHDRPRBM-UHFFFAOYSA-N,False,Organic compounds,Organic oxygen compounds,Organooxygen compounds,Alcohols and polyols,Tertiary alcohols,Aliphatic acyclic compounds
IRIAEXORFWYRCZ-UHFFFAOYSA-N,False,Organic compounds,Benzenoids,Benzene and substituted derivatives,Benzoic acids and derivatives,Benzoic acid esters,Aromatic homomonocyclic compounds
VFWCMGCRMGJXDK-UHFFFAOYSA-N,False,Organic compounds,Organohalogen compounds,Organochlorides,,Organochlorides,Aliphatic acyclic compounds
OWZPCEFYPSAJFR-UHFFFAOYSA-N,False,Organic compounds,Benzenoids,Phenols,Nitrophenols,Dinitrophenols,Aromatic homomonocyclic compounds
QFOHBWFCKVYLES-UHFFFAOYSA-N,False,Organic compounds,Benzenoids,Benzene and substituted derivatives,Benzoic acids and derivatives,p-Hydroxybenzoic acid alkyl esters,Aromatic homomonocyclic compounds
NLZUEZXRPGMBCV-UHFFFAOYSA-N,False,Organic compounds,Benzenoids,Benzene and substituted derivatives,Phenylpropanes,Phenylpropanes,Aromatic homomonocyclic compounds
BGNXCDMCOKJUMV-UHFFFAOYSA-N,False,Organic compounds,Benzenoids,Benzene and substituted derivatives,Phenylpropanes,Phenylpropanes,Aromatic homomonocyclic compounds
QHPQWRBYOIRBIT-UHFFFAOYSA-N,False,Organic compounds,Benzenoids,Benzene and substituted derivatives,Phenylpropanes,Phenylpropanes,Aromatic homomonocyclic compounds
YEJRWHAVMIAJKC-UHFFFAOYSA-N,False,Organic compounds,Organoheterocyclic compounds,Lactones,Gamma butyrolactones,Gamma butyrolactones,Aliphatic heteromonocyclic compounds
LHQLJMJLROMYRN-UHFFFAOYSA-L,False,Organic compounds,Organic acids and derivatives,Carboxylic acids and derivatives,Carboxylic acids,Carboxylic acids,
YKYOUMDCQGMQQO-UHFFFAOYSA-L,False,Inorganic compounds,Mixed metal/non-metal compounds,Transition metal salts,Transition metal chlorides,Transition metal chlorides,
QCUOBSQYDGUHHT-UHFFFAOYSA-L,False,Inorganic compounds,Mixed metal/non-metal compounds,Transition metal oxoanionic compounds,Transition metal sulfates,Transition metal sulfates,
RYYVLZVUVIJVGH-UHFFFAOYSA-N,False,Organic compounds,Organoheterocyclic compounds,Imidazopyrimidines,Purines and purine derivatives,Xanthines,Aromatic heteropolycyclic compounds
UXVMQQNJUSDDNG-UHFFFAOYSA-L,False,Inorganic compounds,Mixed metal/non-metal compounds,Alkaline earth metal salts,Alkaline earth metal chlorides,Alkaline earth metal chlorides,
JBKVHLHDHHXQEQ-UHFFFAOYSA-N,False,Organic compounds,Organoheterocyclic compounds,Lactams,Caprolactams,Caprolactams,Aliphatic heteromonocyclic compounds
YKPUWZUDDOIDPM-SOFGYWHQSA-N,False,Organic compounds,Benzenoids,Phenols,Methoxyphenols,Methoxyphenols,Aromatic homomonocyclic compounds
JHRWWRDRBPCWTF-UHFFFAOYSA-N,False,Organic compounds,Organoheterocyclic compounds,Isoindoles and derivatives,Isoindolines,Isoindolones,Aliphatic heteropolycyclic compounds
XHQYBDSXTDXSHY-UHFFFAOYSA-N,False,Organic compounds,Organic nitrogen compounds,Organonitrogen compounds,Hydrazines and derivatives,Semicarbazides,Aliphatic acyclic compounds
WWXBHTZSYYGCSG-UHFFFAOYSA-N,False,Organic compounds,Benzenoids,Benzene and substituted derivatives,N-phenylureas,N-phenylureas,Aromatic homomonocyclic compounds
CVXBEEMKQHEXEN-UHFFFAOYSA-N,False,Organic compounds,Benzenoids,Naphthalenes,,Naphthalenes,Aromatic homopolycyclic compounds
UJOBWOGCFQCDNV-UHFFFAOYSA-N,False,Organic compounds,Organoheterocyclic compounds,Indoles and derivatives,Carbazoles,Carbazoles,Aromatic heteropolycyclic compounds
DUEPRVBVGDRKAG-UHFFFAOYSA-N,False,Organic compounds,Organoheterocyclic compounds,Coumarans,,Coumarans,Aromatic heteropolycyclic compounds
VZGDMQKNWNREIO-UHFFFAOYSA-N,False,Organic compounds,Organohalogen compounds,Alkyl halides,Halomethanes,Halomethanes,Aliphatic acyclic compounds
YCIMNLLNPGFGHC-UHFFFAOYSA-N,False,Organic compounds,Benzenoids,Phenols,Benzenediols,Catechols,Aromatic homomonocyclic compounds
RNFNDJAIBTYOQL-UHFFFAOYSA-N,False,Organic compounds,Organohalogen compounds,Halohydrins,Chlorohydrins,Chlorohydrins,Aliphatic acyclic compounds
HSSBORCLYSCBJR-UHFFFAOYSA-N,False,Organic compounds,Benzenoids,Benzene and substituted derivatives,Benzoic acids and derivatives,Dichlorobenzoic acids,Aromatic homomonocyclic compounds
JCKYGMPEJWAADB-UHFFFAOYSA-N,False,Organic compounds,Organic nitrogen compounds,Organonitrogen compounds,Nitrogen mustard compounds,Nitrogen mustard compounds,Aromatic homomonocyclic compounds
WIIZWVCIJKGZOK-RKDXNWHRSA-N,False,Organic compounds,Benzenoids,Benzene and substituted derivatives,Nitrobenzenes,Nitrobenzenes,Aromatic homomonocyclic compounds
UGNWTBMOAKPKBL-UHFFFAOYSA-N,False,Organic compounds,Organic oxygen compounds,Organooxygen compounds,Carbonyl compounds,P-benzoquinones,Aliphatic homomonocyclic compounds
BIWJNBZANLAXMG-UHFFFAOYSA-N,False,Organic compounds,Organohalogen compounds,Vinyl halides,Vinyl chlorides,Vinyl chlorides,Aliphatic homopolycyclic compounds
KZBUYRJDOAKODT-UHFFFAOYSA-N,False,Inorganic compounds,Homogeneous non-metal compounds,Homogeneous halogens,,Homogeneous halogens,
YTISFYMPVILQRL-UHFFFAOYSA-N,False,Organic compounds,Benzenoids,Benzene and substituted derivatives,Diphenylethers,Diphenylethers,Aromatic homomonocyclic compounds
VYZAHLCBVHPDDF-UHFFFAOYSA-N,False,Organic compounds,Benzenoids,Benzene and substituted derivatives,Nitrobenzenes,Nitrobenzenes,Aromatic homomonocyclic compounds
OHXAOPZTJOUYKM-UHFFFAOYSA-N,False,Organic compounds,Organohalogen compounds,Organochlorides,,Organochlorides,Aliphatic acyclic compounds
BFCFYVKQTRLZHA-UHFFFAOYSA-N,False,Organic compounds,Benzenoids,Benzene and substituted derivatives,Nitrobenzenes,Nitrobenzenes,Aromatic homomonocyclic compounds
CZGCEKJOLUNIFY-UHFFFAOYSA-N,False,Organic compounds,Benzenoids,Benzene and substituted derivatives,Nitrobenzenes,Nitrobenzenes,Aromatic homomonocyclic compounds
RQKFYFNZSHWXAW-UHFFFAOYSA-N,False,Organic compounds,Benzenoids,Benzene and substituted derivatives,Toluenes,Aminotoluenes,Aromatic homomonocyclic compounds
QSKPIOLLBIHNAC-UHFFFAOYSA-N,False,Organic compounds,Organohalogen compounds,Organochlorides,,Organochlorides,Aliphatic acyclic compounds
IMACFCSSMIZSPP-UHFFFAOYSA-N,False,Organic compounds,Organic oxygen compounds,Organooxygen compounds,Carbonyl compounds,Alkyl-phenylketones,Aromatic homomonocyclic compounds
VMMDOCYDNRLESP-UHFFFAOYSA-N,False,Organic compounds,Organic oxygen compounds,Organooxygen compounds,Carbonyl compounds,Alkyl-phenylketones,Aromatic homomonocyclic compounds
QSNSCYSYFYORTR-UHFFFAOYSA-N,False,Organic compounds,Benzenoids,Benzene and substituted derivatives,Aniline and substituted anilines,Aniline and substituted anilines,Aromatic homomonocyclic compounds
JJNZXLAFIPKXIG-UHFFFAOYSA-N,False,Organic compounds,Benzenoids,Benzene and substituted derivatives,Halobenzenes,Chlorobenzenes,Aromatic homomonocyclic compounds
MVPPADPHJFYWMZ-UHFFFAOYSA-N,False,Organic compounds,Benzenoids,Benzene and substituted derivatives,Halobenzenes,Chlorobenzenes,Aromatic homomonocyclic compounds
RAPBNVDSDCTNRC-UHFFFAOYSA-N,False,Organic compounds,Benzenoids,Benzene and substituted derivatives,Diphenylmethanes,Diphenylmethanes,Aromatic homomonocyclic compounds
GATVIKZLVQHOMN-UHFFFAOYSA-N,False,Organic compounds,Organohalogen compounds,Alkyl halides,Halomethanes,Trihalomethanes,Aliphatic acyclic compounds
HRYZWHHZPQKTII-UHFFFAOYSA-N,False,Organic compounds,Organohalogen compounds,Organochlorides,,Organochlorides,Aliphatic acyclic compounds
UHZZMRAGKVHANO-UHFFFAOYSA-M,False,Organic compounds,Organic nitrogen compounds,Organonitrogen compounds,Quaternary ammonium salts,Tetraalkylammonium salts,Aliphatic acyclic compounds
HEDRZPFGACZZDS-UHFFFAOYSA-N,False,Organic compounds,Organohalogen compounds,Alkyl halides,Halomethanes,Trihalomethanes,Aliphatic acyclic compounds
RZXLPPRPEOUENN-UHFFFAOYSA-N,False,Organic compounds,Benzenoids,Benzene and substituted derivatives,Benzenesulfonic acids and derivatives,Benzenesulfonate esters,Aromatic homomonocyclic compounds
BMLIZLVNXIYGCK-UHFFFAOYSA-N,False,Organic compounds,Benzenoids,Benzene and substituted derivatives,N-phenylureas,N-phenylureas,Aromatic homomonocyclic compounds
QUWSDLYBOVGOCW-UHFFFAOYSA-N,False,Organic compounds,Organosulfur compounds,Thioethers,Aryl thioethers,Diarylthioethers,Aromatic homomonocyclic compounds
LFHISGNCFUNFFM-UHFFFAOYSA-N,False,Organic compounds,Organohalogen compounds,Alkyl halides,Halomethanes,Trihalomethanes,Aliphatic acyclic compounds
CRQQGFGUEAVUIL-UHFFFAOYSA-N,False,Organic compounds,Benzenoids,Benzene and substituted derivatives,Benzonitriles,Benzonitriles,Aromatic homomonocyclic compounds
SGMZJAMFUVOLNK-UHFFFAOYSA-M,False,Organic compounds,Organic nitrogen compounds,Organonitrogen compounds,Quaternary ammonium salts,Cholines,Aliphatic acyclic compounds
WYYQVWLEPYFFLP-UHFFFAOYSA-K,False,Organic compounds,Organic acids and derivatives,Carboxylic acids and derivatives,Carboxylic acids,Carboxylic acids,
QBPFLULOKWLNNW-UHFFFAOYSA-N,False,Organic compounds,Benzenoids,Anthracenes,Anthraquinones,Anthraquinones,Aromatic homopolycyclic compounds
AQIXAKUUQRKLND-UHFFFAOYSA-N,False,Organic compounds,Organoheterocyclic compounds,Azoles,Imidazoles,Imidazoles,Aromatic heteromonocyclic compounds
KRKNYBCHXYNGOX-UHFFFAOYSA-N,False,Organic compounds,Organic acids and derivatives,Carboxylic acids and derivatives,Tricarboxylic acids and derivatives,Tricarboxylic acids and derivatives,Aliphatic acyclic compounds
KNHUKKLJHYUCFP-UHFFFAOYSA-N,False,Organic compounds,Benzenoids,Benzene and substituted derivatives,Phenoxyacetic acid derivatives,Phenoxyacetic acid derivatives,Aromatic homomonocyclic compounds
ZOUQIAGHKFLHIA-UHFFFAOYSA-L,False,Organic compounds,Organic salts,Organic metal salts,Organic transition metal salts,Organic transition metal salts,
YXLXNENXOJSQEI-UHFFFAOYSA-L,False,Organic compounds,Organoheterocyclic compounds,Quinolines and derivatives,,Quinolines and derivatives,
BXNANOICGRISHX-UHFFFAOYSA-N,False,Organic compounds,Phenylpropanoids and polyketides,Coumarins and derivatives,,Coumarins and derivatives,Aromatic heteropolycyclic compounds
ZYGHJZDHTFUPRJ-UHFFFAOYSA-N,False,Organic compounds,Phenylpropanoids and polyketides,Coumarins and derivatives,,Coumarins and derivatives,Aromatic heteropolycyclic compounds
JHIVVAPYMSGYDF-UHFFFAOYSA-N,False,Organic compounds,Organic oxygen compounds,Organooxygen compounds,Carbonyl compounds,Cyclic ketones,Aliphatic homomonocyclic compounds
YGNXYFLJZILPEK-UHFFFAOYSA-N,False,Organic compounds,Organic nitrogen compounds,Organonitrogen compounds,Oximes,Ketoximes,Aliphatic homomonocyclic compounds
CMSMOCZEIVJLDB-UHFFFAOYSA-N,False,Organic compounds,Organic nitrogen compounds,Organonitrogen compounds,Nitrogen mustard compounds,Nitrogen mustard compounds,Aliphatic heteromonocyclic compounds
UWFYSQMTEOIJJG-FDTZYFLXSA-N,False,Organic compounds,Lipids and lipid-like molecules,Steroids and steroid derivatives,Pregnane steroids,"Gluco/mineralocorticoids, progestogins and derivatives",Aliphatic homopolycyclic compounds
NOQGZXFMHARMLW-UHFFFAOYSA-N,False,Organic compounds,Lipids and lipid-like molecules,Fatty Acyls,Fatty acids and conjugates,Straight chain fatty acids,Aliphatic acyclic compounds
JWBOIMRXGHLCPP-UHFFFAOYSA-N,False,Organic compounds,Benzenoids,Benzene and substituted derivatives,Diphenylmethanes,Diphenylmethanes,Aromatic homomonocyclic compounds
AHJKRLASYNVKDZ-UHFFFAOYSA-N,False,Organic compounds,Benzenoids,Benzene and substituted derivatives,Diphenylmethanes,Diphenylmethanes,Aromatic homomonocyclic compounds
UCNVFOCBFJOQAL-UHFFFAOYSA-N,False,Organic compounds,Benzenoids,Benzene and substituted derivatives,Diphenylmethanes,Diphenylmethanes,Aromatic homomonocyclic compounds
YVGGHNCTFXOJCH-UHFFFAOYSA-N,False,Organic compounds,Benzenoids,Benzene and substituted derivatives,Diphenylmethanes,Diphenylmethanes,Aromatic homomonocyclic compounds
WHHGLZMJPXIBIX-UHFFFAOYSA-N,False,Organic compounds,Benzenoids,Benzene and substituted derivatives,Diphenylethers,Bromodiphenyl ethers,Aromatic homomonocyclic compounds
OWZREIFADZCYQD-NSHGMRRFSA-N,False,Organic compounds,Lipids and lipid-like molecules,Fatty Acyls,Fatty acid esters,Pyrethroids,Aromatic homomonocyclic compounds
LINOMUASTDIRTM-QGRHZQQGSA-N,False,Organic compounds,Lipids and lipid-like molecules,Prenol lipids,Sesquiterpenoids,Trichothecenes,Aliphatic heteropolycyclic compounds
UREBDLICKHMUKA-CXSFZGCWSA-N,False,Organic compounds,Lipids and lipid-like molecules,Steroids and steroid derivatives,Hydroxysteroids,21-hydroxysteroids,Aliphatic homopolycyclic compounds
SPANOECCGNXGNR-UHFFFAOYSA-N,False,Organic compounds,Organosulfur compounds,Thiocarbonyl compounds,Thiocarbamic acid derivatives,Thiocarbamic acid derivatives,Aliphatic acyclic compounds
QUDWYFHPNIMBFC-UHFFFAOYSA-N,False,Organic compounds,Benzenoids,Benzene and substituted derivatives,Benzoic acids and derivatives,Benzoic acid esters,Aromatic homomonocyclic compounds
VOZKAJLKRJDJLL-UHFFFAOYSA-N,False,Organic compounds,Benzenoids,Benzene and substituted derivatives,Toluenes,Diaminotoluenes,Aromatic homomonocyclic compounds
AAOVKJBEBIDNHE-UHFFFAOYSA-N,False,Organic compounds,Organoheterocyclic compounds,Benzodiazepines,"1,4-benzodiazepines","1,4-benzodiazepines",Aromatic heteropolycyclic compounds
FHIVAFMUCKRCQO-UHFFFAOYSA-N,False,Organic compounds,Organic acids and derivatives,Organic thiophosphoric acids and derivatives,Thiophosphoric acid esters,Pyrimidinyl phosphorothioates,Aromatic heteromonocyclic compounds
LHRCREOYAASXPZ-UHFFFAOYSA-N,False,Organic compounds,Benzenoids,Phenanthrenes and derivatives,,Phenanthrenes and derivatives,Aromatic homopolycyclic compounds
WBEJYOJJBDISQU-UHFFFAOYSA-N,False,Organic compounds,Organohalogen compounds,Organochlorides,,Organochlorides,Aliphatic acyclic compounds
PAAZPARNPHGIKF-UHFFFAOYSA-N,False,Organic compounds,Organohalogen compounds,Organobromides,,Organobromides,Aliphatic acyclic compounds
JJLKTTCRRLHVGL-UHFFFAOYSA-L,False,Organic compounds,Organic acids and derivatives,Carboxylic acids and derivatives,Carboxylic acids,Carboxylic acids,
PHNUZKMIPFFYSO-UHFFFAOYSA-N,False,Organic compounds,Benzenoids,Benzene and substituted derivatives,Benzoic acids and derivatives,3-halobenzoic acids and derivatives,Aromatic homomonocyclic compounds
SVPKNMBRVBMTLB-UHFFFAOYSA-N,False,Organic compounds,Benzenoids,Naphthalenes,Naphthoquinones,Naphthoquinones,Aromatic homopolycyclic compounds
BIXZHMJUSMUDOQ-UHFFFAOYSA-N,False,Organic compounds,Benzenoids,Benzene and substituted derivatives,Nitrobenzenes,Nitrobenzenes,Aromatic homomonocyclic compounds
JXTHNDFMNIQAHM-UHFFFAOYSA-N,False,Organic compounds,Organic acids and derivatives,Carboxylic acids and derivatives,Alpha-halocarboxylic acids and derivatives,Alpha-halocarboxylic acids,Aliphatic acyclic compounds
RFFLAFLAYFXFSW-UHFFFAOYSA-N,False,Organic compounds,Benzenoids,Benzene and substituted derivatives,Halobenzenes,Dichlorobenzenes,Aromatic homomonocyclic compounds
OCJBOOLMMGQPQU-UHFFFAOYSA-N,False,Organic compounds,Benzenoids,Benzene and substituted derivatives,Halobenzenes,Dichlorobenzenes,Aromatic homomonocyclic compounds
HUWXDEQWWKGHRV-UHFFFAOYSA-N,False,Organic compounds,Benzenoids,Benzene and substituted derivatives,Biphenyls and derivatives,"3,3'-disubstituted benzidines",Aromatic homomonocyclic compounds
SCYULBFZEHDVBN-UHFFFAOYSA-N,False,Organic compounds,Organohalogen compounds,Organochlorides,,Organochlorides,Aliphatic acyclic compounds
WSLDOOZREJYCGB-UHFFFAOYSA-N,False,Organic compounds,Organohalogen compounds,Organochlorides,,Organochlorides,Aliphatic acyclic compounds
HFZWRUODUSTPEG-UHFFFAOYSA-N,False,Organic compounds,Benzenoids,Benzene and substituted derivatives,Halobenzenes,Dichlorobenzenes,Aromatic homomonocyclic compounds
MZHCENGPTKEIGP-UHFFFAOYSA-N,False,Organic compounds,Benzenoids,Benzene and substituted derivatives,2-phenoxypropionic acids,2-phenoxypropionic acids,Aromatic homomonocyclic compounds
OVSKIKFHRZPJSS-UHFFFAOYSA-N,False,Organic compounds,Benzenoids,Benzene and substituted derivatives,Phenoxyacetic acid derivatives,Chlorophenoxyacetates,Aromatic homomonocyclic compounds
UQMRAFJOBWOFNS-UHFFFAOYSA-N,False,Organic compounds,Benzenoids,Benzene and substituted derivatives,Phenoxyacetic acid derivatives,Phenoxyacetic acid derivatives,Aromatic homomonocyclic compounds
WHOKDONDRZNCBC-UHFFFAOYSA-N,False,Organic compounds,Benzenoids,Benzene and substituted derivatives,Phenoxyacetic acid derivatives,Phenoxyacetic acid derivatives,Aromatic homomonocyclic compounds
XMTQQYYKAHVGBJ-UHFFFAOYSA-N,False,Organic compounds,Benzenoids,Benzene and substituted derivatives,N-phenylureas,N-phenylureas,Aromatic homomonocyclic compounds
OZFAFGSSMRRTDW-UHFFFAOYSA-N,False,Organic compounds,Benzenoids,Benzene and substituted derivatives,Benzenesulfonic acids and derivatives,Benzenesulfonate esters,Aromatic homomonocyclic compounds
KNKRKFALVUDBJE-UHFFFAOYSA-N,False,Organic compounds,Organohalogen compounds,Organochlorides,,Organochlorides,Aliphatic acyclic compounds
OEBRKCOSUFCWJD-UHFFFAOYSA-N,False,Organic compounds,Organic acids and derivatives,Organic phosphoric acids and derivatives,Phosphate esters,Dialkyl phosphates,Aliphatic acyclic compounds
UOAMTSKGCBMZTC-UHFFFAOYSA-N,False,Organic compounds,Benzenoids,Benzene and substituted derivatives,Diphenylmethanes,Diphenylmethanes,Aromatic homomonocyclic compounds
DFBKLUNHFCTMDC-PICURKEMSA-N,False,Organic compounds,Lipids and lipid-like molecules,Prenol lipids,Monoterpenoids,Monoterpenoids,Aliphatic heteropolycyclic compounds
SBPBAQFWLVIOKP-UHFFFAOYSA-N,False,Organic compounds,Organic acids and derivatives,Organic thiophosphoric acids and derivatives,Thiophosphoric acid esters,Aryl thiophosphates,Aromatic heteromonocyclic compounds
AJFDBNQQDYLMJN-UHFFFAOYSA-N,False,Organic compounds,Organic acids and derivatives,Carboxylic acids and derivatives,Carboxylic acid derivatives,Tertiary carboxylic acid amides,Aliphatic acyclic compounds
MTHSVFCYNBDYFN-UHFFFAOYSA-N,False,Organic compounds,Organic oxygen compounds,Organooxygen compounds,Ethers,Dialkyl ethers,Aliphatic acyclic compounds
IEPRKVQEAMIZSS-WAYWQWQTSA-N,False,Organic compounds,Lipids and lipid-like molecules,Fatty Acyls,Fatty acid esters,Fatty acid esters,Aliphatic acyclic compounds
RGLYKWWBQGJZGM-ISLYRVAYSA-N,False,Organic compounds,Phenylpropanoids and polyketides,Stilbenes,,Stilbenes,Aromatic homomonocyclic compounds
FLVIGYVXZHLUHP-UHFFFAOYSA-N,False,Organic compounds,Organosulfur compounds,Thioureas,,Thioureas,Aliphatic acyclic compounds
MCWXGJITAZMZEV-UHFFFAOYSA-N,False,Organic compounds,Organic acids and derivatives,Organic dithiophosphoric acids and derivatives,Dithiophosphate O-esters,Dithiophosphate O-esters,Aliphatic acyclic compounds
PHMNXPYGVPEQSJ-UHFFFAOYSA-N,False,Organic compounds,Organoheterocyclic compounds,Dioxanes,"1,3-dioxanes","1,3-dioxanes",Aliphatic heteromonocyclic compounds
HZCDANOFLILNSA-UHFFFAOYSA-N,False,Organic compounds,Organic acids and derivatives,Organic phosphonic acids and derivatives,Phosphonic acid diesters,Phosphonic acid diesters,Aliphatic acyclic compounds
IBXPYPUJPLLOIN-UHFFFAOYSA-N,False,Organic compounds,Organoheterocyclic compounds,Azoles,Imidazoles,Nitroimidazoles,Aromatic heteromonocyclic compounds
FXHOOIRPVKKKFG-UHFFFAOYSA-N,False,Organic compounds,Organic acids and derivatives,Carboxylic acids and derivatives,Carboxylic acid derivatives,Tertiary carboxylic acid amides,Aliphatic acyclic compounds
GZPBVLUEICLBOA-UHFFFAOYSA-N,False,Organic compounds,Benzenoids,Phenols,Cresols,Meta cresols,Aromatic homomonocyclic compounds
JLTDJTHDQAWBAV-UHFFFAOYSA-N,False,Organic compounds,Organic nitrogen compounds,Organonitrogen compounds,Amines,Dialkylarylamines,Aromatic homomonocyclic compounds
OGGXGZAMXPVRFZ-UHFFFAOYSA-N,False,Organic compounds,Organometallic compounds,Organometalloid compounds,Organoarsenic compounds,Pentaorganoarsanes,Aliphatic acyclic compounds
ARSRBNBHOADGJU-UHFFFAOYSA-N,False,Organic compounds,Benzenoids,Phenanthrenes and derivatives,,Phenanthrenes and derivatives,Aromatic homopolycyclic compounds
ZMXDDKWLCZADIW-UHFFFAOYSA-N,False,Organic compounds,Organic acids and derivatives,Carboxylic acids and derivatives,Carboxylic acid derivatives,Tertiary carboxylic acid amides,Aliphatic acyclic compounds
RHUYHJGZWVXEHW-UHFFFAOYSA-N,False,Organic compounds,Organic nitrogen compounds,Organonitrogen compounds,Hydrazines and derivatives,Alkylhydrazines,Aliphatic acyclic compounds
UFBJCMHMOXMLKC-UHFFFAOYSA-N,False,Organic compounds,Benzenoids,Phenols,Nitrophenols,Dinitrophenols,Aromatic homomonocyclic compounds
XTRDKALNCIHHNI-UHFFFAOYSA-N,False,Organic compounds,Benzenoids,Benzene and substituted derivatives,Toluenes,Dinitrotoluenes,Aromatic homomonocyclic compounds
RMBFBMJGBANMMK-UHFFFAOYSA-N,False,Organic compounds,Benzenoids,Benzene and substituted derivatives,Toluenes,Dinitrotoluenes,Aromatic homomonocyclic compounds
RYHBNJHYFVUHQT-UHFFFAOYSA-N,False,Organic compounds,Organoheterocyclic compounds,Dioxanes,"1,4-dioxanes","1,4-dioxanes",Aliphatic heteromonocyclic compounds
VBKKVDGJXVOLNE-UHFFFAOYSA-N,False,Organic compounds,Organoheterocyclic compounds,Dioxanes,"1,4-dioxanes","1,4-dioxanes",Aliphatic heteromonocyclic compounds
PCHPORCSPXIHLZ-UHFFFAOYSA-N,False,Organic compounds,Benzenoids,Benzene and substituted derivatives,Diphenylmethanes,Diphenylmethanes,Aromatic homomonocyclic compounds
ROORDVPLFPIABK-UHFFFAOYSA-N,False,Organic compounds,Benzenoids,Benzene and substituted derivatives,Phenoxy compounds,Phenoxy compounds,Aromatic homomonocyclic compounds
CXOFVDLJLONNDW-UHFFFAOYSA-N,False,Organic compounds,Organoheterocyclic compounds,Azolidines,Imidazolidines,Phenylhydantoins,Aromatic heteromonocyclic compounds
KCOYHFNCTWXETP-UHFFFAOYSA-N,False,Organic compounds,Organic nitrogen compounds,Organonitrogen compounds,Hydrazines and derivatives,Thiosemicarbazides,Aliphatic acyclic compounds
OAEGRYMCJYIXQT-UHFFFAOYSA-N,False,Organic compounds,Organosulfur compounds,Thioamides,,Thioamides,Aliphatic acyclic compounds
YIKWKLYQRFRGPM-UHFFFAOYSA-N,False,Organic compounds,Organic nitrogen compounds,Organonitrogen compounds,Guanidines,Guanidines,
QZKRHPLGUJDVAR-UHFFFAOYSA-K,False,Organic compounds,Organic acids and derivatives,Carboxylic acids and derivatives,Tetracarboxylic acids and derivatives,Tetracarboxylic acids and derivatives,Aliphatic acyclic compounds
RDYMFSUJUZBWLH-UHFFFAOYSA-N,False,Organic compounds,Organic oxygen compounds,Organic oxoanionic compounds,Organic sulfites,Sulfite esters,Aliphatic heteropolycyclic compounds
DFBKLUNHFCTMDC-GKRDHZSOSA-N,False,Organic compounds,Lipids and lipid-like molecules,Prenol lipids,Monoterpenoids,Monoterpenoids,Aliphatic heteropolycyclic compounds
BRLQWZUYTZBJKN-UHFFFAOYSA-N,False,Organic compounds,Organoheterocyclic compounds,Epoxides,,Epoxides,Aliphatic heteromonocyclic compounds
VOXZDWNPVJITMN-ZBRFXRBCSA-N,False,Organic compounds,Lipids and lipid-like molecules,Steroids and steroid derivatives,Estrane steroids,Estrogens and derivatives,Aromatic homopolycyclic compounds
BFPYWIDHMRZLRN-SLHNCBLASA-N,False,Organic compounds,Lipids and lipid-like molecules,Steroids and steroid derivatives,Estrane steroids,Estrogens and derivatives,Aromatic homopolycyclic compounds
GGLZPLKKBSSKCX-UHFFFAOYSA-N,False,Organic compounds,Organic acids and derivatives,Carboxylic acids and derivatives,"Amino acids, peptides, and analogues",Alpha amino acids,Aliphatic acyclic compounds
DECIPOUIJURFOJ-UHFFFAOYSA-N,False,Organic compounds,Organoheterocyclic compounds,Quinolines and derivatives,Quinolones and derivatives,Hydroquinolones,Aromatic heteropolycyclic compounds
JIGUQPWFLRLWPJ-UHFFFAOYSA-N,False,Organic compounds,Organic acids and derivatives,Carboxylic acids and derivatives,Acrylic acids and derivatives,Acrylic acid esters,Aliphatic acyclic compounds
LFQSCWFLJHTTHZ-UHFFFAOYSA-N,False,Organic compounds,Organic oxygen compounds,Organooxygen compounds,Alcohols and polyols,Primary alcohols,Aliphatic acyclic compounds
QFMDFTQOJHFVNR-UHFFFAOYSA-N,False,Organic compounds,Lipids and lipid-like molecules,Prenol lipids,Sesquiterpenoids,Sesquiterpenoids,Aromatic homomonocyclic compounds
YNQLUTRBYVCPMQ-UHFFFAOYSA-N,False,Organic compounds,Benzenoids,Benzene and substituted derivatives,,Benzene and substituted derivatives,Aromatic homomonocyclic compounds
LYCAIKOWRPUZTN-UHFFFAOYSA-N,False,Organic compounds,Organic oxygen compounds,Organooxygen compounds,Alcohols and polyols,"1,2-diols",Aliphatic acyclic compounds
NOWKCMXCCJGMRR-UHFFFAOYSA-N,False,Organic compounds,Organoheterocyclic compounds,Aziridines,,Aziridines,Aliphatic heteromonocyclic compounds
IAYPIBMASNFSPL-UHFFFAOYSA-N,False,Organic compounds,Organoheterocyclic compounds,Epoxides,,Epoxides,Aliphatic heteromonocyclic compounds
PDQAZBWRQCGBEV-UHFFFAOYSA-N,False,Organic compounds,Organoheterocyclic compounds,Azolidines,Imidazolidines,Imidazolidines,Aliphatic heteromonocyclic compounds
YAMHXTCMCPHKLN-UHFFFAOYSA-N,False,Organic compounds,Organoheterocyclic compounds,Azolines,Imidazolines,Imidazolines,Aliphatic heteromonocyclic compounds
UQJQVUOTMVCFHX-UHFFFAOYSA-L,False,Organic compounds,Organic salts,Organic metal salts,Organic alkali metal salts,Organic alkali metal salts,Aliphatic acyclic compounds
YIWUKEYIRIRTPP-UHFFFAOYSA-N,False,Organic compounds,Lipids and lipid-like molecules,Fatty Acyls,Fatty alcohols,Fatty alcohols,Aliphatic acyclic compounds
SAOKZLXYCUGLFA-UHFFFAOYSA-N,False,Organic compounds,Lipids and lipid-like molecules,Fatty Acyls,Fatty acid esters,Fatty acid esters,Aliphatic acyclic compounds
BJQHLKABXJIVAM-UHFFFAOYSA-N,False,Organic compounds,Benzenoids,Benzene and substituted derivatives,Benzoic acids and derivatives,Benzoic acid esters,Aromatic homomonocyclic compounds
WEEGYLXZBRQIMU-UHFFFAOYSA-N,False,Organic compounds,Organoheterocyclic compounds,Oxanes,,Oxanes,Aliphatic heteropolycyclic compounds
RRAFCDWBNXTKKO-UHFFFAOYSA-N,False,Organic compounds,Benzenoids,Phenols,Methoxyphenols,Methoxyphenols,Aromatic homomonocyclic compounds
PNVJTZOFSHSLTO-UHFFFAOYSA-N,False,Organic compounds,Organic acids and derivatives,Organic thiophosphoric acids and derivatives,Thiophosphoric acid esters,Phenyl thiophosphates,Aromatic homomonocyclic compounds
NYPJDWWKZLNGGM-UHFFFAOYSA-N,False,Organic compounds,Lipids and lipid-like molecules,Fatty Acyls,Fatty acid esters,Pyrethroids,Aromatic homomonocyclic compounds
RBTARNINKXHZNM-UHFFFAOYSA-K,False,Inorganic compounds,Mixed metal/non-metal compounds,Transition metal salts,Transition metal chlorides,Transition metal chlorides,
WHDGWKAJBYRJJL-UHFFFAOYSA-K,False,Organic compounds,Organic salts,Organic metal salts,Organic transition metal salts,Organic transition metal salts,
RFHAOTPXVQNOHP-UHFFFAOYSA-N,False,Organic compounds,Benzenoids,Benzene and substituted derivatives,Halobenzenes,Fluorobenzenes,Aromatic heteromonocyclic compounds
RZILCCPWPBTYDO-UHFFFAOYSA-N,True,Organic compounds,Benzenoids,Benzene and substituted derivatives,N-phenylureas,N-phenylureas,Aromatic homomonocyclic compounds
PUZPDOWCWNUUKD-UHFFFAOYSA-M,False,Inorganic compounds,Mixed metal/non-metal compounds,Alkali metal salts,Alkali metal fluorides,Alkali metal fluorides,
GIYXAJPCNFJEHY-UHFFFAOYSA-N,True,Organic compounds,Benzenoids,Benzene and substituted derivatives,Trifluoromethylbenzenes,Trifluoromethylbenzenes,Aromatic homomonocyclic compounds
WSFSSNUMVMOOMR-UHFFFAOYSA-N,False,Organic compounds,Organic oxygen compounds,Organooxygen compounds,Carbonyl compounds,Carbonyl compounds,Aliphatic acyclic compounds
ZKZMJOFIHHZSRW-UHFFFAOYSA-K,False,Organic compounds,Organic oxygen compounds,Organooxygen compounds,,Organooxygen compounds,
YLQBMQCUIZJEEH-UHFFFAOYSA-N,False,Organic compounds,Organoheterocyclic compounds,Heteroaromatic compounds,,Heteroaromatic compounds,Aromatic heteromonocyclic compounds
HYBBIBNJHNGZAN-UHFFFAOYSA-N,False,Organic compounds,Organic oxygen compounds,Organooxygen compounds,Carbonyl compounds,Aryl-aldehydes,Aromatic heteromonocyclic compounds
LNTHITQWFMADLM-UHFFFAOYSA-N,False,Organic compounds,Benzenoids,Benzene and substituted derivatives,Benzoic acids and derivatives,Gallic acids,Aromatic homomonocyclic compounds
HEMJJKBWTPKOJG-UHFFFAOYSA-N,False,Organic compounds,Benzenoids,Phenol ethers,,Phenol ethers,Aromatic homomonocyclic compounds
ZXJXZNDDNMQXFV-UHFFFAOYSA-M,False,Organic compounds,Benzenoids,Benzene and substituted derivatives,Diphenylmethanes,Diphenylmethanes,Aromatic homomonocyclic compounds
PEDCQBHIVMGVHV-UHFFFAOYSA-N,False,Organic compounds,Organic oxygen compounds,Organooxygen compounds,Carbohydrates and carbohydrate conjugates,Sugar alcohols,Aliphatic acyclic compounds
SSZWWUDQMAHNAQ-UHFFFAOYSA-N,False,Organic compounds,Organohalogen compounds,Halohydrins,Chlorohydrins,Chlorohydrins,Aliphatic acyclic compounds
CTKINSOISVBQLD-UHFFFAOYSA-N,False,Organic compounds,Organoheterocyclic compounds,Epoxides,,Epoxides,Aliphatic heteromonocyclic compounds
WDXYVJKNSMILOQ-UHFFFAOYSA-N,False,Organic compounds,Organic oxygen compounds,Organic oxoanionic compounds,Organic sulfites,Sulfite esters,Aliphatic heteromonocyclic compounds
XKTMIJODWOEBKO-UHFFFAOYSA-M,False,Organic compounds,Benzenoids,Benzene and substituted derivatives,Phenylmethylamines,Phenylbenzamines,Aromatic homomonocyclic compounds
DGOBMKYRQHEFGQ-UHFFFAOYSA-L,False,Organic compounds,Benzenoids,Benzene and substituted derivatives,Phenylmethylamines,Phenylbenzamines,Aromatic homomonocyclic compounds
FRCCEHPWNOQAEU-UHFFFAOYSA-N,False,Organic compounds,Organohalogen compounds,Vinyl halides,Vinyl chlorides,Vinyl chlorides,Aliphatic homopolycyclic compounds
WJYIASZWHGOTOU-UHFFFAOYSA-N,False,Organic compounds,Organic nitrogen compounds,Organonitrogen compounds,Amines,Monoalkylamines,Aliphatic acyclic compounds
CKAPSXZOOQJIBF-UHFFFAOYSA-N,False,Organic compounds,Benzenoids,Benzene and substituted derivatives,Halobenzenes,Chlorobenzenes,Aromatic homomonocyclic compounds
RWNKSTSCBHKHTB-UHFFFAOYSA-N,False,Organic compounds,Organohalogen compounds,Vinyl halides,Vinyl chlorides,Vinyl chlorides,Aliphatic acyclic compounds
JLYXXMFPNIAWKQ-SHFUYGGZSA-N,False,Organic compounds,Organohalogen compounds,Alkyl halides,Cyclohexyl halides,Cyclohexyl halides,Aliphatic homomonocyclic compounds
JLYXXMFPNIAWKQ-CDRYSYESSA-N,False,Organic compounds,Organohalogen compounds,Alkyl halides,Cyclohexyl halides,Cyclohexyl halides,Aliphatic homomonocyclic compounds
JLYXXMFPNIAWKQ-GNIYUCBRSA-N,False,Organic compounds,Organohalogen compounds,Alkyl halides,Cyclohexyl halides,Cyclohexyl halides,Aliphatic homomonocyclic compounds
JLYXXMFPNIAWKQ-UHFFFAOYSA-N,False,Organic compounds,Organohalogen compounds,Alkyl halides,Cyclohexyl halides,Cyclohexyl halides,Aliphatic homomonocyclic compounds
VUNCWTMEJYMOOR-UHFFFAOYSA-N,False,Organic compounds,Organohalogen compounds,Vinyl halides,Vinyl chlorides,Vinyl chlorides,Aliphatic homomonocyclic compounds
VHHHONWQHHHLTI-UHFFFAOYSA-N,False,Organic compounds,Organohalogen compounds,Organochlorides,,Organochlorides,Aliphatic acyclic compounds
ACGUYXCXAPNIKK-UHFFFAOYSA-N,False,Organic compounds,Benzenoids,Benzene and substituted derivatives,Diphenylmethanes,Diphenylmethanes,Aromatic homomonocyclic compounds
VKYKSIONXSXAKP-UHFFFAOYSA-N,False,Organic compounds,Organoheterocyclic compounds,Triazinanes,"1,3,5-triazinanes","1,3,5-triazinanes",Aliphatic heteropolycyclic compounds
GNOIPBMMFNIUFM-UHFFFAOYSA-N,False,Organic compounds,Organic acids and derivatives,Organic phosphoric acids and derivatives,Organic phosphoramides,Organic phosphoramides,Aliphatic acyclic compounds
WFJIVOKAWHGMBH-UHFFFAOYSA-N,False,Organic compounds,Benzenoids,Phenols,Benzenediols,Resorcinols,Aromatic homomonocyclic compounds
OAKJQQAXSVQMHS-UHFFFAOYSA-N,False,Inorganic compounds,Homogeneous non-metal compounds,Homogeneous other non-metal compounds,,Homogeneous other non-metal compounds,
ZGCHATBSUIJLRL-UHFFFAOYSA-N,False,Inorganic compounds,Homogeneous non-metal compounds,Non-metal oxoanionic compounds,Non-metal sulfates,Non-metal sulfates,
YBQZXXMEJHZYMB-UHFFFAOYSA-N,False,Organic compounds,Benzenoids,Benzene and substituted derivatives,Phenylhydrazines,Phenylhydrazines,Aromatic homomonocyclic compounds
VEXZGXHMUGYJMC-UHFFFAOYSA-N,False,Inorganic compounds,Homogeneous non-metal compounds,Halogen organides,Halogen hydrides,Halogen hydrides,
JYGXADMDTFJGBT-VWUMJDOOSA-N,False,Organic compounds,Lipids and lipid-like molecules,Steroids and steroid derivatives,Hydroxysteroids,21-hydroxysteroids,Aliphatic homopolycyclic compounds
MHAJPDPJQMAIIY-UHFFFAOYSA-N,False,Inorganic compounds,Homogeneous non-metal compounds,Homogeneous other non-metal compounds,,Homogeneous other non-metal compounds,
QIGBRXMKCJKVMJ-UHFFFAOYSA-N,False,Organic compounds,Benzenoids,Phenols,Benzenediols,Hydroquinones,Aromatic homomonocyclic compounds
VYQNWZOUAUKGHI-UHFFFAOYSA-N,False,Organic compounds,Benzenoids,Phenols,4-alkoxyphenols,4-alkoxyphenols,Aromatic homomonocyclic compounds
MCJGNVYPOGVAJF-UHFFFAOYSA-N,False,Organic compounds,Organoheterocyclic compounds,Quinolines and derivatives,8-hydroxyquinolines,8-hydroxyquinolines,Aromatic heteropolycyclic compounds
HEFNNWSXXWATRW-UHFFFAOYSA-N,False,Organic compounds,Phenylpropanoids and polyketides,Phenylpropanoic acids,,Phenylpropanoic acids,Aromatic homomonocyclic compounds
SIKJAQJRHWYJAI-UHFFFAOYSA-N,False,Organic compounds,Organoheterocyclic compounds,Indoles and derivatives,Indoles,Indoles,Aromatic heteropolycyclic compounds
SEOVTRFCIGRIMH-UHFFFAOYSA-N,False,Organic compounds,Organoheterocyclic compounds,Indoles and derivatives,Indolyl carboxylic acids and derivatives,Indole-3-acetic acid derivatives,Aromatic heteropolycyclic compounds
CGIGDMFJXJATDK-UHFFFAOYSA-N,False,Organic compounds,Organoheterocyclic compounds,Indoles and derivatives,Benzoylindoles,Benzoylindoles,Aromatic heteropolycyclic compounds
PGLTVOMIXTUURA-UHFFFAOYSA-N,False,Organic compounds,Organic acids and derivatives,Carboxylic acids and derivatives,Carboxylic acid derivatives,Primary carboxylic acid amides,Aliphatic acyclic compounds
OKJPEAGHQZHRQV-UHFFFAOYSA-N,False,Organic compounds,Organohalogen compounds,Alkyl halides,Halomethanes,Trihalomethanes,Aliphatic acyclic compounds
QRXWMOHMRWLFEY-UHFFFAOYSA-N,False,Organic compounds,Organoheterocyclic compounds,Pyridines and derivatives,Pyridinecarboxylic acids and derivatives,Pyridinecarboxylic acids and derivatives,Aromatic heteromonocyclic compounds
HJOVHMDZYOCNQW-UHFFFAOYSA-N,False,Organic compounds,Organic oxygen compounds,Organooxygen compounds,Carbonyl compounds,Cyclohexenones,Aliphatic homomonocyclic compounds
HOMGKSMUEGBAAB-UHFFFAOYSA-N,False,Organic compounds,Organoheterocyclic compounds,Oxazaphosphinanes,Isofamides,Isofamides,Aliphatic heteromonocyclic compounds
RRHGJUQNOFWUDK-UHFFFAOYSA-N,False,Organic compounds,Hydrocarbons,Unsaturated hydrocarbons,Branched unsaturated hydrocarbons,Branched unsaturated hydrocarbons,Aliphatic acyclic compounds
KFZMGEQAYNKOFK-UHFFFAOYSA-N,False,Organic compounds,Organic oxygen compounds,Organooxygen compounds,Alcohols and polyols,Secondary alcohols,Aliphatic acyclic compounds
CVVFFUKULYKOJR-UHFFFAOYSA-N,False,Organic compounds,Benzenoids,Phenol ethers,Aminophenyl ethers,Aminophenyl ethers,Aromatic homomonocyclic compounds
CWJSHJJYOPWUGX-UHFFFAOYSA-N,False,Organic compounds,Benzenoids,Benzene and substituted derivatives,Phenylcarbamic acid esters,Phenylcarbamic acid esters,Aromatic homomonocyclic compounds
RNNBHZYEKNHLKT-UHFFFAOYSA-N,False,Organic compounds,Organoheterocyclic compounds,Azoles,Pyrazoles,Pyrazoles,Aromatic heteromonocyclic compounds
VXPLXMJHHKHSOA-UHFFFAOYSA-N,False,Organic compounds,Benzenoids,Benzene and substituted derivatives,Phenylcarbamic acid esters,Phenylcarbamic acid esters,Aromatic homomonocyclic compounds
GUWSLQUAAYEZAF-UHFFFAOYSA-L,False,Organic compounds,Organic acids and derivatives,Carboxylic acids and derivatives,Carboxylic acid derivatives,Acetate salts,
XMGQYMWWDOXHJM-JTQLQIEISA-N,False,Organic compounds,Lipids and lipid-like molecules,Prenol lipids,Monoterpenoids,Menthane monoterpenoids,Aliphatic homomonocyclic compounds
PCZOHLXUXFIOCF-BXMDZJJMSA-N,False,Organic compounds,Organoheterocyclic compounds,Lactones,Delta valerolactones,Delta valerolactones,Aliphatic heteropolycyclic compounds
WSORODGWGUUOBO-UHFFFAOYSA-N,False,Organic compounds,Lipids and lipid-like molecules,Fatty Acyls,Fatty acid esters,Fatty acid esters,Aliphatic acyclic compounds
JXSJBGJIGXNWCI-UHFFFAOYSA-N,False,Organic compounds,Lipids and lipid-like molecules,Fatty Acyls,Fatty acid esters,Fatty acid esters,Aliphatic acyclic compounds
BGRDGMRNKXEXQD-UHFFFAOYSA-N,False,Organic compounds,Organoheterocyclic compounds,Diazines,Pyridazines and derivatives,Pyridazinones,Aromatic heteromonocyclic compounds
YKSNLCVSTHTHJA-UHFFFAOYSA-L,False,Organic compounds,Organic acids and derivatives,Dithiocarbamic acids and derivatives,Dithiocarbamic acid esters,Ethylene bisdithiocarbamates,Aliphatic acyclic compounds
YXIWHUQXZSMYRE-UHFFFAOYSA-N,False,Organic compounds,Organoheterocyclic compounds,Benzothiazoles,,Benzothiazoles,Aromatic heteropolycyclic compounds
GLVAUDGFNGKCSF-UHFFFAOYSA-N,False,Organic compounds,Organoheterocyclic compounds,Imidazopyrimidines,Purines and purine derivatives,Purinethiones,Aromatic heteropolycyclic compounds
LWJROJCJINYWOX-UHFFFAOYSA-L,False,Inorganic compounds,Mixed metal/non-metal compounds,Transition metal salts,Transition metal chlorides,Transition metal chlorides,
MEBQXILRKZHVCX-UHFFFAOYSA-N,False,Organic compounds,Organoheterocyclic compounds,Azoles,Thiadiazoles,"1,3,4-thiadiazol-3-yl-organothiophosphates",Aromatic heteromonocyclic compounds
PMRYVIKBURPHAH-UHFFFAOYSA-N,False,Organic compounds,Organoheterocyclic compounds,Azolines,Imidazolines,Imidazolethiones,Aromatic heteromonocyclic compounds
FFEARJCKVFRZRR-UHFFFAOYSA-N,False,Organic compounds,Organic acids and derivatives,Carboxylic acids and derivatives,"Amino acids, peptides, and analogues",Methionine and derivatives,Aliphatic acyclic compounds
IAKOZHOLGAGEJT-UHFFFAOYSA-N,False,Organic compounds,Benzenoids,Benzene and substituted derivatives,Diphenylmethanes,Diphenylmethanes,Aromatic homomonocyclic compounds
NWVVVBRKAWDGAB-UHFFFAOYSA-N,False,Organic compounds,Benzenoids,Phenols,Methoxyphenols,Methoxyphenols,Aromatic homomonocyclic compounds
GZUXJHMPEANEGY-UHFFFAOYSA-N,False,Organic compounds,Organohalogen compounds,Alkyl halides,Halomethanes,Halomethanes,Aliphatic acyclic compounds
BZLVMXJERCGZMT-UHFFFAOYSA-N,False,Organic compounds,Organic oxygen compounds,Organooxygen compounds,Ethers,Dialkyl ethers,Aliphatic acyclic compounds
VVQNEPGJFQJSBK-UHFFFAOYSA-N,False,Organic compounds,Organic acids and derivatives,Carboxylic acids and derivatives,Carboxylic acid derivatives,Enoate esters,Aliphatic acyclic compounds
MBABOKRGFJTBAE-UHFFFAOYSA-N,False,Organic compounds,Organic acids and derivatives,Organic sulfonic acids and derivatives,Organosulfonic acids and derivatives,Organosulfonic acid esters,Aliphatic acyclic compounds
VZUNGTLZRAYYDE-UHFFFAOYSA-N,False,Organic compounds,Organic nitrogen compounds,Organonitrogen compounds,Guanidines,Nitroguanidines,Aliphatic acyclic compounds
RLBIQVVOMOPOHC-UHFFFAOYSA-N,False,Organic compounds,Organic acids and derivatives,Organic thiophosphoric acids and derivatives,Thiophosphoric acid esters,Phenyl thiophosphates,Aromatic homomonocyclic compounds
SECXISVLQFMRJM-UHFFFAOYSA-N,False,Organic compounds,Organoheterocyclic compounds,Pyrrolidines,N-alkylpyrrolidines,N-alkylpyrrolidines,Aliphatic heteromonocyclic compounds
CKOMXBHMKXXTNW-UHFFFAOYSA-N,False,Organic compounds,Organoheterocyclic compounds,Imidazopyrimidines,Purines and purine derivatives,6-alkylaminopurines,Aromatic heteropolycyclic compounds
ZBCATMYQYDCTIZ-UHFFFAOYSA-N,False,Organic compounds,Benzenoids,Phenols,Benzenediols,Catechols,Aromatic homomonocyclic compounds
PPQNQXQZIWHJRB-UHFFFAOYSA-N,False,Organic compounds,Benzenoids,Phenanthrenes and derivatives,,Phenanthrenes and derivatives,Aromatic homopolycyclic compounds
YMWUJEATGCHHMB-UHFFFAOYSA-N,False,Organic compounds,Organohalogen compounds,Alkyl halides,Halomethanes,Halomethanes,Aliphatic acyclic compounds
HDZGCSFEDULWCS-UHFFFAOYSA-N,False,Organic compounds,Organic nitrogen compounds,Organonitrogen compounds,Hydrazines and derivatives,Alkylhydrazines,Aliphatic acyclic compounds
QPUYECUOLPXSFR-UHFFFAOYSA-N,False,Organic compounds,Benzenoids,Naphthalenes,,Naphthalenes,Aromatic homopolycyclic compounds
QIMMUPPBPVKWKM-UHFFFAOYSA-N,False,Organic compounds,Benzenoids,Naphthalenes,,Naphthalenes,Aromatic homopolycyclic compounds
HWGBHCRJGXAGEU-UHFFFAOYSA-N,False,Organic compounds,Organoheterocyclic compounds,Diazines,Pyrimidines and pyrimidine derivatives,Pyrimidones,Aromatic heteromonocyclic compounds
VAOCPAMSLUNLGC-UHFFFAOYSA-N,False,Organic compounds,Organoheterocyclic compounds,Azoles,Imidazoles,Nitroimidazoles,Aromatic heteromonocyclic compounds
YNEVBPNZHBAYOA-UHFFFAOYSA-N,False,Organic compounds,Benzenoids,Benzene and substituted derivatives,Phenyl methylcarbamates,Phenyl methylcarbamates,Aromatic homomonocyclic compounds
GVYLCNUFSHDAAW-UHFFFAOYSA-N,False,Organic compounds,Lipids and lipid-like molecules,Prenol lipids,Monoterpenoids,Monoterpenoids,Aliphatic homopolycyclic compounds
NWIBSHFKIJFRCO-WUDYKRTCSA-N,False,Organic compounds,Organoheterocyclic compounds,Indoles and derivatives,Indolequinones,Mitomycins,Aliphatic heteropolycyclic compounds
JKQOBWVOAYFWKG-UHFFFAOYSA-N,False,Inorganic compounds,Mixed metal/non-metal compounds,Transition metal organides,Transition metal oxides,Transition metal oxides,
FOCAUTSVDIKZOP-UHFFFAOYSA-N,False,Organic compounds,Organic acids and derivatives,Carboxylic acids and derivatives,Alpha-halocarboxylic acids and derivatives,Alpha-halocarboxylic acids,Aliphatic acyclic compounds
QVCMHGGNRFRMAD-XFGHUUIASA-N,False,Organic compounds,Organoheterocyclic compounds,Pyrrolizines,,Pyrrolizines,Aliphatic heteropolycyclic compounds
QYPPRTNMGCREIM-UHFFFAOYSA-N,False,Organic compounds,Organometallic compounds,Organometalloid compounds,Organoarsenic compounds,Pentaorganoarsanes,Aliphatic acyclic compounds
UFWIBTONFRDIAS-UHFFFAOYSA-N,False,Organic compounds,Benzenoids,Naphthalenes,,Naphthalenes,Aromatic homopolycyclic compounds
PRPINYUDVPFIRX-UHFFFAOYSA-N,False,Organic compounds,Benzenoids,Naphthalenes,,Naphthalenes,Aromatic homopolycyclic compounds
MZNYWPRCVDMOJG-UHFFFAOYSA-N,False,Organic compounds,Benzenoids,Naphthalenes,,Naphthalenes,Aromatic homopolycyclic compounds
RUFPHBVGCFYCNW-UHFFFAOYSA-N,False,Organic compounds,Benzenoids,Naphthalenes,,Naphthalenes,Aromatic homopolycyclic compounds
PXHVJJICTQNCMI-UHFFFAOYSA-N,False,Inorganic compounds,Homogeneous metal compounds,Homogeneous transition metal compounds,,Homogeneous transition metal compounds,
AIYYMMQIMJOTBM-UHFFFAOYSA-L,False,Organic compounds,Organic acids and derivatives,Carboxylic acids and derivatives,Carboxylic acids,Carboxylic acids,
DFPAKSUCGFBDDF-UHFFFAOYSA-N,False,Organic compounds,Organoheterocyclic compounds,Pyridines and derivatives,Pyridinecarboxylic acids and derivatives,Nicotinamides,Aromatic heteromonocyclic compounds
SNICXCGAKADSCV-JTQLQIEISA-N,False,Organic compounds,Organoheterocyclic compounds,Pyridines and derivatives,Pyrrolidinylpyridines,Pyrrolidinylpyridines,Aromatic heteromonocyclic compounds
PVNIIMVLHYAWGP-UHFFFAOYSA-N,False,Organic compounds,Organoheterocyclic compounds,Pyridines and derivatives,Pyridinecarboxylic acids and derivatives,Pyridinecarboxylic acids,Aromatic heteromonocyclic compounds
FQSUTLQHSDLLAN-UHFFFAOYSA-N,False,Organic compounds,Organoheterocyclic compounds,Azoles,Thiazoles,Nitrothiazoles,Aromatic heteromonocyclic compounds
VWDWKYIASSYTQR-UHFFFAOYSA-N,False,Inorganic compounds,Mixed metal/non-metal compounds,Alkali metal oxoanionic compounds,Alkali metal nitrates,Alkali metal nitrates,
MGFYIUFZLHCRTH-UHFFFAOYSA-N,False,Organic compounds,Organic acids and derivatives,Carboxylic acids and derivatives,"Amino acids, peptides, and analogues",Alpha amino acids,Aliphatic acyclic compounds
LPXPTNMVRIOKMN-UHFFFAOYSA-M,False,Inorganic compounds,Mixed metal/non-metal compounds,Alkali metal oxoanionic compounds,Alkali metal nitrites,Alkali metal nitrites,
XMVJITFPVVRMHC-UHFFFAOYSA-N,False,Organic compounds,Benzenoids,Phenols,Nitrophenols,Nitrophenols,Aromatic homomonocyclic compounds
DSBIJCMXAIKKKI-UHFFFAOYSA-N,False,Organic compounds,Benzenoids,Benzene and substituted derivatives,Nitrobenzenes,Nitrobenzenes,Aromatic homomonocyclic compounds
TYMLOMAKGOJONV-UHFFFAOYSA-N,False,Organic compounds,Benzenoids,Benzene and substituted derivatives,Nitrobenzenes,Nitrobenzenes,Aromatic homomonocyclic compounds
CFBYEGUGFPZCNF-UHFFFAOYSA-N,False,Organic compounds,Benzenoids,Benzene and substituted derivatives,Nitrobenzenes,Nitrophenyl ethers,Aromatic homomonocyclic compounds
LQNUZADURLCDLV-UHFFFAOYSA-N,False,Organic compounds,Benzenoids,Benzene and substituted derivatives,Nitrobenzenes,Nitrobenzenes,Aromatic homomonocyclic compounds
OTLNPYWUJOZPPA-UHFFFAOYSA-N,False,Organic compounds,Benzenoids,Benzene and substituted derivatives,Benzoic acids and derivatives,Nitrobenzoic acids and derivatives,Aromatic homomonocyclic compounds
XITQUSLLOSKDTB-UHFFFAOYSA-N,False,Organic compounds,Benzenoids,Benzene and substituted derivatives,Diphenylethers,Diphenylethers,Aromatic homomonocyclic compounds
NXFQHRVNIOXGAQ-UHFFFAOYSA-N,False,Organic compounds,Organoheterocyclic compounds,Azolidines,Imidazolidines,Hydantoins,Aromatic heteromonocyclic compounds
JCXJVPUVTGWSNB-UHFFFAOYSA-N,False,Inorganic compounds,Homogeneous non-metal compounds,Other non-metal organides,Other non-metal oxides,Other non-metal oxides,
RJKGJBPXVHTNJL-UHFFFAOYSA-N,False,Organic compounds,Benzenoids,Naphthalenes,Nitronaphthalenes,Nitronaphthalenes,Aromatic homopolycyclic compounds
FGLBSLMDCBOPQK-UHFFFAOYSA-N,False,Organic compounds,"Organic 1,3-dipolar compounds","Allyl-type 1,3-dipolar organic compounds",Organic nitro compounds,C-nitro compounds,Aliphatic acyclic compounds
WBLZUCOIBUDNBV-UHFFFAOYSA-N,False,Organic compounds,"Organic 1,3-dipolar compounds","Allyl-type 1,3-dipolar organic compounds",Organic nitro compounds,C-nitro compounds,Aliphatic acyclic compounds
ZRKWMRDKSOPRRS-UHFFFAOYSA-N,False,Organic compounds,Organic acids and derivatives,Organic carbonic acids and derivatives,Ureas,N-methylnitrosoureas,Aliphatic acyclic compounds
WBNQDOYYEUMPFS-UHFFFAOYSA-N,False,Organic compounds,Organic nitrogen compounds,Organonitrogen compounds,Organic nitroso compounds,Organic N-nitroso compounds,Aliphatic acyclic compounds
UMFJAHHVKNCGLG-UHFFFAOYSA-N,False,Organic compounds,Organic nitrogen compounds,Organonitrogen compounds,Organic nitroso compounds,Organic N-nitroso compounds,Aliphatic acyclic compounds
UBUCNCOMADRQHX-UHFFFAOYSA-N,False,Organic compounds,Benzenoids,Benzene and substituted derivatives,Phenylhydrazines,Phenylhydrazines,Aromatic homomonocyclic compounds
MAXCWSIJKVASQC-UHFFFAOYSA-N,False,Organic compounds,Benzenoids,Benzene and substituted derivatives,Phenylhydrazines,Phenylhydrazines,Aromatic homomonocyclic compounds
ZKXDGKXYMTYWTB-UHFFFAOYSA-N,False,Organic compounds,Organoheterocyclic compounds,Oxazinanes,Morpholines,Morpholines,Aliphatic heteromonocyclic compounds
RUYUCCQRWINUHE-UHFFFAOYSA-N,False,Organic compounds,Benzenoids,Benzene and substituted derivatives,Halobenzenes,Chlorobenzenes,Aromatic homomonocyclic compounds
KYGZCKSPAKDVKC-UHFFFAOYSA-N,False,Organic compounds,Organoheterocyclic compounds,Quinolines and derivatives,Quinoline carboxylic acids,Quinoline carboxylic acids,Aromatic heteropolycyclic compounds
COAJXCLTPGGDAJ-UHFFFAOYSA-N,False,Organic compounds,Benzenoids,Phenol ethers,,Phenol ethers,Aromatic homomonocyclic compounds
HLBLWEWZXPIGSM-UHFFFAOYSA-N,False,Organic compounds,Benzenoids,Benzene and substituted derivatives,Diphenylethers,Diphenylethers,Aromatic homomonocyclic compounds
MHKLKWCYGIBEQF-UHFFFAOYSA-N,False,Organic compounds,Organoheterocyclic compounds,Benzothiazoles,,Benzothiazoles,Aromatic heteropolycyclic compounds
UBDNTYUBJLXUNN-IFLJXUKPSA-N,False,Organic compounds,Phenylpropanoids and polyketides,Tetracyclines,,Tetracyclines,Aromatic homopolycyclic compounds
CBENFWSGALASAD-UHFFFAOYSA-N,False,Inorganic compounds,Homogeneous non-metal compounds,Other non-metal organides,Other non-metal oxides,Other non-metal oxides,
LCCNCVORNKJIRZ-UHFFFAOYSA-N,False,Organic compounds,Organic acids and derivatives,Organic thiophosphoric acids and derivatives,Thiophosphoric acid esters,Phenyl thiophosphates,Aromatic homomonocyclic compounds
ZRWPUFFVAOMMNM-UHFFFAOYSA-N,False,Organic compounds,Organoheterocyclic compounds,Pyrans,,Pyrans,Aliphatic heteropolycyclic compounds
BBABSCYTNHOKOG-UHFFFAOYSA-N,False,Organic compounds,Benzenoids,Phenol ethers,Anisoles,Anisoles,Aromatic homomonocyclic compounds
BNIXVQGCZULYKV-UHFFFAOYSA-N,False,Organic compounds,Organohalogen compounds,Organochlorides,,Organochlorides,Aliphatic acyclic compounds
LKPLKUMXSAEKID-UHFFFAOYSA-N,False,Organic compounds,Benzenoids,Benzene and substituted derivatives,Nitrobenzenes,Nitrobenzenes,Aromatic homomonocyclic compounds
IZUPBVBPLAPZRR-UHFFFAOYSA-N,False,Organic compounds,Benzenoids,Phenols,Halophenols,P-chlorophenols,Aromatic homomonocyclic compounds
CPJSUEIXXCENMM-UHFFFAOYSA-N,False,Organic compounds,Benzenoids,Benzene and substituted derivatives,Anilides,Acetanilides,Aromatic homomonocyclic compounds
VEQOALNAAJBPNY-UHFFFAOYSA-N,False,Organic compounds,Organoheterocyclic compounds,Azoles,Pyrazoles,Phenylpyrazoles,Aromatic heteromonocyclic compounds
QQBPIHBUCMDKFG-UHFFFAOYSA-N,False,Organic compounds,Organoheterocyclic compounds,Pyridines and derivatives,Aminopyridines and derivatives,Aminopyridines and derivatives,Aromatic heteromonocyclic compounds
IZJDOKYDEWTZSO-UHFFFAOYSA-N,False,Organic compounds,Benzenoids,Benzene and substituted derivatives,,Benzene and substituted derivatives,Aromatic homomonocyclic compounds
DDBREPKUVSBGFI-UHFFFAOYSA-N,False,Organic compounds,Organoheterocyclic compounds,Diazines,Pyrimidines and pyrimidine derivatives,Barbituric acid derivatives,Aromatic heteromonocyclic compounds
WRLGYAWRGXKSKG-UHFFFAOYSA-M,False,Organic compounds,Organoheterocyclic compounds,Diazines,Pyrimidines and pyrimidine derivatives,Barbituric acid derivatives,Aromatic heteromonocyclic compounds
ISWSIDIOOBJBQZ-UHFFFAOYSA-N,False,Organic compounds,Benzenoids,Phenols,1-hydroxy-4-unsubstituted benzenoids,1-hydroxy-4-unsubstituted benzenoids,Aromatic homomonocyclic compounds
KJFMBFZCATUALV-UHFFFAOYSA-N,False,Organic compounds,Organoheterocyclic compounds,Benzofurans,Benzofuranones,Benzofuranones,Aromatic heteropolycyclic compounds
QKFJKGMPGYROCL-UHFFFAOYSA-N,False,Organic compounds,Benzenoids,Benzene and substituted derivatives,,Benzene and substituted derivatives,Aromatic homomonocyclic compounds
QELUYTUMUWHWMC-UHFFFAOYSA-N,False,Organic compounds,Organoheterocyclic compounds,Azolines,Pyrazolines,Pyrazolones,Aromatic heteromonocyclic compounds
KEQFTVQCIQJIQW-UHFFFAOYSA-N,False,Organic compounds,Benzenoids,Naphthalenes,,Naphthalenes,Aromatic homopolycyclic compounds
FULZLIGZKMKICU-UHFFFAOYSA-N,False,Organic compounds,Benzenoids,Benzene and substituted derivatives,N-phenylthioureas,N-phenylthioureas,Aromatic homomonocyclic compounds
CBCKQZAAMUWICA-UHFFFAOYSA-N,False,Organic compounds,Benzenoids,Benzene and substituted derivatives,Aniline and substituted anilines,Aniline and substituted anilines,Aromatic homomonocyclic compounds
FQYUMYWMJTYZTK-UHFFFAOYSA-N,False,Organic compounds,Benzenoids,Phenol ethers,,Phenol ethers,Aromatic heteromonocyclic compounds
HKOOXMFOFWEVGF-UHFFFAOYSA-N,False,Organic compounds,Benzenoids,Benzene and substituted derivatives,Phenylhydrazines,Phenylhydrazines,Aromatic homomonocyclic compounds
JOVOSQBPPZZESK-UHFFFAOYSA-N,False,Organic compounds,Benzenoids,Benzene and substituted derivatives,Phenylhydrazines,Phenylhydrazines,Aromatic homomonocyclic compounds
XEBWQGVWTUSTLN-UHFFFAOYSA-M,False,Organic compounds,Benzenoids,Benzene and substituted derivatives,,Benzene and substituted derivatives,
LLEMOWNGBBNAJR-UHFFFAOYSA-N,False,Organic compounds,Benzenoids,Benzene and substituted derivatives,Biphenyls and derivatives,Biphenyls and derivatives,Aromatic homomonocyclic compounds
YXVFYQXJAXKLAK-UHFFFAOYSA-N,False,Organic compounds,Benzenoids,Benzene and substituted derivatives,Biphenyls and derivatives,Biphenyls and derivatives,Aromatic homomonocyclic compounds
KSQXVLVXUFHGJQ-UHFFFAOYSA-M,False,Organic compounds,Benzenoids,Benzene and substituted derivatives,Biphenyls and derivatives,Biphenyls and derivatives,Aromatic homomonocyclic compounds
RGCLLPNLLBQHPF-UHFFFAOYSA-N,False,Organic compounds,Organic acids and derivatives,Organic phosphoric acids and derivatives,Phosphate esters,Dialkyl phosphates,Aliphatic acyclic compounds
LGRFSURHDFAFJT-UHFFFAOYSA-N,False,Organic compounds,Organoheterocyclic compounds,Benzofurans,Benzofuranones,Phthalic anhydrides,Aromatic heteropolycyclic compounds
NQQVFXUMIDALNH-UHFFFAOYSA-N,False,Organic compounds,Organoheterocyclic compounds,Pyridines and derivatives,Pyridinecarboxylic acids and derivatives,Pyridinecarboxylic acids,Aromatic heteromonocyclic compounds
FIPWRIJSWJWJAI-UHFFFAOYSA-N,False,Organic compounds,Organoheterocyclic compounds,Benzodioxoles,,Benzodioxoles,Aromatic heteropolycyclic compounds
TYJJADVDDVDEDZ-UHFFFAOYSA-M,False,Organic compounds,Organic acids and derivatives,Organic carbonic acids and derivatives,Organic carbonic acids,Organic carbonic acids,Aliphatic acyclic compounds
WCUXLLCKKVVCTQ-UHFFFAOYSA-M,False,Inorganic compounds,Mixed metal/non-metal compounds,Alkali metal salts,Alkali metal chlorides,Alkali metal chlorides,
FSVJFNAIGNNGKK-UHFFFAOYSA-N,False,Organic compounds,Organoheterocyclic compounds,Tetrahydroisoquinolines,,Tetrahydroisoquinolines,Aromatic heteropolycyclic compounds
OIGNJSKKLXVSLS-VWUMJDOOSA-N,False,Organic compounds,Lipids and lipid-like molecules,Steroids and steroid derivatives,Hydroxysteroids,21-hydroxysteroids,Aliphatic homopolycyclic compounds
WJNRPILHGGKWCK-UHFFFAOYSA-N,False,Organic compounds,Organoheterocyclic compounds,Triazines,Aminotriazines,"1,3,5-triazine-2,4-diamines",Aromatic heteromonocyclic compounds
VEZXCJBBBCKRPI-UHFFFAOYSA-N,False,Organic compounds,Organoheterocyclic compounds,Lactones,Beta propiolactones,Beta propiolactones,Aliphatic heteromonocyclic compounds
ZMRUPTIKESYGQW-UHFFFAOYSA-N,False,Organic compounds,Benzenoids,Naphthalenes,,Naphthalenes,Aromatic homopolycyclic compounds
SGEJQUSYQTVSIU-UHFFFAOYSA-N,False,Organic compounds,Organosulfur compounds,Thiocarbonyl compounds,Thiocarbamic acid derivatives,Thiocarbamic acid derivatives,Aliphatic acyclic compounds
UEKQGZQLUMSLNW-UHFFFAOYSA-N,False,Organic compounds,Benzenoids,Naphthalenes,Naphthalenecarboxylic acids and derivatives,Naphthalenecarboxylic acids,Aromatic heteropolycyclic compounds
DNIAPMSPPWPWGF-UHFFFAOYSA-N,False,Organic compounds,Organic oxygen compounds,Organooxygen compounds,Alcohols and polyols,"1,2-diols",Aliphatic acyclic compounds
GOOHAUXETOMSMM-UHFFFAOYSA-N,False,Organic compounds,Organoheterocyclic compounds,Epoxides,,Epoxides,Aliphatic heteromonocyclic compounds
KNAHARQHSZJURB-UHFFFAOYSA-N,False,Organic compounds,Organoheterocyclic compounds,Diazines,Pyrimidines and pyrimidine derivatives,Pyrimidones,Aromatic heteromonocyclic compounds
YQUVCSBJEUQKSH-UHFFFAOYSA-N,False,Organic compounds,Benzenoids,Benzene and substituted derivatives,Benzoic acids and derivatives,Hydroxybenzoic acid derivatives,Aromatic homomonocyclic compounds
BBNQQADTFFCFGB-UHFFFAOYSA-N,False,Organic compounds,Benzenoids,Anthracenes,Anthraquinones,Hydroxyanthraquinones,Aromatic homopolycyclic compounds
WKSAUQYGYAYLPV-UHFFFAOYSA-N,False,Organic compounds,Organoheterocyclic compounds,Diazines,Pyrimidines and pyrimidine derivatives,Aminopyrimidines and derivatives,Aromatic heteromonocyclic compounds
REFJWTPEDVJJIY-UHFFFAOYSA-N,False,Organic compounds,Phenylpropanoids and polyketides,Flavonoids,Flavones,Flavonols,Aromatic heteropolycyclic compounds
GHMLBKRAJCXXBS-UHFFFAOYSA-N,False,Organic compounds,Benzenoids,Phenols,Benzenediols,Resorcinols,Aromatic homomonocyclic compounds
XFKVYXCRNATCOO-UHFFFAOYSA-M,False,Organic compounds,Organoheterocyclic compounds,Benzopyrans,1-benzopyrans,Xanthenes,Aromatic heteropolycyclic compounds
JQXXHWHPUNPDRT-WLSIYKJHSA-N,False,Organic compounds,Phenylpropanoids and polyketides,Macrolactams,,Macrolactams,Aromatic heteropolycyclic compounds
NIKFYOSELWJIOF-SVFFXJIWSA-N,False,Organic compounds,Benzenoids,Benzene and substituted derivatives,Diphenylmethanes,Diphenylmethanes,Aromatic homomonocyclic compounds
JUVIOZPCNVVQFO-HBGVWJBISA-N,False,Organic compounds,Phenylpropanoids and polyketides,Isoflavonoids,Rotenoids,Rotenones,Aromatic heteropolycyclic compounds
WINXNKPZLFISPD-UHFFFAOYSA-M,False,Organic compounds,Organoheterocyclic compounds,Benzothiazoles,,Benzothiazoles,Aromatic heteropolycyclic compounds
ZMQAAUBTXCXRIC-UHFFFAOYSA-N,False,Organic compounds,Organoheterocyclic compounds,Benzodioxoles,,Benzodioxoles,Aromatic heteropolycyclic compounds
JPJALAQPGMAKDF-UHFFFAOYSA-N,False,Inorganic compounds,Homogeneous non-metal compounds,Other non-metal organides,Other non-metal oxides,Other non-metal oxides,
ODCWYMIRDDJXKW-UHFFFAOYSA-N,False,Organic compounds,Organoheterocyclic compounds,Triazines,"1,3,5-triazines",Chloro-s-triazines,Aromatic heteromonocyclic compounds
UIIMBOGNXHQVGW-UHFFFAOYSA-M,False,Organic compounds,Organic acids and derivatives,Organic carbonic acids and derivatives,Organic carbonic acids,Organic carbonic acids,Aliphatic acyclic compounds
FAPWRFPIFSIZLT-UHFFFAOYSA-M,False,Inorganic compounds,Mixed metal/non-metal compounds,Alkali metal salts,Alkali metal chlorides,Alkali metal chlorides,
UKLNMMHNWFDKNT-UHFFFAOYSA-M,False,Inorganic compounds,Mixed metal/non-metal compounds,Alkali metal oxoanionic compounds,Alkali metal chlorites,Alkali metal chlorites,
SUKJFIGYRHOWBL-UHFFFAOYSA-N,False,Inorganic compounds,Mixed metal/non-metal compounds,Alkali metal oxoanionic compounds,Alkali metal hypochlorites,Alkali metal hypochlorites,
PPBRXRYQALVLMV-UHFFFAOYSA-N,False,Organic compounds,Benzenoids,Benzene and substituted derivatives,Styrenes,Styrenes,Aromatic homomonocyclic compounds
AWMVMTVKBNGEAK-UHFFFAOYSA-N,False,Organic compounds,Benzenoids,Benzene and substituted derivatives,,Benzene and substituted derivatives,Aromatic heteromonocyclic compounds
RINCXYDBBGOEEQ-UHFFFAOYSA-N,False,Organic compounds,Organic acids and derivatives,Carboxylic acids and derivatives,Dicarboxylic acids and derivatives,Dicarboxylic acids and derivatives,Aliphatic heteromonocyclic compounds
XJCLWVXTCRQIDI-UHFFFAOYSA-N,False,Organic compounds,Organic acids and derivatives,Dithiocarbamic acids and derivatives,Dithiocarbamic acid esters,Dithiocarbamic acid esters,Aliphatic acyclic compounds
ASWVTGNCAZCNNR-UHFFFAOYSA-N,False,Organic compounds,Benzenoids,Benzene and substituted derivatives,Benzenesulfonamides,Aminobenzenesulfonamides,Aromatic heteromonocyclic compounds
PMZURENOXWZQFD-UHFFFAOYSA-L,False,Inorganic compounds,Mixed metal/non-metal compounds,Alkali metal oxoanionic compounds,Alkali metal sulfates,Alkali metal sulfates,
NHUHCSRWZMLRLA-UHFFFAOYSA-N,False,Organic compounds,Benzenoids,Benzene and substituted derivatives,Benzenesulfonamides,Aminobenzenesulfonamides,Aromatic heteromonocyclic compounds
BXFOFFBJRFZBQZ-QYWOHJEZSA-N,False,Organic compounds,Lipids and lipid-like molecules,Prenol lipids,Sesquiterpenoids,Trichothecenes,Aliphatic heteropolycyclic compounds
XOAAWQZATWQOTB-UHFFFAOYSA-N,False,Organic compounds,Organic acids and derivatives,Organic sulfonic acids and derivatives,Organosulfonic acids and derivatives,Organosulfonic acids,Aliphatic acyclic compounds
PFEFOYRSMXVNEL-UHFFFAOYSA-N,False,Organic compounds,Benzenoids,Benzene and substituted derivatives,Phenylpropanes,Phenylpropanes,Aromatic homomonocyclic compounds
BGPPUXMKKQMWLV-UHFFFAOYSA-N,False,Organic compounds,Benzenoids,Benzene and substituted derivatives,Nitrobenzenes,Nitrophenyl ethers,Aromatic homomonocyclic compounds
HGUFODBRKLSHSI-UHFFFAOYSA-N,False,Organic compounds,Organoheterocyclic compounds,Benzodioxins,Benzo-p-dioxins,Chlorinated dibenzo-p-dioxins,Aromatic heteropolycyclic compounds
MLGCXEBRWGEOQX-UHFFFAOYSA-N,False,Organic compounds,Benzenoids,Benzene and substituted derivatives,Benzenesulfonyl compounds,Benzenesulfonyl compounds,Aromatic homomonocyclic compounds
QVLAWKAXOMEXPM-UHFFFAOYSA-N,False,Organic compounds,Organohalogen compounds,Organochlorides,,Organochlorides,Aliphatic acyclic compounds
QPFMBZIOSGYJDE-UHFFFAOYSA-N,False,Organic compounds,Organohalogen compounds,Organochlorides,,Organochlorides,Aliphatic acyclic compounds
CYTYCFOTNPOANT-UHFFFAOYSA-N,False,Organic compounds,Organohalogen compounds,Vinyl halides,Vinyl chlorides,Vinyl chlorides,Aliphatic acyclic compounds
XMEVHPAGJVLHIG-FMZCEJRJSA-N,False,Organic compounds,Phenylpropanoids and polyketides,Tetracyclines,,Tetracyclines,Aromatic homopolycyclic compounds
AUZONCFQVSMFAP-UHFFFAOYSA-N,False,Organic compounds,Organic nitrogen compounds,Organonitrogen compounds,Amines,Thiuram disulfides,Aliphatic acyclic compounds
LVGUZGTVOIAKKC-UHFFFAOYSA-N,True,Organic compounds,Organohalogen compounds,Organofluorides,,Organofluorides,Aliphatic acyclic compounds
WYURNTSHIVDZCO-UHFFFAOYSA-N,False,Organic compounds,Organoheterocyclic compounds,Tetrahydrofurans,,Tetrahydrofurans,Aliphatic heteromonocyclic compounds
YIEDHPBKGZGLIK-UHFFFAOYSA-L,False,Organic compounds,Organic salts,Organic sulfate salts,,Organic sulfate salts,
KUAZQDVKQLNFPE-UHFFFAOYSA-N,False,Organic compounds,Organic nitrogen compounds,Organonitrogen compounds,Amines,Thiuram disulfides,Aliphatic acyclic compounds
REQPQFUJGGOFQL-UHFFFAOYSA-N,False,Organic compounds,Organosulfur compounds,Sulfenyl compounds,,Sulfenyl compounds,Aliphatic acyclic compounds
ZFXYFBGIUFBOJW-UHFFFAOYSA-N,False,Organic compounds,Organoheterocyclic compounds,Imidazopyrimidines,Purines and purine derivatives,Xanthines,Aromatic heteropolycyclic compounds
WJCNZQLZVWNLKY-UHFFFAOYSA-N,False,Organic compounds,Organoheterocyclic compounds,Benzimidazoles,,Benzimidazoles,Aromatic heteropolycyclic compounds
OTVAEFIXJLOWRX-NXEZZACHSA-N,False,Organic compounds,Benzenoids,Benzene and substituted derivatives,Benzenesulfonyl compounds,Benzenesulfonyl compounds,Aromatic homomonocyclic compounds
YUKQRDCYNOVPGJ-UHFFFAOYSA-N,False,Organic compounds,Organosulfur compounds,Thioamides,,Thioamides,Aliphatic acyclic compounds
JFIOVJDNOJYLKP-UHFFFAOYSA-N,False,Organic compounds,Organosulfur compounds,Thioethers,Aryl thioethers,Diarylthioethers,Aromatic homomonocyclic compounds
VGTPCRGMBIAPIM-UHFFFAOYSA-M,False,Organic compounds,Organosulfur compounds,Thiocyanates,Metal thiocyanates,Metal thiocyanates,Aliphatic acyclic compounds
BRWIZMBXBAOCCF-UHFFFAOYSA-N,False,Organic compounds,Organic nitrogen compounds,Organonitrogen compounds,Hydrazines and derivatives,Thiosemicarbazides,Aliphatic acyclic compounds
ZEMGGZBWXRYJHK-UHFFFAOYSA-N,False,Organic compounds,Organoheterocyclic compounds,Diazines,Pyrimidines and pyrimidine derivatives,Pyrimidones,Aromatic heteromonocyclic compounds
UMGDCJDMYOKAJW-UHFFFAOYSA-N,False,Organic compounds,Organosulfur compounds,Thioureas,,Thioureas,Aliphatic acyclic compounds
YXFVVABEGXRONW-UHFFFAOYSA-N,False,Organic compounds,Benzenoids,Benzene and substituted derivatives,Toluenes,Toluenes,Aromatic homomonocyclic compounds
DIKBFYAXUHHXCS-UHFFFAOYSA-N,False,Organic compounds,Organohalogen compounds,Alkyl halides,Halomethanes,Trihalomethanes,Aliphatic acyclic compounds
AJDIZQLSFPQPEY-UHFFFAOYSA-N,False,Organic compounds,Organohalogen compounds,Alkyl halides,Alkyl chlorides,Chlorofluorocarbons,Aliphatic acyclic compounds
YNJBWRMUSHSURL-UHFFFAOYSA-N,False,Organic compounds,Organic acids and derivatives,Carboxylic acids and derivatives,Alpha-halocarboxylic acids and derivatives,Alpha-halocarboxylic acids,Aliphatic acyclic compounds
NATVSFWWYVJTAZ-UHFFFAOYSA-N,False,Organic compounds,Benzenoids,Benzene and substituted derivatives,Aniline and substituted anilines,Aniline and substituted anilines,Aromatic homomonocyclic compounds
UBOXGVDOUJQMTN-UHFFFAOYSA-N,False,Organic compounds,Organohalogen compounds,Organochlorides,,Organochlorides,Aliphatic acyclic compounds
UOCLXMDMGBRAIB-UHFFFAOYSA-N,False,Organic compounds,Organohalogen compounds,Organochlorides,,Organochlorides,Aliphatic acyclic compounds
XSTXAVWGXDQKEL-UHFFFAOYSA-N,False,Organic compounds,Organohalogen compounds,Vinyl halides,Vinyl chlorides,Vinyl chlorides,Aliphatic acyclic compounds
HKIOYBQGHSTUDB-UHFFFAOYSA-N,False,Organic compounds,Organoheterocyclic compounds,Isoindoles and derivatives,Isoindolines,Phthalimides,Aromatic heteropolycyclic compounds
LINPIYWFGCPVIE-UHFFFAOYSA-N,False,Organic compounds,Benzenoids,Phenols,Halophenols,P-chlorophenols,Aromatic homomonocyclic compounds
ZLSWBLPERHFHIS-UHFFFAOYSA-N,False,Organic compounds,Benzenoids,Benzene and substituted derivatives,2-phenoxypropionic acids,2-phenoxypropionic acids,Aromatic homomonocyclic compounds
SMYMJHWAQXWPDB-UHFFFAOYSA-N,False,Organic compounds,Benzenoids,Benzene and substituted derivatives,Phenoxyacetic acid derivatives,Chlorophenoxyacetates,Aromatic homomonocyclic compounds
NFACJZMKEDPNKN-UHFFFAOYSA-N,False,Organic compounds,Organic acids and derivatives,Organic phosphonic acids and derivatives,Phosphonic acid diesters,Dialkyl alkylphosphonates,Aliphatic acyclic compounds
CFXQEHVMCRXUSD-UHFFFAOYSA-N,False,Organic compounds,Organohalogen compounds,Organochlorides,,Organochlorides,Aliphatic acyclic compounds
GSEJCLTVZPLZKY-UHFFFAOYSA-N,False,Organic compounds,Organic nitrogen compounds,Organonitrogen compounds,Amines,"1,2-aminoalcohols",Aliphatic acyclic compounds
ZIBGPFATKBEMQZ-UHFFFAOYSA-N,False,Organic compounds,Organic oxygen compounds,Organooxygen compounds,Ethers,Polyethylene glycols,Aliphatic acyclic compounds
ZSDSQXJSNMTJDA-UHFFFAOYSA-N,True,Organic compounds,Benzenoids,Benzene and substituted derivatives,Aniline and substituted anilines,Dinitroanilines,Aromatic homomonocyclic compounds
GWHJZXXIDMPWGX-UHFFFAOYSA-N,False,Organic compounds,Benzenoids,Benzene and substituted derivatives,,Benzene and substituted derivatives,Aromatic homomonocyclic compounds
WVLBCYQITXONBZ-UHFFFAOYSA-N,False,Organic compounds,Organic acids and derivatives,Organic phosphoric acids and derivatives,Phosphate esters,Trialkyl phosphates,Aliphatic acyclic compounds
JAEZSIYNWDWMMN-UHFFFAOYSA-N,False,Organic compounds,Organosulfur compounds,Thioureas,,Thioureas,Aliphatic acyclic compounds
XMWRWTSZNLOZFN-UHFFFAOYSA-N,False,Organic compounds,Benzenoids,Benzene and substituted derivatives,Nitrobenzenes,Nitrobenzenes,Aromatic homomonocyclic compounds
UATJOMSPNYCXIX-UHFFFAOYSA-N,False,Organic compounds,Benzenoids,Benzene and substituted derivatives,Nitrobenzenes,Nitrobenzenes,Aromatic homomonocyclic compounds
SNIOPGDIGTZGOP-UHFFFAOYSA-N,False,Organic compounds,Organic oxygen compounds,Organic oxoanionic compounds,Organic nitrates,Alkyl nitrates,Aliphatic acyclic compounds
HQUQLFOMPYWACS-UHFFFAOYSA-N,False,Organic compounds,Organic acids and derivatives,Organic phosphoric acids and derivatives,Phosphate esters,Trialkyl phosphates,Aliphatic acyclic compounds
PQYJRMFWJJONBO-UHFFFAOYSA-N,False,Organic compounds,Organic acids and derivatives,Organic phosphoric acids and derivatives,Phosphate esters,Trialkyl phosphates,Aliphatic acyclic compounds
GTVWRXDRKAHEAD-UHFFFAOYSA-N,False,Organic compounds,Organic acids and derivatives,Organic phosphoric acids and derivatives,Phosphate esters,Trialkyl phosphates,Aliphatic acyclic compounds
ISAKRJDGNUQOIC-UHFFFAOYSA-N,False,Organic compounds,Organoheterocyclic compounds,Diazines,Pyrimidines and pyrimidine derivatives,Pyrimidones,Aromatic heteromonocyclic compounds
XSQUKJJJFZCRTK-UHFFFAOYSA-N,False,Organic compounds,Organic acids and derivatives,Organic carbonic acids and derivatives,Ureas,Ureas,Aliphatic acyclic compounds
JOYRKODLDBILNP-UHFFFAOYSA-N,False,Organic compounds,Organic acids and derivatives,Carboximidic acids and derivatives,,Carboximidic acids and derivatives,Aliphatic acyclic compounds
UUUGYDOQQLOJQA-UHFFFAOYSA-L,False,Inorganic compounds,Mixed metal/non-metal compounds,Transition metal oxoanionic compounds,Transition metal sulfates,Transition metal sulfates,
XTXRWKRVRITETP-UHFFFAOYSA-N,False,Organic compounds,Organic acids and derivatives,Carboxylic acids and derivatives,Carboxylic acid derivatives,Enol esters,Aliphatic acyclic compounds
BZHJMEDXRYGGRV-UHFFFAOYSA-N,False,Organic compounds,Organohalogen compounds,Vinyl halides,Vinyl chlorides,Vinyl chlorides,Aliphatic acyclic compounds
LGXVIGDEPROXKC-UHFFFAOYSA-N,False,Organic compounds,Organic oxygen compounds,Organooxygen compounds,Ketene acetals,Ketene acetals,Aliphatic acyclic compounds
AXMCIYLNKNGNOT-UHFFFAOYSA-M,False,Organic compounds,Benzenoids,Benzene and substituted derivatives,Phenylmethylamines,Phenylbenzamines,Aromatic homomonocyclic compounds
MBMQEIFVQACCCH-QBODLPLBSA-N,False,Organic compounds,Phenylpropanoids and polyketides,Macrolides and analogues,Zearalenones,Zearalenones,Aromatic heteropolycyclic compounds
RKQOSDAEEGPRER-UHFFFAOYSA-L,False,Organic compounds,Organosulfur compounds,,,Organosulfur compounds,
DUBNHZYBDBBJHD-UHFFFAOYSA-L,False,Organic compounds,Organic salts,Organic metal salts,Organic transition metal salts,Organic transition metal salts,
AMHNZOICSMBGDH-UHFFFAOYSA-L,False,Organic compounds,Organic salts,Organic metal salts,Organic transition metal salts,Organic transition metal salts,Aliphatic acyclic compounds
KGJZTOFHXCFQIV-UHFFFAOYSA-N,False,Inorganic compounds,Mixed metal/non-metal compounds,Metalloid salts,Metalloid fluorides,Metalloid fluorides,
CSCPPACGZOOCGX-UHFFFAOYSA-N,False,Organic compounds,Organic oxygen compounds,Organooxygen compounds,Carbonyl compounds,Ketones,Aliphatic acyclic compounds
XNGIFLGASWRNHJ-UHFFFAOYSA-N,False,Organic compounds,Benzenoids,Benzene and substituted derivatives,Benzoic acids and derivatives,Benzoic acids,Aromatic homomonocyclic compounds
JFDZBHWFFUWGJE-UHFFFAOYSA-N,False,Organic compounds,Benzenoids,Benzene and substituted derivatives,Benzonitriles,Benzonitriles,Aromatic homomonocyclic compounds
SUSQOBVLVYHIEX-UHFFFAOYSA-N,False,Organic compounds,Benzenoids,Benzene and substituted derivatives,Benzyl cyanides,Benzyl cyanides,Aromatic homomonocyclic compounds
KDPAWGWELVVRCH-UHFFFAOYSA-N,False,Organic compounds,Organic acids and derivatives,Carboxylic acids and derivatives,Alpha-halocarboxylic acids and derivatives,Alpha-halocarboxylic acids,Aliphatic acyclic compounds
REXUYBKPWIPONM-UHFFFAOYSA-N,False,Organic compounds,Organic nitrogen compounds,Organonitrogen compounds,Organic cyanides,Nitriles,Aliphatic acyclic compounds
ZTQSAGDEMFDKMZ-UHFFFAOYSA-N,False,Organic compounds,Organic oxygen compounds,Organooxygen compounds,Carbonyl compounds,Alpha-hydrogen aldehydes,Aliphatic acyclic compounds
FERIUCNNQQJTOY-UHFFFAOYSA-N,False,Organic compounds,Lipids and lipid-like molecules,Fatty Acyls,Fatty acids and conjugates,Straight chain fatty acids,Aliphatic acyclic compounds
ZWEHNKRNPOVVGH-UHFFFAOYSA-N,False,Organic compounds,Organic oxygen compounds,Organooxygen compounds,Carbonyl compounds,Ketones,Aliphatic acyclic compounds
VZCYOOQTPOCHFL-UPHRSURJSA-N,False,Organic compounds,Organic acids and derivatives,Carboxylic acids and derivatives,Dicarboxylic acids and derivatives,Dicarboxylic acids and derivatives,Aliphatic acyclic compounds
VZCYOOQTPOCHFL-OWOJBTEDSA-N,False,Organic compounds,Organic acids and derivatives,Carboxylic acids and derivatives,Dicarboxylic acids and derivatives,Dicarboxylic acids and derivatives,Aliphatic acyclic compounds
OAYXUHPQHDHDDZ-UHFFFAOYSA-N,False,Organic compounds,Organic oxygen compounds,Organooxygen compounds,Ethers,Dialkyl ethers,Aliphatic acyclic compounds
RENMDAKOXSCIGH-UHFFFAOYSA-N,False,Organic compounds,Organic nitrogen compounds,Organonitrogen compounds,Organic cyanides,Nitriles,Aliphatic acyclic compounds
NEHMKBQYUWJMIP-UHFFFAOYSA-N,False,Organic compounds,Organohalogen compounds,Alkyl halides,Halomethanes,Halomethanes,Aliphatic acyclic compounds
ISPYQTSUDJAMAB-UHFFFAOYSA-N,False,Organic compounds,Benzenoids,Phenols,Halophenols,O-chlorophenols,Aromatic homomonocyclic compounds
QEYMMOKECZBKAC-UHFFFAOYSA-N,False,Organic compounds,Organic acids and derivatives,Carboxylic acids and derivatives,Carboxylic acids,Carboxylic acids,Aliphatic acyclic compounds
ATDGTVJJHBUTRL-UHFFFAOYSA-N,False,Organic compounds,Organic nitrogen compounds,Organonitrogen compounds,Organic cyanides,Cyanogens,Aliphatic acyclic compounds
QPJDMGCKMHUXFD-UHFFFAOYSA-N,False,Organic compounds,Organic nitrogen compounds,Organonitrogen compounds,Organic cyanides,Cyanogens,Aliphatic acyclic compounds
DDTBPAQBQHZRDW-UHFFFAOYSA-N,False,Organic compounds,Hydrocarbons,Saturated hydrocarbons,Cycloalkanes,Cycloalkanes,Aliphatic homomonocyclic compounds
WCGGWVOVFQNRRS-UHFFFAOYSA-N,False,Organic compounds,Organic acids and derivatives,Carboxylic acids and derivatives,Carboxylic acid derivatives,Primary carboxylic acid amides,Aliphatic acyclic compounds
STZZWJCGRKXEFF-UHFFFAOYSA-N,False,Organic compounds,Organic nitrogen compounds,Organonitrogen compounds,Organic cyanides,Nitriles,Aliphatic acyclic compounds
GRLQBYQELUWBIO-UHFFFAOYSA-N,False,Organic compounds,Benzenoids,Benzene and substituted derivatives,Halobenzenes,Dichlorobenzenes,Aromatic homomonocyclic compounds
NDUPDOJHUQKPAG-UHFFFAOYSA-N,False,Organic compounds,Organic acids and derivatives,Carboxylic acids and derivatives,Alpha-halocarboxylic acids and derivatives,Alpha-halocarboxylic acids,Aliphatic acyclic compounds
MTZWHHIREPJPTG-UHFFFAOYSA-N,False,Organic compounds,Organic oxygen compounds,Organooxygen compounds,Carbonyl compounds,Enones,Aliphatic acyclic compounds
FXHGMKSSBGDXIY-UHFFFAOYSA-N,False,Organic compounds,Organic oxygen compounds,Organooxygen compounds,Carbonyl compounds,Medium-chain aldehydes,Aliphatic acyclic compounds
DOJXGHGHTWFZHK-UHFFFAOYSA-N,False,Organic compounds,Organic oxygen compounds,Organooxygen compounds,Carbonyl compounds,Alpha-chloroketones,Aliphatic acyclic compounds
IPCSVZSSVZVIGE-UHFFFAOYSA-N,False,Organic compounds,Lipids and lipid-like molecules,Fatty Acyls,Fatty acids and conjugates,Long-chain fatty acids,Aliphatic acyclic compounds
JARKCYVAAOWBJS-UHFFFAOYSA-N,False,Organic compounds,Organic oxygen compounds,Organooxygen compounds,Carbonyl compounds,Medium-chain aldehydes,Aliphatic acyclic compounds
WNLRTRBMVRJNCN-UHFFFAOYSA-N,False,Organic compounds,Lipids and lipid-like molecules,Fatty Acyls,Fatty acids and conjugates,Medium-chain fatty acids,Aliphatic acyclic compounds
FUZZWVXGSFPDMH-UHFFFAOYSA-N,False,Organic compounds,Lipids and lipid-like molecules,Fatty Acyls,Fatty acids and conjugates,Medium-chain fatty acids,Aliphatic acyclic compounds
IJFXRHURBJZNAO-UHFFFAOYSA-N,False,Organic compounds,Benzenoids,Benzene and substituted derivatives,Benzoic acids and derivatives,Hydroxybenzoic acid derivatives,Aromatic homomonocyclic compounds
QARBMVPHQWIHKH-UHFFFAOYSA-N,False,Organic compounds,Organohalogen compounds,Sulfonyl halides,Sulfonyl chlorides,Sulfonyl chlorides,Aliphatic acyclic compounds
YGHRJJRRZDOVPD-UHFFFAOYSA-N,False,Organic compounds,Organic oxygen compounds,Organooxygen compounds,Carbonyl compounds,Alpha-hydrogen aldehydes,Aliphatic acyclic compounds
UHEPJGULSIKKTP-UHFFFAOYSA-N,False,Organic compounds,Organic oxygen compounds,Organooxygen compounds,Carbonyl compounds,Ketones,Aliphatic acyclic compounds
AMIMRNSIRUDHCM-UHFFFAOYSA-N,False,Organic compounds,Organic oxygen compounds,Organooxygen compounds,Carbonyl compounds,Short-chain aldehydes,Aliphatic acyclic compounds
KQNPFQTWMSNSAP-UHFFFAOYSA-N,False,Organic compounds,Organic acids and derivatives,Carboxylic acids and derivatives,Carboxylic acids,Carboxylic acids,Aliphatic acyclic compounds
BDJRBEYXGGNYIS-UHFFFAOYSA-N,False,Organic compounds,Lipids and lipid-like molecules,Fatty Acyls,Fatty acids and conjugates,Medium-chain fatty acids,Aliphatic acyclic compounds
FBUKVWPVBMHYJY-UHFFFAOYSA-N,False,Organic compounds,Lipids and lipid-like molecules,Fatty Acyls,Fatty acids and conjugates,Medium-chain fatty acids,Aliphatic acyclic compounds
QIQXTHQIDYTFRH-UHFFFAOYSA-N,False,Organic compounds,Lipids and lipid-like molecules,Fatty Acyls,Fatty acids and conjugates,Long-chain fatty acids,Aliphatic acyclic compounds
JOOXCMJARBKPKM-UHFFFAOYSA-N,False,Organic compounds,Organic acids and derivatives,Keto acids and derivatives,Gamma-keto acids and derivatives,Gamma-keto acids and derivatives,Aliphatic acyclic compounds
LCTONWCANYUPML-UHFFFAOYSA-N,False,Organic compounds,Organic acids and derivatives,Keto acids and derivatives,Alpha-keto acids and derivatives,Alpha-keto acids and derivatives,Aliphatic acyclic compounds
RVSIFWBAGVMQKT-UHFFFAOYSA-N,False,Organic compounds,Organic oxygen compounds,Organooxygen compounds,Carbonyl compounds,Alpha-chloroketones,Aliphatic acyclic compounds
HGBOYTHUEUWSSQ-UHFFFAOYSA-N,False,Organic compounds,Organic oxygen compounds,Organooxygen compounds,Carbonyl compounds,Alpha-hydrogen aldehydes,Aliphatic acyclic compounds
JFCQEDHGNNZCLN-UHFFFAOYSA-N,False,Organic compounds,Organic acids and derivatives,Carboxylic acids and derivatives,Dicarboxylic acids and derivatives,Dicarboxylic acids and derivatives,Aliphatic acyclic compounds
NQPDZGIKBAWPEJ-UHFFFAOYSA-N,False,Organic compounds,Lipids and lipid-like molecules,Fatty Acyls,Fatty acids and conjugates,Straight chain fatty acids,Aliphatic acyclic compounds
WLJVXDMOQOGPHL-UHFFFAOYSA-N,False,Organic compounds,Benzenoids,Benzene and substituted derivatives,,Benzene and substituted derivatives,Aromatic homomonocyclic compounds
NBBJYMSMWIIQGU-UHFFFAOYSA-N,False,Organic compounds,Organic oxygen compounds,Organooxygen compounds,Carbonyl compounds,Alpha-hydrogen aldehydes,Aliphatic acyclic compounds
OFOBLEOULBTSOW-UHFFFAOYSA-N,False,Organic compounds,Organic acids and derivatives,Carboxylic acids and derivatives,Dicarboxylic acids and derivatives,Dicarboxylic acids and derivatives,Aliphatic acyclic compounds
UHUFTBALEZWWIH-UHFFFAOYSA-N,False,Organic compounds,Lipids and lipid-like molecules,Fatty Acyls,Fatty aldehydes,Fatty aldehydes,Aliphatic acyclic compounds
QIONYIKHPASLHO-UHFFFAOYSA-N,False,Organic compounds,Organic acids and derivatives,Carboxylic acids and derivatives,Alpha-halocarboxylic acids and derivatives,Alpha-halocarboxylic acids,Aliphatic acyclic compounds
DRUIESSIVFYOMK-UHFFFAOYSA-N,False,Organic compounds,Organic nitrogen compounds,Organonitrogen compounds,Organic cyanides,Nitriles,Aliphatic acyclic compounds
SMZHKGXSEAGRTI-UHFFFAOYSA-N,False,Organic compounds,Organic oxygen compounds,Organooxygen compounds,Carbonyl compounds,Alpha-chloroketones,Aliphatic acyclic compounds
ZDPHROOEEOARMN-UHFFFAOYSA-N,False,Organic compounds,Lipids and lipid-like molecules,Fatty Acyls,Fatty acids and conjugates,Medium-chain fatty acids,Aliphatic acyclic compounds
OEIWPNWSDYFMIL-UHFFFAOYSA-N,False,Organic compounds,Benzenoids,Benzene and substituted derivatives,Benzoic acids and derivatives,p-Phthalate esters,Aromatic homomonocyclic compounds
ABBQHOQBGMUPJH-UHFFFAOYSA-M,False,Organic compounds,Benzenoids,Benzene and substituted derivatives,Benzoic acids and derivatives,Salicylic acids,Aromatic homomonocyclic compounds
KXDAEFPNCMNJSK-UHFFFAOYSA-N,False,Organic compounds,Benzenoids,Benzene and substituted derivatives,Benzoic acids and derivatives,Benzamides,Aromatic homomonocyclic compounds
HTZCNXWZYVXIMZ-UHFFFAOYSA-M,False,Organic compounds,Benzenoids,Benzene and substituted derivatives,Phenylmethylamines,Phenylmethylamines,Aromatic homomonocyclic compounds
QGMRQYFBGABWDR-UHFFFAOYSA-M,False,Organic compounds,Organoheterocyclic compounds,Diazines,Pyrimidines and pyrimidine derivatives,Barbituric acid derivatives,Aliphatic heteromonocyclic compounds
MJVAVZPDRWSRRC-UHFFFAOYSA-N,False,Organic compounds,Benzenoids,Naphthalenes,Naphthoquinones,Naphthoquinones,Aromatic homopolycyclic compounds
VGVRPFIJEJYOFN-UHFFFAOYSA-N,False,Organic compounds,Benzenoids,Phenols,Halophenols,P-chlorophenols,Aromatic homomonocyclic compounds
CFKMVGJGLGKFKI-UHFFFAOYSA-N,False,Organic compounds,Benzenoids,Phenols,Cresols,Meta cresols,Aromatic homomonocyclic compounds
RHTNTTODYGNRSP-UHFFFAOYSA-N,False,Organic compounds,Benzenoids,Benzene and substituted derivatives,,Benzene and substituted derivatives,Aromatic heteromonocyclic compounds
RTZKZFJDLAIYFH-UHFFFAOYSA-N,False,Organic compounds,Organic oxygen compounds,Organooxygen compounds,Ethers,Dialkyl ethers,Aliphatic acyclic compounds
SKZKKFZAGNVIMN-UHFFFAOYSA-N,False,Organic compounds,Benzenoids,Phenols,1-hydroxy-4-unsubstituted benzenoids,1-hydroxy-4-unsubstituted benzenoids,Aromatic homomonocyclic compounds
DOBMPNYZJYQDGZ-UHFFFAOYSA-N,False,Organic compounds,Phenylpropanoids and polyketides,Coumarins and derivatives,Hydroxycoumarins,4-hydroxycoumarins,Aromatic heteropolycyclic compounds
QWLHJVDRPZNVBS-UHFFFAOYSA-N,False,Organic compounds,Benzenoids,Benzene and substituted derivatives,Diphenylethers,Diphenylethers,Aromatic homomonocyclic compounds
OKKJLVBELUTLKV-UHFFFAOYSA-N,False,Organic compounds,Organic oxygen compounds,Organooxygen compounds,Alcohols and polyols,Primary alcohols,Aliphatic acyclic compounds
IAZDPXIOMUYVGZ-UHFFFAOYSA-N,False,Organic compounds,Organosulfur compounds,Sulfoxides,,Sulfoxides,Aliphatic acyclic compounds
FSWXOANXOQPCFF-UHFFFAOYSA-N,False,Organic compounds,Organic oxygen compounds,Organooxygen compounds,Carbonyl compounds,Alkyl-phenylketones,Aromatic homomonocyclic compounds
BDERNNFJNOPAEC-UHFFFAOYSA-N,False,Organic compounds,Organic oxygen compounds,Organooxygen compounds,Alcohols and polyols,Primary alcohols,Aliphatic acyclic compounds
LRHPLDYGYMQRHN-UHFFFAOYSA-N,False,Organic compounds,Organic oxygen compounds,Organooxygen compounds,Alcohols and polyols,Primary alcohols,Aliphatic acyclic compounds
AMQJEAYHLZJPGS-UHFFFAOYSA-N,False,Organic compounds,Organic oxygen compounds,Organooxygen compounds,Alcohols and polyols,Primary alcohols,Aliphatic acyclic compounds
AWLILQARPMWUHA-UHFFFAOYSA-M,False,Organic compounds,Organoheterocyclic compounds,Diazines,Pyrimidines and pyrimidine derivatives,Thiobarbituric acid derivatives,Aliphatic heteromonocyclic compounds
OKIZCWYLBDKLSU-UHFFFAOYSA-M,False,Organic compounds,Organic nitrogen compounds,Organonitrogen compounds,Quaternary ammonium salts,Tetraalkylammonium salts,Aliphatic acyclic compounds
RHQDFWAXVIIEBN-UHFFFAOYSA-N,True,Organic compounds,Organohalogen compounds,Halohydrins,Fluorohydrins,Fluorohydrins,Aliphatic acyclic compounds
PJGSXYOJTGTZAV-UHFFFAOYSA-N,False,Organic compounds,Organic oxygen compounds,Organooxygen compounds,Carbonyl compounds,Ketones,Aliphatic acyclic compounds
YIROYDNZEPTFOL-UHFFFAOYSA-N,False,Organic compounds,Organoheterocyclic compounds,Azolidines,Imidazolidines,Hydantoins,Aliphatic heteromonocyclic compounds
FRDAATYAJDYRNW-UHFFFAOYSA-N,False,Organic compounds,Organic oxygen compounds,Organooxygen compounds,Alcohols and polyols,Tertiary alcohols,Aliphatic acyclic compounds
QXLPXWSKPNOQLE-UHFFFAOYSA-N,False,Organic compounds,Organic oxygen compounds,Organooxygen compounds,Carbonyl compounds,Ynones,Aliphatic acyclic compounds
QYLFHLNFIHBCPR-UHFFFAOYSA-N,False,Organic compounds,Organic oxygen compounds,Organooxygen compounds,Alcohols and polyols,Cyclohexanols,Aliphatic homomonocyclic compounds
WTLBZVNBAKMVDP-UHFFFAOYSA-N,False,Organic compounds,Organic acids and derivatives,Organic phosphoric acids and derivatives,Phosphate esters,Trialkyl phosphates,Aliphatic acyclic compounds
ZXEKIIBDNHEJCQ-UHFFFAOYSA-N,False,Organic compounds,Organic oxygen compounds,Organooxygen compounds,Alcohols and polyols,Primary alcohols,Aliphatic acyclic compounds
AOHJOMMDDJHIJH-UHFFFAOYSA-N,False,Organic compounds,Organic nitrogen compounds,Organonitrogen compounds,Amines,Monoalkylamines,Aliphatic acyclic compounds
BTANRVKWQNVYAZ-UHFFFAOYSA-N,False,Organic compounds,Organic oxygen compounds,Organooxygen compounds,Alcohols and polyols,Secondary alcohols,Aliphatic acyclic compounds
HXKKHQJGJAFBHI-UHFFFAOYSA-N,False,Organic compounds,Organic nitrogen compounds,Organonitrogen compounds,Amines,"1,2-aminoalcohols",Aliphatic acyclic compounds
KXKVLQRXCPHEJC-UHFFFAOYSA-N,False,Organic compounds,Organic acids and derivatives,Carboxylic acids and derivatives,Carboxylic acid derivatives,Methyl esters,Aliphatic acyclic compounds
PSQYTAPXSHCGMF-BQYQJAHWSA-N,False,Organic compounds,Lipids and lipid-like molecules,Prenol lipids,Sesquiterpenoids,Sesquiterpenoids,Aliphatic homomonocyclic compounds
KYPYTERUKNKOLP-UHFFFAOYSA-N,False,Organic compounds,Benzenoids,Benzene and substituted derivatives,Diphenylmethanes,Bisphenols,Aromatic homomonocyclic compounds
NRZWYNLTFLDQQX-UHFFFAOYSA-N,False,Organic compounds,Benzenoids,Benzene and substituted derivatives,Phenylpropanes,Phenylpropanes,Aromatic homomonocyclic compounds
KOGSPLLRMRSADR-UHFFFAOYSA-N,False,Organic compounds,Lipids and lipid-like molecules,Prenol lipids,Monoterpenoids,Menthane monoterpenoids,Aliphatic homomonocyclic compounds
QQPXXHAEIGVZKQ-UHFFFAOYSA-N,False,Organic compounds,Benzenoids,Benzene and substituted derivatives,Halobenzenes,Dichlorobenzenes,Aromatic homomonocyclic compounds
CWRYPZZKDGJXCA-UHFFFAOYSA-N,False,Organic compounds,Benzenoids,Naphthalenes,,Naphthalenes,Aromatic homopolycyclic compounds
ZFRKQXVRDFCRJG-UHFFFAOYSA-N,False,Organic compounds,Organoheterocyclic compounds,Indoles and derivatives,Indoles,3-methylindoles,Aromatic heteropolycyclic compounds
DWNAQMUDCDVSLT-UHFFFAOYSA-N,False,Organic compounds,Phenylpropanoids and polyketides,Depsides and depsidones,,Depsides and depsidones,Aromatic homomonocyclic compounds
FLKPEMZONWLCSK-UHFFFAOYSA-N,False,Organic compounds,Benzenoids,Benzene and substituted derivatives,Benzoic acids and derivatives,Benzoic acid esters,Aromatic homomonocyclic compounds
DOIRQSBPFJWKBE-UHFFFAOYSA-N,False,Organic compounds,Benzenoids,Benzene and substituted derivatives,Benzoic acids and derivatives,Benzoic acid esters,Aromatic homomonocyclic compounds
FIAXCDIQXHJNIX-UHFFFAOYSA-N,False,Organic compounds,Benzenoids,Benzene and substituted derivatives,Halobenzenes,Bromobenzenes,Aromatic homomonocyclic compounds
WKEDVNSFRWHDNR-UHFFFAOYSA-N,False,Organic compounds,Benzenoids,Benzene and substituted derivatives,Anilides,Benzanilides,Aromatic homomonocyclic compounds
ZEFMBAFMCSYJOO-UHFFFAOYSA-N,True,Organic compounds,Benzenoids,Phenols,Nitrophenols,Nitrophenols,Aromatic homomonocyclic compounds
PXBFMLJZNCDSMP-UHFFFAOYSA-N,False,Organic compounds,Benzenoids,Benzene and substituted derivatives,Benzoic acids and derivatives,Anthranilamides,Aromatic homomonocyclic compounds
IQUPABOKLQSFBK-UHFFFAOYSA-N,False,Organic compounds,Benzenoids,Phenols,Nitrophenols,Nitrophenols,Aromatic homomonocyclic compounds
SMQUZDBALVYZAC-UHFFFAOYSA-N,False,Organic compounds,Organic oxygen compounds,Organooxygen compounds,Carbonyl compounds,Hydroxybenzaldehydes,Aromatic homomonocyclic compounds
KJCVRFUGPWSIIH-UHFFFAOYSA-N,False,Organic compounds,Benzenoids,Naphthalenes,Naphthols and derivatives,Naphthols and derivatives,Aromatic homopolycyclic compounds
JNELGWHKGNBSMD-UHFFFAOYSA-N,False,Organic compounds,Organoheterocyclic compounds,Benzopyrans,1-benzopyrans,Xanthones,Aromatic heteropolycyclic compounds
JHZOXYGFQMROFJ-UHFFFAOYSA-N,False,Organic compounds,Organic oxygen compounds,Organooxygen compounds,Carbonyl compounds,Hydroxybenzaldehydes,Aromatic homomonocyclic compounds
SMWDFEZZVXVKRB-UHFFFAOYSA-N,False,Organic compounds,Organoheterocyclic compounds,Quinolines and derivatives,,Quinolines and derivatives,Aromatic heteropolycyclic compounds
CIXSDMKDSYXUMJ-UHFFFAOYSA-N,False,Organic compounds,Organic nitrogen compounds,Organonitrogen compounds,Cyclohexylamines,Cyclohexylamines,Aliphatic homomonocyclic compounds
GGSUCNLOZRCGPQ-UHFFFAOYSA-N,False,Organic compounds,Organic nitrogen compounds,Organonitrogen compounds,Amines,Dialkylarylamines,Aromatic homomonocyclic compounds
KRNUKKZDGDAWBF-UHFFFAOYSA-N,False,Organic compounds,Benzenoids,Benzene and substituted derivatives,Toluenes,Aminotoluenes,Aromatic homomonocyclic compounds
WVIIMZNLDWSIRH-UHFFFAOYSA-N,False,Organic compounds,Hydrocarbons,Saturated hydrocarbons,,Saturated hydrocarbons,Aliphatic homomonocyclic compounds
CVBUKMMMRLOKQR-UHFFFAOYSA-N,False,Organic compounds,Organic oxygen compounds,Organooxygen compounds,Carbonyl compounds,Alkyl-phenylketones,Aromatic homomonocyclic compounds
BLFLLBZGZJTVJG-UHFFFAOYSA-N,False,Organic compounds,Benzenoids,Benzene and substituted derivatives,Benzoic acids and derivatives,Benzoic acid esters,Aromatic homomonocyclic compounds
MXXWOMGUGJBKIW-YPCIICBESA-N,False,Organic compounds,Alkaloids and derivatives,,,Alkaloids and derivatives,Aromatic heteropolycyclic compounds
IUNJCFABHJZSKB-UHFFFAOYSA-N,False,Organic compounds,Organic oxygen compounds,Organooxygen compounds,Carbonyl compounds,Hydroxybenzaldehydes,Aromatic homomonocyclic compounds
CTQNGGLPUBDAKN-UHFFFAOYSA-N,False,Organic compounds,Benzenoids,Benzene and substituted derivatives,Xylenes,o-Xylenes,Aromatic homomonocyclic compounds
QWVGKYWNOKOFNN-UHFFFAOYSA-N,False,Organic compounds,Benzenoids,Phenols,Cresols,Ortho cresols,Aromatic homomonocyclic compounds
AKCRQHGQIJBRMN-UHFFFAOYSA-N,False,Organic compounds,Benzenoids,Benzene and substituted derivatives,Aniline and substituted anilines,Aniline and substituted anilines,Aromatic homomonocyclic compounds
MMZYCBHLNZVROM-UHFFFAOYSA-N,False,Organic compounds,Benzenoids,Benzene and substituted derivatives,Halobenzenes,Fluorobenzenes,Aromatic homomonocyclic compounds
WYUIWKFIFOJVKW-UHFFFAOYSA-N,False,Organic compounds,Benzenoids,Benzene and substituted derivatives,Halobenzenes,Dichlorobenzenes,Aromatic homomonocyclic compounds
SDYWXFYBZPNOFX-UHFFFAOYSA-N,False,Organic compounds,Benzenoids,Benzene and substituted derivatives,Halobenzenes,Dichlorobenzenes,Aromatic homomonocyclic compounds
FBCQUCJYYPMKRO-UHFFFAOYSA-N,False,Organic compounds,Organic acids and derivatives,Carboxylic acids and derivatives,Carboxylic acid derivatives,Enoate esters,Aliphatic acyclic compounds
QWVCIORZLNBIIC-UHFFFAOYSA-N,False,Organic compounds,Organohalogen compounds,Halohydrins,Bromohydrins,Bromohydrins,Aliphatic acyclic compounds
BYGQBDHUGHBGMD-UHFFFAOYSA-N,False,Organic compounds,Organic oxygen compounds,Organooxygen compounds,Carbonyl compounds,Short-chain aldehydes,Aliphatic acyclic compounds
FDPIMTJIUBPUKL-UHFFFAOYSA-N,False,Organic compounds,Organic oxygen compounds,Organooxygen compounds,Carbonyl compounds,Ketones,Aliphatic acyclic compounds
WHIVNJATOVLWBW-UHFFFAOYSA-N,False,Organic compounds,Organic nitrogen compounds,Organonitrogen compounds,Oximes,Ketoximes,Aliphatic acyclic compounds
ZYWUVGFIXPNBDL-UHFFFAOYSA-N,False,Organic compounds,Organic nitrogen compounds,Organonitrogen compounds,Amines,"1,2-aminoalcohols",Aliphatic acyclic compounds
LXQOQPGNCGEELI-UHFFFAOYSA-N,False,Organic compounds,Benzenoids,Benzene and substituted derivatives,Aniline and substituted anilines,Dinitroanilines,Aromatic homomonocyclic compounds
MDNWOSOZYLHTCG-UHFFFAOYSA-N,False,Organic compounds,Benzenoids,Benzene and substituted derivatives,Diphenylmethanes,Diphenylmethanes,Aromatic homomonocyclic compounds
KKLAORVGAKUOPZ-UHFFFAOYSA-M,False,Organic compounds,Benzenoids,Benzene and substituted derivatives,Aniline and substituted anilines,Aniline and substituted anilines,Aromatic homomonocyclic compounds
RWGFKTVRMDUZSP-UHFFFAOYSA-N,False,Organic compounds,Benzenoids,Benzene and substituted derivatives,Cumenes,Cumenes,Aromatic homomonocyclic compounds
KWOLFJPFCHCOCG-UHFFFAOYSA-N,False,Organic compounds,Organic oxygen compounds,Organooxygen compounds,Carbonyl compounds,Alkyl-phenylketones,Aromatic homomonocyclic compounds
CKQHAYFOPRIUOM-UHFFFAOYSA-N,False,Organic compounds,Organic oxygen compounds,Organooxygen compounds,Carbonyl compounds,Alkyl-phenylketones,Aromatic homomonocyclic compounds
QZYHIOPPLUPUJF-UHFFFAOYSA-N,False,Organic compounds,Benzenoids,Benzene and substituted derivatives,Nitrobenzenes,Nitrobenzenes,Aromatic homomonocyclic compounds
GYVGXEWAOAAJEU-UHFFFAOYSA-N,False,Organic compounds,Benzenoids,Benzene and substituted derivatives,Toluenes,Aminotoluenes,Aromatic homomonocyclic compounds
BTJIUGUIPKRLHP-UHFFFAOYSA-N,False,Organic compounds,Benzenoids,Phenols,Nitrophenols,Nitrophenols,Aromatic homomonocyclic compounds
BGNGWHSBYQYVRX-UHFFFAOYSA-N,False,Organic compounds,Benzenoids,Benzene and substituted derivatives,Benzoyl derivatives,Benzoyl derivatives,Aromatic homomonocyclic compounds
FYFDQJRXFWGIBS-UHFFFAOYSA-N,False,Organic compounds,Benzenoids,Benzene and substituted derivatives,Nitrobenzenes,Nitrobenzenes,Aromatic homomonocyclic compounds
BFSVOASYOCHEOV-UHFFFAOYSA-N,False,Organic compounds,Organic nitrogen compounds,Organonitrogen compounds,Amines,"1,2-aminoalcohols",Aliphatic acyclic compounds
WGQKYBSKWIADBV-UHFFFAOYSA-N,False,Organic compounds,Benzenoids,Benzene and substituted derivatives,Phenylmethylamines,Phenylmethylamines,Aromatic homomonocyclic compounds
AFBPFSWMIHJQDM-UHFFFAOYSA-N,False,Organic compounds,Organic nitrogen compounds,Organonitrogen compounds,Amines,Phenylalkylamines,Aromatic homomonocyclic compounds
VEZUQRBDRNJBJY-UHFFFAOYSA-N,False,Organic compounds,Organic nitrogen compounds,Organonitrogen compounds,Oximes,Ketoximes,Aliphatic homomonocyclic compounds
FFNVQNRYTPFDDP-UHFFFAOYSA-N,False,Organic compounds,Organoheterocyclic compounds,Pyridines and derivatives,,Pyridines and derivatives,Aromatic heteromonocyclic compounds
NRGGMCIBEHEAIL-UHFFFAOYSA-N,False,Organic compounds,Organoheterocyclic compounds,Pyridines and derivatives,,Pyridines and derivatives,Aromatic heteromonocyclic compounds
RNVYQYLELCKWAN-UHFFFAOYSA-N,False,Organic compounds,Organic oxygen compounds,Organooxygen compounds,Ethers,Ketals,Aliphatic heteromonocyclic compounds
USIUVYZYUHIAEV-UHFFFAOYSA-N,False,Organic compounds,Benzenoids,Benzene and substituted derivatives,Diphenylethers,Diphenylethers,Aromatic homomonocyclic compounds
GUYMMHOQXYZMJQ-UHFFFAOYSA-N,False,Organic compounds,Benzenoids,Benzene and substituted derivatives,Toluenes,Aminotoluenes,Aromatic homomonocyclic compounds
YFTHZRPMJXBUME-UHFFFAOYSA-N,False,Organic compounds,Organic nitrogen compounds,Organonitrogen compounds,Amines,Trialkylamines,Aliphatic acyclic compounds
YXVSKJDFNJFXAJ-UHFFFAOYSA-N,False,Organic compounds,Benzenoids,Benzene and substituted derivatives,,Benzene and substituted derivatives,Aromatic homomonocyclic compounds
TZOVOULUMXXLOJ-UHFFFAOYSA-N,False,Organic compounds,Benzenoids,Benzene and substituted derivatives,Toluenes,Toluenes,Aromatic homomonocyclic compounds
WFCSWCVEJLETKA-UHFFFAOYSA-N,False,Organic compounds,Organoheterocyclic compounds,Diazinanes,Piperazines,N-alkylpiperazines,Aliphatic heteromonocyclic compounds
XXBDWLFCJWSEKW-UHFFFAOYSA-N,False,Organic compounds,Benzenoids,Benzene and substituted derivatives,Phenylmethylamines,Phenylmethylamines,Aromatic homomonocyclic compounds
OGIQUQKNJJTLSZ-UHFFFAOYSA-N,False,Organic compounds,Benzenoids,Benzene and substituted derivatives,Aniline and substituted anilines,Aniline and substituted anilines,Aromatic homomonocyclic compounds
KLPPPIIIEMUEGP-UHFFFAOYSA-N,False,Organic compounds,Benzenoids,Benzene and substituted derivatives,Aniline and substituted anilines,Aniline and substituted anilines,Aromatic homomonocyclic compounds
AVPYQKSLYISFPO-UHFFFAOYSA-N,False,Organic compounds,Benzenoids,Benzene and substituted derivatives,Benzoyl derivatives,Benzoyl derivatives,Aromatic homomonocyclic compounds
NTSLROIKFLNUIJ-UHFFFAOYSA-N,False,Organic compounds,Organoheterocyclic compounds,Pyridines and derivatives,Methylpyridines,Methylpyridines,Aromatic heteromonocyclic compounds
GRGNJBKJCVOFEO-UHFFFAOYSA-N,False,Organic compounds,Organic oxygen compounds,Organooxygen compounds,Carbonyl compounds,Gamma-amino ketones,Aliphatic acyclic compounds
IYXGSMUGOJNHAZ-UHFFFAOYSA-N,False,Organic compounds,Organic acids and derivatives,Carboxylic acids and derivatives,Dicarboxylic acids and derivatives,Dicarboxylic acids and derivatives,Aliphatic acyclic compounds
KUFFULVDNCHOFZ-UHFFFAOYSA-N,False,Organic compounds,Benzenoids,Benzene and substituted derivatives,Xylenes,Xylenols,Aromatic homomonocyclic compounds
JBSLOWBPDRZSMB-BQYQJAHWSA-N,False,Organic compounds,Lipids and lipid-like molecules,Fatty Acyls,Fatty acid esters,Fatty acid esters,Aliphatic acyclic compounds
XTJFFFGAUHQWII-UHFFFAOYSA-N,False,Organic compounds,Lipids and lipid-like molecules,Fatty Acyls,Fatty acid esters,Fatty acid esters,Aliphatic acyclic compounds
WDFQBORIUYODSI-UHFFFAOYSA-N,False,Organic compounds,Benzenoids,Benzene and substituted derivatives,Aniline and substituted anilines,Aniline and substituted anilines,Aromatic homomonocyclic compounds
URLKBWYHVLBVBO-UHFFFAOYSA-N,False,Organic compounds,Benzenoids,Benzene and substituted derivatives,Xylenes,p-Xylenes,Aromatic homomonocyclic compounds
IWDCLRJOBJJRNH-UHFFFAOYSA-N,False,Organic compounds,Benzenoids,Phenols,Cresols,Para cresols,Aromatic homomonocyclic compounds
WXNZTHHGJRFXKQ-UHFFFAOYSA-N,False,Organic compounds,Benzenoids,Phenols,Halophenols,P-chlorophenols,Aromatic homomonocyclic compounds
RZXMPPFPUUCRFN-UHFFFAOYSA-N,False,Organic compounds,Benzenoids,Benzene and substituted derivatives,Toluenes,Aminotoluenes,Aromatic homomonocyclic compounds
CFVWNXQPGQOHRJ-UHFFFAOYSA-N,False,Organic compounds,Organic acids and derivatives,Carboxylic acids and derivatives,Acrylic acids and derivatives,Acrylic acid esters,Aliphatic acyclic compounds
CYNYIHKIEHGYOZ-UHFFFAOYSA-N,False,Organic compounds,Organohalogen compounds,Organobromides,,Organobromides,Aliphatic acyclic compounds
SZIFAVKTNFCBPC-UHFFFAOYSA-N,False,Organic compounds,Organohalogen compounds,Halohydrins,Chlorohydrins,Chlorohydrins,Aliphatic acyclic compounds
WGYKZJWCGVVSQN-UHFFFAOYSA-N,False,Organic compounds,Organic nitrogen compounds,Organonitrogen compounds,Amines,Monoalkylamines,Aliphatic acyclic compounds
FVSKHRXBFJPNKK-UHFFFAOYSA-N,False,Organic compounds,Organic nitrogen compounds,Organonitrogen compounds,Organic cyanides,Nitriles,Aliphatic acyclic compounds
PIICEJLVQHRZGT-UHFFFAOYSA-N,False,Organic compounds,Organic nitrogen compounds,Organonitrogen compounds,Amines,Monoalkylamines,Aliphatic acyclic compounds
TVDSBUOJIPERQY-UHFFFAOYSA-N,False,Organic compounds,Acetylides,,,Acetylides,Aliphatic acyclic compounds
SVTBMSDMJJWYQN-UHFFFAOYSA-N,False,Organic compounds,Organic oxygen compounds,Organooxygen compounds,Alcohols and polyols,Tertiary alcohols,Aliphatic acyclic compounds
QIJIUJYANDSEKG-UHFFFAOYSA-N,False,Organic compounds,Organic nitrogen compounds,Organonitrogen compounds,Amines,Monoalkylamines,Aliphatic acyclic compounds
LNMBCRKRCIMQLW-UHFFFAOYSA-N,False,Organic compounds,Organosulfur compounds,Thioethers,Dialkylthioethers,Dialkylthioethers,Aliphatic acyclic compounds
XNLICIUVMPYHGG-UHFFFAOYSA-N,False,Organic compounds,Organic oxygen compounds,Organooxygen compounds,Carbonyl compounds,Ketones,Aliphatic acyclic compounds
NTIZESTWPVYFNL-UHFFFAOYSA-N,False,Organic compounds,Organic oxygen compounds,Organooxygen compounds,Carbonyl compounds,Ketones,Aliphatic acyclic compounds
ZAFNJMIOTHYJRJ-UHFFFAOYSA-N,False,Organic compounds,Organic oxygen compounds,Organooxygen compounds,Ethers,Dialkyl ethers,Aliphatic acyclic compounds
FKNQCJSGGFJEIZ-UHFFFAOYSA-N,False,Organic compounds,Organoheterocyclic compounds,Pyridines and derivatives,Methylpyridines,Methylpyridines,Aromatic heteromonocyclic compounds
HPXRVTGHNJAIIH-UHFFFAOYSA-N,False,Organic compounds,Organic oxygen compounds,Organooxygen compounds,Alcohols and polyols,Cyclohexanols,Aliphatic homomonocyclic compounds
ITQTTZVARXURQS-UHFFFAOYSA-N,False,Organic compounds,Organoheterocyclic compounds,Pyridines and derivatives,Methylpyridines,Methylpyridines,Aromatic heteromonocyclic compounds
PVOAHINGSUIXLS-UHFFFAOYSA-N,False,Organic compounds,Organoheterocyclic compounds,Diazinanes,Piperazines,N-methylpiperazines,Aliphatic heteromonocyclic compounds
BSKHPKMHTQYZBB-UHFFFAOYSA-N,False,Organic compounds,Organoheterocyclic compounds,Pyridines and derivatives,Methylpyridines,Methylpyridines,Aromatic heteromonocyclic compounds
YKYONYBAUNKHLG-UHFFFAOYSA-N,False,Organic compounds,Organic acids and derivatives,Carboxylic acids and derivatives,Carboxylic acid derivatives,Carboxylic acid esters,Aliphatic acyclic compounds
MPPPKRYCTPRNTB-UHFFFAOYSA-N,False,Organic compounds,Organohalogen compounds,Organobromides,,Organobromides,Aliphatic acyclic compounds
HQABUPZFAYXKJW-UHFFFAOYSA-N,False,Organic compounds,Organic nitrogen compounds,Organonitrogen compounds,Amines,Monoalkylamines,Aliphatic acyclic compounds
SJNALLRHIVGIBI-UHFFFAOYSA-N,False,Organic compounds,Organic nitrogen compounds,Organonitrogen compounds,Organic cyanides,Nitriles,Aliphatic acyclic compounds
XFNJVJPLKCPIBV-UHFFFAOYSA-N,False,Organic compounds,Organic nitrogen compounds,Organonitrogen compounds,Amines,Monoalkylamines,Aliphatic acyclic compounds
CUONGYYJJVDODC-UHFFFAOYSA-N,False,Organic compounds,Organic nitrogen compounds,Organonitrogen compounds,Organic cyanides,Nitriles,Aliphatic acyclic compounds
ASUDFOJKTJLAIK-UHFFFAOYSA-N,False,Organic compounds,Organic oxygen compounds,Organooxygen compounds,Ethers,Dialkyl ethers,Aliphatic acyclic compounds
HPNMFZURTQLUMO-UHFFFAOYSA-N,False,Organic compounds,Organic nitrogen compounds,Organonitrogen compounds,Amines,Dialkylamines,Aliphatic acyclic compounds
KAESVJOAVNADME-UHFFFAOYSA-N,False,Organic compounds,Organoheterocyclic compounds,Heteroaromatic compounds,,Heteroaromatic compounds,Aromatic heteromonocyclic compounds
BKCNDTDWDGQHSD-UHFFFAOYSA-N,False,Organic compounds,Organosulfur compounds,Organic disulfides,Dialkyldisulfides,Dialkyldisulfides,Aliphatic acyclic compounds
FFWSICBKRCICMR-UHFFFAOYSA-N,False,Organic compounds,Organic oxygen compounds,Organooxygen compounds,Carbonyl compounds,Ketones,Aliphatic acyclic compounds
ONKUXPIBXRRIDU-UHFFFAOYSA-N,False,Organic compounds,Lipids and lipid-like molecules,Fatty Acyls,Fatty acid esters,Fatty acid esters,Aliphatic acyclic compounds
CATSNJVOTSVZJV-UHFFFAOYSA-N,False,Organic compounds,Organic oxygen compounds,Organooxygen compounds,Carbonyl compounds,Ketones,Aliphatic acyclic compounds
VLKZOEOYAKHREP-UHFFFAOYSA-N,False,Organic compounds,Hydrocarbons,Saturated hydrocarbons,Alkanes,Alkanes,Aliphatic acyclic compounds
KJDRSWPQXHESDQ-UHFFFAOYSA-N,False,Organic compounds,Organohalogen compounds,Organochlorides,,Organochlorides,Aliphatic acyclic compounds
DPBLXKKOBLCELK-UHFFFAOYSA-N,False,Organic compounds,Organic nitrogen compounds,Organonitrogen compounds,Amines,Monoalkylamines,Aliphatic acyclic compounds
DLDJFQGPPSQZKI-UHFFFAOYSA-N,False,Organic compounds,Organic oxygen compounds,Organooxygen compounds,Alcohols and polyols,Primary alcohols,Aliphatic acyclic compounds
MIJDSYMOBYNHOT-UHFFFAOYSA-N,False,Organic compounds,Organic nitrogen compounds,Organonitrogen compounds,Amines,"1,2-aminoalcohols",Aliphatic acyclic compounds
XDTMQSROBMDMFD-UHFFFAOYSA-N,False,Organic compounds,Hydrocarbons,Saturated hydrocarbons,Cycloalkanes,Cycloalkanes,Aliphatic homomonocyclic compounds
JUJWROOIHBZHMG-UHFFFAOYSA-N,False,Organic compounds,Organoheterocyclic compounds,Pyridines and derivatives,,Pyridines and derivatives,Aromatic heteromonocyclic compounds
BGJSXRVXTHVRSN-UHFFFAOYSA-N,False,Organic compounds,Organoheterocyclic compounds,Trioxanes,,Trioxanes,Aliphatic heteromonocyclic compounds
ZPVFWPFBNIEHGJ-UHFFFAOYSA-N,False,Organic compounds,Organic oxygen compounds,Organooxygen compounds,Carbonyl compounds,Ketones,Aliphatic acyclic compounds
SVONRAPFKPVNKG-UHFFFAOYSA-N,False,Organic compounds,Organic acids and derivatives,Carboxylic acids and derivatives,Carboxylic acid derivatives,Carboxylic acid esters,Aliphatic acyclic compounds
MNDIARAMWBIKFW-UHFFFAOYSA-N,False,Organic compounds,Organohalogen compounds,Organobromides,,Organobromides,Aliphatic acyclic compounds
BMVXCPBXGZKUPN-UHFFFAOYSA-N,False,Organic compounds,Organic nitrogen compounds,Organonitrogen compounds,Amines,Monoalkylamines,Aliphatic acyclic compounds
ZSIAUFGUXNUGDI-UHFFFAOYSA-N,False,Organic compounds,Lipids and lipid-like molecules,Fatty Acyls,Fatty alcohols,Fatty alcohols,Aliphatic acyclic compounds
ZBCBWPMODOFKDW-UHFFFAOYSA-N,False,Organic compounds,Organic nitrogen compounds,Organonitrogen compounds,Amines,"1,2-aminoalcohols",Aliphatic acyclic compounds
ZERULLAPCVRMCO-UHFFFAOYSA-N,False,Organic compounds,Organosulfur compounds,Thioethers,Dialkylthioethers,Dialkylthioethers,Aliphatic acyclic compounds
BTGRAWJCKBQKAO-UHFFFAOYSA-N,False,Organic compounds,Organic nitrogen compounds,Organonitrogen compounds,Organic cyanides,Nitriles,Aliphatic acyclic compounds
BBMCTIGTTCKYKF-UHFFFAOYSA-N,False,Organic compounds,Lipids and lipid-like molecules,Fatty Acyls,Fatty alcohols,Fatty alcohols,Aliphatic acyclic compounds
VMKOFRJSULQZRM-UHFFFAOYSA-N,False,Organic compounds,Organohalogen compounds,Organobromides,,Organobromides,Aliphatic acyclic compounds
IOQPZZOEVPZRBK-UHFFFAOYSA-N,False,Organic compounds,Organic nitrogen compounds,Organonitrogen compounds,Amines,Monoalkylamines,Aliphatic acyclic compounds
KBPLFHHGFOOTCA-UHFFFAOYSA-N,False,Organic compounds,Lipids and lipid-like molecules,Fatty Acyls,Fatty alcohols,Fatty alcohols,Aliphatic acyclic compounds
XXJWXESWEXIICW-UHFFFAOYSA-N,False,Organic compounds,Organic oxygen compounds,Organooxygen compounds,Ethers,Dialkyl ethers,Aliphatic acyclic compounds
KYWIYKKSMDLRDC-UHFFFAOYSA-N,False,Organic compounds,Organic oxygen compounds,Organooxygen compounds,Carbonyl compounds,Ketones,Aliphatic acyclic compounds
FJDUDHYHRVPMJZ-UHFFFAOYSA-N,False,Organic compounds,Organic nitrogen compounds,Organonitrogen compounds,Amines,Monoalkylamines,Aliphatic acyclic compounds
MWKFXSUHUHTGQN-UHFFFAOYSA-N,False,Organic compounds,Lipids and lipid-like molecules,Fatty Acyls,Fatty alcohols,Fatty alcohols,Aliphatic acyclic compounds
XFRVVPUIAFSTFO-UHFFFAOYSA-N,False,Organic compounds,Lipids and lipid-like molecules,Fatty Acyls,Fatty alcohols,Long-chain fatty alcohols,Aliphatic acyclic compounds
ISRUGXGCCGIOQO-UHFFFAOYSA-N,False,Organic compounds,Benzenoids,Phenol ethers,,Phenol ethers,Aromatic homomonocyclic compounds
CEBKHWWANWSNTI-UHFFFAOYSA-N,False,Organic compounds,Organic oxygen compounds,Organooxygen compounds,Carbonyl compounds,Ynones,Aliphatic acyclic compounds
KPWDGTGXUYRARH-UHFFFAOYSA-N,False,Organic compounds,Organohalogen compounds,Halohydrins,Chlorohydrins,Chlorohydrins,Aliphatic acyclic compounds
XZZNDPSIHUTMOC-UHFFFAOYSA-N,False,Organic compounds,Organic acids and derivatives,Organic phosphoric acids and derivatives,Phosphate esters,Aryl phosphotriesters,Aromatic homomonocyclic compounds
XDNBJTQLKCIJBV-UHFFFAOYSA-N,False,Organic compounds,Organic acids and derivatives,Organic thiophosphoric acids and derivatives,Thiophosphoric acid esters,Phenyl thiophosphates,Aromatic homomonocyclic compounds
MQIUGAXCHLFZKX-UHFFFAOYSA-N,False,Organic compounds,Benzenoids,Benzene and substituted derivatives,Benzoic acids and derivatives,Benzoic acid esters,Aromatic homomonocyclic compounds
ZQBAKBUEJOMQEX-UHFFFAOYSA-N,False,Organic compounds,Phenylpropanoids and polyketides,Depsides and depsidones,,Depsides and depsidones,Aromatic homomonocyclic compounds
GYCKQBWUSACYIF-UHFFFAOYSA-N,False,Organic compounds,Benzenoids,Benzene and substituted derivatives,Benzoic acids and derivatives,o-Hydroxybenzoic acid esters,Aromatic homomonocyclic compounds
BSWWXRFVMJHFBN-UHFFFAOYSA-N,False,Organic compounds,Benzenoids,Phenols,Halophenols,P-bromophenols,Aromatic homomonocyclic compounds
RWCCWEUUXYIKHB-UHFFFAOYSA-N,False,Organic compounds,Benzenoids,Benzene and substituted derivatives,Benzophenones,Benzophenones,Aromatic homomonocyclic compounds
OJPDDQSCZGTACX-UHFFFAOYSA-N,False,Organic compounds,Organic nitrogen compounds,Organonitrogen compounds,Amines,Dialkylarylamines,Aromatic homomonocyclic compounds
MNFZZNNFORDXSV-UHFFFAOYSA-N,False,Organic compounds,Benzenoids,Benzene and substituted derivatives,Benzoyl derivatives,Benzoyl derivatives,Aromatic homomonocyclic compounds
PBKONEOXTCPAFI-UHFFFAOYSA-N,False,Organic compounds,Benzenoids,Benzene and substituted derivatives,Halobenzenes,Chlorobenzenes,Aromatic homomonocyclic compounds
CBOQJANXLMLOSS-UHFFFAOYSA-N,False,Organic compounds,Organic oxygen compounds,Organooxygen compounds,Carbonyl compounds,Hydroxybenzaldehydes,Aromatic homomonocyclic compounds
MWOOGOJBHIARFG-UHFFFAOYSA-N,False,Organic compounds,Benzenoids,Phenols,Methoxyphenols,Methoxyphenols,Aromatic homomonocyclic compounds
KMAQZIILEGKYQZ-UHFFFAOYSA-N,False,Organic compounds,Benzenoids,Benzene and substituted derivatives,Nitrobenzenes,Nitrobenzenes,Aromatic homomonocyclic compounds
LOCWBQIWHWIRGN-UHFFFAOYSA-N,False,Organic compounds,Benzenoids,Benzene and substituted derivatives,Nitrobenzenes,Nitrobenzenes,Aromatic homomonocyclic compounds
WTWBUQJHJGUZCY-UHFFFAOYSA-N,False,Organic compounds,Lipids and lipid-like molecules,Prenol lipids,Monoterpenoids,Aromatic monoterpenoids,Aromatic homomonocyclic compounds
DMBHHRLKUKUOEG-UHFFFAOYSA-N,False,Organic compounds,Benzenoids,Benzene and substituted derivatives,Aniline and substituted anilines,Aniline and substituted anilines,Aromatic homomonocyclic compounds
QCDWFXQBSFUVSP-UHFFFAOYSA-N,False,Organic compounds,Benzenoids,Phenol ethers,,Phenol ethers,Aromatic homomonocyclic compounds
HXDOZKJGKXYMEW-UHFFFAOYSA-N,False,Organic compounds,Benzenoids,Phenols,1-hydroxy-2-unsubstituted benzenoids,1-hydroxy-2-unsubstituted benzenoids,Aromatic homomonocyclic compounds
FTZILAQGHINQQR-UHFFFAOYSA-N,False,Organic compounds,Organic oxygen compounds,Organic oxides,,Organic oxides,Aliphatic acyclic compounds
YRKCREAYFQTBPV-UHFFFAOYSA-N,False,Organic compounds,Organic oxygen compounds,Organooxygen compounds,Carbonyl compounds,Beta-diketones,Aliphatic acyclic compounds
SHZIWNPUGXLXDT-UHFFFAOYSA-N,False,Organic compounds,Lipids and lipid-like molecules,Fatty Acyls,Fatty acid esters,Fatty acid esters,Aliphatic acyclic compounds
DKPFZGUDAPQIHT-UHFFFAOYSA-N,False,Organic compounds,Organic acids and derivatives,Carboxylic acids and derivatives,Carboxylic acid derivatives,Carboxylic acid esters,Aliphatic acyclic compounds
JRBPAEWTRLWTQC-UHFFFAOYSA-N,False,Organic compounds,Organic nitrogen compounds,Organonitrogen compounds,Amines,Monoalkylamines,Aliphatic acyclic compounds
STCOOQWBFONSKY-UHFFFAOYSA-N,False,Organic compounds,Organic acids and derivatives,Organic phosphoric acids and derivatives,Phosphate esters,Trialkyl phosphates,Aliphatic acyclic compounds
BADXJIPKFRBFOT-UHFFFAOYSA-N,False,Organic compounds,Organic oxygen compounds,Organooxygen compounds,Carbonyl compounds,Beta-diketones,Aliphatic homomonocyclic compounds
TXCDCPKCNAJMEE-UHFFFAOYSA-N,False,Organic compounds,Organoheterocyclic compounds,Benzofurans,Dibenzofurans,Dibenzofurans,Aromatic heteropolycyclic compounds
DNVVZWSVACQWJE-UHFFFAOYSA-N,False,Organic compounds,Phenylpropanoids and polyketides,Depsides and depsidones,,Depsides and depsidones,Aromatic homomonocyclic compounds
MMOXZBCLCQITDF-UHFFFAOYSA-N,False,Organic compounds,Benzenoids,Benzene and substituted derivatives,Toluenes,"N,N-dialkyl-m-toluamides",Aromatic homomonocyclic compounds
JXKPEJDQGNYQSM-UHFFFAOYSA-M,False,Organic compounds,Organic acids and derivatives,Carboxylic acids and derivatives,Carboxylic acid derivatives,Carboxylic acid salts,Aliphatic acyclic compounds
IMUDHTPIFIBORV-UHFFFAOYSA-N,False,Organic compounds,Organoheterocyclic compounds,Diazinanes,Piperazines,N-alkylpiperazines,Aliphatic heteromonocyclic compounds
YUXIBTJKHLUKBD-UHFFFAOYSA-N,False,Organic compounds,Lipids and lipid-like molecules,Fatty Acyls,Fatty acid esters,Fatty acid esters,Aliphatic acyclic compounds
VIZORQUEIQEFRT-UHFFFAOYSA-N,False,Organic compounds,Lipids and lipid-like molecules,Fatty Acyls,Fatty acid esters,Fatty acid esters,Aliphatic acyclic compounds
HZAXFHJVJLSVMW-UHFFFAOYSA-N,False,Organic compounds,Organic nitrogen compounds,Organonitrogen compounds,Amines,"1,2-aminoalcohols",Aliphatic acyclic compounds
XEKOWRVHYACXOJ-UHFFFAOYSA-N,False,Organic compounds,Organic acids and derivatives,Carboxylic acids and derivatives,Carboxylic acid derivatives,Carboxylic acid esters,Aliphatic acyclic compounds
HNVIQLPOGUDBSU-UHFFFAOYSA-N,False,Organic compounds,Organoheterocyclic compounds,Oxazinanes,Morpholines,Morpholines,Aliphatic heteromonocyclic compounds
AFZZYIJIWUTJFO-UHFFFAOYSA-N,False,Organic compounds,Benzenoids,Benzene and substituted derivatives,,Benzene and substituted derivatives,Aromatic homomonocyclic compounds
YHRUOJUYPBUZOS-UHFFFAOYSA-N,False,Organic compounds,Organohalogen compounds,Organochlorides,,Organochlorides,Aliphatic acyclic compounds
AOGQPLXWSUTHQB-UHFFFAOYSA-N,False,Organic compounds,Organic acids and derivatives,Carboxylic acids and derivatives,Carboxylic acid derivatives,Carboxylic acid esters,Aliphatic acyclic compounds
DURPTKYDGMDSBL-UHFFFAOYSA-N,False,Organic compounds,Organic oxygen compounds,Organooxygen compounds,Ethers,Dialkyl ethers,Aliphatic acyclic compounds
ZWRUINPWMLAQRD-UHFFFAOYSA-N,False,Organic compounds,Lipids and lipid-like molecules,Fatty Acyls,Fatty alcohols,Fatty alcohols,Aliphatic acyclic compounds
PXSXRABJBXYMFT-UHFFFAOYSA-N,False,Organic compounds,Organic nitrogen compounds,Organonitrogen compounds,Amines,Dialkylamines,Aliphatic acyclic compounds
JJVNINGBHGBWJH-UHFFFAOYSA-N,False,Organic compounds,Benzenoids,Phenols,Methoxyphenols,Methoxyphenols,Aromatic homomonocyclic compounds
ASHGTJPOSUFTGB-UHFFFAOYSA-N,False,Organic compounds,Benzenoids,Phenols,Methoxyphenols,Methoxyphenols,Aromatic homomonocyclic compounds
OHBQPCCCRFSCAX-UHFFFAOYSA-N,False,Organic compounds,Benzenoids,Benzene and substituted derivatives,Methoxybenzenes,Dimethoxybenzenes,Aromatic homomonocyclic compounds
IMNIMPAHZVJRPE-UHFFFAOYSA-N,False,Organic compounds,Organoheterocyclic compounds,Diazinanes,Piperazines,N-alkylpiperazines,Aliphatic heteropolycyclic compounds
ORILYTVJVMAKLC-UHFFFAOYSA-N,False,Organic compounds,Hydrocarbons,Polycyclic hydrocarbons,,Polycyclic hydrocarbons,Aliphatic homopolycyclic compounds
DOFZAZXDOSGAJZ-UHFFFAOYSA-N,False,Organic compounds,Organic acids and derivatives,Organic dithiophosphoric acids and derivatives,Dithiophosphate O-esters,Dithiophosphate O-esters,Aliphatic acyclic compounds
CTSLUCNDVMMDHG-UHFFFAOYSA-N,False,Organic compounds,Organoheterocyclic compounds,Diazines,Pyrimidines and pyrimidine derivatives,Halopyrimidines,Aromatic heteromonocyclic compounds
UWEZBKLLMKVIPI-UHFFFAOYSA-N,False,Organic compounds,Benzenoids,Phenols,Nitrophenols,Dinitrophenols,Aromatic homomonocyclic compounds
UUKHFGSOCZLVJO-UHFFFAOYSA-N,False,Organic compounds,Benzenoids,Benzene and substituted derivatives,Diphenylethers,Diphenylethers,Aromatic homomonocyclic compounds
WFQDTOYDVUWQMS-UHFFFAOYSA-N,False,Organic compounds,Benzenoids,Benzene and substituted derivatives,Nitrobenzenes,Nitrobenzenes,Aromatic homomonocyclic compounds
OGOBINRVCUWLGN-UHFFFAOYSA-N,True,Organic compounds,Benzenoids,Benzene and substituted derivatives,Trifluoromethylbenzenes,Trifluoromethylbenzenes,Aromatic homomonocyclic compounds
KRZCOLNOCZKSDF-UHFFFAOYSA-N,False,Organic compounds,Benzenoids,Benzene and substituted derivatives,Aniline and substituted anilines,Aniline and substituted anilines,Aromatic homomonocyclic compounds
OACPOWYLLGHGCR-UHFFFAOYSA-N,False,Organic compounds,Benzenoids,Benzene and substituted derivatives,Benzoyl derivatives,Benzoyl derivatives,Aromatic homomonocyclic compounds
LRCQLCWUUBSUOY-UHFFFAOYSA-N,True,Organic compounds,Benzenoids,Benzene and substituted derivatives,Trifluoromethylbenzenes,Trifluoromethylbenzenes,Aromatic homomonocyclic compounds
ZWDVQMVZZYIAHO-UHFFFAOYSA-N,False,Organic compounds,Benzenoids,Benzene and substituted derivatives,Benzoyl derivatives,Benzoyl derivatives,Aromatic homomonocyclic compounds
SOZGHDCEWOLLHV-UHFFFAOYSA-N,True,Organic compounds,Benzenoids,Benzene and substituted derivatives,Trifluoromethylbenzenes,Trifluoromethylbenzenes,Aromatic homomonocyclic compounds
NMTUHPSKJJYGML-UHFFFAOYSA-N,True,Organic compounds,Benzenoids,Benzene and substituted derivatives,Trifluoromethylbenzenes,Trifluoromethylbenzenes,Aromatic homomonocyclic compounds
ULIAPOFMBCCSPE-UHFFFAOYSA-N,False,Organic compounds,Organic oxygen compounds,Organooxygen compounds,Carbonyl compounds,Ketones,Aliphatic acyclic compounds
DTGKSKDOIYIVQL-QXFUBDJGSA-N,False,Organic compounds,Lipids and lipid-like molecules,Prenol lipids,Monoterpenoids,Bicyclic monoterpenoids,Aliphatic homopolycyclic compounds
DSSYKIVIOFKYAU-OIBJUYFYSA-N,False,Organic compounds,Lipids and lipid-like molecules,Prenol lipids,Monoterpenoids,Bicyclic monoterpenoids,Aliphatic homopolycyclic compounds
RNIPJYFZGXJSDD-UHFFFAOYSA-N,False,Organic compounds,Organoheterocyclic compounds,Azoles,Imidazoles,Phenylimidazoles,Aromatic heteromonocyclic compounds
HBEDSQVIWPRPAY-UHFFFAOYSA-N,False,Organic compounds,Organoheterocyclic compounds,Coumarans,,Coumarans,Aromatic heteropolycyclic compounds
ZQTYQMYDIHMKQB-UHFFFAOYSA-N,False,Organic compounds,Lipids and lipid-like molecules,Prenol lipids,Monoterpenoids,Bicyclic monoterpenoids,Aliphatic homopolycyclic compounds
JFNLZVQOOSMTJK-UHFFFAOYSA-N,False,Organic compounds,Hydrocarbons,Polycyclic hydrocarbons,,Polycyclic hydrocarbons,Aliphatic homopolycyclic compounds
WJJMNDUMQPNECX-UHFFFAOYSA-N,False,Organic compounds,Organoheterocyclic compounds,Pyridines and derivatives,Pyridinecarboxylic acids and derivatives,Pyridinecarboxylic acids,Aromatic heteromonocyclic compounds
QJZUKDFHGGYHMC-UHFFFAOYSA-N,False,Organic compounds,Organoheterocyclic compounds,Pyridines and derivatives,Pyridine carboxaldehydes,Pyridine carboxaldehydes,Aromatic heteromonocyclic compounds
WSGCRAOTEDLMFQ-UHFFFAOYSA-N,False,Organic compounds,Organic oxygen compounds,Organooxygen compounds,Carbonyl compounds,Ketones,Aliphatic acyclic compounds
SDJHPPZKZZWAKF-UHFFFAOYSA-N,False,Organic compounds,Hydrocarbons,Unsaturated hydrocarbons,Branched unsaturated hydrocarbons,Branched unsaturated hydrocarbons,Aliphatic acyclic compounds
RSWGJHLUYNHPMX-ONCXSQPRSA-N,False,Organic compounds,Lipids and lipid-like molecules,Prenol lipids,Diterpenoids,Diterpenoids,Aliphatic homopolycyclic compounds
VHBFFQKBGNRLFZ-UHFFFAOYSA-N,False,Organic compounds,Phenylpropanoids and polyketides,Flavonoids,Flavones,Flavones,Aromatic heteropolycyclic compounds
BPRYUXCVCCNUFE-UHFFFAOYSA-N,False,Organic compounds,Benzenoids,Phenols,Cresols,Para cresols,Aromatic homomonocyclic compounds
NWPNXBQSRGKSJB-UHFFFAOYSA-N,False,Organic compounds,Benzenoids,Benzene and substituted derivatives,Benzonitriles,Benzonitriles,Aromatic homomonocyclic compounds
BTFQKIATRPGRBS-UHFFFAOYSA-N,False,Organic compounds,Benzenoids,Benzene and substituted derivatives,Benzoyl derivatives,Benzoyl derivatives,Aromatic homomonocyclic compounds
ZXVONLUNISGICL-UHFFFAOYSA-N,False,Organic compounds,Benzenoids,Phenols,Nitrophenols,Dinitrophenols,Aromatic homomonocyclic compounds
PWATWSYOIIXYMA-UHFFFAOYSA-N,False,Organic compounds,Benzenoids,Benzene and substituted derivatives,,Benzene and substituted derivatives,Aromatic homomonocyclic compounds
WMOVHXAZOJBABW-UHFFFAOYSA-N,False,Organic compounds,Organic acids and derivatives,Carboxylic acids and derivatives,Carboxylic acid derivatives,Carboxylic acid esters,Aliphatic acyclic compounds
ZPQOPVIELGIULI-UHFFFAOYSA-N,False,Organic compounds,Benzenoids,Benzene and substituted derivatives,Halobenzenes,Dichlorobenzenes,Aromatic homomonocyclic compounds
UOORRWUZONOOLO-UHFFFAOYSA-N,False,Organic compounds,Organohalogen compounds,Vinyl halides,Vinyl chlorides,Vinyl chlorides,Aliphatic acyclic compounds
HTIRHQRTDBPHNZ-UHFFFAOYSA-N,False,Organic compounds,Organosulfur compounds,Thioethers,Dialkylthioethers,Dialkylthioethers,Aliphatic acyclic compounds
UILPJVPSNHJFIK-UHFFFAOYSA-N,False,Organic compounds,Organic oxygen compounds,Organooxygen compounds,Carbonyl compounds,Alkyl-phenylketones,Aromatic homomonocyclic compounds
CMWKITSNTDAEDT-UHFFFAOYSA-N,False,Organic compounds,Benzenoids,Benzene and substituted derivatives,Nitrobenzenes,Nitrobenzaldehydes,Aromatic homomonocyclic compounds
BXRFQSNOROATLV-UHFFFAOYSA-N,False,Organic compounds,Benzenoids,Benzene and substituted derivatives,Nitrobenzenes,Nitrobenzaldehydes,Aromatic homomonocyclic compounds
SYBYTAAJFKOIEJ-UHFFFAOYSA-N,False,Organic compounds,Organic oxygen compounds,Organooxygen compounds,Carbonyl compounds,Ketones,Aliphatic acyclic compounds
JCRIDWXIBSEOEG-UHFFFAOYSA-N,False,Organic compounds,Benzenoids,Phenols,Nitrophenols,Dinitrophenols,Aromatic homomonocyclic compounds
WQONPSCCEXUXTQ-UHFFFAOYSA-N,False,Organic compounds,Benzenoids,Benzene and substituted derivatives,Halobenzenes,Bromobenzenes,Aromatic homomonocyclic compounds
LQFLWKPCQITJIH-UHFFFAOYSA-N,False,Organic compounds,Organic nitrogen compounds,Organonitrogen compounds,Amines,Phenylalkylamines,Aromatic homomonocyclic compounds
HRXZRAXKKNUKRF-UHFFFAOYSA-N,False,Organic compounds,Benzenoids,Benzene and substituted derivatives,Aniline and substituted anilines,Aniline and substituted anilines,Aromatic homomonocyclic compounds
QQZOPKMRPOGIEB-UHFFFAOYSA-N,False,Organic compounds,Organic oxygen compounds,Organooxygen compounds,Carbonyl compounds,Ketones,Aliphatic acyclic compounds
CYIFVRUOHKNECG-UHFFFAOYSA-N,False,Organic compounds,Organic oxygen compounds,Organooxygen compounds,Carbonyl compounds,Ketones,Aliphatic acyclic compounds
RWWNQEOPUOCKGR-UHFFFAOYSA-N,False,Organic compounds,Organometallic compounds,Organo-post-transition metal compounds,Organotin compounds,Tetraalkyltins,Aliphatic acyclic compounds
BAYAKMPRFGNNFW-UHFFFAOYSA-N,False,Organic compounds,Organic oxygen compounds,Organooxygen compounds,Alcohols and polyols,Secondary alcohols,Aliphatic acyclic compounds
ODHXBMXNKOYIBV-UHFFFAOYSA-N,False,Organic compounds,Organic nitrogen compounds,Organonitrogen compounds,Amines,Triarylamines,Aromatic homomonocyclic compounds
DCNUQRBLZWSGAV-UHFFFAOYSA-N,False,Organic compounds,Benzenoids,Benzene and substituted derivatives,Anilides,Anilides,Aromatic homomonocyclic compounds
ICZLTZWATFXDLP-UHFFFAOYSA-N,False,Organic compounds,Lipids and lipid-like molecules,Fatty Acyls,Fatty acid esters,Fatty acid esters,Aromatic homomonocyclic compounds
SVHOVVJFOWGYJO-UHFFFAOYSA-N,False,Organic compounds,Benzenoids,Phenols,Halophenols,P-bromophenols,Aromatic homomonocyclic compounds
VAPDZNUFNKUROY-UHFFFAOYSA-N,False,Organic compounds,Benzenoids,Phenols,Halophenols,P-iodophenols,Aromatic homomonocyclic compounds
LWRSYTXEQUUTKW-UHFFFAOYSA-N,False,Organic compounds,Benzenoids,Benzene and substituted derivatives,Methoxybenzenes,Dimethoxybenzenes,Aromatic homomonocyclic compounds
ADVGKWPZRIDURE-UHFFFAOYSA-N,False,Organic compounds,Benzenoids,Benzene and substituted derivatives,Anilides,Acetanilides,Aromatic homomonocyclic compounds
XGYLSRFSXKAYCR-UHFFFAOYSA-N,False,Organic compounds,Benzenoids,Benzene and substituted derivatives,Toluenes,Aminotoluenes,Aromatic homomonocyclic compounds
ISFYBUAVOZFROB-UHFFFAOYSA-N,False,Organic compounds,Benzenoids,Benzene and substituted derivatives,Nitrobenzenes,Nitrophenyl ethers,Aromatic homomonocyclic compounds
YOJAHJGBFDPSDI-UHFFFAOYSA-N,False,Organic compounds,Benzenoids,Benzene and substituted derivatives,Benzoic acids and derivatives,Nitrobenzoic acids and derivatives,Aromatic homomonocyclic compounds
ZESWUEBPRPGMTP-UHFFFAOYSA-N,False,Organic compounds,Benzenoids,Benzene and substituted derivatives,Nitrobenzenes,Nitrobenzenes,Aromatic homomonocyclic compounds
JDTMUJBWSGNMGR-UHFFFAOYSA-N,False,Organic compounds,Benzenoids,Benzene and substituted derivatives,Diphenylethers,Diphenylethers,Aromatic homomonocyclic compounds
HTMQZWFSTJVJEQ-UHFFFAOYSA-N,False,Organic compounds,Benzenoids,Benzene and substituted derivatives,Benzyl sulfoxides,Benzyl alkyl sulfoxides,Aromatic homomonocyclic compounds
QLNWXBAGRTUKKI-UHFFFAOYSA-N,False,Organic compounds,Benzenoids,Benzene and substituted derivatives,Anilides,Acetanilides,Aromatic homomonocyclic compounds
KKFDCBRMNNSAAW-UHFFFAOYSA-N,False,Organic compounds,Organoheterocyclic compounds,Oxazinanes,Morpholines,Morpholines,Aliphatic heteromonocyclic compounds
ZZHIDJWUJRKHGX-UHFFFAOYSA-N,False,Organic compounds,Benzenoids,Benzene and substituted derivatives,Benzyl halides,Benzyl chlorides,Aromatic homomonocyclic compounds
LFMWZTSOMGDDJU-UHFFFAOYSA-N,False,Organic compounds,Benzenoids,Benzene and substituted derivatives,Halobenzenes,Iodobenzenes,Aromatic homomonocyclic compounds
GSNUFIFRDBKVIE-UHFFFAOYSA-N,False,Organic compounds,Organoheterocyclic compounds,Heteroaromatic compounds,,Heteroaromatic compounds,Aromatic heteromonocyclic compounds
LBKDGROORAKTLC-UHFFFAOYSA-N,False,Organic compounds,Organohalogen compounds,Organochlorides,,Organochlorides,Aliphatic acyclic compounds
LSXKDWGTSHCFPP-UHFFFAOYSA-N,False,Organic compounds,Organohalogen compounds,Organobromides,,Organobromides,Aliphatic acyclic compounds
ALVPFGSHPUPROW-UHFFFAOYSA-N,False,Organic compounds,Organosulfur compounds,Organic disulfides,Dialkyldisulfides,Dialkyldisulfides,Aliphatic acyclic compounds
BTNXBLUGMAMSSH-UHFFFAOYSA-N,False,Organic compounds,Organic nitrogen compounds,Organonitrogen compounds,Organic cyanides,Nitriles,Aliphatic acyclic compounds
RRJUYQOFOMFVQS-UHFFFAOYSA-N,False,Organic compounds,Benzenoids,Benzene and substituted derivatives,Aniline and substituted anilines,Aniline and substituted anilines,Aromatic homomonocyclic compounds
FUGKCSRLAQKUHG-UHFFFAOYSA-N,False,Organic compounds,Organic oxygen compounds,Organooxygen compounds,Carbonyl compounds,Hydroxybenzaldehydes,Aromatic homomonocyclic compounds
KLSLBUSXWBJMEC-UHFFFAOYSA-N,False,Organic compounds,Benzenoids,Benzene and substituted derivatives,Phenylpropanes,Phenylpropanes,Aromatic homomonocyclic compounds
QJXCFMJTJYCLFG-UHFFFAOYSA-N,False,Organic compounds,Benzenoids,Benzene and substituted derivatives,Benzoyl derivatives,Benzoyl derivatives,Aromatic homomonocyclic compounds
ZAJNGDIORYACQU-UHFFFAOYSA-N,False,Organic compounds,Organic oxygen compounds,Organooxygen compounds,Carbonyl compounds,Ketones,Aliphatic acyclic compounds
AOPDRZXCEAKHHW-UHFFFAOYSA-N,False,Organic compounds,Organic oxygen compounds,Organooxygen compounds,Ethers,Dialkyl ethers,Aliphatic acyclic compounds
PUMREIFKTMLCAF-UHFFFAOYSA-N,False,Organic compounds,Organoheterocyclic compounds,Azoles,Oxazoles,Oxazoles,Aromatic heteromonocyclic compounds
LXBGSDVWAMZHDD-UHFFFAOYSA-N,False,Organic compounds,Organoheterocyclic compounds,Azoles,Imidazoles,Imidazoles,Aromatic heteromonocyclic compounds
IYKFYARMMIESOX-UHFFFAOYSA-N,False,Organic compounds,Organic oxygen compounds,Organooxygen compounds,Carbonyl compounds,Adamantanones,Aliphatic homopolycyclic compounds
IFYYFLINQYPWGJ-UHFFFAOYSA-N,False,Organic compounds,Organoheterocyclic compounds,Lactones,Gamma butyrolactones,Gamma butyrolactones,Aliphatic heteromonocyclic compounds
FQRQWPNYJOFDLO-UHFFFAOYSA-N,False,Organic compounds,Benzenoids,Phenols,Methoxyphenols,Methoxyphenols,Aromatic homomonocyclic compounds
LFULEKSKNZEWOE-UHFFFAOYSA-N,False,Organic compounds,Benzenoids,Benzene and substituted derivatives,Anilides,Anilides,Aromatic homomonocyclic compounds
XVEASTGLHPVZNA-UHFFFAOYSA-N,False,Organic compounds,Organohalogen compounds,Organochlorides,,Organochlorides,Aliphatic acyclic compounds
NZMAJUHVSZBJHL-UHFFFAOYSA-N,False,Organic compounds,Organic acids and derivatives,Carboxylic acids and derivatives,Carboxylic acid derivatives,Tertiary carboxylic acid amides,Aliphatic acyclic compounds
NEEDEQSZOUAJMU-UHFFFAOYSA-N,False,Organic compounds,Organic oxygen compounds,Organooxygen compounds,Alcohols and polyols,Primary alcohols,Aliphatic acyclic compounds
DZPCYXCBXGQBRN-UHFFFAOYSA-N,False,Organic compounds,Hydrocarbons,Unsaturated hydrocarbons,Branched unsaturated hydrocarbons,Branched unsaturated hydrocarbons,Aliphatic acyclic compounds
DKNWSYNQZKUICI-UHFFFAOYSA-N,False,Organic compounds,Organic nitrogen compounds,Organonitrogen compounds,Amines,Monoalkylamines,Aliphatic homopolycyclic compounds
OCYMJCILWYHKAU-UHFFFAOYSA-N,False,Organic compounds,Organoheterocyclic compounds,Pyridines and derivatives,3-pyridinecarbonitriles,3-pyridinecarbonitriles,Aromatic heteromonocyclic compounds
NOXLGCOSAFGMDV-UHFFFAOYSA-N,False,Organic compounds,Benzenoids,Benzene and substituted derivatives,Aniline and substituted anilines,Aniline and substituted anilines,Aromatic homomonocyclic compounds
VEDTXTNSFWUXGQ-UHFFFAOYSA-N,False,Organic compounds,Organosulfur compounds,Thioethers,Aryl thioethers,Aryl thioethers,Aromatic homomonocyclic compounds
FIQMHBFVRAXMOP-UHFFFAOYSA-N,False,Organic compounds,Benzenoids,Benzene and substituted derivatives,Phenylphosphines and derivatives,Phenylphosphines and derivatives,Aromatic homomonocyclic compounds
OMIGHNLMNHATMP-UHFFFAOYSA-N,False,Organic compounds,Organic acids and derivatives,Carboxylic acids and derivatives,Acrylic acids and derivatives,Acrylic acid esters,Aliphatic acyclic compounds
VUGRNZHKYVHZSN-UHFFFAOYSA-N,False,Organic compounds,Lipids and lipid-like molecules,Fatty Acyls,Fatty alcohols,Fatty alcohols,Aliphatic acyclic compounds
VKCYHJWLYTUGCC-UHFFFAOYSA-N,False,Organic compounds,Organic oxygen compounds,Organooxygen compounds,Carbonyl compounds,Ketones,Aliphatic acyclic compounds
GZEZIBFVJYNETN-PHDIDXHHSA-N,False,Organic compounds,Organohalogen compounds,Alkyl halides,Cyclohexyl halides,Cyclohexyl halides,Aliphatic homomonocyclic compounds
ZSBDGXGICLIJGD-UHFFFAOYSA-N,False,Organic compounds,Benzenoids,Benzene and substituted derivatives,Diphenylethers,Diphenylethers,Aromatic homomonocyclic compounds
WOBHKFSMXKNTIM-UHFFFAOYSA-N,False,Organic compounds,Organic acids and derivatives,Carboxylic acids and derivatives,Carboxylic acid derivatives,Enoate esters,Aliphatic acyclic compounds
XCMISAPCWHTVNG-UHFFFAOYSA-N,False,Organic compounds,Organohalogen compounds,Aryl halides,Aryl bromides,Aryl bromides,Aromatic heteromonocyclic compounds
YSFBEAASFUWWHU-UHFFFAOYSA-N,False,Organic compounds,Benzenoids,Benzene and substituted derivatives,Halobenzenes,Dichlorobenzenes,Aromatic homomonocyclic compounds
GUUVPOWQJOLRAS-UHFFFAOYSA-N,False,Organic compounds,Benzenoids,Benzene and substituted derivatives,,Benzene and substituted derivatives,Aromatic homomonocyclic compounds
FQZJYWMRQDKBQN-UHFFFAOYSA-N,False,Organic compounds,Benzenoids,Benzene and substituted derivatives,Benzoic acids and derivatives,Benzoic acid esters,
BYEAHWXPCBROCE-UHFFFAOYSA-N,True,Organic compounds,Organohalogen compounds,Halohydrins,Fluorohydrins,Fluorohydrins,Aliphatic acyclic compounds
SZYLTIUVWARXOO-UHFFFAOYSA-N,False,Organic compounds,Organic oxygen compounds,Organooxygen compounds,Alcohols and polyols,Secondary alcohols,Aliphatic acyclic compounds
OTJZCIYGRUNXTP-UHFFFAOYSA-N,False,Organic compounds,Acetylides,,,Acetylides,Aliphatic acyclic compounds
UFLHIIWVXFIJGU-ARJAWSKDSA-N,False,Organic compounds,Lipids and lipid-like molecules,Fatty Acyls,Fatty alcohols,Fatty alcohols,Aliphatic acyclic compounds
UFLHIIWVXFIJGU-ONEGZZNKSA-N,False,Organic compounds,Lipids and lipid-like molecules,Fatty Acyls,Fatty alcohols,Fatty alcohols,Aliphatic acyclic compounds
NZFLWVDXYUGFAV-UHFFFAOYSA-N,False,Organic compounds,Organic oxygen compounds,Organooxygen compounds,Carbonyl compounds,Aryl alkyl ketones,Aromatic heteromonocyclic compounds
JVZRCNQLWOELDU-UHFFFAOYSA-N,False,Organic compounds,Organoheterocyclic compounds,Pyridines and derivatives,Phenylpyridines,Phenylpyridines,Aromatic heteromonocyclic compounds
JJHHIJFTHRNPIK-UHFFFAOYSA-N,False,Organic compounds,Benzenoids,Benzene and substituted derivatives,Phenyl sulfoxides,Phenyl sulfoxides,Aromatic homomonocyclic compounds
VUPDHIIPAKIKAB-UHFFFAOYSA-N,False,Organic compounds,Organoheterocyclic compounds,Furans,Diphenylfurans,"2,5-diphenylfurans",Aromatic heteromonocyclic compounds
GWZMWHWAWHPNHN-UHFFFAOYSA-N,False,Organic compounds,Organic acids and derivatives,Carboxylic acids and derivatives,Acrylic acids and derivatives,Acrylic acid esters,Aliphatic acyclic compounds
WGOLHUGPTDEKCF-UHFFFAOYSA-N,False,Organic compounds,Organoheterocyclic compounds,Pyridines and derivatives,Aminopyridines and derivatives,Aminopyridines and derivatives,Aromatic heteromonocyclic compounds
AIPRAPZUGUTQKX-UHFFFAOYSA-N,False,Organic compounds,Organic acids and derivatives,Organic phosphonic acids and derivatives,Phosphonic acid diesters,Dialkyl alkylphosphonates,Aromatic homomonocyclic compounds
ILRSCQWREDREME-UHFFFAOYSA-N,False,Organic compounds,Lipids and lipid-like molecules,Fatty Acyls,Fatty amides,Fatty amides,Aliphatic acyclic compounds
WMQUKDQWMMOHSA-UHFFFAOYSA-N,False,Organic compounds,Organic oxygen compounds,Organooxygen compounds,Carbonyl compounds,Aryl alkyl ketones,Aromatic heteromonocyclic compounds
LXNFVVDCCWUUKC-UHFFFAOYSA-N,False,Organic compounds,Benzenoids,Benzene and substituted derivatives,Benzoic acids and derivatives,Benzoic acid esters,Aromatic homomonocyclic compounds
YFNONBGXNFCTMM-UHFFFAOYSA-N,False,Organic compounds,Benzenoids,Phenol ethers,,Phenol ethers,Aromatic homomonocyclic compounds
KKZMIDYKRKGJHG-UHFFFAOYSA-N,False,Organic compounds,Benzenoids,Benzene and substituted derivatives,Benzoic acids and derivatives,Benzoic acid esters,Aromatic homomonocyclic compounds
RRBMVWQICIXSEO-UHFFFAOYSA-N,False,Organic compounds,Benzenoids,Phenols,Benzenediols,4-chlorocatechols,Aromatic homomonocyclic compounds
RGQNFYVSEWDUEI-UHFFFAOYSA-N,False,Organic compounds,Organic oxygen compounds,Organooxygen compounds,Carbonyl compounds,Alkyl-phenylketones,Aromatic homomonocyclic compounds
AFCAKJKUYFLYFK-UHFFFAOYSA-N,False,Organic compounds,Organometallic compounds,Organo-post-transition metal compounds,Organotin compounds,Tetraalkyltins,Aliphatic acyclic compounds
KKFHAJHLJHVUDM-UHFFFAOYSA-N,False,Organic compounds,Organoheterocyclic compounds,Indoles and derivatives,Carbazoles,Carbazoles,Aromatic heteropolycyclic compounds
IGPFOKFDBICQMC-UHFFFAOYSA-N,False,Organic compounds,Benzenoids,Phenol ethers,Aminophenyl ethers,Aminophenyl ethers,Aromatic homomonocyclic compounds
NLDGJRWPPOSWLC-UHFFFAOYSA-N,False,Organic compounds,Hydrocarbons,Unsaturated hydrocarbons,Olefins,Alkadienes,Aliphatic acyclic compounds
NRXQIUSYPAHGNM-UHFFFAOYSA-N,False,Organic compounds,Benzenoids,Benzene and substituted derivatives,Benzonitriles,Benzonitriles,Aromatic homomonocyclic compounds
UPMXNNIRAGDFEH-UHFFFAOYSA-N,False,Organic compounds,Benzenoids,Benzene and substituted derivatives,Benzonitriles,Benzonitriles,Aromatic homomonocyclic compounds
NFWKVWVWBFBAOV-MISYRCLQSA-N,False,Organic compounds,Lipids and lipid-like molecules,Prenol lipids,Diterpenoids,Diterpenoids,Aromatic homopolycyclic compounds
QIRNGVVZBINFMX-UHFFFAOYSA-N,False,Organic compounds,Benzenoids,Phenols,1-hydroxy-4-unsubstituted benzenoids,1-hydroxy-4-unsubstituted benzenoids,Aromatic homomonocyclic compounds
MKKSTJKBKNCMRV-UHFFFAOYSA-N,False,Organic compounds,Organic oxygen compounds,Organooxygen compounds,Carbonyl compounds,Hydroxybenzaldehydes,Aromatic homomonocyclic compounds
XJFZOSUFGSANIF-UHFFFAOYSA-N,False,Organic compounds,Organohalogen compounds,Organochlorides,,Organochlorides,Aliphatic acyclic compounds
YRSSHOVRSMQULE-UHFFFAOYSA-N,False,Organic compounds,Benzenoids,Benzene and substituted derivatives,Halobenzenes,Dichlorobenzenes,Aromatic homomonocyclic compounds
LQLQDKBJAIILIQ-UHFFFAOYSA-N,False,Organic compounds,Benzenoids,Benzene and substituted derivatives,Benzoic acids and derivatives,p-Phthalate esters,Aromatic homomonocyclic compounds
NZGQHKSLKRFZFL-UHFFFAOYSA-N,False,Organic compounds,Benzenoids,Benzene and substituted derivatives,Diphenylethers,Diphenylethers,Aromatic homomonocyclic compounds
JHSPCUHPSIUQRB-UHFFFAOYSA-N,False,Organic compounds,Benzenoids,Benzene and substituted derivatives,Benzoic acids and derivatives,2-halobenzoic acids and derivatives,Aromatic homomonocyclic compounds
MHZGKXUYDGKKIU-UHFFFAOYSA-N,False,Organic compounds,Organic nitrogen compounds,Organonitrogen compounds,Amines,Monoalkylamines,Aliphatic acyclic compounds
IMIDOCRTMDIQIJ-UHFFFAOYSA-N,False,Organic compounds,Benzenoids,Benzene and substituted derivatives,Phenoxy compounds,Phenoxy compounds,Aromatic homomonocyclic compounds
JCGGPCDDFXIVQB-UHFFFAOYSA-N,False,Organic compounds,Organoheterocyclic compounds,Azoles,Imidazoles,"2,4,5-trisubstituted imidazoles",Aromatic heteromonocyclic compounds
AIGRXSNSLVJMEA-UHFFFAOYSA-N,False,Organic compounds,Benzenoids,Benzene and substituted derivatives,Phenylphosphonothioates,Phenyl phenylphosphonothioates,Aromatic homomonocyclic compounds
JTHLRRZARWSHBE-UHFFFAOYSA-N,False,Organic compounds,Organic oxygen compounds,Organooxygen compounds,Alcohols and polyols,Secondary alcohols,Aliphatic acyclic compounds
WWOBYPKUYODHDG-UHFFFAOYSA-N,False,Organic compounds,Benzenoids,Phenols,Benzenediols,4-chlorocatechols,Aromatic homomonocyclic compounds
IIFCLXHRIYTHPV-UHFFFAOYSA-N,False,Organic compounds,Benzenoids,Benzene and substituted derivatives,Benzoic acids and derivatives,p-Hydroxybenzoic acid alkyl esters,Aromatic homomonocyclic compounds
PBOSTUDLECTMNL-UHFFFAOYSA-N,False,Organic compounds,Lipids and lipid-like molecules,Fatty Acyls,Fatty alcohol esters,Fatty alcohol esters,Aliphatic acyclic compounds
DNDPLEAVNVOOQZ-UHFFFAOYSA-N,False,Organic compounds,Organoheterocyclic compounds,Pyridines and derivatives,Halopyridines,Polyhalopyridines,Aromatic heteromonocyclic compounds
NOOLISFMXDJSKH-KXUCPTDWSA-N,False,Organic compounds,Lipids and lipid-like molecules,Prenol lipids,Monoterpenoids,Menthane monoterpenoids,Aliphatic homomonocyclic compounds
YJYMYJRAQYREBT-UHFFFAOYSA-N,False,Organic compounds,Benzenoids,Benzene and substituted derivatives,Benzenesulfonamides,Benzenesulfonamides,Aromatic heteromonocyclic compounds
XMCRWEBERCXJCH-UHFFFAOYSA-N,False,Organic compounds,Organic oxygen compounds,Organooxygen compounds,Carbonyl compounds,Alkyl-phenylketones,Aromatic homomonocyclic compounds
PLZZPPHAMDJOSR-UHFFFAOYSA-N,False,Organic compounds,Organic nitrogen compounds,Organonitrogen compounds,Organic cyanides,Nitriles,Aliphatic acyclic compounds
PGFQDLOMDIBAPY-UHFFFAOYSA-N,True,Organic compounds,Benzenoids,Benzene and substituted derivatives,Trifluoromethylbenzenes,Trifluoromethylbenzenes,Aromatic homomonocyclic compounds
SFPNZPQIIAJXGL-UHFFFAOYSA-N,False,Organic compounds,Organic acids and derivatives,Carboxylic acids and derivatives,Carboxylic acid derivatives,Enoate esters,Aliphatic acyclic compounds
QQOMQLYQAXGHSU-UHFFFAOYSA-N,False,Organic compounds,Benzenoids,Phenols,Cresols,Ortho cresols,Aromatic homomonocyclic compounds
VXCUURYYWGCLIH-UHFFFAOYSA-N,False,Organic compounds,Organic nitrogen compounds,Organonitrogen compounds,Organic cyanides,Nitriles,Aliphatic acyclic compounds
MNWSGMTUGXNYHJ-UHFFFAOYSA-N,False,Organic compounds,Benzenoids,Benzene and substituted derivatives,Benzoic acids and derivatives,Benzamides,Aromatic homomonocyclic compounds
XXFUNTSOBHSMBU-UHFFFAOYSA-N,False,Organic compounds,Benzenoids,Benzene and substituted derivatives,Benzoic acids and derivatives,4-halobenzoic acids and derivatives,Aromatic homomonocyclic compounds
LCXXNKZQVOXMEH-UHFFFAOYSA-N,False,Organic compounds,Organoheterocyclic compounds,Tetrahydrofurans,,Tetrahydrofurans,Aliphatic heteromonocyclic compounds
AOJOEFVRHOZDFN-UHFFFAOYSA-N,False,Organic compounds,Benzenoids,Benzene and substituted derivatives,Benzyloxycarbonyls,Benzyloxycarbonyls,Aromatic homomonocyclic compounds
LNMQRPPRQDGUDR-UHFFFAOYSA-N,False,Organic compounds,Organic acids and derivatives,Carboxylic acids and derivatives,Acrylic acids and derivatives,Acrylic acid esters,Aliphatic acyclic compounds
XPQIPUZPSLAZDV-UHFFFAOYSA-N,False,Organic compounds,Organic nitrogen compounds,Organonitrogen compounds,Amines,2-arylethylamines,Aromatic heteromonocyclic compounds
IQXXEPZFOOTTBA-UHFFFAOYSA-N,False,Organic compounds,Benzenoids,Benzene and substituted derivatives,Phenylmethylamines,Phenylmethylamines,Aromatic heteromonocyclic compounds
ZUGAIMFLQLPTKB-UHFFFAOYSA-N,False,Organic compounds,Organoheterocyclic compounds,Pyridines and derivatives,,Pyridines and derivatives,Aromatic heteromonocyclic compounds
ABVVEAHYODGCLZ-UHFFFAOYSA-N,False,Organic compounds,Organic nitrogen compounds,Organonitrogen compounds,Amines,Monoalkylamines,Aliphatic acyclic compounds
APHLSUBLNQBFTM-UHFFFAOYSA-N,False,Organic compounds,Benzenoids,Benzene and substituted derivatives,Benzophenones,Benzophenones,Aromatic homomonocyclic compounds
SPJQBGGHUDNAIC-UHFFFAOYSA-N,False,Organic compounds,Benzenoids,Benzene and substituted derivatives,Benzoic acids and derivatives,Benzoic acid esters,Aromatic homomonocyclic compounds
KLSHZDPXXKAHIJ-UHFFFAOYSA-N,False,Organic compounds,Benzenoids,Phenols,Methoxyphenols,Methoxyphenols,Aromatic homomonocyclic compounds
KBLWLMPSVYBVDK-UHFFFAOYSA-N,False,Organic compounds,Organic acids and derivatives,Carboxylic acids and derivatives,Acrylic acids and derivatives,Acrylic acid esters,Aliphatic homomonocyclic compounds
KJGYFISADIZFEL-UHFFFAOYSA-N,False,Organic compounds,Benzenoids,Benzene and substituted derivatives,Phenyl sulfoxides,Phenyl sulfoxides,Aromatic homomonocyclic compounds
ACCHWUWBKYGKNM-UHFFFAOYSA-N,False,Organic compounds,Benzenoids,Phenols,Benzenediols,4-chlorocatechols,Aromatic homomonocyclic compounds
YTDHEFNWWHSXSU-UHFFFAOYSA-N,False,Organic compounds,Benzenoids,Benzene and substituted derivatives,Aniline and substituted anilines,Aniline and substituted anilines,Aromatic homomonocyclic compounds
PJUOHDQXFNPPRF-UHFFFAOYSA-N,False,Organic compounds,Organoheterocyclic compounds,Pyridines and derivatives,Phenylpyridines,Phenylpyridines,Aromatic heteromonocyclic compounds
ZPXDNSYFDIHPOJ-UHFFFAOYSA-N,False,Organic compounds,Benzenoids,Benzene and substituted derivatives,Nitrobenzenes,Nitrobenzenes,Aromatic homomonocyclic compounds
ZUVJVEOHQKNMPN-UHFFFAOYSA-N,False,Organic compounds,Benzenoids,Benzene and substituted derivatives,Halobenzenes,Chlorobenzenes,Aromatic homomonocyclic compounds
BOHKXQAJUVXBDQ-UHFFFAOYSA-N,False,Organic compounds,Organic oxygen compounds,Organic oxides,,Organic oxides,Aliphatic acyclic compounds
SZFUWUOHDRMCKD-UHFFFAOYSA-N,False,Organic compounds,Organoheterocyclic compounds,Pyridines and derivatives,Hydropyridines,Pyridinones,Aromatic heteromonocyclic compounds
LZAZXBXPKRULLB-UHFFFAOYSA-N,False,Organic compounds,Organosulfur compounds,Organic disulfides,Dialkyldisulfides,Dialkyldisulfides,Aliphatic acyclic compounds
IAJBQAYHSQIQRE-UHFFFAOYSA-N,False,Organic compounds,Benzenoids,Benzene and substituted derivatives,Benzoyl derivatives,Benzoyl derivatives,Aromatic homomonocyclic compounds
BOQSSGDQNWEFSX-UHFFFAOYSA-N,False,Organic compounds,Organic acids and derivatives,Carboxylic acids and derivatives,Carboxylic acid derivatives,Enoate esters,Aliphatic acyclic compounds
BVOSSZSHBZQJOI-UHFFFAOYSA-N,False,Organic compounds,Organic oxygen compounds,Organooxygen compounds,Alcohols and polyols,Secondary alcohols,Aliphatic acyclic compounds
RULKYXXCCZZKDZ-UHFFFAOYSA-N,False,Organic compounds,Benzenoids,Phenols,Halophenols,P-chlorophenols,Aromatic homomonocyclic compounds
DQRKTVIJNCVZAX-UHFFFAOYSA-N,False,Organic compounds,Organoheterocyclic compounds,Pyridines and derivatives,,Pyridines and derivatives,Aromatic heteromonocyclic compounds
SHBTUGJAKBRBBJ-UHFFFAOYSA-N,False,Organic compounds,Organoheterocyclic compounds,Diazines,Pyrimidines and pyrimidine derivatives,Thiobarbituric acid derivatives,Aliphatic heteromonocyclic compounds
PAYWCKGMOYQZAW-UHFFFAOYSA-N,False,Organic compounds,Benzenoids,Benzene and substituted derivatives,Benzoic acids and derivatives,p-Phthalate esters,Aromatic homomonocyclic compounds
NKYDKCVZNMNZCM-UHFFFAOYSA-N,False,Organic compounds,Organoheterocyclic compounds,Benzothiazoles,,Benzothiazoles,Aromatic heteropolycyclic compounds
DSSKDXUDARIMTR-UHFFFAOYSA-N,False,Organic compounds,Benzenoids,Benzene and substituted derivatives,Benzoic acids and derivatives,p-Phthalate esters,Aromatic homomonocyclic compounds
DCXDVGKTBDNYRX-UHFFFAOYSA-N,False,Organic compounds,Organosulfur compounds,Thioethers,Dialkylthioethers,Dialkylthioethers,Aliphatic acyclic compounds
LJQNMDZRCXJETK-UHFFFAOYSA-N,False,Organic compounds,Organic nitrogen compounds,Organonitrogen compounds,Amines,Trialkylamines,Aliphatic acyclic compounds
YEVPHFIFGUWSMG-UHFFFAOYSA-N,False,Organic compounds,Organic oxygen compounds,Organooxygen compounds,Carbonyl compounds,Alkyl-phenylketones,Aromatic homomonocyclic compounds
NPTGVVKPLWFPPX-UHFFFAOYSA-N,False,Organic compounds,Organoheterocyclic compounds,Diazines,Pyrimidines and pyrimidine derivatives,Halopyrimidines,Aromatic heteromonocyclic compounds
FPEUDBGJAVKAEE-UHFFFAOYSA-N,False,Organic compounds,Benzenoids,Benzene and substituted derivatives,Methoxybenzenes,Dimethoxybenzenes,Aromatic homomonocyclic compounds
PSHKMPUSSFXUIA-UHFFFAOYSA-N,False,Organic compounds,Organic nitrogen compounds,Organonitrogen compounds,Amines,Dialkylarylamines,Aromatic heteromonocyclic compounds
XDIAMRVROCPPBK-UHFFFAOYSA-N,False,Organic compounds,Organic nitrogen compounds,Organonitrogen compounds,Amines,Monoalkylamines,Aliphatic acyclic compounds
MXYATHGRPJZBNA-KRFUXDQASA-N,False,Organic compounds,Lipids and lipid-like molecules,Prenol lipids,Diterpenoids,Diterpenoids,Aliphatic homopolycyclic compounds
QYRDWARBHMCOAG-UHFFFAOYSA-N,False,Organic compounds,Benzenoids,Benzene and substituted derivatives,Benzonitriles,Benzonitriles,Aromatic homomonocyclic compounds
LSKONYYRONEBKA-UHFFFAOYSA-N,False,Organic compounds,Organic oxygen compounds,Organooxygen compounds,Carbonyl compounds,Ketones,Aliphatic acyclic compounds
RUKJCCIJLIMGEP-ONEGZZNKSA-N,False,Organic compounds,Phenylpropanoids and polyketides,Cinnamaldehydes,,Cinnamaldehydes,Aromatic homomonocyclic compounds
BPMOJGOPWSCNHJ-UHFFFAOYSA-N,False,Organic compounds,Benzenoids,Benzene and substituted derivatives,Nitrobenzenes,Nitrobenzenes,Aromatic homomonocyclic compounds
VFVHWCKUHAEDMY-UHFFFAOYSA-N,False,Organic compounds,Benzenoids,Benzene and substituted derivatives,Nitrobenzenes,Nitrobenzaldehydes,Aromatic homomonocyclic compounds
WQWQHJNUHQEGTN-UHFFFAOYSA-N,False,Organic compounds,Benzenoids,Benzene and substituted derivatives,Benzonitriles,Benzonitriles,Aromatic homomonocyclic compounds
YKHQFTANTNMYPP-UHFFFAOYSA-N,False,Organic compounds,Organoheterocyclic compounds,Pyridines and derivatives,Halopyridines,2-halopyridines,Aromatic heteromonocyclic compounds
RSOPTYAZDFSMTN-UHFFFAOYSA-N,False,Organic compounds,Organoheterocyclic compounds,Pyridines and derivatives,Halopyridines,2-halopyridines,Aromatic heteromonocyclic compounds
ZHOBJWVNWMQMLF-UHFFFAOYSA-N,False,Organic compounds,Organic nitrogen compounds,Organonitrogen compounds,Amines,Trialkylamines,Aliphatic acyclic compounds
DPLOXPRJCFWURN-UHFFFAOYSA-N,False,Organic compounds,Organic nitrogen compounds,Organonitrogen compounds,Amines,Trialkylamines,Aliphatic acyclic compounds
XUSNPFGLKGCWGN-UHFFFAOYSA-N,False,Organic compounds,Organoheterocyclic compounds,Diazinanes,Piperazines,N-alkylpiperazines,Aliphatic heteromonocyclic compounds
FQTLCLSUCSAZDY-UHFFFAOYSA-N,False,Organic compounds,Lipids and lipid-like molecules,Prenol lipids,Sesquiterpenoids,Sesquiterpenoids,Aliphatic acyclic compounds
QFKMMXYLAPZKIB-UHFFFAOYSA-N,False,Organic compounds,Organic nitrogen compounds,Organonitrogen compounds,Amines,Monoalkylamines,Aliphatic acyclic compounds
JRHHJNMASOIRDS-UHFFFAOYSA-N,False,Organic compounds,Benzenoids,Phenol ethers,,Phenol ethers,Aromatic homomonocyclic compounds
NJQADTYRAYFBJN-UHFFFAOYSA-N,False,Organic compounds,Lipids and lipid-like molecules,Prenol lipids,Monoterpenoids,Bicyclic monoterpenoids,Aliphatic homopolycyclic compounds
VEMKTZHHVJILDY-UHFFFAOYSA-N,False,Organic compounds,Lipids and lipid-like molecules,Prenol lipids,Monoterpenoids,Aromatic monoterpenoids,Aromatic heteromonocyclic compounds
XLNZEKHULJKQBA-UHFFFAOYSA-N,False,Organic compounds,Organic acids and derivatives,Organic dithiophosphoric acids and derivatives,Dithiophosphate O-esters,Dithiophosphate O-esters,Aliphatic acyclic compounds
LNAOKZKISWEZNY-UHFFFAOYSA-N,False,Organic compounds,Benzenoids,Benzene and substituted derivatives,,Benzene and substituted derivatives,Aromatic homomonocyclic compounds
BXJZZJYNVIDEKG-UHFFFAOYSA-N,False,Organic compounds,Organic oxygen compounds,Organooxygen compounds,Carbonyl compounds,Alkyl-phenylketones,Aromatic homomonocyclic compounds
PKNAATJMQOUREZ-UHFFFAOYSA-N,False,Organic compounds,Organic oxygen compounds,Organooxygen compounds,Carbonyl compounds,Alkyl-phenylketones,Aromatic homomonocyclic compounds
WLWCQKMQYZFTDR-UHFFFAOYSA-N,False,Organic compounds,Organic acids and derivatives,Carboxylic acids and derivatives,Dicarboxylic acids and derivatives,Dicarboxylic acids and derivatives,Aliphatic acyclic compounds
HVAAHUDGWQAAOJ-UHFFFAOYSA-N,False,Organic compounds,Benzenoids,Benzene and substituted derivatives,Phenylmethylamines,Phenylmethylamines,Aromatic homomonocyclic compounds
ABFPKTQEQNICFT-UHFFFAOYSA-M,False,Organic compounds,Organoheterocyclic compounds,Pyridines and derivatives,Methylpyridines,N-methylpyridinium compounds,Aromatic heteromonocyclic compounds
IDGVUIHZWDVXOQ-UHFFFAOYSA-N,False,Organic compounds,Organic oxygen compounds,Organooxygen compounds,Carbonyl compounds,Aryl-phenylketones,Aromatic heteromonocyclic compounds
SKFLCXNDKRUHTA-UHFFFAOYSA-N,False,Organic compounds,Organic oxygen compounds,Organooxygen compounds,Carbonyl compounds,Aryl-phenylketones,Aromatic heteromonocyclic compounds
BBLDTXFLAHKYFJ-UHFFFAOYSA-N,False,Organic compounds,Organoheterocyclic compounds,Tetrahydrofurans,,Tetrahydrofurans,Aliphatic heteromonocyclic compounds
QBPDSKPWYWIHGA-UHFFFAOYSA-N,False,Organic compounds,"Organic 1,3-dipolar compounds","Allyl-type 1,3-dipolar organic compounds",Organic nitro compounds,Nitroaromatic compounds,Aromatic heteromonocyclic compounds
XCSGPAVHZFQHGE-UHFFFAOYSA-N,False,Organic compounds,Benzenoids,Benzene and substituted derivatives,Anilides,Anilides,Aromatic homomonocyclic compounds
ORKQJTBYQZITLA-UHFFFAOYSA-N,False,Organic compounds,Benzenoids,Benzene and substituted derivatives,Aniline and substituted anilines,Aniline and substituted anilines,Aromatic homomonocyclic compounds
UHXUZOCRWCRNSJ-UHFFFAOYSA-N,False,Organic compounds,Organic acids and derivatives,Organic carbonic acids and derivatives,,Organic carbonic acids and derivatives,Aliphatic acyclic compounds
CLNNBQDAAGDAHI-UHFFFAOYSA-N,False,Organic compounds,Organoheterocyclic compounds,Pyridines and derivatives,Hydropyridines,Pyridinones,Aromatic heteromonocyclic compounds
UIKGLXJNZXSPGV-UHFFFAOYSA-N,False,Organic compounds,Organoheterocyclic compounds,Triazines,Aminotriazines,Aminotriazines,Aromatic heteromonocyclic compounds
XFVZSRRZZNLWBW-UHFFFAOYSA-N,False,Organic compounds,Organic oxygen compounds,Organooxygen compounds,Carbonyl compounds,Hydroxybenzaldehydes,Aromatic homomonocyclic compounds
GXZDYRYYNXYPMQ-UHFFFAOYSA-N,False,Organic compounds,Organoheterocyclic compounds,Pyridines and derivatives,Halopyridines,2-halopyridines,Aromatic heteromonocyclic compounds
ZRLDBDZSLLGDOX-UHFFFAOYSA-N,False,Organic compounds,Organoheterocyclic compounds,Azoles,Oxazoles,"2,4,5-trisubstituted oxazoles",Aromatic heteromonocyclic compounds
ODJFDWIECLJWSR-UHFFFAOYSA-N,False,Organic compounds,Benzenoids,Benzene and substituted derivatives,Benzoic acids and derivatives,3-halobenzoic acids and derivatives,Aromatic homomonocyclic compounds
WKBALTUBRZPIPZ-UHFFFAOYSA-N,False,Organic compounds,Benzenoids,Benzene and substituted derivatives,Cumenes,Cumenes,Aromatic homomonocyclic compounds
NCMPMCXQKBZXGI-UHFFFAOYSA-N,True,Organic compounds,Organic oxygen compounds,Organooxygen compounds,Alcohols and polyols,Tertiary alcohols,Aliphatic acyclic compounds
HUQQTKINPXSDCQ-UHFFFAOYSA-N,False,Organic compounds,Benzenoids,Benzene and substituted derivatives,Phenylmethylamines,Phenylmethylamines,Aromatic homomonocyclic compounds
WGENWPANMZLPIH-UHFFFAOYSA-N,False,Organic compounds,Benzenoids,Benzene and substituted derivatives,Aniline and substituted anilines,Aniline and substituted anilines,Aromatic homomonocyclic compounds
DJRKHTCUXRGYEU-UHFFFAOYSA-N,False,Organic compounds,Benzenoids,Phenol ethers,Aminophenyl ethers,Aminophenyl ethers,Aromatic homomonocyclic compounds
JWOSXVMUUBWGOL-UHFFFAOYSA-N,False,Organic compounds,Benzenoids,Benzene and substituted derivatives,Benzoic acids and derivatives,Nitrobenzoic acids and derivatives,Aromatic homomonocyclic compounds
XLYPHUGUKGMURE-UHFFFAOYSA-N,False,Organic compounds,Benzenoids,Benzene and substituted derivatives,Nitrobenzenes,Nitrobenzaldehydes,Aromatic homomonocyclic compounds
RLLPVAHGXHCWKJ-UHFFFAOYSA-N,False,Organic compounds,Lipids and lipid-like molecules,Fatty Acyls,Fatty acid esters,Pyrethroids,Aromatic homomonocyclic compounds
VIPMBJSGYWWHAO-UHFFFAOYSA-N,False,Organic compounds,Benzenoids,Benzene and substituted derivatives,Benzoic acids and derivatives,Benzamides,Aromatic homomonocyclic compounds
GKPOMITUDGXOSB-UHFFFAOYSA-N,False,Organic compounds,Organic oxygen compounds,Organooxygen compounds,Alcohols and polyols,Secondary alcohols,Aliphatic acyclic compounds
YZIHNHLGGMSWAD-UHFFFAOYSA-N,False,Organic compounds,Benzenoids,Benzene and substituted derivatives,Diphenylethers,Diphenylethers,Aromatic homomonocyclic compounds
ABQHJSHFFLAGHF-UHFFFAOYSA-N,False,Organic compounds,Benzenoids,Benzene and substituted derivatives,Diphenylethers,Diphenylethers,Aromatic homomonocyclic compounds
TZBJGXHYKVUXJN-UHFFFAOYSA-N,False,Organic compounds,Phenylpropanoids and polyketides,Isoflavonoids,Isoflav-2-enes,Isoflavones,Aromatic heteropolycyclic compounds
NTDQQZYCCIDJRK-UHFFFAOYSA-N,False,Organic compounds,Benzenoids,Phenols,1-hydroxy-2-unsubstituted benzenoids,1-hydroxy-2-unsubstituted benzenoids,Aromatic homomonocyclic compounds
ZDYJWDIWLRZXDB-UHFFFAOYSA-N,False,Organic compounds,Benzenoids,Benzene and substituted derivatives,Diphenylmethanes,Diphenylmethanes,Aromatic homomonocyclic compounds
NGFPWHGISWUQOI-UHFFFAOYSA-N,False,Organic compounds,Benzenoids,Benzene and substituted derivatives,Phenylpropanes,Phenylpropanes,Aromatic homomonocyclic compounds
ZUTYZAFDFLLILI-UHFFFAOYSA-N,False,Organic compounds,Benzenoids,Benzene and substituted derivatives,Phenylpropanes,Phenylpropanes,Aromatic homomonocyclic compounds
ISEUFVQQFVOBCY-UHFFFAOYSA-N,False,Organic compounds,Organoheterocyclic compounds,Triazines,"1,3,5-triazines","2-methoxy-1,3,5-triazines",Aromatic heteromonocyclic compounds
CVUGPAFCQJIYDT-UHFFFAOYSA-N,False,Organic compounds,Benzenoids,Benzene and substituted derivatives,Diphenylmethanes,Diphenylmethanes,Aromatic homomonocyclic compounds
MXORDJXBRHNWBE-UHFFFAOYSA-N,False,Organic compounds,Benzenoids,Benzene and substituted derivatives,Biphenyls and derivatives,Chlorinated biphenyls,Aromatic homomonocyclic compounds
ISAVYTVYFVQUDY-UHFFFAOYSA-N,False,Organic compounds,Benzenoids,Benzene and substituted derivatives,Phenylpropanes,Phenylpropanes,Aromatic homomonocyclic compounds
FSCWZHGZWWDELK-UHFFFAOYSA-N,False,Organic compounds,Benzenoids,Benzene and substituted derivatives,Halobenzenes,Dichlorobenzenes,Aromatic heteromonocyclic compounds
NVKAWKQGWWIWPM-ABEVXSGRSA-N,False,Organic compounds,Lipids and lipid-like molecules,Steroids and steroid derivatives,Androstane steroids,Androgens and derivatives,Aliphatic homopolycyclic compounds
DNXHEGUUPJUMQT-CBZIJGRNSA-N,False,Organic compounds,Lipids and lipid-like molecules,Steroids and steroid derivatives,Estrane steroids,Estrogens and derivatives,Aromatic homopolycyclic compounds
VWUXBMIQPBEWFH-WCCTWKNTSA-N,True,Organic compounds,Lipids and lipid-like molecules,Steroids and steroid derivatives,Estrane steroids,Estrogens and derivatives,Aromatic homopolycyclic compounds
RJKFOVLPORLFTN-LEKSSAKUSA-N,False,Organic compounds,Lipids and lipid-like molecules,Steroids and steroid derivatives,Pregnane steroids,"Gluco/mineralocorticoids, progestogins and derivatives",Aliphatic homopolycyclic compounds
MUMGGOZAMZWBJJ-DYKIIFRCSA-N,False,Organic compounds,Lipids and lipid-like molecules,Steroids and steroid derivatives,Androstane steroids,Androgens and derivatives,Aliphatic homopolycyclic compounds
DILDHNKDVHLEQB-XSSYPUMDSA-N,False,Organic compounds,Lipids and lipid-like molecules,Steroids and steroid derivatives,Estrane steroids,Estrogens and derivatives,Aromatic homopolycyclic compounds
QOZFCKXEVSGWGS-ZHIYBZGJSA-N,False,Organic compounds,Lipids and lipid-like molecules,Steroids and steroid derivatives,Estrane steroids,Estrogens and derivatives,Aromatic homopolycyclic compounds
NFDFQCUYFHCNBW-UHFFFAOYSA-N,False,Organic compounds,Phenylpropanoids and polyketides,Stilbenes,,Stilbenes,Aromatic homomonocyclic compounds
FTVWIRXFELQLPI-ZDUSSCGKSA-N,False,Organic compounds,Phenylpropanoids and polyketides,Flavonoids,Flavans,Flavanones,Aromatic heteropolycyclic compounds
VGEREEWJJVICBM-UHFFFAOYSA-N,False,Organic compounds,Phenylpropanoids and polyketides,"Linear 1,3-diarylpropanoids",Chalcones and dihydrochalcones,2'-Hydroxy-dihydrochalcones,Aromatic homomonocyclic compounds
HVYWMOMLDIMFJA-DPAQBDIFSA-N,False,Organic compounds,Lipids and lipid-like molecules,Steroids and steroid derivatives,Cholestane steroids,Cholesterols and derivatives,Aliphatic homopolycyclic compounds
MEZZCSHVIGVWFI-UHFFFAOYSA-N,False,Organic compounds,Benzenoids,Benzene and substituted derivatives,Benzophenones,Benzophenones,Aromatic homomonocyclic compounds
DXGLGDHPHMLXJC-UHFFFAOYSA-N,False,Organic compounds,Benzenoids,Benzene and substituted derivatives,Benzophenones,Benzophenones,Aromatic homomonocyclic compounds
ZXDDPOHVAMWLBH-UHFFFAOYSA-N,False,Organic compounds,Benzenoids,Benzene and substituted derivatives,Benzophenones,Benzophenones,Aromatic homomonocyclic compounds
BELBBZDIHDAJOR-UHFFFAOYSA-N,False,Organic compounds,Organoheterocyclic compounds,Benzofurans,Benzofuranones,Benzofuranones,Aromatic heteropolycyclic compounds
VPWNQTHUCYMVMZ-UHFFFAOYSA-N,False,Organic compounds,Benzenoids,Benzene and substituted derivatives,Benzenesulfonyl compounds,Benzenesulfonyl compounds,Aromatic homomonocyclic compounds
CBMXCNPQDUJNHT-UHFFFAOYSA-N,False,Organic compounds,Benzenoids,Naphthalenes,,Naphthalenes,Aromatic homopolycyclic compounds
IUWVALYLNVXWKX-UHFFFAOYSA-N,False,Organic compounds,Benzenoids,Benzene and substituted derivatives,Benzoic acids and derivatives,Benzoic acid esters,Aromatic homomonocyclic compounds
PQSUYGKTWSAVDQ-ZVIOFETBSA-N,False,Organic compounds,Lipids and lipid-like molecules,Steroids and steroid derivatives,Hydroxysteroids,21-hydroxysteroids,Aliphatic homopolycyclic compounds
WDECIBYCCFPHNR-UHFFFAOYSA-N,False,Organic compounds,Benzenoids,Phenanthrenes and derivatives,Chrysenes,Chrysenes,Aromatic homopolycyclic compounds
MQCPOLNSJCWPGT-UHFFFAOYSA-N,False,Organic compounds,Benzenoids,Benzene and substituted derivatives,Diphenylmethanes,Diphenylmethanes,Aromatic homomonocyclic compounds
WVQBLGZPHOPPFO-UHFFFAOYSA-N,False,Organic compounds,Benzenoids,Benzene and substituted derivatives,Anilides,Anilides,Aromatic homomonocyclic compounds
NIQCNGHVCWTJSM-UHFFFAOYSA-N,False,Organic compounds,Benzenoids,Benzene and substituted derivatives,Benzoic acids and derivatives,Benzoic acid esters,Aromatic homomonocyclic compounds
OCKPCBLVNKHBMX-UHFFFAOYSA-N,False,Organic compounds,Benzenoids,Benzene and substituted derivatives,,Benzene and substituted derivatives,Aromatic homomonocyclic compounds
BUZUQNXGKRJIJT-UHFFFAOYSA-N,False,Organic compounds,Benzenoids,Benzene and substituted derivatives,Diphenylmethanes,Diphenylmethanes,Aromatic homomonocyclic compounds
KJWMCPYEODZESQ-UHFFFAOYSA-N,False,Organic compounds,Benzenoids,Phenols,1-hydroxy-2-unsubstituted benzenoids,1-hydroxy-2-unsubstituted benzenoids,Aromatic homomonocyclic compounds
RHPUJHQBPORFGV-UHFFFAOYSA-N,False,Organic compounds,Benzenoids,Phenols,Cresols,Ortho cresols,Aromatic homomonocyclic compounds
UFNIBRDIUNVOMX-UHFFFAOYSA-N,False,Organic compounds,Benzenoids,Benzene and substituted derivatives,Biphenyls and derivatives,Polychlorinated biphenyls,Aromatic homomonocyclic compounds
QORAVNMWUNPXAO-UHFFFAOYSA-N,False,Organic compounds,Benzenoids,Benzene and substituted derivatives,Biphenyls and derivatives,Polychlorinated biphenyls,Aromatic homomonocyclic compounds
UQMGJOKDKOLIDP-UHFFFAOYSA-N,False,Organic compounds,Benzenoids,Benzene and substituted derivatives,Biphenyls and derivatives,Polychlorinated biphenyls,Aromatic homomonocyclic compounds
YTBRNEUEFCNVHC-UHFFFAOYSA-N,False,Organic compounds,Benzenoids,Benzene and substituted derivatives,Biphenyls and derivatives,Polychlorinated biphenyls,Aromatic homomonocyclic compounds
MGWAVDBGNNKXQV-UHFFFAOYSA-N,False,Organic compounds,Benzenoids,Benzene and substituted derivatives,Benzoic acids and derivatives,Benzoic acid esters,Aromatic homomonocyclic compounds
MOZDKDIOPSPTBH-UHFFFAOYSA-N,False,Organic compounds,Benzenoids,Benzene and substituted derivatives,Benzoic acids and derivatives,p-Hydroxybenzoic acid alkyl esters,Aromatic homomonocyclic compounds
QELSKZZBTMNZEB-UHFFFAOYSA-N,False,Organic compounds,Benzenoids,Benzene and substituted derivatives,Benzoic acids and derivatives,p-Hydroxybenzoic acid alkyl esters,Aromatic homomonocyclic compounds
NUVBSKCKDOMJSU-UHFFFAOYSA-N,False,Organic compounds,Benzenoids,Benzene and substituted derivatives,Benzoic acids and derivatives,p-Hydroxybenzoic acid alkyl esters,Aromatic homomonocyclic compounds
LXCFILQKKLGQFO-UHFFFAOYSA-N,False,Organic compounds,Benzenoids,Benzene and substituted derivatives,Benzoic acids and derivatives,p-Hydroxybenzoic acid alkyl esters,Aromatic homomonocyclic compounds
FZERHIULMFGESH-UHFFFAOYSA-N,False,Organic compounds,Benzenoids,Benzene and substituted derivatives,,Benzene and substituted derivatives,Aromatic homomonocyclic compounds
GFFGJBXGBJISGV-UHFFFAOYSA-N,False,Organic compounds,Organoheterocyclic compounds,Imidazopyrimidines,Purines and purine derivatives,6-aminopurines,Aromatic heteropolycyclic compounds
OIRDTQYFTABQOQ-KQYNXXCUSA-N,False,Organic compounds,"Nucleosides, nucleotides, and analogues",Purine nucleosides,,Purine nucleosides,Aromatic heteropolycyclic compounds
HXHWSAZORRCQMX-UHFFFAOYSA-N,False,Organic compounds,Organoheterocyclic compounds,Benzimidazoles,2-benzimidazolylcarbamic acid esters,2-benzimidazolylcarbamic acid esters,Aromatic heteropolycyclic compounds
ROBVIMPUHSLWNV-UHFFFAOYSA-N,False,Organic compounds,Benzenoids,Benzene and substituted derivatives,Aniline and substituted anilines,Aniline and substituted anilines,Aromatic heteromonocyclic compounds
KRMDCWKBEZIMAB-UHFFFAOYSA-N,False,Organic compounds,Benzenoids,Dibenzocycloheptenes,,Dibenzocycloheptenes,Aromatic homopolycyclic compounds
AVKUERGKIZMTKX-NJBDSQKTSA-N,False,Organic compounds,Organoheterocyclic compounds,Lactams,Beta lactams,Penicillins,Aromatic heteropolycyclic compounds
YBBLVLTVTVSKRW-UHFFFAOYSA-N,False,Organic compounds,Benzenoids,Benzene and substituted derivatives,Phenylpropanes,Phenylpropanes,Aromatic heteromonocyclic compounds
GPKJTRJOBQGKQK-UHFFFAOYSA-N,False,Organic compounds,Organoheterocyclic compounds,Quinolines and derivatives,Benzoquinolines,Acridines,Aromatic heteropolycyclic compounds
METKIMKYRPQLGS-UHFFFAOYSA-N,False,Organic compounds,Benzenoids,Benzene and substituted derivatives,Phenylacetamides,Phenylacetamides,Aromatic homomonocyclic compounds
FTOAOBMCPZCFFF-UHFFFAOYSA-N,False,Organic compounds,Organoheterocyclic compounds,Diazines,Pyrimidines and pyrimidine derivatives,Barbituric acid derivatives,Aliphatic heteromonocyclic compounds
SNHRLVCMMWUAJD-SUYDQAKGSA-N,False,Organic compounds,Lipids and lipid-like molecules,Steroids and steroid derivatives,Hydroxysteroids,21-hydroxysteroids,Aliphatic homopolycyclic compounds
YBJHBAHKTGYVGT-ZKWXMUAHSA-N,False,Organic compounds,Organoheterocyclic compounds,Biotin and derivatives,,Biotin and derivatives,Aliphatic heteropolycyclic compounds
FFGPTBGBLSHEPO-UHFFFAOYSA-N,False,Organic compounds,Organoheterocyclic compounds,Benzazepines,Dibenzazepines,Dibenzazepines,Aromatic heteropolycyclic compounds
RZEKVGVHFLEQIL-UHFFFAOYSA-N,True,Organic compounds,Organoheterocyclic compounds,Azoles,Pyrazoles,Phenylpyrazoles,Aromatic heteromonocyclic compounds
ZPEIMTDSQAKGNT-UHFFFAOYSA-N,False,Organic compounds,Organoheterocyclic compounds,Benzothiazines,Phenothiazines,Phenothiazines,Aromatic heteropolycyclic compounds
CYDMQBQPVICBEU-XRNKAMNCSA-N,False,Organic compounds,Phenylpropanoids and polyketides,Tetracyclines,,Tetracyclines,Aromatic homopolycyclic compounds
JIVPVXMEBJLZRO-UHFFFAOYSA-N,False,Organic compounds,Organoheterocyclic compounds,Isoindoles and derivatives,Isoindolines,Isoindolones,Aromatic heteropolycyclic compounds
MYSWGUAQZAJSOK-UHFFFAOYSA-N,False,Organic compounds,Organoheterocyclic compounds,Quinolines and derivatives,Quinoline carboxylic acids,Quinoline carboxylic acids,Aromatic heteropolycyclic compounds
WSEQXVZVJXJVFP-UHFFFAOYSA-N,False,Organic compounds,Benzenoids,Benzene and substituted derivatives,Phenylbutylamines,Phenylbutylamines,Aromatic heteropolycyclic compounds
AGOYDEPGAOXOCK-KCBOHYOISA-N,False,Organic compounds,Organic oxygen compounds,Organooxygen compounds,Carbohydrates and carbohydrate conjugates,Aminoglycosides,Aliphatic heteromonocyclic compounds
QCDFBFJGMNKBDO-UHFFFAOYSA-N,False,Organic compounds,Organoheterocyclic compounds,Quinolines and derivatives,Haloquinolines,Chloroquinolines,Aromatic heteropolycyclic compounds
LQOLIRLGBULYKD-JKIFEVAISA-N,False,Organic compounds,Organic acids and derivatives,Carboxylic acids and derivatives,"Amino acids, peptides, and analogues",Dipeptides,Aromatic heteropolycyclic compounds
QZUDBNBUXVUHMW-UHFFFAOYSA-N,False,Organic compounds,Organoheterocyclic compounds,Benzodiazepines,Dibenzodiazepines,Dibenzodiazepines,Aromatic heteropolycyclic compounds
ITRJWOMZKQRYTA-RFZYENFJSA-N,False,Organic compounds,Lipids and lipid-like molecules,Steroids and steroid derivatives,Pregnane steroids,"Gluco/mineralocorticoids, progestogins and derivatives",Aliphatic homopolycyclic compounds
HLXQFVXURMXRPU-UHFFFAOYSA-L,False,Organic compounds,Organic nitrogen compounds,Organonitrogen compounds,Quaternary ammonium salts,Decamethonium compounds,Aliphatic acyclic compounds
AKUJBENLRBOFTD-RPRRAYFGSA-N,False,Organic compounds,Lipids and lipid-like molecules,Steroids and steroid derivatives,Pregnane steroids,"Gluco/mineralocorticoids, progestogins and derivatives",Aliphatic homopolycyclic compounds
GZCGUPFRVQAUEE-SLPGGIOYSA-N,False,Organic compounds,Organic oxygen compounds,Organooxygen compounds,Carbohydrates and carbohydrate conjugates,Hexoses,Aliphatic acyclic compounds
DCOPUUMXTXDBNB-UHFFFAOYSA-N,False,Organic compounds,Benzenoids,Benzene and substituted derivatives,Halobenzenes,Dichlorobenzenes,Aromatic homomonocyclic compounds
LTMHDMANZUZIPE-PUGKRICDSA-N,False,Organic compounds,Lipids and lipid-like molecules,Steroids and steroid derivatives,Steroid lactones,Cardenolide glycosides and derivatives,Aliphatic heteropolycyclic compounds
ASXBYYWOLISCLQ-HZYVHMACSA-N,False,Organic compounds,Organic oxygen compounds,Organooxygen compounds,Carbohydrates and carbohydrate conjugates,Aminocyclitol glycosides,Aliphatic heteromonocyclic compounds
HSUGRBWQSSZJOP-RTWAWAEBSA-N,False,Organic compounds,Organoheterocyclic compounds,Benzothiazepines,,Benzothiazepines,Aromatic heteropolycyclic compounds
OKQSSSVVBOUMNZ-UHFFFAOYSA-N,False,Organic compounds,Organic acids and derivatives,Carboxylic acids and derivatives,"Amino acids, peptides, and analogues",N-acyl-alpha amino acids,
XEYBRNLFEZDVAW-ARSRFYASSA-N,False,Organic compounds,Lipids and lipid-like molecules,Fatty Acyls,Eicosanoids,Prostaglandins and related compounds,Aliphatic homomonocyclic compounds
ZZVUWRFHKOJYTH-UHFFFAOYSA-N,False,Organic compounds,Benzenoids,Benzene and substituted derivatives,Diphenylmethanes,Diphenylmethanes,Aromatic homomonocyclic compounds
IOEJYZSZYUROLN-UHFFFAOYSA-M,False,Organic compounds,Organic salts,Organic metal salts,Organic alkali metal salts,Organic alkali metal salts,Aliphatic acyclic compounds
APSBXTVYXVQYAB-UHFFFAOYSA-M,False,Organic compounds,Lipids and lipid-like molecules,Fatty Acyls,Fatty acid esters,Fatty acid esters,Aliphatic acyclic compounds
KCXVZYZYPLLWCC-UHFFFAOYSA-N,False,Organic compounds,Organic acids and derivatives,Carboxylic acids and derivatives,Tetracarboxylic acids and derivatives,Tetracarboxylic acids and derivatives,Aliphatic acyclic compounds
ULGZDMOVFRHVEP-RWJQBGPGSA-N,False,Organic compounds,Organic oxygen compounds,Organooxygen compounds,Carbohydrates and carbohydrate conjugates,Aminoglycosides,Aliphatic heteromonocyclic compounds
NPUKDXXFDDZOKR-UHFFFAOYSA-N,False,Organic compounds,Organoheterocyclic compounds,Azoles,Imidazoles,Carbonylimidazoles,Aromatic heteromonocyclic compounds
VJJPUSNTGOMMGY-MRVIYFEKSA-N,False,Organic compounds,"Lignans, neolignans and related compounds",Lignan lactones,Podophyllotoxins,Podophyllotoxins,Aromatic heteropolycyclic compounds
CPEUVMUXAHMANV-UHFFFAOYSA-N,False,Organic compounds,Benzenoids,Benzene and substituted derivatives,Benzophenones,Benzophenones,Aromatic heteropolycyclic compounds
RTHCYVBBDHJXIQ-UHFFFAOYSA-N,True,Organic compounds,Benzenoids,Benzene and substituted derivatives,Trifluoromethylbenzenes,Trifluoromethylbenzenes,Aromatic homomonocyclic compounds
LHGVFZTZFXWLCP-UHFFFAOYSA-N,False,Organic compounds,Benzenoids,Phenols,Methoxyphenols,Methoxyphenols,Aromatic homomonocyclic compounds
ZRALSGWEFCBTJO-UHFFFAOYSA-N,False,Organic compounds,Organic nitrogen compounds,Organonitrogen compounds,Guanidines,Guanidines,Aliphatic acyclic compounds
UYXAWHWODHRRMR-UHFFFAOYSA-N,False,Organic compounds,Organoheterocyclic compounds,Diazines,Pyrimidines and pyrimidine derivatives,Pyrimidones,Aliphatic heteromonocyclic compounds
HNDVDQJCIGZPNO-YFKPBYRVSA-N,False,Organic compounds,Organic acids and derivatives,Carboxylic acids and derivatives,"Amino acids, peptides, and analogues",Histidine and derivatives,Aromatic heteromonocyclic compounds
CDAISMWEOUEBRE-GPIVLXJGSA-N,False,Organic compounds,Organic oxygen compounds,Organooxygen compounds,Alcohols and polyols,Cyclohexanols,Aliphatic homomonocyclic compounds
UXZFQZANDVDGMM-UHFFFAOYSA-N,False,Organic compounds,Organoheterocyclic compounds,Quinolines and derivatives,Haloquinolines,Haloquinolines,Aromatic heteropolycyclic compounds
HPJKCIUCZWXJDR-UHFFFAOYSA-N,False,Organic compounds,Benzenoids,Benzene and substituted derivatives,Diphenylmethanes,Diphenylmethanes,Aromatic heteromonocyclic compounds
HLFSDGLLUJUHTE-SNVBAGLBSA-N,False,Organic compounds,Organoheterocyclic compounds,Imidazothiazoles,,Imidazothiazoles,Aromatic heteropolycyclic compounds
WTDRDQBEARUVNC-LURJTMIESA-N,False,Organic compounds,Organic acids and derivatives,Carboxylic acids and derivatives,"Amino acids, peptides, and analogues",Tyrosine and derivatives,Aromatic homomonocyclic compounds
XUIIKFGFIJCVMT-LBPRGKRZSA-N,False,Organic compounds,Organic acids and derivatives,Carboxylic acids and derivatives,"Amino acids, peptides, and analogues",Phenylalanine and derivatives,Aromatic homomonocyclic compounds
OJMMVQQUTAEWLP-KIDUDLJLSA-N,False,Organic compounds,Organic acids and derivatives,Carboxylic acids and derivatives,"Amino acids, peptides, and analogues",Proline and derivatives,Aliphatic heteromonocyclic compounds
AUYYCJSJGJYCDS-LBPRGKRZSA-N,False,Organic compounds,Organic acids and derivatives,Carboxylic acids and derivatives,"Amino acids, peptides, and analogues",Phenylalanine and derivatives,Aromatic homomonocyclic compounds
HYYBABOKPJLUIN-UHFFFAOYSA-N,False,Organic compounds,Benzenoids,Benzene and substituted derivatives,Benzoic acids and derivatives,Aminobenzoic acids,Aromatic homomonocyclic compounds
XZWYZXLIPXDOLR-UHFFFAOYSA-N,False,Organic compounds,Organic nitrogen compounds,Organonitrogen compounds,Guanidines,Biguanides,Aliphatic acyclic compounds
CXKWCBBOMKCUKX-UHFFFAOYSA-M,False,Organic compounds,Organoheterocyclic compounds,Benzothiazines,,Benzothiazines,Aromatic heteropolycyclic compounds
IUBSYMUCCVWXPE-UHFFFAOYSA-N,False,Organic compounds,Benzenoids,Phenols,Tyrosols and derivatives,Tyrosols and derivatives,Aromatic homomonocyclic compounds
FJLBFSROUSIWMA-UHFFFAOYSA-N,False,Organic compounds,Organic oxygen compounds,Organooxygen compounds,Carbonyl compounds,Aryl alkyl ketones,Aromatic heteromonocyclic compounds
BQJCRHHNABKAKU-KBQPJGBKSA-N,False,Organic compounds,Alkaloids and derivatives,Morphinans,,Morphinans,Aromatic heteropolycyclic compounds
VIKNJXKGJWUCNN-XGXHKTLJSA-N,False,Organic compounds,Lipids and lipid-like molecules,Steroids and steroid derivatives,Estrane steroids,Estrogens and derivatives,Aliphatic homopolycyclic compounds
UOZODPSAJZTQNH-LSWIJEOBSA-N,False,Organic compounds,Organic oxygen compounds,Organooxygen compounds,Carbohydrates and carbohydrate conjugates,"4,5-disubstituted 2-deoxystreptamines",Aliphatic heteromonocyclic compounds
AHOUBRCZNHFOSL-YOEHRIQHSA-N,False,Organic compounds,Organoheterocyclic compounds,Piperidines,Phenylpiperidines,Phenylpiperidines,Aromatic heteropolycyclic compounds
RARSHUDCJQSEFJ-UHFFFAOYSA-N,False,Organic compounds,Organic oxygen compounds,Organooxygen compounds,Carbonyl compounds,Alkyl-phenylketones,Aromatic homomonocyclic compounds
QPCDCPDFJACHGM-UHFFFAOYSA-N,False,Organic compounds,Organic acids and derivatives,Carboxylic acids and derivatives,Pentacarboxylic acids and derivatives,Pentacarboxylic acids and derivatives,Aliphatic acyclic compounds
WEXRUCMBJFQVBZ-UHFFFAOYSA-N,False,Organic compounds,Organoheterocyclic compounds,Diazines,Pyrimidines and pyrimidine derivatives,Pyrimidones,Aliphatic heteromonocyclic compounds
SONNWYBIRXJNDC-VIFPVBQESA-N,False,Organic compounds,Benzenoids,Phenols,1-hydroxy-4-unsubstituted benzenoids,1-hydroxy-4-unsubstituted benzenoids,Aromatic homomonocyclic compounds
PIJVFDBKTWXHHD-HIFRSBDPSA-N,False,Organic compounds,Organoheterocyclic compounds,Indoles and derivatives,Pyrroloindoles,Pyrroloindoles,Aromatic heteropolycyclic compounds
AQHHHDLHHXJYJD-UHFFFAOYSA-N,False,Organic compounds,Benzenoids,Naphthalenes,,Naphthalenes,Aromatic homopolycyclic compounds
FPIPGXGPPPQFEQ-OVSJKPMPSA-N,False,Organic compounds,Lipids and lipid-like molecules,Prenol lipids,Retinoids,Retinoids,Aliphatic homomonocyclic compounds
VGKDLMBJGBXTGI-SJCJKPOMSA-N,False,Organic compounds,Benzenoids,Tetralins,Tametralines,Tametralines,Aromatic homopolycyclic compounds
RYMZZMVNJRMUDD-HGQWONQESA-N,False,Organic compounds,Organoheterocyclic compounds,Lactones,Delta valerolactones,Delta valerolactones,Aliphatic heteropolycyclic compounds
QMGVPVSNSZLJIA-FVWCLLPLSA-N,False,Organic compounds,Alkaloids and derivatives,Strychnos alkaloids,,Strychnos alkaloids,Aromatic heteropolycyclic compounds
KDYFGRWQOYBRFD-UHFFFAOYSA-N,False,Organic compounds,Organic acids and derivatives,Carboxylic acids and derivatives,Dicarboxylic acids and derivatives,Dicarboxylic acids and derivatives,Aliphatic acyclic compounds
ZZORFUFYDOWNEF-UHFFFAOYSA-N,False,Organic compounds,Benzenoids,Benzene and substituted derivatives,Benzenesulfonamides,Aminobenzenesulfonamides,Aromatic heteromonocyclic compounds
BRBKOPJOKNSWSG-UHFFFAOYSA-N,False,Organic compounds,Benzenoids,Benzene and substituted derivatives,Benzenesulfonamides,Benzenesulfonamides,Aromatic homomonocyclic compounds
VLYWMPOKSSWJAL-UHFFFAOYSA-N,False,Organic compounds,Benzenoids,Benzene and substituted derivatives,Benzenesulfonamides,Aminobenzenesulfonamides,Aromatic heteromonocyclic compounds
QPPBRPIAZZHUNT-UHFFFAOYSA-N,False,Organic compounds,Benzenoids,Benzene and substituted derivatives,Benzenesulfonamides,Aminobenzenesulfonamides,Aromatic heteromonocyclic compounds
VACCAVUAMIDAGB-UHFFFAOYSA-N,False,Organic compounds,Benzenoids,Benzene and substituted derivatives,Benzenesulfonamides,Aminobenzenesulfonamides,Aromatic heteromonocyclic compounds
RBNWAMSGVWEHFP-UHFFFAOYSA-N,False,Organic compounds,Lipids and lipid-like molecules,Prenol lipids,Monoterpenoids,Menthane monoterpenoids,Aliphatic homomonocyclic compounds
OFVLGDICTFRJMM-WESIUVDSSA-N,False,Organic compounds,Phenylpropanoids and polyketides,Tetracyclines,,Tetracyclines,Aromatic homopolycyclic compounds
IQFYYKKMVGJFEH-XLPZGREQSA-N,False,Organic compounds,"Nucleosides, nucleotides, and analogues",Pyrimidine nucleosides,Pyrimidine 2'-deoxyribonucleosides,Pyrimidine 2'-deoxyribonucleosides,Aromatic heteromonocyclic compounds
PPKXEPBICJTCRU-XMZRARIVSA-N,False,Organic compounds,Benzenoids,Phenol ethers,Anisoles,Anisoles,Aromatic homomonocyclic compounds
LMJSLTNSBFUCMU-UHFFFAOYSA-N,False,Organic compounds,Organoheterocyclic compounds,Thiadiazines,Benzothiadiazines,"1,2,4-benzothiadiazine-1,1-dioxides",Aromatic heteropolycyclic compounds
YYQRGCZGSFRBAM-UHFFFAOYSA-N,False,Organic compounds,Organic acids and derivatives,Organic phosphoric acids and derivatives,Phosphate esters,Monoalkyl phosphates,Aliphatic acyclic compounds
VILCJCGEZXAXTO-UHFFFAOYSA-N,False,Organic compounds,Organic nitrogen compounds,Organonitrogen compounds,Amines,Dialkylamines,Aliphatic acyclic compounds
IEDVJHCEMCRBQM-UHFFFAOYSA-N,False,Organic compounds,Benzenoids,Phenol ethers,Anisoles,Anisoles,Aromatic heteromonocyclic compounds
LENZDBCJOHFCAS-UHFFFAOYSA-N,False,Organic compounds,Organic nitrogen compounds,Organonitrogen compounds,Amines,"1,2-aminoalcohols",Aliphatic acyclic compounds
NIJJYAXOARWZEE-UHFFFAOYSA-N,False,Organic compounds,Lipids and lipid-like molecules,Fatty Acyls,Fatty acids and conjugates,Methyl-branched fatty acids,Aliphatic acyclic compounds
PNVNVHUZROJLTJ-UHFFFAOYSA-N,False,Organic compounds,Benzenoids,Phenol ethers,Anisoles,Anisoles,Aromatic homomonocyclic compounds
PJVWKTKQMONHTI-UHFFFAOYSA-N,False,Organic compounds,Phenylpropanoids and polyketides,Coumarins and derivatives,Hydroxycoumarins,4-hydroxycoumarins,Aromatic heteropolycyclic compounds
TXVHTIQJNYSSKO-UHFFFAOYSA-N,False,Organic compounds,Benzenoids,Pyrenes,Benzopyrenes,Benzopyrenes,Aromatic homopolycyclic compounds
XGZVUEUWXADBQD-UHFFFAOYSA-L,False,Organic compounds,Organic acids and derivatives,Organic carbonic acids and derivatives,Organic carbonic acids,Organic carbonic acids,Aliphatic acyclic compounds
LGQLOGILCSXPEA-UHFFFAOYSA-L,False,Inorganic compounds,Mixed metal/non-metal compounds,Transition metal oxoanionic compounds,Transition metal sulfates,Transition metal sulfates,
ZPTVNYMJQHSSEA-UHFFFAOYSA-N,False,Organic compounds,Benzenoids,Benzene and substituted derivatives,Nitrobenzenes,Nitrobenzenes,Aromatic homomonocyclic compounds
GNTDGMZSJNCJKK-UHFFFAOYSA-N,False,Inorganic compounds,Mixed metal/non-metal compounds,Miscellaneous mixed metal/non-metals,Miscellaneous metallic oxoanionic compounds,Miscellaneous metavanadates,
UREZNYTWGJKWBI-UHFFFAOYSA-M,False,Organic compounds,Benzenoids,Benzene and substituted derivatives,Phenylpropanes,Phenylpropanes,Aromatic homomonocyclic compounds
SIEILFNCEFEENQ-UHFFFAOYSA-N,False,Organic compounds,Organic acids and derivatives,Carboxylic acids and derivatives,Alpha-halocarboxylic acids and derivatives,Alpha-halocarboxylic acids,Aliphatic acyclic compounds
XUXNAKZDHHEHPC-UHFFFAOYSA-M,False,Inorganic compounds,Mixed metal/non-metal compounds,Alkali metal oxoanionic compounds,Alkali metal bromates,Alkali metal bromates,
QDHHCQZDFGDHMP-UHFFFAOYSA-N,False,Inorganic compounds,Homogeneous non-metal compounds,Other non-metal halides,,Other non-metal halides,
YASYVMFAVPKPKE-UHFFFAOYSA-N,False,Organic compounds,Organophosphorus compounds,Organothiophosphorus compounds,,Organothiophosphorus compounds,Aliphatic acyclic compounds
VTNQPKFIQCLBDU-UHFFFAOYSA-N,False,Organic compounds,Benzenoids,Benzene and substituted derivatives,Anilides,Anilides,Aromatic homomonocyclic compounds
WETWJCDKMRHUPV-UHFFFAOYSA-N,False,Organic compounds,Organohalogen compounds,Acyl halides,Acyl chlorides,Acyl chlorides,Aliphatic acyclic compounds
RVULBHWZFCBODE-UHFFFAOYSA-M,True,Organic compounds,Benzenoids,Benzene and substituted derivatives,Diphenylethers,Diphenylethers,Aromatic homomonocyclic compounds
YRRKLBAKDXSTNC-WEVVVXLNSA-N,False,Organic compounds,Organosulfur compounds,Sulfonyls,Sulfones,Sulfones,Aliphatic acyclic compounds
RSMUVYRMZCOLBH-UHFFFAOYSA-N,False,Organic compounds,Benzenoids,Benzene and substituted derivatives,Benzoic acids and derivatives,Benzoic acid esters,Aromatic heteromonocyclic compounds
PGCGUUGEUBFBPP-UHFFFAOYSA-N,False,Inorganic compounds,Mixed metal/non-metal compounds,Post-transition metal salts,,Post-transition metal salts,
IQVNEKKDSLOHHK-FNCQTZNRSA-N,True,Organic compounds,Benzenoids,Benzene and substituted derivatives,Trifluoromethylbenzenes,Trifluoromethylbenzenes,Aromatic heteromonocyclic compounds
RQVYBGPQFYCBGX-UHFFFAOYSA-N,False,Organic compounds,Organoheterocyclic compounds,Triazines,"1,3,5-triazines",Methylthio-s-triazines,Aromatic heteromonocyclic compounds
NUKYPUAOHBNCPY-UHFFFAOYSA-N,False,Organic compounds,Organoheterocyclic compounds,Pyridines and derivatives,Aminopyridines and derivatives,Aminopyridines and derivatives,Aromatic heteromonocyclic compounds
QXAITBQSYVNQDR-ZIOPAAQOSA-N,False,Organic compounds,Benzenoids,Benzene and substituted derivatives,Xylenes,m-Xylenes,Aromatic homomonocyclic compounds
QGZKDVFQNNGYKY-UHFFFAOYSA-N,False,Inorganic compounds,Homogeneous non-metal compounds,Homogeneous other non-metal compounds,,Homogeneous other non-metal compounds,
USFZMSVCRYTOJT-UHFFFAOYSA-N,False,Organic compounds,Organic acids and derivatives,Carboxylic acids and derivatives,Carboxylic acids,Carboxylic acids,Aliphatic acyclic compounds
GEHMBYLTCISYNY-UHFFFAOYSA-N,False,Inorganic compounds,Homogeneous non-metal compounds,Other non-metal organides,Other non-metal oxides,Other non-metal oxides,
VMPITZXILSNTON-UHFFFAOYSA-N,False,Organic compounds,Benzenoids,Phenol ethers,Aminophenyl ethers,Aminophenyl ethers,Aromatic homomonocyclic compounds
MWPLVEDNUUSJAV-UHFFFAOYSA-N,False,Organic compounds,Benzenoids,Anthracenes,,Anthracenes,Aromatic homopolycyclic compounds
WATWJIUSRGPENY-UHFFFAOYSA-N,False,Inorganic compounds,Homogeneous metal compounds,Homogeneous metalloid compounds,,Homogeneous metalloid compounds,
UXADOQPNKNTIHB-UHFFFAOYSA-N,False,Organic compounds,Benzenoids,Benzene and substituted derivatives,Halobenzenes,Chlorobenzenes,Aromatic heteromonocyclic compounds
RQNWIZPPADIBDY-UHFFFAOYSA-N,False,Inorganic compounds,Homogeneous metal compounds,Homogeneous metalloid compounds,,Homogeneous metalloid compounds,
VGPYEHKOIGNJKV-UHFFFAOYSA-N,False,Organic compounds,Benzenoids,Benzene and substituted derivatives,Benzenesulfonamides,Aminobenzenesulfonamides,Aromatic homomonocyclic compounds
WURBVZBTWMNKQT-UHFFFAOYSA-N,False,Organic compounds,Benzenoids,Phenol ethers,,Phenol ethers,Aromatic heteromonocyclic compounds
SMDHCQAYESWHAE-UHFFFAOYSA-N,True,Organic compounds,Benzenoids,Benzene and substituted derivatives,Aniline and substituted anilines,Dinitroanilines,Aromatic homomonocyclic compounds
RIOXQFHNBCKOKP-UHFFFAOYSA-N,False,Organic compounds,Organoheterocyclic compounds,Benzimidazoles,2-benzimidazolylcarbamic acid esters,2-benzimidazolylcarbamic acid esters,Aromatic heteropolycyclic compounds
ZOMSMJKLGFBRBS-UHFFFAOYSA-N,False,Organic compounds,Benzenoids,,,Benzenoids,Aromatic heteropolycyclic compounds
DXBHBZVCASKNBY-UHFFFAOYSA-N,False,Organic compounds,Benzenoids,Phenanthrenes and derivatives,,Phenanthrenes and derivatives,Aromatic homopolycyclic compounds
FTOVXSOBNPWTSH-UHFFFAOYSA-N,False,Organic compounds,Benzenoids,Phenanthrenes and derivatives,,Phenanthrenes and derivatives,Aromatic homopolycyclic compounds
GYFAGKUZYNFMBN-UHFFFAOYSA-N,False,Organic compounds,Benzenoids,Pyrenes,Benzopyrenes,Benzopyrenes,Aromatic homopolycyclic compounds
HAXBIWFMXWRORI-UHFFFAOYSA-N,False,Organic compounds,Benzenoids,Naphthalenes,,Naphthalenes,Aromatic homopolycyclic compounds
VEENJGZXVHKXNB-VOTSOKGWSA-N,False,Organic compounds,Organic acids and derivatives,Organic phosphoric acids and derivatives,Phosphate esters,Dialkyl phosphates,Aliphatic acyclic compounds
NLXGURFLBLRZRO-UHFFFAOYSA-N,False,Organic compounds,Organic oxygen compounds,Organooxygen compounds,Ethers,Acetals,Aliphatic acyclic compounds
JDUYPUMQALQRCN-UHFFFAOYSA-N,False,Organic compounds,Benzenoids,Benzene and substituted derivatives,Diphenylethers,Bromodiphenyl ethers,Aromatic homomonocyclic compounds
DQKWXTIYGWPGOO-UHFFFAOYSA-N,False,Organic compounds,Benzenoids,Phenol esters,,Phenol esters,Aromatic homomonocyclic compounds
BMTAFVWTTFSTOG-UHFFFAOYSA-N,False,Organic compounds,Organosulfur compounds,Thiocarbonyl compounds,Thiocarbamic acid derivatives,Thiocarbamic acid derivatives,Aliphatic acyclic compounds
NBRKLOOSMBRFMH-UHFFFAOYSA-N,False,Organic compounds,Organohalogen compounds,Organochlorides,,Organochlorides,Aliphatic acyclic compounds
GOJCZVPJCKEBQV-UHFFFAOYSA-N,False,Organic compounds,Benzenoids,Benzene and substituted derivatives,Benzoic acids and derivatives,Benzoic acid esters,Aromatic homomonocyclic compounds
BDOSMKKIYDKNTQ-UHFFFAOYSA-N,False,Inorganic compounds,Homogeneous metal compounds,Homogeneous transition metal compounds,,Homogeneous transition metal compounds,
QGJOPFRUJISHPQ-UHFFFAOYSA-N,False,Inorganic compounds,Homogeneous non-metal compounds,Other non-metal organides,Other non-metal sulfides,Other non-metal sulfides,
JLQUFIHWVLZVTJ-UHFFFAOYSA-N,False,Organic compounds,Organoheterocyclic compounds,Coumarans,,Coumarans,Aromatic heteropolycyclic compounds
GYSSRZJIHXQEHQ-UHFFFAOYSA-N,False,Organic compounds,Benzenoids,Benzene and substituted derivatives,Anilides,Anilides,Aromatic heteromonocyclic compounds
NSWAMPCUPHPTTC-UHFFFAOYSA-N,False,Organic compounds,Organic nitrogen compounds,Organonitrogen compounds,Sulfonylureas,Pyrimidinyl-2-sulfonylureas,Aromatic heteromonocyclic compounds
OSVXSBDYLRYLIG-UHFFFAOYSA-N,False,Inorganic compounds,Homogeneous non-metal compounds,Non-metal oxoanionic compounds,Non-metal chlorites,Non-metal chlorites,
BSPCSKHALVHRSR-UHFFFAOYSA-N,False,Organic compounds,Organohalogen compounds,Organochlorides,,Organochlorides,Aliphatic acyclic compounds
IBSQPLPBRSHTTG-UHFFFAOYSA-N,False,Organic compounds,Benzenoids,Benzene and substituted derivatives,Halobenzenes,Chlorobenzenes,Aromatic homomonocyclic compounds
VJYIFXVZLXQVHO-UHFFFAOYSA-N,False,Organic compounds,Organic nitrogen compounds,Organonitrogen compounds,Sulfonylureas,S-triazinyl-2-sulfonylureas,Aromatic heteromonocyclic compounds
BFGKITSFLPAWGI-UHFFFAOYSA-N,False,Inorganic compounds,Homogeneous metal compounds,Homogeneous transition metal compounds,,Homogeneous transition metal compounds,
JOPOVCBBYLSVDA-UHFFFAOYSA-N,False,Inorganic compounds,Homogeneous metal compounds,Homogeneous transition metal compounds,,Homogeneous transition metal compounds,
DOBRDRYODQBAMW-UHFFFAOYSA-N,False,Inorganic compounds,Mixed metal/non-metal compounds,Transition metal organides,Transition metal nitrides,Transition metal nitrides,
MZZBPDKVEFVLFF-UHFFFAOYSA-N,False,Organic compounds,Organoheterocyclic compounds,Triazines,Aminotriazines,Aminotriazines,Aromatic heteromonocyclic compounds
XFXPMWWXUTWYJX-UHFFFAOYSA-N,False,Inorganic compounds,Homogeneous non-metal compounds,Other non-metal organides,Other non-metal nitrides,Other non-metal nitrides,
PAFZNILMFXTMIY-UHFFFAOYSA-N,False,Organic compounds,Organic nitrogen compounds,Organonitrogen compounds,Cyclohexylamines,Cyclohexylamines,Aliphatic homomonocyclic compounds
KAATUXNTWXVJKI-UHFFFAOYSA-N,False,Organic compounds,Lipids and lipid-like molecules,Fatty Acyls,Fatty acid esters,Pyrethroids,Aromatic homomonocyclic compounds
LVQDKIWDGQRHTE-UHFFFAOYSA-N,False,Organic compounds,Organoheterocyclic compounds,Triazines,Aminotriazines,N-aliphatic s-triazines,Aromatic heteromonocyclic compounds
NPOJQCVWMSKXDN-UHFFFAOYSA-N,False,Organic compounds,Benzenoids,Benzene and substituted derivatives,Benzoic acids and derivatives,p-Phthalate esters,Aromatic homomonocyclic compounds
PDEFQWNXOUGDJR-UHFFFAOYSA-M,False,Organic compounds,Organic acids and derivatives,Carboxylic acids and derivatives,Alpha-halocarboxylic acids and derivatives,Alpha-halocarboxylic acids,Aliphatic acyclic compounds
XQUXKZZNEFRCAW-UHFFFAOYSA-N,False,Organic compounds,Benzenoids,Benzene and substituted derivatives,Diphenylethers,Diphenylethers,Aromatic homomonocyclic compounds
SWJPEBQEEAHIGZ-UHFFFAOYSA-N,False,Organic compounds,Benzenoids,Benzene and substituted derivatives,Halobenzenes,Bromobenzenes,Aromatic homomonocyclic compounds
YAWIAFUBXXPJMQ-UHFFFAOYSA-N,False,Organic compounds,Benzenoids,Benzene and substituted derivatives,Diphenylethers,Bromodiphenyl ethers,Aromatic homomonocyclic compounds
IWEDIXLBFLAXBO-UHFFFAOYSA-N,False,Organic compounds,Benzenoids,Benzene and substituted derivatives,Benzoic acids and derivatives,O-methoxybenzoic acids and derivatives,Aromatic homomonocyclic compounds
KFUSEUYYWQURPO-UPHRSURJSA-N,False,Organic compounds,Organohalogen compounds,Vinyl halides,Vinyl chlorides,Vinyl chlorides,Aliphatic acyclic compounds
KFUSEUYYWQURPO-OWOJBTEDSA-N,False,Organic compounds,Organohalogen compounds,Vinyl halides,Vinyl chlorides,Vinyl chlorides,Aliphatic acyclic compounds
YIVXMZJTEQBPQO-UHFFFAOYSA-N,False,Organic compounds,Benzenoids,Benzene and substituted derivatives,Halobenzenes,Dichlorobenzenes,Aromatic homomonocyclic compounds
WYMSBXTXOHUIGT-UHFFFAOYSA-N,False,Organic compounds,Benzenoids,Benzene and substituted derivatives,Nitrobenzenes,Nitrobenzenes,Aromatic homomonocyclic compounds
LYAGTVMJGHTIDH-UHFFFAOYSA-N,False,Organic compounds,Organic oxygen compounds,Organic oxoanionic compounds,Organic nitrates,Alkyl nitrates,Aliphatic acyclic compounds
XQEMNBNCQVQXMO-UHFFFAOYSA-M,False,Organic compounds,Organoheterocyclic compounds,Azoles,Pyrazoles,Phenylpyrazoles,
QQQYTWIFVNKMRW-UHFFFAOYSA-N,False,Organic compounds,Benzenoids,Benzene and substituted derivatives,N-phenylureas,N-benzoyl-N'-phenylureas,Aromatic homomonocyclic compounds
WOAFDHWYKSOANX-UHFFFAOYSA-N,False,Organic compounds,Organic acids and derivatives,Organic phosphonic acids and derivatives,Phosphonic acid diesters,Dialkyl alkylphosphonates,Aliphatic acyclic compounds
PHVNLLCAQHGNKU-UHFFFAOYSA-N,False,Organic compounds,Organosulfur compounds,Sulfonyls,Sulfones,Sulfones,Aliphatic heteromonocyclic compounds
VAYGXNSJCAHWJZ-UHFFFAOYSA-N,False,Organic compounds,Organic acids and derivatives,Organic sulfuric acids and derivatives,Sulfuric acid esters,Sulfuric acid diesters,Aliphatic acyclic compounds
ROSDSFDQCJNGOL-UHFFFAOYSA-N,False,Organic compounds,Organic nitrogen compounds,Organonitrogen compounds,Amines,Dialkylamines,Aliphatic acyclic compounds
NUIURNJTPRWVAP-UHFFFAOYSA-N,False,Organic compounds,Benzenoids,Benzene and substituted derivatives,Biphenyls and derivatives,"3,3'-disubstituted benzidines",Aromatic homomonocyclic compounds
YCOXTKKNXUZSKD-UHFFFAOYSA-N,False,Organic compounds,Benzenoids,Phenols,Cresols,Para cresols,Aromatic homomonocyclic compounds
NXXYKOUNUYWIHA-UHFFFAOYSA-N,False,Organic compounds,Benzenoids,Phenols,Cresols,Ortho cresols,Aromatic homomonocyclic compounds
QJYHUJAGJUHXJN-UHFFFAOYSA-N,False,Organic compounds,Benzenoids,Benzene and substituted derivatives,Cyclohexylphenols,Cyclohexylphenols,Aromatic homomonocyclic compounds
WDCYWAQPCXBPJA-UHFFFAOYSA-N,False,Organic compounds,Benzenoids,Benzene and substituted derivatives,Nitrobenzenes,Nitrobenzenes,Aromatic homomonocyclic compounds
IZUKQUVSCNEFMJ-UHFFFAOYSA-N,False,Organic compounds,Benzenoids,Benzene and substituted derivatives,Nitrobenzenes,Nitrobenzenes,Aromatic homomonocyclic compounds
QAHFOPIILNICLA-UHFFFAOYSA-N,False,Organic compounds,Benzenoids,Benzene and substituted derivatives,Diphenylmethanes,Diphenylmethanes,Aromatic homomonocyclic compounds
ODPOAESBSUKMHD-UHFFFAOYSA-L,False,Organic compounds,Organoheterocyclic compounds,Pyridines and derivatives,Pyridinium derivatives,Pyridinium derivatives,Aromatic heteropolycyclic compounds
LOZWAPSEEHRYPG-UHFFFAOYSA-N,False,Organic compounds,Organoheterocyclic compounds,Dithianes,,Dithianes,Aliphatic heteromonocyclic compounds
GXEKYRXVRROBEV-UHFFFAOYSA-N,False,Organic compounds,Organic acids and derivatives,Carboxylic acids and derivatives,Dicarboxylic acids and derivatives,Dicarboxylic acids and derivatives,Aliphatic heteropolycyclic compounds
UDPGUMQDCGORJQ-UHFFFAOYSA-N,False,Organic compounds,Organic acids and derivatives,Organic phosphonic acids and derivatives,Organic phosphonic acids,Organic phosphonic acids,Aliphatic acyclic compounds
RIZMRRKBZQXFOY-UHFFFAOYSA-N,False,Organic compounds,Organic acids and derivatives,Organic dithiophosphoric acids and derivatives,Dithiophosphate O-esters,Dithiophosphate O-esters,Aliphatic acyclic compounds
ZNQVEEAIQZEUHB-UHFFFAOYSA-N,False,Organic compounds,Organic oxygen compounds,Organooxygen compounds,Ethers,Dialkyl ethers,Aliphatic acyclic compounds
GUVLYNGULCJVDO-UHFFFAOYSA-N,False,Organic compounds,Organosulfur compounds,Thiocarbonyl compounds,Thiocarbamic acid derivatives,Thiocarbamic acid derivatives,Aliphatic acyclic compounds
POAOYUHQDCAZBD-UHFFFAOYSA-N,False,Organic compounds,Organic oxygen compounds,Organooxygen compounds,Ethers,Dialkyl ethers,Aliphatic acyclic compounds
VLCQZHSMCYCDJL-UHFFFAOYSA-N,False,Organic compounds,Organic nitrogen compounds,Organonitrogen compounds,Sulfonylureas,S-triazinyl-2-sulfonylureas,Aromatic heteromonocyclic compounds
ZCJPOPBZHLUFHF-UHFFFAOYSA-N,False,Organic compounds,Benzenoids,Benzene and substituted derivatives,Phenoxy compounds,Phenoxy compounds,Aromatic homomonocyclic compounds
GVEPBJHOBDJJJI-UHFFFAOYSA-N,False,Organic compounds,Benzenoids,Naphthalenes,,Naphthalenes,Aromatic homopolycyclic compounds
NIHNNTQXNPWCJQ-UHFFFAOYSA-N,False,Organic compounds,Benzenoids,Fluorenes,,Fluorenes,Aromatic homopolycyclic compounds
YWBVHLJPRPCRSD-UHFFFAOYSA-N,True,Organic compounds,Organoheterocyclic compounds,Pyridines and derivatives,Phenylpyridines,Phenylpyridines,Aromatic heteromonocyclic compounds
VEVZCONIUDBCDC-UHFFFAOYSA-N,True,Organic compounds,Benzenoids,Benzene and substituted derivatives,Phenylpropanes,Phenylpropanes,Aromatic heteromonocyclic compounds
PTCGDEVVHUXTMP-UHFFFAOYSA-N,True,Organic compounds,Benzenoids,Benzene and substituted derivatives,Anilides,Benzanilides,Aromatic homomonocyclic compounds
INISTDXBRIBGOC-UHFFFAOYSA-N,True,Organic compounds,Benzenoids,Benzene and substituted derivatives,Diphenylethers,Diphenylethers,Aromatic homomonocyclic compounds
BGZZWXTVIYUUEY-UHFFFAOYSA-N,True,Organic compounds,Benzenoids,Benzene and substituted derivatives,Diphenylethers,Diphenylethers,Aromatic homomonocyclic compounds
KVGLBTYUCJYMND-UHFFFAOYSA-N,False,Organic compounds,Benzenoids,Benzene and substituted derivatives,,Benzene and substituted derivatives,Aromatic homomonocyclic compounds
BDAGIHXWWSANSR-UHFFFAOYSA-N,False,Organic compounds,Organic acids and derivatives,Carboxylic acids and derivatives,Carboxylic acids,Carboxylic acids,Aliphatic acyclic compounds
ZBMRKNMTMPPMMK-UHFFFAOYSA-N,False,Organic compounds,Organic acids and derivatives,Carboxylic acids and derivatives,"Amino acids, peptides, and analogues",Alpha amino acids,Aliphatic acyclic compounds
XDDAORKBJWWYJS-UHFFFAOYSA-N,False,Organic compounds,Organic acids and derivatives,Carboxylic acids and derivatives,"Amino acids, peptides, and analogues",Alpha amino acids and derivatives,Aliphatic acyclic compounds
AHTPATJNIAFOLR-UHFFFAOYSA-N,False,Organic compounds,Organoheterocyclic compounds,Thiophenes,Thiophene carboxylic acids and derivatives,Thiophene carboxylic acids and derivatives,Aromatic heteromonocyclic compounds
ZXFXBSWRVIQKOD-UHFFFAOYSA-N,False,Organic compounds,Organoheterocyclic compounds,Oxanes,,Oxanes,Aliphatic heteropolycyclic compounds
IMNFDUFMRHMDMM-UHFFFAOYSA-N,False,Organic compounds,Hydrocarbons,Saturated hydrocarbons,Alkanes,Alkanes,Aliphatic acyclic compounds
JLYXXMFPNIAWKQ-GPIVLXJGSA-N,False,Organic compounds,Organohalogen compounds,Alkyl halides,Cyclohexyl halides,Cyclohexyl halides,Aliphatic homomonocyclic compounds
XTFIVUDBNACUBN-UHFFFAOYSA-N,False,Organic compounds,Organoheterocyclic compounds,Triazinanes,"1,3,5-triazinanes","1,3,5-triazinanes",Aliphatic heteromonocyclic compounds
CAWXEEYDBZRFPE-UHFFFAOYSA-N,False,Organic compounds,Organic nitrogen compounds,Organonitrogen compounds,Amines,Dialkylarylamines,Aromatic heteromonocyclic compounds
LELOWRISYMNNSU-UHFFFAOYSA-N,False,Organic compounds,Organic nitrogen compounds,Organonitrogen compounds,Organic cyanides,Nitriles,Aliphatic acyclic compounds
RWSOTUBLDIXVET-UHFFFAOYSA-N,False,Inorganic compounds,Homogeneous non-metal compounds,Other non-metal organides,Other non-metal sulfides,Other non-metal sulfides,
PZBPKYOVPCNPJY-UHFFFAOYSA-N,False,Organic compounds,Benzenoids,Benzene and substituted derivatives,Benzylethers,Benzylethers,Aromatic heteromonocyclic compounds
CABMTIJINOIHOD-UHFFFAOYSA-N,False,Organic compounds,Organoheterocyclic compounds,Quinolines and derivatives,Quinoline carboxylic acids,Quinoline carboxylic acids,Aromatic heteropolycyclic compounds
SXQBHARYMNFBPS-UHFFFAOYSA-N,False,Organic compounds,Benzenoids,Pyrenes,,Pyrenes,Aromatic homopolycyclic compounds
ONUFESLQCSAYKA-UHFFFAOYSA-N,False,Organic compounds,Organoheterocyclic compounds,Azolidines,Imidazolidines,Phenylhydantoins,Aromatic heteromonocyclic compounds
NEKOXWSIMFDGMA-UHFFFAOYSA-N,False,Organic compounds,Benzenoids,Benzene and substituted derivatives,Aniline and substituted anilines,Dinitroanilines,Aromatic homomonocyclic compounds
PMHURSZHKKJGBM-UHFFFAOYSA-N,False,Organic compounds,Benzenoids,Benzene and substituted derivatives,Methoxybenzenes,Dimethoxybenzenes,Aromatic heteromonocyclic compounds
CONWAEURSVPLRM-UHFFFAOYSA-N,True,Organic compounds,Benzenoids,Benzene and substituted derivatives,Diphenylethers,Diphenylethers,Aromatic homomonocyclic compounds
WABPQHHGFIMREM-UHFFFAOYSA-N,False,Inorganic compounds,Homogeneous metal compounds,Homogeneous post-transition metal compounds,,Homogeneous post-transition metal compounds,
XKJMBINCVNINCA-UHFFFAOYSA-N,False,Organic compounds,Benzenoids,Benzene and substituted derivatives,N-phenylureas,N-phenylureas,Aromatic homomonocyclic compounds
XMQFTWRPUQYINF-UHFFFAOYSA-N,False,Organic compounds,Benzenoids,Benzene and substituted derivatives,Benzoic acids and derivatives,Benzoic acid esters,Aromatic heteromonocyclic compounds
FPYJFEHAWHCUMM-UHFFFAOYSA-N,False,Organic compounds,Organoheterocyclic compounds,Dihydrofurans,Furanones,Butenolides,Aliphatic heteromonocyclic compounds
VHOVSQVSAAQANU-UHFFFAOYSA-M,False,Organic compounds,Organoheterocyclic compounds,Piperidines,,Piperidines,Aliphatic heteromonocyclic compounds
KLAPGAOQRZTCBI-UHFFFAOYSA-N,False,Organic compounds,Organophosphorus compounds,Organothiophosphorus compounds,,Organothiophosphorus compounds,Aliphatic acyclic compounds
ZOKXUAHZSKEQSS-UHFFFAOYSA-N,False,Organic compounds,Organophosphorus compounds,Organothiophosphorus compounds,,Organothiophosphorus compounds,Aliphatic acyclic compounds
ZQEIXNIJLIKNTD-UHFFFAOYSA-N,False,Organic compounds,Organic acids and derivatives,Carboxylic acids and derivatives,"Amino acids, peptides, and analogues",Alpha amino acid esters,Aromatic homomonocyclic compounds
NNKVPIKMPCQWCG-UHFFFAOYSA-N,False,Organic compounds,Organophosphorus compounds,Organothiophosphorus compounds,"Phosphoramidothioic-acid-O,S-diesters","Phosphoramidothioic-acid-O,S-diesters",Aliphatic acyclic compounds
XNWFRZJHXBZDAG-UHFFFAOYSA-N,False,Organic compounds,Organic oxygen compounds,Organooxygen compounds,Ethers,Dialkyl ethers,Aliphatic acyclic compounds
BAPJBEWLBFYGME-UHFFFAOYSA-N,False,Organic compounds,Organic acids and derivatives,Carboxylic acids and derivatives,Acrylic acids and derivatives,Acrylic acid esters,Aliphatic acyclic compounds
INQOMBQAUSQDDS-UHFFFAOYSA-N,False,Organic compounds,Organohalogen compounds,Alkyl halides,Halomethanes,Halomethanes,Aliphatic acyclic compounds
LLWADFLAOKUBDR-UHFFFAOYSA-N,False,Organic compounds,Benzenoids,Phenol ethers,,Phenol ethers,Aromatic homomonocyclic compounds
WNTGYJSOUMFZEP-UHFFFAOYSA-N,False,Organic compounds,Benzenoids,Benzene and substituted derivatives,2-phenoxypropionic acids,2-phenoxypropionic acids,Aromatic homomonocyclic compounds
WHKUVVPPKQRRBV-UHFFFAOYSA-N,False,Organic compounds,Benzenoids,Benzene and substituted derivatives,Phenoxyacetic acid derivatives,Chlorophenoxyacetates,Aromatic homomonocyclic compounds
DBUXSCUEGJMZAE-UHFFFAOYSA-N,False,Organic compounds,Organometallic compounds,Metal alkyls,Transition metal alkyls,Transition metal alkyls,Aliphatic acyclic compounds
RLSSMJSEOOYNOY-UHFFFAOYSA-N,False,Organic compounds,Benzenoids,Phenols,Cresols,Meta cresols,Aromatic homomonocyclic compounds
FOXFZRUHNHCZPX-UHFFFAOYSA-N,False,Organic compounds,Organosulfur compounds,Thioethers,Aryl thioethers,Aryl thioethers,Aromatic heteromonocyclic compounds
DEDOPGXGGQYYMW-UHFFFAOYSA-N,False,Organic compounds,Organoheterocyclic compounds,Azepanes,,Azepanes,Aliphatic heteromonocyclic compounds
BUYMVQAILCEWRR-UHFFFAOYSA-N,False,Organic compounds,Organic acids and derivatives,Organic phosphoric acids and derivatives,Phosphate esters,Trialkyl phosphates,Aliphatic acyclic compounds
WXZVAROIGSFCFJ-UHFFFAOYSA-N,False,Organic compounds,Benzenoids,Naphthalenes,,Naphthalenes,Aromatic homopolycyclic compounds
DCUJJWWUNKIJPH-UHFFFAOYSA-N,False,Organic compounds,Organoheterocyclic compounds,Pyridines and derivatives,Halopyridines,2-halopyridines,Aromatic heteromonocyclic compounds
IDCPFAYURAQKDZ-UHFFFAOYSA-N,False,Organic compounds,Organic nitrogen compounds,Organonitrogen compounds,Guanidines,Guanidines,Aliphatic acyclic compounds
NVGOPFQZYCNLDU-UHFFFAOYSA-N,True,Organic compounds,Benzenoids,Benzene and substituted derivatives,Trifluoromethylbenzenes,Trifluoromethylbenzenes,Aromatic heteromonocyclic compounds
UZGLIIJVICEWHF-UHFFFAOYSA-N,False,Organic compounds,"Organic 1,3-dipolar compounds","Allyl-type 1,3-dipolar organic compounds",Organic nitro compounds,Organic nitro compounds,Aliphatic heteromonocyclic compounds
UNAHYJYOSSSJHH-UHFFFAOYSA-N,False,Organic compounds,Benzenoids,Benzene and substituted derivatives,Aniline and substituted anilines,Dinitroanilines,Aromatic homomonocyclic compounds
CHNUNORXWHYHNE-UHFFFAOYSA-N,False,Organic compounds,Benzenoids,Benzene and substituted derivatives,Halobenzenes,Dichlorobenzenes,Aromatic heteromonocyclic compounds
OQMBBFQZGJFLBU-UHFFFAOYSA-N,True,Organic compounds,Benzenoids,Benzene and substituted derivatives,Diphenylethers,Diphenylethers,Aromatic homomonocyclic compounds
RMOGWMIKYWRTKW-KGLIPLIRSA-N,False,Organic compounds,Benzenoids,Benzene and substituted derivatives,Phenethylamines,Amphetamines and derivatives,Aromatic heteromonocyclic compounds
FIKAKWIAUPDISJ-UHFFFAOYSA-L,False,Organic compounds,Organoheterocyclic compounds,Pyridines and derivatives,Bipyridines and oligopyridines,Bipyridines and oligopyridines,Aromatic heteromonocyclic compounds
CHIFOSRWCNZCFN-UHFFFAOYSA-N,False,Organic compounds,Benzenoids,Benzene and substituted derivatives,Aniline and substituted anilines,Dinitroanilines,Aromatic homomonocyclic compounds
CEOCDNVZRAIOQZ-UHFFFAOYSA-N,False,Organic compounds,Benzenoids,Benzene and substituted derivatives,Halobenzenes,Chlorobenzenes,Aromatic homomonocyclic compounds
YNPNZTXNASCQKK-UHFFFAOYSA-N,False,Organic compounds,Benzenoids,Phenanthrenes and derivatives,,Phenanthrenes and derivatives,Aromatic homopolycyclic compounds
IDOWTHOLJBTAFI-UHFFFAOYSA-N,False,Organic compounds,Benzenoids,Benzene and substituted derivatives,Phenylcarbamic acid esters,Phenylcarbamic acid esters,Aromatic homomonocyclic compounds
IOUNQDKNJZEDEP-UHFFFAOYSA-N,False,Organic compounds,Organoheterocyclic compounds,Benzoxazoles,Benzoxazolones,Benzoxazolones,Aromatic heteropolycyclic compounds
LMNZTLDVJIUSHT-UHFFFAOYSA-N,False,Organic compounds,Organoheterocyclic compounds,Isoindoles and derivatives,Isoindolines,Phthalimides,Aromatic heteropolycyclic compounds
NBIIXXVUZAFLBC-UHFFFAOYSA-N,False,Inorganic compounds,Homogeneous non-metal compounds,Non-metal oxoanionic compounds,Non-metal phosphates,Non-metal phosphates,
QHOQHJPRIBSPCY-UHFFFAOYSA-N,False,Organic compounds,Organic acids and derivatives,Organic thiophosphoric acids and derivatives,Thiophosphoric acid esters,Pyrimidinyl phosphorothioates,Aromatic heteromonocyclic compounds
NNFCIKHAZHQZJG-UHFFFAOYSA-N,False,Inorganic compounds,Mixed metal/non-metal compounds,Alkali metal organides,Alkali metal nitrides,Alkali metal nitrides,
TVLSRXXIMLFWEO-UHFFFAOYSA-N,False,Organic compounds,Benzenoids,Phenol ethers,,Phenol ethers,Aromatic heteromonocyclic compounds
AAEVYOVXGOFMJO-UHFFFAOYSA-N,False,Organic compounds,Organoheterocyclic compounds,Triazines,"1,3,5-triazines",Methylthio-s-triazines,Aromatic heteromonocyclic compounds
MFOUDYKPLGXPGO-UHFFFAOYSA-N,False,Organic compounds,Benzenoids,Benzene and substituted derivatives,Anilides,Anilides,Aromatic homomonocyclic compounds
ZYHMJXZULPZUED-UHFFFAOYSA-N,False,Organic compounds,Benzenoids,Benzene and substituted derivatives,Phenylpropanes,Phenylpropanes,Aromatic homomonocyclic compounds
STJLVHWMYQXCPB-UHFFFAOYSA-N,False,Organic compounds,Benzenoids,Benzene and substituted derivatives,Halobenzenes,Dichlorobenzenes,Aromatic heteromonocyclic compounds
ARXJGSRGQADJSQ-UHFFFAOYSA-N,False,Organic compounds,Organic oxygen compounds,Organooxygen compounds,Alcohols and polyols,Secondary alcohols,Aliphatic acyclic compounds
XVOKUMIPKHGGTN-UHFFFAOYSA-N,False,Organic compounds,Organic acids and derivatives,Carboxylic acids and derivatives,"Amino acids, peptides, and analogues",Alpha amino acids and derivatives,Aromatic heteromonocyclic compounds
BBEAQIROQSPTKN-UHFFFAOYSA-N,False,Organic compounds,Benzenoids,Pyrenes,,Pyrenes,Aromatic homopolycyclic compounds
JYQUHIFYBATCCY-UHFFFAOYSA-N,False,Organic compounds,Organoheterocyclic compounds,Diazanaphthalenes,Benzodiazines,Quinoxalines,Aromatic heteropolycyclic compounds
XGWIJUOSCAQSSV-XHDPSFHLSA-N,False,Organic compounds,Benzenoids,Benzene and substituted derivatives,Halobenzenes,Chlorobenzenes,Aromatic heteromonocyclic compounds
MCAHWIHFGHIESP-UHFFFAOYSA-N,False,Inorganic compounds,Mixed metal/non-metal compounds,Other mixed metal/non-metal oxoanionic compounds,Non-metal selenites,Non-metal selenites,
CSPPKDPQLUUTND-UHFFFAOYSA-N,False,Organic compounds,Organic oxygen compounds,Organooxygen compounds,Carbonyl compounds,Cyclohexenones,Aliphatic homomonocyclic compounds
MNWBNISUBARLIT-UHFFFAOYSA-N,False,Inorganic compounds,Mixed metal/non-metal compounds,Alkali metal organides,Alkali metal nitrides,Alkali metal nitrides,
JGFYQVQAXANWJU-UHFFFAOYSA-M,False,Organic compounds,Organic acids and derivatives,Carboxylic acids and derivatives,Alpha-halocarboxylic acids and derivatives,Alpha-halocarboxylic acids,Aliphatic acyclic compounds
HZJKXKUJVSEEFU-UHFFFAOYSA-N,False,Organic compounds,Benzenoids,Benzene and substituted derivatives,Halobenzenes,Chlorobenzenes,Aromatic heteromonocyclic compounds
HBPDKDSFLXWOAE-UHFFFAOYSA-N,False,Organic compounds,Organoheterocyclic compounds,Azoles,Thiadiazoles,"1,3,4-thiadiazol-2-ylureas",Aromatic heteromonocyclic compounds
NBQCNZYJJMBDKY-UHFFFAOYSA-N,False,Organic compounds,Organoheterocyclic compounds,Diazines,Pyrimidines and pyrimidine derivatives,Halopyrimidines,Aromatic heteromonocyclic compounds
IROINLKCQGIITA-UHFFFAOYSA-N,False,Organic compounds,Organoheterocyclic compounds,Triazines,"1,3,5-triazines",Methylthio-s-triazines,Aromatic heteromonocyclic compounds
JHBKHLUZVFWLAG-UHFFFAOYSA-N,False,Organic compounds,Benzenoids,Benzene and substituted derivatives,Halobenzenes,Chlorobenzenes,Aromatic homomonocyclic compounds
XIUROWKZWPIAIB-UHFFFAOYSA-N,False,Organic compounds,Organic acids and derivatives,Organic thiophosphoric acids and derivatives,Thiophosphoric acid esters,Thiophosphoric acid esters,Aliphatic acyclic compounds
HQOJMTATBXYHNR-UHFFFAOYSA-M,False,Organic compounds,Organic acids and derivatives,Carboxylic acids and derivatives,Carboxylic acid derivatives,Acetate salts,Aliphatic acyclic compounds
FYWSTUCDSVYLPV-UHFFFAOYSA-N,False,Inorganic compounds,Mixed metal/non-metal compounds,Post-transition metal oxoanionic compounds,Post-transition metal nitrates,Post-transition metal nitrates,
YTQVHRVITVLIRD-UHFFFAOYSA-L,False,Inorganic compounds,Mixed metal/non-metal compounds,Post-transition metal oxoanionic compounds,Post-transition metal sulfates,Post-transition metal sulfates,
QHTQREMOGMZHJV-UHFFFAOYSA-N,False,Organic compounds,Benzenoids,Benzene and substituted derivatives,Halobenzenes,Chlorobenzenes,Aromatic homomonocyclic compounds
QGHREAKMXXNCOA-UHFFFAOYSA-N,False,Organic compounds,Benzenoids,Benzene and substituted derivatives,,Benzene and substituted derivatives,Aromatic homomonocyclic compounds
YWSCPYYRJXKUDB-KAKFPZCNSA-N,False,Organic compounds,Lipids and lipid-like molecules,Fatty Acyls,Fatty acid esters,Pyrethroids,Aromatic homomonocyclic compounds
MWBPRDONLNQCFV-UHFFFAOYSA-N,False,Organic compounds,Organosulfur compounds,Thiocarbonyl compounds,Thiocarbamic acid derivatives,Thiocarbamic acid derivatives,Aliphatic acyclic compounds
XOPFESVZMSQIKC-UHFFFAOYSA-N,False,Organic compounds,Benzenoids,Benzene and substituted derivatives,Benzenesulfonamides,Benzenesulfonamides,Aromatic heteromonocyclic compounds
FWAJPSIPOULHHH-UHFFFAOYSA-N,False,Organic compounds,Benzenoids,Benzene and substituted derivatives,Halobenzenes,Bromobenzenes,Aromatic homomonocyclic compounds
LHJGJYXLEPZJPM-UHFFFAOYSA-N,False,Organic compounds,Benzenoids,Phenols,Halophenols,P-chlorophenols,Aromatic homomonocyclic compounds
IBZHOAONZVJLOB-UHFFFAOYSA-N,False,Organic compounds,Benzenoids,Benzene and substituted derivatives,Halobenzenes,Dichlorobenzenes,Aromatic heteromonocyclic compounds
ZMANZCXQSJIPKH-UHFFFAOYSA-N,False,Organic compounds,Organic nitrogen compounds,Organonitrogen compounds,Amines,Trialkylamines,Aliphatic acyclic compounds
SPSSULHKWOKEEL-UHFFFAOYSA-N,False,Organic compounds,Benzenoids,Benzene and substituted derivatives,Nitrobenzenes,Nitrobenzenes,Aromatic homomonocyclic compounds
OKUGPJPKMAEJOE-UHFFFAOYSA-N,False,Organic compounds,Organosulfur compounds,Thiocarbonyl compounds,Thiocarbamic acid derivatives,Thiocarbamic acid derivatives,Aliphatic acyclic compounds
OAICVXFJPJFONN-UHFFFAOYSA-N,False,Inorganic compounds,Homogeneous non-metal compounds,Homogeneous other non-metal compounds,,Homogeneous other non-metal compounds,
QCXJEYYXVJIFCE-UHFFFAOYSA-N,False,Organic compounds,Benzenoids,Benzene and substituted derivatives,Benzoic acids and derivatives,Benzoic acids,Aromatic homomonocyclic compounds
QTBSBXVTEAMEQO-UHFFFAOYSA-N,False,Organic compounds,Organic acids and derivatives,Carboxylic acids and derivatives,Carboxylic acids,Carboxylic acids,Aliphatic acyclic compounds
WFDIJRYMOXRFFG-UHFFFAOYSA-N,False,Organic compounds,Organic acids and derivatives,Carboxylic acids and derivatives,Dicarboxylic acids and derivatives,Dicarboxylic acids and derivatives,Aliphatic acyclic compounds
DYRDKSSFIWVSNM-UHFFFAOYSA-N,False,Organic compounds,Benzenoids,Benzene and substituted derivatives,Anilides,Anilides,Aromatic homomonocyclic compounds
AJKVQEKCUACUMD-UHFFFAOYSA-N,False,Organic compounds,Organic oxygen compounds,Organooxygen compounds,Carbonyl compounds,Aryl alkyl ketones,Aromatic heteromonocyclic compounds
ALMHSXDYCFOZQD-UHFFFAOYSA-N,False,Organic compounds,Benzenoids,Benzene and substituted derivatives,Anilides,Acetanilides,Aromatic homomonocyclic compounds
BPEXTIMJLDWDTL-UHFFFAOYSA-N,False,Organic compounds,Benzenoids,Benzene and substituted derivatives,Anilides,Acetanilides,Aromatic homomonocyclic compounds
VVJKKWFAADXIJK-UHFFFAOYSA-N,False,Organic compounds,Organic nitrogen compounds,Organonitrogen compounds,Amines,Monoalkylamines,Aliphatic acyclic compounds
HTKFORQRBXIQHD-UHFFFAOYSA-N,False,Organic compounds,Organosulfur compounds,Thioureas,,Thioureas,Aliphatic acyclic compounds
VPJDULFXCAQHRC-UHFFFAOYSA-N,False,Organic compounds,Organic acids and derivatives,Organic carbonic acids and derivatives,Ureas,Ureas,Aliphatic acyclic compounds
CHMBIJAOCISYEW-UHFFFAOYSA-N,False,Organic compounds,Benzenoids,Benzene and substituted derivatives,Anilides,Acetanilides,Aromatic homomonocyclic compounds
XJGFWWJLMVZSIG-UHFFFAOYSA-N,False,Organic compounds,Organoheterocyclic compounds,Quinolines and derivatives,Benzoquinolines,Acridines,Aromatic heteropolycyclic compounds
QPQKUYVSJWQSDY-UHFFFAOYSA-N,False,Organic compounds,Organoheterocyclic compounds,Azobenzenes,,Azobenzenes,Aromatic homomonocyclic compounds
HVBSAKJJOYLTQU-UHFFFAOYSA-N,False,Organic compounds,Benzenoids,Benzene and substituted derivatives,Benzenesulfonic acids and derivatives,Benzenesulfonic acids and derivatives,Aromatic homomonocyclic compounds
ALYNCZNDIQEVRV-UHFFFAOYSA-N,False,Organic compounds,Benzenoids,Benzene and substituted derivatives,Benzoic acids and derivatives,Aminobenzoic acids,Aromatic homomonocyclic compounds
QXYMVUZOGFVPGH-UHFFFAOYSA-N,False,Organic compounds,Benzenoids,Phenols,Nitrophenols,Dinitrophenols,Aromatic homomonocyclic compounds
ZMXYNJXDULEQCK-UHFFFAOYSA-N,False,Organic compounds,Benzenoids,Phenols,Cresols,Para cresols,Aromatic homomonocyclic compounds
CWLKGDAVCFYWJK-UHFFFAOYSA-N,False,Organic compounds,Benzenoids,Benzene and substituted derivatives,Aniline and substituted anilines,Aniline and substituted anilines,Aromatic homomonocyclic compounds
CDAWCLOXVUBKRW-UHFFFAOYSA-N,False,Organic compounds,Benzenoids,Benzene and substituted derivatives,Aniline and substituted anilines,Aniline and substituted anilines,Aromatic homomonocyclic compounds
PLIKAWJENQZMHA-UHFFFAOYSA-N,False,Organic compounds,Benzenoids,Benzene and substituted derivatives,Aniline and substituted anilines,Aniline and substituted anilines,Aromatic homomonocyclic compounds
ULUIMLJNTCECJU-UHFFFAOYSA-N,False,Organic compounds,Benzenoids,Benzene and substituted derivatives,Benzenesulfonic acids and derivatives,Benzenesulfonic acids and derivatives,Aromatic homomonocyclic compounds
HWYHZTIRURJOHG-UHFFFAOYSA-N,False,Organic compounds,Organoheterocyclic compounds,Diazanaphthalenes,Benzodiazines,Phthalazinones,Aromatic heteropolycyclic compounds
ICSNLGPSRYBMBD-UHFFFAOYSA-N,False,Organic compounds,Organoheterocyclic compounds,Pyridines and derivatives,Aminopyridines and derivatives,Aminopyridines and derivatives,Aromatic heteromonocyclic compounds
KBOPZPXVLCULAV-UHFFFAOYSA-N,False,Organic compounds,Benzenoids,Benzene and substituted derivatives,Benzoic acids and derivatives,Aminobenzoic acids,Aromatic homomonocyclic compounds
VIUDTWATMPPKEL-UHFFFAOYSA-N,True,Organic compounds,Benzenoids,Benzene and substituted derivatives,Trifluoromethylbenzenes,Trifluoromethylbenzenes,Aromatic homomonocyclic compounds
HHEFNVCDPLQQTP-UHFFFAOYSA-N,False,Inorganic compounds,Homogeneous non-metal compounds,Non-metal oxoanionic compounds,Non-metal perchlorates,Non-metal perchlorates,
HVZJRWJGKQPSFL-UHFFFAOYSA-N,False,Organic compounds,Organic oxygen compounds,Organooxygen compounds,Ethers,Dialkyl ethers,Aliphatic acyclic compounds
AEMFNILZOJDQLW-QAGGRKNESA-N,False,Organic compounds,Lipids and lipid-like molecules,Steroids and steroid derivatives,Androstane steroids,Androgens and derivatives,Aliphatic homopolycyclic compounds
NCBZRJODKRCREW-UHFFFAOYSA-N,False,Organic compounds,Benzenoids,Phenol ethers,Aminophenyl ethers,Aminophenyl ethers,Aromatic homomonocyclic compounds
BHAAPTBBJKJZER-UHFFFAOYSA-N,False,Organic compounds,Benzenoids,Phenol ethers,Aminophenyl ethers,Aminophenyl ethers,Aromatic homomonocyclic compounds
SRSXLGNVWSONIS-UHFFFAOYSA-N,False,Organic compounds,Benzenoids,Benzene and substituted derivatives,Benzenesulfonic acids and derivatives,Benzenesulfonic acids and derivatives,Aromatic homomonocyclic compounds
HYZJCKYKOHLVJF-UHFFFAOYSA-N,False,Organic compounds,Organoheterocyclic compounds,Benzimidazoles,,Benzimidazoles,Aromatic heteropolycyclic compounds
HCAUQPZEWLULFJ-UHFFFAOYSA-N,False,Organic compounds,Organoheterocyclic compounds,Quinolines and derivatives,Benzoquinolines,Benzoquinolines,Aromatic heteropolycyclic compounds
IOJUPLGTWVMSFF-UHFFFAOYSA-N,False,Organic compounds,Organoheterocyclic compounds,Benzothiazoles,,Benzothiazoles,Aromatic heteropolycyclic compounds
GETTZEONDQJALK-UHFFFAOYSA-N,True,Organic compounds,Benzenoids,Benzene and substituted derivatives,Trifluoromethylbenzenes,Trifluoromethylbenzenes,Aromatic homomonocyclic compounds
LUFPJJNWMYZRQE-UHFFFAOYSA-N,False,Organic compounds,Benzenoids,Benzene and substituted derivatives,,Benzene and substituted derivatives,Aromatic homomonocyclic compounds
KXHPPCXNWTUNSB-UHFFFAOYSA-M,False,Organic compounds,Benzenoids,Benzene and substituted derivatives,Alkyldimethylbenzylammonium halides,Alkyldimethylbenzylammonium chlorides,Aromatic homomonocyclic compounds
LCFVJGUPQDGYKZ-UHFFFAOYSA-N,False,Organic compounds,Benzenoids,Benzene and substituted derivatives,Diphenylmethanes,Diphenylmethanes,Aromatic heteromonocyclic compounds
YATIGPZCMOYEGE-UHFFFAOYSA-N,False,Organic compounds,Benzenoids,Phenol ethers,,Phenol ethers,Aromatic homomonocyclic compounds
QARVLSVVCXYDNA-UHFFFAOYSA-N,False,Organic compounds,Benzenoids,Benzene and substituted derivatives,Halobenzenes,Bromobenzenes,Aromatic homomonocyclic compounds
LVDKZNITIUWNER-UHFFFAOYSA-N,False,Organic compounds,"Organic 1,3-dipolar compounds","Allyl-type 1,3-dipolar organic compounds",Organic nitro compounds,C-nitro compounds,Aliphatic acyclic compounds
WERYXYBDKMZEQL-UHFFFAOYSA-N,False,Organic compounds,Organic oxygen compounds,Organooxygen compounds,Alcohols and polyols,Primary alcohols,Aliphatic acyclic compounds
JVGPVVUTUMQJKL-UHFFFAOYSA-N,False,Organic compounds,Organosulfur compounds,Thiocyanates,,Thiocyanates,Aliphatic acyclic compounds
CQEYYJKEWSMYFG-UHFFFAOYSA-N,False,Organic compounds,Organic acids and derivatives,Carboxylic acids and derivatives,Acrylic acids and derivatives,Acrylic acid esters,Aliphatic acyclic compounds
YBRBMKDOPFTVDT-UHFFFAOYSA-N,False,Organic compounds,Organic nitrogen compounds,Organonitrogen compounds,Amines,Monoalkylamines,Aliphatic acyclic compounds
RUPAXCPQAAOIPB-UHFFFAOYSA-N,False,Organic compounds,Organic acids and derivatives,Carboxylic acids and derivatives,Carboxylic acid derivatives,Carboxylic acid esters,Aliphatic acyclic compounds
YSUQLAYJZDEMOT-UHFFFAOYSA-N,False,Organic compounds,Organoheterocyclic compounds,Epoxides,,Epoxides,Aliphatic heteromonocyclic compounds
CIHOLLKRGTVIJN-UHFFFAOYSA-N,False,Organic compounds,Organic oxygen compounds,Organic hydroperoxides,,Organic hydroperoxides,Aliphatic acyclic compounds
SOGAXMICEFXMKE-UHFFFAOYSA-N,False,Organic compounds,Organic acids and derivatives,Carboxylic acids and derivatives,Carboxylic acid derivatives,Enoate esters,Aliphatic acyclic compounds
QCWXDVFBZVHKLV-UHFFFAOYSA-N,False,Organic compounds,Benzenoids,Benzene and substituted derivatives,Phenylpropanes,Phenylpropanes,Aromatic homomonocyclic compounds
CXKCTMHTOKXKQT-UHFFFAOYSA-N,False,Inorganic compounds,Mixed metal/non-metal compounds,Transition metal organides,Transition metal oxides,Transition metal oxides,
DSSYKIVIOFKYAU-XCBNKYQSSA-N,False,Organic compounds,Lipids and lipid-like molecules,Prenol lipids,Monoterpenoids,Bicyclic monoterpenoids,Aliphatic homopolycyclic compounds
REEZZSHJLXOIHL-UHFFFAOYSA-N,False,Organic compounds,Organohalogen compounds,Acyl halides,Acyl chlorides,Acyl chlorides,Aliphatic acyclic compounds
TWFZGCMQGLPBSX-UHFFFAOYSA-N,False,Organic compounds,Organoheterocyclic compounds,Benzimidazoles,2-benzimidazolylcarbamic acid esters,2-benzimidazolylcarbamic acid esters,Aromatic heteropolycyclic compounds
HFFLGKNGCAIQMO-UHFFFAOYSA-N,False,Organic compounds,Organohalogen compounds,Organochlorides,,Organochlorides,Aliphatic acyclic compounds
PNPCRKVUWYDDST-UHFFFAOYSA-N,False,Organic compounds,Benzenoids,Benzene and substituted derivatives,Aniline and substituted anilines,Aniline and substituted anilines,Aromatic homomonocyclic compounds
FPYUJUBAXZAQNL-UHFFFAOYSA-N,False,Organic compounds,Benzenoids,Benzene and substituted derivatives,Benzoyl derivatives,Benzoyl derivatives,Aromatic homomonocyclic compounds
LULAYUGMBFYYEX-UHFFFAOYSA-N,False,Organic compounds,Benzenoids,Benzene and substituted derivatives,Benzoic acids and derivatives,Halobenzoic acids,Aromatic homomonocyclic compounds
IKCLCGXPQILATA-UHFFFAOYSA-N,False,Organic compounds,Benzenoids,Benzene and substituted derivatives,Benzoic acids and derivatives,Halobenzoic acids,Aromatic homomonocyclic compounds
XRHGYUZYPHTUJZ-UHFFFAOYSA-N,False,Organic compounds,Benzenoids,Benzene and substituted derivatives,Benzoic acids and derivatives,Halobenzoic acids,Aromatic homomonocyclic compounds
OCWGRWAYARCRTQ-UHFFFAOYSA-N,False,Organic compounds,Organic nitrogen compounds,Organonitrogen compounds,Amines,Trialkylamines,Aliphatic acyclic compounds
JTPNRXUCIXHOKM-UHFFFAOYSA-N,False,Organic compounds,Benzenoids,Naphthalenes,Chloronaphthalenes,Chloronaphthalenes,Aromatic homopolycyclic compounds
PFIADAMVCJPXSF-UHFFFAOYSA-N,False,Organic compounds,Benzenoids,Benzene and substituted derivatives,Methoxybenzenes,Dimethoxybenzenes,Aromatic homomonocyclic compounds
HORNXRXVQWOLPJ-UHFFFAOYSA-N,False,Organic compounds,Benzenoids,Phenols,Halophenols,M-chlorophenols,Aromatic homomonocyclic compounds
LAMUXTNQCICZQX-UHFFFAOYSA-N,False,Organic compounds,Organic oxygen compounds,Organooxygen compounds,Alcohols and polyols,Primary alcohols,Aliphatic acyclic compounds
NPDACUSDTOMAMK-UHFFFAOYSA-N,False,Organic compounds,Benzenoids,Benzene and substituted derivatives,Halobenzenes,Chlorobenzenes,Aromatic homomonocyclic compounds
FBSMERQALIEGJT-UHFFFAOYSA-N,False,Organic compounds,Organoheterocyclic compounds,Benzothiazines,Phenothiazines,Phenothiazines,Aromatic heteropolycyclic compounds
KJPRLNWUNMBNBZ-UHFFFAOYSA-N,False,Organic compounds,Phenylpropanoids and polyketides,Cinnamaldehydes,,Cinnamaldehydes,Aromatic homomonocyclic compounds
IAKHMKGGTNLKSZ-INIZCTEOSA-N,False,Organic compounds,Hydrocarbon derivatives,Tropones,,Tropones,Aromatic homopolycyclic compounds
YQHLDYVWEZKEOX-UHFFFAOYSA-N,False,Organic compounds,Benzenoids,Benzene and substituted derivatives,Phenylpropanes,Phenylpropanes,Aromatic homomonocyclic compounds
ZFSLODLOARCGLH-UHFFFAOYSA-N,False,Organic compounds,Organoheterocyclic compounds,Triazines,"1,3,5-triazines","1,3,5-triazines",Aromatic heteromonocyclic compounds
YPHMISFOHDHNIV-FSZOTQKASA-N,False,Organic compounds,Organoheterocyclic compounds,Pyridines and derivatives,Hydropyridines,Tetrahydropyridines,Aliphatic heteromonocyclic compounds
RGSFGYAAUTVSQA-UHFFFAOYSA-N,False,Organic compounds,Hydrocarbons,Saturated hydrocarbons,Cycloalkanes,Cycloalkanes,Aliphatic homomonocyclic compounds
IUQJDHJVPLLKFL-UHFFFAOYSA-N,False,Organic compounds,Benzenoids,Benzene and substituted derivatives,Phenoxyacetic acid derivatives,Chlorophenoxyacetates,
QAYICIQNSGETAS-UHFFFAOYSA-N,False,Organic compounds,Organoheterocyclic compounds,Thiadiazinanes,,Thiadiazinanes,Aliphatic heteromonocyclic compounds
FPAYXBWMYIMERV-UHFFFAOYSA-L,False,Organic compounds,Benzenoids,Anthracenes,Anthraquinones,Anthraquinones,Aromatic homopolycyclic compounds
NNBZCPXTIHJBJL-UHFFFAOYSA-N,False,Organic compounds,Hydrocarbons,Polycyclic hydrocarbons,,Polycyclic hydrocarbons,Aliphatic homopolycyclic compounds
DIOQZVSQGTUSAI-UHFFFAOYSA-N,False,Organic compounds,Hydrocarbons,Saturated hydrocarbons,Alkanes,Alkanes,Aliphatic acyclic compounds
SWXVUIWOUIDPGS-UHFFFAOYSA-N,False,Organic compounds,Organic oxygen compounds,Organooxygen compounds,Carbonyl compounds,Beta-hydroxy ketones,Aliphatic acyclic compounds
DYUWTXWIYMHBQS-UHFFFAOYSA-N,False,Organic compounds,Organic nitrogen compounds,Organonitrogen compounds,Amines,Dialkylamines,Aliphatic acyclic compounds
JACMPVXHEARCBO-UHFFFAOYSA-N,False,Organic compounds,Organic nitrogen compounds,Organonitrogen compounds,Amines,Dialkylamines,Aliphatic acyclic compounds
GJSGGHOYGKMUPT-UHFFFAOYSA-N,False,Organic compounds,Organoheterocyclic compounds,Benzoxathiins,Phenoxathiins,Phenoxathiins,Aromatic heteropolycyclic compounds
NDSBDLSWTGLNQA-UHFFFAOYSA-N,False,Organic compounds,Organic nitrogen compounds,Organonitrogen compounds,Organic cyanides,Nitriles,Aliphatic acyclic compounds
DHVLDKHFGIVEIP-UHFFFAOYSA-N,False,Organic compounds,Organic nitrogen compounds,Organonitrogen compounds,Organic cyanides,Nitriles,Aliphatic acyclic compounds
JQVDAXLFBXTEQA-UHFFFAOYSA-N,False,Organic compounds,Organic nitrogen compounds,Organonitrogen compounds,Amines,Dialkylamines,Aliphatic acyclic compounds
IWSZDQRGNFLMJS-UHFFFAOYSA-N,False,Organic compounds,Organic nitrogen compounds,Organonitrogen compounds,Amines,"1,2-aminoalcohols",Aliphatic acyclic compounds
KQCMTOWTPBNWDB-UHFFFAOYSA-N,False,Organic compounds,Benzenoids,Benzene and substituted derivatives,Halobenzenes,Dichlorobenzenes,Aromatic homomonocyclic compounds
AVYGCQXNNJPXSS-UHFFFAOYSA-N,False,Organic compounds,Benzenoids,Benzene and substituted derivatives,Halobenzenes,Dichlorobenzenes,Aromatic homomonocyclic compounds
ZWUSBSHBFFPRNE-UHFFFAOYSA-N,False,Organic compounds,Benzenoids,Benzene and substituted derivatives,Halobenzenes,Dichlorobenzenes,Aromatic homomonocyclic compounds
ATCRIUVQKHMXSH-UHFFFAOYSA-N,False,Organic compounds,Benzenoids,Benzene and substituted derivatives,Benzoic acids and derivatives,Dichlorobenzoic acids,Aromatic homomonocyclic compounds
MRUDNSFOFOQZDA-UHFFFAOYSA-N,False,Organic compounds,Benzenoids,Benzene and substituted derivatives,Benzoic acids and derivatives,Dichlorobenzoic acids,Aromatic homomonocyclic compounds
KEQGZUUPPQEDPF-UHFFFAOYSA-N,False,Organic compounds,Organoheterocyclic compounds,Azolidines,Imidazolidines,Hydantoins,Aliphatic heteromonocyclic compounds
GPAPPPVRLPGFEQ-UHFFFAOYSA-N,False,Organic compounds,Benzenoids,Benzene and substituted derivatives,Benzenesulfonyl compounds,Benzenesulfonyl compounds,Aromatic homomonocyclic compounds
KFUSEUYYWQURPO-UHFFFAOYSA-N,False,Organic compounds,Organohalogen compounds,Vinyl halides,Vinyl chlorides,Vinyl chlorides,Aliphatic acyclic compounds
MSFGZHUJTJBYFA-UHFFFAOYSA-M,False,Organic compounds,Organoheterocyclic compounds,Triazines,Triazinones,Triazinones,Aromatic heteromonocyclic compounds
CMVQZRLQEOAYSW-UHFFFAOYSA-N,False,Organic compounds,Benzenoids,Benzene and substituted derivatives,Nitrobenzenes,Nitrobenzenes,Aromatic homomonocyclic compounds
QUIMTLZDMCNYGY-UHFFFAOYSA-N,False,Organic compounds,Benzenoids,Benzene and substituted derivatives,Nitrobenzenes,Nitrobenzenes,Aromatic homomonocyclic compounds
NTBYINQTYWZXLH-UHFFFAOYSA-N,False,Organic compounds,Benzenoids,Benzene and substituted derivatives,Nitrobenzenes,Nitrobenzenes,Aromatic homomonocyclic compounds
UMPSXRYVXUPCOS-UHFFFAOYSA-N,False,Organic compounds,Benzenoids,Benzene and substituted derivatives,Halobenzenes,Dichlorobenzenes,Aromatic homomonocyclic compounds
RANCECPPZPIPNO-UHFFFAOYSA-N,False,Organic compounds,Benzenoids,Benzene and substituted derivatives,Halobenzenes,Dichlorobenzenes,Aromatic homomonocyclic compounds
HOLHYSJJBXSLMV-UHFFFAOYSA-N,False,Organic compounds,Benzenoids,Benzene and substituted derivatives,Halobenzenes,Dichlorobenzenes,Aromatic homomonocyclic compounds
WDNBURPWRNALGP-UHFFFAOYSA-N,False,Organic compounds,Benzenoids,Benzene and substituted derivatives,Halobenzenes,Dichlorobenzenes,Aromatic homomonocyclic compounds
VPOMSPZBQMDLTM-UHFFFAOYSA-N,False,Organic compounds,Benzenoids,Benzene and substituted derivatives,Halobenzenes,Dichlorobenzenes,Aromatic homomonocyclic compounds
DEWLEGDTCGBNGU-UHFFFAOYSA-N,False,Organic compounds,Organohalogen compounds,Halohydrins,Chlorohydrins,Chlorohydrins,Aliphatic acyclic compounds
FALCMQXTWHPRIH-UHFFFAOYSA-N,False,Organic compounds,Organohalogen compounds,Vinyl halides,Vinyl chlorides,Vinyl chlorides,Aliphatic acyclic compounds
XBPCUCUWBYBCDP-UHFFFAOYSA-N,False,Organic compounds,Organic nitrogen compounds,Organonitrogen compounds,Cyclohexylamines,Cyclohexylamines,Aliphatic homomonocyclic compounds
HECLRDQVFMWTQS-UHFFFAOYSA-N,False,Organic compounds,Hydrocarbons,Polycyclic hydrocarbons,,Polycyclic hydrocarbons,Aliphatic homopolycyclic compounds
PZIMIYVOZBTARW-UHFFFAOYSA-N,False,Organic compounds,Benzenoids,Benzene and substituted derivatives,N-phenylureas,N-phenylureas,Aromatic homomonocyclic compounds
KZVBBTZJMSWGTK-UHFFFAOYSA-N,False,Organic compounds,Organic oxygen compounds,Organooxygen compounds,Ethers,Dialkyl ethers,Aliphatic acyclic compounds
RRQYJINTUHWNHW-UHFFFAOYSA-N,False,Organic compounds,Organic oxygen compounds,Organooxygen compounds,Ethers,Dialkyl ethers,Aliphatic acyclic compounds
SBASXUCJHJRPEV-UHFFFAOYSA-N,False,Organic compounds,Organic oxygen compounds,Organooxygen compounds,Ethers,Dialkyl ethers,Aliphatic acyclic compounds
RPNUMPOLZDHAAY-UHFFFAOYSA-N,False,Organic compounds,Organic nitrogen compounds,Organonitrogen compounds,Amines,Dialkylamines,Aliphatic acyclic compounds
AATNZNJRDOVKDD-UHFFFAOYSA-N,False,Organic compounds,Organic acids and derivatives,Organic phosphonic acids and derivatives,Phosphonic acid diesters,Dialkyl alkylphosphonates,Aliphatic acyclic compounds
SAIKULLUBZKPDA-UHFFFAOYSA-N,False,Organic compounds,Organic nitrogen compounds,Organonitrogen compounds,Amines,Dialkylamines,Aliphatic acyclic compounds
CEPCPXLLFXPZGW-UHFFFAOYSA-N,False,Organic compounds,Benzenoids,Benzene and substituted derivatives,Aniline and substituted anilines,Aniline and substituted anilines,Aromatic homomonocyclic compounds
KCXZNSGUUQJJTR-UHFFFAOYSA-N,False,Organic compounds,Benzenoids,Benzene and substituted derivatives,Benzoic acids and derivatives,Benzoic acid esters,Aromatic homomonocyclic compounds
UIAFKZKHHVMJGS-UHFFFAOYSA-N,False,Organic compounds,Benzenoids,Benzene and substituted derivatives,Benzoic acids and derivatives,Hydroxybenzoic acid derivatives,Aromatic homomonocyclic compounds
QNVWGEJMXOQQPM-UHFFFAOYSA-N,False,Organic compounds,Phenylpropanoids and polyketides,Coumarins and derivatives,Hydroxycoumarins,7-hydroxycoumarins,Aromatic heteropolycyclic compounds
NJBCRXCAPCODGX-UHFFFAOYSA-N,False,Organic compounds,Organic nitrogen compounds,Organonitrogen compounds,Amines,Dialkylamines,Aliphatic acyclic compounds
PTTPXKJBFFKCEK-UHFFFAOYSA-N,False,Organic compounds,Organic oxygen compounds,Organooxygen compounds,Carbonyl compounds,Ketones,Aliphatic acyclic compounds
UAOMVDZJSHZZME-UHFFFAOYSA-N,False,Organic compounds,Organic nitrogen compounds,Organonitrogen compounds,Amines,Dialkylamines,Aliphatic acyclic compounds
JRBJSXQPQWSCCF-UHFFFAOYSA-N,False,Organic compounds,Benzenoids,Benzene and substituted derivatives,Biphenyls and derivatives,"3,3'-disubstituted benzidines",Aromatic homomonocyclic compounds
DPBJAVGHACCNRL-UHFFFAOYSA-N,False,Organic compounds,Organic acids and derivatives,Carboxylic acids and derivatives,Acrylic acids and derivatives,Acrylic acid esters,Aliphatic acyclic compounds
WQOXQRCZOLPYPM-UHFFFAOYSA-N,False,Organic compounds,Organosulfur compounds,Organic disulfides,Dialkyldisulfides,Dialkyldisulfides,Aliphatic acyclic compounds
FVHAWXWFPBPFOS-UHFFFAOYSA-N,False,Organic compounds,Benzenoids,Benzene and substituted derivatives,Nitrobenzenes,Nitrobenzenes,Aromatic homomonocyclic compounds
HFZKOYWDLDYELC-UHFFFAOYSA-N,False,Organic compounds,Benzenoids,Benzene and substituted derivatives,Nitrobenzenes,Nitrobenzenes,Aromatic homomonocyclic compounds
BSFHJMGROOFSRA-UHFFFAOYSA-N,False,Organic compounds,Benzenoids,Benzene and substituted derivatives,Nitrobenzenes,Nitrobenzenes,Aromatic homomonocyclic compounds
CMEWLCATCRTSGF-UHFFFAOYSA-N,False,Organic compounds,Organic nitrogen compounds,Organonitrogen compounds,Amines,Dialkylarylamines,Aromatic homomonocyclic compounds
QWBBPBRQALCEIZ-UHFFFAOYSA-N,False,Organic compounds,Benzenoids,Phenols,Cresols,Ortho cresols,Aromatic homomonocyclic compounds
NKTOLZVEWDHZMU-UHFFFAOYSA-N,False,Organic compounds,Benzenoids,Benzene and substituted derivatives,Xylenes,p-Xylenols,Aromatic homomonocyclic compounds
TUAMRELNJMMDMT-UHFFFAOYSA-N,False,Organic compounds,Benzenoids,Phenols,Cresols,Meta cresols,Aromatic homomonocyclic compounds
BZORFPDSXLZWJF-UHFFFAOYSA-N,False,Organic compounds,Organic nitrogen compounds,Organonitrogen compounds,Amines,Dialkylarylamines,Aromatic homomonocyclic compounds
KKUKTXOBAWVSHC-UHFFFAOYSA-N,False,Organic compounds,Organic acids and derivatives,Organic phosphoric acids and derivatives,Phosphate esters,Dialkyl phosphates,Aliphatic acyclic compounds
MGJKQDOBUOMPEZ-UHFFFAOYSA-N,False,Organic compounds,Organic acids and derivatives,Organic carbonic acids and derivatives,Ureas,Ureas,Aliphatic acyclic compounds
QAPVYZRWKDXNDK-UHFFFAOYSA-N,False,Organic compounds,Benzenoids,Benzene and substituted derivatives,Aniline and substituted anilines,Aniline and substituted anilines,Aromatic homomonocyclic compounds
GWEHVDNNLFDJLR-UHFFFAOYSA-N,False,Organic compounds,Benzenoids,Benzene and substituted derivatives,,Benzene and substituted derivatives,Aromatic homomonocyclic compounds
WEHWNAOGRSTTBQ-UHFFFAOYSA-N,False,Organic compounds,Organic nitrogen compounds,Organonitrogen compounds,Amines,Dialkylamines,Aliphatic acyclic compounds
WHPNHQRWWMLKPJ-UHFFFAOYSA-N,False,Organic compounds,Benzenoids,Anthracenes,Anthraquinones,Anthraquinones,Aromatic homopolycyclic compounds
YCZJVRCZIPDYHH-UHFFFAOYSA-N,False,Organic compounds,Benzenoids,Benzene and substituted derivatives,Benzoic acids and derivatives,Benzoic acid esters,Aromatic homomonocyclic compounds
QQVHEQUEHCEAKS-UHFFFAOYSA-N,False,Organic compounds,Benzenoids,Benzene and substituted derivatives,Benzoic acids and derivatives,Benzoic acid esters,Aromatic homomonocyclic compounds
DDXORDQKGIZAME-UHFFFAOYSA-N,False,Organic compounds,Benzenoids,Benzene and substituted derivatives,Benzylethers,Benzylethers,Aromatic heteromonocyclic compounds
AVOLMBLBETYQHX-UHFFFAOYSA-N,False,Organic compounds,Benzenoids,Benzene and substituted derivatives,Phenoxyacetic acid derivatives,Chlorophenoxyacetates,Aromatic homomonocyclic compounds
OJGMBLNIHDZDGS-UHFFFAOYSA-N,False,Organic compounds,Organic nitrogen compounds,Organonitrogen compounds,Amines,Phenylalkylamines,Aromatic homomonocyclic compounds
TWLLPUMZVVGILS-UHFFFAOYSA-N,False,Organic compounds,Benzenoids,Benzene and substituted derivatives,Benzoic acids and derivatives,Benzoic acid esters,Aromatic homomonocyclic compounds
LGYNIFWIKSEESD-UHFFFAOYSA-N,False,Organic compounds,Organic oxygen compounds,Organooxygen compounds,Carbonyl compounds,Medium-chain aldehydes,Aliphatic acyclic compounds
RWLALWYNXFYRGW-UHFFFAOYSA-N,False,Organic compounds,Lipids and lipid-like molecules,Fatty Acyls,Fatty alcohols,Fatty alcohols,Aliphatic acyclic compounds
OBETXYAYXDNJHR-UHFFFAOYSA-N,False,Organic compounds,Lipids and lipid-like molecules,Fatty Acyls,Fatty acids and conjugates,Medium-chain fatty acids,Aliphatic acyclic compounds
PYLMCYQHBRSDND-UHFFFAOYSA-N,False,Organic compounds,Organic oxygen compounds,Organooxygen compounds,Carbonyl compounds,Medium-chain aldehydes,Aliphatic acyclic compounds
GOXQRTZXKQZDDN-UHFFFAOYSA-N,False,Organic compounds,Organic acids and derivatives,Carboxylic acids and derivatives,Acrylic acids and derivatives,Acrylic acid esters,Aliphatic acyclic compounds
LTHNHFOGQMKPOV-UHFFFAOYSA-N,False,Organic compounds,Organic nitrogen compounds,Organonitrogen compounds,Amines,Monoalkylamines,Aliphatic acyclic compounds
CGSLYBDCEGBZCG-UHFFFAOYSA-N,False,Organic compounds,Organic acids and derivatives,Organic phosphoric acids and derivatives,Phosphate esters,Aryl phosphotriesters,Aromatic homomonocyclic compounds
BBBUAWSVILPJLL-UHFFFAOYSA-N,False,Organic compounds,Organoheterocyclic compounds,Epoxides,,Epoxides,Aliphatic heteromonocyclic compounds
YBGZDTIWKVFICR-UHFFFAOYSA-N,False,Organic compounds,Phenylpropanoids and polyketides,Cinnamic acids and derivatives,Cinnamic acid esters,Cinnamic acid esters,Aromatic homomonocyclic compounds
SUPCQIBBMFXVTL-UHFFFAOYSA-N,False,Organic compounds,Organic acids and derivatives,Carboxylic acids and derivatives,Carboxylic acid derivatives,Enoate esters,Aliphatic acyclic compounds
PLUBXMRUUVWRLT-UHFFFAOYSA-N,False,Organic compounds,Organic acids and derivatives,Organic sulfonic acids and derivatives,Organosulfonic acids and derivatives,Organosulfonic acid esters,Aliphatic acyclic compounds
JLIDVCMBCGBIEY-UHFFFAOYSA-N,False,Organic compounds,Organic oxygen compounds,Organooxygen compounds,Carbonyl compounds,Enones,Aliphatic acyclic compounds
RGPLGPBQJOQFJS-UHFFFAOYSA-L,False,Organic compounds,Organoheterocyclic compounds,Benzopyrans,1-benzopyrans,Xanthenes,Aromatic heteropolycyclic compounds
PYLWMHQQBFSUBP-UHFFFAOYSA-N,False,Organic compounds,Benzenoids,Benzene and substituted derivatives,Halobenzenes,Fluorobenzenes,Aromatic homomonocyclic compounds
XPFVYQJUAUNWIW-UHFFFAOYSA-N,False,Organic compounds,Organoheterocyclic compounds,Heteroaromatic compounds,,Heteroaromatic compounds,Aromatic heteromonocyclic compounds
SXRSQZLOMIGNAQ-UHFFFAOYSA-N,False,Organic compounds,Organic oxygen compounds,Organooxygen compounds,Carbonyl compounds,Alpha-hydrogen aldehydes,Aliphatic acyclic compounds
LEQAOMBKQFMDFZ-UHFFFAOYSA-N,False,Organic compounds,Organic oxygen compounds,Organooxygen compounds,Carbonyl compounds,Short-chain aldehydes,Aliphatic acyclic compounds
XPDVQPODLRGWPL-UHFFFAOYSA-N,False,Organic compounds,Benzenoids,Benzene and substituted derivatives,Benzenesulfonamides,Benzenesulfonamides,Aromatic homomonocyclic compounds
FJLUATLTXUNBOT-UHFFFAOYSA-N,False,Organic compounds,Organic nitrogen compounds,Organonitrogen compounds,Amines,Monoalkylamines,Aliphatic acyclic compounds
HUHGPYXAVBJSJV-UHFFFAOYSA-N,False,Organic compounds,Organoheterocyclic compounds,Triazinanes,"1,3,5-triazinanes","1,3,5-triazinanes",Aliphatic heteromonocyclic compounds
LIKMAJRDDDTEIG-UHFFFAOYSA-N,False,Organic compounds,Hydrocarbons,Unsaturated hydrocarbons,Unsaturated aliphatic hydrocarbons,Unsaturated aliphatic hydrocarbons,Aliphatic acyclic compounds
VDEUYMSGMPQMIK-UHFFFAOYSA-N,False,Organic compounds,Benzenoids,Benzene and substituted derivatives,Benzoic acids and derivatives,Benzoic acids and derivatives,Aromatic homomonocyclic compounds
VGYYSIDKAKXZEE-UHFFFAOYSA-L,False,Inorganic compounds,Homogeneous non-metal compounds,Non-metal oxoanionic compounds,Non-metal sulfates,Non-metal sulfates,
MWFMGBPGAXYFAR-UHFFFAOYSA-N,False,Organic compounds,Organic oxygen compounds,Organooxygen compounds,Alcohols and polyols,Tertiary alcohols,Aliphatic acyclic compounds
WOFDVDFSGLBFAC-UHFFFAOYSA-N,False,Organic compounds,Organic nitrogen compounds,Organonitrogen compounds,Organic cyanides,Cyanohydrins,Aliphatic acyclic compounds
JDNTWHVOXJZDSN-UHFFFAOYSA-N,False,Organic compounds,Organic acids and derivatives,Carboxylic acids and derivatives,Alpha-halocarboxylic acids and derivatives,Alpha-halocarboxylic acids,Aliphatic acyclic compounds
MLFHJEHSLIIPHL-UHFFFAOYSA-N,False,Organic compounds,Organic acids and derivatives,Carboxylic acids and derivatives,Carboxylic acid derivatives,Carboxylic acid esters,Aliphatic acyclic compounds
KDSNLYIMUZNERS-UHFFFAOYSA-N,False,Organic compounds,Organic nitrogen compounds,Organonitrogen compounds,Amines,Monoalkylamines,Aliphatic acyclic compounds
JMMWKPVZQRWMSS-UHFFFAOYSA-N,False,Organic compounds,Organic acids and derivatives,Carboxylic acids and derivatives,Carboxylic acid derivatives,Carboxylic acid esters,Aliphatic acyclic compounds
FRCFWPVMFJMNDP-UHFFFAOYSA-N,False,Organic compounds,Organic nitrogen compounds,Organonitrogen compounds,Amines,Phenylisopropylamines,Aromatic homomonocyclic compounds
IROWCYIEJAOFOW-UHFFFAOYSA-N,False,Organic compounds,Benzenoids,Phenols,Benzenediols,Catechols,Aromatic homomonocyclic compounds
YAYNEUUHHLGGAH-UHFFFAOYSA-N,False,Organic compounds,Organohalogen compounds,Organochlorides,,Organochlorides,Aliphatic acyclic compounds
CDOSHBSSFJOMGT-UHFFFAOYSA-N,False,Organic compounds,Lipids and lipid-like molecules,Prenol lipids,Monoterpenoids,Acyclic monoterpenoids,Aliphatic acyclic compounds
OYHQOLUKZRVURQ-HZJYTTRNSA-N,False,Organic compounds,Lipids and lipid-like molecules,Fatty Acyls,Lineolic acids and derivatives,Lineolic acids and derivatives,Aliphatic acyclic compounds
KWGKDLIKAYFUFQ-UHFFFAOYSA-M,False,Inorganic compounds,Mixed metal/non-metal compounds,Alkali metal salts,Alkali metal chlorides,Alkali metal chlorides,
FDZZZRQASAIRJF-UHFFFAOYSA-M,False,Organic compounds,Benzenoids,Benzene and substituted derivatives,Diphenylmethanes,Diphenylmethanes,Aromatic homomonocyclic compounds
CNYGFPPAGUCRIC-UHFFFAOYSA-L,False,Organic compounds,Benzenoids,Benzene and substituted derivatives,Diphenylmethanes,Diphenylmethanes,
RTKIYNMVFMVABJ-UHFFFAOYSA-L,False,Organic compounds,Benzenoids,Benzene and substituted derivatives,Benzoic acids and derivatives,O-sulfanylbenzoic acids,
PMCVMORKVPSKHZ-UHFFFAOYSA-N,False,Organic compounds,Organosulfur compounds,Sulfoxides,,Sulfoxides,Aliphatic acyclic compounds
CERQOIWHTDAKMF-UHFFFAOYSA-N,False,Organic compounds,Organic acids and derivatives,Carboxylic acids and derivatives,Carboxylic acids,Carboxylic acids,Aliphatic acyclic compounds
XLLIQLLCWZCATF-UHFFFAOYSA-N,False,Organic compounds,Organic acids and derivatives,Carboxylic acids and derivatives,Carboxylic acid derivatives,Carboxylic acid esters,Aliphatic acyclic compounds
NKDDWNXOKDWJAK-UHFFFAOYSA-N,False,Organic compounds,Organic oxygen compounds,Organooxygen compounds,Ethers,Acetals,Aliphatic acyclic compounds
ZVNPWFOVUDMGRP-UHFFFAOYSA-N,False,Organic compounds,Organic nitrogen compounds,Organonitrogen compounds,Amines,Phenylalkylamines,
VAMXMNNIEUEQDV-UHFFFAOYSA-N,False,Organic compounds,Benzenoids,Benzene and substituted derivatives,Benzoic acids and derivatives,Benzoic acid esters,Aromatic homomonocyclic compounds
QPJVMBTYPHYUOC-UHFFFAOYSA-N,False,Organic compounds,Benzenoids,Benzene and substituted derivatives,Benzoic acids and derivatives,Benzoic acid esters,Aromatic homomonocyclic compounds
FXFYOPQLGGEACP-UHFFFAOYSA-N,False,Organic compounds,Phenylpropanoids and polyketides,Coumarins and derivatives,,Coumarins and derivatives,Aromatic heteropolycyclic compounds
JWZXKXIUSSIAMR-UHFFFAOYSA-N,False,Organic compounds,Organosulfur compounds,Thioacetals,Dithioacetals,Dithioacetals,Aliphatic acyclic compounds
ZYEMGPIYFIJGTP-UHFFFAOYSA-N,False,Organic compounds,Benzenoids,Benzene and substituted derivatives,Methoxybenzenes,Dimethoxybenzenes,Aromatic homomonocyclic compounds
VQKFNUFAXTZWDK-UHFFFAOYSA-N,False,Organic compounds,Organoheterocyclic compounds,Heteroaromatic compounds,,Heteroaromatic compounds,Aromatic heteromonocyclic compounds
HFCFJYRLBAANKN-UHFFFAOYSA-N,False,Organic compounds,Benzenoids,Benzene and substituted derivatives,Nitrobenzenes,Nitrobenzenes,Aromatic homomonocyclic compounds
XTTIQGSLJBWVIV-UHFFFAOYSA-N,False,Organic compounds,Benzenoids,Benzene and substituted derivatives,Nitrobenzenes,Nitrobenzenes,Aromatic homomonocyclic compounds
FCMRHMPITHLLLA-UHFFFAOYSA-N,False,Organic compounds,Benzenoids,Benzene and substituted derivatives,Nitrobenzenes,Nitrobenzenes,Aromatic homomonocyclic compounds
DLURHXYXQYMPLT-UHFFFAOYSA-N,False,Organic compounds,Benzenoids,Benzene and substituted derivatives,Nitrobenzenes,Nitrobenzenes,Aromatic homomonocyclic compounds
GDIIPKWHAQGCJF-UHFFFAOYSA-N,False,Organic compounds,Benzenoids,Benzene and substituted derivatives,Nitrobenzenes,Nitrobenzenes,Aromatic homomonocyclic compounds
IGDYNWKWXUCIJB-UHFFFAOYSA-N,False,Organic compounds,Benzenoids,Benzene and substituted derivatives,Nitrobenzenes,Nitrobenzenes,Aromatic homomonocyclic compounds
HSHNITRMYYLLCV-UHFFFAOYSA-N,False,Organic compounds,Phenylpropanoids and polyketides,Coumarins and derivatives,Hydroxycoumarins,7-hydroxycoumarins,Aromatic heteropolycyclic compounds
FUSUHKVFWTUUBE-UHFFFAOYSA-N,False,Organic compounds,Organic oxygen compounds,Organooxygen compounds,Carbonyl compounds,Enones,Aliphatic acyclic compounds
QUSNBJAOOMFDIB-UHFFFAOYSA-N,False,Organic compounds,Organic nitrogen compounds,Organonitrogen compounds,Amines,Monoalkylamines,Aliphatic acyclic compounds
DJDSLBVSSOQSLW-UHFFFAOYSA-N,False,Organic compounds,Benzenoids,Benzene and substituted derivatives,Benzoic acids and derivatives,Benzoic acid esters,Aromatic homomonocyclic compounds
JJWLVOIRVHMVIS-UHFFFAOYSA-N,False,Organic compounds,Organic nitrogen compounds,Organonitrogen compounds,Amines,Monoalkylamines,Aliphatic acyclic compounds
BAVYZALUXZFZLV-UHFFFAOYSA-N,False,Organic compounds,Organic nitrogen compounds,Organonitrogen compounds,Amines,Monoalkylamines,Aliphatic acyclic compounds
JITOKQVGRJSHHA-UHFFFAOYSA-M,False,Organic compounds,Organometallic compounds,Organometalloid compounds,Organoarsenic compounds,Pentaorganoarsanes,Aliphatic acyclic compounds
YNAVUWVOSKDBBP-UHFFFAOYSA-N,False,Organic compounds,Organoheterocyclic compounds,Oxazinanes,Morpholines,Morpholines,Aliphatic heteromonocyclic compounds
SUAUILGSCPYJCS-UHFFFAOYSA-N,False,Organic compounds,Benzenoids,Benzene and substituted derivatives,Toluenes,Dinitrotoluenes,Aromatic homomonocyclic compounds
WXCMHFPAUCOJIG-UHFFFAOYSA-N,False,Organic compounds,Organic oxygen compounds,Organooxygen compounds,Carbonyl compounds,Alkyl-phenylketones,Aromatic homomonocyclic compounds
RACMGQBQYYWANW-UHFFFAOYSA-N,False,Organic compounds,Benzenoids,Naphthalenes,,Naphthalenes,Aromatic homopolycyclic compounds
JBDOSUUXMYMWQH-UHFFFAOYSA-N,False,Organic compounds,Benzenoids,Naphthalenes,,Naphthalenes,Aromatic homopolycyclic compounds
XJCVRTZCHMZPBD-UHFFFAOYSA-N,False,Organic compounds,Benzenoids,Benzene and substituted derivatives,Nitrobenzenes,Nitrobenzenes,Aromatic homomonocyclic compounds
DPJCXCZTLWNFOH-UHFFFAOYSA-N,False,Organic compounds,Benzenoids,Benzene and substituted derivatives,Nitrobenzenes,Nitrobenzenes,Aromatic homomonocyclic compounds
SKDHHIUENRGTHK-UHFFFAOYSA-N,False,Organic compounds,Benzenoids,Benzene and substituted derivatives,Nitrobenzenes,Nitrobenzenes,Aromatic homomonocyclic compounds
KGCNHWXDPDPSBV-UHFFFAOYSA-N,False,Organic compounds,Benzenoids,Benzene and substituted derivatives,Nitrobenzenes,Nitrobenzenes,Aromatic homomonocyclic compounds
QZIQJVCYUQZDIR-UHFFFAOYSA-N,False,Organic compounds,Organic nitrogen compounds,Organonitrogen compounds,Nitrogen mustard compounds,Nitrogen mustard compounds,Aliphatic acyclic compounds
RTZZCYNQPHTPPL-UHFFFAOYSA-N,False,Organic compounds,Benzenoids,Phenols,Nitrophenols,Nitrophenols,Aromatic homomonocyclic compounds
PLAZTCDQAHEYBI-UHFFFAOYSA-N,False,Organic compounds,Benzenoids,Benzene and substituted derivatives,Nitrobenzenes,Nitrobenzenes,Aromatic homomonocyclic compounds
FOIBFBMSLDGNHL-UHFFFAOYSA-N,False,Organic compounds,Organoheterocyclic compounds,Benzodioxins,Benzo-p-dioxins,Chlorinated dibenzo-p-dioxins,Aromatic heteropolycyclic compounds
RTNLUFLDZOAXIC-UHFFFAOYSA-N,False,Organic compounds,Benzenoids,Naphthalenes,Chloronaphthalenes,Chloronaphthalenes,Aromatic homopolycyclic compounds
REYJJPSVUYRZGE-UHFFFAOYSA-N,False,Organic compounds,Organic nitrogen compounds,Organonitrogen compounds,Amines,Monoalkylamines,Aliphatic acyclic compounds
KWKAKUADMBZCLK-UHFFFAOYSA-N,False,Organic compounds,Hydrocarbons,Unsaturated hydrocarbons,Unsaturated aliphatic hydrocarbons,Unsaturated aliphatic hydrocarbons,Aliphatic acyclic compounds
JPMIIZHYYWMHDT-UHFFFAOYSA-N,False,Organic compounds,Organoheterocyclic compounds,Azoles,Thiazoles,Thiazoles,Aromatic heteromonocyclic compounds
ZQPPMHVWECSIRJ-KTKRTIGZSA-N,False,Organic compounds,Lipids and lipid-like molecules,Fatty Acyls,Fatty acids and conjugates,Long-chain fatty acids,Aliphatic acyclic compounds
PXQPEWDEAKTCGB-UHFFFAOYSA-N,False,Organic compounds,Organoheterocyclic compounds,Diazines,Pyrimidines and pyrimidine derivatives,Pyrimidinecarboxylic acids,Aromatic heteromonocyclic compounds
UQZKYYIKWZOKKD-UHFFFAOYSA-N,False,Organic compounds,Benzenoids,Benzene and substituted derivatives,Diphenylmethanes,Diphenylmethanes,Aromatic homomonocyclic compounds
MUBZPKHOEPUJKR-UHFFFAOYSA-N,False,Organic compounds,Organic acids and derivatives,Carboxylic acids and derivatives,Dicarboxylic acids and derivatives,Dicarboxylic acids and derivatives,Aliphatic acyclic compounds
OZHJEQVYCBTHJT-UHFFFAOYSA-N,False,Organic compounds,Benzenoids,Benzene and substituted derivatives,Halobenzenes,Bromobenzenes,Aromatic homomonocyclic compounds
OFBQJSOFQDEBGM-UHFFFAOYSA-N,False,Organic compounds,Hydrocarbons,Saturated hydrocarbons,Alkanes,Alkanes,Aliphatic acyclic compounds
KFSLWBXXFJQRDL-UHFFFAOYSA-N,False,Organic compounds,Organic acids and derivatives,Carboxylic acids and derivatives,Peroxycarboxylic acids and derivatives,Peroxycarboxylic acids,Aliphatic acyclic compounds
DGEZNRSVGBDHLK-UHFFFAOYSA-N,False,Organic compounds,Organoheterocyclic compounds,Phenanthrolines,,Phenanthrolines,Aromatic heteropolycyclic compounds
LCPDWSOZIOUXRV-UHFFFAOYSA-N,False,Organic compounds,Benzenoids,Benzene and substituted derivatives,Phenoxyacetic acid derivatives,Phenoxyacetic acid derivatives,Aromatic homomonocyclic compounds
GEYOCULIXLDCMW-UHFFFAOYSA-N,False,Organic compounds,Benzenoids,Benzene and substituted derivatives,Aniline and substituted anilines,Aniline and substituted anilines,Aromatic homomonocyclic compounds
XQVWYOYUZDUNRW-UHFFFAOYSA-N,False,Organic compounds,Benzenoids,Naphthalenes,,Naphthalenes,Aromatic homopolycyclic compounds
ATGUVEKSASEFFO-UHFFFAOYSA-N,False,Organic compounds,Benzenoids,Benzene and substituted derivatives,Aniline and substituted anilines,Aniline and substituted anilines,Aromatic homomonocyclic compounds
OXNIZHLAWKMVMX-UHFFFAOYSA-N,False,Organic compounds,Benzenoids,Phenols,Nitrophenols,Nitrophenols,Aromatic homomonocyclic compounds
RZKYEQDPDZUERB-UHFFFAOYSA-N,False,Organic compounds,Benzenoids,Indanes,Indanones,Indanediones,Aromatic homopolycyclic compounds
IOLCXVTUBQKXJR-UHFFFAOYSA-M,False,Inorganic compounds,Mixed metal/non-metal compounds,Alkali metal salts,Alkali metal bromides,Alkali metal bromides,
KMUONIBRACKNSN-UHFFFAOYSA-N,False,Inorganic compounds,Mixed metal/non-metal compounds,Miscellaneous mixed metal/non-metals,Miscellaneous metallic oxoanionic compounds,Miscellaneous chromates,
MLICVSDCCDDWMD-KVVVOXFISA-M,False,Organic compounds,Lipids and lipid-like molecules,Fatty Acyls,Fatty acids and conjugates,Long-chain fatty acids,Aliphatic acyclic compounds
XBDQKXXYIPTUBI-UHFFFAOYSA-N,False,Organic compounds,Organic acids and derivatives,Carboxylic acids and derivatives,Carboxylic acids,Carboxylic acids,Aliphatic acyclic compounds
NZGWDASTMWDZIW-MRVPVSSYSA-N,False,Organic compounds,Lipids and lipid-like molecules,Prenol lipids,Monoterpenoids,Menthane monoterpenoids,Aliphatic homomonocyclic compounds
WQGWDDDVZFFDIG-UHFFFAOYSA-N,False,Organic compounds,Benzenoids,Phenols,Benzenetriols and derivatives,5-unsubstituted pyrrogallols,Aromatic homomonocyclic compounds
YZHUMGUJCQRKBT-UHFFFAOYSA-M,False,Inorganic compounds,Mixed metal/non-metal compounds,Alkali metal oxoanionic compounds,Alkali metal chlorates,Alkali metal chlorates,
DBMJMQXJHONAFJ-UHFFFAOYSA-M,False,Organic compounds,Organic acids and derivatives,Organic sulfuric acids and derivatives,Sulfuric acid esters,Sulfuric acid monoesters,Aliphatic acyclic compounds
VLDHWMAJBNWALQ-UHFFFAOYSA-M,False,Organic compounds,Organoheterocyclic compounds,Benzothiazoles,,Benzothiazoles,Aromatic heteropolycyclic compounds
BNIILDVGGAEEIG-UHFFFAOYSA-L,False,Inorganic compounds,Mixed metal/non-metal compounds,Alkali metal oxoanionic compounds,Alkali metal phosphates,Alkali metal phosphates,
QTENRWWVYAAPBI-YCRXJPFRSA-N,False,Organic compounds,Organic oxygen compounds,Organooxygen compounds,Carbohydrates and carbohydrate conjugates,Aminocyclitol glycosides,
JLKIGFTWXXRPMT-UHFFFAOYSA-N,False,Organic compounds,Benzenoids,Benzene and substituted derivatives,Benzenesulfonamides,Aminobenzenesulfonamides,Aromatic heteromonocyclic compounds
GECHUMIMRBOMGK-UHFFFAOYSA-N,False,Organic compounds,Benzenoids,Benzene and substituted derivatives,Benzenesulfonamides,Aminobenzenesulfonamides,Aromatic heteromonocyclic compounds
JNMRHUJNCSQMMB-UHFFFAOYSA-N,False,Organic compounds,Benzenoids,Benzene and substituted derivatives,Benzenesulfonamides,Aminobenzenesulfonamides,Aromatic heteromonocyclic compounds
FNEXNZUHBCBQTI-UHFFFAOYSA-N,False,Organic compounds,Benzenoids,Benzene and substituted derivatives,Phenoxyacetic acid derivatives,Phenoxyacetic acid derivatives,Aromatic homomonocyclic compounds
LRBQNJMCXXYXIU-PPKXGCFTSA-N,False,Organic compounds,Phenylpropanoids and polyketides,Tannins,Hydrolyzable tannins,Hydrolyzable tannins,Aromatic heteromonocyclic compounds
KKEYFWRCBNTPAC-UHFFFAOYSA-N,False,Organic compounds,Benzenoids,Benzene and substituted derivatives,Benzoic acids and derivatives,P-phthalic acid and derivatives,Aromatic homomonocyclic compounds
VEORPZCZECFIRK-UHFFFAOYSA-N,False,Organic compounds,Benzenoids,Benzene and substituted derivatives,Diphenylmethanes,Bisphenols,Aromatic homomonocyclic compounds
QHWKHLYUUZGSCW-UHFFFAOYSA-N,False,Organic compounds,Organoheterocyclic compounds,Benzofurans,Benzofuranones,Phthalic anhydrides,Aromatic heteropolycyclic compounds
GBDZXPJXOMHESU-UHFFFAOYSA-N,False,Organic compounds,Benzenoids,Benzene and substituted derivatives,Halobenzenes,Chlorobenzenes,Aromatic homomonocyclic compounds
QZYNWJQFTJXIRN-UHFFFAOYSA-N,False,Organic compounds,Benzenoids,Benzene and substituted derivatives,Halobenzenes,Chlorobenzenes,Aromatic homomonocyclic compounds
MTBYTWZDRVOMBR-UHFFFAOYSA-N,False,Organic compounds,Benzenoids,Benzene and substituted derivatives,Nitrobenzenes,Nitrobenzenes,Aromatic homomonocyclic compounds
XQTLDIFVVHJORV-UHFFFAOYSA-N,False,Organic compounds,Benzenoids,Benzene and substituted derivatives,Nitrobenzenes,Nitrobenzenes,Aromatic homomonocyclic compounds
KEWNKZNZRIAIAK-UHFFFAOYSA-N,False,Organic compounds,Benzenoids,Phenols,Halophenols,O-chlorophenols,Aromatic homomonocyclic compounds
AUHHYELHRWCWEZ-UHFFFAOYSA-N,False,Organic compounds,Organoheterocyclic compounds,Benzofurans,Benzofuranones,Phthalic anhydrides,Aromatic heteropolycyclic compounds
CXWXQJXEFPUFDZ-UHFFFAOYSA-N,False,Organic compounds,Benzenoids,Tetralins,,Tetralins,Aromatic homopolycyclic compounds
XOOGZRUBTYCLHG-UHFFFAOYSA-N,False,Organic compounds,Organometallic compounds,Organo-post-transition metal compounds,Organolead compounds,Tetraorganolead compounds,Aliphatic acyclic compounds
MNOILHPDHOHILI-UHFFFAOYSA-N,False,Organic compounds,Organosulfur compounds,Thioureas,,Thioureas,Aliphatic acyclic compounds
FCSHMCFRCYZTRQ-UHFFFAOYSA-N,False,Organic compounds,Benzenoids,Benzene and substituted derivatives,N-phenylthioureas,N-phenylthioureas,Aromatic homomonocyclic compounds
CWERGRDVMFNCDR-UHFFFAOYSA-N,False,Organic compounds,Organic acids and derivatives,Carboxylic acids and derivatives,Carboxylic acids,alpha-Mercaptocarboxylic acids,Aliphatic acyclic compounds
YTPLMLYBLZKORZ-UHFFFAOYSA-N,False,Organic compounds,Organoheterocyclic compounds,Heteroaromatic compounds,,Heteroaromatic compounds,Aromatic heteromonocyclic compounds
DVKJHBMWWAPEIU-UHFFFAOYSA-N,False,Organic compounds,Benzenoids,Benzene and substituted derivatives,Toluenes,Toluene diisocyanates,Aromatic homomonocyclic compounds
RNVCVTLRINQCPJ-UHFFFAOYSA-N,False,Organic compounds,Benzenoids,Benzene and substituted derivatives,Toluenes,Aminotoluenes,Aromatic homomonocyclic compounds
OOHAUGDGCWURIT-UHFFFAOYSA-N,False,Organic compounds,Organic nitrogen compounds,Organonitrogen compounds,Amines,Trialkylamines,Aliphatic acyclic compounds
IFIDXBCRSWOUSB-UHFFFAOYSA-M,False,Organic compounds,Organoheterocyclic compounds,Triazines,Triazinones,Triazinones,Aromatic heteromonocyclic compounds
IMFACGCPASFAPR-UHFFFAOYSA-N,False,Organic compounds,Organic nitrogen compounds,Organonitrogen compounds,Amines,Trialkylamines,Aliphatic acyclic compounds
LGQXXHMEBUOXRP-UHFFFAOYSA-N,False,Organic compounds,Organic oxygen compounds,Organic oxoanionic compounds,,Organic oxoanionic compounds,Aliphatic acyclic compounds
RELMFMZEBKVZJC-UHFFFAOYSA-N,False,Organic compounds,Benzenoids,Benzene and substituted derivatives,Halobenzenes,Chlorobenzenes,Aromatic homomonocyclic compounds
XKEFYDZQGKAQCN-UHFFFAOYSA-N,False,Organic compounds,Benzenoids,Benzene and substituted derivatives,Halobenzenes,Chlorobenzenes,Aromatic homomonocyclic compounds
KEPNSIARSTUPGS-UHFFFAOYSA-N,False,Organic compounds,Organoheterocyclic compounds,Triazines,Aminotriazines,Aminotriazines,Aromatic heteromonocyclic compounds
BGKIECJVXXHLDP-UHFFFAOYSA-N,False,Organic compounds,Benzenoids,Benzene and substituted derivatives,Nitrobenzenes,Nitrobenzenes,Aromatic homomonocyclic compounds
HSQFVBWFPBKHEB-UHFFFAOYSA-N,False,Organic compounds,Benzenoids,Phenols,Halophenols,P-chlorophenols,Aromatic homomonocyclic compounds
WWGQHTJIFOQAOC-UHFFFAOYSA-N,False,Organic compounds,Benzenoids,Phenols,Halophenols,O-chlorophenols,Aromatic homomonocyclic compounds
XGCHAIDDPMFRLJ-UHFFFAOYSA-N,False,Organic compounds,Benzenoids,Phenols,Halophenols,O-chlorophenols,Aromatic homomonocyclic compounds
GBNHEBQXJVDXSW-UHFFFAOYSA-N,False,Organic compounds,Benzenoids,Phenols,Halophenols,P-chlorophenols,Aromatic homomonocyclic compounds
ICUTUKXCWQYESQ-UHFFFAOYSA-N,False,Organic compounds,Benzenoids,Benzene and substituted derivatives,Halobenzenes,Dichlorobenzenes,Aromatic homomonocyclic compounds
IUCJMVBFZDHPDX-UHFFFAOYSA-N,False,Organic compounds,Organic nitrogen compounds,Organonitrogen compounds,Amines,Dialkylarylamines,Aromatic heteromonocyclic compounds
DQWPFSLDHJDLRL-UHFFFAOYSA-N,False,Organic compounds,Organic acids and derivatives,Organic phosphoric acids and derivatives,Phosphate esters,Trialkyl phosphates,Aliphatic acyclic compounds
WWNNZCOKKKDOPX-UHFFFAOYSA-N,False,Organic compounds,Alkaloids and derivatives,,,Alkaloids and derivatives,Aromatic heteromonocyclic compounds
GETQZCLCWQTVFV-UHFFFAOYSA-N,False,Organic compounds,Organic nitrogen compounds,Organonitrogen compounds,Amines,Trialkylamines,Aliphatic acyclic compounds
ASLWPAWFJZFCKF-UHFFFAOYSA-N,False,Organic compounds,Organic acids and derivatives,Organic phosphoric acids and derivatives,Phosphate esters,Trialkyl phosphates,Aliphatic acyclic compounds
UHOKSCJSTAHBSO-UHFFFAOYSA-N,False,Organic compounds,Organoheterocyclic compounds,Diazanaphthalenes,Benzodiazines,Phenazines and derivatives,Aromatic heteropolycyclic compounds
IVSZLXZYQVIEFR-UHFFFAOYSA-N,False,Organic compounds,Benzenoids,Benzene and substituted derivatives,Xylenes,m-Xylenes,Aromatic homomonocyclic compounds
VVAKEQGKZNKUSU-UHFFFAOYSA-N,False,Organic compounds,Benzenoids,Benzene and substituted derivatives,Xylenes,o-Xylenes,Aromatic homomonocyclic compounds
CZZZABOKJQXEBO-UHFFFAOYSA-N,False,Organic compounds,Benzenoids,Benzene and substituted derivatives,Xylenes,m-Xylenes,Aromatic homomonocyclic compounds
UFFBMTHBGFGIHF-UHFFFAOYSA-N,False,Organic compounds,Benzenoids,Benzene and substituted derivatives,Xylenes,m-Xylenes,Aromatic homomonocyclic compounds
DOLQYFPDPKPQSS-UHFFFAOYSA-N,False,Organic compounds,Benzenoids,Benzene and substituted derivatives,Xylenes,o-Xylenes,Aromatic homomonocyclic compounds
MKARNSWMMBGSHX-UHFFFAOYSA-N,False,Organic compounds,Benzenoids,Benzene and substituted derivatives,Xylenes,m-Xylenes,Aromatic homomonocyclic compounds
PICXIOQBANWBIZ-UHFFFAOYSA-N,False,Organic compounds,Organoheterocyclic compounds,Pyridines and derivatives,Hydropyridines,Dihydropyridines,
DGVVWUTYPXICAM-UHFFFAOYSA-N,False,Organic compounds,Organosulfur compounds,Thiols,Alkylthiols,Alkylthiols,Aliphatic acyclic compounds
UEUXEKPTXMALOB-UHFFFAOYSA-J,False,Organic compounds,Organic acids and derivatives,Carboxylic acids and derivatives,Tetracarboxylic acids and derivatives,Tetracarboxylic acids and derivatives,Aliphatic acyclic compounds
HRXKRNGNAMMEHJ-UHFFFAOYSA-K,False,Organic compounds,Organic acids and derivatives,Carboxylic acids and derivatives,Tricarboxylic acids and derivatives,Tricarboxylic acids and derivatives,Aliphatic acyclic compounds
YGSDEFSMJLZEOE-UHFFFAOYSA-N,False,Organic compounds,Benzenoids,Benzene and substituted derivatives,Benzoic acids and derivatives,Salicylic acids,Aromatic homomonocyclic compounds
QAHREYKOYSIQPH-UHFFFAOYSA-L,False,Organic compounds,Organic acids and derivatives,Carboxylic acids and derivatives,Carboxylic acid derivatives,Acetate salts,
LSDPWZHWYPCBBB-UHFFFAOYSA-N,False,Organic compounds,Organosulfur compounds,Thiols,Alkylthiols,Alkylthiols,Aliphatic acyclic compounds
DNJIEGIFACGWOD-UHFFFAOYSA-N,False,Organic compounds,Organosulfur compounds,Thiols,Alkylthiols,Alkylthiols,Aliphatic acyclic compounds
QMMFVYPAHWMCMS-UHFFFAOYSA-N,False,Organic compounds,Organosulfur compounds,Thioethers,Dialkylthioethers,Dialkylthioethers,Aliphatic acyclic compounds
IUGYQRQAERSCNH-UHFFFAOYSA-N,False,Organic compounds,Organic acids and derivatives,Carboxylic acids and derivatives,Carboxylic acids,Carboxylic acids,Aliphatic acyclic compounds
ZJCCRDAZUWHFQH-UHFFFAOYSA-N,False,Organic compounds,Organic oxygen compounds,Organooxygen compounds,Alcohols and polyols,Primary alcohols,Aliphatic acyclic compounds
LRDFRRGEGBBSRN-UHFFFAOYSA-N,False,Organic compounds,Organic nitrogen compounds,Organonitrogen compounds,Organic cyanides,Nitriles,Aliphatic acyclic compounds
CRPUJAZIXJMDBK-UHFFFAOYSA-N,False,Organic compounds,Lipids and lipid-like molecules,Prenol lipids,Monoterpenoids,Bicyclic monoterpenoids,Aliphatic homopolycyclic compounds
GRWFGVWFFZKLTI-UHFFFAOYSA-N,False,Organic compounds,Lipids and lipid-like molecules,Prenol lipids,Monoterpenoids,Bicyclic monoterpenoids,Aliphatic homopolycyclic compounds
XKJCHHZQLQNZHY-UHFFFAOYSA-N,False,Organic compounds,Organoheterocyclic compounds,Isoindoles and derivatives,Isoindolines,Phthalimides,Aromatic heteropolycyclic compounds
MUTGBJKUEZFXGO-UHFFFAOYSA-N,False,Organic compounds,Organoheterocyclic compounds,Isobenzofurans,,Isobenzofurans,Aliphatic heteropolycyclic compounds
YRIZYWQGELRKNT-UHFFFAOYSA-N,False,Organic compounds,Organoheterocyclic compounds,Triazines,Triazinones,Triazinones,Aromatic heteromonocyclic compounds
WJQOZHYUIDYNHM-UHFFFAOYSA-N,False,Organic compounds,Benzenoids,Benzene and substituted derivatives,Phenylpropanes,Phenylpropanes,Aromatic homomonocyclic compounds
HBZVNWNSRNTWPS-UHFFFAOYSA-N,False,Organic compounds,Benzenoids,Naphthalenes,Naphthalene sulfonic acids and derivatives,2-naphthalene sulfonates,Aromatic homopolycyclic compounds
KMTRUDSVKNLOMY-UHFFFAOYSA-N,False,Organic compounds,Organic acids and derivatives,Organic carbonic acids and derivatives,Carbonic acid diesters,Carbonic acid diesters,Aliphatic heteromonocyclic compounds
LVHBHZANLOWSRM-UHFFFAOYSA-N,False,Organic compounds,Lipids and lipid-like molecules,Fatty Acyls,Fatty acids and conjugates,Branched fatty acids,Aliphatic acyclic compounds
CSKNSYBAZOQPLR-UHFFFAOYSA-N,False,Organic compounds,Benzenoids,Benzene and substituted derivatives,Benzenesulfonyl compounds,Benzenesulfonyl chlorides,Aromatic homomonocyclic compounds
WUOACPNHFRMFPN-UHFFFAOYSA-N,False,Organic compounds,Lipids and lipid-like molecules,Prenol lipids,Monoterpenoids,Menthane monoterpenoids,Aliphatic homomonocyclic compounds
PASDCCFISLVPSO-UHFFFAOYSA-N,False,Organic compounds,Benzenoids,Benzene and substituted derivatives,Benzoic acids and derivatives,Benzoic acids and derivatives,Aromatic homomonocyclic compounds
UNEATYXSUBPPKP-UHFFFAOYSA-N,False,Organic compounds,Benzenoids,Benzene and substituted derivatives,Cumenes,Cumenes,Aromatic homomonocyclic compounds
HFPZCAJZSCWRBC-UHFFFAOYSA-N,False,Organic compounds,Lipids and lipid-like molecules,Prenol lipids,Monoterpenoids,Aromatic monoterpenoids,Aromatic homomonocyclic compounds
FJKROLUGYXJWQN-UHFFFAOYSA-N,False,Organic compounds,Benzenoids,Benzene and substituted derivatives,Benzoic acids and derivatives,Hydroxybenzoic acid derivatives,Aromatic homomonocyclic compounds
MWAGUKZCDDRDCS-UHFFFAOYSA-N,False,Organic compounds,Benzenoids,Benzene and substituted derivatives,Diphenylethers,Diphenylethers,Aromatic homomonocyclic compounds
XCSGHNKDXGYELG-UHFFFAOYSA-N,False,Organic compounds,Benzenoids,Phenol ethers,,Phenol ethers,Aromatic homomonocyclic compounds
VEUUMBGHMNQHGO-UHFFFAOYSA-N,False,Organic compounds,Organic acids and derivatives,Carboxylic acids and derivatives,Alpha-halocarboxylic acids and derivatives,Alpha-halocarboxylic acid derivatives,Aliphatic acyclic compounds
ULQISTXYYBZJSJ-UHFFFAOYSA-N,False,Organic compounds,Lipids and lipid-like molecules,Fatty Acyls,Fatty acids and conjugates,Long-chain fatty acids,Aliphatic acyclic compounds
GLZPCOQZEFWAFX-JXMROGBWSA-N,False,Organic compounds,Lipids and lipid-like molecules,Prenol lipids,Monoterpenoids,Acyclic monoterpenoids,Aliphatic acyclic compounds
XFSAZBKSWGOXRH-UHFFFAOYSA-N,False,Organic compounds,Organic acids and derivatives,Organic carbonic acids and derivatives,,Organic carbonic acids and derivatives,Aliphatic acyclic compounds
SUVIGLJNEAMWEG-UHFFFAOYSA-N,False,Organic compounds,Organosulfur compounds,Thiols,Alkylthiols,Alkylthiols,Aliphatic acyclic compounds
WVYWICLMDOOCFB-UHFFFAOYSA-N,False,Organic compounds,Organic oxygen compounds,Organooxygen compounds,Alcohols and polyols,Secondary alcohols,Aliphatic acyclic compounds
JJYPMNFTHPTTDI-UHFFFAOYSA-N,False,Organic compounds,Benzenoids,Benzene and substituted derivatives,Toluenes,Aminotoluenes,Aromatic homomonocyclic compounds
LLHKCFNBLRBOGN-UHFFFAOYSA-N,False,Organic compounds,Organic acids and derivatives,Carboxylic acids and derivatives,Carboxylic acid derivatives,Carboxylic acid esters,Aliphatic acyclic compounds
AUHZEENZYGFFBQ-UHFFFAOYSA-N,False,Organic compounds,Benzenoids,Benzene and substituted derivatives,,Benzene and substituted derivatives,Aromatic homomonocyclic compounds
RMVRSNDYEFQCLF-UHFFFAOYSA-N,False,Organic compounds,Benzenoids,Thiophenols,,Thiophenols,Aromatic homomonocyclic compounds
KVNRLNFWIYMESJ-UHFFFAOYSA-N,False,Organic compounds,Organic nitrogen compounds,Organonitrogen compounds,Organic cyanides,Nitriles,Aliphatic acyclic compounds
WQAQPCDUOCURKW-UHFFFAOYSA-N,False,Organic compounds,Organosulfur compounds,Thiols,Alkylthiols,Alkylthiols,Aliphatic acyclic compounds
GJRQTCIYDGXPES-UHFFFAOYSA-N,False,Organic compounds,Organic acids and derivatives,Carboxylic acids and derivatives,Carboxylic acid derivatives,Carboxylic acid esters,Aliphatic acyclic compounds
JTXMVXSTHSMVQF-UHFFFAOYSA-N,False,Organic compounds,Organic acids and derivatives,Carboxylic acids and derivatives,Dicarboxylic acids and derivatives,Dicarboxylic acids and derivatives,Aliphatic acyclic compounds
TVMXDCGIABBOFY-UHFFFAOYSA-N,False,Organic compounds,Hydrocarbons,Saturated hydrocarbons,Alkanes,Alkanes,Aliphatic acyclic compounds
VYXHVRARDIDEHS-QGTKBVGQSA-N,False,Organic compounds,Hydrocarbons,Unsaturated hydrocarbons,Olefins,Cycloalkenes,Aliphatic homomonocyclic compounds
DDXLVDQZPFLQMZ-UHFFFAOYSA-M,False,Organic compounds,Organic nitrogen compounds,Organonitrogen compounds,Quaternary ammonium salts,Tetraalkylammonium salts,Aliphatic acyclic compounds
WOWHHFRSBJGXCM-UHFFFAOYSA-M,False,Organic compounds,Organic nitrogen compounds,Organonitrogen compounds,Quaternary ammonium salts,Tetraalkylammonium salts,Aliphatic acyclic compounds
VBIIFPGSPJYLRR-UHFFFAOYSA-M,False,Organic compounds,Organic nitrogen compounds,Organonitrogen compounds,Quaternary ammonium salts,Tetraalkylammonium salts,Aliphatic acyclic compounds
YWFWDNVOPHGWMX-UHFFFAOYSA-N,False,Organic compounds,Organic nitrogen compounds,Organonitrogen compounds,Amines,Trialkylamines,Aliphatic acyclic compounds
SNRUBQQJIBEYMU-UHFFFAOYSA-N,False,Organic compounds,Hydrocarbons,Saturated hydrocarbons,Alkanes,Alkanes,Aliphatic acyclic compounds
KJIOQYGWTQBHNH-UHFFFAOYSA-N,False,Organic compounds,Lipids and lipid-like molecules,Fatty Acyls,Fatty alcohols,Fatty alcohols,Aliphatic acyclic compounds
LQZZUXJYWNFBMV-UHFFFAOYSA-N,False,Organic compounds,Lipids and lipid-like molecules,Fatty Acyls,Fatty alcohols,Fatty alcohols,Aliphatic acyclic compounds
UWHCKJMYHZGTIT-UHFFFAOYSA-N,False,Organic compounds,Organic oxygen compounds,Organooxygen compounds,Ethers,Polyethylene glycols,Aliphatic acyclic compounds
GLDOVTGHNKAZLK-UHFFFAOYSA-N,False,Organic compounds,Lipids and lipid-like molecules,Fatty Acyls,Fatty alcohols,Long-chain fatty alcohols,Aliphatic acyclic compounds
WXZMFSXDPGVJKK-UHFFFAOYSA-N,False,Organic compounds,Organic oxygen compounds,Organooxygen compounds,Alcohols and polyols,Primary alcohols,Aliphatic acyclic compounds
MNSGOOCAMMSKGI-UHFFFAOYSA-N,False,Organic compounds,Organoheterocyclic compounds,Isoindoles and derivatives,Isoindolines,Phthalimides,Aromatic heteropolycyclic compounds
SYDNSSSQVSOXTN-UHFFFAOYSA-N,False,Organic compounds,Benzenoids,Phenols,Nitrophenols,Nitrophenols,Aromatic homomonocyclic compounds
LLYXJBROWQDVMI-UHFFFAOYSA-N,False,Organic compounds,Benzenoids,Benzene and substituted derivatives,Nitrobenzenes,Nitrobenzenes,Aromatic homomonocyclic compounds
KWKXNDCHNDYVRT-UHFFFAOYSA-N,False,Organic compounds,Benzenoids,Benzene and substituted derivatives,,Benzene and substituted derivatives,Aromatic homomonocyclic compounds
ZRSNZINYAWTAHE-UHFFFAOYSA-N,False,Organic compounds,Benzenoids,Benzene and substituted derivatives,Benzoyl derivatives,Benzoyl derivatives,Aromatic homomonocyclic compounds
ULBTUVJTXULMLP-UHFFFAOYSA-N,False,Organic compounds,Lipids and lipid-like molecules,Fatty Acyls,Fatty acid esters,Fatty acid esters,Aliphatic acyclic compounds
SJWFXCIHNDVPSH-UHFFFAOYSA-N,False,Organic compounds,Lipids and lipid-like molecules,Fatty Acyls,Fatty alcohols,Fatty alcohols,Aliphatic acyclic compounds
CURLTUGMZLYLDI-UHFFFAOYSA-N,False,Inorganic compounds,Homogeneous non-metal compounds,Other non-metal organides,Other non-metal oxides,Other non-metal oxides,
OLQJQHSAWMFDJE-UHFFFAOYSA-N,False,Organic compounds,"Organic 1,3-dipolar compounds","Allyl-type 1,3-dipolar organic compounds",Organic nitro compounds,C-nitro compounds,Aliphatic acyclic compounds
HXJUTPCZVOIRIF-UHFFFAOYSA-N,False,Organic compounds,Organoheterocyclic compounds,Thiolanes,,Thiolanes,Aliphatic heteromonocyclic compounds
SCVFZCLFOSHCOH-UHFFFAOYSA-M,False,Organic compounds,Organic acids and derivatives,Carboxylic acids and derivatives,Carboxylic acid derivatives,Acetate salts,Aliphatic acyclic compounds
VMHLLURERBWHNL-UHFFFAOYSA-M,False,Organic compounds,Organic acids and derivatives,Carboxylic acids and derivatives,Carboxylic acid derivatives,Acetate salts,Aliphatic acyclic compounds
LJRGBERXYNQPJI-UHFFFAOYSA-M,False,Organic compounds,Benzenoids,Benzene and substituted derivatives,Benzenesulfonic acids and derivatives,Benzenesulfonic acids and derivatives,Aromatic homomonocyclic compounds
VMSRVIHUFHQIAL-UHFFFAOYSA-M,False,Organic compounds,Organic salts,Organic metal salts,Organic alkali metal salts,Organic alkali metal salts,Aliphatic acyclic compounds
DKCPKDPYUFEZCP-UHFFFAOYSA-N,False,Organic compounds,Benzenoids,Benzene and substituted derivatives,Phenylpropanes,Phenylpropanes,Aromatic homomonocyclic compounds
JWAZRIHNYRIHIV-UHFFFAOYSA-N,False,Organic compounds,Benzenoids,Naphthalenes,Naphthols and derivatives,Naphthols and derivatives,Aromatic homopolycyclic compounds
ZGTMUACCHSMWAC-UHFFFAOYSA-L,False,Organic compounds,Organic acids and derivatives,Carboxylic acids and derivatives,Tetracarboxylic acids and derivatives,Tetracarboxylic acids and derivatives,Aliphatic acyclic compounds
RVWOWEQKPMPWMQ-UHFFFAOYSA-N,False,Organic compounds,Lipids and lipid-like molecules,Fatty Acyls,Fatty alcohols,Fatty alcohols,Aliphatic acyclic compounds
HLBBKKJFGFRGMU-UHFFFAOYSA-M,False,Organic compounds,Organic acids and derivatives,Carboxylic acids and derivatives,Carboxylic acid derivatives,Carboxylic acid salts,Aliphatic acyclic compounds
XYIBRDXRRQCHLP-UHFFFAOYSA-N,False,Organic compounds,Organic acids and derivatives,Keto acids and derivatives,Beta-keto acids and derivatives,Beta-keto acids and derivatives,Aliphatic acyclic compounds
KIACEOHPIRTHMI-UHFFFAOYSA-N,False,Organic compounds,Organosulfur compounds,Thiocarbonyl compounds,Thiocarbamic acid derivatives,Thiocarbamic acid esters,Aliphatic acyclic compounds
IHJUECRFYCQBMW-UHFFFAOYSA-N,False,Organic compounds,Organic oxygen compounds,Organooxygen compounds,Carbonyl compounds,Ynones,Aliphatic acyclic compounds
XWGJFPHUCFXLBL-UHFFFAOYSA-M,False,Organic compounds,Organic acids and derivatives,Sulfinic acids and derivatives,Alkanesulfinic acids and derivatives,Alkanesulfinic acids,Aliphatic acyclic compounds
NSPMIYGKQJPBQR-UHFFFAOYSA-N,False,Organic compounds,Organoheterocyclic compounds,Azoles,Triazoles,Triazoles,Aromatic heteromonocyclic compounds
IRDLUHRVLVEUHA-UHFFFAOYSA-N,False,Organic compounds,Organic acids and derivatives,Organic dithiophosphoric acids and derivatives,Dithiophosphate O-esters,"Phosphorodithioic acid O,O-diesters",Aliphatic acyclic compounds
SEGLCEQVOFDUPX-UHFFFAOYSA-N,False,Organic compounds,Organic acids and derivatives,Organic phosphoric acids and derivatives,Phosphate esters,Dialkyl phosphates,Aliphatic acyclic compounds
MLIREBYILWEBDM-UHFFFAOYSA-N,False,Organic compounds,Organic acids and derivatives,Carboxylic acids and derivatives,Carboxylic acids,Carboxylic acids,Aliphatic acyclic compounds
LPEKGGXMPWTOCB-UHFFFAOYSA-N,False,Organic compounds,Organic acids and derivatives,Carboxylic acids and derivatives,Carboxylic acid derivatives,Methyl esters,Aliphatic acyclic compounds
RJUFJBKOKNCXHH-UHFFFAOYSA-N,False,Organic compounds,Organic acids and derivatives,Carboxylic acids and derivatives,Carboxylic acid derivatives,Methyl esters,Aliphatic acyclic compounds
LGDSHSYDSCRFAB-UHFFFAOYSA-N,False,Organic compounds,Organosulfur compounds,Isothiocyanates,,Isothiocyanates,Aliphatic acyclic compounds
HMMGMWAXVFQUOA-UHFFFAOYSA-N,False,Organic compounds,Organometallic compounds,Organometalloid compounds,Organosilicon compounds,Organoheterosilanes,Aliphatic heteromonocyclic compounds
FOYHNROGBXVLLX-UHFFFAOYSA-N,False,Organic compounds,Benzenoids,Benzene and substituted derivatives,Aniline and substituted anilines,Aniline and substituted anilines,Aromatic homomonocyclic compounds
MOYAFQVGZZPNRA-UHFFFAOYSA-N,False,Organic compounds,Lipids and lipid-like molecules,Prenol lipids,Monoterpenoids,Menthane monoterpenoids,Aliphatic homomonocyclic compounds
SZYJELPVAFJOGJ-UHFFFAOYSA-N,False,Organic compounds,Organic nitrogen compounds,Organonitrogen compounds,Amines,Trialkylamines,Aliphatic acyclic compounds
DYSXLQBUUOPLBB-UHFFFAOYSA-N,False,Organic compounds,Benzenoids,Benzene and substituted derivatives,Toluenes,Dinitrotoluenes,Aromatic homomonocyclic compounds
INYDMNPNDHRJQJ-UHFFFAOYSA-N,False,Organic compounds,Benzenoids,Benzene and substituted derivatives,Toluenes,Dinitrotoluenes,Aromatic homomonocyclic compounds
HNJBEVLQSNELDL-UHFFFAOYSA-N,False,Organic compounds,Organoheterocyclic compounds,Pyrrolidines,Pyrrolidones,Pyrrolidine-2-ones,Aliphatic heteromonocyclic compounds
BDCFWIDZNLCTMF-UHFFFAOYSA-N,False,Organic compounds,Benzenoids,Benzene and substituted derivatives,Phenylpropanes,Phenylpropanes,Aromatic homomonocyclic compounds
KZBOXYKTSUUBTO-UHFFFAOYSA-N,False,Organic compounds,Benzenoids,Benzene and substituted derivatives,Nitrobenzenes,Nitrobenzenes,Aromatic homomonocyclic compounds
IEPRKVQEAMIZSS-AATRIKPKSA-N,False,Organic compounds,Lipids and lipid-like molecules,Fatty Acyls,Fatty acid esters,Fatty acid esters,Aliphatic acyclic compounds
LAQPNDIUHRHNCV-UHFFFAOYSA-N,False,Organic compounds,Benzenoids,Benzene and substituted derivatives,Benzonitriles,Benzonitriles,Aromatic homomonocyclic compounds
PGMYKACGEOXYJE-UHFFFAOYSA-N,False,Organic compounds,Organic acids and derivatives,Carboxylic acids and derivatives,Carboxylic acid derivatives,Carboxylic acid esters,Aliphatic acyclic compounds
WNXJIVFYUVYPPR-UHFFFAOYSA-N,False,Organic compounds,Organoheterocyclic compounds,Dioxolanes,"1,3-dioxolanes","1,3-dioxolanes",Aliphatic heteromonocyclic compounds
RJGHQTVXGKYATR-UHFFFAOYSA-L,False,Organic compounds,Organometallic compounds,Organo-post-transition metal compounds,Organotin compounds,Dialkyltin salts,Aliphatic acyclic compounds
PKKGKUDPKRTKLJ-UHFFFAOYSA-L,False,Organic compounds,Organometallic compounds,Organo-post-transition metal compounds,Organotin compounds,Dialkyltin salts,Aliphatic acyclic compounds
CZGGKXNYNPJFAX-UHFFFAOYSA-N,False,Organic compounds,Organic acids and derivatives,Organic dithiophosphoric acids and derivatives,Dithiophosphate O-esters,"Phosphorodithioic acid O,O-diesters",Aliphatic acyclic compounds
FQDIANVAWVHZIR-UHFFFAOYSA-N,False,Organic compounds,Organohalogen compounds,Organochlorides,,Organochlorides,Aliphatic acyclic compounds
BYMHXIQVEAYSJD-UHFFFAOYSA-M,False,Organic compounds,Benzenoids,Benzene and substituted derivatives,Benzenesulfonic acids and derivatives,Benzenesulfonic acids and derivatives,Aromatic homomonocyclic compounds
XXYMSQQCBUKFHE-UHFFFAOYSA-N,False,Organic compounds,Benzenoids,Benzene and substituted derivatives,Nitrobenzenes,Nitrobenzenes,Aromatic homomonocyclic compounds
UOULCEYHQNCFFH-UHFFFAOYSA-M,False,Organic compounds,Organic acids and derivatives,Organic sulfonic acids and derivatives,Organosulfonic acids and derivatives,Organosulfonic acids,Aliphatic acyclic compounds
FIWQZURFGYXCEO-UHFFFAOYSA-M,False,Organic compounds,Lipids and lipid-like molecules,Fatty Acyls,Fatty acids and conjugates,Medium-chain fatty acids,Aliphatic acyclic compounds
BVCZEBOGSOYJJT-UHFFFAOYSA-N,False,Organic compounds,Organic acids and derivatives,Organic carbonic acids and derivatives,,Organic carbonic acids and derivatives,Aliphatic acyclic compounds
ONKNPOPIGWHAQC-UHFFFAOYSA-N,False,Organic compounds,Organoheterocyclic compounds,Benzopyrans,2-benzopyrans,2-benzopyrans,Aromatic heteropolycyclic compounds
HBZDPWBWBJMYRY-UHFFFAOYSA-N,False,Organic compounds,Organic nitrogen compounds,Organonitrogen compounds,Organic cyanides,Nitriles,Aliphatic acyclic compounds
BYKRNSHANADUFY-UHFFFAOYSA-M,False,Organic compounds,Lipids and lipid-like molecules,Fatty Acyls,Fatty acids and conjugates,Medium-chain fatty acids,Aliphatic acyclic compounds
RFOHRSIAXQACDB-UHFFFAOYSA-M,False,Organic compounds,Benzenoids,Benzene and substituted derivatives,Phenoxyacetic acid derivatives,Chlorophenoxyacetates,Aromatic homomonocyclic compounds
AJPIUNPJBFBUKK-UHFFFAOYSA-N,False,Organic compounds,Organoheterocyclic compounds,Diazines,Pyrimidines and pyrimidine derivatives,Hydroxypyrimidines,Aromatic heteromonocyclic compounds
RNLHGQLZWXBQNY-UHFFFAOYSA-N,False,Organic compounds,Organic nitrogen compounds,Organonitrogen compounds,Cyclohexylamines,Cyclohexylamines,Aliphatic homomonocyclic compounds
DEIGXXQKDWULML-UHFFFAOYSA-N,False,Organic compounds,Organohalogen compounds,Organobromides,,Organobromides,Aliphatic homomonocyclic compounds
IPRJXAGUEGOFGG-UHFFFAOYSA-N,True,Organic compounds,Benzenoids,Benzene and substituted derivatives,Benzenesulfonamides,Benzenesulfonamides,Aromatic homomonocyclic compounds
XCJXQCUJXDUNDN-UHFFFAOYSA-N,False,Organic compounds,Organohalogen compounds,Vinyl halides,Vinyl chlorides,Vinyl chlorides,Aliphatic homopolycyclic compounds
FDRCDNZGSXJAFP-UHFFFAOYSA-M,False,Organic compounds,Organic acids and derivatives,Carboxylic acids and derivatives,Alpha-halocarboxylic acids and derivatives,Alpha-halocarboxylic acids,Aliphatic acyclic compounds
ZOLLIQAKMYWTBR-UHFFFAOYSA-N,False,Organic compounds,Hydrocarbons,Unsaturated hydrocarbons,Olefins,Cyclic olefins,Aliphatic homomonocyclic compounds
YYWZKGZIIKPPJZ-XKSSXDPKSA-N,False,Organic compounds,Lipids and lipid-like molecules,Prenol lipids,Monoterpenoids,Bicyclic monoterpenoids,Aliphatic homopolycyclic compounds
DZCAZXAJPZCSCU-UHFFFAOYSA-K,False,Organic compounds,Organic acids and derivatives,Carboxylic acids and derivatives,"Amino acids, peptides, and analogues",Alpha amino acids,Aliphatic acyclic compounds
RWNUSVWFHDHRCJ-UHFFFAOYSA-N,False,Organic compounds,Organic oxygen compounds,Organooxygen compounds,Alcohols and polyols,Secondary alcohols,Aliphatic acyclic compounds
ZZTCCAPMZLDHFM-UHFFFAOYSA-N,False,Organic compounds,Organic acids and derivatives,Carboxylic acids and derivatives,Carboxylic acids,alpha-Mercaptocarboxylic acids,Aliphatic acyclic compounds
FZXISNSWEXTPMF-UHFFFAOYSA-N,False,Organic compounds,Organoheterocyclic compounds,Triazines,Aminotriazines,Aminotriazines,Aromatic heteromonocyclic compounds
GQOKIYDTHHZSCJ-UHFFFAOYSA-M,False,Organic compounds,Organic nitrogen compounds,Organonitrogen compounds,Quaternary ammonium salts,Tetraalkylammonium salts,Aliphatic acyclic compounds
OKTJSMMVPCPJKN-UHFFFAOYSA-N,False,Organic compounds,,,,Organic compounds,Aliphatic acyclic compounds
HIDKSOTTZRMUML-UHFFFAOYSA-M,False,Organic compounds,Lipids and lipid-like molecules,Fatty Acyls,Fatty acids and conjugates,Medium-chain fatty acids,Aliphatic acyclic compounds
HNXNKTMIVROLTK-UHFFFAOYSA-N,False,Organic compounds,Lipids and lipid-like molecules,Fatty Acyls,Fatty amides,N-acyl amines,Aliphatic acyclic compounds
MKWYFZFMAMBPQK-UHFFFAOYSA-J,False,Organic compounds,Organic acids and derivatives,Carboxylic acids and derivatives,Tetracarboxylic acids and derivatives,Tetracarboxylic acids and derivatives,Aliphatic acyclic compounds
SSBRSHIQIANGKS-UHFFFAOYSA-N,False,Organic compounds,Organic acids and derivatives,Organic sulfuric acids and derivatives,Organic sulfuric acids,Organic sulfuric acids,Aliphatic acyclic compounds
UUEDINPOVKWVAZ-UHFFFAOYSA-N,False,Organic compounds,Benzenoids,Benzene and substituted derivatives,Benzoic acids and derivatives,Benzoic acid esters,Aromatic homomonocyclic compounds
BXWNKGSJHAJOGX-UHFFFAOYSA-N,False,Organic compounds,Lipids and lipid-like molecules,Fatty Acyls,Fatty alcohols,Long-chain fatty alcohols,Aliphatic acyclic compounds
YRMLFORXOOIJDR-UHFFFAOYSA-N,False,Organic compounds,Organic acids and derivatives,Carboxylic acids and derivatives,Carboxylic acid derivatives,Tertiary carboxylic acid amides,Aliphatic acyclic compounds
MRLGCTNJRREZHZ-UHFFFAOYSA-N,False,Organic compounds,Benzenoids,Benzene and substituted derivatives,Diphenylethers,Diphenylethers,Aromatic homomonocyclic compounds
WYVVKGNFXHOCQV-UHFFFAOYSA-N,False,Organic compounds,Organic acids and derivatives,Carboximidic acids and derivatives,,Carboximidic acids and derivatives,Aliphatic acyclic compounds
OBCSAIDCZQSFQH-UHFFFAOYSA-N,False,Organic compounds,Benzenoids,Benzene and substituted derivatives,Toluenes,Diaminotoluenes,Aromatic homomonocyclic compounds
SQNZJJAZBFDUTD-UHFFFAOYSA-N,False,Organic compounds,Benzenoids,Benzene and substituted derivatives,,Benzene and substituted derivatives,Aromatic homomonocyclic compounds
LZCLXQDLBQLTDK-UHFFFAOYSA-N,False,Organic compounds,Organic acids and derivatives,Carboxylic acids and derivatives,Carboxylic acid derivatives,Carboxylic acid esters,Aliphatic acyclic compounds
BSYVTEYKTMYBMK-UHFFFAOYSA-N,False,Organic compounds,Organoheterocyclic compounds,Tetrahydrofurans,,Tetrahydrofurans,Aliphatic heteromonocyclic compounds
TXFPEBPIARQUIG-UHFFFAOYSA-N,False,Organic compounds,Organic oxygen compounds,Organooxygen compounds,Carbonyl compounds,Alkyl-phenylketones,Aromatic homomonocyclic compounds
SESFRYSPDFLNCH-UHFFFAOYSA-N,False,Organic compounds,Benzenoids,Benzene and substituted derivatives,Benzoic acids and derivatives,Benzoic acid esters,Aromatic homomonocyclic compounds
BGTOWKSIORTVQH-UHFFFAOYSA-N,False,Organic compounds,Organic oxygen compounds,Organooxygen compounds,Carbonyl compounds,Cyclic ketones,Aliphatic homomonocyclic compounds
AFCCDDWKHLHPDF-UHFFFAOYSA-M,False,Organic compounds,Organic salts,Organic metal salts,Organic alkali metal salts,Organic alkali metal salts,Aliphatic acyclic compounds
SHOJXDKTYKFBRD-UHFFFAOYSA-N,False,Organic compounds,Organic oxygen compounds,Organooxygen compounds,Carbonyl compounds,Enones,Aliphatic acyclic compounds
LPIQUOYDBNQMRZ-UHFFFAOYSA-N,False,Organic compounds,Hydrocarbons,Unsaturated hydrocarbons,Olefins,Cycloalkenes,Aliphatic homomonocyclic compounds
YGYNBBAUIYTWBF-UHFFFAOYSA-N,False,Organic compounds,Benzenoids,Naphthalenes,,Naphthalenes,Aromatic homopolycyclic compounds
CMBSSVKZOPZBKW-UHFFFAOYSA-N,False,Organic compounds,Organoheterocyclic compounds,Pyridines and derivatives,Aminopyridines and derivatives,Aminopyridines and derivatives,Aromatic heteromonocyclic compounds
HUBANNPOLNYSAD-UHFFFAOYSA-N,False,Organic compounds,Organoheterocyclic compounds,Pyridines and derivatives,Pyridinecarboxylic acids and derivatives,Pyridinecarboxylic acids,Aromatic heteromonocyclic compounds
OILUAKBAMVLXGF-UHFFFAOYSA-N,False,Organic compounds,Lipids and lipid-like molecules,Fatty Acyls,Fatty acids and conjugates,Medium-chain fatty acids,Aliphatic acyclic compounds
RCHUVCPBWWSUMC-UHFFFAOYSA-N,False,Organic compounds,Organometallic compounds,Organometalloid compounds,Organosilicon compounds,Organochlorosilanes,Aliphatic acyclic compounds
ZRCMGIXRGFOXNT-UHFFFAOYSA-N,False,Organic compounds,Organoheterocyclic compounds,Azolidines,Oxazolidines,Oxazolidines,Aliphatic heteropolycyclic compounds
SOROIESOUPGGFO-UHFFFAOYSA-N,False,Organic compounds,Organoheterocyclic compounds,Azolidines,Imidazolidines,Allantoins,Aliphatic heteromonocyclic compounds
PFJJMJDEVDLPNE-UHFFFAOYSA-N,False,Organic compounds,Organoheterocyclic compounds,Benzoxazines,,Benzoxazines,Aromatic heteropolycyclic compounds
XQZYPMVTSDWCCE-UHFFFAOYSA-N,False,Organic compounds,Benzenoids,Benzene and substituted derivatives,Benzonitriles,Benzonitriles,Aromatic homomonocyclic compounds
XMGQYMWWDOXHJM-UHFFFAOYSA-N,False,Organic compounds,Lipids and lipid-like molecules,Prenol lipids,Monoterpenoids,Menthane monoterpenoids,Aliphatic homomonocyclic compounds
RAXXELZNTBOGNW-UHFFFAOYSA-N,False,Organic compounds,Organoheterocyclic compounds,Azoles,Imidazoles,Imidazoles,Aromatic heteromonocyclic compounds
ZNNZYHKDIALBAK-UHFFFAOYSA-M,False,Organic compounds,Organosulfur compounds,Thiocyanates,Metal thiocyanates,Metal thiocyanates,Aliphatic acyclic compounds
CDBYLPFSWZWCQE-UHFFFAOYSA-L,False,Organic compounds,Organic acids and derivatives,Organic carbonic acids and derivatives,Organic carbonic acids,Organic carbonic acids,Aliphatic acyclic compounds
KWYUFKZDYYNOTN-UHFFFAOYSA-M,False,Inorganic compounds,Mixed metal/non-metal compounds,Alkali metal oxoanionic compounds,Alkali metal hydroxides,Alkali metal hydroxides,
HEMHJVSKTPXQMS-UHFFFAOYSA-M,False,Inorganic compounds,Mixed metal/non-metal compounds,Alkali metal oxoanionic compounds,Alkali metal hydroxides,Alkali metal hydroxides,
GRVFOGOEDUUMBP-UHFFFAOYSA-N,False,Inorganic compounds,Mixed metal/non-metal compounds,Alkali metal organides,Alkali metal sulfides,Alkali metal sulfides,
ISXSCDLOGDJUNJ-UHFFFAOYSA-N,False,Organic compounds,Organic acids and derivatives,Carboxylic acids and derivatives,Acrylic acids and derivatives,Acrylic acid esters,Aliphatic acyclic compounds
SOIFLUNRINLCBN-UHFFFAOYSA-N,False,Organic compounds,Organosulfur compounds,Thiocyanates,,Thiocyanates,Aliphatic acyclic compounds
BODRLKRKPXBDBN-UHFFFAOYSA-N,False,Organic compounds,Lipids and lipid-like molecules,Fatty Acyls,Fatty alcohols,Fatty alcohols,Aliphatic acyclic compounds
NTHWMYGWWRZVTN-UHFFFAOYSA-N,False,Inorganic compounds,Mixed metal/non-metal compounds,Alkali metal oxoanionic compounds,Alkali metal silicates,Alkali metal silicates,
VSCWAEJMTAWNJL-UHFFFAOYSA-K,False,Inorganic compounds,Mixed metal/non-metal compounds,Post-transition metal salts,Post-transition metal chlorides,Post-transition metal chlorides,
VYPSYNLAJGMNEJ-UHFFFAOYSA-N,False,Inorganic compounds,Mixed metal/non-metal compounds,Metalloid organides,Metalloid oxides,Metalloid oxides,
HPGGPRDJHPYFRM-UHFFFAOYSA-J,False,Inorganic compounds,Mixed metal/non-metal compounds,Post-transition metal salts,Post-transition metal chlorides,Post-transition metal chlorides,
QAOWNCQODCNURD-UHFFFAOYSA-N,False,Inorganic compounds,Homogeneous non-metal compounds,Non-metal oxoanionic compounds,Non-metal sulfates,Non-metal sulfates,
GRYLNZFGIOXLOG-UHFFFAOYSA-N,False,Inorganic compounds,Homogeneous non-metal compounds,Non-metal oxoanionic compounds,Non-metal nitrates,Non-metal nitrates,
BAUYGSIQEAFULO-UHFFFAOYSA-L,False,Inorganic compounds,Mixed metal/non-metal compounds,Transition metal oxoanionic compounds,Transition metal sulfates,Transition metal sulfates,
USHAGKDGDHPEEY-UHFFFAOYSA-L,False,Inorganic compounds,Mixed metal/non-metal compounds,Alkali metal oxoanionic compounds,Alkali metal peroxodisulfates,Alkali metal peroxodisulfates,
FGIUAXJPYTZDNR-UHFFFAOYSA-N,False,Inorganic compounds,Mixed metal/non-metal compounds,Alkali metal oxoanionic compounds,Alkali metal nitrates,Alkali metal nitrates,
NMCUIPGRVMDVDB-UHFFFAOYSA-L,False,Inorganic compounds,Mixed metal/non-metal compounds,Transition metal salts,Transition metal chlorides,Transition metal chlorides,
CHQMHPLRPQMAMX-UHFFFAOYSA-L,False,Inorganic compounds,Mixed metal/non-metal compounds,Alkali metal oxoanionic compounds,Alkali metal peroxodisulfates,Alkali metal peroxodisulfates,
OSGAYBCDTDRGGQ-UHFFFAOYSA-L,False,Inorganic compounds,Mixed metal/non-metal compounds,Alkaline earth metal oxoanionic compounds,Alkaline earth metal sulfates,Alkaline earth metal sulfates,
ZKQDCIXGCQPQNV-UHFFFAOYSA-N,False,Inorganic compounds,Mixed metal/non-metal compounds,Alkaline earth metal oxoanionic compounds,Alkaline earth metal hypochlorites,Alkaline earth metal hypochlorites,
OTYBMLCTZGSZBG-UHFFFAOYSA-L,False,Inorganic compounds,Mixed metal/non-metal compounds,Alkali metal oxoanionic compounds,Alkali metal sulfates,Alkali metal sulfates,
XYXNTHIYBIDHGM-UHFFFAOYSA-N,False,Inorganic compounds,Homogeneous non-metal compounds,Non-metal oxoanionic compounds,Non-metal thiosulfates,Non-metal thiosulfates,
BFNBIHQBYMNNAN-UHFFFAOYSA-N,False,Inorganic compounds,Homogeneous non-metal compounds,Non-metal oxoanionic compounds,Non-metal sulfates,Non-metal sulfates,
MNNHAPBLZZVQHP-UHFFFAOYSA-N,False,Inorganic compounds,Homogeneous non-metal compounds,Non-metal oxoanionic compounds,Non-metal phosphates,Non-metal phosphates,
RUTXIHLAWFEWGM-UHFFFAOYSA-H,False,Inorganic compounds,Mixed metal/non-metal compounds,Transition metal oxoanionic compounds,Transition metal sulfates,Transition metal sulfates,
HYHCSLBZRBJJCH-UHFFFAOYSA-M,False,Inorganic compounds,Mixed metal/non-metal compounds,Alkali metal organides,Alkali metal hydrides,Alkali metal hydrides,
PYILKOIEIHHYGD-UHFFFAOYSA-M,False,Organic compounds,Organoheterocyclic compounds,Triazines,Triazinones,Triazinones,Aromatic heteromonocyclic compounds
XUKUURHRXDUEBC-KAYWLYCHSA-N,False,Organic compounds,Organoheterocyclic compounds,Pyrroles,Substituted pyrroles,Diphenylpyrroles,Aromatic heteromonocyclic compounds
IIBYAHWJQTYFKB-UHFFFAOYSA-N,False,Organic compounds,Benzenoids,Benzene and substituted derivatives,Phenoxyacetic acid derivatives,Phenoxyacetic acid derivatives,Aromatic homomonocyclic compounds
VNFPBHJOKIVQEB-UHFFFAOYSA-N,False,Organic compounds,Benzenoids,Triphenyl compounds,,Triphenyl compounds,Aromatic heteromonocyclic compounds
YMTINGFKWWXKFG-UHFFFAOYSA-N,False,Organic compounds,Benzenoids,Benzene and substituted derivatives,Benzophenones,Benzophenones,Aromatic homomonocyclic compounds
XMAYWYJOQHXEEK-OZXSUGGESA-N,False,Organic compounds,Organoheterocyclic compounds,Diazinanes,Piperazines,Phenylpiperazines,Aromatic heteromonocyclic compounds
JJUBFBTUBACDHW-UHFFFAOYSA-N,True,Organic compounds,Organohalogen compounds,Alkyl halides,Alkyl fluorides,Fluorotelomer alcohols,Aliphatic acyclic compounds
RZXIRSKYBISPGF-UHFFFAOYSA-N,False,Organic compounds,Benzenoids,Benzene and substituted derivatives,Diphenylethers,Bromodiphenyl ethers,Aromatic homomonocyclic compounds
WHPVYXDFIXRKLN-UHFFFAOYSA-N,False,Organic compounds,Benzenoids,Benzene and substituted derivatives,Diphenylethers,Bromodiphenyl ethers,Aromatic homomonocyclic compounds
XYBSIYMGXVUVGY-UHFFFAOYSA-N,False,Organic compounds,Benzenoids,Benzene and substituted derivatives,Diphenylethers,Bromodiphenyl ethers,Aromatic homomonocyclic compounds
ZEOVXNVKXIPWMS-UHFFFAOYSA-N,False,Organic compounds,Organohalogen compounds,Organochlorides,,Organochlorides,Aliphatic acyclic compounds
TWBPWBPGNQWFSJ-UHFFFAOYSA-N,False,Organic compounds,Benzenoids,Benzene and substituted derivatives,Biphenyls and derivatives,Biphenyls and derivatives,Aromatic homomonocyclic compounds
JWUJQDFVADABEY-UHFFFAOYSA-N,False,Organic compounds,Organoheterocyclic compounds,Tetrahydrofurans,,Tetrahydrofurans,Aliphatic heteromonocyclic compounds
UQRLKWGPEVNVHT-UHFFFAOYSA-N,False,Organic compounds,Benzenoids,Benzene and substituted derivatives,Halobenzenes,Dichlorobenzenes,Aromatic homomonocyclic compounds
GNHMRTZZNHZDDM-UHFFFAOYSA-N,False,Organic compounds,Organic nitrogen compounds,Organonitrogen compounds,Organic cyanides,Nitriles,Aliphatic acyclic compounds
PBGKNXWGYQPUJK-UHFFFAOYSA-N,False,Organic compounds,Benzenoids,Benzene and substituted derivatives,Nitrobenzenes,Nitrobenzenes,Aromatic homomonocyclic compounds
OUGIDAPQYNCXRA-UHFFFAOYSA-N,False,Organic compounds,Phenylpropanoids and polyketides,Flavonoids,Flavones,Flavones,Aromatic heteropolycyclic compounds
NOEGNKMFWQHSLB-UHFFFAOYSA-N,False,Organic compounds,Organic oxygen compounds,Organooxygen compounds,Carbonyl compounds,Aryl-aldehydes,Aromatic heteromonocyclic compounds
KLZUFWVZNOTSEM-UHFFFAOYSA-K,False,Inorganic compounds,Mixed metal/non-metal compounds,Post-transition metal salts,Post-transition metal fluorides,Post-transition metal fluorides,
MQTOSJVFKKJCRP-BICOPXKESA-N,False,Organic compounds,Organic oxygen compounds,Organooxygen compounds,Carbohydrates and carbohydrate conjugates,Aminoglycosides,Aliphatic heteromonocyclic compounds
UCMIRNVEIXFBKS-UHFFFAOYSA-N,False,Organic compounds,Organic acids and derivatives,Carboxylic acids and derivatives,"Amino acids, peptides, and analogues",Beta amino acids and derivatives,Aliphatic acyclic compounds
DSSYKIVIOFKYAU-UHFFFAOYSA-N,False,Organic compounds,Lipids and lipid-like molecules,Prenol lipids,Monoterpenoids,Bicyclic monoterpenoids,Aliphatic homopolycyclic compounds
VYZAMTAEIAYCRO-UHFFFAOYSA-N,False,Inorganic compounds,Homogeneous metal compounds,Homogeneous transition metal compounds,,Homogeneous transition metal compounds,
GUTLYIVDDKVIGB-UHFFFAOYSA-N,False,Inorganic compounds,Homogeneous metal compounds,Homogeneous transition metal compounds,,Homogeneous transition metal compounds,
KTVIXTQDYHMGHF-UHFFFAOYSA-L,False,Inorganic compounds,Mixed metal/non-metal compounds,Transition metal oxoanionic compounds,Transition metal sulfates,Transition metal sulfates,
MQHNKCZKNAJROC-UHFFFAOYSA-N,False,Organic compounds,Benzenoids,Benzene and substituted derivatives,Benzoic acids and derivatives,Benzoic acid esters,Aromatic homomonocyclic compounds
FHDQNOXQSTVAIC-UHFFFAOYSA-M,False,Organic compounds,Organoheterocyclic compounds,Azoles,Imidazoles,N-substituted imidazoles,Aromatic heteromonocyclic compounds
KQPYUDDGWXQXHS-UHFFFAOYSA-N,False,Organic compounds,Benzenoids,Naphthalenes,Naphthoquinones,Naphthoquinones,Aromatic homopolycyclic compounds
XMWRBQBLMFGWIX-UHFFFAOYSA-N,False,Organic compounds,Benzenoids,Phenanthrenes and derivatives,Triphenylenes,Triphenylenes,Aromatic homopolycyclic compounds
PCIUEQPBYFRTEM-UHFFFAOYSA-N,True,Organic compounds,Organohalogen compounds,Alkyl halides,Alkyl fluorides,Perfluoroalkyl carboxylic acid and derivatives,Aliphatic acyclic compounds
CXGONMQFMIYUJR-UHFFFAOYSA-N,True,Organic compounds,Organohalogen compounds,Alkyl halides,Alkyl fluorides,Perfluoroalkyl carboxylic acid and derivatives,Aliphatic acyclic compounds
PXUULQAPEKKVAH-UHFFFAOYSA-N,True,Organic compounds,Organohalogen compounds,Alkyl halides,Alkyl fluorides,Perfluoroalkyl carboxylic acid and derivatives,Aliphatic acyclic compounds
UZUFPBIDKMEQEQ-UHFFFAOYSA-N,True,Organic compounds,Organohalogen compounds,Alkyl halides,Alkyl fluorides,Perfluorooctanoic acid and derivatives,Aliphatic acyclic compounds
YFSUTJLHUFNCNZ-UHFFFAOYSA-N,True,Organic compounds,Organohalogen compounds,Alkyl halides,Alkyl fluorides,Perfluorooctane sulfonic acid and derivatives,Aliphatic acyclic compounds
SNGREZUHAYWORS-UHFFFAOYSA-N,True,Organic compounds,Organohalogen compounds,Alkyl halides,Alkyl fluorides,Perfluoroalkyl carboxylic acid and derivatives,Aliphatic acyclic compounds
NROKBHXJSPEDAR-UHFFFAOYSA-M,False,Inorganic compounds,Mixed metal/non-metal compounds,Alkali metal salts,Alkali metal fluorides,Alkali metal fluorides,
MKXKFYHWDHIYRV-UHFFFAOYSA-N,True,Organic compounds,Benzenoids,Benzene and substituted derivatives,Trifluoromethylbenzenes,Trifluoromethylbenzenes,Aromatic homomonocyclic compounds
CQLFBEKRDQMJLZ-UHFFFAOYSA-M,False,Organic compounds,Organic acids and derivatives,Carboxylic acids and derivatives,Carboxylic acid derivatives,Acetate salts,Aliphatic acyclic compounds
SQGYOTSLMSWVJD-UHFFFAOYSA-N,False,Inorganic compounds,Mixed metal/non-metal compounds,Transition metal oxoanionic compounds,Transition metal nitrates,Transition metal nitrates,
IHZDYHDJAVUIBH-UHFFFAOYSA-L,False,Inorganic compounds,Mixed metal/non-metal compounds,Alkali metal oxoanionic compounds,Alkali metal arsenates,Alkali metal arsenates,
PXLIDIMHPNPGMH-UHFFFAOYSA-N,False,Inorganic compounds,Mixed metal/non-metal compounds,Miscellaneous mixed metal/non-metals,Miscellaneous metallic oxoanionic compounds,Miscellaneous chromates,
MHQOTKLEMKRJIR-UHFFFAOYSA-L,False,Inorganic compounds,Mixed metal/non-metal compounds,Alkali metal oxoanionic compounds,Alkali metal selenates,Alkali metal selenates,
BVTBRVFYZUCAKH-UHFFFAOYSA-L,False,Inorganic compounds,Mixed metal/non-metal compounds,Alkali metal oxoanionic compounds,Alkali metal selenites,Alkali metal selenites,
PXMNMQRDXWABCY-UHFFFAOYSA-N,False,Organic compounds,Benzenoids,Benzene and substituted derivatives,Phenylbutylamines,Phenylbutylamines,Aromatic heteromonocyclic compounds
REHONNLQRWTIFF-UHFFFAOYSA-N,False,Organic compounds,Benzenoids,Benzene and substituted derivatives,Biphenyls and derivatives,Polychlorinated biphenyls,Aromatic homomonocyclic compounds
MVWHGTYKUMDIHL-UHFFFAOYSA-N,False,Organic compounds,Benzenoids,Benzene and substituted derivatives,Biphenyls and derivatives,Polychlorinated biphenyls,Aromatic homomonocyclic compounds
ZMWGIGHRZQTQRE-UHFFFAOYSA-N,False,Organic compounds,Benzenoids,Benzene and substituted derivatives,Phenoxyacetic acid derivatives,Phenoxyacetic acid derivatives,Aromatic homomonocyclic compounds
GUQMDNQYMMRJPY-UHFFFAOYSA-N,False,Organic compounds,Organoheterocyclic compounds,Azolidines,Oxazolidines,Oxazolidines,Aliphatic heteromonocyclic compounds
PORQOHRXAJJKGK-UHFFFAOYSA-N,False,Organic compounds,Organohalogen compounds,Aryl halides,Aryl chlorides,Aryl chlorides,Aromatic heteromonocyclic compounds
OSDLLIBGSJNGJE-UHFFFAOYSA-N,False,Organic compounds,Benzenoids,Phenols,Cresols,Meta cresols,Aromatic homomonocyclic compounds
XEGGRYVFLWGFHI-UHFFFAOYSA-N,False,Organic compounds,Organoheterocyclic compounds,Benzodioxoles,,Benzodioxoles,Aromatic heteropolycyclic compounds
RRNIZKPFKNDSRS-UHFFFAOYSA-N,False,Organic compounds,Benzenoids,Benzene and substituted derivatives,Benzenesulfonamides,Benzenesulfonamides,Aromatic homomonocyclic compounds
YBNLWIZAWPBUKQ-UHFFFAOYSA-N,False,Organic compounds,Organosulfur compounds,Sulfonyls,Sulfones,Sulfones,Aliphatic acyclic compounds
PGMZYNZXIYOOHJ-UHFFFAOYSA-N,False,Organic compounds,Benzenoids,Phenol esters,,Phenol esters,Aromatic homomonocyclic compounds
SPNQRCTZKIBOAX-UHFFFAOYSA-N,False,Organic compounds,Benzenoids,Benzene and substituted derivatives,Aniline and substituted anilines,Dinitroanilines,Aromatic homomonocyclic compounds
FBQQHUGEACOBDN-UHFFFAOYSA-N,False,Organic compounds,Organoheterocyclic compounds,Diazanaphthalenes,Benzodiazines,Quinoxalines,Aromatic heteropolycyclic compounds
XFDJMIHUAHSGKG-UHFFFAOYSA-N,False,Organic compounds,Organic acids and derivatives,Organic thiophosphoric acids and derivatives,Thiophosphoric acid esters,Thiophosphate triesters,Aliphatic acyclic compounds
UDHXJZHVNHGCEC-UHFFFAOYSA-N,False,Organic compounds,Benzenoids,Benzene and substituted derivatives,Diphenylmethanes,Diphenylmethanes,Aromatic homopolycyclic compounds
HRBKVYFZANMGRE-UHFFFAOYSA-N,False,Organic compounds,Organic acids and derivatives,Organic thiophosphoric acids and derivatives,Thiophosphoric acid esters,Aryl thiophosphates,Aromatic heteromonocyclic compounds
JBDHZKLJNAIJNC-LLVKDONJSA-N,False,Organic compounds,Benzenoids,Benzene and substituted derivatives,2-phenoxypropionic acid esters,2-phenoxypropionic acid esters,Aromatic heteromonocyclic compounds
KIEDNEWSYUYDSN-UHFFFAOYSA-N,False,Organic compounds,Benzenoids,Benzene and substituted derivatives,Halobenzenes,Chlorobenzenes,Aromatic heteromonocyclic compounds
DFCAFRGABIXSDS-UHFFFAOYSA-N,False,Organic compounds,Organosulfur compounds,Thiocarbonyl compounds,Thiocarbamic acid derivatives,Thiocarbamic acid derivatives,Aliphatic homomonocyclic compounds
HAORKNGNJCEJBX-UHFFFAOYSA-N,False,Organic compounds,Benzenoids,Benzene and substituted derivatives,Aniline and substituted anilines,Aniline and substituted anilines,Aromatic heteromonocyclic compounds
UUIVKBHZENILKB-UHFFFAOYSA-N,False,Organic compounds,Organic acids and derivatives,Carboxylic acids and derivatives,Carboxylic acid derivatives,Primary carboxylic acid amides,Aliphatic acyclic compounds
YOYAIZYFCNQIRF-UHFFFAOYSA-N,False,Organic compounds,Benzenoids,Benzene and substituted derivatives,Halobenzenes,Dichlorobenzenes,Aromatic homomonocyclic compounds
LWLJUMBEZJHXHV-UHFFFAOYSA-N,False,Organic compounds,Organohalogen compounds,Vinyl halides,Vinyl chlorides,Vinyl chlorides,Aliphatic homomonocyclic compounds
BQYJATMQXGBDHF-UHFFFAOYSA-N,False,Organic compounds,Benzenoids,Benzene and substituted derivatives,Diphenylethers,Diphenylethers,Aromatic heteromonocyclic compounds
JLYFCTQDENRSOL-UHFFFAOYSA-N,False,Organic compounds,Organoheterocyclic compounds,Heteroaromatic compounds,,Heteroaromatic compounds,Aromatic heteromonocyclic compounds
JYGLAHSAISAEAL-UHFFFAOYSA-N,False,Organic compounds,Benzenoids,Benzene and substituted derivatives,Diphenylmethanes,Diphenylmethanes,Aromatic homopolycyclic compounds
YUBJPYNSGLJZPQ-UHFFFAOYSA-N,True,Organic compounds,Organoheterocyclic compounds,Pyridines and derivatives,Pyridinecarboxylic acids and derivatives,Pyridinecarboxylic acids and derivatives,Aromatic heteromonocyclic compounds
PTFJIKYUEPWBMS-UHFFFAOYSA-N,True,Organic compounds,Benzenoids,Benzene and substituted derivatives,Aniline and substituted anilines,Dinitroanilines,Aromatic homomonocyclic compounds
CRDAMVZIKSXKFV-UHFFFAOYSA-N,False,Organic compounds,Lipids and lipid-like molecules,Prenol lipids,Sesquiterpenoids,Sesquiterpenoids,Aliphatic acyclic compounds
NHOWDZOIZKMVAI-UHFFFAOYSA-N,False,Organic compounds,Benzenoids,Benzene and substituted derivatives,Diphenylmethanes,Diphenylmethanes,Aromatic heteromonocyclic compounds
HOXINJBQVZWYGZ-UHFFFAOYSA-N,False,Organic compounds,Benzenoids,Benzene and substituted derivatives,Phenylpropanes,Phenylpropanes,Aromatic homomonocyclic compounds
PQKBPHSEKWERTG-UHFFFAOYSA-N,False,Organic compounds,Benzenoids,Benzene and substituted derivatives,2-phenoxypropionic acid esters,2-phenoxypropionic acid esters,Aromatic heteropolycyclic compounds
HJUFTIJOISQSKQ-UHFFFAOYSA-N,False,Organic compounds,Benzenoids,Benzene and substituted derivatives,Diphenylethers,Diphenylethers,Aromatic homomonocyclic compounds
MUJOIMFVNIBMKC-UHFFFAOYSA-N,False,Organic compounds,Organoheterocyclic compounds,Benzodioxoles,,Benzodioxoles,Aromatic heteropolycyclic compounds
OTSAMNSACVKIOJ-UHFFFAOYSA-N,False,Organic compounds,Organic acids and derivatives,Organic phosphonic acids and derivatives,Organic phosphonic acids,Organic phosphonic acids,Aliphatic acyclic compounds
BXJHOKLLMOYSRQ-WFKFFMJQSA-N,False,Organic compounds,Lipids and lipid-like molecules,Fatty Acyls,Fatty alcohol esters,Fatty alcohol esters,Aliphatic acyclic compounds
HDHLIWCXDDZUFH-UHFFFAOYSA-N,False,Organic compounds,Organoheterocyclic compounds,Triazines,"1,3,5-triazines",Methylthio-s-triazines,Aromatic heteromonocyclic compounds
HOQADATXFBOEGG-UHFFFAOYSA-N,False,Organic compounds,Benzenoids,Benzene and substituted derivatives,Benzoic acids and derivatives,Benzoic acid esters,Aromatic homomonocyclic compounds
XVCUGNWRDDNCRD-UHFFFAOYSA-M,True,Organic compounds,Organohalogen compounds,Alkyl halides,Alkyl fluorides,Perfluorooctane sulfonic acid and derivatives,Aliphatic acyclic compounds
KPUREKXXPHOJQT-UHFFFAOYSA-N,False,Organic compounds,Organic oxygen compounds,Organooxygen compounds,Carbonyl compounds,"Benzoylcyclohexane-1,3-diones",Aromatic homomonocyclic compounds
WVQBLGZPHOPPFO-LBPRGKRZSA-N,False,Organic compounds,Benzenoids,Benzene and substituted derivatives,Anilides,Anilides,Aromatic homomonocyclic compounds
JXTHEWSKYLZVJC-UHFFFAOYSA-N,False,Organic compounds,Benzenoids,Naphthalenes,,Naphthalenes,Aromatic homopolycyclic compounds
YWTYJOPNNQFBPC-UHFFFAOYSA-N,False,Organic compounds,Organic nitrogen compounds,Organonitrogen compounds,Guanidines,Nitroguanidines,Aromatic heteromonocyclic compounds
VCRZAKVGPJFABU-UHFFFAOYSA-N,False,Organic compounds,Organic oxygen compounds,Organooxygen compounds,Ethers,Diarylethers,Aromatic heteropolycyclic compounds
BULVZWIRKLYCBC-UHFFFAOYSA-N,False,Organic compounds,Organic acids and derivatives,Organic dithiophosphoric acids and derivatives,Dithiophosphate O-esters,Dithiophosphate O-esters,Aliphatic acyclic compounds
ZTYVMAQSHCZXLF-UHFFFAOYSA-N,False,Organic compounds,Organic nitrogen compounds,Organonitrogen compounds,Sulfonylureas,Pyrimidinyl-2-sulfonylureas,Aromatic heteromonocyclic compounds
QYMMJNLHFKGANY-UHFFFAOYSA-N,False,Organic compounds,Benzenoids,Benzene and substituted derivatives,Phenoxy compounds,Phenoxy compounds,Aromatic homomonocyclic compounds
BZNDWPRGXNILMS-VQHVLOKHSA-N,False,Organic compounds,Lipids and lipid-like molecules,Fatty Acyls,Fatty acid esters,Fatty acid esters,Aliphatic acyclic compounds
JXVIIQLNUPXOII-UHFFFAOYSA-N,False,Organic compounds,Benzenoids,Benzene and substituted derivatives,N-phenylureas,N-phenylureas,Aromatic homomonocyclic compounds
AWYOMXWDGWUJHS-UHFFFAOYSA-N,False,Organic compounds,Organic acids and derivatives,Organic thiophosphoric acids and derivatives,Thiophosphoric acid esters,Pyrimidinyl phosphorothioates,Aromatic heteromonocyclic compounds
WWJZWCUNLNYYAU-UHFFFAOYSA-N,False,Organic compounds,Organic acids and derivatives,Organic thiophosphoric acids and derivatives,Thiophosphoric acid esters,Phenyl thiophosphates,Aromatic homomonocyclic compounds
YIJZJEYQBAAWRJ-UHFFFAOYSA-N,True,Organic compounds,Organoheterocyclic compounds,Pyridines and derivatives,Pyridinecarboxylic acids and derivatives,Pyridinecarboxylic acids,Aromatic heteromonocyclic compounds
BAZVSMNPJJMILC-UHFFFAOYSA-N,False,Organic compounds,Benzenoids,Phenol ethers,,Phenol ethers,Aromatic heteromonocyclic compounds
REEQLXCGVXDJSQ-UHFFFAOYSA-N,False,Organic compounds,Organoheterocyclic compounds,Pyridines and derivatives,Halopyridines,Polyhalopyridines,Aromatic heteromonocyclic compounds
XEFQLINVKFYRCS-UHFFFAOYSA-N,False,Organic compounds,Benzenoids,Benzene and substituted derivatives,Diphenylethers,Diphenylethers,Aromatic homomonocyclic compounds
HSMVPDGQOIQYSR-KGENOOAVSA-N,True,Organic compounds,Benzenoids,Benzene and substituted derivatives,Trifluoromethylbenzenes,Trifluoromethylbenzenes,Aromatic heteromonocyclic compounds
YNWVFADWVLCOPU-MDWZMJQESA-N,False,Organic compounds,Phenylpropanoids and polyketides,Cinnamyl alcohols,,Cinnamyl alcohols,Aromatic heteromonocyclic compounds
IIDFEIDMIKSJSV-UHFFFAOYSA-N,False,Organic compounds,Organic acids and derivatives,Organic thiophosphoric acids and derivatives,Thiophosphoric acid esters,Thiophosphoric acid esters,Aliphatic acyclic compounds
XYRTVIAPRQLSOW-UHFFFAOYSA-N,False,Organic compounds,Organoheterocyclic compounds,Triazinanes,"1,3,5-triazinanes","1,3,5-triazinanes",Aliphatic heteromonocyclic compounds
OBENDWOJIFFDLZ-UHFFFAOYSA-N,False,Organic compounds,Organoheterocyclic compounds,Azoles,Pyrazoles,Pyrazoles,Aromatic heteromonocyclic compounds
ZWLUXSQADUDCSB-UHFFFAOYSA-N,False,Organic compounds,Benzenoids,Benzene and substituted derivatives,Benzoyl derivatives,Benzoyl derivatives,Aromatic homomonocyclic compounds
KXPXKNBDCUOENF-UHFFFAOYSA-N,False,Organic compounds,Organosulfur compounds,Thioethers,Dialkylthioethers,Dialkylthioethers,Aliphatic acyclic compounds
QGSRKGWCQSATCL-UHFFFAOYSA-N,False,Organic compounds,Organohalogen compounds,Aryl halides,Aryl chlorides,Aryl chlorides,Aromatic heteromonocyclic compounds
UELITFHSCLAHKR-UHFFFAOYSA-N,False,Organic compounds,Organoheterocyclic compounds,Benzothiadiazoles,,Benzothiadiazoles,Aromatic heteropolycyclic compounds
WFDXOXNFNRHQEC-GHRIWEEISA-N,False,Organic compounds,Benzenoids,Benzene and substituted derivatives,Phenyl-beta-methoxyacrylates,Phenyl-beta-methoxyacrylates,Aromatic heteromonocyclic compounds
DMSMPAJRVJJAGA-UHFFFAOYSA-N,False,Organic compounds,Organoheterocyclic compounds,Benzothiazoles,,Benzothiazoles,Aromatic heteropolycyclic compounds
VHLKTXFWDRXILV-UHFFFAOYSA-N,False,Organic compounds,Benzenoids,Benzene and substituted derivatives,Biphenyls and derivatives,Biphenyls and derivatives,Aromatic homomonocyclic compounds
GQHVWDKJTDUZRP-UHFFFAOYSA-N,False,Organic compounds,Organoheterocyclic compounds,Oxazinanes,Morpholines,Morpholines,Aliphatic heteromonocyclic compounds
VEUZZDOCACZPRY-UHFFFAOYSA-N,False,Organic compounds,Benzenoids,Naphthalenes,Phenylnaphthalenes,Phenylnaphthalenes,Aromatic heteropolycyclic compounds
HJJVPARKXDDIQD-UHFFFAOYSA-N,False,Organic compounds,Benzenoids,Benzene and substituted derivatives,Halobenzenes,Dichlorobenzenes,Aromatic heteromonocyclic compounds
CWFOCCVIPCEQCK-UHFFFAOYSA-N,True,Organic compounds,Organoheterocyclic compounds,Pyrroles,Substituted pyrroles,Phenylpyrroles,Aromatic heteromonocyclic compounds
LINPVWIEWJTEEJ-UHFFFAOYSA-N,False,Organic compounds,Benzenoids,Fluorenes,,Fluorenes,Aromatic homopolycyclic compounds
RVKCCVTVZORVGD-QXMHVHEDSA-N,False,Organic compounds,Organic acids and derivatives,Vinylogous acids,,Vinylogous acids,Aliphatic homomonocyclic compounds
FJDPATXIBIBRIM-UHFFFAOYSA-N,False,Organic compounds,Lipids and lipid-like molecules,Fatty Acyls,Fatty acid esters,Pyrethroids,Aromatic homomonocyclic compounds
RUPBZQFQVRMKDG-UHFFFAOYSA-M,False,Organic compounds,Organic nitrogen compounds,Organonitrogen compounds,Quaternary ammonium salts,Tetraalkylammonium salts,Aliphatic acyclic compounds
WFKSADNZWSKCRZ-UHFFFAOYSA-N,False,Organic compounds,Organic acids and derivatives,Carboxylic acids and derivatives,"Amino acids, peptides, and analogues",Alpha amino acid esters,Aromatic homomonocyclic compounds
XOILGBPDXMVFIP-UHFFFAOYSA-N,False,Organic compounds,Benzenoids,Benzene and substituted derivatives,Toluenes,Tosyl compounds,Aromatic homomonocyclic compounds
IITCWRFYJWUUPC-UHFFFAOYSA-N,False,Organic compounds,Organoheterocyclic compounds,Pyridines and derivatives,Pyridinecarboxylic acids and derivatives,Pyridinecarboxylic acids,Aromatic heteromonocyclic compounds
KQTVWCSONPJJPE-UHFFFAOYSA-N,False,Organic compounds,Organic oxygen compounds,Organooxygen compounds,Ethers,Alkyl aryl ethers,Aromatic heteromonocyclic compounds
RQDJADAKIFFEKQ-UHFFFAOYSA-N,False,Organic compounds,Phenylpropanoids and polyketides,"Linear 1,3-diarylpropanoids",,"Linear 1,3-diarylpropanoids",Aromatic heteromonocyclic compounds
VDLGAVXLJYLFDH-UHFFFAOYSA-N,False,Organic compounds,Benzenoids,Benzene and substituted derivatives,Anilides,Anilides,Aromatic homomonocyclic compounds
UZCGKGPEKUCDTF-UHFFFAOYSA-N,True,Organic compounds,Benzenoids,Benzene and substituted derivatives,Trifluoromethylbenzenes,Trifluoromethylbenzenes,Aromatic heteromonocyclic compounds
IANUJLZYFUDJIH-UHFFFAOYSA-N,True,Organic compounds,Benzenoids,Benzene and substituted derivatives,Anilides,Anilides,Aromatic heteromonocyclic compounds
PWNAWOCHVWERAR-UHFFFAOYSA-N,True,Organic compounds,Benzenoids,Benzene and substituted derivatives,Phenylmethylamines,Phenylbenzamines,Aromatic homomonocyclic compounds
FOUWCSDKDDHKQP-UHFFFAOYSA-N,False,Organic compounds,Organoheterocyclic compounds,Benzoxazines,Benzoxazinones,Benzoxazinones,Aromatic heteropolycyclic compounds
ZCNQYNHDVRPZIH-UHFFFAOYSA-N,False,Organic compounds,Organosulfur compounds,Thioethers,Aryl thioethers,Aryl thioethers,Aromatic heteropolycyclic compounds
YYJNOYZRYGDPNH-MFKUBSTISA-N,False,Organic compounds,Organic oxygen compounds,Organooxygen compounds,Ethers,Diarylethers,Aromatic heteromonocyclic compounds
ZOTBXTZVPHCKPN-HTXNQAPBSA-N,False,Organic compounds,Benzenoids,Phenol ethers,,Phenol ethers,Aromatic homomonocyclic compounds
ZXQYGBMAQZUVMI-GCMPRSNUSA-N,True,Organic compounds,Lipids and lipid-like molecules,Fatty Acyls,Fatty acid esters,Pyrethroids,Aromatic homomonocyclic compounds
WLLGXSLBOPFWQV-UHFFFAOYSA-N,False,Organic compounds,Organoheterocyclic compounds,Isoindoles and derivatives,Isoindolines,Isoindolones,Aliphatic heteropolycyclic compounds
YFGYUFNIOHWBOB-UHFFFAOYSA-N,False,Organic compounds,Organic nitrogen compounds,Organonitrogen compounds,Amines,Dialkylarylamines,Aromatic heteromonocyclic compounds
DWFZBUWUXWZWKD-UHFFFAOYSA-N,False,Organic compounds,Benzenoids,Benzene and substituted derivatives,Phenylpropanes,Phenylpropanes,Aromatic heteromonocyclic compounds
JJSYXNQGLHBRRK-SFEDZAPPSA-N,False,Organic compounds,Lipids and lipid-like molecules,Prenol lipids,Diterpenoids,Diterpenoids,Aromatic heteropolycyclic compounds
ZFHGXWPMULPQSE-WTKPLQERSA-N,True,Organic compounds,Benzenoids,Benzene and substituted derivatives,Benzyloxycarbonyls,Benzyloxycarbonyls,Aromatic homomonocyclic compounds
XDOTVMNBCQVZKG-MKICQXMISA-N,False,Organic compounds,Organic acids and derivatives,Organic carbonic acids and derivatives,,Organic carbonic acids and derivatives,Aliphatic acyclic compounds
IVDRCZNHVGQBHZ-UHFFFAOYSA-N,False,Organic compounds,Organoheterocyclic compounds,Pyridines and derivatives,Halopyridines,Polyhalopyridines,Aromatic heteromonocyclic compounds
SOUGWDPPRBKJEX-UHFFFAOYSA-N,False,Organic compounds,Benzenoids,Benzene and substituted derivatives,Halobenzenes,Dichlorobenzenes,Aromatic homomonocyclic compounds
OWNRRUFOJXFKCU-UHFFFAOYSA-N,False,Organic compounds,Phenylpropanoids and polyketides,Diarylheptanoids,Linear diarylheptanoids,Linear diarylheptanoids,Aromatic heteropolycyclic compounds
USMZPYXTVKAYST-UHFFFAOYSA-N,True,Organic compounds,Benzenoids,Benzene and substituted derivatives,Aniline and substituted anilines,Dinitroanilines,Aromatic homomonocyclic compounds
BHZWBQPHPLFZSV-UHFFFAOYSA-N,False,Organic compounds,Benzenoids,Phenol esters,,Phenol esters,Aromatic homomonocyclic compounds
GLWWLNJJJCTFMZ-UHFFFAOYSA-N,False,Organic compounds,Benzenoids,Benzene and substituted derivatives,Anilides,Anilides,Aromatic homomonocyclic compounds
UFNOUKDBUJZYDE-UHFFFAOYSA-N,False,Organic compounds,Benzenoids,Benzene and substituted derivatives,Phenylpropanes,Phenylpropanes,Aromatic heteromonocyclic compounds
BACHBFVBHLGWSL-UHFFFAOYSA-N,False,Organic compounds,Benzenoids,Benzene and substituted derivatives,Diphenylethers,Diphenylethers,Aromatic homomonocyclic compounds
YREQHYQNNWYQCJ-UHFFFAOYSA-N,False,Organic compounds,Benzenoids,Benzene and substituted derivatives,Diphenylethers,Diphenylethers,Aromatic homomonocyclic compounds
VJYFKVYYMZPMAB-UHFFFAOYSA-N,False,Organic compounds,Organophosphorus compounds,Organothiophosphorus compounds,,Organothiophosphorus compounds,Aliphatic acyclic compounds
ZNOLGFHPUIJIMJ-UHFFFAOYSA-N,False,Organic compounds,Organic acids and derivatives,Organic thiophosphoric acids and derivatives,Thiophosphoric acid esters,Phenyl thiophosphates,Aromatic homomonocyclic compounds
MNFMIVVPXOGUMX-UHFFFAOYSA-N,True,Organic compounds,Benzenoids,Benzene and substituted derivatives,Aniline and substituted anilines,Dinitroanilines,Aromatic homomonocyclic compounds
RXCPQSJAVKGONC-UHFFFAOYSA-N,False,Organic compounds,Organoheterocyclic compounds,Triazolopyrimidines,"1,2,4-triazolopyrimidine-2-sulfonamides","1,2,4-triazolopyrimidine-2-sulfonanilides",Aromatic heteropolycyclic compounds
CNKHSLKYRMDDNQ-UHFFFAOYSA-N,False,Organic compounds,Benzenoids,Benzene and substituted derivatives,Benzoic acids and derivatives,4-halobenzoic acids and derivatives,Aromatic homomonocyclic compounds
RGNPBRKPHBKNKX-UHFFFAOYSA-N,True,Organic compounds,Benzenoids,Benzene and substituted derivatives,N-phenylureas,N-benzoyl-N'-phenylureas,Aromatic homomonocyclic compounds
KGVPNLBXJKTABS-UHFFFAOYSA-N,False,Organic compounds,Organoheterocyclic compounds,Azoles,Isoxazoles,Isoxazoles,Aromatic heteromonocyclic compounds
JTEDVYBZBROSJT-UHFFFAOYSA-N,False,Organic compounds,Organoheterocyclic compounds,Indoles and derivatives,Indoles,3-alkylindoles,Aromatic heteropolycyclic compounds
FZRBKIRIBLNOAM-WHVZTFIZSA-N,False,Organic compounds,Lipids and lipid-like molecules,Prenol lipids,Sesquiterpenoids,Sesquiterpenoids,Aliphatic acyclic compounds
YFBPRJGDJKVWAH-UHFFFAOYSA-N,False,Organic compounds,Benzenoids,Benzene and substituted derivatives,Phenoxy compounds,Phenoxy compounds,Aromatic homomonocyclic compounds
NFGXHKASABOEEW-LDRANXPESA-N,False,Organic compounds,Lipids and lipid-like molecules,Prenol lipids,Sesquiterpenoids,Sesquiterpenoids,Aliphatic acyclic compounds
QCAWEPFNJXQPAN-UHFFFAOYSA-N,False,Organic compounds,Benzenoids,Benzene and substituted derivatives,Benzoic acids and derivatives,Benzoic acids and derivatives,Aromatic homomonocyclic compounds
NWBJYWHLCVSVIJ-UHFFFAOYSA-N,False,Organic compounds,Organoheterocyclic compounds,Imidazopyrimidines,Purines and purine derivatives,6-alkylaminopurines,Aromatic heteropolycyclic compounds
UWVQIROCRJWDKL-UHFFFAOYSA-N,False,Organic compounds,Benzenoids,Benzene and substituted derivatives,Anilides,Anilides,Aromatic heteromonocyclic compounds
BZGLBXYQOMFXAU-UHFFFAOYSA-N,False,Organic compounds,Benzenoids,Benzene and substituted derivatives,Benzoic acids and derivatives,Benzoic acid esters,Aromatic heteromonocyclic compounds
QHMTXANCGGJZRX-WUXMJOGZSA-N,False,Organic compounds,Organoheterocyclic compounds,Triazines,"1,2,4-triazines","1,2,4-triazines",Aromatic heteromonocyclic compounds
HZRSNVGNWUDEFX-UHFFFAOYSA-N,False,Organic compounds,Organoheterocyclic compounds,Azoles,Pyrazoles,Phenylpyrazoles,Aromatic heteromonocyclic compounds
JTZCTMAVMHRNTR-UHFFFAOYSA-N,False,Organic compounds,Organoheterocyclic compounds,Diazines,Pyridazines and derivatives,Phenylpyridazines,Aromatic heteromonocyclic compounds
NHDHVHZZCFYRSB-UHFFFAOYSA-N,False,Organic compounds,Benzenoids,Benzene and substituted derivatives,Diphenylethers,Diphenylethers,Aromatic heteromonocyclic compounds
FFSSWMQPCJRCRV-UHFFFAOYSA-N,False,Organic compounds,Organoheterocyclic compounds,Quinolines and derivatives,Quinoline carboxylic acids,Quinoline carboxylic acids,Aromatic heteropolycyclic compounds
MEFOUWRMVYJCQC-UHFFFAOYSA-N,False,Organic compounds,Organoheterocyclic compounds,Pyridines and derivatives,Pyridinesulfonamides,Pyridinesulfonamides,Aromatic heteromonocyclic compounds
OORLZFUTLGXMEF-UHFFFAOYSA-N,False,Organic compounds,Organoheterocyclic compounds,Azoles,Triazoles,"Phenyl-1,2,4-triazoles",Aromatic heteromonocyclic compounds
CCEKAJIANROZEO-UHFFFAOYSA-N,True,Organic compounds,Organohalogen compounds,Alkyl halides,Alkyl fluorides,Perfluorooctane sulfonic acid and derivatives,Aliphatic acyclic compounds
TUBQDCKAWGHZPF-UHFFFAOYSA-N,False,Organic compounds,Organoheterocyclic compounds,Benzothiazoles,,Benzothiazoles,Aromatic heteropolycyclic compounds
UBCKGWBNUIFUST-YHYXMXQVSA-N,False,Organic compounds,Benzenoids,Benzene and substituted derivatives,Styrenes,Styrenes,Aromatic homomonocyclic compounds
CXBMCYHAMVGWJQ-UHFFFAOYSA-N,False,Organic compounds,Organoheterocyclic compounds,Isoindoles and derivatives,Isoindolines,Isoindolones,Aliphatic heteropolycyclic compounds
HFCYZXMHUIHAQI-UHFFFAOYSA-N,False,Organic compounds,Benzenoids,Benzene and substituted derivatives,N-phenylureas,N-phenylureas,Aromatic heteromonocyclic compounds
IGOWHGRNPLFNDJ-ZPHPHTNESA-N,False,Organic compounds,Hydrocarbons,Unsaturated hydrocarbons,Unsaturated aliphatic hydrocarbons,Unsaturated aliphatic hydrocarbons,Aliphatic acyclic compounds
RROQIUMZODEXOR-UHFFFAOYSA-N,False,Organic compounds,Organoheterocyclic compounds,Diazinanes,Piperazines,N-alkylpiperazines,Aliphatic heteromonocyclic compounds
SDIXRDNYIMOKSG-UHFFFAOYSA-L,False,Organic compounds,Organometallic compounds,Organometalloid compounds,Organoarsenic compounds,Pentaorganoarsanes,Aliphatic acyclic compounds
NYPJDWWKZLNGGM-RPWUZVMVSA-N,False,Organic compounds,Lipids and lipid-like molecules,Fatty Acyls,Fatty acid esters,Pyrethroids,Aromatic homomonocyclic compounds
WNTGYJSOUMFZEP-SSDOTTSWSA-N,False,Organic compounds,Benzenoids,Benzene and substituted derivatives,2-phenoxypropionic acids,2-phenoxypropionic acids,Aromatic homomonocyclic compounds
ZQEIXNIJLIKNTD-GFCCVEGCSA-N,False,Organic compounds,Organic acids and derivatives,Carboxylic acids and derivatives,"Amino acids, peptides, and analogues",Alpha amino acid esters,Aromatic homomonocyclic compounds
JXHJNEJVUNHLKO-UHFFFAOYSA-N,False,Organic compounds,Benzenoids,Benzene and substituted derivatives,Phenoxy compounds,Phenoxy compounds,Aromatic homomonocyclic compounds
GEPDYQSQVLXLEU-UHFFFAOYSA-N,False,Organic compounds,Lipids and lipid-like molecules,Fatty Acyls,Fatty acid esters,Fatty acid esters,Aliphatic acyclic compounds
SBNFWQZLDJGRLK-UHFFFAOYSA-N,False,Organic compounds,Lipids and lipid-like molecules,Fatty Acyls,Fatty acid esters,Pyrethroids,Aromatic homomonocyclic compounds
VBCVPMMZEGZULK-NRFANRHFSA-N,True,Organic compounds,Benzenoids,Benzene and substituted derivatives,Phenylcarbamic acid esters,Phenylcarbamic acid esters,Aromatic heteropolycyclic compounds
BWLBGMIXKSTLSX-UHFFFAOYSA-N,False,Organic compounds,Organic acids and derivatives,Hydroxy acids and derivatives,Alpha hydroxy acids and derivatives,Alpha hydroxy acids and derivatives,Aliphatic acyclic compounds
WOVKYSAHUYNSMH-RRKCRQDMSA-N,False,Organic compounds,"Nucleosides, nucleotides, and analogues",Pyrimidine nucleosides,Pyrimidine 2'-deoxyribonucleosides,Pyrimidine 2'-deoxyribonucleosides,Aromatic heteromonocyclic compounds
KPGXRSRHYNQIFN-UHFFFAOYSA-N,False,Organic compounds,Organic acids and derivatives,Keto acids and derivatives,Gamma-keto acids and derivatives,Gamma-keto acids and derivatives,Aliphatic acyclic compounds
KFYRPLNVJVHZGT-UHFFFAOYSA-N,False,Organic compounds,Benzenoids,Dibenzocycloheptenes,,Dibenzocycloheptenes,Aromatic homopolycyclic compounds
AKGGYBADQZYZPD-UHFFFAOYSA-N,False,Organic compounds,Benzenoids,Benzene and substituted derivatives,,Benzene and substituted derivatives,Aromatic homomonocyclic compounds
DVBJBNKEBPCGSY-UHFFFAOYSA-M,False,Organic compounds,Organoheterocyclic compounds,Pyridines and derivatives,Pyridinium derivatives,Pyridinium derivatives,Aromatic heteromonocyclic compounds
GHXZTYHSJHQHIJ-UHFFFAOYSA-N,False,Organic compounds,Benzenoids,Benzene and substituted derivatives,Halobenzenes,Chlorobenzenes,Aromatic homomonocyclic compounds
XCIXKGXIYUWCLL-UHFFFAOYSA-N,False,Organic compounds,Organic oxygen compounds,Organooxygen compounds,Alcohols and polyols,Cyclopentanols,Aliphatic homomonocyclic compounds
FHHPUSMSKHSNKW-SMOYURAASA-M,False,Organic compounds,Lipids and lipid-like molecules,Steroids and steroid derivatives,"Bile acids, alcohols and derivatives","Dihydroxy bile acids, alcohols and derivatives",Aliphatic homopolycyclic compounds
ZLYYJUJDFKGVKB-OWOJBTEDSA-N,False,Organic compounds,Organohalogen compounds,Acyl halides,Acyl chlorides,Acyl chlorides,Aliphatic acyclic compounds
PSCMQHVBLHHWTO-UHFFFAOYSA-K,False,Inorganic compounds,Mixed metal/non-metal compounds,Post-transition metal salts,Post-transition metal chlorides,Post-transition metal chlorides,
ANGDWNBGPBMQHW-UHFFFAOYSA-N,False,Organic compounds,Organic acids and derivatives,Carboxylic acids and derivatives,Carboxylic acid derivatives,Methyl esters,Aliphatic acyclic compounds
GCKMFJBGXUYNAG-HLXURNFRSA-N,False,Organic compounds,Lipids and lipid-like molecules,Steroids and steroid derivatives,Androstane steroids,Androgens and derivatives,Aliphatic homopolycyclic compounds
TXXWBTOATXBWDR-UHFFFAOYSA-N,False,Organic compounds,Organic nitrogen compounds,Organonitrogen compounds,Amines,Trialkylamines,Aliphatic acyclic compounds
IGFHQQFPSIBGKE-UHFFFAOYSA-N,False,Organic compounds,Benzenoids,Phenols,1-hydroxy-2-unsubstituted benzenoids,1-hydroxy-2-unsubstituted benzenoids,Aromatic homomonocyclic compounds
QXJKBPAVAHBARF-UHFFFAOYSA-N,False,Organic compounds,Organoheterocyclic compounds,Piperidines,Phenylpiperidines,Phenylpiperidines,Aromatic heteropolycyclic compounds
WBHQBSYUUJJSRZ-UHFFFAOYSA-M,False,Inorganic compounds,Mixed metal/non-metal compounds,Alkali metal oxoanionic compounds,Alkali metal sulfates,Alkali metal sulfates,
IIACRCGMVDHOTQ-UHFFFAOYSA-N,False,Inorganic compounds,Homogeneous non-metal compounds,Other non-metal organides,Other non-metal oxides,Other non-metal oxides,
DOQPXTMNIUCOSY-UHFFFAOYSA-N,False,Organic compounds,Benzenoids,Benzene and substituted derivatives,Phenylbutylamines,Phenylbutylamines,Aromatic homomonocyclic compounds
CLPFFLWZZBQMAO-UHFFFAOYSA-N,False,Organic compounds,Organoheterocyclic compounds,Imidazopyridines,,Imidazopyridines,Aromatic heteropolycyclic compounds
LNEPOXFFQSENCJ-UHFFFAOYSA-N,False,Organic compounds,Organic oxygen compounds,Organooxygen compounds,Carbonyl compounds,Alkyl-phenylketones,Aromatic heteromonocyclic compounds
BAZAXWOYCMUHIX-UHFFFAOYSA-M,False,Inorganic compounds,Mixed metal/non-metal compounds,Alkali metal oxoanionic compounds,Alkali metal perchlorates,Alkali metal perchlorates,
NKANXQFJJICGDU-QPLCGJKRSA-N,False,Organic compounds,Phenylpropanoids and polyketides,Stilbenes,,Stilbenes,Aromatic homomonocyclic compounds
MEHHPFQKXOUFFV-OWSLCNJRSA-N,False,Organic compounds,Lipids and lipid-like molecules,Steroids and steroid derivatives,Estrane steroids,Estrogens and derivatives,Aliphatic homopolycyclic compounds
RSVPPPHXAASNOL-UHFFFAOYSA-N,True,Organic compounds,Benzenoids,Benzene and substituted derivatives,Aniline and substituted anilines,Dinitroanilines,Aromatic homomonocyclic compounds
PUYXTUJWRLOUCW-UHFFFAOYSA-N,False,Organic compounds,Organic oxygen compounds,Organooxygen compounds,Ethers,Ketals,Aliphatic heteropolycyclic compounds
ZZYSLNWGKKDOML-UHFFFAOYSA-N,False,Organic compounds,Benzenoids,Benzene and substituted derivatives,Phenylpropanes,Phenylpropanes,Aromatic heteromonocyclic compounds
QLHULAHOXSSASE-UHFFFAOYSA-N,False,Organic compounds,Organoheterocyclic compounds,Piperidines,Piperidinecarboxylic acids and derivatives,Piperidinecarboxylic acids,Aliphatic heteromonocyclic compounds
IOYNQIMAUDJVEI-ZFNPBRLTSA-N,False,Organic compounds,Organic oxygen compounds,Organooxygen compounds,Carbonyl compounds,Cyclohexenones,Aliphatic heteromonocyclic compounds
BEGLCMHJXHIJLR-UHFFFAOYSA-N,False,Organic compounds,Organoheterocyclic compounds,Azoles,Thiazoles,Thiazoles,Aromatic heteromonocyclic compounds
IWVCMVBTMGNXQD-PXOLEDIWSA-N,False,Organic compounds,Phenylpropanoids and polyketides,Tetracyclines,,Tetracyclines,Aromatic homopolycyclic compounds
NQQBTWVFKDDVIB-UHFFFAOYSA-N,False,Organic compounds,Organoheterocyclic compounds,Pyridines and derivatives,Pyridinecarboxylic acids and derivatives,Pyridinecarboxylic acids,
PVSGXWMWNRGTKE-UHFFFAOYSA-N,False,Organic compounds,Organic acids and derivatives,Carboxylic acids and derivatives,"Amino acids, peptides, and analogues",Alpha amino acids and derivatives,Aromatic heteromonocyclic compounds
SODPIMGUZLOIPE-UHFFFAOYSA-N,False,Organic compounds,Benzenoids,Benzene and substituted derivatives,Phenoxyacetic acid derivatives,Chlorophenoxyacetates,Aromatic homomonocyclic compounds
DHNRXBZYEKSXIM-UHFFFAOYSA-N,False,Organic compounds,Organohalogen compounds,Aryl halides,Aryl chlorides,Aryl chlorides,Aromatic heteromonocyclic compounds
QDRXWCAVUNHOGA-UHFFFAOYSA-N,False,Organic compounds,Benzenoids,Naphthalenes,Naphthoquinones,Naphthoquinones,Aromatic homopolycyclic compounds
WCXDHFDTOYPNIE-RIYZIHGNSA-N,False,Organic compounds,Organoheterocyclic compounds,Pyridines and derivatives,Halopyridines,2-halopyridines,Aromatic heteromonocyclic compounds
OLZQTUCTGLHFTQ-UHFFFAOYSA-N,False,Organic compounds,Organoheterocyclic compounds,Pyridines and derivatives,Halopyridines,Polyhalopyridines,Aromatic heteromonocyclic compounds
NKNFWVNSBIXGLL-UHFFFAOYSA-N,False,Organic compounds,Organosulfur compounds,Thioethers,Aryl thioethers,Aryl thioethers,Aromatic heteromonocyclic compounds
ORFPWVRKFLOQHK-UHFFFAOYSA-N,False,Organic compounds,Organoheterocyclic compounds,Azoles,Triazoles,Triazoles,Aromatic heteromonocyclic compounds
NIXXQNOQHKNPEJ-UHFFFAOYSA-N,False,Organic compounds,Organoheterocyclic compounds,Pyridines and derivatives,Pyridinecarboxylic acids and derivatives,Pyridinecarboxylic acids,Aromatic heteromonocyclic compounds
HUTDUHSNJYTCAR-UHFFFAOYSA-N,False,Organic compounds,Benzenoids,Phenol ethers,Anisoles,Anisoles,Aromatic heteromonocyclic compounds
DJHGAFSJWGLOIV-UHFFFAOYSA-N,False,Inorganic compounds,Mixed metal/non-metal compounds,Miscellaneous mixed metal/non-metals,Miscellaneous metallic oxoanionic compounds,Miscellaneous arsenates,
COHDHYZHOPQOFD-UHFFFAOYSA-N,False,Inorganic compounds,Mixed metal/non-metal compounds,Metalloid organides,Metalloid oxides,Metalloid oxides,
XAIPTRIXGHTTNT-UHFFFAOYSA-N,True,Organic compounds,Benzenoids,Benzene and substituted derivatives,N-phenylureas,N-benzoyl-N'-phenylureas,Aromatic homomonocyclic compounds
PWPJGUXAGUPAHP-UHFFFAOYSA-N,True,Organic compounds,Benzenoids,Benzene and substituted derivatives,N-phenylureas,N-phenylureas,Aromatic homomonocyclic compounds
JEDYYFXHPAIBGR-UHFFFAOYSA-N,True,Organic compounds,Benzenoids,Benzene and substituted derivatives,Benzoic acids and derivatives,Benzoic acid esters,Aromatic heteromonocyclic compounds
BIKACRYIQSLICJ-UHFFFAOYSA-N,False,Organic compounds,Benzenoids,Benzene and substituted derivatives,Benzoic acids and derivatives,Benzoic acid esters,Aromatic heteropolycyclic compounds
VEMKTZHHVJILDY-UXHICEINSA-N,False,Organic compounds,Lipids and lipid-like molecules,Prenol lipids,Monoterpenoids,Aromatic monoterpenoids,Aromatic heteromonocyclic compounds
CDMADVZSLOHIFP-UHFFFAOYSA-N,False,Inorganic compounds,Mixed metal/non-metal compounds,Alkali metal oxoanionic compounds,Alkali metal borates,Alkali metal borates,
NVIFVTYDZMXWGX-UHFFFAOYSA-N,False,Inorganic compounds,Mixed metal/non-metal compounds,Metalloid organides,Metalloid oxides,Metalloid oxides,
WYEMLYFITZORAB-UHFFFAOYSA-N,False,Organic compounds,Benzenoids,Benzene and substituted derivatives,Anilides,Aromatic anilides,Aromatic heteromonocyclic compounds
PRLVTUNWOQKEAI-UHFFFAOYSA-N,False,Organic compounds,Organoheterocyclic compounds,Thiadiazinanes,,Thiadiazinanes,Aromatic heteromonocyclic compounds
HKPHPIREJKHECO-UHFFFAOYSA-N,False,Organic compounds,Benzenoids,Benzene and substituted derivatives,Anilides,Anilides,Aromatic homomonocyclic compounds
IHQKEDIOMGYHEB-UHFFFAOYSA-M,False,Organic compounds,Organometallic compounds,Organometalloid compounds,Organoarsenic compounds,Pentaorganoarsanes,Aliphatic acyclic compounds
AXCZMVOFGPJBDE-UHFFFAOYSA-L,False,Inorganic compounds,Mixed metal/non-metal compounds,Alkaline earth metal oxoanionic compounds,Alkaline earth metal hydroxides,Alkaline earth metal hydroxides,
JHRWWRDRBPCWTF-OLQVQODUSA-N,False,Organic compounds,Organoheterocyclic compounds,Isoindoles and derivatives,Isoindolines,Isoindolones,Aliphatic heteropolycyclic compounds
PEXLHWBDBQUUOG-UHFFFAOYSA-M,False,Organic compounds,Benzenoids,Benzene and substituted derivatives,Benzenesulfonamides,Benzenesulfonamides,Aromatic homomonocyclic compounds
AZDIXEXNLJMBJO-UHFFFAOYSA-L,False,Organic compounds,Organic salts,Organic metal salts,Organic alkali metal salts,Organic alkali metal salts,Aliphatic acyclic compounds
QMTNOLKHSWIQBE-FGTMMUONSA-N,False,Organic compounds,Lipids and lipid-like molecules,Prenol lipids,Monoterpenoids,Bicyclic monoterpenoids,Aromatic heteropolycyclic compounds
PGOOBECODWQEAB-UHFFFAOYSA-N,False,Organic compounds,Organoheterocyclic compounds,Azoles,Thiazoles,"2,5-disubstituted thiazoles",Aromatic heteromonocyclic compounds
JJLJMEJHUUYSSY-UHFFFAOYSA-L,False,Inorganic compounds,Mixed metal/non-metal compounds,Transition metal oxoanionic compounds,Transition metal hydroxides,Transition metal hydroxides,
SKQUUKNCBWILCD-UHFFFAOYSA-J,False,Inorganic compounds,Mixed metal/non-metal compounds,Transition metal oxoanionic compounds,Transition metal hydroxides,Transition metal hydroxides,
ARUVKPQLZAKDPS-UHFFFAOYSA-L,False,Inorganic compounds,Mixed metal/non-metal compounds,Transition metal oxoanionic compounds,Transition metal sulfates,Transition metal sulfates,
XZMCDFZZKTWFGF-UHFFFAOYSA-N,False,Organic compounds,Organic nitrogen compounds,Organonitrogen compounds,Amines,Monoalkylamines,Aliphatic acyclic compounds
YXKMMRDKEKCERS-UHFFFAOYSA-N,False,Organic compounds,Organoheterocyclic compounds,Azoles,Imidazoles,Phenylimidazoles,Aromatic heteromonocyclic compounds
XWPZUHJBOLQNMN-UHFFFAOYSA-N,False,Organic compounds,Lipids and lipid-like molecules,Prenol lipids,Monoterpenoids,Iridoids and derivatives,Aromatic heteromonocyclic compounds
TYIYMOAHACZAMQ-CQSZACIVSA-N,False,Organic compounds,Benzenoids,Benzene and substituted derivatives,Diphenylethers,Diphenylethers,Aromatic homomonocyclic compounds
WZJZMXBKUWKXTQ-UHFFFAOYSA-N,False,Organic compounds,Benzenoids,Benzene and substituted derivatives,Phenylcarbamic acid esters,Phenylcarbamic acid esters,Aromatic homomonocyclic compounds
YZIYKJHYYHPJIB-UUPCJSQJSA-N,False,Organic compounds,Organic oxygen compounds,Organooxygen compounds,Carbohydrates and carbohydrate conjugates,Sugar acids and derivatives,
QNXAVFXEJCPCJO-UHFFFAOYSA-N,False,Organic compounds,Benzenoids,Benzene and substituted derivatives,Sulfanilides,Sulfanilides,Aromatic heteropolycyclic compounds
DEWVPZYHFVYXMZ-QCILGFJPSA-M,False,Organic compounds,Organic oxygen compounds,Organooxygen compounds,Ethers,Ketals,Aliphatic heteropolycyclic compounds
JLYFCTQDENRSOL-VIFPVBQESA-N,False,Organic compounds,Organoheterocyclic compounds,Heteroaromatic compounds,,Heteroaromatic compounds,Aromatic heteromonocyclic compounds
QNBTYORWCCMPQP-UHFFFAOYSA-N,False,Organic compounds,Benzenoids,Benzene and substituted derivatives,Diphenylmethanes,Diphenylmethanes,Aromatic heteromonocyclic compounds
YKBZOVFACRVRJN-UHFFFAOYSA-N,False,Organic compounds,Organic nitrogen compounds,Organonitrogen compounds,Guanidines,Nitroguanidines,Aliphatic heteromonocyclic compounds
SYJFEGQWDCRVNX-UHFFFAOYSA-N,False,Organic compounds,Organoheterocyclic compounds,Pyridines and derivatives,Pyridinium derivatives,Pyridinium derivatives,Aromatic heteropolycyclic compounds
ZINJLDJMHCUBIP-UHFFFAOYSA-N,False,Organic compounds,Organic nitrogen compounds,Organonitrogen compounds,Sulfonylureas,S-triazinyl-2-sulfonylureas,Aromatic heteromonocyclic compounds
LJYOFQHKEWTQRH-UHFFFAOYSA-N,False,Organic compounds,Organic oxygen compounds,Organooxygen compounds,Carbonyl compounds,Alkyl-phenylketones,Aromatic homomonocyclic compounds
IRCMYGHHKLLGHV-UHFFFAOYSA-N,False,Organic compounds,Organoheterocyclic compounds,Coumarans,,Coumarans,Aromatic heteropolycyclic compounds
XIDPSKQLXKCVQN-UHFFFAOYSA-N,False,Organic compounds,Benzenoids,Naphthalenes,,Naphthalenes,Aromatic homopolycyclic compounds
IXSZQYVWNJNRAL-UHFFFAOYSA-N,False,Organic compounds,Benzenoids,Benzene and substituted derivatives,Phenylpropanes,Phenylpropanes,Aromatic heteromonocyclic compounds
PCCSBWNGDMYFCW-UHFFFAOYSA-N,False,Organic compounds,Benzenoids,Benzene and substituted derivatives,Diphenylethers,Diphenylethers,Aromatic heteromonocyclic compounds
LMVPQMGRYSRMIW-KRWDZBQOSA-N,False,Organic compounds,Organic acids and derivatives,Carboxylic acids and derivatives,"Amino acids, peptides, and analogues",Alpha amino acids and derivatives,Aromatic heteromonocyclic compounds
PQKBPHSEKWERTG-LLVKDONJSA-N,False,Organic compounds,Benzenoids,Benzene and substituted derivatives,2-phenoxypropionic acid esters,2-phenoxypropionic acid esters,Aromatic heteropolycyclic compounds
ZOCSXAVNDGMNBV-UHFFFAOYSA-N,True,Organic compounds,Organoheterocyclic compounds,Azoles,Pyrazoles,Phenylpyrazoles,Aromatic heteromonocyclic compounds
HWATZEJQIXKWQS-UHFFFAOYSA-N,True,Organic compounds,Organoheterocyclic compounds,Pyridines and derivatives,Pyridinesulfonamides,Pyridinesulfonamides,Aromatic heteromonocyclic compounds
RLQJEEJISHYWON-UHFFFAOYSA-N,True,Organic compounds,Organoheterocyclic compounds,Pyridines and derivatives,Pyridinecarboxylic acids and derivatives,Nicotinamides,Aromatic heteromonocyclic compounds
VAIZTNZGPYBOGF-UHFFFAOYSA-N,True,Organic compounds,Benzenoids,Benzene and substituted derivatives,2-phenoxypropionic acid esters,2-phenoxypropionic acid esters,Aromatic heteromonocyclic compounds
UOUXAYAIONPXDH-UHFFFAOYSA-M,True,Organic compounds,Benzenoids,Benzene and substituted derivatives,Benzenesulfonamides,Benzenesulfonamides,Aromatic heteromonocyclic compounds
DNUAYCRATWAJQE-UHFFFAOYSA-N,True,Organic compounds,Benzenoids,Benzene and substituted derivatives,Phenoxyacetic acid derivatives,Phenoxyacetic acid derivatives,Aromatic heteromonocyclic compounds
GBOYJIHYACSLGN-UHFFFAOYSA-N,True,Organic compounds,Benzenoids,Benzene and substituted derivatives,Halobenzenes,Dichlorobenzenes,Aromatic heteromonocyclic compounds
UFEODZBUAFNAEU-NLRVBDNBSA-N,False,Organic compounds,Organic oxygen compounds,Organooxygen compounds,Ethers,Diarylethers,Aromatic heteromonocyclic compounds
MEFQWPUMEMWTJP-UHFFFAOYSA-N,False,Organic compounds,Organoheterocyclic compounds,Pyridines and derivatives,Halopyridines,Polyhalopyridines,Aromatic heteromonocyclic compounds
GPXLRLUVLMHHIK-UHFFFAOYSA-N,False,Organic compounds,Organoheterocyclic compounds,Pyridines and derivatives,Halopyridines,2-halopyridines,Aromatic heteromonocyclic compounds
ZEKANFGSDXODPD-UHFFFAOYSA-N,False,Organic compounds,Organic acids and derivatives,Carboxylic acids and derivatives,"Amino acids, peptides, and analogues",Alpha amino acids and derivatives,
FMGZEUWROYGLAY-UHFFFAOYSA-N,False,Organic compounds,Organoheterocyclic compounds,Azoles,Pyrazoles,Pyrazole carboxylic acids and derivatives,Aromatic heteromonocyclic compounds
STMIIPIFODONDC-UHFFFAOYSA-N,False,Organic compounds,Benzenoids,Benzene and substituted derivatives,Halobenzenes,Dichlorobenzenes,Aromatic heteromonocyclic compounds
NUPJIGQFXCQJBK-UHFFFAOYSA-N,False,Organic compounds,Organic acids and derivatives,Carboxylic acids and derivatives,"Amino acids, peptides, and analogues",Alpha amino acids and derivatives,Aromatic heteromonocyclic compounds
CLQMBPJKHLGMQK-UHFFFAOYSA-N,False,Organic compounds,Organic acids and derivatives,Carboxylic acids and derivatives,"Amino acids, peptides, and analogues",Alpha amino acids and derivatives,Aromatic heteromonocyclic compounds
PNDPGZBMCMUPRI-UHFFFAOYSA-N,False,Inorganic compounds,Homogeneous non-metal compounds,Homogeneous halogens,,Homogeneous halogens,
JUJFQMPKBJPSFZ-UHFFFAOYSA-M,False,Organic compounds,Benzenoids,Benzene and substituted derivatives,Benzoic acids and derivatives,Benzoic acid esters,Aromatic heteromonocyclic compounds
QTYCMDBMOLSEAM-UHFFFAOYSA-N,False,Organic compounds,Lipids and lipid-like molecules,Prenol lipids,Monoterpenoids,Iridoids and derivatives,Aromatic heteromonocyclic compounds
JVTAAEKCZFNVCJ-REOHCLBHSA-N,False,Organic compounds,Organic acids and derivatives,Hydroxy acids and derivatives,Alpha hydroxy acids and derivatives,Alpha hydroxy acids and derivatives,Aliphatic acyclic compounds
TWRXJAOTZQYOKJ-UHFFFAOYSA-L,False,Inorganic compounds,Mixed metal/non-metal compounds,Alkaline earth metal salts,Alkaline earth metal chlorides,Alkaline earth metal chlorides,
IDGRPSMONFWWEK-UHFFFAOYSA-N,False,Organic compounds,Benzenoids,Benzene and substituted derivatives,Phenoxyacetic acid derivatives,Phenoxyacetic acid derivatives,Aromatic homomonocyclic compounds
STAPBGVGYWCRTF-UHFFFAOYSA-M,False,Organic compounds,Benzenoids,Benzene and substituted derivatives,Phenoxyacetic acid derivatives,Chlorophenoxyacetates,Aromatic homomonocyclic compounds
OKIBNKKYNPBDRS-UHFFFAOYSA-N,True,Organic compounds,Benzenoids,Benzene and substituted derivatives,Sulfanilides,Sulfanilides,Aromatic homomonocyclic compounds
NIFKBBMCXCMCAO-UHFFFAOYSA-N,False,Organic compounds,Organic nitrogen compounds,Organonitrogen compounds,Sulfonylureas,Pyrimidinyl-2-sulfonylureas,Aromatic heteromonocyclic compounds
GKKDCARASOJPNG-UHFFFAOYSA-N,False,Organic compounds,Organic oxygen compounds,Organooxygen compounds,Ethers,Acetals,Aliphatic heteromonocyclic compounds
IYMLUHWAJFXAQP-UHFFFAOYSA-N,False,Organic compounds,Benzenoids,Benzene and substituted derivatives,Benzoyl derivatives,Benzoylpyrazoles,Aromatic heteromonocyclic compounds
OYIKARCXOQLFHF-UHFFFAOYSA-N,True,Organic compounds,Organic oxygen compounds,Organooxygen compounds,Carbonyl compounds,Aryl-phenylketones,Aromatic heteromonocyclic compounds
PXDNXJSDGQBLKS-UHFFFAOYSA-N,False,Organic compounds,Organic nitrogen compounds,Organonitrogen compounds,Sulfonylureas,Pyrimidinyl-2-sulfonylureas,Aromatic heteromonocyclic compounds
UKHWDRMMMYWSFL-UHFFFAOYSA-N,False,Organic compounds,Benzenoids,Benzene and substituted derivatives,N-phenylureas,N-phenylureas,
RTCOGUMHFFWOJV-UHFFFAOYSA-N,False,Organic compounds,Organoheterocyclic compounds,Pyridines and derivatives,Pyridinesulfonamides,Pyridinesulfonamides,Aromatic heteromonocyclic compounds
NJPPVKZQTLUDBO-UHFFFAOYSA-N,True,Organic compounds,Benzenoids,Phenol ethers,,Phenol ethers,Aromatic homomonocyclic compounds
YTYGAJLZOJPJGH-UHFFFAOYSA-N,True,Organic compounds,Benzenoids,Benzene and substituted derivatives,Halobenzenes,Dichlorobenzenes,Aromatic homomonocyclic compounds
OBZIQQJJIKNWNO-UHFFFAOYSA-N,False,Organic compounds,Organic acids and derivatives,Organic thiophosphoric acids and derivatives,Thiophosphoric acid esters,Phenyl thiophosphates,Aromatic homomonocyclic compounds
UCDPMNSCCRBWIC-UHFFFAOYSA-N,False,Organic compounds,Benzenoids,Benzene and substituted derivatives,Sulfanilides,Sulfanilides,Aromatic heteromonocyclic compounds
AMEKQAFGQBKLKX-UHFFFAOYSA-N,False,Organic compounds,Benzenoids,Benzene and substituted derivatives,Anilides,Anilides,Aromatic heteromonocyclic compounds
INFDPOAKFNIJBF-UHFFFAOYSA-N,False,Organic compounds,Organoheterocyclic compounds,Pyridines and derivatives,Bipyridines and oligopyridines,Bipyridines and oligopyridines,Aromatic heteromonocyclic compounds
SYJGKVOENHZYMQ-UHFFFAOYSA-N,True,Organic compounds,Benzenoids,Benzene and substituted derivatives,Benzenesulfonamides,Benzenesulfonamides,Aromatic heteropolycyclic compounds
KRTSDMXIXPKRQR-AATRIKPKSA-N,False,Organic compounds,Organic acids and derivatives,Organic phosphoric acids and derivatives,Phosphate esters,Dialkyl phosphates,Aliphatic acyclic compounds
VNKBTWQZTQIWDV-UHFFFAOYSA-N,False,Organic compounds,Organoheterocyclic compounds,Oxazolopyridines,,Oxazolopyridines,Aromatic heteropolycyclic compounds
MGOHCFMYLBAPRN-UHFFFAOYSA-N,False,Organic compounds,Organoheterocyclic compounds,Azoles,Pyrazoles,Phenylpyrazoles,Aromatic heteropolycyclic compounds
NLKNQRATVPKPDG-UHFFFAOYSA-M,False,Inorganic compounds,Mixed metal/non-metal compounds,Alkali metal salts,Alkali metal iodides,Alkali metal iodides,
VZJVWSHVAAUDKD-UHFFFAOYSA-N,False,Inorganic compounds,Mixed metal/non-metal compounds,Alkali metal oxoanionic compounds,Alkali metal permanganates,Alkali metal permanganates,
MKIMSXGUTQTKJU-UHFFFAOYSA-N,False,Organic compounds,Organic nitrogen compounds,Organonitrogen compounds,Amines,Trialkylamines,Aliphatic acyclic compounds
MZHCENGPTKEIGP-RXMQYKEDSA-N,False,Organic compounds,Benzenoids,Benzene and substituted derivatives,2-phenoxypropionic acids,2-phenoxypropionic acids,Aromatic homomonocyclic compounds
VAIZTNZGPYBOGF-CYBMUJFWSA-N,True,Organic compounds,Benzenoids,Benzene and substituted derivatives,2-phenoxypropionic acid esters,2-phenoxypropionic acid esters,Aromatic heteromonocyclic compounds
OSUHJPCHFDQAIT-GFCCVEGCSA-N,False,Organic compounds,Benzenoids,Benzene and substituted derivatives,2-phenoxypropionic acid esters,2-phenoxypropionic acid esters,Aromatic heteropolycyclic compounds
JRQGDDUXDKCWRF-UHFFFAOYSA-M,False,Organic compounds,Benzenoids,Benzene and substituted derivatives,Benzoic acids and derivatives,Benzoic acid esters,Aromatic heteromonocyclic compounds
LTUNNEGNEKBSEH-UHFFFAOYSA-N,True,Organic compounds,Benzenoids,Benzene and substituted derivatives,Benzenesulfonamides,Benzenesulfonamides,Aromatic heteromonocyclic compounds
MNHVNIJQQRJYDH-UHFFFAOYSA-N,False,Organic compounds,Benzenoids,Benzene and substituted derivatives,Halobenzenes,Chlorobenzenes,Aromatic heteromonocyclic compounds
APTZNLHMIGJTEW-UHFFFAOYSA-N,False,Organic compounds,Organoheterocyclic compounds,Azoles,Pyrazoles,Phenylpyrazoles,Aromatic heteromonocyclic compounds
WYKYKTKDBLFHCY-UHFFFAOYSA-N,False,Organic compounds,Organoheterocyclic compounds,Diazines,Pyridazines and derivatives,Pyridazinones,Aromatic heteromonocyclic compounds
AEHJMNVBLRLZKK-UHFFFAOYSA-N,True,Organic compounds,Benzenoids,Benzene and substituted derivatives,Halobenzenes,Dichlorobenzenes,Aromatic heteromonocyclic compounds
ZLIBICFPKPWGIZ-UHFFFAOYSA-N,False,Organic compounds,Benzenoids,Benzene and substituted derivatives,Aniline and substituted anilines,Aniline and substituted anilines,Aromatic heteromonocyclic compounds
WRPIRSINYZBGPK-UHFFFAOYSA-N,False,Organic compounds,Organic oxygen compounds,Organooxygen compounds,Ethers,Diarylethers,Aromatic heteropolycyclic compounds
JHJOOSLFWRRSGU-UHFFFAOYSA-N,False,Organic compounds,Organic acids and derivatives,Organic thiophosphoric acids and derivatives,Thiophosphoric acid esters,Phenyl thiophosphates,Aromatic homomonocyclic compounds
NMGNJWORLGLLHQ-UHFFFAOYSA-M,False,Organic compounds,Benzenoids,Benzene and substituted derivatives,Diphenylethers,Diphenylethers,Aromatic homomonocyclic compounds
DWAQJAXMDSEUJJ-UHFFFAOYSA-M,False,Inorganic compounds,Mixed metal/non-metal compounds,Alkali metal oxoanionic compounds,Alkali metal sulfites,Alkali metal sulfites,
JHJLBTNAGRQEKS-UHFFFAOYSA-M,False,Inorganic compounds,Mixed metal/non-metal compounds,Alkali metal salts,Alkali metal bromides,Alkali metal bromides,
SAQSTQBVENFSKT-UHFFFAOYSA-M,False,Organic compounds,Organic acids and derivatives,Carboxylic acids and derivatives,Alpha-halocarboxylic acids and derivatives,Alpha-halocarboxylic acids,Aliphatic acyclic compounds
DTDSAWVUFPGDMX-UHFFFAOYSA-N,False,Organic compounds,Benzenoids,Benzene and substituted derivatives,Halobenzenes,Dichlorobenzenes,Aromatic heteropolycyclic compounds
GOLXNESZZPUPJE-UHFFFAOYSA-N,False,Organic compounds,Lipids and lipid-like molecules,Fatty Acyls,Fatty acid esters,Fatty acid esters,Aromatic heteropolycyclic compounds
DUFVKSUJRWYZQP-UHFFFAOYSA-N,False,Organic compounds,Organoheterocyclic compounds,Azolidines,Thiazolidines,Thiazolidines,Aliphatic heteromonocyclic compounds
ZDXMLEQEMNLCQG-UHFFFAOYSA-N,False,Organic compounds,Benzenoids,Benzene and substituted derivatives,Benzoic acids and derivatives,Benzoic acid esters,Aromatic heteromonocyclic compounds
RBSXHDIPCIWOMG-UHFFFAOYSA-N,False,Organic compounds,Organic nitrogen compounds,Organonitrogen compounds,Sulfonylureas,Pyrimidinyl-2-sulfonylureas,Aromatic heteropolycyclic compounds
QYPNKSZPJQQLRK-UHFFFAOYSA-N,False,Organic compounds,Benzenoids,Benzene and substituted derivatives,Benzoic acids and derivatives,Benzoic acids and derivatives,Aromatic homomonocyclic compounds
LQDARGUHUSPFNL-UHFFFAOYSA-N,True,Organic compounds,Benzenoids,Benzene and substituted derivatives,Halobenzenes,Dichlorobenzenes,Aromatic heteromonocyclic compounds
IDCBOTIENDVCBQ-UHFFFAOYSA-N,False,Organic compounds,Organic oxygen compounds,Organic oxoanionic compounds,Organic pyrophosphates,Organic pyrophosphates,Aliphatic acyclic compounds
HOKKPVIRMVDYPB-UVTDQMKNSA-N,False,Organic compounds,Organoheterocyclic compounds,Pyridines and derivatives,Halopyridines,2-halopyridines,Aromatic heteromonocyclic compounds
JIRRNZWTWJGJCT-UHFFFAOYSA-N,False,Organic compounds,Organosulfur compounds,Thioureas,,Thioureas,Aliphatic acyclic compounds
MGSRCZKZVOBKFT-UHFFFAOYSA-N,False,Organic compounds,Lipids and lipid-like molecules,Prenol lipids,Monoterpenoids,Aromatic monoterpenoids,Aromatic homomonocyclic compounds
DQFPEYARZIQXRM-UHFFFAOYSA-N,False,Organic compounds,Organic oxygen compounds,Organooxygen compounds,Carbonyl compounds,Cyclohexenones,Aromatic homomonocyclic compounds
AKUNSPZHHSNFFX-UHFFFAOYSA-M,False,Organic compounds,Organophosphorus compounds,Tetraalkylphosphonium compounds,,Tetraalkylphosphonium compounds,Aliphatic acyclic compounds
FRPZMMHWLSIFAZ-UHFFFAOYSA-N,False,Organic compounds,Lipids and lipid-like molecules,Fatty Acyls,Fatty acids and conjugates,Medium-chain fatty acids,Aliphatic acyclic compounds
KCOCSOWTADCKOL-UHFFFAOYSA-N,False,Organic compounds,Organoheterocyclic compounds,Azoles,Thiadiazoles,Thiadiazoles,Aromatic heteromonocyclic compounds
HCHKCACWOHOZIP-UHFFFAOYSA-N,False,Inorganic compounds,Homogeneous metal compounds,Homogeneous transition metal compounds,,Homogeneous transition metal compounds,
JIAARYAFYJHUJI-UHFFFAOYSA-L,False,Inorganic compounds,Mixed metal/non-metal compounds,Transition metal salts,Transition metal chlorides,Transition metal chlorides,
RNWHGQJWIACOKP-UHFFFAOYSA-N,False,Inorganic compounds,Mixed metal/non-metal compounds,Transition metal organides,Transition metal oxides,Transition metal oxides,
RLJMLMKIBZAXJO-UHFFFAOYSA-N,False,Inorganic compounds,Mixed metal/non-metal compounds,Post-transition metal oxoanionic compounds,Post-transition metal nitrates,Post-transition metal nitrates,
BTCSSZJGUNDROE-UHFFFAOYSA-N,False,Organic compounds,Organic acids and derivatives,Carboxylic acids and derivatives,"Amino acids, peptides, and analogues",Gamma amino acids and derivatives,Aliphatic acyclic compounds
XKNKHVGWJDPIRJ-UHFFFAOYSA-N,False,Organic compounds,Benzenoids,Benzene and substituted derivatives,Aniline and substituted anilines,Aniline and substituted anilines,Aromatic homomonocyclic compounds
QANMHLXAZMSUEX-UHFFFAOYSA-N,False,Organic compounds,Organoheterocyclic compounds,Imidazopyrimidines,Purines and purine derivatives,6-alkylaminopurines,Aromatic heteropolycyclic compounds
ZCVAOQKBXKSDMS-UHFFFAOYSA-N,False,Organic compounds,Lipids and lipid-like molecules,Fatty Acyls,Fatty acid esters,Pyrethroids,Aliphatic homomonocyclic compounds
PFRGXCVKLLPLIP-UHFFFAOYSA-N,False,Organic compounds,Organosulfur compounds,Allyl sulfur compounds,,Allyl sulfur compounds,Aliphatic acyclic compounds
WSDISUOETYTPRL-UHFFFAOYSA-N,False,Organic compounds,Organoheterocyclic compounds,Azolidines,Imidazolidines,Hydantoins,Aliphatic heteromonocyclic compounds
AJPJDKMHJJGVTQ-UHFFFAOYSA-M,False,Inorganic compounds,Mixed metal/non-metal compounds,Alkali metal oxoanionic compounds,Alkali metal phosphates,Alkali metal phosphates,
RYFMWSXOAZQYPI-UHFFFAOYSA-K,False,Inorganic compounds,Mixed metal/non-metal compounds,Alkali metal oxoanionic compounds,Alkali metal phosphates,Alkali metal phosphates,
GDTBXPJZTBHREO-UHFFFAOYSA-N,False,Inorganic compounds,Homogeneous non-metal compounds,Homogeneous halogens,,Homogeneous halogens,
OXBLHERUFWYNTN-UHFFFAOYSA-M,False,Inorganic compounds,Mixed metal/non-metal compounds,Transition metal salts,Transition metal chlorides,Transition metal chlorides,
HKZLPVFGJNLROG-UHFFFAOYSA-M,False,Inorganic compounds,Mixed metal/non-metal compounds,Transition metal salts,Transition metal chlorides,Transition metal chlorides,
CSWBSLXBXRFNST-MQQKCMAXSA-N,False,Organic compounds,Lipids and lipid-like molecules,Fatty Acyls,Fatty alcohols,Fatty alcohols,Aliphatic acyclic compounds
VRLDVERQJMEPIF-UHFFFAOYSA-N,False,Organic compounds,Organoheterocyclic compounds,Azolidines,Imidazolidines,Hydantoins,Aliphatic heteromonocyclic compounds
UMIKWXDGXDJQJK-UHFFFAOYSA-N,False,Organic compounds,Benzenoids,Phenol esters,,Phenol esters,Aromatic homomonocyclic compounds
ZPWVASYFFYYZEW-UHFFFAOYSA-L,False,Inorganic compounds,Mixed metal/non-metal compounds,Alkali metal oxoanionic compounds,Alkali metal phosphates,Alkali metal phosphates,
ATRRKUHOCOJYRX-UHFFFAOYSA-N,False,Organic compounds,Organic acids and derivatives,Organic carbonic acids and derivatives,Organic carbonic acids,Organic carbonic acids,Aliphatic acyclic compounds
GNSKLFRGEWLPPA-UHFFFAOYSA-M,False,Inorganic compounds,Mixed metal/non-metal compounds,Alkali metal oxoanionic compounds,Alkali metal phosphates,Alkali metal phosphates,
SWLVFNYSXGMGBS-UHFFFAOYSA-N,False,Inorganic compounds,Homogeneous non-metal compounds,Other non-metal halides,,Other non-metal halides,
OTLLEIBWKHEHGU-UHFFFAOYSA-N,False,Organic compounds,"Nucleosides, nucleotides, and analogues",Purine nucleosides,,Purine nucleosides,Aromatic heteropolycyclic compounds
BTKXLQSCEOHKTF-SREVYHEPSA-N,False,Organic compounds,Lipids and lipid-like molecules,Fatty Acyls,Fatty alcohol esters,Fatty alcohol esters,Aliphatic acyclic compounds
VZRKEAFHFMSHCD-UHFFFAOYSA-N,False,Organic compounds,Organic acids and derivatives,Carboxylic acids and derivatives,Carboxylic acid derivatives,Tertiary carboxylic acid amides,Aliphatic acyclic compounds
DUCVQKMNGSZPAV-KHPPLWFESA-N,False,Organic compounds,Lipids and lipid-like molecules,Fatty Acyls,Fatty alcohol esters,Fatty alcohol esters,Aliphatic acyclic compounds
QQODLKZGRKWIFG-UHFFFAOYSA-N,False,Organic compounds,Lipids and lipid-like molecules,Fatty Acyls,Fatty acid esters,Pyrethroids,Aromatic homomonocyclic compounds
BKVIYDNLLOSFOA-UHFFFAOYSA-N,False,Inorganic compounds,Homogeneous metal compounds,Homogeneous post-transition metal compounds,,Homogeneous post-transition metal compounds,
XZTJQQLJJCXOLP-UHFFFAOYSA-M,False,Organic compounds,Organic acids and derivatives,Organic sulfuric acids and derivatives,Sulfuric acid esters,Sulfuric acid monoesters,Aliphatic acyclic compounds
VTYYLEPIZMXCLO-UHFFFAOYSA-L,False,Organic compounds,Organic acids and derivatives,Organic carbonic acids and derivatives,Organic carbonic acids,Organic carbonic acids,Aliphatic acyclic compounds
BWHMMNNQKKPAPP-UHFFFAOYSA-L,False,Organic compounds,Organic acids and derivatives,Organic carbonic acids and derivatives,Organic carbonic acids,Organic carbonic acids,Aliphatic acyclic compounds
UQKAOOAFEFCDGT-UHFFFAOYSA-N,False,Organic compounds,Organic nitrogen compounds,Organonitrogen compounds,Amines,Trialkylamines,Aliphatic acyclic compounds
HWGNBUXHKFFFIH-UHFFFAOYSA-I,False,Inorganic compounds,Mixed metal/non-metal compounds,Alkali metal oxoanionic compounds,Alkali metal phosphates,Alkali metal phosphates,
OCBHHZMJRVXXQK-UHFFFAOYSA-M,False,Organic compounds,Benzenoids,Benzene and substituted derivatives,Alkyldimethylbenzylammonium halides,Alkyldimethylbenzylammonium chlorides,Aromatic homomonocyclic compounds
PMPJQLCPEQFEJW-UHFFFAOYSA-L,False,Organic compounds,Phenylpropanoids and polyketides,Stilbenes,Sulfonated stilbenes,Sulfonated stilbenes,Aromatic homomonocyclic compounds
WTPMRQZHJLJSBO-XQALERBDSA-N,False,Organic compounds,Lipids and lipid-like molecules,Steroids and steroid derivatives,Androstane steroids,Androgens and derivatives,Aliphatic homopolycyclic compounds
ORNBQBCIOKFOEO-QGVNFLHTSA-N,False,Organic compounds,Lipids and lipid-like molecules,Steroids and steroid derivatives,Pregnane steroids,"Gluco/mineralocorticoids, progestogins and derivatives",Aliphatic homopolycyclic compounds
ATHGHQPFGPMSJY-UHFFFAOYSA-N,False,Organic compounds,Organic nitrogen compounds,Organonitrogen compounds,Amines,Dialkylamines,Aliphatic acyclic compounds
HSTOKWSFWGCZMH-UHFFFAOYSA-N,False,Organic compounds,Benzenoids,Benzene and substituted derivatives,Biphenyls and derivatives,"3,3'-disubstituted benzidines",Aromatic homomonocyclic compounds
ZNCPFRVNHGOPAG-UHFFFAOYSA-L,False,Organic compounds,Organic acids and derivatives,Carboxylic acids and derivatives,Dicarboxylic acids and derivatives,Dicarboxylic acids and derivatives,Aliphatic acyclic compounds
LZZYPRNAOMGNLH-UHFFFAOYSA-M,False,Organic compounds,Organic nitrogen compounds,Organonitrogen compounds,Quaternary ammonium salts,Tetraalkylammonium salts,Aliphatic acyclic compounds
QUWHIBBGKKRYFW-UHFFFAOYSA-N,False,Organic compounds,Benzenoids,Benzene and substituted derivatives,Nitrobenzenes,Nitrobenzenes,Aromatic homomonocyclic compounds
AEQFSUDEHCCHBT-UHFFFAOYSA-M,False,Organic compounds,Lipids and lipid-like molecules,Fatty Acyls,Fatty acids and conjugates,Fatty acids and conjugates,Aliphatic acyclic compounds
TXUZVZSFRXZGTL-UHFFFAOYSA-N,False,Organic compounds,Phenylpropanoids and polyketides,Stilbenes,,Stilbenes,Aromatic homomonocyclic compounds
QKSKPIVNLNLAAV-UHFFFAOYSA-N,False,Organic compounds,Organosulfur compounds,Thioethers,Sulfur mustard compounds,Sulfur mustard compounds,Aliphatic acyclic compounds
MYWUZJCMWCOHBA-VIFPVBQESA-N,False,Organic compounds,Benzenoids,Benzene and substituted derivatives,Phenethylamines,Amphetamines and derivatives,Aromatic homomonocyclic compounds
YASAKCUCGLMORW-UHFFFAOYSA-N,False,Organic compounds,Benzenoids,Phenol ethers,,Phenol ethers,Aromatic heteromonocyclic compounds
FAKRSMQSSFJEIM-RQJHMYQMSA-N,False,Organic compounds,Organic acids and derivatives,Carboxylic acids and derivatives,"Amino acids, peptides, and analogues",Proline and derivatives,Aliphatic heteromonocyclic compounds
VYLVYHXQOHJDJL-UHFFFAOYSA-K,False,Inorganic compounds,Mixed metal/non-metal compounds,Lanthanide salts,Lanthanide chlorides,Lanthanide chlorides,
KPHWPUGNDIVLNH-UHFFFAOYSA-M,False,Organic compounds,Benzenoids,Benzene and substituted derivatives,Halobenzenes,Dichlorobenzenes,Aromatic homomonocyclic compounds
IKDUDTNKRLTJSI-UHFFFAOYSA-N,False,Inorganic compounds,Homogeneous non-metal compounds,Other non-metal organides,Other non-metal oxides,Other non-metal oxides,
YGULWPYYGQCFMP-CEAXSRTFSA-N,False,Organic compounds,Benzenoids,Phenols,Tyrosols and derivatives,Tyrosols and derivatives,
VSBHRRMYCDQLJF-ZDNYCOCVSA-N,False,Organic compounds,Lipids and lipid-like molecules,Steroids and steroid derivatives,Pregnane steroids,"Gluco/mineralocorticoids, progestogins and derivatives",Aliphatic homopolycyclic compounds
ZWBAMYVPMDSJGQ-UHFFFAOYSA-N,True,Organic compounds,Organohalogen compounds,Alkyl halides,Alkyl fluorides,Perfluoroalkyl carboxylic acid and derivatives,Aliphatic acyclic compounds
DQJCHOQLCLEDLL-UHFFFAOYSA-N,False,Organic compounds,Organoheterocyclic compounds,Benzotriazoles,Triazolobenzothiazoles,Triazolobenzothiazoles,Aromatic heteropolycyclic compounds
HXAIQOCRALNGKB-UHFFFAOYSA-N,False,Organic compounds,Benzenoids,Benzene and substituted derivatives,Anilides,Anilides,Aromatic homomonocyclic compounds
MGRVRXRGTBOSHW-UHFFFAOYSA-N,False,Organic compounds,Organic acids and derivatives,Organic phosphonic acids and derivatives,Organic phosphonic acids,Organic phosphonic acids,Aliphatic acyclic compounds
PXWUKZGIHQRDHL-UHFFFAOYSA-N,False,Organic compounds,Organoheterocyclic compounds,Triazines,Aminotriazines,"1,3,5-triazine-2,4-diamines",Aromatic heteromonocyclic compounds
DFWFIQKMSFGDCQ-UHFFFAOYSA-N,False,Organic compounds,Organoheterocyclic compounds,Triazines,Aminotriazines,"1,3,5-triazine-2,4-diamines",Aromatic heteromonocyclic compounds
IVENSCMCQBJAKW-UHFFFAOYSA-N,False,Organic compounds,Organoheterocyclic compounds,Triazines,Aminotriazines,"1,3,5-triazine-2,4-diamines",Aromatic heteromonocyclic compounds
FTNJWQUOZFUQQJ-NDAWSKJSSA-N,False,Organic compounds,Lipids and lipid-like molecules,Prenol lipids,Triterpenoids,Limonoids,Aliphatic heteropolycyclic compounds
RQVGAIADHNPSME-UHFFFAOYSA-N,False,Organic compounds,Organoheterocyclic compounds,"Benzo-1,2,3-triazines",Benzotriazine organothiophosphates,Benzotriazine organothiophosphates,Aromatic heteropolycyclic compounds
VGPIBGGRCVEHQZ-UHFFFAOYSA-N,False,Organic compounds,Benzenoids,Benzene and substituted derivatives,Biphenyls and derivatives,Biphenyls and derivatives,Aromatic heteromonocyclic compounds
KXRPCFINVWWFHQ-UHFFFAOYSA-N,False,Organic compounds,Organophosphorus compounds,Organothiophosphorus compounds,,Organothiophosphorus compounds,Aliphatic acyclic compounds
STUSTWKEFDQFFZ-KPKJPENVSA-N,False,Organic compounds,Benzenoids,Benzene and substituted derivatives,Halobenzenes,Chlorobenzenes,Aromatic homomonocyclic compounds
QGTYWWGEWOBMAK-UHFFFAOYSA-N,False,Organic compounds,Organic acids and derivatives,Organic dithiophosphoric acids and derivatives,Dithiophosphate O-esters,Dithiophosphate O-esters,Aliphatic acyclic compounds
XXXSILNSXNPGKG-ZHACJKMWSA-N,False,Organic compounds,Benzenoids,Benzene and substituted derivatives,Benzyloxycarbonyls,Benzyloxycarbonyls,Aromatic homomonocyclic compounds
BOFHKBLZOYVHSI-UHFFFAOYSA-N,False,Organic compounds,Benzenoids,Benzene and substituted derivatives,Phenylpropanes,Phenylpropanes,Aromatic homomonocyclic compounds
WEBQKRLKWNIYKK-UHFFFAOYSA-N,False,Organic compounds,Organophosphorus compounds,Organothiophosphorus compounds,,Organothiophosphorus compounds,Aliphatic acyclic compounds
MUMQYXACQUZOFP-UHFFFAOYSA-N,False,Organic compounds,Organoheterocyclic compounds,Isoindoles and derivatives,Isoindolines,Phthalimides,Aromatic heteropolycyclic compounds
VBLJFQYCTRKKKF-UHFFFAOYSA-N,False,Organic compounds,Organic acids and derivatives,Organic phosphoric acids and derivatives,Phosphate esters,Dialkyl phosphates,Aromatic heteromonocyclic compounds
NPWMZOGDXOFZIN-UHFFFAOYSA-N,False,Organic compounds,Organoheterocyclic compounds,Triazines,"1,3,5-triazines",Alkyl-2-thio-S-triazines,Aromatic heteromonocyclic compounds
GRPRVIYRYGLIJU-UHFFFAOYSA-N,False,Organic compounds,Organophosphorus compounds,Organothiophosphorus compounds,,Organothiophosphorus compounds,Aliphatic acyclic compounds
UPUGLJYNCXXUQV-UHFFFAOYSA-N,False,Organic compounds,Organic acids and derivatives,Organic dithiophosphoric acids and derivatives,Dithiophosphate O-esters,Dithiophosphate O-esters,Aliphatic acyclic compounds
RDYMFSUJUZBWLH-BRZMKDEISA-N,False,Organic compounds,Organic oxygen compounds,Organic oxoanionic compounds,Organic sulfites,Sulfite esters,Aliphatic heteropolycyclic compounds
AAPVQEMYVNZIOO-UHFFFAOYSA-N,False,Organic compounds,Organic acids and derivatives,Organic sulfuric acids and derivatives,Sulfuric acid esters,Sulfuric acid diesters,Aliphatic heteropolycyclic compounds
KMHZPJNVPCAUMN-UHFFFAOYSA-N,False,Organic compounds,Benzenoids,Phenol ethers,,Phenol ethers,Aromatic homomonocyclic compounds
LVNYJXIBJFXIRZ-UHFFFAOYSA-N,False,Organic compounds,Benzenoids,Benzene and substituted derivatives,Benzenesulfonyl compounds,Benzenesulfonyl compounds,Aromatic homomonocyclic compounds
LUQMWGMGWJEGAT-UHFFFAOYSA-N,False,Organic compounds,Benzenoids,Benzene and substituted derivatives,Phenyl sulfoxides,Phenyl sulfoxides,Aromatic homomonocyclic compounds
XXOYNJXVWVNOOJ-UHFFFAOYSA-N,False,Organic compounds,Benzenoids,Benzene and substituted derivatives,,Benzene and substituted derivatives,Aromatic homomonocyclic compounds
HHMCAJWVGYGUEF-UHFFFAOYSA-N,True,Organic compounds,Benzenoids,Benzene and substituted derivatives,Diphenylethers,Diphenylethers,Aromatic homomonocyclic compounds
INISTDXBRIBGOC-XMMISQBUSA-N,True,Organic compounds,Benzenoids,Benzene and substituted derivatives,Diphenylethers,Diphenylethers,Aromatic homomonocyclic compounds
OPGCOAPTHCZZIW-UHFFFAOYSA-N,False,Organic compounds,Organic acids and derivatives,Carboxylic acids and derivatives,"Amino acids, peptides, and analogues",Alpha amino acids and derivatives,Aromatic heteromonocyclic compounds
RRVIAQKBTUQODI-UHFFFAOYSA-N,False,Organic compounds,Organoheterocyclic compounds,Benzothiazoles,,Benzothiazoles,Aromatic heteropolycyclic compounds
BAFQDKPJKOLXFZ-UHFFFAOYSA-N,False,Organic compounds,Benzenoids,Benzene and substituted derivatives,Nitrobenzenes,Nitrobenzenes,Aromatic homomonocyclic compounds
LKJPSUCKSLORMF-UHFFFAOYSA-N,False,Organic compounds,Benzenoids,Benzene and substituted derivatives,N-phenylureas,N-phenylureas,Aromatic homomonocyclic compounds
PZXOQEXFMJCDPG-UHFFFAOYSA-N,False,Organic compounds,Organic acids and derivatives,Carboxylic acids and derivatives,Carboxylic acid derivatives,Secondary carboxylic acid amides,Aliphatic acyclic compounds
KHCZSJXTDDHLGJ-UHFFFAOYSA-N,False,Organic compounds,Benzenoids,Benzene and substituted derivatives,Aniline and substituted anilines,Aniline and substituted anilines,Aromatic homomonocyclic compounds
ZJMZZNVGNSWOOM-UHFFFAOYSA-N,False,Organic compounds,Organoheterocyclic compounds,Triazines,"1,3,5-triazines","2-methoxy-1,3,5-triazines",Aromatic heteromonocyclic compounds
MGLWZSOBALDPEK-UHFFFAOYSA-N,False,Organic compounds,Organoheterocyclic compounds,Triazines,"1,3,5-triazines",Methylthio-s-triazines,Aromatic heteromonocyclic compounds
SRJQTHAZUNRMPR-UYQKXTDMSA-N,False,Organic compounds,Organic oxygen compounds,Organooxygen compounds,Carbohydrates and carbohydrate conjugates,Aminoglycosides,Aliphatic heteropolycyclic compounds
AMFGTOFWMRQMEM-UHFFFAOYSA-N,False,Organic compounds,Organoheterocyclic compounds,Azoles,Triazoles,"Phenyl-1,2,4-triazoles",Aromatic heteromonocyclic compounds
NPFOYSMITVOQOS-UHFFFAOYSA-K,False,Organic compounds,Organic acids and derivatives,Carboxylic acids and derivatives,Tricarboxylic acids and derivatives,Tricarboxylic acids and derivatives,Aliphatic acyclic compounds
MFBOGIVSZKQAPD-UHFFFAOYSA-M,False,Organic compounds,Lipids and lipid-like molecules,Fatty Acyls,Fatty acids and conjugates,Fatty acids and conjugates,Aliphatic acyclic compounds
OGJPXUAPXNRGGI-UHFFFAOYSA-N,False,Organic compounds,Organoheterocyclic compounds,Quinolines and derivatives,Quinoline carboxylic acids,Quinoline carboxylic acids,Aromatic heteropolycyclic compounds
WFRUBUQWJYMMRQ-UHFFFAOYSA-M,True,Organic compounds,Organohalogen compounds,Alkyl halides,Alkyl fluorides,Perfluorooctane sulfonic acid and derivatives,Aliphatic acyclic compounds
LVTHXRLARFLXNR-UHFFFAOYSA-M,True,Organic compounds,Organohalogen compounds,Alkyl halides,Alkyl fluorides,Perfluoroalkyl sulfonic acid and derivatives,Aliphatic acyclic compounds
YOALFLHFSFEMLP-UHFFFAOYSA-N,True,Organic compounds,Organohalogen compounds,Alkyl halides,Alkyl fluorides,Perfluoroalkyl carboxylic acid and derivatives,Aliphatic acyclic compounds
KNDDEFBFJLKPFE-UHFFFAOYSA-N,False,Organic compounds,Benzenoids,Phenols,1-hydroxy-2-unsubstituted benzenoids,1-hydroxy-2-unsubstituted benzenoids,Aromatic homomonocyclic compounds
ZFVMWEVVKGLCIJ-UHFFFAOYSA-N,True,Organic compounds,Benzenoids,Benzene and substituted derivatives,Diphenylmethanes,Bisphenols,Aromatic homomonocyclic compounds
WXPWZZHELZEVPO-UHFFFAOYSA-N,False,Organic compounds,Benzenoids,Benzene and substituted derivatives,Benzophenones,Benzophenones,Aromatic homomonocyclic compounds
FVFVNNKYKYZTJU-UHFFFAOYSA-N,False,Organic compounds,Organoheterocyclic compounds,Triazines,"1,3,5-triazines",Chloro-s-triazines,Aromatic heteromonocyclic compounds
NFMIMWNQWAWNDW-UHFFFAOYSA-N,False,Organic compounds,Organoheterocyclic compounds,Triazines,"1,3,5-triazines","1,3,5-triazines",Aromatic heteromonocyclic compounds
LAHWLEDBADHJGA-UHFFFAOYSA-N,False,Organic compounds,Benzenoids,Benzene and substituted derivatives,Biphenyls and derivatives,Polychlorinated biphenyls,Aromatic homomonocyclic compounds
HCWZEPKLWVAEOV-UHFFFAOYSA-N,False,Organic compounds,Benzenoids,Benzene and substituted derivatives,Biphenyls and derivatives,Polychlorinated biphenyls,Aromatic homomonocyclic compounds
WIDHRBRBACOVOY-UHFFFAOYSA-N,False,Organic compounds,Benzenoids,Benzene and substituted derivatives,Biphenyls and derivatives,Polychlorinated biphenyls,Aromatic homomonocyclic compounds
KENZYIHFBRWMOD-UHFFFAOYSA-N,False,Organic compounds,Benzenoids,Benzene and substituted derivatives,Biphenyls and derivatives,Polychlorinated biphenyls,Aromatic homomonocyclic compounds
BZTYNSQSZHARAZ-UHFFFAOYSA-N,False,Organic compounds,Benzenoids,Benzene and substituted derivatives,Biphenyls and derivatives,Polychlorinated biphenyls,Aromatic homomonocyclic compounds
WCYYAQFQZQEUEN-UHFFFAOYSA-N,False,Organic compounds,Organoheterocyclic compounds,Pyridines and derivatives,Halopyridines,Polyhalopyridines,Aromatic heteromonocyclic compounds
BIWJNBZANLAXMG-KMMBHOGFSA-N,False,Organic compounds,Organohalogen compounds,Vinyl halides,Vinyl chlorides,Vinyl chlorides,Aliphatic homopolycyclic compounds
RLLPVAHGXHCWKJ-HKUYNNGSSA-N,False,Organic compounds,Lipids and lipid-like molecules,Fatty Acyls,Fatty acid esters,Pyrethroids,Aromatic homomonocyclic compounds
ANIAQSUBRGXWLS-UHFFFAOYSA-N,False,Organic compounds,Benzenoids,Benzene and substituted derivatives,Phenoxy compounds,Phenoxy compounds,Aromatic homomonocyclic compounds
OTMOUPHCTWPNSL-UHFFFAOYSA-N,False,Organic compounds,Organoheterocyclic compounds,Pyridines and derivatives,Halopyridines,Polyhalopyridines,Aromatic heteromonocyclic compounds
MTZQAGJQAFMTAQ-UHFFFAOYSA-N,False,Organic compounds,Benzenoids,Benzene and substituted derivatives,Benzoic acids and derivatives,Benzoic acid esters,Aromatic homomonocyclic compounds
HGCIXCUEYOPUTN-UHFFFAOYSA-N,False,Organic compounds,Hydrocarbons,Unsaturated hydrocarbons,Olefins,Cycloalkenes,Aliphatic homomonocyclic compounds
DKMROQRQHGEIOW-UHFFFAOYSA-N,False,Organic compounds,Lipids and lipid-like molecules,Fatty Acyls,Fatty acid esters,Fatty acid esters,Aliphatic acyclic compounds
PCLIMKBDDGJMGD-UHFFFAOYSA-N,False,Organic compounds,Organoheterocyclic compounds,Pyrrolidines,Pyrrolidones,Pyrrolidine-2-ones,Aliphatic heteromonocyclic compounds
LRUDIIUSNGCQKF-UHFFFAOYSA-N,False,Organic compounds,Organoheterocyclic compounds,Benzotriazoles,,Benzotriazoles,Aromatic heteropolycyclic compounds
DJWUNCQRNNEAKC-UHFFFAOYSA-L,False,Organic compounds,Organic acids and derivatives,Carboxylic acids and derivatives,Carboxylic acids,Carboxylic acids,
POFWRMVFWIJXHP-UHFFFAOYSA-N,False,Organic compounds,Organoheterocyclic compounds,Imidazopyrimidines,Purines and purine derivatives,6-alkylaminopurines,Aromatic heteropolycyclic compounds
AZLWQVJVINEILY-UHFFFAOYSA-N,False,Organic compounds,Organic oxygen compounds,Organooxygen compounds,Ethers,Dialkyl ethers,Aliphatic acyclic compounds
GNBHRKFJIUUOQI-UHFFFAOYSA-N,False,Organic compounds,Organoheterocyclic compounds,Benzopyrans,1-benzopyrans,Xanthenes,Aromatic heteropolycyclic compounds
KZWPFFFDRDASOU-UHFFFAOYSA-N,False,Organic compounds,Benzenoids,Benzene and substituted derivatives,Phenoxyacetic acid derivatives,Phenoxyacetic acid derivatives,Aromatic homomonocyclic compounds
DUKPKQFHJQGTGU-UHFFFAOYSA-N,False,Organic compounds,Benzenoids,Benzene and substituted derivatives,Benzoic acids and derivatives,o-Hydroxybenzoic acid esters,Aromatic homomonocyclic compounds
IKHGUXGNUITLKF-UHFFFAOYSA-N,False,Organic compounds,Organic oxygen compounds,Organooxygen compounds,Carbonyl compounds,Short-chain aldehydes,Aliphatic acyclic compounds
CZIHNRWJTSTCEX-UHFFFAOYSA-N,False,Organic compounds,Benzenoids,Fluorenes,,Fluorenes,Aromatic homopolycyclic compounds
NIXOWILDQLNWCW-UHFFFAOYSA-N,False,Organic compounds,Organic acids and derivatives,Carboxylic acids and derivatives,Acrylic acids and derivatives,Acrylic acids,Aliphatic acyclic compounds
OSDWBNJEKMUWAV-UHFFFAOYSA-N,False,Organic compounds,Organohalogen compounds,Organochlorides,,Organochlorides,Aliphatic acyclic compounds
LSWYGACWGAICNM-UHFFFAOYSA-N,False,Organic compounds,Organoheterocyclic compounds,Epoxides,,Epoxides,Aliphatic heteromonocyclic compounds
GRLPQNLYRHEGIJ-UHFFFAOYSA-J,False,Inorganic compounds,Mixed metal/non-metal compounds,Post-transition metal oxoanionic compounds,Post-transition metal sulfates,Post-transition metal sulfates,
ZINRVIQBCHAZMM-UHFFFAOYSA-N,False,Organic compounds,Benzenoids,Anthracenes,Anthraquinones,Anthraquinones,Aromatic homopolycyclic compounds
HUMNYLRZRPPJDN-UHFFFAOYSA-N,False,Organic compounds,Benzenoids,Benzene and substituted derivatives,Benzoyl derivatives,Benzoyl derivatives,Aromatic homomonocyclic compounds
UHOVQNZJYSORNB-UHFFFAOYSA-N,False,Organic compounds,Benzenoids,Benzene and substituted derivatives,,Benzene and substituted derivatives,Aromatic homomonocyclic compounds
ZCVAOQKBXKSDMS-PVAVHDDUSA-N,False,Organic compounds,Lipids and lipid-like molecules,Fatty Acyls,Fatty acid esters,Pyrethroids,Aliphatic homomonocyclic compounds
CDBAKLRDFBGJOX-UHFFFAOYSA-K,False,Inorganic compounds,Mixed metal/non-metal compounds,Alkali metal oxoanionic compounds,Alkali metal arsenates,Alkali metal arsenates,
NBIIXXVUZAFLBC-UHFFFAOYSA-K,False,Inorganic compounds,Homogeneous non-metal compounds,Non-metal oxoanionic compounds,Non-metal phosphates,Non-metal phosphates,
ZCCIPPOKBCJFDN-UHFFFAOYSA-N,False,Inorganic compounds,Mixed metal/non-metal compounds,Alkaline earth metal oxoanionic compounds,Alkaline earth metal nitrates,Alkaline earth metal nitrates,
FNJSWIPFHMKRAT-UHFFFAOYSA-N,False,Organic compounds,Benzenoids,Benzene and substituted derivatives,Benzoic acids and derivatives,Benzoic acid esters,Aromatic homomonocyclic compounds
YZBOVSFWWNVKRJ-UHFFFAOYSA-N,False,Organic compounds,Benzenoids,Benzene and substituted derivatives,Benzoic acids and derivatives,Benzoic acid esters,Aromatic homomonocyclic compounds
FKRCODPIKNYEAC-UHFFFAOYSA-N,False,Organic compounds,Organic acids and derivatives,Carboxylic acids and derivatives,Carboxylic acid derivatives,Carboxylic acid esters,Aliphatic acyclic compounds
OBNCKNCVKJNDBV-UHFFFAOYSA-N,False,Organic compounds,Lipids and lipid-like molecules,Fatty Acyls,Fatty acid esters,Fatty acid esters,Aliphatic acyclic compounds
WGLPBDUCMAPZCE-UHFFFAOYSA-N,False,Inorganic compounds,Mixed metal/non-metal compounds,Transition metal organides,Transition metal oxides,Transition metal oxides,
VHNQIURBCCNWDN-UHFFFAOYSA-N,False,Organic compounds,Organoheterocyclic compounds,Pyridines and derivatives,Aminopyridines and derivatives,Aminopyridines and derivatives,Aromatic heteromonocyclic compounds
HDRXZJPWHTXQRI-BHDTVMLSSA-N,False,Organic compounds,Organoheterocyclic compounds,Benzothiazepines,,Benzothiazepines,Aromatic heteropolycyclic compounds
GGIDUULRWQOXLR-UHFFFAOYSA-N,False,Organic compounds,Benzenoids,Phenols,Cresols,Ortho cresols,Aromatic homomonocyclic compounds
RZLVQBNCHSJZPX-UHFFFAOYSA-L,False,Inorganic compounds,Mixed metal/non-metal compounds,Transition metal oxoanionic compounds,Transition metal sulfates,Transition metal sulfates,
GVPFVAHMJGGAJG-UHFFFAOYSA-L,False,Inorganic compounds,Mixed metal/non-metal compounds,Transition metal salts,Transition metal chlorides,Transition metal chlorides,
BEJNERDRQOWKJM-UHFFFAOYSA-N,False,Organic compounds,Organoheterocyclic compounds,Pyrans,Pyranones and derivatives,Pyranones and derivatives,Aromatic heteromonocyclic compounds
BLFQGGGGFNSJKA-XHXSRVRCSA-N,False,Organic compounds,Benzenoids,Tetralins,Tametralines,Tametralines,Aromatic homopolycyclic compounds
HCJLVWUMMKIQIM-UHFFFAOYSA-M,False,Organic compounds,Benzenoids,Benzene and substituted derivatives,Halobenzenes,Chlorobenzenes,Aromatic homomonocyclic compounds
OFDYMSKSGFSLLM-UHFFFAOYSA-N,True,Organic compounds,Benzenoids,Benzene and substituted derivatives,Aniline and substituted anilines,Dinitroanilines,Aromatic homomonocyclic compounds
TZLVRPLSVNESQC-UHFFFAOYSA-N,False,Inorganic compounds,Mixed metal/non-metal compounds,Alkali metal organides,Alkali metal nitrides,Alkali metal nitrides,
HDWLUGYOLUHEMN-UHFFFAOYSA-N,False,Organic compounds,Benzenoids,Benzene and substituted derivatives,Nitrobenzenes,Nitrobenzenes,Aromatic homomonocyclic compounds
PYZSVQVRHDXQSL-UHFFFAOYSA-N,False,Organic compounds,Benzenoids,Naphthalenes,,Naphthalenes,Aromatic heteropolycyclic compounds
SMUQFGGVLNAIOZ-UHFFFAOYSA-N,False,Organic compounds,Organoheterocyclic compounds,Quinolines and derivatives,,Quinolines and derivatives,Aromatic heteropolycyclic compounds
GCWYXRHXGLFVFE-UHFFFAOYSA-N,False,Organic compounds,Benzenoids,Phenols,Cresols,Meta cresols,Aromatic homomonocyclic compounds
WGOWCPGHOCIHBW-UHFFFAOYSA-N,False,Organic compounds,Organic acids and derivatives,Organic thiophosphoric acids and derivatives,Thiophosphoric acid esters,Phenyl thiophosphates,Aromatic homomonocyclic compounds
OUCCVXVYGFBXSV-UHFFFAOYSA-N,False,Organic compounds,Organosulfur compounds,Thioethers,Aryl thioethers,Aryl thioethers,Aromatic homomonocyclic compounds
LFVLUOAHQIVABZ-UHFFFAOYSA-N,False,Organic compounds,Organic acids and derivatives,Organic thiophosphoric acids and derivatives,Thiophosphoric acid esters,Phenyl thiophosphates,Aromatic homomonocyclic compounds
CVRALZAYCYJELZ-UHFFFAOYSA-N,False,Organic compounds,Benzenoids,Benzene and substituted derivatives,Phenylphosphonothioates,Phenyl phenylphosphonothioates,Aromatic homomonocyclic compounds
SLCGUGMPSUYJAY-UHFFFAOYSA-N,False,Organic compounds,Benzenoids,Benzene and substituted derivatives,Anilides,Benzanilides,Aromatic homomonocyclic compounds
URYAFVKLYSEINW-UHFFFAOYSA-N,False,Organic compounds,Benzenoids,Benzene and substituted derivatives,Diphenylmethanes,Diphenylmethanes,Aromatic homomonocyclic compounds
QZXCCPZJCKEPSA-UHFFFAOYSA-N,False,Organic compounds,Benzenoids,Benzene and substituted derivatives,Halobenzenes,Chlorobenzenes,Aromatic homomonocyclic compounds
JECYUBVRTQDVAT-UHFFFAOYSA-N,False,Organic compounds,Organic oxygen compounds,Organooxygen compounds,Carbonyl compounds,Alkyl-phenylketones,Aromatic homomonocyclic compounds
DDUIUBPJPOKOMV-UHFFFAOYSA-N,False,Organic compounds,Organoheterocyclic compounds,Triazines,"1,3,5-triazines",Methylthio-s-triazines,Aromatic heteromonocyclic compounds
IVUXTESCPZUGJC-UHFFFAOYSA-N,False,Organic compounds,Benzenoids,Benzene and substituted derivatives,Diphenylethers,Diphenylethers,Aromatic homomonocyclic compounds
ZLKMOIHCHCMSFW-UHFFFAOYSA-N,False,Organic compounds,Organoheterocyclic compounds,Pyridines and derivatives,Pyridinecarboxylic acids and derivatives,Pyridinecarboxylic acids,Aromatic heteromonocyclic compounds
NLYNUTMZTCLNOO-UHFFFAOYSA-N,False,Organic compounds,Benzenoids,Benzene and substituted derivatives,N-phenylureas,N-phenylureas,Aromatic homomonocyclic compounds
LRUUNMYPIBZBQH-UHFFFAOYSA-N,False,Organic compounds,Benzenoids,Benzene and substituted derivatives,Halobenzenes,Dichlorobenzenes,Aromatic heteromonocyclic compounds
OOHIAOSLOGDBCE-UHFFFAOYSA-N,False,Organic compounds,Organoheterocyclic compounds,Triazines,Aminotriazines,"1,3,5-triazine-2,4-diamines",Aromatic heteromonocyclic compounds
WZZLDXDUQPOXNW-UHFFFAOYSA-N,False,Organic compounds,Organic acids and derivatives,Carboxylic acids and derivatives,"Amino acids, peptides, and analogues",Carbamate esters,Aliphatic acyclic compounds
XZIDTOHMJBOSOX-UHFFFAOYSA-N,False,Organic compounds,Benzenoids,Benzene and substituted derivatives,Benzoic acids and derivatives,Halobenzoic acids,Aromatic homomonocyclic compounds
LAXBNTIAOJWAOP-UHFFFAOYSA-N,False,Organic compounds,Benzenoids,Benzene and substituted derivatives,Biphenyls and derivatives,Chlorinated biphenyls,Aromatic homomonocyclic compounds
NMWSKOLWZZWHPL-UHFFFAOYSA-N,False,Organic compounds,Benzenoids,Benzene and substituted derivatives,Biphenyls and derivatives,Chlorinated biphenyls,Aromatic homomonocyclic compounds
FPWNLURCHDRMHC-UHFFFAOYSA-N,False,Organic compounds,Benzenoids,Benzene and substituted derivatives,Biphenyls and derivatives,Chlorinated biphenyls,Aromatic homomonocyclic compounds
ICOAEPDGFWLUTI-UHFFFAOYSA-N,False,Organic compounds,Benzenoids,Benzene and substituted derivatives,Biphenyls and derivatives,Polychlorinated biphenyls,Aromatic homomonocyclic compounds
QCQPGRMMDFIQMB-BNKHGGMYSA-N,False,Organic compounds,Lipids and lipid-like molecules,Prenol lipids,Monoterpenoids,Bicyclic monoterpenoids,Aliphatic homopolycyclic compounds
FHNKBSDJERHDHZ-UHFFFAOYSA-N,False,Organic compounds,Lipids and lipid-like molecules,Fatty Acyls,Fatty acid esters,Pyrethroids,Aromatic homomonocyclic compounds
AGGKEGLBGGJEBZ-UHFFFAOYSA-N,False,Organic compounds,Organic acids and derivatives,Organic sulfuric acids and derivatives,Sulfuric acid diamides,Sulfuric acid diamides,Aliphatic heteropolycyclic compounds
JVJUWCMBRUMDDQ-UHFFFAOYSA-N,False,Organic compounds,"Organic 1,3-dipolar compounds","Carbene-type 1,3-dipolar compounds",,"Carbene-type 1,3-dipolar compounds",
XTVVROIMIGLXTD-UHFFFAOYSA-N,False,Inorganic compounds,Mixed metal/non-metal compounds,Transition metal oxoanionic compounds,Transition metal nitrates,Transition metal nitrates,
NWONKYPBYAMBJT-UHFFFAOYSA-L,False,Inorganic compounds,Mixed metal/non-metal compounds,Transition metal oxoanionic compounds,Transition metal sulfates,Transition metal sulfates,
QMMRZOWCJAIUJA-UHFFFAOYSA-L,False,Inorganic compounds,Mixed metal/non-metal compounds,Transition metal salts,Transition metal chlorides,Transition metal chlorides,
DIZPMCHEQGEION-UHFFFAOYSA-H,False,Inorganic compounds,Mixed metal/non-metal compounds,Post-transition metal oxoanionic compounds,Post-transition metal sulfates,Post-transition metal sulfates,
OKIJSNGRQAOIGZ-UHFFFAOYSA-N,False,Organic compounds,Organoheterocyclic compounds,Pyrans,Pyranones and derivatives,Dihydropyranones,Aliphatic heteromonocyclic compounds
SUSRORUBZHMPCO-UHFFFAOYSA-N,False,Organic compounds,Benzenoids,Benzene and substituted derivatives,Diphenylethers,Diphenylethers,Aromatic homomonocyclic compounds
VDQQXEISLMTGAB-UHFFFAOYSA-N,False,Organic compounds,Benzenoids,Benzene and substituted derivatives,Benzenesulfonamides,Benzenesulfonamides,Aromatic homomonocyclic compounds
GYKXQTKSWLAUIT-UHFFFAOYSA-N,False,Organic compounds,Benzenoids,Benzene and substituted derivatives,Phenyl methylcarbamates,Phenyl methylcarbamates,Aromatic homomonocyclic compounds
XIBXUAZIZXDFTG-UHFFFAOYSA-N,False,Organic compounds,Benzenoids,Benzene and substituted derivatives,Phenoxy compounds,Phenoxy compounds,Aromatic homomonocyclic compounds
ZZXUZKXVROWEIF-UHFFFAOYSA-N,False,Organic compounds,Organic acids and derivatives,Organic carbonic acids and derivatives,Carbonic acid diesters,Carbonic acid diesters,Aliphatic heteromonocyclic compounds
JHVLLYQQQYIWKX-UHFFFAOYSA-N,False,Organic compounds,Benzenoids,Benzene and substituted derivatives,Benzyloxycarbonyls,Benzyloxycarbonyls,Aromatic homomonocyclic compounds
RBNIGDFIUWJJEV-UHFFFAOYSA-N,False,Organic compounds,Benzenoids,Benzene and substituted derivatives,Anilides,Benzanilides,Aromatic homomonocyclic compounds
MWKVXOJATACCCH-UHFFFAOYSA-N,False,Organic compounds,Benzenoids,Benzene and substituted derivatives,Diphenylmethanes,Diphenylmethanes,Aromatic heteromonocyclic compounds
RJMUSRYZPJIFPJ-UHFFFAOYSA-N,False,Organic compounds,Benzenoids,Benzene and substituted derivatives,Anilides,Benzanilides,Aromatic homomonocyclic compounds
ZMYFCFLJBGAQRS-UHFFFAOYSA-N,False,Organic compounds,Phenylpropanoids and polyketides,Stilbenes,,Stilbenes,Aromatic heteromonocyclic compounds
MIFOMMKAVSCNKQ-UHFFFAOYSA-N,True,Organic compounds,Phenylpropanoids and polyketides,Stilbenes,,Stilbenes,Aromatic homomonocyclic compounds
NKDFYOWSKOHCCO-YPVLXUMRSA-N,False,Organic compounds,Lipids and lipid-like molecules,Steroids and steroid derivatives,"Bile acids, alcohols and derivatives","Hydroxy bile acids, alcohols and derivatives",Aliphatic homopolycyclic compounds
AIYUHDOJVYHVIT-UHFFFAOYSA-M,False,Inorganic compounds,Mixed metal/non-metal compounds,Alkali metal salts,Alkali metal chlorides,Alkali metal chlorides,
IVOMOUWHDPKRLL-KQYNXXCUSA-N,False,Organic compounds,"Nucleosides, nucleotides, and analogues",Purine nucleotides,Cyclic purine nucleotides,"3',5'-cyclic purine nucleotides",Aromatic heteropolycyclic compounds
ORTQZVOHEJQUHG-UHFFFAOYSA-L,False,Inorganic compounds,Mixed metal/non-metal compounds,Transition metal salts,Transition metal chlorides,Transition metal chlorides,
DMYHGDXADUDKCQ-UHFFFAOYSA-N,False,Organic compounds,Organoheterocyclic compounds,Diazanaphthalenes,Benzodiazines,Quinazolines,Aromatic heteropolycyclic compounds
AHBGXTDRMVNFER-UHFFFAOYSA-L,False,Inorganic compounds,Mixed metal/non-metal compounds,Alkaline earth metal salts,Alkaline earth metal chlorides,Alkaline earth metal chlorides,
DPJRMOMPQZCRJU-UHFFFAOYSA-M,False,Organic compounds,Organoheterocyclic compounds,Diazines,Pyrimidines and pyrimidine derivatives,Thiamines,Aromatic heteromonocyclic compounds
MHMRAFONCSQAIA-UHFFFAOYSA-N,False,Organic compounds,Organic nitrogen compounds,Organonitrogen compounds,N-arylamides,N-acetylarylamines,Aromatic heteropolycyclic compounds
TXCGAZHTZHNUAI-UHFFFAOYSA-N,False,Organic compounds,Benzenoids,Benzene and substituted derivatives,Phenoxyacetic acid derivatives,Phenoxyacetic acid derivatives,Aromatic homomonocyclic compounds
JMPFSEBWVLAJKM-UHFFFAOYSA-N,False,Organic compounds,Benzenoids,Benzene and substituted derivatives,Diphenylacetonitriles,Diphenylacetonitriles,Aromatic homomonocyclic compounds
MUCZHBLJLSDCSD-UHFFFAOYSA-N,False,Organic compounds,Organic acids and derivatives,Organic phosphoric acids and derivatives,Phosphate esters,Phosphate esters,Aliphatic acyclic compounds
HDDSHPAODJUKPD-UHFFFAOYSA-N,False,Organic compounds,Organoheterocyclic compounds,Benzimidazoles,2-benzimidazolylcarbamic acid esters,2-benzimidazolylcarbamic acid esters,Aromatic heteropolycyclic compounds
ZEKZLJVOYLTDKK-UHFFFAOYSA-N,False,Organic compounds,Organoheterocyclic compounds,Quinolines and derivatives,Quinoline carboxylic acids,Quinoline carboxylic acids,Aromatic heteropolycyclic compounds
GLFNIEUTAYBVOC-UHFFFAOYSA-L,False,Inorganic compounds,Mixed metal/non-metal compounds,Transition metal salts,Transition metal chlorides,Transition metal chlorides,
OPXLLQIJSORQAM-UHFFFAOYSA-N,False,Organic compounds,Benzenoids,Benzene and substituted derivatives,Benzophenones,Benzophenones,Aromatic heteropolycyclic compounds
CMWTZPSULFXXJA-VIFPVBQESA-N,False,Organic compounds,Benzenoids,Naphthalenes,,Naphthalenes,Aromatic homopolycyclic compounds
HRKAMJBPFPHCSD-UHFFFAOYSA-N,False,Organic compounds,Organic acids and derivatives,Organic phosphoric acids and derivatives,Phosphate esters,Trialkyl phosphates,Aliphatic acyclic compounds
YIOCIFXUGBYCJR-UHFFFAOYSA-N,False,Organic compounds,Benzenoids,Benzene and substituted derivatives,Diphenylmethanes,Diphenylmethanes,Aromatic homomonocyclic compounds
DOOTYTYQINUNNV-UHFFFAOYSA-N,False,Organic compounds,Organic acids and derivatives,Carboxylic acids and derivatives,Tricarboxylic acids and derivatives,Tricarboxylic acids and derivatives,Aliphatic acyclic compounds
FUNUTBJJKQIVSY-UHFFFAOYSA-N,False,Organic compounds,Benzenoids,Benzene and substituted derivatives,Halobenzenes,Dichlorobenzenes,Aromatic homomonocyclic compounds
KDVYCTOWXSLNNI-UHFFFAOYSA-N,False,Organic compounds,Benzenoids,Benzene and substituted derivatives,Phenylpropanes,Phenylpropanes,Aromatic homomonocyclic compounds
FRASJONUBLZVQX-UHFFFAOYSA-N,False,Organic compounds,Benzenoids,Naphthalenes,Naphthoquinones,Naphthoquinones,Aromatic homopolycyclic compounds
OVEMTTZEBOCJDV-UHFFFAOYSA-N,False,Organic compounds,Benzenoids,Benzene and substituted derivatives,Aniline and substituted anilines,Aniline and substituted anilines,Aromatic homomonocyclic compounds
DBGVGMSCBYYSLD-UHFFFAOYSA-N,False,Organic compounds,Organometallic compounds,Organo-post-transition metal compounds,Organotin compounds,Trialkyltins,Aliphatic acyclic compounds
YFZOUMNUDGGHIW-UHFFFAOYSA-M,False,Organic compounds,Benzenoids,Benzene and substituted derivatives,Benzoic acids and derivatives,4-Mercuribenzoic acids,Aromatic homomonocyclic compounds
JWUCHKBSVLQQCO-UHFFFAOYSA-N,False,Organic compounds,Benzenoids,Benzene and substituted derivatives,Diphenylmethanes,Diphenylmethanes,Aromatic heteromonocyclic compounds
JYFHYPJRHGVZDY-UHFFFAOYSA-N,False,Organic compounds,Organic acids and derivatives,Organic phosphoric acids and derivatives,Phosphate esters,Dialkyl phosphates,Aliphatic acyclic compounds
NBMKJKDGKREAPL-DVTGEIKXSA-N,False,Organic compounds,Lipids and lipid-like molecules,Steroids and steroid derivatives,Hydroxysteroids,21-hydroxysteroids,Aliphatic homopolycyclic compounds
BGRWYDHXPHLNKA-UHFFFAOYSA-N,False,Organic compounds,Organic acids and derivatives,Carboxylic acids and derivatives,Carboxylic acid derivatives,N-substituted carboxylic acid imides,Aliphatic acyclic compounds
PLZVEHJLHYMBBY-UHFFFAOYSA-N,False,Organic compounds,Organic nitrogen compounds,Organonitrogen compounds,Amines,Monoalkylamines,Aliphatic acyclic compounds
FQTLCLSUCSAZDY-SDNWHVSQSA-N,False,Organic compounds,Lipids and lipid-like molecules,Prenol lipids,Sesquiterpenoids,Sesquiterpenoids,Aliphatic acyclic compounds
JBIROUFYLSSYDX-UHFFFAOYSA-M,False,Organic compounds,Benzenoids,Benzene and substituted derivatives,Alkyldimethylbenzylammonium halides,Alkyldimethylbenzylammonium chlorides,Aromatic homomonocyclic compounds
ZUFQODAHGAHPFQ-UHFFFAOYSA-N,False,Organic compounds,Organoheterocyclic compounds,Pyridines and derivatives,Pyridoxines,Pyridoxines,Aromatic heteromonocyclic compounds
VBCVPMMZEGZULK-UHFFFAOYSA-N,True,Organic compounds,Benzenoids,Benzene and substituted derivatives,Phenylcarbamic acid esters,Phenylcarbamic acid esters,Aromatic heteropolycyclic compounds
UGTJLJZQQFGTJD-UHFFFAOYSA-N,False,Organic compounds,Benzenoids,Benzene and substituted derivatives,Phenylhydrazines,Phenylhydrazines,Aromatic homomonocyclic compounds
GVEZIHKRYBHEFX-NQQPLRFYSA-N,False,Organic compounds,Organoheterocyclic compounds,Epoxides,Oxirane carboxylic acids and derivatives,Oxirane carboxylic acids and derivatives,Aliphatic heteromonocyclic compounds
VHJLVAABSRFDPM-QWWZWVQMSA-N,False,Organic compounds,Organic oxygen compounds,Organooxygen compounds,Alcohols and polyols,"1,2-diols",Aliphatic acyclic compounds
IMBKASBLAKCLEM-UHFFFAOYSA-L,False,Inorganic compounds,Mixed metal/non-metal compounds,Transition metal oxoanionic compounds,Transition metal sulfates,Transition metal sulfates,
MQOBSOSZFYZQOK-UHFFFAOYSA-N,False,Organic compounds,Benzenoids,Benzene and substituted derivatives,Benzophenones,Benzophenones,Aromatic homomonocyclic compounds
HWSZZLVAJGOAAY-UHFFFAOYSA-L,False,Inorganic compounds,Mixed metal/non-metal compounds,Post-transition metal salts,Post-transition metal chlorides,Post-transition metal chlorides,
GSDSWSVVBLHKDQ-JTQLQIEISA-N,False,Organic compounds,Organoheterocyclic compounds,Quinolines and derivatives,Quinoline carboxylic acids,Quinoline carboxylic acids,Aromatic heteropolycyclic compounds
CFRPSFYHXJZSBI-DHZHZOJOSA-N,False,Organic compounds,Organoheterocyclic compounds,Pyridines and derivatives,Halopyridines,2-halopyridines,Aromatic heteromonocyclic compounds
GSDSWSVVBLHKDQ-UHFFFAOYSA-N,False,Organic compounds,Organoheterocyclic compounds,Quinolines and derivatives,Quinoline carboxylic acids,Quinoline carboxylic acids,Aromatic heteropolycyclic compounds
RNAICSBVACLLGM-GNAZCLTHSA-N,False,Organic compounds,Alkaloids and derivatives,,,Alkaloids and derivatives,Aromatic heteromonocyclic compounds
KIDHWZJUCRJVML-UHFFFAOYSA-N,False,Organic compounds,Organic nitrogen compounds,Organonitrogen compounds,Amines,Monoalkylamines,Aliphatic acyclic compounds
MUPFEKGTMRGPLJ-ZQSKZDJDSA-N,False,Organic compounds,Organic oxygen compounds,Organooxygen compounds,Carbohydrates and carbohydrate conjugates,Oligosaccharides,Aliphatic heteromonocyclic compounds
FVAUCKIRQBBSSJ-UHFFFAOYSA-M,False,Inorganic compounds,Mixed metal/non-metal compounds,Alkali metal salts,Alkali metal iodides,Alkali metal iodides,
YMBCJWGVCUEGHA-UHFFFAOYSA-M,False,Organic compounds,Organic nitrogen compounds,Organonitrogen compounds,Quaternary ammonium salts,Tetraalkylammonium salts,Aliphatic acyclic compounds
SGTNSNPWRIOYBX-UHFFFAOYSA-N,False,Organic compounds,Benzenoids,Benzene and substituted derivatives,Phenylbutylamines,Phenylbutylamines,Aromatic homomonocyclic compounds
LAIZPRYFQUWUBN-UHFFFAOYSA-L,False,Inorganic compounds,Mixed metal/non-metal compounds,Transition metal salts,Transition metal chlorides,Transition metal chlorides,
WTARULDDTDQWMU-IUCAKERBSA-N,False,Organic compounds,Lipids and lipid-like molecules,Prenol lipids,Monoterpenoids,Bicyclic monoterpenoids,Aliphatic homopolycyclic compounds
KAATUXNTWXVJKI-WSTZPKSXSA-N,False,Organic compounds,Lipids and lipid-like molecules,Fatty Acyls,Fatty acid esters,Pyrethroids,Aromatic homomonocyclic compounds
YKFLAYDHMOASIY-UHFFFAOYSA-N,False,Organic compounds,Hydrocarbons,Unsaturated hydrocarbons,Branched unsaturated hydrocarbons,Branched unsaturated hydrocarbons,Aliphatic homomonocyclic compounds
RBEICLNUPBZRMH-UHFFFAOYSA-N,False,Organic compounds,Benzenoids,Benzene and substituted derivatives,Diphenylmethanes,Diphenylmethanes,Aromatic homomonocyclic compounds
OSASVXMJTNOKOY-UHFFFAOYSA-N,False,Organic compounds,Organic oxygen compounds,Organooxygen compounds,Alcohols and polyols,Tertiary alcohols,Aliphatic acyclic compounds
ZWVMLYRJXORSEP-UHFFFAOYSA-N,False,Organic compounds,Lipids and lipid-like molecules,Fatty Acyls,Fatty alcohols,Fatty alcohols,Aliphatic acyclic compounds
YHQGMYUVUMAZJR-UHFFFAOYSA-N,False,Organic compounds,Lipids and lipid-like molecules,Prenol lipids,Monoterpenoids,Menthane monoterpenoids,Aliphatic homomonocyclic compounds
NYNKJVPRTLBJNQ-UHFFFAOYSA-N,False,Organic compounds,Organic nitrogen compounds,Organonitrogen compounds,Amines,Trialkylamines,Aliphatic acyclic compounds
YPFDHNVEDLHUCE-UHFFFAOYSA-N,False,Organic compounds,Organic oxygen compounds,Organooxygen compounds,Alcohols and polyols,Primary alcohols,Aliphatic acyclic compounds
FBMQNRKSAWNXBT-UHFFFAOYSA-N,False,Organic compounds,Benzenoids,Anthracenes,Anthraquinones,Anthraquinones,Aromatic homopolycyclic compounds
XCSNRORTQRKCHB-UHFFFAOYSA-N,False,Organic compounds,Benzenoids,Benzene and substituted derivatives,Nitrobenzenes,Nitrobenzenes,Aromatic homomonocyclic compounds
FPJNQQRSBJPGHM-UHFFFAOYSA-N,False,Organic compounds,"Organic 1,3-dipolar compounds","Allyl-type 1,3-dipolar organic compounds",Organic nitro compounds,C-nitro compounds,Aliphatic acyclic compounds
JOLQKTGDSGKSKJ-UHFFFAOYSA-N,False,Organic compounds,Organic oxygen compounds,Organooxygen compounds,Alcohols and polyols,Secondary alcohols,Aliphatic acyclic compounds
MRUAUOIMASANKQ-UHFFFAOYSA-N,False,Organic compounds,Organic acids and derivatives,Carboxylic acids and derivatives,"Amino acids, peptides, and analogues",Alpha amino acids,Aliphatic acyclic compounds
URLJMZWTXZTZRR-UHFFFAOYSA-N,False,Organic compounds,Organic acids and derivatives,Organic sulfuric acids and derivatives,Sulfuric acid esters,Sulfuric acid monoesters,Aliphatic acyclic compounds
YPWJVPXHSDMPQB-UHFFFAOYSA-M,False,Organic compounds,Benzenoids,Benzene and substituted derivatives,Halobenzenes,Chlorobenzenes,Aromatic homomonocyclic compounds
GLDWASBMYWLQGG-UHFFFAOYSA-N,False,Organic compounds,Benzenoids,Benzene and substituted derivatives,Phenoxyacetic acid derivatives,Phenoxyacetic acid derivatives,Aromatic homomonocyclic compounds
SXHQLHGHMREHMX-UHFFFAOYSA-N,False,Organic compounds,Benzenoids,Benzene and substituted derivatives,Phenoxyacetic acid derivatives,Phenoxyacetic acid derivatives,Aromatic homomonocyclic compounds
FBMDQVBGIYSDTI-UHFFFAOYSA-N,False,Organic compounds,Organoheterocyclic compounds,Triazines,"1,3,5-triazines",Methylthio-s-triazines,Aromatic heteromonocyclic compounds
JSLBZIVMVVHMDJ-UHFFFAOYSA-N,False,Organic compounds,Benzenoids,Benzene and substituted derivatives,Phenoxyacetic acid derivatives,Phenoxyacetic acid derivatives,Aromatic homomonocyclic compounds
CVYZVNVPQRKDLW-UHFFFAOYSA-N,False,Organic compounds,Benzenoids,Benzene and substituted derivatives,Nitrobenzenes,Nitrophenyl ethers,Aromatic homomonocyclic compounds
XQDQRCRASHAZBA-UHFFFAOYSA-N,False,Organic compounds,Benzenoids,Benzene and substituted derivatives,Nitrobenzenes,Nitrobenzenes,Aromatic homomonocyclic compounds
ABOOPXYCKNFDNJ-SNVBAGLBSA-N,False,Organic compounds,Benzenoids,Benzene and substituted derivatives,2-phenoxypropionic acids,Aryloxyphenoxypropionic acids,Aromatic heteropolycyclic compounds
GFGSZUNNBQXGMK-UHFFFAOYSA-N,False,Organic compounds,Benzenoids,Benzene and substituted derivatives,Benzoic acids and derivatives,2-halobenzoic acids and derivatives,Aromatic homomonocyclic compounds
ULDHMXUKGWMISQ-SECBINFHSA-N,False,Organic compounds,Lipids and lipid-like molecules,Prenol lipids,Monoterpenoids,Menthane monoterpenoids,Aliphatic homomonocyclic compounds
BUDQDWGNQVEFAC-UHFFFAOYSA-N,False,Organic compounds,Organoheterocyclic compounds,Oxacyclic compounds,,Oxacyclic compounds,Aliphatic heteromonocyclic compounds
MSXVEPNJUHWQHW-UHFFFAOYSA-N,False,Organic compounds,Organic oxygen compounds,Organooxygen compounds,Alcohols and polyols,Tertiary alcohols,Aliphatic acyclic compounds
TXECTBGVEUDNSL-UHFFFAOYSA-N,False,Organic compounds,Organic acids and derivatives,Carboxylic acids and derivatives,Carboxylic acid derivatives,Acylals,Aliphatic acyclic compounds
SBAJRGRUGUQKAF-UHFFFAOYSA-N,False,Organic compounds,Organic nitrogen compounds,Organonitrogen compounds,Organic cyanides,Nitriles,Aliphatic acyclic compounds
OOCCDEMITAIZTP-UHFFFAOYSA-N,False,Organic compounds,Phenylpropanoids and polyketides,Cinnamyl alcohols,,Cinnamyl alcohols,Aromatic homomonocyclic compounds
WYEHFWKAOXOVJD-UHFFFAOYSA-N,True,Organic compounds,Benzenoids,Benzene and substituted derivatives,Anilides,Aromatic anilides,Aromatic heteromonocyclic compounds
XNFIRYXKTXAHAC-UHFFFAOYSA-N,True,Organic compounds,Organoheterocyclic compounds,Pyrroles,Substituted pyrroles,Phenylpyrroles,Aromatic heteromonocyclic compounds
RECCURWJDVZHIH-UHFFFAOYSA-N,False,Organic compounds,Benzenoids,Benzene and substituted derivatives,N-phenylureas,N-phenylureas,Aromatic homomonocyclic compounds
PKOFBDHYTMYVGJ-UHFFFAOYSA-N,False,Organic compounds,Benzenoids,Benzene and substituted derivatives,Benzenesulfonamides,Benzenesulfonamides,Aromatic homomonocyclic compounds
UZXIHLNNJNITMJ-UHFFFAOYSA-N,False,Organic compounds,Benzenoids,Benzene and substituted derivatives,Anilides,Anilides,Aromatic heteromonocyclic compounds
DNRJTBAOUJJKDY-UHFFFAOYSA-N,False,Organic compounds,Benzenoids,Tetralins,,Tetralins,Aromatic homopolycyclic compounds
MATCZHXABVLZIE-UHFFFAOYSA-N,False,Organic compounds,Organoheterocyclic compounds,Benzoxazoles,Benzoxazolones,Benzoxazolones,Aromatic heteropolycyclic compounds
KFZXVMNBUMVKLN-UHFFFAOYSA-N,False,Organic compounds,Lipids and lipid-like molecules,Prenol lipids,Monoterpenoids,Aromatic monoterpenoids,Aromatic homomonocyclic compounds
CQRUIYKYVFQBRT-UHFFFAOYSA-N,False,Organic compounds,Organoheterocyclic compounds,Diazines,Pyrimidines and pyrimidine derivatives,Pyrimidines and pyrimidine derivatives,Aromatic heteromonocyclic compounds
WBHHMMIMDMUBKC-QJWNTBNXSA-N,False,Organic compounds,Lipids and lipid-like molecules,Fatty Acyls,Fatty acids and conjugates,Long-chain fatty acids,Aliphatic acyclic compounds
VXIVSQZSERGHQP-UHFFFAOYSA-N,False,Organic compounds,Organic acids and derivatives,Carboxylic acids and derivatives,Carboxylic acid derivatives,Chloroacetamides,Aliphatic acyclic compounds
QEVGZEDELICMKH-UHFFFAOYSA-N,False,Organic compounds,Organic acids and derivatives,Carboxylic acids and derivatives,Dicarboxylic acids and derivatives,Dicarboxylic acids and derivatives,Aliphatic acyclic compounds
QABLOFMHHSOFRJ-UHFFFAOYSA-N,False,Organic compounds,Organic acids and derivatives,Carboxylic acids and derivatives,Carboxylic acid derivatives,Methyl esters,Aliphatic acyclic compounds
AHGMXAFUHVRQAD-UHFFFAOYSA-N,True,Organic compounds,Benzenoids,Benzene and substituted derivatives,Diphenylethers,Diphenylethers,Aromatic homomonocyclic compounds
RDOXTESZEPMUJZ-UHFFFAOYSA-N,False,Organic compounds,Benzenoids,Phenol ethers,Anisoles,Anisoles,Aromatic homomonocyclic compounds
AFIIBUOYKYSPKB-UHFFFAOYSA-N,False,Organic compounds,Organoheterocyclic compounds,Triazines,"1,3,5-triazines",Methylthio-s-triazines,Aromatic heteromonocyclic compounds
MCOQHIWZJUDQIC-UHFFFAOYSA-N,False,Organic compounds,Benzenoids,Benzene and substituted derivatives,Phenylcarbamic acid esters,Phenylcarbamic acid esters,Aromatic homomonocyclic compounds
CJPQIRJHIZUAQP-UHFFFAOYSA-N,False,Organic compounds,Organic acids and derivatives,Carboxylic acids and derivatives,"Amino acids, peptides, and analogues",Alpha amino acid esters,Aromatic homomonocyclic compounds
HYJSGOXICXYZGS-UHFFFAOYSA-N,False,Organic compounds,Organic acids and derivatives,Carboxylic acids and derivatives,"Amino acids, peptides, and analogues",Alpha amino acids and derivatives,Aromatic heteropolycyclic compounds
WQRCEBAZAUAUQC-UHFFFAOYSA-N,False,Organic compounds,Organic acids and derivatives,Carboxylic acids and derivatives,"Amino acids, peptides, and analogues",Alpha amino acid esters,Aromatic heteropolycyclic compounds
FYZBOYWSHKHDMT-UHFFFAOYSA-N,False,Organic compounds,Organoheterocyclic compounds,Coumarans,,Coumarans,Aromatic heteropolycyclic compounds
POQJHLBMLVTHAU-UHFFFAOYSA-N,False,Organic compounds,Benzenoids,Benzene and substituted derivatives,Benzoyl derivatives,Benzoyl derivatives,Aromatic homomonocyclic compounds
IRLYGRLEBKCYPY-UHFFFAOYSA-N,False,Organic compounds,Benzenoids,Benzene and substituted derivatives,Benzenesulfonic acids and derivatives,Benzenesulfonic acids and derivatives,Aromatic homomonocyclic compounds
DTCJYIIKPVRVDD-UHFFFAOYSA-N,False,Organic compounds,Organoheterocyclic compounds,Benzothiazoles,,Benzothiazoles,Aromatic heteropolycyclic compounds
SXPWTBGAZSPLHA-UHFFFAOYSA-M,False,Organic compounds,Benzenoids,Benzene and substituted derivatives,Alkyldimethylbenzylammonium halides,Alkyldimethylbenzylammonium chlorides,Aromatic homomonocyclic compounds
GRWFGVWFFZKLTI-RKDXNWHRSA-N,False,Organic compounds,Lipids and lipid-like molecules,Prenol lipids,Monoterpenoids,Bicyclic monoterpenoids,Aliphatic homopolycyclic compounds
FVIGODVHAVLZOO-UHFFFAOYSA-N,False,Organic compounds,Organosulfur compounds,Organic disulfides,,Organic disulfides,Aliphatic acyclic compounds
WTEOIRVLGSZEPR-UHFFFAOYSA-N,False,Inorganic compounds,Mixed metal/non-metal compounds,Metalloid salts,Metalloid fluorides,Metalloid fluorides,
DAASOABUJRMZAD-UHFFFAOYSA-N,False,Organic compounds,Organohalogen compounds,Vinyl halides,Vinyl chlorides,Vinyl chlorides,Aliphatic homopolycyclic compounds
XTFNPKDYCLFGPV-UHFFFAOYSA-N,False,Organic compounds,Benzenoids,Benzene and substituted derivatives,Nitrobenzenes,Nitrobenzenes,Aromatic homomonocyclic compounds
KWGUFOITWDSNQY-UHFFFAOYSA-N,False,Organic compounds,Organic acids and derivatives,Organic thiophosphoric acids and derivatives,Thiophosphoric acid esters,Phenyl thiophosphates,Aromatic homomonocyclic compounds
SLZWBCGZQRRUNG-UHFFFAOYSA-N,False,Organic compounds,Benzenoids,Benzene and substituted derivatives,Phenyl methylcarbamates,Phenyl methylcarbamates,Aromatic homomonocyclic compounds
BYYMILHAKOURNM-UHFFFAOYSA-N,False,Organic compounds,Benzenoids,Benzene and substituted derivatives,N-phenylureas,N-phenylureas,Aromatic homomonocyclic compounds
XUPYJHCZDLZNFP-UHFFFAOYSA-N,False,Organic compounds,Lipids and lipid-like molecules,Fatty Acyls,Fatty acid esters,Fatty acid esters,Aliphatic acyclic compounds
NLXFWUZKOOWWFD-UHFFFAOYSA-N,False,Organic compounds,Benzenoids,Anthracenes,Anthraquinones,Anthraquinones,Aromatic homopolycyclic compounds
VUFOSBDICLTFMS-UHFFFAOYSA-M,False,Organic compounds,Organic nitrogen compounds,Organonitrogen compounds,Quaternary ammonium salts,Tetraalkylammonium salts,Aliphatic acyclic compounds
YMKDRGPMQRFJGP-UHFFFAOYSA-M,False,Organic compounds,Organoheterocyclic compounds,Pyridines and derivatives,Pyridinium derivatives,Pyridinium derivatives,Aromatic heteromonocyclic compounds
REEFSLKDEDEWAO-UHFFFAOYSA-N,False,Organic compounds,Benzenoids,Benzene and substituted derivatives,Halobenzenes,Dichlorobenzenes,Aromatic homomonocyclic compounds
XQNAUQUKWRBODG-UHFFFAOYSA-N,False,Organic compounds,Benzenoids,Benzene and substituted derivatives,Diphenylethers,Diphenylethers,Aromatic homomonocyclic compounds
KGKGSIUWJCAFPX-UHFFFAOYSA-N,False,Organic compounds,Benzenoids,Benzene and substituted derivatives,Halobenzenes,Dichlorobenzenes,Aromatic homomonocyclic compounds
NZNRRXXETLSZRO-UHFFFAOYSA-N,False,Organic compounds,Organic acids and derivatives,Organic thiophosphoric acids and derivatives,Thiophosphoric acid esters,Phenyl thiophosphates,Aromatic homomonocyclic compounds
JAZJVWLGNLCNDD-UHFFFAOYSA-N,False,Organic compounds,Organic acids and derivatives,Organic thiophosphoric acids and derivatives,Thiophosphoric acid esters,Phenyl thiophosphates,Aromatic homomonocyclic compounds
NEHNMFOYXAPHSD-UHFFFAOYSA-N,False,Organic compounds,Lipids and lipid-like molecules,Prenol lipids,Monoterpenoids,Acyclic monoterpenoids,Aliphatic acyclic compounds
COYBRKAVBMYYSF-UHFFFAOYSA-N,False,Organic compounds,Benzenoids,Benzene and substituted derivatives,Phenoxyacetic acid derivatives,Phenoxyacetic acid derivatives,Aromatic heteropolycyclic compounds
DEKWZWCFHUABHE-UHFFFAOYSA-N,False,Organic compounds,Phenylpropanoids and polyketides,Coumarins and derivatives,Hydroxycoumarins,4-hydroxycoumarins,Aromatic heteropolycyclic compounds
HJIUPFPIEBPYIE-UHFFFAOYSA-N,False,Organic compounds,Organic nitrogen compounds,Organonitrogen compounds,Amines,Dialkylarylamines,Aromatic heteromonocyclic compounds
LRNJHZNPJSPMGK-UHFFFAOYSA-N,False,Organic compounds,Benzenoids,Benzene and substituted derivatives,Phenylphosphonothioates,Phenyl phenylphosphonothioates,Aromatic homomonocyclic compounds
SCKHCCSZFPSHGR-UHFFFAOYSA-N,False,Organic compounds,Organic acids and derivatives,Organic thiophosphoric acids and derivatives,Thiophosphoric acid esters,Phenyl thiophosphates,Aromatic homomonocyclic compounds
DGLIBALSRMUQDD-UHFFFAOYSA-N,False,Organic compounds,Organic acids and derivatives,Organic thiophosphoric acids and derivatives,Thiophosphoric acid esters,Thiophosphate triesters,Aliphatic acyclic compounds
HCRWJJJUKUVORR-UHFFFAOYSA-N,False,Organic compounds,Organoheterocyclic compounds,Triazines,"1,3,5-triazines",Methylthio-s-triazines,Aromatic heteromonocyclic compounds
ZKIBFASDNPOJFP-UHFFFAOYSA-N,False,Organic compounds,Benzenoids,Benzene and substituted derivatives,Phenoxy compounds,Phenoxy compounds,Aromatic homomonocyclic compounds
OTKXWJHPGBRXCR-UHFFFAOYSA-N,False,Organic compounds,Organic acids and derivatives,Organic thiophosphoric acids and derivatives,Thiophosphoric acid esters,Phenyl thiophosphates,Aromatic homomonocyclic compounds
WURGXGVFSMYFCG-UHFFFAOYSA-N,False,Organic compounds,Benzenoids,Benzene and substituted derivatives,Sulfanilides,Sulfanilides,Aromatic homomonocyclic compounds
OOLBCHYXZDXLDS-UHFFFAOYSA-N,False,Organic compounds,Benzenoids,Benzene and substituted derivatives,2-phenoxypropionic acids,Aryloxyphenoxypropionic acids,Aromatic homomonocyclic compounds
IKYICRRUVNIHPP-UHFFFAOYSA-N,False,Organic compounds,Organoheterocyclic compounds,Triazines,"1,3,5-triazines",Methylthio-s-triazines,Aromatic heteromonocyclic compounds
CJHXCRMKMMBYJQ-UHFFFAOYSA-N,False,Organic compounds,Organic nitrogen compounds,Organonitrogen compounds,Amines,Dialkylarylamines,Aromatic heteromonocyclic compounds
PSOZMUMWCXLRKX-UHFFFAOYSA-N,False,Organic compounds,Benzenoids,Phenols,Nitrophenols,Dinitrophenols,Aromatic homomonocyclic compounds
IIPZYDQGBIWLBU-UHFFFAOYSA-N,False,Organic compounds,Benzenoids,Phenols,Nitrophenols,Dinitrophenols,Aromatic homomonocyclic compounds
SDKQRNRRDYRQKY-UHFFFAOYSA-N,False,Organic compounds,Benzenoids,Benzene and substituted derivatives,Phenoxy compounds,Phenoxy compounds,Aromatic heteromonocyclic compounds
CZZYITDELCSZES-UHFFFAOYSA-N,False,Organic compounds,Benzenoids,Benzene and substituted derivatives,Diphenylmethanes,Diphenylmethanes,Aromatic homomonocyclic compounds
XRHVZWWRFMCBAZ-UHFFFAOYSA-L,False,Organic compounds,Organic acids and derivatives,Carboxylic acids and derivatives,Dicarboxylic acids and derivatives,Dicarboxylic acids and derivatives,Aliphatic heteropolycyclic compounds
BKVJOVPVLOJPKJ-UHFFFAOYSA-N,False,Organic compounds,Organic acids and derivatives,Organic dithiophosphoric acids and derivatives,Dithiophosphate O-esters,Dithiophosphate O-esters,Aliphatic acyclic compounds
AWZOLILCOUMRDG-UHFFFAOYSA-N,False,Organic compounds,Benzenoids,Benzene and substituted derivatives,,Benzene and substituted derivatives,Aromatic homomonocyclic compounds
RHLVCLIPMVJYKS-UHFFFAOYSA-N,False,Organic compounds,Organic oxygen compounds,Organooxygen compounds,Carbonyl compounds,Ketones,Aliphatic acyclic compounds
AKNUHUCEWALCOI-UHFFFAOYSA-N,False,Organic compounds,Organic nitrogen compounds,Organonitrogen compounds,Amines,"1,2-aminoalcohols",Aliphatic acyclic compounds
STSCVKRWJPWALQ-UHFFFAOYSA-N,True,Organic compounds,Organic acids and derivatives,Carboxylic acids and derivatives,Alpha-halocarboxylic acids and derivatives,Alpha-halocarboxylic acid derivatives,Aliphatic acyclic compounds
FGIWFCGDPUIBEZ-UHFFFAOYSA-N,False,Organic compounds,Organic acids and derivatives,Organic thiophosphoric acids and derivatives,Thiophosphoric acid esters,Pyrimidinyl phosphorothioates,Aromatic heteromonocyclic compounds
ISVQSVPUDBVFFU-UHFFFAOYSA-N,True,Organic compounds,Organoheterocyclic compounds,Benzimidazoles,,Benzimidazoles,Aromatic heteropolycyclic compounds
SPJOZZSIXXJYBT-UHFFFAOYSA-N,False,Organic compounds,Benzenoids,Benzene and substituted derivatives,Benzenesulfonic acids and derivatives,Benzenesulfonate esters,Aromatic homomonocyclic compounds
ZDHYERRNXRANLI-UHFFFAOYSA-N,False,Organic compounds,Organic acids and derivatives,Organic thiophosphoric acids and derivatives,Thiophosphoric acid esters,Phenyl thiophosphates,Aromatic homomonocyclic compounds
QEWYKACRFQMRMB-UHFFFAOYSA-N,False,Organic compounds,Organic acids and derivatives,Carboxylic acids and derivatives,Alpha-halocarboxylic acids and derivatives,Alpha-halocarboxylic acids,Aliphatic acyclic compounds
RMFNNCGOSPBBAD-UHFFFAOYSA-N,False,Organic compounds,Benzenoids,Benzene and substituted derivatives,Phenyl methylcarbamates,Phenyl methylcarbamates,Aromatic homomonocyclic compounds
AIKKULXCBHRFOS-UHFFFAOYSA-N,False,Organic compounds,Organic acids and derivatives,Carboxylic acids and derivatives,Carboxylic acid derivatives,N-substituted carboxylic acid imides,Aliphatic acyclic compounds
BACYUWVYYTXETD-UHFFFAOYSA-N,False,Organic compounds,Organic acids and derivatives,Carboxylic acids and derivatives,"Amino acids, peptides, and analogues",N-acyl-alpha amino acids,Aliphatic acyclic compounds
RONFGUROBZGJKP-UHFFFAOYSA-N,False,Organic compounds,Organic nitrogen compounds,Organonitrogen compounds,Guanidines,Guanidines,Aliphatic acyclic compounds
GOCUAJYOYBLQRH-UHFFFAOYSA-N,True,Organic compounds,Benzenoids,Benzene and substituted derivatives,2-phenoxypropionic acids,Aryloxyphenoxypropionic acids,Aromatic heteromonocyclic compounds
FYQGBXGJFWXIPP-UEVLXMDPSA-N,False,Organic compounds,Lipids and lipid-like molecules,Prenol lipids,Sesquiterpenoids,Sesquiterpenoids,Aliphatic acyclic compounds
YBYIRNPNPLQARY-UHFFFAOYSA-N,False,Organic compounds,Benzenoids,Indenes and isoindenes,,Indenes and isoindenes,Aromatic homopolycyclic compounds
QBSJMKIUCUGGNG-UHFFFAOYSA-N,False,Organic compounds,Benzenoids,Benzene and substituted derivatives,Cumenes,Cumenes,Aromatic homomonocyclic compounds
RECUKUPTGUEGMW-UHFFFAOYSA-N,False,Organic compounds,Lipids and lipid-like molecules,Prenol lipids,Monoterpenoids,Aromatic monoterpenoids,Aromatic homomonocyclic compounds
PUIYMUZLKQOUOZ-UHFFFAOYSA-N,False,Organic compounds,Benzenoids,Benzene and substituted derivatives,N-phenylureas,N-phenylureas,Aromatic homomonocyclic compounds
SDMSCIWHRZJSRN-UHFFFAOYSA-N,False,Organic compounds,Organic acids and derivatives,Organic thiophosphoric acids and derivatives,Thiophosphoric acid esters,Aryl thiophosphates,Aromatic heteromonocyclic compounds
OWNAXTAAAQTBSP-UHFFFAOYSA-N,False,Organic compounds,Benzenoids,Benzene and substituted derivatives,N-phenylureas,N-phenylureas,Aromatic homomonocyclic compounds
MOTZDAYCYVMXPC-UHFFFAOYSA-N,False,Organic compounds,Organic acids and derivatives,Organic sulfuric acids and derivatives,Sulfuric acid esters,Sulfuric acid monoesters,Aliphatic acyclic compounds
RYZZMYXTNUJGMU-UHFFFAOYSA-N,False,Organic compounds,Organosulfur compounds,Thiocyanates,,Thiocyanates,Aliphatic acyclic compounds
ZTMKADLOSYKWCA-UHFFFAOYSA-N,False,Organic compounds,Organoheterocyclic compounds,Diazines,Pyrimidines and pyrimidine derivatives,Hydroxypyrimidines,Aromatic heteropolycyclic compounds
LHTOXQCYXYXXEZ-UHFFFAOYSA-N,False,Organic compounds,Benzenoids,Benzene and substituted derivatives,Phenyl methylcarbamates,Phenyl methylcarbamates,Aromatic homomonocyclic compounds
CSNNHWWHGAXBCP-UHFFFAOYSA-L,False,Inorganic compounds,Mixed metal/non-metal compounds,Alkaline earth metal oxoanionic compounds,Alkaline earth metal sulfates,Alkaline earth metal sulfates,
KLGMSAOQDHLCOS-UHFFFAOYSA-N,False,Organic compounds,Organic acids and derivatives,Organic dithiophosphoric acids and derivatives,Dithiophosphate O-esters,Dithiophosphate O-esters,Aliphatic acyclic compounds
BRMYZIKAHFEUFJ-UHFFFAOYSA-L,False,Organic compounds,Organic acids and derivatives,Carboxylic acids and derivatives,Carboxylic acids,Carboxylic acids,
QWUGXIXRFGEYBD-UHFFFAOYSA-M,False,Organic compounds,Organometallic compounds,Metal alkyl halides,,Metal alkyl halides,Aliphatic acyclic compounds
AWGTVRDHKJQFAX-UHFFFAOYSA-M,False,Organic compounds,Benzenoids,Benzene and substituted derivatives,,Benzene and substituted derivatives,Aromatic homomonocyclic compounds
HWMTUNCVVYPZHZ-UHFFFAOYSA-N,False,Organic compounds,Benzenoids,Benzene and substituted derivatives,,Benzene and substituted derivatives,Aromatic homomonocyclic compounds
CEQFOVLGLXCDCX-WUKNDPDISA-N,False,Organic compounds,Organoheterocyclic compounds,Azobenzenes,,Azobenzenes,Aromatic homomonocyclic compounds
WLFDQEVORAMCIM-UHFFFAOYSA-N,False,Organic compounds,Benzenoids,Benzene and substituted derivatives,N-phenylureas,N-phenylureas,Aromatic homomonocyclic compounds
DSRNRYQBBJQVCW-UHFFFAOYSA-N,False,Organic compounds,Benzenoids,Benzene and substituted derivatives,N-phenylureas,N-phenylureas,Aromatic homomonocyclic compounds
IDQHRQQSSQDLTR-UHFFFAOYSA-N,False,Organic compounds,Benzenoids,Benzene and substituted derivatives,N-phenylureas,N-phenylureas,Aromatic homomonocyclic compounds
IGLVCWPPISIXPR-UHFFFAOYSA-N,False,Organic compounds,Benzenoids,Benzene and substituted derivatives,Anilides,M-haloacetanilides,Aromatic homomonocyclic compounds
XKUWFOYPQIVFMM-UHFFFAOYSA-N,False,Organic compounds,Benzenoids,Benzene and substituted derivatives,Toluenes,Dinitrotoluenes,Aromatic homomonocyclic compounds
KFFQABQEJATQAT-UHFFFAOYSA-N,False,Organic compounds,Organosulfur compounds,Thioureas,,Thioureas,Aliphatic acyclic compounds
VLCDUOXHFNUCKK-UHFFFAOYSA-N,False,Organic compounds,Organosulfur compounds,Thioureas,,Thioureas,Aliphatic acyclic compounds
RZCJYMOBWVJQGV-UHFFFAOYSA-N,False,Organic compounds,Benzenoids,Benzene and substituted derivatives,Phenoxyacetic acid derivatives,Phenoxyacetic acid derivatives,Aromatic homopolycyclic compounds
MRABAEUHTLLEML-UHFFFAOYSA-N,False,Organic compounds,Organic acids and derivatives,Carboxylic acids and derivatives,Carboxylic acid derivatives,Carboxylic acid esters,Aliphatic acyclic compounds
CCGPUGMWYLICGL-UHFFFAOYSA-N,False,Organic compounds,Benzenoids,Benzene and substituted derivatives,N-phenylureas,N-phenylureas,Aromatic homomonocyclic compounds
UMKANAFDOQQUKE-UHFFFAOYSA-N,False,Organic compounds,Benzenoids,Benzene and substituted derivatives,Aniline and substituted anilines,Dinitroanilines,Aromatic homomonocyclic compounds
NJPQAIBZIHNJDO-UHFFFAOYSA-N,False,Organic compounds,Organoheterocyclic compounds,Pyrrolidines,N-alkylpyrrolidines,N-alkylpyrrolidines,Aliphatic heteromonocyclic compounds
YJLYANLCNIKXMG-UHFFFAOYSA-N,False,Organic compounds,Organic nitrogen compounds,Organonitrogen compounds,Amines,Trialkylamines,Aliphatic acyclic compounds
AVFZOVWCLRSYKC-UHFFFAOYSA-N,False,Organic compounds,Organoheterocyclic compounds,Pyrrolidines,N-alkylpyrrolidines,N-alkylpyrrolidines,Aliphatic heteromonocyclic compounds
ODLMAHJVESYWTB-UHFFFAOYSA-N,False,Organic compounds,Benzenoids,Benzene and substituted derivatives,Phenylpropanes,Phenylpropanes,Aromatic homomonocyclic compounds
GABVDWALKPAUEQ-UHFFFAOYSA-M,False,Organic compounds,Benzenoids,Phenols,1-hydroxy-4-unsubstituted benzenoids,1-hydroxy-4-unsubstituted benzenoids,Aromatic homomonocyclic compounds
MLPVBIWIRCKMJV-UHFFFAOYSA-N,False,Organic compounds,Benzenoids,Benzene and substituted derivatives,Aniline and substituted anilines,Aniline and substituted anilines,Aromatic homomonocyclic compounds
NBNTWDUNCHRWMT-UHFFFAOYSA-N,False,Organic compounds,Benzenoids,Benzene and substituted derivatives,Diphenylmethanes,Diphenylmethanes,Aromatic heteromonocyclic compounds
OFCFYWOKHPOXKF-UHFFFAOYSA-N,False,Organic compounds,Benzenoids,Benzene and substituted derivatives,Benzenesulfonyl compounds,Benzenesulfonyl compounds,Aromatic homomonocyclic compounds
WGVWLKXZBUVUAM-UHFFFAOYSA-N,False,Organic compounds,Benzenoids,Benzene and substituted derivatives,Halobenzenes,Chlorobenzenes,Aromatic homomonocyclic compounds
GGNLTHFTYNDYNK-UHFFFAOYSA-N,False,Organic compounds,Benzenoids,Benzene and substituted derivatives,Halobenzenes,Dichlorobenzenes,Aromatic homomonocyclic compounds
XAMUDJHXFNRLCY-UHFFFAOYSA-N,False,Organic compounds,Benzenoids,Benzene and substituted derivatives,,Benzene and substituted derivatives,Aromatic homomonocyclic compounds
YQUQWHNMBPIWGK-UHFFFAOYSA-N,False,Organic compounds,Benzenoids,Benzene and substituted derivatives,Cumenes,Cumenes,Aromatic homomonocyclic compounds
BXNHTSHTPBPRFX-UHFFFAOYSA-M,False,Inorganic compounds,Mixed metal/non-metal compounds,Alkali metal oxoanionic compounds,Alkali metal nitrites,Alkali metal nitrites,
FITIWKDOCAUBQD-UHFFFAOYSA-N,False,Organic compounds,Benzenoids,Benzene and substituted derivatives,Halobenzenes,Dichlorobenzenes,Aromatic homomonocyclic compounds
JOOMJVFZQRQWKR-UHFFFAOYSA-N,False,Organic compounds,Organic acids and derivatives,Organic thiophosphoric acids and derivatives,Thiophosphoric acid esters,Aryl thiophosphates,Aromatic heteropolycyclic compounds
CXJSOEPQXUCJSA-UHFFFAOYSA-N,False,Organic compounds,Organic acids and derivatives,Organic thiophosphoric acids and derivatives,Thiophosphoric acid esters,Aryl thiophosphates,Aromatic heteromonocyclic compounds
GEDIWDLJKRKBFT-UHFFFAOYSA-N,False,Organic compounds,Organoheterocyclic compounds,Azoles,Pyrazoles,Phenylpyrazoles,Aromatic heteromonocyclic compounds
PYWVYCXTNDRMGF-UHFFFAOYSA-N,False,Organic compounds,Organoheterocyclic compounds,Benzopyrans,1-benzopyrans,Xanthenes,Aromatic heteropolycyclic compounds
SZKKRCSOSQAJDE-UHFFFAOYSA-N,False,Organic compounds,Organic acids and derivatives,Organic phosphoric acids and derivatives,Organic phosphoramides,Organic phosphoramides,Aliphatic acyclic compounds
GGHPAKFFUZUEKL-UHFFFAOYSA-M,False,Organic compounds,Organic acids and derivatives,Organic sulfuric acids and derivatives,Sulfuric acid esters,Sulfuric acid monoesters,Aliphatic acyclic compounds
JHJUUEHSAZXEEO-UHFFFAOYSA-M,False,Organic compounds,Benzenoids,Benzene and substituted derivatives,Benzenesulfonic acids and derivatives,Benzenesulfonic acids and derivatives,Aromatic homomonocyclic compounds
UPUIQOIQVMNQAP-UHFFFAOYSA-M,False,Organic compounds,Organic acids and derivatives,Organic sulfuric acids and derivatives,Sulfuric acid esters,Sulfuric acid monoesters,Aliphatic acyclic compounds
NHZLNPMOSADWGC-UHFFFAOYSA-N,False,Organic compounds,Organoheterocyclic compounds,Diazanaphthalenes,Benzodiazines,Quinoxalines,Aromatic heteropolycyclic compounds
WOZQBERUBLYCEG-UHFFFAOYSA-N,False,Organic compounds,Benzenoids,Benzene and substituted derivatives,Phenylcarbamic acid esters,Phenylcarbamic acid esters,Aromatic homomonocyclic compounds
CJDWRQLODFKPEL-UHFFFAOYSA-N,False,Organic compounds,Benzenoids,Benzene and substituted derivatives,Halobenzenes,Dichlorobenzenes,Aromatic homomonocyclic compounds
PNRAZZZISDRWMV-UHFFFAOYSA-N,False,Organic compounds,Benzenoids,Benzene and substituted derivatives,Phenyl methylcarbamates,Phenyl methylcarbamates,Aromatic homomonocyclic compounds
DWZSTEUTHNUVQD-UHFFFAOYSA-N,False,Organic compounds,Organic acids and derivatives,Organic dithiophosphoric acids and derivatives,Dithiophosphate O-esters,Dithiophosphate O-esters,Aliphatic acyclic compounds
KKOYBOFPUBHPFO-UHFFFAOYSA-N,False,Organic compounds,Organic acids and derivatives,Organic dithiophosphoric acids and derivatives,Dithiophosphate O-esters,Dithiophosphate O-esters,Aliphatic acyclic compounds
BCQMBFHBDZVHKU-UHFFFAOYSA-N,False,Organic compounds,Organoheterocyclic compounds,Triazines,Aminotriazines,"1,3,5-triazine-2,4-diamines",Aromatic heteromonocyclic compounds
PKKDWPSOOQBWFB-UHFFFAOYSA-N,False,Organic compounds,Benzenoids,Benzene and substituted derivatives,Diphenylmethanes,Diphenylmethanes,Aromatic homomonocyclic compounds
FQENQNTWSFEDLI-UHFFFAOYSA-J,False,Inorganic compounds,Mixed metal/non-metal compounds,Alkali metal oxoanionic compounds,Alkali metal pyrophosphates,Alkali metal pyrophosphates,
OPASCBHCTNRLRM-UHFFFAOYSA-N,False,Organic compounds,Organic acids and derivatives,Organic dithiophosphoric acids and derivatives,Dithiophosphate O-esters,Dithiophosphate O-esters,Aliphatic acyclic compounds
IRVDMKJLOCGUBJ-UHFFFAOYSA-N,False,Organic compounds,Organic acids and derivatives,Organic thiophosphoric acids and derivatives,Thiophosphoric acid esters,Aryl thiophosphates,Aromatic heteromonocyclic compounds
HYVWIQDYBVKITD-UHFFFAOYSA-N,False,Organic compounds,Benzenoids,Benzene and substituted derivatives,Sulfanilides,Sulfanilides,Aromatic homomonocyclic compounds
HFBWPRKWDIRYNX-UHFFFAOYSA-N,False,Organic compounds,Organoheterocyclic compounds,Triazines,Aminotriazines,"1,3,5-triazine-2,4-diamines",Aromatic heteromonocyclic compounds
ZJMLMBICUVVJDX-UHFFFAOYSA-N,False,Organic compounds,Benzenoids,Triphenyl compounds,,Triphenyl compounds,Aromatic heteromonocyclic compounds
LUBJCRLGQSPQNN-UHFFFAOYSA-N,False,Organic compounds,Benzenoids,Benzene and substituted derivatives,N-phenylureas,N-phenylureas,Aromatic homomonocyclic compounds
LEHOTFFKMJEONL-UHFFFAOYSA-N,False,Organic compounds,Organoheterocyclic compounds,Imidazopyrimidines,Purines and purine derivatives,Xanthines,Aromatic heteropolycyclic compounds
PVWMAOPFDINGAY-UHFFFAOYSA-N,False,Organic compounds,Benzenoids,Indanes,Indanones,Indanediones,Aromatic homopolycyclic compounds
ZEFNOZRLAWVAQF-UHFFFAOYSA-N,False,Organic compounds,Benzenoids,Benzene and substituted derivatives,Toluenes,Dinitrotoluenes,Aromatic homomonocyclic compounds
JFALSRSLKYAFGM-UHFFFAOYSA-N,False,Inorganic compounds,Homogeneous metal compounds,Homogeneous actinide compounds,,Homogeneous actinide compounds,
WIMWMKZEIBHDTH-UHFFFAOYSA-N,False,Organic compounds,Organoheterocyclic compounds,Benzazepines,Dibenzazepines,Dibenzazepines,Aromatic heteropolycyclic compounds
IYGYMKDQCDOMRE-ZWKOTPCHSA-N,False,Organic compounds,Alkaloids and derivatives,Phthalide isoquinolines,,Phthalide isoquinolines,Aromatic heteropolycyclic compounds
JWKXVHLIRTVXLD-UHFFFAOYSA-N,True,Organic compounds,Organoheterocyclic compounds,Azoles,Pyrazoles,Phenylpyrazoles,Aromatic heteromonocyclic compounds
ZFIQGRISGKSVAG-UHFFFAOYSA-N,False,Organic compounds,Organic nitrogen compounds,Organonitrogen compounds,Amines,Phenylalkylamines,Aromatic homomonocyclic compounds
PYSJLPAOBIGQPK-UHFFFAOYSA-N,False,Organic compounds,Organoheterocyclic compounds,Azoles,Thiazoles,"2,4-disubstituted thiazoles",Aromatic heteromonocyclic compounds
IWRVPXDHSLTIOC-UHFFFAOYSA-N,False,Organic compounds,Organoheterocyclic compounds,Azobenzenes,,Azobenzenes,Aromatic homomonocyclic compounds
JRNGUTKWMSBIBF-UHFFFAOYSA-N,False,Organic compounds,Benzenoids,Naphthalenes,Naphthols and derivatives,Naphthols and derivatives,Aromatic homopolycyclic compounds
OHHBFEVZJLBKEH-UHFFFAOYSA-N,False,Organic compounds,Organic nitrogen compounds,Organonitrogen compounds,Amines,Monoalkylamines,Aliphatic acyclic compounds
XIKIUQUXDNHBFR-UHFFFAOYSA-N,False,Organic compounds,Benzenoids,Benzene and substituted derivatives,Benzoic acids and derivatives,Benzoic acid esters,Aromatic homomonocyclic compounds
NQPDXQQQCQDHHW-UHFFFAOYSA-N,False,Organic compounds,Organic oxygen compounds,Organooxygen compounds,Ethers,Diarylethers,Aromatic heteropolycyclic compounds
BUCOQPHDYUOJSI-UHFFFAOYSA-N,False,Organic compounds,Organic oxygen compounds,Organooxygen compounds,Carbonyl compounds,Beta-diketones,Aliphatic homomonocyclic compounds
IAJOBQBIJHVGMQ-UHFFFAOYSA-N,False,Organic compounds,Organic acids and derivatives,Carboxylic acids and derivatives,"Amino acids, peptides, and analogues",Alpha amino acids,Aliphatic acyclic compounds
QGZKDVFQNNGYKY-UHFFFAOYSA-O,False,Inorganic compounds,Homogeneous non-metal compounds,Homogeneous other non-metal compounds,,Homogeneous other non-metal compounds,
WBPYTXDJUQJLPQ-VMXQISHHSA-N,False,Organic compounds,Organic oxygen compounds,Organooxygen compounds,Carbohydrates and carbohydrate conjugates,Aminoglycosides,Aliphatic heteromonocyclic compounds
IEEJAAUSLQCGJH-UHFFFAOYSA-N,False,Organic compounds,Benzenoids,Benzene and substituted derivatives,Toluenes,Dinitrotoluenes,Aromatic homomonocyclic compounds
BEZZFPOZAYTVHN-UHFFFAOYSA-N,False,Organic compounds,Organoheterocyclic compounds,Benzimidazoles,,Benzimidazoles,Aromatic heteropolycyclic compounds
SEEPANYCNGTZFQ-UHFFFAOYSA-N,False,Organic compounds,Benzenoids,Benzene and substituted derivatives,Benzenesulfonamides,Aminobenzenesulfonamides,Aromatic heteromonocyclic compounds
AQNQQHJNRPDOQV-UHFFFAOYSA-N,False,Organic compounds,Organohalogen compounds,Alkyl halides,Cyclohexyl halides,Cyclohexyl halides,Aliphatic homomonocyclic compounds
SPXWGAHNKXLXAP-UHFFFAOYSA-N,False,Organic compounds,Organic oxygen compounds,Organooxygen compounds,Alcohols and polyols,Secondary alcohols,Aliphatic acyclic compounds
OZVJKTHTULCNHB-UHFFFAOYSA-N,False,Organic compounds,Organohalogen compounds,Vinyl halides,Vinyl bromides,Vinyl bromides,Aliphatic acyclic compounds
MPBZUKLDHPOCLS-UHFFFAOYSA-N,False,Organic compounds,Benzenoids,Benzene and substituted derivatives,Aniline and substituted anilines,Dinitroanilines,Aromatic homomonocyclic compounds
GUMCAKKKNKYFEB-UHFFFAOYSA-N,False,Organic compounds,Benzenoids,Benzene and substituted derivatives,Aniline and substituted anilines,Aniline and substituted anilines,Aromatic homomonocyclic compounds
JJPSZKIOGBRMHK-UHFFFAOYSA-N,False,Organic compounds,Organoheterocyclic compounds,Quinolines and derivatives,,Quinolines and derivatives,Aromatic heteropolycyclic compounds
BCGCCTGNWPKXJL-UHFFFAOYSA-N,False,Organic compounds,Organic nitrogen compounds,Organonitrogen compounds,Organic cyanides,Nitriles,Aliphatic acyclic compounds
YZZVKLJKDFFSFL-UHFFFAOYSA-N,False,Organic compounds,Benzenoids,Phenols,Methoxyphenols,Methoxyphenols,Aromatic homomonocyclic compounds
SQQMAOCOWKFBNP-UHFFFAOYSA-L,False,Inorganic compounds,Mixed metal/non-metal compounds,Transition metal oxoanionic compounds,Transition metal sulfates,Transition metal sulfates,
FAPDDOBMIUGHIN-UHFFFAOYSA-K,False,Inorganic compounds,Mixed metal/non-metal compounds,Metalloid salts,Metalloid chlorides,Metalloid chlorides,
ZNPSUQQXTRRSBM-UHFFFAOYSA-N,False,Organic compounds,Benzenoids,Phenols,1-hydroxy-2-unsubstituted benzenoids,1-hydroxy-2-unsubstituted benzenoids,Aromatic homomonocyclic compounds
IRUJZVNXZWPBMU-UHFFFAOYSA-N,False,Organic compounds,Organosulfur compounds,Thiocarbonyl compounds,Thiocarbamic acid derivatives,Thiocarbamic acid derivatives,Aliphatic acyclic compounds
VWGNQYSIWFHEQU-KGEUUOKHSA-N,False,Organic compounds,Organoheterocyclic compounds,Oxanes,,Oxanes,Aliphatic heteropolycyclic compounds
GEHJYWRUCIMESM-UHFFFAOYSA-L,False,Inorganic compounds,Mixed metal/non-metal compounds,Alkali metal oxoanionic compounds,Alkali metal sulfites,Alkali metal sulfites,
PGLIUCLTXOYQMV-UHFFFAOYSA-N,False,Organic compounds,Benzenoids,Benzene and substituted derivatives,Diphenylmethanes,Diphenylmethanes,Aromatic heteromonocyclic compounds
HDITUCONWLWUJR-UHFFFAOYSA-N,False,Organic compounds,Organic nitrogen compounds,Organonitrogen compounds,Amines,Dialkylamines,Aliphatic acyclic compounds
QZXATCCPQKOEIH-UHFFFAOYSA-N,False,Organic compounds,Benzenoids,Benzene and substituted derivatives,Sulfanilides,Sulfanilides,Aromatic heteropolycyclic compounds
GLBLPMUBLHYFCW-UHFFFAOYSA-N,True,Organic compounds,Organoheterocyclic compounds,Pyridines and derivatives,Pyridinesulfonamides,Pyridinesulfonamides,Aromatic heteropolycyclic compounds
PSOVNZZNOMJUBI-UHFFFAOYSA-N,False,Organic compounds,Organoheterocyclic compounds,Pyridines and derivatives,Pyrazolylpyridines,Pyrazolylpyridines,Aromatic heteromonocyclic compounds
NTPLXRHDUXRPNE-UHFFFAOYSA-N,False,Organic compounds,Organic oxygen compounds,Organooxygen compounds,Carbonyl compounds,Alkyl-phenylketones,Aromatic homomonocyclic compounds
ZOMNIUBKTOKEHS-UHFFFAOYSA-L,False,Inorganic compounds,Mixed metal/non-metal compounds,Transition metal salts,Transition metal chlorides,Transition metal chlorides,
CRZQGDNQQAALAY-UHFFFAOYSA-N,False,Organic compounds,Benzenoids,Benzene and substituted derivatives,,Benzene and substituted derivatives,Aromatic homomonocyclic compounds
BWLUMTFWVZZZND-UHFFFAOYSA-N,False,Organic compounds,Benzenoids,Benzene and substituted derivatives,Phenylmethylamines,Phenylmethylamines,Aromatic homomonocyclic compounds
XJWSAJYUBXQQDR-UHFFFAOYSA-M,False,Organic compounds,Organic nitrogen compounds,Organonitrogen compounds,Quaternary ammonium salts,Tetraalkylammonium salts,Aliphatic acyclic compounds
CXRFDZFCGOPDTD-UHFFFAOYSA-M,False,Organic compounds,Organic nitrogen compounds,Organonitrogen compounds,Quaternary ammonium salts,Tetraalkylammonium salts,Aliphatic acyclic compounds
WURBFLDFSFBTLW-UHFFFAOYSA-N,False,Organic compounds,Phenylpropanoids and polyketides,Stilbenes,,Stilbenes,Aromatic homomonocyclic compounds
LUZDYPLAQQGJEA-UHFFFAOYSA-N,False,Organic compounds,Benzenoids,Naphthalenes,,Naphthalenes,Aromatic homopolycyclic compounds
YKFKEYKJGVSEIX-UHFFFAOYSA-N,False,Organic compounds,Organic oxygen compounds,Organooxygen compounds,Carbonyl compounds,Cyclic ketones,Aliphatic homomonocyclic compounds
WEGYGNROSJDEIW-UHFFFAOYSA-N,False,Organic compounds,Organic oxygen compounds,Organooxygen compounds,Carbonyl compounds,Aryl alkyl ketones,Aromatic heteromonocyclic compounds
HCBIBCJNVBAKAB-UHFFFAOYSA-N,False,Organic compounds,Benzenoids,Benzene and substituted derivatives,Benzoic acids and derivatives,Benzoic acid esters,Aromatic homomonocyclic compounds
OZJPLYNZGCXSJM-UHFFFAOYSA-N,False,Organic compounds,Organoheterocyclic compounds,Lactones,Delta valerolactones,Delta valerolactones,Aliphatic heteromonocyclic compounds
JDMFXJULNGEPOI-UHFFFAOYSA-N,False,Organic compounds,Benzenoids,Benzene and substituted derivatives,Halobenzenes,Dichlorobenzenes,Aromatic homomonocyclic compounds
SGRHVVLXEBNBDV-UHFFFAOYSA-N,False,Organic compounds,Organohalogen compounds,Organobromides,,Organobromides,Aliphatic acyclic compounds
BTURAGWYSMTVOW-UHFFFAOYSA-M,False,Organic compounds,Lipids and lipid-like molecules,Fatty Acyls,Fatty acids and conjugates,Medium-chain fatty acids,Aliphatic acyclic compounds
HWCKGOZZJDHMNC-UHFFFAOYSA-M,False,Organic compounds,Organic nitrogen compounds,Organonitrogen compounds,Quaternary ammonium salts,Tetraalkylammonium salts,Aliphatic acyclic compounds
FRPHFZCDPYBUAU-UHFFFAOYSA-N,False,Organic compounds,Organoheterocyclic compounds,Benzofurans,Benzofuranones,Benzofuranones,Aromatic heteropolycyclic compounds
JCVQKRGIASEUKR-UHFFFAOYSA-N,False,Organic compounds,Organometallic compounds,Organometalloid compounds,Organosilicon compounds,Trialkoxysilanes,Aromatic homomonocyclic compounds
GUEIZVNYDFNHJU-UHFFFAOYSA-N,False,Organic compounds,Benzenoids,Anthracenes,Anthraquinones,Anthraquinones,Aromatic homopolycyclic compounds
WSYUEVRAMDSJKL-UHFFFAOYSA-N,False,Organic compounds,Organic acids and derivatives,Organic sulfuric acids and derivatives,Sulfuric acid esters,Sulfuric acid monoesters,Aliphatic acyclic compounds
KRIOVPPHQSLHCZ-UHFFFAOYSA-N,False,Organic compounds,Organic oxygen compounds,Organooxygen compounds,Carbonyl compounds,Alkyl-phenylketones,Aromatic homomonocyclic compounds
WYACBZDAHNBPPB-UHFFFAOYSA-N,False,Organic compounds,Organic acids and derivatives,Carboxylic acids and derivatives,Dicarboxylic acids and derivatives,Dicarboxylic acids and derivatives,Aliphatic acyclic compounds
XKBGEWXEAPTVCK-UHFFFAOYSA-M,False,Organic compounds,Organic nitrogen compounds,Organonitrogen compounds,Quaternary ammonium salts,Tetraalkylammonium salts,Aliphatic acyclic compounds
IAXFZZHBFXRZMT-UHFFFAOYSA-N,False,Organic compounds,Benzenoids,Phenol ethers,,Phenol ethers,Aromatic homomonocyclic compounds
XIEPJMXMMWZAAV-UHFFFAOYSA-N,False,Inorganic compounds,Mixed metal/non-metal compounds,Transition metal oxoanionic compounds,Transition metal nitrates,Transition metal nitrates,
WDIHJSXYQDMJHN-UHFFFAOYSA-L,False,Inorganic compounds,Mixed metal/non-metal compounds,Alkaline earth metal salts,Alkaline earth metal chlorides,Alkaline earth metal chlorides,
BRKFTWHPLMMNHF-UHFFFAOYSA-N,False,Organic compounds,Benzenoids,Benzene and substituted derivatives,Benzenesulfonic acids and derivatives,Benzenesulfonic acids and derivatives,Aromatic homomonocyclic compounds
RRFGSWMKSSCUSU-UHFFFAOYSA-M,False,Organic compounds,Benzenoids,Benzene and substituted derivatives,,Benzene and substituted derivatives,Aromatic homomonocyclic compounds
JAYCNKDKIKZTAF-UHFFFAOYSA-N,False,Organic compounds,Benzenoids,Benzene and substituted derivatives,Biphenyls and derivatives,Polychlorinated biphenyls,Aromatic homomonocyclic compounds
IKTHMQYJOWTSJO-UHFFFAOYSA-N,False,Organic compounds,Benzenoids,Indanes,,Indanes,Aromatic homopolycyclic compounds
LLMLGZUZTFMXSA-UHFFFAOYSA-N,False,Organic compounds,Benzenoids,Thiophenols,,Thiophenols,Aromatic homomonocyclic compounds
OXHDYFKENBXUEM-UHFFFAOYSA-N,False,Organic compounds,Organic acids and derivatives,Carboxylic acids and derivatives,"Amino acids, peptides, and analogues",Alpha amino acids and derivatives,Aliphatic acyclic compounds
ITVQAKZNYJEWKS-UHFFFAOYSA-N,True,Organic compounds,Benzenoids,Benzene and substituted derivatives,Aniline and substituted anilines,Dinitroanilines,Aromatic homomonocyclic compounds
VLJSLTNSFSOYQR-UHFFFAOYSA-N,False,Organic compounds,Benzenoids,Benzene and substituted derivatives,Cumenes,Cumenes,Aromatic homomonocyclic compounds
GRJRKPMIRMSBNK-UHFFFAOYSA-N,True,Organic compounds,Organohalogen compounds,Alkyl halides,Alkyl fluorides,Fluorotelomer alcohols,Aliphatic acyclic compounds
ANISOHQJBAQUQP-UHFFFAOYSA-N,False,Organic compounds,Lipids and lipid-like molecules,Fatty Acyls,Fatty alcohol esters,Fatty alcohol esters,Aliphatic acyclic compounds
PUVAFTRIIUSGLK-UHFFFAOYSA-M,False,Organic compounds,Organic nitrogen compounds,Organonitrogen compounds,Quaternary ammonium salts,Tetraalkylammonium salts,Aliphatic heteromonocyclic compounds
WYMDDFRYORANCC-UHFFFAOYSA-N,False,Organic compounds,Organic acids and derivatives,Carboxylic acids and derivatives,Tetracarboxylic acids and derivatives,Tetracarboxylic acids and derivatives,Aliphatic acyclic compounds
CWNSVVHTTQBGQB-UHFFFAOYSA-N,False,Organic compounds,Lipids and lipid-like molecules,Fatty Acyls,Fatty amides,N-acyl amines,Aliphatic acyclic compounds
QKICWELGRMTQCR-UHFFFAOYSA-N,False,Organic compounds,Organoheterocyclic compounds,Quinolines and derivatives,Aminoquinolines and derivatives,4-aminoquinolines,Aromatic heteropolycyclic compounds
VVNCNSJFMMFHPL-UHFFFAOYSA-N,False,Organic compounds,Organic acids and derivatives,Carboxylic acids and derivatives,"Amino acids, peptides, and analogues",Valine and derivatives,Aliphatic acyclic compounds
KXPXJGYSEPEXMF-MOUKNHLCSA-N,False,Organic compounds,Organic acids and derivatives,Hydroxy acids and derivatives,Beta hydroxy acids and derivatives,Beta hydroxy acids and derivatives,Aromatic heteropolycyclic compounds
UCQFCFPECQILOL-UHFFFAOYSA-N,False,Organic compounds,Organic acids and derivatives,Organic phosphoric acids and derivatives,Phosphate esters,Dialkyl phosphates,Aliphatic acyclic compounds
QFMJFXFXQAFGBO-UHFFFAOYSA-N,False,Organic compounds,Benzenoids,Benzene and substituted derivatives,Nitrobenzenes,Nitrophenyl ethers,Aromatic homomonocyclic compounds
LDCCBULMAFILCT-UHFFFAOYSA-N,False,Organic compounds,Benzenoids,Benzene and substituted derivatives,Benzenesulfonic acids and derivatives,Benzenesulfonic acids and derivatives,Aromatic homomonocyclic compounds
ZPOLOEWJWXZUSP-WAYWQWQTSA-N,False,Organic compounds,Lipids and lipid-like molecules,Fatty Acyls,Fatty acid esters,Fatty acid esters,Aliphatic acyclic compounds
BXGYBSJAZFGIPX-UHFFFAOYSA-N,False,Organic compounds,Organoheterocyclic compounds,Pyridines and derivatives,,Pyridines and derivatives,Aromatic heteromonocyclic compounds
KVBGVZZKJNLNJU-UHFFFAOYSA-N,False,Organic compounds,Benzenoids,Naphthalenes,Naphthalene sulfonic acids and derivatives,2-naphthalene sulfonates,Aromatic homopolycyclic compounds
HUMLQUKVJARKRN-UHFFFAOYSA-M,False,Organic compounds,Organic salts,Organic metal salts,Organic alkali metal salts,Organic alkali metal salts,Aliphatic acyclic compounds
FYRWKWGEFZTOQI-UHFFFAOYSA-N,False,Organic compounds,Organic oxygen compounds,Organooxygen compounds,Ethers,Dialkyl ethers,Aliphatic acyclic compounds
JSGVZVOGOQILFM-UHFFFAOYSA-N,False,Organic compounds,Organic oxygen compounds,Organooxygen compounds,Ethers,Dialkyl ethers,Aliphatic acyclic compounds
CYEKUDPFXBLGHH-UHFFFAOYSA-N,False,Organic compounds,Benzenoids,Benzene and substituted derivatives,Phenylpropanes,Phenylpropanes,Aromatic homomonocyclic compounds
SZHIIIPPJJXYRY-UHFFFAOYSA-M,False,Organic compounds,Organic acids and derivatives,Organic sulfonic acids and derivatives,Organosulfonic acids and derivatives,Organosulfonic acids,Aliphatic acyclic compounds
OALHHIHQOFIMEF-UHFFFAOYSA-N,False,Organic compounds,Organoheterocyclic compounds,Benzopyrans,1-benzopyrans,Xanthenes,Aromatic heteropolycyclic compounds
WEDIIKBPDQQQJU-UHFFFAOYSA-N,False,Organic compounds,Organohalogen compounds,Sulfonyl halides,Sulfonyl chlorides,Sulfonyl chlorides,Aliphatic acyclic compounds
WSGDRFHJFJRSFY-UHFFFAOYSA-N,False,Organic compounds,Organoheterocyclic compounds,Piperidines,Piperidinones,Piperidinones,Aliphatic heteromonocyclic compounds
GAECBAMNQFGJIM-UHFFFAOYSA-N,False,Organic compounds,Organosulfur compounds,Thioacetals,Dithioacetals,Dithioacetals,Aliphatic acyclic compounds
HIMXGTXNXJYFGB-UHFFFAOYSA-N,False,Organic compounds,Organoheterocyclic compounds,Diazines,Pyrimidines and pyrimidine derivatives,Pyrimidones,Aliphatic heteromonocyclic compounds
SJEBAWHUJDUKQK-UHFFFAOYSA-N,False,Organic compounds,Benzenoids,Anthracenes,Anthraquinones,Anthraquinones,Aromatic homopolycyclic compounds
FUUFQLXAIUOWML-UHFFFAOYSA-N,False,Organic compounds,Benzenoids,Benzene and substituted derivatives,Nitrobenzenes,Nitrobenzenes,Aromatic homomonocyclic compounds
LMBWSYZSUOEYSN-UHFFFAOYSA-N,False,Organic compounds,Organosulfur compounds,,,Organosulfur compounds,Aliphatic acyclic compounds
ZOOODBUHSVUZEM-UHFFFAOYSA-N,False,Organic compounds,Organosulfur compounds,,,Organosulfur compounds,Aliphatic acyclic compounds
CBHYYLPALVVVEY-MRFRVZCGSA-N,False,Organic compounds,Phenylpropanoids and polyketides,Tetracyclines,,Tetracyclines,Aromatic homopolycyclic compounds
NNJVILVZKWQKPM-UHFFFAOYSA-N,False,Organic compounds,Benzenoids,Benzene and substituted derivatives,Xylenes,m-Xylenes,Aromatic homomonocyclic compounds
YGCODSQDUUUKIV-UHFFFAOYSA-N,False,Organic compounds,Organoheterocyclic compounds,Benzoxazoles,,Benzoxazoles,Aromatic heteropolycyclic compounds
XOXHILFPRYWFOD-UHFFFAOYSA-N,False,Organic compounds,Benzenoids,Benzene and substituted derivatives,Benzenesulfonamides,Aminobenzenesulfonamides,Aromatic heteromonocyclic compounds
HSMPDPBYAYSOBC-UHFFFAOYSA-N,False,Organic compounds,Organoheterocyclic compounds,Benzopyrans,1-benzopyrans,Furanochromones,Aromatic heteropolycyclic compounds
YDGHCKHAXOUQOS-BTJKTKAUSA-N,False,Organic compounds,Organoheterocyclic compounds,Benzazepines,Dibenzazepines,Dibenzazepines,
PQFRTXSWDXZRRS-UHFFFAOYSA-N,False,Organic compounds,Organoheterocyclic compounds,Azoles,Imidazoles,Nitroimidazoles,Aromatic heteromonocyclic compounds
YEZNLOUZAIOMLT-UHFFFAOYSA-N,False,Organic compounds,Benzenoids,Benzene and substituted derivatives,Benzoic acids and derivatives,Aminobenzoic acids,Aromatic homomonocyclic compounds
YRWLZFXJFBZBEY-UHFFFAOYSA-N,False,Organic compounds,Organoheterocyclic compounds,Benzimidazoles,2-benzimidazolylcarbamic acid esters,2-benzimidazolylcarbamic acid esters,Aromatic heteropolycyclic compounds
AYIRNRDRBQJXIF-NXEZZACHSA-N,False,Organic compounds,Benzenoids,Benzene and substituted derivatives,Benzenesulfonyl compounds,Benzenesulfonyl compounds,Aromatic homomonocyclic compounds
PJBQYZZKGNOKNJ-UHFFFAOYSA-M,False,Organic compounds,Organoheterocyclic compounds,Diazines,Pyrimidines and pyrimidine derivatives,Aminopyrimidines and derivatives,Aromatic heteromonocyclic compounds
CDBRNDSHEYLDJV-FVGYRXGTSA-M,False,Organic compounds,Benzenoids,Naphthalenes,,Naphthalenes,Aromatic homopolycyclic compounds
SPFYMRJSYKOXGV-UHFFFAOYSA-N,False,Organic compounds,Organoheterocyclic compounds,Quinolines and derivatives,Quinoline carboxylic acids,Quinoline carboxylic acids,Aromatic heteropolycyclic compounds
DPSPPJIUMHPXMA-UHFFFAOYSA-N,False,Organic compounds,Organoheterocyclic compounds,Quinolines and derivatives,Quinoline carboxylic acids,Quinoline carboxylic acids,Aromatic heteropolycyclic compounds
RAOCRURYZCVHMG-UHFFFAOYSA-N,False,Organic compounds,Organoheterocyclic compounds,Benzimidazoles,2-benzimidazolylcarbamic acid esters,2-benzimidazolylcarbamic acid esters,Aromatic heteropolycyclic compounds
UYNVMODNBIQBMV-UHFFFAOYSA-N,False,Organic compounds,Organoheterocyclic compounds,Piperidines,Benzylpiperidines,4-benzylpiperidines,Aromatic heteromonocyclic compounds
UUKWKUSGGZNXGA-UHFFFAOYSA-N,False,Organic compounds,Benzenoids,Benzene and substituted derivatives,Nitrobenzenes,Nitrobenzenes,Aromatic homomonocyclic compounds
CQRYARSYNCAZFO-UHFFFAOYSA-N,False,Organic compounds,Benzenoids,Benzene and substituted derivatives,Benzyl alcohols,Benzyl alcohols,Aromatic homomonocyclic compounds
DGQOCLATAPFASR-UHFFFAOYSA-N,False,Organic compounds,Organic oxygen compounds,Organooxygen compounds,Carbonyl compounds,P-benzoquinones,Aliphatic homomonocyclic compounds
RGCKGOZRHPZPFP-UHFFFAOYSA-N,False,Organic compounds,Benzenoids,Anthracenes,Anthraquinones,Hydroxyanthraquinones,Aromatic homopolycyclic compounds
UGQMRVRMYYASKQ-KQYNXXCUSA-N,False,Organic compounds,"Nucleosides, nucleotides, and analogues",Purine nucleosides,,Purine nucleosides,Aromatic heteropolycyclic compounds
QIAFMBKCNZACKA-UHFFFAOYSA-N,False,Organic compounds,Benzenoids,Benzene and substituted derivatives,Benzoic acids and derivatives,Hippuric acids,Aromatic homomonocyclic compounds
ZBJWWKFMHOAPNS-UHFFFAOYSA-N,False,Organic compounds,Organoheterocyclic compounds,Quinolines and derivatives,Hydroxyquinolines,Hydroxyquinolines,Aromatic heteropolycyclic compounds
RPAJWWXZIQJVJF-UHFFFAOYSA-N,False,Organic compounds,Benzenoids,Benzene and substituted derivatives,Phenyl sulfoxides,Phenyl sulfoxides,Aromatic homomonocyclic compounds
NEMNPWINWMHUMR-UHFFFAOYSA-N,False,Organic compounds,Benzenoids,Benzene and substituted derivatives,Anilides,Benzanilides,Aromatic homomonocyclic compounds
ITMSAWKLJVGBIT-UHFFFAOYSA-N,False,Organic compounds,Organic acids and derivatives,Carboxylic acids and derivatives,"Amino acids, peptides, and analogues",Carbamate esters,Aliphatic acyclic compounds
WYZDCUGWXKHESN-UHFFFAOYSA-N,False,Organic compounds,Benzenoids,Benzene and substituted derivatives,Phenylmethylamines,Phenylmethylamines,Aromatic homomonocyclic compounds
ODHCTXKNWHHXJC-VKHMYHEASA-N,False,Organic compounds,Organic acids and derivatives,Carboxylic acids and derivatives,"Amino acids, peptides, and analogues",Alpha amino acids and derivatives,Aliphatic heteromonocyclic compounds
GOVWOKSKFSBNGD-UHFFFAOYSA-N,False,Organic compounds,Benzenoids,Benzene and substituted derivatives,Benzoic acids and derivatives,Acylaminobenzoic acid and derivatives,Aromatic homomonocyclic compounds
MMDWBZHWHFGVHF-UHFFFAOYSA-N,False,Organic compounds,Benzenoids,Benzene and substituted derivatives,Benzenesulfonamides,Benzenesulfonamides,Aromatic homomonocyclic compounds
AJSKOLZKIUMPPG-UHFFFAOYSA-N,False,Organic compounds,Organic acids and derivatives,Carboxylic acids and derivatives,"Amino acids, peptides, and analogues",Alpha amino acids and derivatives,Aromatic heteromonocyclic compounds
LEVWYRKDKASIDU-IMJSIDKUSA-N,False,Organic compounds,Organic acids and derivatives,Carboxylic acids and derivatives,"Amino acids, peptides, and analogues",L-cysteine-S-conjugates,Aliphatic acyclic compounds
KGPPDNUWZNWPSI-UHFFFAOYSA-N,True,Organic compounds,Organic oxygen compounds,Organooxygen compounds,Ethers,Dialkyl ethers,Aliphatic acyclic compounds
OMWQUXGVXQELIX-UHFFFAOYSA-N,False,Organic compounds,Benzenoids,Benzene and substituted derivatives,,Benzene and substituted derivatives,Aromatic homomonocyclic compounds
QNIVIMYXGGFTAK-UHFFFAOYSA-N,False,Organic compounds,Organic nitrogen compounds,Organonitrogen compounds,Amines,Monoalkylamines,Aliphatic acyclic compounds
SMFHPCZZAAMJJO-UHFFFAOYSA-N,False,Organic compounds,Benzenoids,Phenols,Cresols,Meta cresols,Aromatic homomonocyclic compounds
KISVAASFGZJBCY-UHFFFAOYSA-N,False,Organic compounds,Lipids and lipid-like molecules,Fatty Acyls,Fatty acid esters,Fatty acid methyl esters,Aliphatic acyclic compounds
CULUWZNBISUWAS-UHFFFAOYSA-N,False,Organic compounds,"Organic 1,3-dipolar compounds","Allyl-type 1,3-dipolar organic compounds",Organic nitro compounds,Nitroaromatic compounds,Aromatic heteromonocyclic compounds
BRIXOPDYGQCZFO-UHFFFAOYSA-N,False,Organic compounds,Benzenoids,Benzene and substituted derivatives,Benzenesulfonic acids and derivatives,Benzenesulfonic acids and derivatives,Aromatic homomonocyclic compounds
BPFYOAJNDMUVBL-UHFFFAOYSA-N,False,Organic compounds,Organoheterocyclic compounds,Quinolines and derivatives,Quinoline carboxylic acids,Quinoline carboxylic acids,Aromatic heteropolycyclic compounds
RJFAYQIBOAGBLC-BYPYZUCNSA-N,False,Organic compounds,Organic acids and derivatives,Carboxylic acids and derivatives,"Amino acids, peptides, and analogues",L-alpha-amino acids,Aliphatic acyclic compounds
TWFQKNGANGSSRM-UHFFFAOYSA-M,False,Organic compounds,Benzenoids,Phenols,1-hydroxy-2-unsubstituted benzenoids,1-hydroxy-2-unsubstituted benzenoids,Aromatic homomonocyclic compounds
HMCCXLBXIJMERM-UHFFFAOYSA-N,False,Organic compounds,Organosulfur compounds,Thioethers,Aryl thioethers,Diarylthioethers,Aromatic homomonocyclic compounds
KKZJGLLVHKMTCM-UHFFFAOYSA-N,False,Organic compounds,Benzenoids,Anthracenes,Anthraquinones,Anthraquinones,Aromatic homopolycyclic compounds
ZMWBGRXFDPJFGC-UHFFFAOYSA-M,False,Organic compounds,Organic salts,Organic metal salts,Organic alkali metal salts,Organic alkali metal salts,Aliphatic acyclic compounds
XTEGVFVZDVNBPF-UHFFFAOYSA-N,False,Organic compounds,Benzenoids,Naphthalenes,Naphthalene sulfonic acids and derivatives,1-naphthalene sulfonates,Aromatic homopolycyclic compounds
YLMGFJXSLBMXHK-UHFFFAOYSA-M,False,Inorganic compounds,Mixed metal/non-metal compounds,Alkali metal oxoanionic compounds,Alkali metal perchlorates,Alkali metal perchlorates,
IUQAXCIUEPFPSF-UHFFFAOYSA-N,True,Organic compounds,Organic oxygen compounds,Organooxygen compounds,Carbonyl compounds,"Benzoylcyclohexane-1,3-diones",Aromatic homomonocyclic compounds
PSBKJPTZCVYXSD-UHFFFAOYSA-N,False,Organic compounds,Organic oxygen compounds,Organooxygen compounds,Carbonyl compounds,Ketones,Aliphatic acyclic compounds
SWZDQOUHBYYPJD-UHFFFAOYSA-N,False,Organic compounds,Organic nitrogen compounds,Organonitrogen compounds,Amines,Trialkylamines,Aliphatic acyclic compounds
HOWGUJZVBDQJKV-UHFFFAOYSA-N,False,Organic compounds,Hydrocarbons,Saturated hydrocarbons,Alkanes,Alkanes,Aliphatic acyclic compounds
XMIIGOLPHOKFCH-UHFFFAOYSA-N,False,Organic compounds,Phenylpropanoids and polyketides,Phenylpropanoic acids,,Phenylpropanoic acids,Aromatic homomonocyclic compounds
MUDSDYNRBDKLGK-UHFFFAOYSA-N,False,Organic compounds,Organoheterocyclic compounds,Quinolines and derivatives,,Quinolines and derivatives,Aromatic heteropolycyclic compounds
LDRWAWZXDDBHTG-UHFFFAOYSA-N,False,Organic compounds,Organic oxygen compounds,Organooxygen compounds,Alcohols and polyols,Secondary alcohols,Aliphatic homomonocyclic compounds
XMGQYMWWDOXHJM-SNVBAGLBSA-N,False,Organic compounds,Lipids and lipid-like molecules,Prenol lipids,Monoterpenoids,Menthane monoterpenoids,Aliphatic homomonocyclic compounds
PETRWTHZSKVLRE-UHFFFAOYSA-N,False,Organic compounds,Benzenoids,Phenols,Methoxyphenols,Methoxyphenols,Aromatic homomonocyclic compounds
XRWMGCFJVKDVMD-UHFFFAOYSA-M,False,Organic compounds,Organic nitrogen compounds,Organonitrogen compounds,Quaternary ammonium salts,Tetraalkylammonium salts,Aliphatic acyclic compounds
ZYTMANIQRDEHIO-UTLUCORTSA-N,False,Organic compounds,Lipids and lipid-like molecules,Prenol lipids,Monoterpenoids,Menthane monoterpenoids,Aliphatic homomonocyclic compounds
YTZKOQUCBOVLHL-UHFFFAOYSA-N,False,Organic compounds,Benzenoids,Benzene and substituted derivatives,Phenylpropanes,Phenylpropanes,Aromatic homomonocyclic compounds
PCBSXBYCASFXTM-UHFFFAOYSA-N,False,Organic compounds,Benzenoids,Phenol ethers,Anisoles,Anisoles,Aromatic homomonocyclic compounds
OGRAOKJKVGDSFR-UHFFFAOYSA-N,False,Organic compounds,Benzenoids,Phenols,Cresols,Ortho cresols,Aromatic homomonocyclic compounds
ZMZDMBWJUHKJPS-UHFFFAOYSA-N,False,Organic compounds,Organosulfur compounds,Thiocyanates,,Thiocyanates,Aliphatic acyclic compounds
QYRYFNHXARDNFZ-UHFFFAOYSA-N,False,Organic compounds,Benzenoids,Phenol ethers,Anisoles,Anisoles,Aromatic homomonocyclic compounds
MIZGSAALSYARKU-UHFFFAOYSA-N,False,Organic compounds,Organic oxygen compounds,Organooxygen compounds,Carbonyl compounds,Cyclohexenones,Aliphatic homopolycyclic compounds
DMMJVMYCBULSIS-UHFFFAOYSA-N,False,Organic compounds,Organic acids and derivatives,Carboxylic acids and derivatives,Carboxylic acid derivatives,Methyl esters,Aliphatic acyclic compounds
CYYZDBDROVLTJU-UHFFFAOYSA-N,False,Organic compounds,Benzenoids,Phenols,1-hydroxy-2-unsubstituted benzenoids,1-hydroxy-2-unsubstituted benzenoids,Aromatic homomonocyclic compounds
VKJKEPKFPUWCAS-UHFFFAOYSA-M,False,Inorganic compounds,Mixed metal/non-metal compounds,Alkali metal oxoanionic compounds,Alkali metal chlorates,Alkali metal chlorates,
PRKQVKDSMLBJBJ-UHFFFAOYSA-N,False,Organic compounds,Organic acids and derivatives,Organic carbonic acids and derivatives,Organic carbonic acids,Organic carbonic acids,Aliphatic acyclic compounds
HCGFUIQPSOCUHI-UHFFFAOYSA-N,False,Organic compounds,Organic oxygen compounds,Organooxygen compounds,Ethers,Dialkyl ethers,Aliphatic acyclic compounds
DMQSHEKGGUOYJS-UHFFFAOYSA-N,False,Organic compounds,Organic nitrogen compounds,Organonitrogen compounds,Amines,Trialkylamines,Aliphatic acyclic compounds
DCXXMTOCNZCJGO-UHFFFAOYSA-N,False,Organic compounds,Lipids and lipid-like molecules,Glycerolipids,Triradylcglycerols,Triacylglycerols,Aliphatic acyclic compounds
SBXXSUDPJJJJLC-YDALLXLXSA-M,False,Organic compounds,Organic acids and derivatives,Carboxylic acids and derivatives,"Amino acids, peptides, and analogues",Phenylalanine and derivatives,Aromatic homomonocyclic compounds
XIRNKXNNONJFQO-UHFFFAOYSA-N,False,Organic compounds,Lipids and lipid-like molecules,Fatty Acyls,Fatty acid esters,Fatty acid esters,Aliphatic acyclic compounds
OOYGSFOGFJDDHP-KMCOLRRFSA-N,False,Organic compounds,Organic oxygen compounds,Organooxygen compounds,Carbohydrates and carbohydrate conjugates,"4,6-disubstituted 2-deoxystreptamines",Aliphatic heteromonocyclic compounds
IBSNKSODLGJUMQ-SDNWHVSQSA-N,True,Organic compounds,Benzenoids,Benzene and substituted derivatives,Phenyl-beta-methoxyacrylates,Phenyl-beta-methoxyacrylates,Aromatic heteromonocyclic compounds
SIDINRCMMRKXGQ-UHFFFAOYSA-N,True,Organic compounds,Organohalogen compounds,Alkyl halides,Alkyl fluorides,Perfluoroalkyl carboxylic acid and derivatives,Aliphatic acyclic compounds
VHCNQEUWZYOAEV-UHFFFAOYSA-N,False,Organic compounds,Organoheterocyclic compounds,Triazines,"1,2,4-triazines","1,2,4-triazines",Aromatic heteromonocyclic compounds
ASJUTVUXOMPOQH-UHFFFAOYSA-M,False,Organic compounds,Benzenoids,Benzene and substituted derivatives,Benzenesulfonic acids and derivatives,Benzenesulfonic acids and derivatives,Aromatic homomonocyclic compounds
GRAORJFMGCQWRN-UHFFFAOYSA-N,False,Organic compounds,Lipids and lipid-like molecules,Fatty Acyls,Fatty acid esters,Fatty acid esters,Aliphatic acyclic compounds
XTAZYLNFDRKIHJ-UHFFFAOYSA-N,False,Organic compounds,Organic nitrogen compounds,Organonitrogen compounds,Amines,Trialkylamines,Aliphatic acyclic compounds
AWJUIBRHMBBTKR-UHFFFAOYSA-N,False,Organic compounds,Organoheterocyclic compounds,Isoquinolines and derivatives,,Isoquinolines and derivatives,Aromatic heteropolycyclic compounds
HCFAJYNVAYBARA-UHFFFAOYSA-N,False,Organic compounds,Organic oxygen compounds,Organooxygen compounds,Carbonyl compounds,Ketones,Aliphatic acyclic compounds
YSIMAPNUZAVQER-UHFFFAOYSA-N,False,Organic compounds,Organic nitrogen compounds,Organonitrogen compounds,Organic cyanides,Nitriles,Aliphatic acyclic compounds
ZGNITFSDLCMLGI-UHFFFAOYSA-N,True,Organic compounds,Benzenoids,Benzene and substituted derivatives,Anilides,Benzanilides,Aromatic homomonocyclic compounds
ULYZAYCEDJDHCC-UHFFFAOYSA-N,False,Organic compounds,Organohalogen compounds,Organochlorides,,Organochlorides,Aliphatic acyclic compounds
IYYZUPMFVPLQIF-UHFFFAOYSA-N,False,Organic compounds,Organoheterocyclic compounds,Benzothiophenes,Dibenzothiophenes,Dibenzothiophenes,Aromatic heteropolycyclic compounds
ATZBPOVXVPIOMR-UHFFFAOYSA-N,False,Organic compounds,Organometallic compounds,Metal alkyls,Transition metal alkyls,Transition metal alkyls,Aliphatic acyclic compounds
UAEPNZWRGJTJPN-UHFFFAOYSA-N,False,Organic compounds,Hydrocarbons,Saturated hydrocarbons,Cycloalkanes,Cycloalkanes,Aliphatic homomonocyclic compounds
CSHWQDPOILHKBI-UHFFFAOYSA-N,False,Organic compounds,Benzenoids,Phenanthrenes and derivatives,,Phenanthrenes and derivatives,Aromatic homopolycyclic compounds
AGUIVNYEYSCPNI-UHFFFAOYSA-N,False,Organic compounds,Benzenoids,Benzene and substituted derivatives,Nitrobenzenes,Nitrobenzenes,Aromatic homomonocyclic compounds
POUMFISTNHIPTI-BOMBIWCESA-N,False,Organic compounds,Organic acids and derivatives,Carboxylic acids and derivatives,"Amino acids, peptides, and analogues",Proline and derivatives,Aliphatic heteromonocyclic compounds
LJRDOKAZOAKLDU-UDXJMMFXSA-N,False,Organic compounds,Organic oxygen compounds,Organooxygen compounds,Carbohydrates and carbohydrate conjugates,"4,5-disubstituted 2-deoxystreptamines",Aliphatic heteromonocyclic compounds
HEOCBCNFKCOKBX-UHFFFAOYSA-N,False,Organic compounds,Lipids and lipid-like molecules,Prenol lipids,Monoterpenoids,Bicyclic monoterpenoids,Aromatic homopolycyclic compounds
VWGKEVWFBOUAND-UHFFFAOYSA-N,False,Organic compounds,Organosulfur compounds,Thioethers,Aryl thioethers,Diarylthioethers,Aromatic homomonocyclic compounds
HJSPWKGEPDZNLK-UHFFFAOYSA-N,False,Organic compounds,Benzenoids,Benzene and substituted derivatives,Diphenylmethanes,Diphenylmethanes,Aromatic homomonocyclic compounds
YVQVOQKFMFRVGR-UHFFFAOYSA-N,False,Organic compounds,Organoheterocyclic compounds,Furans,Nitrofurans,Nitrofurans,Aromatic heteromonocyclic compounds
NRAYWXLNSHEHQO-UHFFFAOYSA-N,False,Organic compounds,Organoheterocyclic compounds,Benzothiophenes,1-benzothiophenes,1-benzothiophenes,Aromatic heteropolycyclic compounds
XMMDVXFQGOEOKH-UHFFFAOYSA-N,False,Organic compounds,Organic nitrogen compounds,Organonitrogen compounds,Amines,Dialkylamines,Aliphatic acyclic compounds
MVEBDOSCXOQNAR-UHFFFAOYSA-N,False,Organic compounds,Organic oxygen compounds,Organooxygen compounds,Carbonyl compounds,Alkyl-phenylketones,Aromatic homomonocyclic compounds
FCJSHPDYVMKCHI-UHFFFAOYSA-N,False,Organic compounds,Phenylpropanoids and polyketides,Depsides and depsidones,,Depsides and depsidones,Aromatic homomonocyclic compounds
CUHVIMMYOGQXCV-UHFFFAOYSA-N,False,Organic compounds,Benzenoids,Benzene and substituted derivatives,Xylenes,o-Xylenes,Aromatic heteromonocyclic compounds
QCDYQQDYXPDABM-UHFFFAOYSA-N,False,Organic compounds,Benzenoids,Phenols,Benzenetriols and derivatives,Phloroglucinols and derivatives,Aromatic homomonocyclic compounds
AXUZQJFHDNNPFG-UXBLZVDNSA-N,False,Organic compounds,Organoheterocyclic compounds,Quinolines and derivatives,Haloquinolines,Chloroquinolines,Aromatic heteropolycyclic compounds
FHFZEKYDSVTYLL-UHFFFAOYSA-N,False,Organic compounds,Organoheterocyclic compounds,Azoles,Imidazoles,Carbonylimidazoles,Aromatic heteromonocyclic compounds
RIWRFSMVIUAEBX-UHFFFAOYSA-N,False,Organic compounds,Benzenoids,Benzene and substituted derivatives,Phenylmethylamines,Phenylmethylamines,Aromatic homomonocyclic compounds
VSRBKQFNFZQRBM-UHFFFAOYSA-N,False,Organic compounds,Organic nitrogen compounds,Organonitrogen compounds,Amines,Monoalkylamines,Aliphatic acyclic compounds
FABPRXSRWADJSP-MEDUHNTESA-N,False,Organic compounds,Organoheterocyclic compounds,Quinolines and derivatives,Quinoline carboxylic acids,Quinoline carboxylic acids,Aromatic heteropolycyclic compounds
ALEXXDVDDISNDU-KPYZGQEZSA-N,False,Organic compounds,Lipids and lipid-like molecules,Steroids and steroid derivatives,Pregnane steroids,"Gluco/mineralocorticoids, progestogins and derivatives",Aliphatic homopolycyclic compounds
KHSLHYAUZSPBIU-UHFFFAOYSA-M,False,Organic compounds,Benzenoids,Benzene and substituted derivatives,Alkyldimethylbenzylammonium halides,Alkyldimethylbenzylammonium halides,Aromatic homomonocyclic compounds
KUVIULQEHSCUHY-XYWKZLDCSA-N,False,Organic compounds,Lipids and lipid-like molecules,Steroids and steroid derivatives,Pregnane steroids,"Gluco/mineralocorticoids, progestogins and derivatives",Aliphatic homopolycyclic compounds
KEJXLQUPYHWCNM-UHFFFAOYSA-N,False,Organic compounds,Benzenoids,Phenol ethers,Anisoles,Anisoles,Aromatic homomonocyclic compounds
RLFWWDJHLFCNIJ-UHFFFAOYSA-N,False,Organic compounds,Organoheterocyclic compounds,Azoles,Pyrazoles,Phenylpyrazoles,Aromatic heteromonocyclic compounds
TWXDDNPPQUTEOV-FVGYRXGTSA-N,False,Organic compounds,Benzenoids,Benzene and substituted derivatives,Phenethylamines,Amphetamines and derivatives,Aromatic homomonocyclic compounds
VTTONGPRPXSUTJ-UHFFFAOYSA-N,False,Organic compounds,Organoheterocyclic compounds,Indoles and derivatives,Tryptamines and derivatives,Serotonins,Aromatic heteropolycyclic compounds
QMQBBUPJKANITL-MYXGOWFTSA-N,False,Organic compounds,Phenylpropanoids and polyketides,Stilbenes,,Stilbenes,Aromatic homomonocyclic compounds
SWELIMKTDYHAOY-UHFFFAOYSA-N,False,Organic compounds,Organoheterocyclic compounds,Diazines,Pyrimidines and pyrimidine derivatives,Pyrimidones,Aromatic heteromonocyclic compounds
IWOUKMZUPDVPGQ-UHFFFAOYSA-N,False,Inorganic compounds,Mixed metal/non-metal compounds,Alkaline earth metal oxoanionic compounds,Alkaline earth metal nitrates,Alkaline earth metal nitrates,
INHCSSUBVCNVSK-UHFFFAOYSA-L,False,Inorganic compounds,Mixed metal/non-metal compounds,Alkali metal oxoanionic compounds,Alkali metal sulfates,Alkali metal sulfates,
FPKCTSIVDAWGFA-UHFFFAOYSA-N,False,Organic compounds,Benzenoids,Anthracenes,Anthraquinones,Anthraquinones,Aromatic homopolycyclic compounds
QGNGOGOOPUYKMC-UHFFFAOYSA-N,False,Organic compounds,Benzenoids,Phenols,Cresols,Meta cresols,Aromatic homomonocyclic compounds
YLQWCDOCJODRMT-UHFFFAOYSA-N,False,Organic compounds,Benzenoids,Fluorenes,,Fluorenes,Aromatic homopolycyclic compounds
KMWHQYDMBYABKL-UHFFFAOYSA-N,False,Organic compounds,Organohalogen compounds,Organoiodides,,Organoiodides,Aliphatic acyclic compounds
ILVGAIQLOCKNQA-UHFFFAOYSA-N,False,Organic compounds,Organic acids and derivatives,Carboxylic acids and derivatives,Carboxylic acid derivatives,Carboxylic acid esters,Aliphatic acyclic compounds
AYMUQTNXKPEMLM-UHFFFAOYSA-N,False,Organic compounds,Organohalogen compounds,Organobromides,,Organobromides,Aliphatic acyclic compounds
ZETIVVHRRQLWFW-UHFFFAOYSA-N,False,Organic compounds,Benzenoids,Benzene and substituted derivatives,Nitrobenzenes,Nitrobenzaldehydes,Aromatic homomonocyclic compounds
VOLRSQPSJGXRNJ-UHFFFAOYSA-N,False,Organic compounds,Benzenoids,Benzene and substituted derivatives,Nitrobenzenes,Nitrobenzenes,Aromatic homomonocyclic compounds
NZFNXWQNBYZDAQ-UHFFFAOYSA-N,False,Organic compounds,Organoheterocyclic compounds,Benzothiazines,Phenothiazines,Phenothiazines,Aromatic heteropolycyclic compounds
LFSXCDWNBUNEEM-UHFFFAOYSA-N,False,Organic compounds,Organoheterocyclic compounds,Diazanaphthalenes,Benzodiazines,Phthalazines,Aromatic heteropolycyclic compounds
HOBWAPHTEJGALG-AADVZIIPSA-N,False,Organic compounds,Alkaloids and derivatives,Tropane alkaloids,,Tropane alkaloids,
AFPRJLBZLPBTPZ-UHFFFAOYSA-N,False,Organic compounds,Benzenoids,Naphthalenes,,Naphthalenes,Aromatic homopolycyclic compounds
CMCWWLVWPDLCRM-UHFFFAOYSA-N,False,Organic compounds,Benzenoids,Benzene and substituted derivatives,,Benzene and substituted derivatives,Aromatic heteromonocyclic compounds
ABLZXFCXXLZCGV-UHFFFAOYSA-N,False,Inorganic compounds,Homogeneous non-metal compounds,Non-metal oxoanionic compounds,Non-metal phosphonates,Non-metal phosphonates,
ZLMJMSJWJFRBEC-UHFFFAOYSA-N,False,Inorganic compounds,Homogeneous metal compounds,Homogeneous alkali metal compounds,,Homogeneous alkali metal compounds,
CHWRSCGUEQEHOH-UHFFFAOYSA-N,False,Inorganic compounds,Mixed metal/non-metal compounds,Alkali metal organides,Alkali metal oxides,Alkali metal oxides,
FMRLDPWIRHBCCC-UHFFFAOYSA-L,False,Organic compounds,Organic acids and derivatives,Organic carbonic acids and derivatives,Organic carbonic acids,Organic carbonic acids,Aliphatic acyclic compounds
IPCAPQRVQMIMAN-UHFFFAOYSA-L,False,Inorganic compounds,Mixed metal/non-metal compounds,Transition metal salts,Transition metal chlorides,Transition metal chlorides,
QKEZTJYRBHOKHH-UHFFFAOYSA-N,False,Organic compounds,Benzenoids,Benzene and substituted derivatives,Halobenzenes,Bromobenzenes,Aromatic homomonocyclic compounds
LDDQLRUQCUTJBB-UHFFFAOYSA-N,False,Inorganic compounds,Homogeneous non-metal compounds,Other non-metal halides,,Other non-metal halides,
TZCXTZWJZNENPQ-UHFFFAOYSA-L,False,Inorganic compounds,Mixed metal/non-metal compounds,Alkaline earth metal oxoanionic compounds,Alkaline earth metal sulfates,Alkaline earth metal sulfates,
WUKWITHWXAAZEY-UHFFFAOYSA-L,False,Inorganic compounds,Mixed metal/non-metal compounds,Alkaline earth metal salts,Alkaline earth metal fluorides,Alkaline earth metal fluorides,
UVZICZIVKIMRNE-UHFFFAOYSA-N,False,Organic compounds,Organic acids and derivatives,Carboxylic acids and derivatives,Dicarboxylic acids and derivatives,Thiodiacetic acid derivatives,Aliphatic acyclic compounds
SNMVRZFUUCLYTO-UHFFFAOYSA-N,False,Organic compounds,Organohalogen compounds,Organochlorides,,Organochlorides,Aliphatic acyclic compounds
CETBSQOFQKLHHZ-UHFFFAOYSA-N,False,Organic compounds,Organosulfur compounds,Organic disulfides,Dialkyldisulfides,Dialkyldisulfides,Aliphatic acyclic compounds
GKQHIYSTBXDYNQ-UHFFFAOYSA-M,False,Organic compounds,Organoheterocyclic compounds,Pyridines and derivatives,Pyridinium derivatives,Pyridinium derivatives,Aromatic heteromonocyclic compounds
ICAKDTKJOYSXGC-UHFFFAOYSA-K,False,Inorganic compounds,Mixed metal/non-metal compounds,Lanthanide salts,Lanthanide chlorides,Lanthanide chlorides,
GZFGOTFRPZRKDS-UHFFFAOYSA-N,False,Organic compounds,Benzenoids,Phenols,Halophenols,P-bromophenols,Aromatic homomonocyclic compounds
DGJMPUGMZIKDRO-UHFFFAOYSA-N,False,Organic compounds,Organic acids and derivatives,Carboxylic acids and derivatives,Carboxylic acid derivatives,Primary carboxylic acid amides,Aliphatic acyclic compounds
JSRLURSZEMLAFO-UHFFFAOYSA-N,False,Organic compounds,Benzenoids,Benzene and substituted derivatives,Halobenzenes,Bromobenzenes,Aromatic homomonocyclic compounds
OISVCGZHLKNMSJ-UHFFFAOYSA-N,False,Organic compounds,Organoheterocyclic compounds,Pyridines and derivatives,Methylpyridines,Methylpyridines,Aromatic heteromonocyclic compounds
BWZVCCNYKMEVEX-UHFFFAOYSA-N,False,Organic compounds,Organoheterocyclic compounds,Pyridines and derivatives,Methylpyridines,Methylpyridines,Aromatic heteromonocyclic compounds
CPIVYSAVIPTCCX-UHFFFAOYSA-N,False,Organic compounds,Organic acids and derivatives,Carboxylic acids and derivatives,Carboxylic acid derivatives,Carboxylic acid esters,Aliphatic acyclic compounds
DNJRKFKAFWSXSE-UHFFFAOYSA-N,False,Organic compounds,Organohalogen compounds,Organochlorides,,Organochlorides,Aliphatic acyclic compounds
PMBXCGGQNSVESQ-UHFFFAOYSA-N,False,Organic compounds,Organosulfur compounds,Thiols,Alkylthiols,Alkylthiols,Aliphatic acyclic compounds
MYMSJFSOOQERIO-UHFFFAOYSA-N,False,Organic compounds,Organohalogen compounds,Organobromides,,Organobromides,Aliphatic acyclic compounds
MIUUNYUUEFHIHM-UHFFFAOYSA-N,False,Organic compounds,Benzenoids,Benzene and substituted derivatives,Diphenylmethanes,Diphenylmethanes,Aromatic homomonocyclic compounds
JPICKYUTICNNNJ-UHFFFAOYSA-N,False,Organic compounds,Benzenoids,Anthracenes,Anthraquinones,Anthraquinones,Aromatic homopolycyclic compounds
IPBVNPXQWQGGJP-UHFFFAOYSA-N,False,Organic compounds,Benzenoids,Phenol esters,,Phenol esters,Aromatic homomonocyclic compounds
LDKDGDIWEUUXSH-UHFFFAOYSA-N,False,Organic compounds,Lipids and lipid-like molecules,Prenol lipids,Terpene lactones,Terpene lactones,Aromatic heteropolycyclic compounds
UGVRJVHOJNYEHR-UHFFFAOYSA-N,False,Organic compounds,Benzenoids,Benzene and substituted derivatives,Benzophenones,Benzophenones,Aromatic homomonocyclic compounds
WCOXQTXVACYMLM-UHFFFAOYSA-N,False,Organic compounds,Lipids and lipid-like molecules,Glycerolipids,Triradylcglycerols,Triacylglycerols,Aliphatic acyclic compounds
GWIJGCIVKLITQK-UHFFFAOYSA-N,False,Organic compounds,Benzenoids,Benzene and substituted derivatives,Benzenesulfonamides,Benzenesulfonamides,Aromatic heteromonocyclic compounds
HGWAKQDTQVDVRP-OKULMJQMSA-N,False,Organic compounds,Lipids and lipid-like molecules,Fatty Acyls,Fatty alcohols,Fatty alcohols,Aliphatic acyclic compounds
VDBHOHJWUDKDRW-UHFFFAOYSA-N,False,Organic compounds,Benzenoids,Indanes,,Indanes,Aromatic homopolycyclic compounds
IIEWJVIFRVWJOD-UHFFFAOYSA-N,False,Organic compounds,Hydrocarbons,Saturated hydrocarbons,Cycloalkanes,Cycloalkanes,Aliphatic homomonocyclic compounds
UJAHPBDUQZFDLA-UHFFFAOYSA-N,False,Organic compounds,Organic acids and derivatives,Carboxylic acids and derivatives,Dicarboxylic acids and derivatives,Dicarboxylic acids and derivatives,Aliphatic homopolycyclic compounds
QHVBLSNVXDSMEB-UHFFFAOYSA-N,False,Organic compounds,Organic acids and derivatives,Carboxylic acids and derivatives,Acrylic acids and derivatives,Acrylic acid esters,Aliphatic acyclic compounds
LHMRXAIRPKSGDE-UHFFFAOYSA-N,False,Organic compounds,Phenylpropanoids and polyketides,Angucyclines,,Angucyclines,Aromatic homopolycyclic compounds
UGFSLKRMHPGLFU-UHFFFAOYSA-N,False,Organic compounds,Organoheterocyclic compounds,Benzoxazoles,,Benzoxazoles,Aromatic heteropolycyclic compounds
RHIROFAGUQOFLU-UHFFFAOYSA-N,False,Organic compounds,Organoheterocyclic compounds,Benzofurans,Dibenzofurans,Polychlorinated dibenzofurans,Aromatic heteropolycyclic compounds
WCYYQNSQJHPVMG-UHFFFAOYSA-N,False,Organic compounds,Organoheterocyclic compounds,Benzodioxins,Benzo-p-dioxins,Chlorinated dibenzo-p-dioxins,Aromatic heteropolycyclic compounds
HIKRJHFHGKZKRI-UHFFFAOYSA-N,False,Organic compounds,Benzenoids,Benzene and substituted derivatives,Benzoyl derivatives,Benzoyl derivatives,Aromatic homomonocyclic compounds
PQNFLJBBNBOBRQ-UHFFFAOYSA-N,False,Organic compounds,Benzenoids,Indanes,,Indanes,Aromatic homopolycyclic compounds
KSMVNVHUTQZITP-UHFFFAOYSA-N,False,Organic compounds,Organoheterocyclic compounds,Benzofurans,Dibenzofurans,Polychlorinated dibenzofurans,Aromatic heteropolycyclic compounds
KQDJTBPASNJQFQ-UHFFFAOYSA-N,False,Organic compounds,Benzenoids,Phenols,Halophenols,O-iodophenols,Aromatic homomonocyclic compounds
LROZSPADHSXFJA-UHFFFAOYSA-N,False,Organic compounds,Benzenoids,Benzene and substituted derivatives,Benzenesulfonyl compounds,Benzenesulfonyl compounds,Aromatic homomonocyclic compounds
VSMDINRNYYEDRN-UHFFFAOYSA-N,False,Organic compounds,Benzenoids,Phenols,Halophenols,P-iodophenols,Aromatic homomonocyclic compounds
VYMPLPIFKRHAAC-UHFFFAOYSA-N,False,Organic compounds,Organosulfur compounds,Thiols,Alkylthiols,Alkylthiols,Aliphatic acyclic compounds
BRBUBVKGJRPRRD-UHFFFAOYSA-N,False,Organic compounds,Organoheterocyclic compounds,Pyridines and derivatives,Aminopyridines and derivatives,Aminopyridines and derivatives,Aromatic heteromonocyclic compounds
UNFUYWDGSFDHCW-UHFFFAOYSA-N,False,Organic compounds,Organohalogen compounds,Alkyl halides,Cyclohexyl halides,Cyclohexyl halides,Aliphatic homomonocyclic compounds
UTLYKVGGKZYRRQ-UHFFFAOYSA-L,False,Organic compounds,Organometallic compounds,Organo-post-transition metal compounds,Organotin compounds,Dialkyltin salts,Aliphatic acyclic compounds
LFSAPCRASZRSKS-UHFFFAOYSA-N,False,Organic compounds,Organic oxygen compounds,Organooxygen compounds,Carbonyl compounds,Cyclic ketones,Aliphatic homomonocyclic compounds
UZJLYRRDVFWSGA-UHFFFAOYSA-N,False,Organic compounds,Benzenoids,Benzene and substituted derivatives,,Benzene and substituted derivatives,Aromatic homomonocyclic compounds
VXKWYPOMXBVZSJ-UHFFFAOYSA-N,False,Organic compounds,Organometallic compounds,Organo-post-transition metal compounds,Organotin compounds,Tetraalkyltins,Aliphatic acyclic compounds
UYXTWWCETRIEDR-UHFFFAOYSA-N,False,Organic compounds,Lipids and lipid-like molecules,Glycerolipids,Triradylcglycerols,Triacylglycerols,Aliphatic acyclic compounds
FAXWFCTVSHEODL-UHFFFAOYSA-N,False,Organic compounds,Benzenoids,Phenols,Halophenols,P-bromophenols,Aromatic homomonocyclic compounds
DDRPCXLAQZKBJP-UHFFFAOYSA-N,False,Organic compounds,Organic nitrogen compounds,Organonitrogen compounds,Amines,Aralkylamines,Aromatic heteromonocyclic compounds
YYLLIJHXUHJATK-UHFFFAOYSA-N,False,Organic compounds,Organic acids and derivatives,Carboxylic acids and derivatives,Carboxylic acid derivatives,Carboxylic acid esters,Aliphatic homomonocyclic compounds
YWDUZLFWHVQCHY-UHFFFAOYSA-N,False,Organic compounds,Benzenoids,Benzene and substituted derivatives,Halobenzenes,Bromobenzenes,Aromatic homomonocyclic compounds
IMRYETFJNLKUHK-UHFFFAOYSA-N,False,Organic compounds,Benzenoids,Indanes,,Indanes,Aromatic homopolycyclic compounds
PGPNJCAMHOJTEF-UHFFFAOYSA-N,False,Organic compounds,Benzenoids,Benzene and substituted derivatives,Diphenylethers,Diphenylethers,Aromatic homomonocyclic compounds
DWYHDSLIWMUSOO-UHFFFAOYSA-N,False,Organic compounds,Organoheterocyclic compounds,Benzimidazoles,Phenylbenzimidazoles,Phenylbenzimidazoles,Aromatic heteropolycyclic compounds
KRJHRNUTLDTSKY-UHFFFAOYSA-N,False,Organic compounds,Organic acids and derivatives,Carboxylic acids and derivatives,Dicarboxylic acids and derivatives,Dicarboxylic acids and derivatives,Aliphatic homomonocyclic compounds
UYTPUPDQBNUYGX-UHFFFAOYSA-N,False,Organic compounds,Organoheterocyclic compounds,Imidazopyrimidines,Purines and purine derivatives,Purines and purine derivatives,Aromatic heteropolycyclic compounds
LAJZODKXOMJMPK-UHFFFAOYSA-N,False,Inorganic compounds,Mixed metal/non-metal compounds,Metalloid organides,Metalloid oxides,Metalloid oxides,
CVNOWLNNPYYEOH-UHFFFAOYSA-N,False,Organic compounds,Benzenoids,Benzene and substituted derivatives,Benzonitriles,Benzonitriles,Aromatic homomonocyclic compounds
IDQNBVFPZMCDDN-UHFFFAOYSA-N,False,Organic compounds,Organoheterocyclic compounds,Diazines,Pyrimidines and pyrimidine derivatives,Aminopyrimidines and derivatives,Aromatic heteromonocyclic compounds
YYLGKUPAFFKGRQ-UHFFFAOYSA-N,False,Organic compounds,Organometallic compounds,Organometalloid compounds,Organosilicon compounds,Alkoxysilanes,Aliphatic acyclic compounds
HLVFKOKELQSXIQ-UHFFFAOYSA-N,False,Organic compounds,Organohalogen compounds,Organobromides,,Organobromides,Aliphatic acyclic compounds
CZXGXYBOQYQXQD-UHFFFAOYSA-N,False,Organic compounds,Benzenoids,Benzene and substituted derivatives,Benzenesulfonic acids and derivatives,Benzenesulfonate esters,Aromatic homomonocyclic compounds
VBHKTXLEJZIDJF-UHFFFAOYSA-N,False,Organic compounds,Benzenoids,Anthracenes,Anthraquinones,Hydroxyanthraquinones,Aromatic homopolycyclic compounds
HUKPVYBUJRAUAG-UHFFFAOYSA-N,False,Organic compounds,Benzenoids,Phenanthrenes and derivatives,,Phenanthrenes and derivatives,Aromatic homopolycyclic compounds
BOCJQSFSGAZAPQ-UHFFFAOYSA-N,False,Organic compounds,Benzenoids,Anthracenes,Anthraquinones,Anthraquinones,Aromatic homopolycyclic compounds
BOKGTLAJQHTOKE-UHFFFAOYSA-N,False,Organic compounds,Benzenoids,Naphthalenes,Naphthols and derivatives,Naphthols and derivatives,Aromatic homopolycyclic compounds
HXEWMTXDBOQQKO-UHFFFAOYSA-N,False,Organic compounds,Organoheterocyclic compounds,Quinolines and derivatives,Haloquinolines,Chloroquinolines,Aromatic heteropolycyclic compounds
LTMHNWPUDSTBKD-UHFFFAOYSA-N,False,Organic compounds,Organic acids and derivatives,Carboxylic acids and derivatives,Dicarboxylic acids and derivatives,Dicarboxylic acids and derivatives,Aliphatic acyclic compounds
RZKKOBGFCAHLCZ-UHFFFAOYSA-N,False,Organic compounds,Benzenoids,Benzene and substituted derivatives,Nitrobenzenes,Nitrobenzenes,Aromatic homomonocyclic compounds
JFGQHAHJWJBOPD-UHFFFAOYSA-N,False,Organic compounds,Benzenoids,Naphthalenes,Naphthalenecarboxylic acids and derivatives,Naphthalene-2-carboxanilides,Aromatic homopolycyclic compounds
AFUKNJHPZAVHGQ-UHFFFAOYSA-N,False,Organic compounds,Benzenoids,Benzene and substituted derivatives,Methoxybenzenes,Dimethoxybenzenes,Aromatic homomonocyclic compounds
ORHBXUUXSCNDEV-UHFFFAOYSA-N,False,Organic compounds,Phenylpropanoids and polyketides,Coumarins and derivatives,Hydroxycoumarins,7-hydroxycoumarins,Aromatic heteropolycyclic compounds
ORIHZIZPTZTNCU-UHFFFAOYSA-N,False,Organic compounds,Benzenoids,Phenols,1-hydroxy-4-unsubstituted benzenoids,1-hydroxy-4-unsubstituted benzenoids,Aromatic homomonocyclic compounds
VADKRMSMGWJZCF-UHFFFAOYSA-N,False,Organic compounds,Benzenoids,Phenols,Halophenols,O-bromophenols,Aromatic homomonocyclic compounds
JQVAPEJNIZULEK-UHFFFAOYSA-N,False,Organic compounds,Benzenoids,Phenols,Benzenediols,Resorcinols,Aromatic homomonocyclic compounds
UGEJOEBBMPOJMT-UHFFFAOYSA-N,True,Organic compounds,Benzenoids,Benzene and substituted derivatives,Trifluoromethylbenzenes,Trifluoromethylbenzenes,Aromatic homomonocyclic compounds
BUZYGTVTZYSBCU-UHFFFAOYSA-N,False,Organic compounds,Organic oxygen compounds,Organooxygen compounds,Carbonyl compounds,Alkyl-phenylketones,Aromatic homomonocyclic compounds
GPRYKVSEZCQIHD-UHFFFAOYSA-N,False,Organic compounds,Organic oxygen compounds,Organooxygen compounds,Carbonyl compounds,Alkyl-phenylketones,Aromatic homomonocyclic compounds
BOSMZFBHAYFUBJ-UHFFFAOYSA-N,False,Organic compounds,Organic acids and derivatives,Organic phosphoric acids and derivatives,Phosphate esters,Aryl phosphotriesters,Aromatic homomonocyclic compounds
OMIBPZBOAJFEJS-UHFFFAOYSA-N,False,Organic compounds,Benzenoids,Phenanthrenes and derivatives,,Phenanthrenes and derivatives,Aromatic homopolycyclic compounds
AFMVESZOYKHDBJ-UHFFFAOYSA-N,False,Organic compounds,Benzenoids,Fluorenes,,Fluorenes,Aromatic homopolycyclic compounds
NSKIRYMHNFTRLR-UHFFFAOYSA-N,False,Organic compounds,Benzenoids,Benzene and substituted derivatives,Diphenylethers,Bromodiphenyl ethers,Aromatic homomonocyclic compounds
NGZJXCFNBVJLQN-UHFFFAOYSA-N,False,Organic compounds,Organoheterocyclic compounds,Azolidines,Imidazolidines,Imidazolidines,Aliphatic heteromonocyclic compounds
YWWHKOHZGJFMIE-UHFFFAOYSA-N,False,Organic compounds,Benzenoids,Benzene and substituted derivatives,Benzoic acids and derivatives,Benzoic acid esters,Aromatic homomonocyclic compounds
QJAVUVZBMMXBRO-UHFFFAOYSA-N,False,Organic compounds,Organic acids and derivatives,Organic phosphoric acids and derivatives,Phosphate esters,Trialkyl phosphates,Aliphatic acyclic compounds
GRHQDJDRGZFIPO-UHFFFAOYSA-N,False,Organic compounds,Lipids and lipid-like molecules,Fatty Acyls,Fatty acids and conjugates,Halogenated fatty acids,Aliphatic acyclic compounds
CKPWHXBGVRURFU-UHFFFAOYSA-N,False,Organic compounds,Organoheterocyclic compounds,Tetrahydrofurans,,Tetrahydrofurans,Aliphatic heteropolycyclic compounds
GIUKJJMBQBRFTN-UHFFFAOYSA-N,False,Organic compounds,Organoheterocyclic compounds,Lactones,Gamma butyrolactones,Gamma butyrolactones,Aliphatic heteropolycyclic compounds
OCHOKXCPKDPNQU-DFACZZRHSA-N,False,Organic compounds,Organohalogen compounds,Vinyl halides,Vinyl chlorides,Vinyl chlorides,Aliphatic homopolycyclic compounds
UPNBETHEXPIWQX-UHFFFAOYSA-N,False,Organic compounds,Benzenoids,Benzene and substituted derivatives,Diphenylethers,Bromodiphenyl ethers,Aromatic homomonocyclic compounds
RXPQRKFMDQNODS-UHFFFAOYSA-N,False,Organic compounds,Organic acids and derivatives,Organic phosphoric acids and derivatives,Phosphate esters,Trialkyl phosphates,Aliphatic acyclic compounds
FYAMXEPQQLNQDM-UHFFFAOYSA-N,False,Organic compounds,Organic acids and derivatives,Organic phosphoric acids and derivatives,Organic phosphoramides,Organic phosphoramides,Aliphatic heteromonocyclic compounds
ODZHLDRQCZXQFQ-UHFFFAOYSA-N,False,Organic compounds,Phenylpropanoids and polyketides,Coumarins and derivatives,Hydroxycoumarins,7-hydroxycoumarins,Aromatic heteropolycyclic compounds
FCEHBMOGCRZNNI-UHFFFAOYSA-N,False,Organic compounds,Organoheterocyclic compounds,Benzothiophenes,1-benzothiophenes,1-benzothiophenes,Aromatic heteropolycyclic compounds
KKMLIVYBGSAJPM-UHFFFAOYSA-L,False,Organic compounds,Organic salts,Organic metal salts,Organic transition metal salts,Organic transition metal salts,Aliphatic acyclic compounds
KVNYFPKFSJIPBJ-UHFFFAOYSA-N,False,Organic compounds,Benzenoids,Benzene and substituted derivatives,,Benzene and substituted derivatives,Aromatic homomonocyclic compounds
JIHQDMXYYFUGFV-UHFFFAOYSA-N,False,Organic compounds,Organoheterocyclic compounds,Triazines,"1,3,5-triazines","1,3,5-triazines",Aromatic heteromonocyclic compounds
NGSFWBMYFKHRBD-UHFFFAOYSA-M,False,Organic compounds,Organic acids and derivatives,Carboxylic acids and derivatives,Carboxylic acid derivatives,Carboxylic acid salts,Aliphatic acyclic compounds
OSOUNOBYRMOXQQ-UHFFFAOYSA-N,False,Organic compounds,Benzenoids,Benzene and substituted derivatives,Halobenzenes,Chlorobenzenes,Aromatic homomonocyclic compounds
PKUWKAXTAVNIJR-UHFFFAOYSA-N,False,Organic compounds,Organic acids and derivatives,Organic thiophosphoric acids and derivatives,Thiophosphoric acid esters,Thiophosphate diesters,Aliphatic acyclic compounds
SXHLENDCVBIJFO-UHFFFAOYSA-M,False,Organic compounds,Organic acids and derivatives,Organic sulfuric acids and derivatives,Sulfuric acid esters,Sulfuric acid monoesters,Aliphatic acyclic compounds
JXCGFZXSOMJFOA-UHFFFAOYSA-N,False,Organic compounds,Benzenoids,Benzene and substituted derivatives,N-phenylureas,N-phenylureas,Aromatic homomonocyclic compounds
YONPGGFAJWQGJC-UHFFFAOYSA-K,False,Inorganic compounds,Mixed metal/non-metal compounds,Transition metal salts,Transition metal chlorides,Transition metal chlorides,
GGWHBJGBERXSLL-UHFFFAOYSA-N,False,Organic compounds,Organic oxygen compounds,Organooxygen compounds,Carbonyl compounds,Cyclohexenones,Aliphatic heteromonocyclic compounds
VOEYXMAFNDNNED-UHFFFAOYSA-N,False,Organic compounds,Benzenoids,Benzene and substituted derivatives,Phenyl methylcarbamates,Phenyl methylcarbamates,Aromatic homomonocyclic compounds
MPPOHAUSNPTFAJ-UHFFFAOYSA-N,False,Organic compounds,Benzenoids,Benzene and substituted derivatives,2-phenoxypropionic acids,Aryloxyphenoxypropionic acids,Aromatic heteropolycyclic compounds
NAGRVUXEKKZNHT-UHFFFAOYSA-N,False,Organic compounds,Organoheterocyclic compounds,Imidazopyridines,,Imidazopyridines,Aromatic heteropolycyclic compounds
UWVKRNOCDUPIDM-UHFFFAOYSA-N,False,Organic compounds,Benzenoids,Phenol ethers,,Phenol ethers,Aromatic heteromonocyclic compounds
WPALTCMYPARVNV-UHFFFAOYSA-N,False,Organic compounds,Benzenoids,Benzene and substituted derivatives,Diphenylethers,Diphenylethers,Aromatic heteromonocyclic compounds
OFSLKOLYLQSJPB-UHFFFAOYSA-N,False,Organic compounds,Organic oxygen compounds,Organooxygen compounds,Carbonyl compounds,Alkyl-phenylketones,Aromatic heteromonocyclic compounds
BKAYSPSVVJBHHK-UHFFFAOYSA-N,False,Organic compounds,Benzenoids,Benzene and substituted derivatives,Diphenylmethanes,Diphenylmethanes,Aromatic homomonocyclic compounds
FVCPXLWAKNJIKK-UHFFFAOYSA-N,False,Organic compounds,Organosulfur compounds,Organic disulfides,,Organic disulfides,Aliphatic acyclic compounds
WXUZAHCNPWONDH-DYTRJAOYSA-N,False,Organic compounds,Benzenoids,Benzene and substituted derivatives,Phenylacetamides,Phenylacetamides,Aromatic homomonocyclic compounds
YFXPPSKYMBTNAV-UHFFFAOYSA-N,False,Organic compounds,Benzenoids,Benzene and substituted derivatives,Benzenesulfonyl compounds,Benzenesulfonyl compounds,Aromatic homomonocyclic compounds
PFFIDZXUXFLSSR-UHFFFAOYSA-N,True,Organic compounds,Organoheterocyclic compounds,Azoles,Pyrazoles,Pyrazoles,Aromatic heteromonocyclic compounds
AMSPWOYQQAWRRM-UHFFFAOYSA-N,False,Organic compounds,Benzenoids,Benzene and substituted derivatives,Benzophenones,Benzophenones,Aromatic homomonocyclic compounds
UNLYSVIDNRIVFJ-UHFFFAOYSA-N,False,Organic compounds,Organoheterocyclic compounds,Piperidines,N-acylpiperidines,N-acylpiperidines,Aliphatic heteromonocyclic compounds
WCJYTPVNMWIZCG-UHFFFAOYSA-N,False,Organic compounds,Benzenoids,Benzene and substituted derivatives,Phenoxy compounds,Phenoxy compounds,Aromatic homomonocyclic compounds
ADDQHLREJDZPMT-AWEZNQCLSA-N,False,Organic compounds,Organic oxygen compounds,Organooxygen compounds,Ethers,Diarylethers,Aromatic heteropolycyclic compounds
FCOAHACKGGIURQ-UHFFFAOYSA-N,False,Organic compounds,Benzenoids,Benzene and substituted derivatives,,Benzene and substituted derivatives,Aromatic homomonocyclic compounds
CVQODEWAPZVVBU-UHFFFAOYSA-N,False,Organic compounds,Benzenoids,Benzene and substituted derivatives,Phenyl methylcarbamates,Phenyl methylcarbamates,Aromatic homomonocyclic compounds
NMWKWBPNKPGATC-UHFFFAOYSA-N,False,Organic compounds,Organoheterocyclic compounds,Isocoumarans,Isobenzofuranones,Phthalides,Aromatic heteropolycyclic compounds
ZIEWAMOXCOLNSJ-UHFFFAOYSA-N,False,Organic compounds,Benzenoids,Naphthalenes,Naphthoquinones,Naphthoquinones,Aromatic homopolycyclic compounds
PJFGPJQBWSEWKX-UHFFFAOYSA-N,False,Organic compounds,Benzenoids,Benzene and substituted derivatives,Halobenzenes,Dichlorobenzenes,Aromatic homomonocyclic compounds
DXXVCXKMSWHGTF-UHFFFAOYSA-N,False,Organic compounds,Benzenoids,Benzene and substituted derivatives,Diphenylethers,Diphenylethers,Aromatic homomonocyclic compounds
GINJFDRNADDBIN-FXQIFTODSA-N,False,Organic compounds,Organic acids and derivatives,Carboxylic acids and derivatives,"Amino acids, peptides, and analogues",Peptides,Aliphatic acyclic compounds
OEYOMNZEMCPTKN-UHFFFAOYSA-N,False,Organic compounds,Benzenoids,Benzene and substituted derivatives,Nitrobenzenes,Nitrobenzenes,Aromatic homomonocyclic compounds
SPCNPOWOBZQWJK-UHFFFAOYSA-N,False,Organic compounds,Organic acids and derivatives,Organic dithiophosphoric acids and derivatives,Dithiophosphate O-esters,Dithiophosphate O-esters,Aliphatic acyclic compounds
GNHDVXLWBQYPJE-UHFFFAOYSA-N,True,Organic compounds,Benzenoids,Benzene and substituted derivatives,Benzoic acids and derivatives,4-halobenzoic acids and derivatives,Aromatic heteromonocyclic compounds
KWLVWJPJKJMCSH-UHFFFAOYSA-N,False,Organic compounds,Benzenoids,Benzene and substituted derivatives,Benzylethers,Benzylethers,Aromatic homomonocyclic compounds
DLAPIMGBBDILHJ-UHFFFAOYSA-N,False,Organic compounds,Organic acids and derivatives,Organic thiophosphoric acids and derivatives,Thiophosphoric acid esters,Phenyl thiophosphates,Aromatic homomonocyclic compounds
DIRFUJHNVNOBMY-UHFFFAOYSA-N,False,Organic compounds,Benzenoids,Benzene and substituted derivatives,Phenyl methylcarbamates,Phenyl methylcarbamates,Aromatic homomonocyclic compounds
MKNJWAXSYGAMGJ-UHFFFAOYSA-N,False,Organic compounds,Benzenoids,Phenol esters,,Phenol esters,Aromatic homomonocyclic compounds
DVOODWOZJVJKQR-UHFFFAOYSA-N,False,Organic compounds,Benzenoids,Benzene and substituted derivatives,Halobenzenes,Dichlorobenzenes,Aromatic heteromonocyclic compounds
MAYMYMXYWIVVOK-UHFFFAOYSA-N,False,Organic compounds,Organic nitrogen compounds,Organonitrogen compounds,Sulfonylureas,Pyrimidinyl-2-sulfonylureas,Aromatic heteromonocyclic compounds
UFHLMYOGRXOCSL-UHFFFAOYSA-N,False,Organic compounds,Organic acids and derivatives,Carboxylic acids and derivatives,Dicarboxylic acids and derivatives,Dicarboxylic acids and derivatives,Aliphatic heteromonocyclic compounds
YLPGTOIOYRQOHV-UHFFFAOYSA-N,False,Organic compounds,Benzenoids,Benzene and substituted derivatives,Anilides,Anilides,Aromatic homomonocyclic compounds
MLDVVJZNWASRQL-UHFFFAOYSA-N,False,Organic compounds,Organic acids and derivatives,Organic thiophosphoric acids and derivatives,Thiophosphoric acid esters,Pyrimidinyl phosphorothioates,Aromatic heteromonocyclic compounds
XRJLAOUDSILTFT-UHFFFAOYSA-N,False,Organic compounds,Organoheterocyclic compounds,Quinolines and derivatives,Quinolones and derivatives,Hydroquinolones,Aromatic heteropolycyclic compounds
ADRPZEYTIFWCBC-UHFFFAOYSA-N,False,Organic compounds,Benzenoids,Naphthalenes,,Naphthalenes,Aromatic homopolycyclic compounds
NXQDBZGWYSEGFL-UHFFFAOYSA-N,False,Organic compounds,Benzenoids,Benzene and substituted derivatives,Anilides,Anilides,Aromatic homomonocyclic compounds
KVDJTXBXMWJJEF-UHFFFAOYSA-N,True,Organic compounds,Benzenoids,Benzene and substituted derivatives,Trifluoromethylbenzenes,Trifluoromethylbenzenes,Aromatic heteromonocyclic compounds
STEPQTYSZVCJPV-UHFFFAOYSA-N,False,Organic compounds,Benzenoids,Benzene and substituted derivatives,Anilides,Anilides,Aromatic heteromonocyclic compounds
MGNFYQILYYYUBS-UHFFFAOYSA-N,False,Organic compounds,Benzenoids,Benzene and substituted derivatives,Phenylpropanes,Phenylpropanes,Aromatic heteromonocyclic compounds
FKERUJTUOYLBKB-UHFFFAOYSA-N,False,Organic compounds,Benzenoids,Benzene and substituted derivatives,Benzoyl derivatives,Benzoylpyrazoles,Aromatic heteromonocyclic compounds
BZRUVKZGXNSXMB-UHFFFAOYSA-N,False,Organic compounds,Organoheterocyclic compounds,Triazines,Aminotriazines,"1,3,5-triazine-2,4-diamines",Aromatic heteromonocyclic compounds
PWYIUEFFPNVCMW-UHFFFAOYSA-N,False,Organic compounds,Benzenoids,Benzene and substituted derivatives,Phenoxy compounds,Phenoxy compounds,Aromatic homomonocyclic compounds
XIGAUIHYSDTJHW-UHFFFAOYSA-N,False,Organic compounds,Organoheterocyclic compounds,Benzothiazoles,,Benzothiazoles,Aromatic heteropolycyclic compounds
DVBUIBGJRQBEDP-UHFFFAOYSA-N,False,Organic compounds,Benzenoids,Benzene and substituted derivatives,Anilides,Aromatic anilides,Aromatic heteromonocyclic compounds
DDBMQDADIHOWIC-UHFFFAOYSA-N,False,Organic compounds,Benzenoids,Benzene and substituted derivatives,Diphenylethers,Diphenylethers,Aromatic homomonocyclic compounds
YUVKUEAFAVKILW-SECBINFHSA-N,True,Organic compounds,Benzenoids,Benzene and substituted derivatives,2-phenoxypropionic acids,Aryloxyphenoxypropionic acids,Aromatic heteromonocyclic compounds
XQJQCBDIXRIYRP-UHFFFAOYSA-N,False,Organic compounds,Benzenoids,Benzene and substituted derivatives,Anilides,Aromatic anilides,Aromatic heteromonocyclic compounds
SXSGXWCSHSVPGB-UHFFFAOYSA-N,False,Organic compounds,Benzenoids,Benzene and substituted derivatives,Anilides,Aromatic anilides,Aromatic heteromonocyclic compounds
RLLPVAHGXHCWKJ-PKOBYXMFSA-N,False,Organic compounds,Lipids and lipid-like molecules,Fatty Acyls,Fatty acid esters,Pyrethroids,Aromatic homomonocyclic compounds
XSKZXGDFSCCXQX-UHFFFAOYSA-N,False,Organic compounds,Organoheterocyclic compounds,Thiophenes,Thiophene carboxylic acids and derivatives,Thiophene carboxylic acids and derivatives,Aromatic heteromonocyclic compounds
CGFQAAGKJZMVNF-UHFFFAOYSA-N,False,Organic compounds,Benzenoids,Benzene and substituted derivatives,2-phenoxypropionic acids,2-phenoxypropionic acids,
MSHXTAQSSIEBQS-UHFFFAOYSA-N,False,Organic compounds,Organosulfur compounds,Thiocarbonyl compounds,Thiocarbamic acid derivatives,Thiocarbamic acid derivatives,Aliphatic acyclic compounds
OLHMQEQGSVBLTJ-UHFFFAOYSA-N,False,Organic compounds,Benzenoids,Benzene and substituted derivatives,Phenoxyacetic acid derivatives,Phenoxyacetic acid derivatives,
HKSBGIRAPYUOPP-UHFFFAOYSA-N,False,Organic compounds,Benzenoids,Benzene and substituted derivatives,Benzonitriles,Benzonitriles,Aromatic homomonocyclic compounds
LPQDGVLVYVULMX-UHFFFAOYSA-N,False,Organic compounds,Lipids and lipid-like molecules,Fatty Acyls,Fatty acid esters,Fatty acid esters,Aliphatic acyclic compounds
LWEGPOVUIQAHBP-UHFFFAOYSA-N,False,Organic compounds,Benzenoids,Benzene and substituted derivatives,Phenoxyacetic acid derivatives,Chlorophenoxyacetates,
AQZLABPGWGSAER-UHFFFAOYSA-N,False,Organic compounds,Organoheterocyclic compounds,Azepanes,,Azepanes,Aliphatic heteromonocyclic compounds
NYPJDWWKZLNGGM-ZEQRLZLVSA-N,False,Organic compounds,Lipids and lipid-like molecules,Fatty Acyls,Fatty acid esters,Pyrethroids,Aromatic homomonocyclic compounds
BGNQYGRXEXDAIQ-UHFFFAOYSA-N,False,Organic compounds,Organoheterocyclic compounds,Azoles,Pyrazoles,Pyrazole carboxylic acids and derivatives,Aromatic heteromonocyclic compounds
LAPRIVJANDLWOK-UHFFFAOYSA-N,False,Organic compounds,Organic oxygen compounds,Organooxygen compounds,Ethers,Polyethylene glycols,Aliphatic acyclic compounds
NXLOLUFNDSBYTP-UHFFFAOYSA-N,False,Organic compounds,Lipids and lipid-like molecules,Prenol lipids,Diterpenoids,Diterpenoids,Aromatic homopolycyclic compounds
RVGOBWDGAVAVPJ-UHFFFAOYSA-N,False,Organic compounds,Benzenoids,Benzene and substituted derivatives,Aniline and substituted anilines,Aniline and substituted anilines,Aromatic homomonocyclic compounds
LTPVSOCPYWDIFU-UHFFFAOYSA-N,False,Organic compounds,Benzenoids,Benzene and substituted derivatives,Phenethylamines,Phenethylamines,Aromatic homomonocyclic compounds
LISFMEBWQUVKPJ-UHFFFAOYSA-N,False,Organic compounds,Organoheterocyclic compounds,Quinolines and derivatives,Quinolones and derivatives,Hydroquinolones,Aromatic heteropolycyclic compounds
FCHXJFJNDJXENQ-UHFFFAOYSA-N,False,Organic compounds,Organoheterocyclic compounds,Pyridines and derivatives,Pyridine carboxaldehydes,Pyridoxals and derivatives,Aromatic heteromonocyclic compounds
SQAINHDHICKHLX-UHFFFAOYSA-N,False,Organic compounds,Benzenoids,Naphthalenes,,Naphthalenes,Aromatic homopolycyclic compounds
GUBNMFJOJGDCEL-UHFFFAOYSA-N,False,Organic compounds,Organic acids and derivatives,Carboxylic acids and derivatives,Carboxylic acid derivatives,Carboxylic acid esters,Aliphatic homomonocyclic compounds
PFNFFQXMRSDOHW-UHFFFAOYSA-N,False,Organic compounds,Organic nitrogen compounds,Organonitrogen compounds,Amines,Dialkylamines,Aliphatic acyclic compounds
IYBQHJMYDGVZRY-UHFFFAOYSA-N,False,Organic compounds,Organic acids and derivatives,Carboxylic acids and derivatives,"Amino acids, peptides, and analogues",Alpha amino acid amides,Aromatic homomonocyclic compounds
IWDDXZKCDHOOSF-UHFFFAOYSA-N,False,Organic compounds,Organoheterocyclic compounds,Diazines,Pyrimidines and pyrimidine derivatives,Barbituric acid derivatives,Aliphatic heteromonocyclic compounds
NUHCTOLBWMJMLX-UHFFFAOYSA-N,False,Organic compounds,Organoheterocyclic compounds,Benzofurans,Benzofuranones,Benzofuranones,Aromatic heteropolycyclic compounds
UKXSKSHDVLQNKG-UHFFFAOYSA-N,False,Organic compounds,Benzenoids,Benzene and substituted derivatives,Diphenylmethanes,Diphenylmethanes,Aromatic homomonocyclic compounds
WIHMGGWNMISDNJ-UHFFFAOYSA-N,False,Organic compounds,Organohalogen compounds,Organochlorides,,Organochlorides,Aliphatic acyclic compounds
FFKZOUIEAHOBHW-UHFFFAOYSA-N,True,Organic compounds,Benzenoids,Benzene and substituted derivatives,Benzenesulfonamides,Benzenesulfonamides,Aromatic homomonocyclic compounds
OCNPXKLQSGAGKT-UHFFFAOYSA-N,False,Organic compounds,Benzenoids,Benzene and substituted derivatives,Benzenesulfonic acids and derivatives,Benzenesulfonate esters,Aromatic homomonocyclic compounds
VIQMJMDPUIBXQO-UHFFFAOYSA-N,False,Organic compounds,Benzenoids,Anthracenes,Anthraquinones,Anthraquinones,Aromatic homopolycyclic compounds
VBQNYYXVDQUKIU-UHFFFAOYSA-N,False,Organic compounds,Benzenoids,Anthracenes,Anthraquinones,Anthraquinones,Aromatic homopolycyclic compounds
MQIUMARJCOGCIM-UHFFFAOYSA-N,False,Organic compounds,Benzenoids,Anthracenes,Anthraquinones,Anthraquinones,Aromatic homopolycyclic compounds
IXHMHWIBCIYOAZ-UHFFFAOYSA-N,False,Organic compounds,Benzenoids,Phenols,Nitrophenols,Nitrophenols,Aromatic homomonocyclic compounds
IBHWREHFNDMRPR-UHFFFAOYSA-N,False,Organic compounds,Benzenoids,Benzene and substituted derivatives,Benzoic acids and derivatives,Hydroxybenzoic acid derivatives,Aromatic homomonocyclic compounds
LRDIEHDJWYRVPT-UHFFFAOYSA-N,False,Organic compounds,Benzenoids,Naphthalenes,Naphthalene sulfonic acids and derivatives,1-naphthalene sulfonates,Aromatic homopolycyclic compounds
YYVYAPXYZVYDHN-UHFFFAOYSA-N,False,Organic compounds,Benzenoids,Phenanthrenes and derivatives,Phenanthraquinones,Phenanthraquinones,Aromatic homopolycyclic compounds
YXMYPHLWXBXNFF-UHFFFAOYSA-N,False,Organic compounds,Benzenoids,Benzene and substituted derivatives,Benzophenones,Benzophenones,Aromatic homomonocyclic compounds
KLCDQSGLLRINHY-UHFFFAOYSA-N,False,Organic compounds,Benzenoids,Naphthalenes,,Naphthalenes,Aromatic homopolycyclic compounds
LLYOXZQVOKALCD-UHFFFAOYSA-N,False,Organic compounds,Benzenoids,Naphthalenes,Naphthols and derivatives,Naphthols and derivatives,Aromatic heteropolycyclic compounds
YJMNOKOLADGBKA-UHFFFAOYSA-N,False,Organic compounds,Benzenoids,Naphthalenes,,Naphthalenes,Aromatic homopolycyclic compounds
OCDGBSUVYYVKQZ-UHFFFAOYSA-N,False,Organic compounds,Organoheterocyclic compounds,Indoles and derivatives,Indoles,3-alkylindoles,Aromatic heteropolycyclic compounds
WFNLHDJJZSJARK-UHFFFAOYSA-N,False,Organic compounds,Benzenoids,Benzene and substituted derivatives,Toluenes,Aminotoluenes,Aromatic homomonocyclic compounds
IPPWILKGXFOXHO-UHFFFAOYSA-N,False,Organic compounds,Organic oxygen compounds,Organooxygen compounds,Carbonyl compounds,P-benzoquinones,Aliphatic homomonocyclic compounds
HEAHMJLHQCESBZ-UHFFFAOYSA-N,False,Organic compounds,Benzenoids,Benzene and substituted derivatives,Benzenesulfonic acids and derivatives,Benzenesulfonic acids and derivatives,Aromatic homomonocyclic compounds
KESYALTWUAFAAC-UHFFFAOYSA-N,False,Organic compounds,Benzenoids,Phenols,Nitrophenols,Dinitrophenols,Aromatic homomonocyclic compounds
ANXBDAFDZSXOPQ-UHFFFAOYSA-N,False,Organic compounds,Benzenoids,Benzene and substituted derivatives,Benzoic acids and derivatives,Nitrobenzoic acids and derivatives,Aromatic homomonocyclic compounds
QSACCXVHEVWNMX-UHFFFAOYSA-N,False,Organic compounds,Benzenoids,Benzene and substituted derivatives,Benzoic acids and derivatives,Benzoic acids,Aromatic homomonocyclic compounds
SQFLFRQWPBEDHM-UHFFFAOYSA-N,False,Organic compounds,Benzenoids,Benzene and substituted derivatives,Nitrobenzenes,Nitrobenzenes,Aromatic homomonocyclic compounds
NWESJZZPAJGHRZ-UHFFFAOYSA-N,False,Organic compounds,Benzenoids,Benzene and substituted derivatives,Nitrobenzenes,Nitrobenzenes,Aromatic homomonocyclic compounds
NWSIFTLPLKCTSX-UHFFFAOYSA-N,False,Organic compounds,Benzenoids,Phenols,Nitrophenols,Nitrophenols,Aromatic homomonocyclic compounds
KGKAYWMGPDWLQZ-UHFFFAOYSA-N,False,Organic compounds,Benzenoids,Benzene and substituted derivatives,Benzyl halides,Benzyl bromides,Aromatic homomonocyclic compounds
ZWJINEZUASEZBH-UHFFFAOYSA-N,False,Organic compounds,Benzenoids,Benzene and substituted derivatives,Benzoic acids and derivatives,Aminobenzoic acids,Aromatic homomonocyclic compounds
GPVDHNVGGIAOQT-UHFFFAOYSA-N,False,Organic compounds,Benzenoids,Benzene and substituted derivatives,Benzoic acids and derivatives,P-methoxybenzoic acids and derivatives,Aromatic homomonocyclic compounds
IFLREYGFSNHWGE-UHFFFAOYSA-N,False,Organic compounds,Benzenoids,Naphthacenes,,Naphthacenes,Aromatic homopolycyclic compounds
INCIMLINXXICKS-UHFFFAOYSA-M,False,Organic compounds,Organoheterocyclic compounds,Benzopyrans,1-benzopyrans,Xanthenes,Aromatic heteropolycyclic compounds
PCNDJXKNXGMECE-UHFFFAOYSA-N,False,Organic compounds,Organoheterocyclic compounds,Diazanaphthalenes,Benzodiazines,Phenazines and derivatives,Aromatic heteropolycyclic compounds
GJCOSYZMQJWQCA-UHFFFAOYSA-N,False,Organic compounds,Organoheterocyclic compounds,Benzopyrans,1-benzopyrans,Xanthenes,Aromatic heteropolycyclic compounds
OEGPRYNGFWGMMV-UHFFFAOYSA-N,False,Organic compounds,Benzenoids,Benzene and substituted derivatives,Methoxybenzenes,Dimethoxybenzenes,Aromatic homomonocyclic compounds
DAUAQNGYDSHRET-UHFFFAOYSA-N,False,Organic compounds,Benzenoids,Benzene and substituted derivatives,Benzoic acids and derivatives,P-methoxybenzoic acids and derivatives,Aromatic homomonocyclic compounds
ZVSKZLHKADLHSD-UHFFFAOYSA-N,False,Organic compounds,Benzenoids,Benzene and substituted derivatives,Anilides,Benzanilides,Aromatic homomonocyclic compounds
WBSMIPLNPSCJFS-UHFFFAOYSA-N,False,Organic compounds,Benzenoids,Phenol ethers,Aminophenyl ethers,Aminophenyl ethers,Aromatic homomonocyclic compounds
KZNRNQGTVRTDPN-UHFFFAOYSA-N,False,Organic compounds,Benzenoids,Benzene and substituted derivatives,Xylenes,p-Xylenes,Aromatic homomonocyclic compounds
LJIPVCWBVLYNOV-UHFFFAOYSA-N,False,Organic compounds,Organic acids and derivatives,Carboxylic acids and derivatives,"Amino acids, peptides, and analogues",Alpha amino acids and derivatives,Aliphatic acyclic compounds
DFXQXFGFOLXAPO-UHFFFAOYSA-N,False,Organic compounds,Benzenoids,Benzene and substituted derivatives,Benzoic acids and derivatives,Nitrobenzoic acids and derivatives,Aromatic homomonocyclic compounds
OLCMNCWEUMBNIS-UHFFFAOYSA-N,False,Organic compounds,Benzenoids,Benzene and substituted derivatives,Methoxybenzenes,Dimethoxybenzenes,Aromatic homomonocyclic compounds
LVKZSFMYNWRPJX-UHFFFAOYSA-N,False,Organic compounds,Benzenoids,Benzene and substituted derivatives,,Benzene and substituted derivatives,Aromatic homomonocyclic compounds
PRLINSMUYJWPBL-UHFFFAOYSA-N,False,Organic compounds,Benzenoids,Benzene and substituted derivatives,Phenylpropanes,Phenylpropanes,Aromatic homomonocyclic compounds
WQTCZINVPXJNEL-UHFFFAOYSA-N,False,Organic compounds,Benzenoids,Benzene and substituted derivatives,Benzenesulfonic acids and derivatives,Benzenesulfonic acids and derivatives,Aromatic homomonocyclic compounds
XFDUHJPVQKIXHO-UHFFFAOYSA-N,False,Organic compounds,Benzenoids,Benzene and substituted derivatives,Benzoic acids and derivatives,Aminobenzoic acids,Aromatic homomonocyclic compounds
UYEMGAFJOZZIFP-UHFFFAOYSA-N,False,Organic compounds,Benzenoids,Benzene and substituted derivatives,Benzoic acids and derivatives,Hydroxybenzoic acid derivatives,Aromatic homomonocyclic compounds
CSGQJHQYWJLPKY-UHFFFAOYSA-N,False,Organic compounds,Organoheterocyclic compounds,Pyridines and derivatives,Pyridinecarboxylic acids and derivatives,Pyridinecarboxylic acids,Aromatic heteromonocyclic compounds
WBHYZUAQCSHXCT-UHFFFAOYSA-N,False,Organic compounds,Benzenoids,Phenols,Nitrophenols,Nitrophenols,Aromatic homomonocyclic compounds
VYWYYJYRVSBHJQ-UHFFFAOYSA-N,False,Organic compounds,Benzenoids,Benzene and substituted derivatives,Benzoic acids and derivatives,Nitrobenzoic acids and derivatives,Aromatic homomonocyclic compounds
QAYNSPOKTRVZRC-UHFFFAOYSA-N,False,Organic compounds,Benzenoids,Benzene and substituted derivatives,Benzoic acids and derivatives,Nitrobenzoic acids and derivatives,Aromatic homomonocyclic compounds
FKJSFKCZZIXQIP-UHFFFAOYSA-N,False,Organic compounds,Organic oxygen compounds,Organooxygen compounds,Carbonyl compounds,Alkyl-phenylketones,Aromatic homomonocyclic compounds
MBUPVGIGAMCMBT-UHFFFAOYSA-N,False,Organic compounds,Organic oxygen compounds,Organooxygen compounds,Carbonyl compounds,Alkyl-phenylketones,Aromatic homomonocyclic compounds
WYECURVXVYPVAT-UHFFFAOYSA-N,False,Organic compounds,Organic oxygen compounds,Organooxygen compounds,Carbonyl compounds,Alkyl-phenylketones,Aromatic homomonocyclic compounds
ZEYHEAKUIGZSGI-UHFFFAOYSA-N,False,Organic compounds,Benzenoids,Benzene and substituted derivatives,Benzoic acids and derivatives,P-methoxybenzoic acids and derivatives,Aromatic homomonocyclic compounds
KMVPXBDOWDXXEN-UHFFFAOYSA-N,False,Organic compounds,Benzenoids,Benzene and substituted derivatives,Nitrobenzenes,Nitrobenzenes,Aromatic homomonocyclic compounds
BNUHAJGCKIQFGE-UHFFFAOYSA-N,False,Organic compounds,Benzenoids,Benzene and substituted derivatives,Nitrobenzenes,Nitrophenyl ethers,Aromatic homomonocyclic compounds
HNKJADCVZUBCPG-UHFFFAOYSA-N,False,Organic compounds,Organosulfur compounds,Thioethers,Aryl thioethers,Aryl thioethers,Aromatic homomonocyclic compounds
IAVREABSGIHHMO-UHFFFAOYSA-N,False,Organic compounds,Organic oxygen compounds,Organooxygen compounds,Carbonyl compounds,Hydroxybenzaldehydes,Aromatic homomonocyclic compounds
NAZDVUBIEPVUKE-UHFFFAOYSA-N,False,Organic compounds,Benzenoids,Benzene and substituted derivatives,Methoxybenzenes,Dimethoxybenzenes,Aromatic homomonocyclic compounds
LYBKPDDZTNUNNM-UHFFFAOYSA-N,False,Organic compounds,Benzenoids,Benzene and substituted derivatives,Phenylmethylamines,Phenylmethylamines,Aromatic homomonocyclic compounds
JVKWTDRHWOSRFT-UHFFFAOYSA-N,False,Organic compounds,Benzenoids,Benzene and substituted derivatives,Anilides,Anilides,Aromatic homomonocyclic compounds
YASWBJXTHOXPGK-UHFFFAOYSA-N,False,Organic compounds,Benzenoids,Benzene and substituted derivatives,Anilides,Anilides,Aromatic homomonocyclic compounds
YBADLXQNJCMBKR-UHFFFAOYSA-N,False,Organic compounds,Benzenoids,Benzene and substituted derivatives,Nitrobenzenes,Nitrobenzenes,Aromatic homomonocyclic compounds
NQRLPDFELNCFHW-UHFFFAOYSA-N,False,Organic compounds,Benzenoids,Benzene and substituted derivatives,Anilides,Acetanilides,Aromatic homomonocyclic compounds
BDJXVNRFAQSMAA-UHFFFAOYSA-N,False,Organic compounds,Benzenoids,Phenols,Benzenediols,Hydroquinones,
NHDODQWIKUYWMW-UHFFFAOYSA-N,False,Organic compounds,Benzenoids,Benzene and substituted derivatives,Halobenzenes,Chlorobenzenes,Aromatic homomonocyclic compounds
VZXOZSQDJJNBRC-UHFFFAOYSA-N,False,Organic compounds,Benzenoids,Thiophenols,,Thiophenols,Aromatic homomonocyclic compounds
BXRNXXXXHLBUKK-UHFFFAOYSA-N,False,Organic compounds,Organic acids and derivatives,Carboxylic acids and derivatives,"Amino acids, peptides, and analogues",Alpha amino acids and derivatives,Aliphatic heteromonocyclic compounds
KUYMVWXKHQSIAS-UHFFFAOYSA-N,False,Organic compounds,Organic acids and derivatives,Carboxylic acids and derivatives,Alpha-halocarboxylic acids and derivatives,Alpha-halocarboxylic acid derivatives,Aliphatic acyclic compounds
YXZFFTJAHVMMLF-UHFFFAOYSA-N,False,Organic compounds,Organohalogen compounds,Organobromides,,Organobromides,Aliphatic acyclic compounds
BMFVGAAISNGQNM-UHFFFAOYSA-N,False,Organic compounds,Organic nitrogen compounds,Organonitrogen compounds,Amines,Monoalkylamines,Aliphatic acyclic compounds
WRXOZRLZDJAYDR-UHFFFAOYSA-N,False,Organic compounds,Benzenoids,Thiophenols,,Thiophenols,Aromatic homomonocyclic compounds
RPHKINMPYFJSCF-UHFFFAOYSA-N,False,Organic compounds,Benzenoids,Benzene and substituted derivatives,Aniline and substituted anilines,Aniline and substituted anilines,Aromatic homomonocyclic compounds
QMMOXUPEWRXHJS-UHFFFAOYSA-N,False,Organic compounds,Hydrocarbons,Unsaturated hydrocarbons,Unsaturated aliphatic hydrocarbons,Unsaturated aliphatic hydrocarbons,Aliphatic acyclic compounds
BMSYXLRQGIFLFO-UHFFFAOYSA-N,False,Organic compounds,Organic nitrogen compounds,Organonitrogen compounds,Organic cyanides,Nitriles,Aliphatic acyclic compounds
LNRIEBFNWGMXKP-UHFFFAOYSA-N,False,Organic compounds,Organosulfur compounds,Thioethers,Dialkylthioethers,Dialkylthioethers,Aliphatic acyclic compounds
IPIVAXLHTVNRBS-UHFFFAOYSA-N,False,Organic compounds,Organohalogen compounds,Acyl halides,Acyl chlorides,Acyl chlorides,Aliphatic acyclic compounds
HKMLRUAPIDAGIE-UHFFFAOYSA-N,False,Organic compounds,Organic acids and derivatives,Carboxylic acids and derivatives,Carboxylic acid derivatives,Methyl esters,Aliphatic acyclic compounds
PYHXGXCGESYPCW-UHFFFAOYSA-N,False,Organic compounds,Benzenoids,Benzene and substituted derivatives,Diphenylmethanes,Diphenylmethanes,Aromatic homomonocyclic compounds
SJSOFNCYXJUNBT-UHFFFAOYSA-N,False,Organic compounds,Benzenoids,Benzene and substituted derivatives,Benzoic acids and derivatives,Gallic acid and derivatives,Aromatic homomonocyclic compounds
KDFFXYVOTKKBDI-UHFFFAOYSA-N,False,Organic compounds,Benzenoids,Naphthalenes,,Naphthalenes,Aromatic homopolycyclic compounds
HORQAOAYAYGIBM-UHFFFAOYSA-N,False,Organic compounds,Benzenoids,Benzene and substituted derivatives,Nitrobenzenes,Nitrobenzenes,Aromatic homomonocyclic compounds
DYNFCHNNOHNJFG-UHFFFAOYSA-N,False,Organic compounds,Benzenoids,Benzene and substituted derivatives,Benzoic acids and derivatives,Benzoic acids,Aromatic homomonocyclic compounds
LBEMXJWGHIEXRA-UHFFFAOYSA-N,False,Organic compounds,Benzenoids,Benzene and substituted derivatives,Benzoic acids and derivatives,O-sulfanylbenzoic acids,Aromatic homomonocyclic compounds
BERFDQAMXIBOHM-UHFFFAOYSA-N,False,Organic compounds,Benzenoids,Benzene and substituted derivatives,Benzoyl derivatives,Benzoyl derivatives,Aromatic homomonocyclic compounds
POHRRIXAXBVBFW-UHFFFAOYSA-N,False,Organic compounds,Organosulfur compounds,Thioamides,,Thioamides,Aliphatic acyclic compounds
ZFLIKDUSUDBGCD-UHFFFAOYSA-N,False,Organic compounds,Organoheterocyclic compounds,Azolines,Imidazolines,Imidazolinones,Aliphatic heteromonocyclic compounds
CURJNMSGPBXOGK-UHFFFAOYSA-N,False,Organic compounds,Organic nitrogen compounds,Organonitrogen compounds,Amines,Trialkylamines,Aliphatic acyclic compounds
WKOLLVMJNQIZCI-UHFFFAOYSA-N,False,Organic compounds,Benzenoids,Benzene and substituted derivatives,Benzoic acids and derivatives,M-methoxybenzoic acids and derivatives,Aromatic homomonocyclic compounds
SJYNFBVQFBRSIB-UHFFFAOYSA-N,False,Organic compounds,Hydrocarbons,Polycyclic hydrocarbons,,Polycyclic hydrocarbons,Aliphatic homopolycyclic compounds
QMWGSOMVXSRXQX-UHFFFAOYSA-N,False,Organic compounds,Benzenoids,Benzene and substituted derivatives,Benzenesulfonic acids and derivatives,3-sulfobenzoic acids,Aromatic homomonocyclic compounds
KZVBBVPCVQEVQK-UHFFFAOYSA-N,False,Organic compounds,Benzenoids,Benzene and substituted derivatives,Benzenesulfonic acids and derivatives,Benzenesulfonic acids and derivatives,Aromatic homomonocyclic compounds
ZQPVMSLLKQTRMG-UHFFFAOYSA-N,False,Organic compounds,Benzenoids,Benzene and substituted derivatives,Anilides,Acetanilides,Aromatic homomonocyclic compounds
SMTUJUHULKBTBS-UHFFFAOYSA-N,False,Organic compounds,Benzenoids,Benzene and substituted derivatives,Phenylmethylamines,Phenylmethylamines,
TVTXGOPUBNYSCO-UHFFFAOYSA-N,False,Organic compounds,Organosulfur compounds,Thioamides,,Thioamides,Aliphatic homomonocyclic compounds
KNRMURHAZMNRGD-UHFFFAOYSA-N,False,Organic compounds,Benzenoids,Benzene and substituted derivatives,,Benzene and substituted derivatives,Aromatic homomonocyclic compounds
WRUZLCLJULHLEY-UHFFFAOYSA-N,False,Organic compounds,Organic acids and derivatives,Carboxylic acids and derivatives,"Amino acids, peptides, and analogues",Alpha amino acids,Aromatic homomonocyclic compounds
RGHHSNMVTDWUBI-UHFFFAOYSA-N,False,Organic compounds,Organic oxygen compounds,Organooxygen compounds,Carbonyl compounds,Hydroxybenzaldehydes,Aromatic homomonocyclic compounds
AGGIJOLULBJGTQ-UHFFFAOYSA-N,False,Organic compounds,Organic acids and derivatives,Organic sulfonic acids and derivatives,Organosulfonic acids and derivatives,Organosulfonic acids,Aliphatic acyclic compounds
JRZJOMJEPLMPRA-UHFFFAOYSA-N,False,Organic compounds,Hydrocarbons,Unsaturated hydrocarbons,Unsaturated aliphatic hydrocarbons,Unsaturated aliphatic hydrocarbons,Aliphatic acyclic compounds
QTPJMTACJMLPLL-UHFFFAOYSA-N,False,Organic compounds,Organic acids and derivatives,Organic thiophosphoric acids and derivatives,Thiophosphoric acid esters,Thiophosphate triesters,Aliphatic acyclic compounds
VWBVCOPVKXNMMZ-UHFFFAOYSA-N,False,Organic compounds,Benzenoids,Anthracenes,Anthraquinones,Anthraquinones,Aromatic homopolycyclic compounds
CBCIHIVRDWLAME-UHFFFAOYSA-N,False,Organic compounds,Benzenoids,Benzene and substituted derivatives,Nitrobenzenes,Nitrobenzenes,Aromatic homomonocyclic compounds
YXAOOTNFFAQIPZ-UHFFFAOYSA-N,False,Organic compounds,Benzenoids,Naphthalenes,Naphthols and derivatives,Naphthols and derivatives,Aromatic homopolycyclic compounds
DHZVWQPHNWDCFS-UHFFFAOYSA-N,False,Organic compounds,Benzenoids,Benzene and substituted derivatives,Benzoic acids and derivatives,Salicylic acids,Aromatic homomonocyclic compounds
KGHGZRVXCKCJGX-UHFFFAOYSA-N,False,Organic compounds,Organic oxygen compounds,Organooxygen compounds,Carbonyl compounds,Alkyl-phenylketones,Aromatic homomonocyclic compounds
AAJRIJBGDLLRAE-UHFFFAOYSA-M,False,Organic compounds,Organic salts,Organic metal salts,Organic alkali metal salts,Organic alkali metal salts,Aliphatic acyclic compounds
OPQARKPSCNTWTJ-UHFFFAOYSA-L,False,Organic compounds,Organic acids and derivatives,Carboxylic acids and derivatives,Carboxylic acid derivatives,Acetate salts,
VTXVGVNLYGSIAR-UHFFFAOYSA-N,False,Organic compounds,Organosulfur compounds,Thiols,Alkylthiols,Alkylthiols,Aliphatic acyclic compounds
GVPWHKZIJBODOX-UHFFFAOYSA-N,False,Organic compounds,Benzenoids,Benzene and substituted derivatives,,Benzene and substituted derivatives,Aromatic homomonocyclic compounds
WUGQZFFCHPXWKQ-UHFFFAOYSA-N,False,Organic compounds,Organic nitrogen compounds,Organonitrogen compounds,Amines,"1,3-aminoalcohols",Aliphatic acyclic compounds
TUGYIJVAYAHHHM-UHFFFAOYSA-N,False,Organic compounds,Benzenoids,Pyrenes,Benzopyrenes,Benzopyrenes,Aromatic homopolycyclic compounds
SLGBZMMZGDRARJ-UHFFFAOYSA-N,False,Organic compounds,Benzenoids,Phenanthrenes and derivatives,Triphenylenes,Triphenylenes,Aromatic homopolycyclic compounds
JNCSIWAONQTVCF-UHFFFAOYSA-N,False,Organic compounds,Organoheterocyclic compounds,Quinolines and derivatives,Benzoquinolines,Benzacridines,Aromatic heteropolycyclic compounds
DZBUGLKDJFMEHC-UHFFFAOYSA-N,False,Organic compounds,Organoheterocyclic compounds,Quinolines and derivatives,Benzoquinolines,Acridines,Aromatic heteropolycyclic compounds
CUFNKYGDVFVPHO-UHFFFAOYSA-N,False,Organic compounds,Hydrocarbons,Unsaturated hydrocarbons,Olefins,Azulenes,Aromatic homopolycyclic compounds
AKEUNCKRJATALU-UHFFFAOYSA-N,False,Organic compounds,Benzenoids,Benzene and substituted derivatives,Benzoic acids and derivatives,Salicylic acids,Aromatic homomonocyclic compounds
XBCVBHKJVWVNID-UHFFFAOYSA-N,False,Organic compounds,Benzenoids,Phenols,Nitrophenols,Dinitrophenols,Aromatic homomonocyclic compounds
AXRSOGFYDSXLQX-UHFFFAOYSA-N,True,Organic compounds,Lipids and lipid-like molecules,Fatty Acyls,Fatty acids and conjugates,Medium-chain fatty acids,Aliphatic acyclic compounds
JUGSKHLZINSXPQ-UHFFFAOYSA-N,True,Organic compounds,Organohalogen compounds,Halohydrins,Fluorohydrins,Fluorohydrins,Aliphatic acyclic compounds
MSJMDZAOKORVFC-UAIGNFCESA-L,False,Organic compounds,Organic acids and derivatives,Carboxylic acids and derivatives,Dicarboxylic acids and derivatives,Dicarboxylic acids and derivatives,Aliphatic acyclic compounds
WXJFKAZDSQLPBX-UHFFFAOYSA-N,True,Organic compounds,Organohalogen compounds,Halohydrins,Fluorohydrins,Fluorohydrins,Aliphatic acyclic compounds
YPJUNDFVDDCYIH-UHFFFAOYSA-N,True,Organic compounds,Organohalogen compounds,Alkyl halides,Alkyl fluorides,Perfluoroalkyl carboxylic acid and derivatives,Aliphatic acyclic compounds
RUDINRUXCKIXAJ-UHFFFAOYSA-N,True,Organic compounds,Lipids and lipid-like molecules,Fatty Acyls,Fatty acids and conjugates,Long-chain fatty acids,Aliphatic acyclic compounds
YUDUFRYTKFGQCL-UHFFFAOYSA-N,True,Organic compounds,Lipids and lipid-like molecules,Fatty Acyls,Fatty acids and conjugates,Halogenated fatty acids,Aliphatic acyclic compounds
LRMSQVBRUNSOJL-UHFFFAOYSA-N,True,Organic compounds,Organohalogen compounds,Alkyl halides,Alkyl fluorides,Perfluoroalkyl carboxylic acid and derivatives,Aliphatic acyclic compounds
USPWUOFNOTUBAD-UHFFFAOYSA-N,True,Organic compounds,Benzenoids,Benzene and substituted derivatives,Trifluoromethylbenzenes,Trifluoromethylbenzenes,Aromatic homomonocyclic compounds
IGMNYECMUMZDDF-UHFFFAOYSA-N,False,Organic compounds,Benzenoids,Benzene and substituted derivatives,Phenylacetic acids,2(hydroxyphenyl)acetic acids,Aromatic homomonocyclic compounds
BBYDXOIZLAWGSL-UHFFFAOYSA-N,False,Organic compounds,Benzenoids,Benzene and substituted derivatives,Benzoic acids and derivatives,Halobenzoic acids,Aromatic homomonocyclic compounds
MFEWNFVBWPABCX-UHFFFAOYSA-N,False,Organic compounds,Phenylpropanoids and polyketides,Stilbenes,,Stilbenes,Aromatic homomonocyclic compounds
OLNJUISKUQQNIM-UHFFFAOYSA-N,False,Organic compounds,Organoheterocyclic compounds,Indoles and derivatives,Indoles,Indoles,Aromatic heteropolycyclic compounds
WXTMDXOMEHJXQO-UHFFFAOYSA-N,False,Organic compounds,Benzenoids,Benzene and substituted derivatives,Benzoic acids and derivatives,Hydroxybenzoic acid derivatives,Aromatic homomonocyclic compounds
GYPMBQZAVBFUIZ-UHFFFAOYSA-N,False,Organic compounds,Benzenoids,Benzene and substituted derivatives,Methoxybenzenes,Dimethoxybenzenes,Aromatic homomonocyclic compounds
OFFSPAZVIVZPHU-UHFFFAOYSA-N,False,Organic compounds,Organoheterocyclic compounds,Benzofurans,,Benzofurans,Aromatic heteropolycyclic compounds
JRXXLCKWQFKACW-UHFFFAOYSA-N,False,Organic compounds,Benzenoids,Benzene and substituted derivatives,,Benzene and substituted derivatives,Aromatic homomonocyclic compounds
UGWULZWUXSCWPX-UHFFFAOYSA-N,False,Organic compounds,Organic acids and derivatives,Carboxylic acids and derivatives,"Amino acids, peptides, and analogues",Alpha amino acids and derivatives,Aliphatic heteromonocyclic compounds
CZUGFKJYCPYHHV-UHFFFAOYSA-N,False,Organic compounds,Organosulfur compounds,Thioethers,Dialkylthioethers,Dialkylthioethers,Aliphatic acyclic compounds
FXXACINHVKSMDR-UHFFFAOYSA-N,False,Organic compounds,Organohalogen compounds,Acyl halides,Acyl bromides,Acyl bromides,Aliphatic acyclic compounds
JOUWCKCVTDSMHF-UHFFFAOYSA-N,False,Organic compounds,Organohalogen compounds,Organobromides,,Organobromides,Aliphatic acyclic compounds
KWXGJTSJUKTDQU-UHFFFAOYSA-N,True,Organic compounds,Organohalogen compounds,Organoiodides,,Organoiodides,Aliphatic acyclic compounds
QTBFPMKWQKYFLR-UHFFFAOYSA-N,False,Organic compounds,Organohalogen compounds,Organochlorides,,Organochlorides,Aliphatic acyclic compounds
KETQAJRQOHHATG-UHFFFAOYSA-N,False,Organic compounds,Benzenoids,Naphthalenes,Naphthoquinones,Naphthoquinones,Aromatic homopolycyclic compounds
XIROXSOOOAZHLL-UHFFFAOYSA-N,False,Organic compounds,Organic oxygen compounds,Organooxygen compounds,Carbonyl compounds,Alkyl-phenylketones,Aromatic homomonocyclic compounds
KVOJTUXGYQVLAJ-UHFFFAOYSA-N,False,Organic compounds,Phenylpropanoids and polyketides,Coumarins and derivatives,Hydroxycoumarins,"6,7-dihydroxycoumarins",Aromatic heteropolycyclic compounds
JMSVCTWVEWCHDZ-UHFFFAOYSA-N,False,Organic compounds,Benzenoids,Benzene and substituted derivatives,Benzoic acids and derivatives,Gallic acid and derivatives,Aromatic homomonocyclic compounds
ZBCAZEFVTIBZJS-UHFFFAOYSA-M,False,Organic compounds,Benzenoids,Benzene and substituted derivatives,Benzoic acids and derivatives,Hippuric acids,Aromatic homomonocyclic compounds
AMZORBZSQRUXNC-UHFFFAOYSA-N,False,Organic compounds,Benzenoids,Phenol esters,,Phenol esters,Aromatic homomonocyclic compounds
QZHXKQKKEBXYRG-UHFFFAOYSA-N,False,Organic compounds,Benzenoids,Benzene and substituted derivatives,Aniline and substituted anilines,Aniline and substituted anilines,Aromatic homomonocyclic compounds
ODOFDWDUSSFUMN-UHFFFAOYSA-N,False,Organic compounds,Benzenoids,Benzene and substituted derivatives,Nitrobenzenes,Nitrobenzenes,Aromatic homomonocyclic compounds
ZOSAYFDMPYAZTB-UHFFFAOYSA-N,False,Organic compounds,Organic nitrogen compounds,Organonitrogen compounds,,Organonitrogen compounds,Aliphatic acyclic compounds
WJAASTDRAAMYNK-UHFFFAOYSA-N,False,Organic compounds,Benzenoids,Benzene and substituted derivatives,,Benzene and substituted derivatives,Aromatic homomonocyclic compounds
ZFWAHZCOKGWUIT-UHFFFAOYSA-N,False,Organic compounds,Benzenoids,Benzene and substituted derivatives,Phenylhydrazines,Phenylhydrazines,Aromatic homomonocyclic compounds
GQKZBCPTCWJTAS-UHFFFAOYSA-N,False,Organic compounds,Benzenoids,Benzene and substituted derivatives,Benzylethers,Benzylethers,Aromatic homomonocyclic compounds
BUZZUHJODKQYTF-UHFFFAOYSA-N,False,Organic compounds,Organohalogen compounds,Organoiodides,,Organoiodides,Aliphatic acyclic compounds
HBNYJWAFDZLWRS-UHFFFAOYSA-N,False,Organic compounds,Organosulfur compounds,Isothiocyanates,,Isothiocyanates,Aliphatic acyclic compounds
BUNFNRVLMKHKIT-UHFFFAOYSA-N,False,Organic compounds,Benzenoids,Benzene and substituted derivatives,Anilides,Acetanilides,Aromatic homomonocyclic compounds
VTWDKFNVVLAELH-UHFFFAOYSA-N,False,Organic compounds,Organic oxygen compounds,Organooxygen compounds,Carbonyl compounds,P-benzoquinones,Aliphatic homomonocyclic compounds
HFEHLDPGIKPNKL-UHFFFAOYSA-N,False,Organic compounds,Organohalogen compounds,Organoiodides,,Organoiodides,Aliphatic acyclic compounds
OJPSFJLSZZTSDF-UHFFFAOYSA-N,False,Organic compounds,Organic oxygen compounds,Organooxygen compounds,Ethers,Dialkyl ethers,Aliphatic acyclic compounds
ANGGPYSFTXVERY-UHFFFAOYSA-N,False,Organic compounds,Organohalogen compounds,Organoiodides,,Organoiodides,Aliphatic acyclic compounds
QHJMFSMPSZREIF-UHFFFAOYSA-N,False,Organic compounds,Benzenoids,Naphthalenes,,Naphthalenes,Aromatic homopolycyclic compounds
ORPVVAKYSXQCJI-UHFFFAOYSA-N,False,Organic compounds,Benzenoids,Benzene and substituted derivatives,Nitrobenzenes,Nitrobenzenes,Aromatic homomonocyclic compounds
HVQAJTFOCKOKIN-UHFFFAOYSA-N,False,Organic compounds,Phenylpropanoids and polyketides,Flavonoids,Flavones,Flavonols,Aromatic heteropolycyclic compounds
LMTGCJANOQOGPI-UHFFFAOYSA-N,False,Organic compounds,Benzenoids,Benzene and substituted derivatives,Anilides,Acetanilides,Aromatic homomonocyclic compounds
MNZMMCVIXORAQL-UHFFFAOYSA-N,False,Organic compounds,Benzenoids,Naphthalenes,Naphthols and derivatives,Naphthols and derivatives,Aromatic homopolycyclic compounds
PBOPJYORIDJAFE-UHFFFAOYSA-N,False,Organic compounds,Benzenoids,Benzene and substituted derivatives,Nitrobenzenes,Nitrobenzenes,Aromatic homomonocyclic compounds
VOIZNVUXCQLQHS-UHFFFAOYSA-N,False,Organic compounds,Benzenoids,Benzene and substituted derivatives,Benzoic acids and derivatives,Halobenzoic acids,Aromatic homomonocyclic compounds
FWIROFMBWVMWLB-UHFFFAOYSA-N,False,Organic compounds,Benzenoids,Benzene and substituted derivatives,Nitrobenzenes,Nitrobenzenes,Aromatic homomonocyclic compounds
TUXYZHVUPGXXQG-UHFFFAOYSA-N,False,Organic compounds,Benzenoids,Benzene and substituted derivatives,Benzoic acids and derivatives,Halobenzoic acids,Aromatic homomonocyclic compounds
XYZWMVYYUIMRIZ-UHFFFAOYSA-N,False,Organic compounds,Organic nitrogen compounds,Organonitrogen compounds,Amines,Dialkylarylamines,Aromatic homomonocyclic compounds
ZDFBKZUDCQQKAC-UHFFFAOYSA-N,False,Organic compounds,Benzenoids,Benzene and substituted derivatives,Nitrobenzenes,Nitrobenzenes,Aromatic homomonocyclic compounds
RGDPZMQZWZMONQ-UHFFFAOYSA-N,False,Organic compounds,Benzenoids,Benzene and substituted derivatives,Benzoic acids and derivatives,Acylaminobenzoic acid and derivatives,Aromatic homomonocyclic compounds
NIDWUZTTXGJFNN-UHFFFAOYSA-N,False,Organic compounds,Benzenoids,Phenol ethers,,Phenol ethers,Aromatic homomonocyclic compounds
DHYHYLGCQVVLOQ-UHFFFAOYSA-N,False,Organic compounds,Benzenoids,Benzene and substituted derivatives,Aniline and substituted anilines,Aniline and substituted anilines,Aromatic homomonocyclic compounds
MNOJRWOWILAHAV-UHFFFAOYSA-N,False,Organic compounds,Benzenoids,Phenols,Halophenols,M-bromophenols,Aromatic homomonocyclic compounds
CTMHWPIWNRWQEG-UHFFFAOYSA-N,False,Organic compounds,Hydrocarbons,Unsaturated hydrocarbons,Branched unsaturated hydrocarbons,Branched unsaturated hydrocarbons,Aliphatic homomonocyclic compounds
SNHMUERNLJLMHN-UHFFFAOYSA-N,False,Organic compounds,Benzenoids,Benzene and substituted derivatives,Halobenzenes,Iodobenzenes,Aromatic homomonocyclic compounds
ZGEGCLOFRBLKSE-UHFFFAOYSA-N,False,Organic compounds,Hydrocarbons,Unsaturated hydrocarbons,Unsaturated aliphatic hydrocarbons,Unsaturated aliphatic hydrocarbons,Aliphatic acyclic compounds
LIMQQADUEULBSO-UHFFFAOYSA-N,False,Organic compounds,Organosulfur compounds,Isothiocyanates,,Isothiocyanates,Aliphatic acyclic compounds
GBZANUMDJPCQHY-UHFFFAOYSA-L,False,Organic compounds,Organosulfur compounds,Thiocyanates,,Thiocyanates,
KFIRODWJCYBBHY-UHFFFAOYSA-N,False,Organic compounds,Benzenoids,Benzene and substituted derivatives,Benzoic acids and derivatives,Nitrobenzoic acids and derivatives,Aromatic homomonocyclic compounds
ICCYFVWQNFMENX-UHFFFAOYSA-N,False,Organic compounds,Benzenoids,Phenols,Nitrophenols,Nitrophenols,Aromatic homomonocyclic compounds
FFRBMBIXVSCUFS-UHFFFAOYSA-N,False,Organic compounds,Benzenoids,Naphthalenes,Nitronaphthalenes,Nitronaphthalenes,Aromatic homopolycyclic compounds
ABMFBCRYHDZLRD-UHFFFAOYSA-N,False,Organic compounds,Benzenoids,Naphthalenes,Naphthalenecarboxylic acids and derivatives,Naphthalenecarboxylic acids,Aromatic homopolycyclic compounds
HWFUMAYINFTNSZ-UHFFFAOYSA-N,False,Organic compounds,Benzenoids,Benzene and substituted derivatives,Nitrobenzenes,Nitrobenzaldehydes,Aromatic homomonocyclic compounds
BZQGAPWJKAYCHR-UHFFFAOYSA-N,False,Organic compounds,Benzenoids,Benzene and substituted derivatives,Diphenylmethanes,Diphenylmethanes,Aromatic homomonocyclic compounds
BRZYMGKDOVQJGX-UHFFFAOYSA-N,False,Organic compounds,Benzenoids,Benzene and substituted derivatives,Anilides,Acetanilides,Aromatic homomonocyclic compounds
YSOKMOXAGMIZFZ-UHFFFAOYSA-N,False,Organic compounds,Benzenoids,Benzene and substituted derivatives,Nitrobenzenes,Nitrophenyl ethers,Aromatic homomonocyclic compounds
MZDBQSFPAMTTIS-UHFFFAOYSA-N,False,Organic compounds,Benzenoids,Phenols,Nitrophenols,Nitrophenols,Aromatic homomonocyclic compounds
TURIHPLQSRVWHU-UHFFFAOYSA-N,False,Organic compounds,Benzenoids,Naphthalenes,Phenylnaphthalenes,Phenylnaphthalenes,Aromatic homopolycyclic compounds
GYMFBYTZOGMSQJ-UHFFFAOYSA-N,False,Organic compounds,Benzenoids,Anthracenes,,Anthracenes,Aromatic homopolycyclic compounds
RHDYQUZYHZWTCI-UHFFFAOYSA-N,False,Organic compounds,Benzenoids,Benzene and substituted derivatives,Biphenyls and derivatives,Biphenyls and derivatives,Aromatic homomonocyclic compounds
AOPBDRUWRLBSDB-UHFFFAOYSA-N,False,Organic compounds,Benzenoids,Benzene and substituted derivatives,Aniline and substituted anilines,2-bromoanilines,Aromatic homomonocyclic compounds
AJPXTSMULZANCB-UHFFFAOYSA-N,False,Organic compounds,Benzenoids,Phenols,"1,4-dihydroxy-2-halobenzenoids","1,4-dihydroxy-2-halobenzenoids",Aromatic homomonocyclic compounds
QFSYADJLNBHAKO-UHFFFAOYSA-N,False,Organic compounds,Organic oxygen compounds,Organooxygen compounds,Carbonyl compounds,P-benzoquinones,Aliphatic homomonocyclic compounds
RNABGKOKSBUFHW-UHFFFAOYSA-N,False,Organic compounds,Benzenoids,Benzene and substituted derivatives,Nitrobenzenes,Nitrobenzenes,Aromatic homomonocyclic compounds
XREKTVACBXQCSB-UHFFFAOYSA-N,False,Organic compounds,Benzenoids,Benzene and substituted derivatives,Benzoic acids and derivatives,Hydroxybenzoic acid derivatives,Aromatic homomonocyclic compounds
BOFRXDMCQRTGII-UHFFFAOYSA-N,False,Organic compounds,Benzenoids,Phenols,Nitrophenols,Nitrophenols,Aromatic homomonocyclic compounds
RUSAWEHOGCWOPG-UHFFFAOYSA-N,False,Organic compounds,Benzenoids,Benzene and substituted derivatives,Nitrobenzenes,Nitrobenzenes,Aromatic homomonocyclic compounds
LZXXNPOYQCLXRS-UHFFFAOYSA-N,False,Organic compounds,Benzenoids,Benzene and substituted derivatives,Benzoic acids and derivatives,Benzoic acid esters,Aromatic homomonocyclic compounds
NKJIFDNZPGLLSH-UHFFFAOYSA-N,False,Organic compounds,Benzenoids,Benzene and substituted derivatives,Nitrobenzenes,Nitrobenzenes,Aromatic homomonocyclic compounds
SHSGDXCJYVZFTP-UHFFFAOYSA-N,False,Organic compounds,Benzenoids,Benzene and substituted derivatives,Benzoic acids and derivatives,Benzoic acids,Aromatic homomonocyclic compounds
XMMRNCHTDONGRJ-UHFFFAOYSA-N,False,Organic compounds,Phenylpropanoids and polyketides,Cinnamic acids and derivatives,Cinnamic acids,Cinnamic acids,Aromatic homomonocyclic compounds
ZQUVDXMUKIVNOW-UHFFFAOYSA-N,False,Organic compounds,Benzenoids,Benzene and substituted derivatives,,Benzene and substituted derivatives,Aromatic homomonocyclic compounds
SIULLDWIXYYVCU-UHFFFAOYSA-N,False,Organic compounds,Benzenoids,Benzene and substituted derivatives,Anilides,P-haloacetanilides,Aromatic homomonocyclic compounds
LYSJUAWWUBVYCB-UHFFFAOYSA-N,False,Organic compounds,Benzenoids,Benzene and substituted derivatives,Anilides,Anilides,Aromatic homomonocyclic compounds
YRGAYAGBVIXNAQ-UHFFFAOYSA-N,False,Organic compounds,Benzenoids,Phenol ethers,Anisoles,Anisoles,Aromatic homomonocyclic compounds
GZXSDYYWLZERLF-UHFFFAOYSA-N,False,Organic compounds,Organic acids and derivatives,Carboxylic acids and derivatives,"Amino acids, peptides, and analogues",Carbamate esters,Aliphatic acyclic compounds
GMEHFXXZSWDEDB-UHFFFAOYSA-N,False,Organic compounds,Organosulfur compounds,Thioureas,,Thioureas,Aliphatic acyclic compounds
FFCSRWGYGMRBGD-UHFFFAOYSA-N,False,Organic compounds,Benzenoids,Benzene and substituted derivatives,Aniline and substituted anilines,Aniline and substituted anilines,Aromatic homomonocyclic compounds
FUCOMWZKWIEKRK-UHFFFAOYSA-N,False,Organic compounds,Organohalogen compounds,Alkyl halides,Cyclohexyl halides,Cyclohexyl halides,Aliphatic homomonocyclic compounds
FEYYOXFAQQJEIG-UHFFFAOYSA-N,False,Organic compounds,Organic oxygen compounds,Organooxygen compounds,,Organooxygen compounds,Aliphatic acyclic compounds
IPLKGJHGWCVSOG-UHFFFAOYSA-N,False,Organic compounds,Lipids and lipid-like molecules,Fatty Acyls,Fatty acids and conjugates,Halogenated fatty acids,Aliphatic acyclic compounds
ZFCFBWSVQWGOJJ-UHFFFAOYSA-N,False,Organic compounds,Organic nitrogen compounds,Organonitrogen compounds,Organic cyanides,Nitriles,Aliphatic acyclic compounds
LKNQXZAHNDFIQY-UHFFFAOYSA-N,False,Organic compounds,Organosulfur compounds,Thioamides,,Thioamides,Aliphatic acyclic compounds
AVQQQNCBBIEMEU-UHFFFAOYSA-N,False,Organic compounds,Organic acids and derivatives,Organic carbonic acids and derivatives,Ureas,Ureas,Aliphatic acyclic compounds
WZHHYIOUKQNLQM-UHFFFAOYSA-N,False,Organic compounds,Benzenoids,Benzene and substituted derivatives,Benzoic acids and derivatives,Halobenzoic acids,Aromatic homomonocyclic compounds
IFXKXCLVKQVVDI-UHFFFAOYSA-N,False,Organic compounds,Benzenoids,Benzene and substituted derivatives,Benzoic acids and derivatives,Aminobenzoic acids,Aromatic homomonocyclic compounds
QCKHVNQHBOGZER-UHFFFAOYSA-N,False,Organic compounds,Benzenoids,Benzene and substituted derivatives,Halobenzenes,Bromobenzenes,Aromatic homomonocyclic compounds
FBHKTSXMTASXFJ-UHFFFAOYSA-N,False,Organic compounds,Organic nitrogen compounds,Organonitrogen compounds,Amines,Dialkylarylamines,Aromatic homomonocyclic compounds
ITUYMTWJWYTELW-UHFFFAOYSA-N,False,Organic compounds,Organic oxygen compounds,Organooxygen compounds,Carbonyl compounds,Cyclic ketones,Aliphatic homomonocyclic compounds
PTIDGSWTMLSGAH-UHFFFAOYSA-N,False,Organic compounds,Organoheterocyclic compounds,Benzopyrans,1-benzopyrans,"2,2-dimethyl-1-benzopyrans",Aromatic heteropolycyclic compounds
MFEILWXBDBCWKF-UHFFFAOYSA-N,False,Organic compounds,Benzenoids,Benzene and substituted derivatives,,Benzene and substituted derivatives,Aromatic homomonocyclic compounds
VCXUFKFNLUTDAX-UHFFFAOYSA-N,False,Organic compounds,Organic acids and derivatives,Carboxylic acids and derivatives,Dicarboxylic acids and derivatives,Dicarboxylic acids and derivatives,Aliphatic acyclic compounds
RKYMVQJWYYOIJB-UHFFFAOYSA-N,False,Organic compounds,Organosulfur compounds,Thioethers,Dialkylthioethers,Dialkylthioethers,Aliphatic acyclic compounds
IPRCBIWIPMJXIK-UHFFFAOYSA-N,False,Organic compounds,Benzenoids,Benzene and substituted derivatives,N-phenylureas,N-phenylureas,Aromatic homomonocyclic compounds
DMZRCHJVWAKCAX-UHFFFAOYSA-N,False,Organic compounds,Organohalogen compounds,Vinyl halides,Vinyl chlorides,Vinyl chlorides,Aliphatic homomonocyclic compounds
JEKYMVBQWWZVHO-UHFFFAOYSA-N,False,Organic compounds,Organohalogen compounds,Organochlorides,,Organochlorides,Aliphatic acyclic compounds
QGRPVMLBTFGQDQ-UHFFFAOYSA-N,False,Organic compounds,Benzenoids,Phenol ethers,Anisoles,Anisoles,Aromatic homomonocyclic compounds
XTBLDMQMUSHDEN-UHFFFAOYSA-N,False,Organic compounds,Benzenoids,Naphthalenes,,Naphthalenes,Aromatic homopolycyclic compounds
CPGPAVAKSZHMBP-UHFFFAOYSA-N,False,Organic compounds,Benzenoids,Anthracenes,,Anthracenes,Aromatic homopolycyclic compounds
DCTOHCCUXLBQMS-UHFFFAOYSA-N,False,Organic compounds,Hydrocarbons,Unsaturated hydrocarbons,Unsaturated aliphatic hydrocarbons,Unsaturated aliphatic hydrocarbons,Aliphatic acyclic compounds
IGARGHRYKHJQSM-UHFFFAOYSA-N,False,Organic compounds,Benzenoids,Benzene and substituted derivatives,,Benzene and substituted derivatives,Aromatic homomonocyclic compounds
QAUUDNIGJSLPSX-UHFFFAOYSA-N,False,Organic compounds,Benzenoids,Phenol esters,,Phenol esters,Aromatic homomonocyclic compounds
GOLXRNDWAUTYKT-UHFFFAOYSA-N,False,Organic compounds,Organoheterocyclic compounds,Indoles and derivatives,Indolyl carboxylic acids and derivatives,Indolyl carboxylic acids and derivatives,Aromatic heteropolycyclic compounds
IEXIPYCHASVPFD-UHFFFAOYSA-L,False,Organic compounds,Benzenoids,Naphthalenes,Naphthalene sulfonic acids and derivatives,2-naphthalene sulfonates,Aromatic homopolycyclic compounds
ULIKDJVNUXNQHS-UHFFFAOYSA-N,False,Organic compounds,Organosulfur compounds,Allyl sulfur compounds,,Allyl sulfur compounds,Aliphatic acyclic compounds
BGUWFUQJCDRPTL-UHFFFAOYSA-N,False,Organic compounds,Organoheterocyclic compounds,Pyridines and derivatives,Pyridine carboxaldehydes,Pyridine carboxaldehydes,Aromatic heteromonocyclic compounds
JLRJWBUSTKIQQH-UHFFFAOYSA-K,False,Organic compounds,Organic acids and derivatives,Carboxylic acids and derivatives,Carboxylic acids,Carboxylic acids,
XSXYESVZDBAKKT-UHFFFAOYSA-N,False,Organic compounds,Benzenoids,Benzene and substituted derivatives,Benzoic acids and derivatives,Salicylamides,Aromatic homomonocyclic compounds
CCBICDLNWJRFPO-UHFFFAOYSA-N,False,Organic compounds,Organic nitrogen compounds,Organonitrogen compounds,Quinonimines,P-quinonimines,Aromatic homomonocyclic compounds
RHTVQEPJVKUMPI-UHFFFAOYSA-N,False,Organic compounds,Benzenoids,Benzene and substituted derivatives,Aniline and substituted anilines,Dinitroanilines,Aromatic homomonocyclic compounds
ISOLMABRZPQKOV-UHFFFAOYSA-N,False,Organic compounds,Organic acids and derivatives,Carboxylic acids and derivatives,"Amino acids, peptides, and analogues",N-acyl-alpha amino acids and derivatives,Aliphatic acyclic compounds
QENIALCDPFDFHX-UHFFFAOYSA-N,False,Organic compounds,Benzenoids,Benzene and substituted derivatives,Xylenes,p-Xylenes,Aromatic homomonocyclic compounds
AFWKBSMFXWNGRE-UHFFFAOYSA-N,False,Organic compounds,Phenylpropanoids and polyketides,Cinnamic acids and derivatives,Hydroxycinnamic acids and derivatives,Hydroxycinnamic acids and derivatives,Aromatic homomonocyclic compounds
LAWOZCWGWDVVSG-UHFFFAOYSA-N,False,Organic compounds,Organic nitrogen compounds,Organonitrogen compounds,Amines,Dialkylamines,Aliphatic acyclic compounds
CSDSSGBPEUDDEE-UHFFFAOYSA-N,False,Organic compounds,Organoheterocyclic compounds,Pyridines and derivatives,Pyridine carboxaldehydes,Pyridine carboxaldehydes,Aromatic heteromonocyclic compounds
AGULWIQIYWWFBJ-UHFFFAOYSA-N,False,Organic compounds,Organoheterocyclic compounds,Dihydrofurans,Furanones,Butenolides,Aliphatic heteromonocyclic compounds
MZSJGCPBOVTKHR-UHFFFAOYSA-N,False,Organic compounds,Organosulfur compounds,Isothiocyanates,,Isothiocyanates,Aliphatic homomonocyclic compounds
FIOJWGRGPONADF-UHFFFAOYSA-N,False,Organic compounds,Benzenoids,Benzene and substituted derivatives,,Benzene and substituted derivatives,Aromatic homomonocyclic compounds
ZDWSNKPLZUXBPE-UHFFFAOYSA-N,False,Organic compounds,Benzenoids,Benzene and substituted derivatives,Phenylpropanes,Phenylpropanes,Aromatic homomonocyclic compounds
NXCKJENHTITELM-UHFFFAOYSA-N,False,Organic compounds,Benzenoids,Benzene and substituted derivatives,Nitrobenzenes,Nitrobenzenes,Aromatic homomonocyclic compounds
SMTOKHQOVJRXLK-UHFFFAOYSA-N,False,Organic compounds,Organosulfur compounds,Thiols,Alkylthiols,Alkylthiols,Aliphatic acyclic compounds
ZZTJMQPRKBNGNX-UHFFFAOYSA-N,False,Organic compounds,Organosulfur compounds,Thioethers,Aryl thioethers,Diarylthioethers,Aromatic homomonocyclic compounds
YNANGXWUZWWFKX-UHFFFAOYSA-N,False,Organic compounds,Phenylpropanoids and polyketides,Stilbenes,,Stilbenes,Aromatic homomonocyclic compounds
ZVEZMVFBMOOHAT-UHFFFAOYSA-N,False,Organic compounds,Organosulfur compounds,Thiols,Alkylthiols,Alkylthiols,Aliphatic acyclic compounds
AEDQNOLIADXSBB-UHFFFAOYSA-N,False,Organic compounds,Organic acids and derivatives,Carboxylic acids and derivatives,"Amino acids, peptides, and analogues",Beta amino acids and derivatives,Aliphatic acyclic compounds
KATOLVAXCGIBLO-UHFFFAOYSA-N,False,Organic compounds,Benzenoids,Benzene and substituted derivatives,,Benzene and substituted derivatives,Aromatic homomonocyclic compounds
GMEGXJPUFRVCPX-UHFFFAOYSA-N,False,Organic compounds,Organosulfur compounds,Thioureas,,Thioureas,Aliphatic acyclic compounds
WJQZZLQMLJPKQH-UHFFFAOYSA-N,False,Organic compounds,Benzenoids,Benzene and substituted derivatives,Halobenzenes,Dichlorobenzenes,Aromatic homomonocyclic compounds
JOLVAGIWTVZCNF-UHFFFAOYSA-N,False,Organic compounds,Benzenoids,Benzene and substituted derivatives,Halobenzenes,Chlorobenzenes,Aromatic homomonocyclic compounds
YMIKUHVSRFHPOP-UHFFFAOYSA-N,False,Organic compounds,Organoheterocyclic compounds,Quinolines and derivatives,,Quinolines and derivatives,Aromatic heteropolycyclic compounds
XWCIICLTKWRWCI-UHFFFAOYSA-N,False,Organic compounds,Organic oxygen compounds,Organooxygen compounds,Carbonyl compounds,Alkyl-phenylketones,Aromatic homomonocyclic compounds
DJNJZIFFCJTUDS-UHFFFAOYSA-N,False,Organic compounds,Organic oxygen compounds,Organooxygen compounds,Carbonyl compounds,Alkyl-phenylketones,Aromatic homomonocyclic compounds
YJFNFQHMQJCPRG-UHFFFAOYSA-N,False,Organic compounds,Organic oxygen compounds,Organooxygen compounds,Carbonyl compounds,Alkyl-phenylketones,Aromatic homomonocyclic compounds
BBWPEJUNPNPWJI-UHFFFAOYSA-L,False,Organic compounds,Benzenoids,Naphthalenes,Naphthalene sulfonic acids and derivatives,2-naphthalene sulfonates,Aromatic homopolycyclic compounds
ALGQVMMYDWQDEC-UHFFFAOYSA-N,False,Organic compounds,Phenylpropanoids and polyketides,Cinnamaldehydes,,Cinnamaldehydes,Aromatic homomonocyclic compounds
HAKMAMKAFTZXOZ-UHFFFAOYSA-N,False,Organic compounds,Organic acids and derivatives,Organic phosphonic acids and derivatives,Phosphonic acid diesters,Phosphonic acid diesters,Aromatic homomonocyclic compounds
LRMDXTVKVHKWEK-UHFFFAOYSA-N,False,Organic compounds,Benzenoids,Anthracenes,Anthraquinones,2-aminoanthraquinones,Aromatic homopolycyclic compounds
GVBHCMNXRKOJRH-UHFFFAOYSA-N,False,Organic compounds,Organoheterocyclic compounds,Diazines,Pyrimidines and pyrimidine derivatives,2-halopyrimidines,Aromatic heteromonocyclic compounds
JXMYUMNAEKRMIP-UHFFFAOYSA-N,False,Organic compounds,Benzenoids,Benzene and substituted derivatives,Nitrobenzenes,Nitrobenzenes,Aromatic homomonocyclic compounds
GEGSSUSEWOHAFE-UHFFFAOYSA-N,False,Organic compounds,Benzenoids,Phenol ethers,,Phenol ethers,Aromatic homomonocyclic compounds
HFEASCCDHUVYKU-UHFFFAOYSA-N,False,Organic compounds,Benzenoids,Benzene and substituted derivatives,Halobenzenes,Dichlorobenzenes,Aromatic homomonocyclic compounds
KZLMCDNAVVJKPX-UHFFFAOYSA-N,False,Organic compounds,Benzenoids,Benzene and substituted derivatives,Halobenzenes,Dichlorobenzenes,Aromatic homomonocyclic compounds
DESADCWXGJLRSR-UHFFFAOYSA-N,False,Organic compounds,Benzenoids,Benzene and substituted derivatives,Nitrobenzenes,Nitrobenzenes,Aromatic homomonocyclic compounds
HVLJEMXDXOTWLV-UHFFFAOYSA-N,False,Organic compounds,Benzenoids,Naphthalenes,Naphthols and derivatives,Naphthols and derivatives,Aromatic homopolycyclic compounds
CDKDZKXSXLNROY-UHFFFAOYSA-N,False,Organic compounds,Benzenoids,Benzene and substituted derivatives,,Benzene and substituted derivatives,Aromatic homomonocyclic compounds
IFYLVUHLOOCYBG-UHFFFAOYSA-N,False,Organic compounds,Organic nitrogen compounds,Organonitrogen compounds,Amines,Aralkylamines,Aromatic homomonocyclic compounds
PFYAMVWLZDZJOQ-UHFFFAOYSA-M,False,Organic compounds,Organic acids and derivatives,Carboxylic acids and derivatives,Alpha-halocarboxylic acids and derivatives,Alpha-halocarboxylic acids,Aliphatic acyclic compounds
BSMJHJAWPFPTKW-UHFFFAOYSA-N,False,Organic compounds,Benzenoids,Benzene and substituted derivatives,Phenylcarbamic acid esters,Phenylcarbamic acid esters,Aromatic homomonocyclic compounds
JBXULKRNHAQMAS-UHFFFAOYSA-N,False,Organic compounds,Benzenoids,Naphthalenes,,Naphthalenes,Aromatic homopolycyclic compounds
UPHOPMSGKZNELG-UHFFFAOYSA-N,False,Organic compounds,Benzenoids,Naphthalenes,Naphthalenecarboxylic acids and derivatives,Naphthalenecarboxylic acids,Aromatic homopolycyclic compounds
SZWBRVPZWJYIHI-UHFFFAOYSA-N,False,Organic compounds,Benzenoids,Phenols,1-hydroxy-2-unsubstituted benzenoids,1-hydroxy-2-unsubstituted benzenoids,Aromatic homomonocyclic compounds
CYNFEPKQDJHIMV-UHFFFAOYSA-N,False,Organic compounds,Organic oxygen compounds,Organooxygen compounds,Carbonyl compounds,Alkyl-phenylketones,Aromatic homomonocyclic compounds
QUEKGYQTRJVEQC-UHFFFAOYSA-N,False,Organic compounds,Benzenoids,Benzene and substituted derivatives,Benzoic acids and derivatives,Nitrobenzoic acids and derivatives,Aromatic homomonocyclic compounds
JPZYXGPCHFZBHO-UHFFFAOYSA-N,False,Organic compounds,Organic nitrogen compounds,Organonitrogen compounds,Amines,Monoalkylamines,Aliphatic acyclic compounds
QQLILYBIARWEIF-UHFFFAOYSA-N,False,Organic compounds,Organosulfur compounds,Sulfonyls,Sulfones,Sulfones,Aliphatic acyclic compounds
PIIZYNQECPTVEO-UHFFFAOYSA-N,False,Organic compounds,Benzenoids,Phenols,Nitrophenols,Nitrophenols,Aromatic homomonocyclic compounds
WWYDYZMNFQIYPT-UHFFFAOYSA-N,False,Organic compounds,Benzenoids,Benzene and substituted derivatives,,Benzene and substituted derivatives,Aromatic homomonocyclic compounds
IWTYTFSSTWXZFU-UHFFFAOYSA-N,False,Organic compounds,Benzenoids,Benzene and substituted derivatives,Styrenes,Styrenes,Aromatic homomonocyclic compounds
NMFFUUFPJJOWHK-UHFFFAOYSA-N,False,Organic compounds,Benzenoids,Benzene and substituted derivatives,Diphenylethers,Diphenylethers,Aromatic homomonocyclic compounds
LOXRGHGHQYWXJK-UHFFFAOYSA-N,False,Organic compounds,Organosulfur compounds,Thioethers,Dialkylthioethers,Dialkylthioethers,Aliphatic acyclic compounds
CXZGQIAOTKWCDB-UHFFFAOYSA-N,True,Organic compounds,Organohalogen compounds,Alkyl halides,Alkyl fluorides,Perfluoroalkyl carboxylic acid and derivatives,Aliphatic acyclic compounds
YIBBMDDEXKBIAM-UHFFFAOYSA-M,False,Organic compounds,Organic salts,Organic metal salts,Organic alkali metal salts,Organic alkali metal salts,Aliphatic acyclic compounds
XPKSVCWBMBPUPE-UHFFFAOYSA-N,False,Organic compounds,Organoheterocyclic compounds,Indoles and derivatives,Carbazoles,Carbazoles,Aromatic heteropolycyclic compounds
YUKILTJWFRTXGB-UHFFFAOYSA-N,False,Organic compounds,Benzenoids,Phenol ethers,Anisoles,Anisoles,Aromatic homomonocyclic compounds
UYCAUPASBSROMS-UHFFFAOYSA-M,True,Organic compounds,Organic acids and derivatives,Carboxylic acids and derivatives,Alpha-halocarboxylic acids and derivatives,Alpha-halocarboxylic acids,Aliphatic acyclic compounds
MXTPRJXPLFGHEE-UHFFFAOYSA-N,False,Organic compounds,Organic acids and derivatives,Organic thiosulfuric acids and derivatives,S-alkyl thiosulfates,S-alkyl thiosulfates,Aliphatic acyclic compounds
FPODCVUTIPDRTE-UHFFFAOYSA-N,False,Organic compounds,Lipids and lipid-like molecules,Fatty Acyls,Fatty acid esters,Fatty acid esters,Aliphatic acyclic compounds
DWHIUNMOTRUVPG-UHFFFAOYSA-N,False,Organic compounds,Organic oxygen compounds,Organooxygen compounds,Ethers,Polyethylene glycols,Aliphatic acyclic compounds
NUVBFTZPEYQYGI-UHFFFAOYSA-N,False,Organic compounds,Lipids and lipid-like molecules,Fatty Acyls,Fatty acid esters,Fatty acid esters,Aliphatic acyclic compounds
ZCIFWRHIEBXBOY-UHFFFAOYSA-N,False,Organic compounds,Organoheterocyclic compounds,Pyridines and derivatives,Pyridinecarboxylic acids and derivatives,Pyridinecarboxylic acids,Aromatic heteromonocyclic compounds
IZLVFLOBTPURLP-UHFFFAOYSA-N,False,Organic compounds,Benzenoids,Benzene and substituted derivatives,Nitrobenzenes,Nitrophenyl ethers,Aromatic homomonocyclic compounds
WQYFETFRIRDUPJ-UHFFFAOYSA-N,False,Organic compounds,Organosulfur compounds,Thioethers,Aryl thioethers,Diarylthioethers,Aromatic homomonocyclic compounds
GFFGYTMCNVMFAJ-UHFFFAOYSA-N,False,Organic compounds,Benzenoids,Benzene and substituted derivatives,Nitrobenzenes,Nitrobenzenes,Aromatic homomonocyclic compounds
JHOKTNSTUVKGJC-UHFFFAOYSA-N,False,Organic compounds,Lipids and lipid-like molecules,Fatty Acyls,Fatty amides,N-acyl amines,Aliphatic acyclic compounds
IUDMXOOVKMKODN-UHFFFAOYSA-N,False,Organic compounds,Organic nitrogen compounds,Organonitrogen compounds,Amines,Monoalkylamines,Aliphatic homomonocyclic compounds
DLIZJCBWTRNYKF-UHFFFAOYSA-N,False,Organic compounds,Organoheterocyclic compounds,Imidolactams,,Imidolactams,Aliphatic heteromonocyclic compounds
VTZDSNBPOOWJST-UHFFFAOYSA-N,False,Organic compounds,Organic nitrogen compounds,Organonitrogen compounds,Amines,"1,2-aminoalcohols",
MWFLUYFYHANMCM-UHFFFAOYSA-N,False,Organic compounds,Organoheterocyclic compounds,Isoindoles and derivatives,Isoindolines,Phthalimides,Aromatic heteropolycyclic compounds
LSLSVVJPMABPLC-UHFFFAOYSA-L,False,Organic compounds,Lipids and lipid-like molecules,Fatty Acyls,Fatty acids and conjugates,Fatty acids and conjugates,
GTQHJCOHNAFHRE-UHFFFAOYSA-N,False,Organic compounds,Organohalogen compounds,Organobromides,,Organobromides,Aliphatic acyclic compounds
JXMLAPZRDDWRRV-UHFFFAOYSA-N,False,Organic compounds,Organic acids and derivatives,Carboxylic acids and derivatives,Hydrazinecarboxylic acids and derivatives,Hydrazinecarboxylic acid esters,Aliphatic acyclic compounds
KAJZYANLDWUIES-UHFFFAOYSA-N,False,Organic compounds,Organic nitrogen compounds,Organonitrogen compounds,Amines,Monoalkylamines,Aliphatic acyclic compounds
NVRVNSHHLPQGCU-UHFFFAOYSA-N,False,Organic compounds,Lipids and lipid-like molecules,Fatty Acyls,Fatty acids and conjugates,Medium-chain fatty acids,Aliphatic acyclic compounds
RCPUUVXIUIWMEE-UHFFFAOYSA-N,False,Organic compounds,Organosulfur compounds,Thioethers,Aryl thioethers,Diarylthioethers,Aromatic heteropolycyclic compounds
VIYFPAMJCJLZKD-UHFFFAOYSA-L,False,Organic compounds,Organic acids and derivatives,Organic phosphoric acids and derivatives,Phosphate esters,Phenyl phosphates,Aromatic homomonocyclic compounds
HCTISZQLTGAYOX-UHFFFAOYSA-N,False,Organic compounds,"Organic 1,3-dipolar compounds","Allyl-type 1,3-dipolar organic compounds",Organic nitro compounds,Nitroaromatic compounds,Aromatic heteromonocyclic compounds
UVZMNGNFERVGRC-UHFFFAOYSA-N,False,Organic compounds,Lipids and lipid-like molecules,Fatty Acyls,Fatty acids and conjugates,Fatty acids and conjugates,Aliphatic homomonocyclic compounds
DKEGCUDAFWNSSO-UHFFFAOYSA-N,False,Organic compounds,Organohalogen compounds,Organobromides,,Organobromides,Aliphatic acyclic compounds
DGLIOWSKNOCHEX-UHFFFAOYSA-N,False,Organic compounds,Organic nitrogen compounds,Organonitrogen compounds,Amines,Aralkylamines,Aromatic heteromonocyclic compounds
DUHQIGLHYXLKAE-UHFFFAOYSA-N,False,Organic compounds,Lipids and lipid-like molecules,Fatty Acyls,Fatty acids and conjugates,Methyl-branched fatty acids,Aliphatic acyclic compounds
MOIJZWWOFOQFMH-UHFFFAOYSA-M,False,Organic compounds,Benzenoids,Benzene and substituted derivatives,Benzoic acids and derivatives,Hydroxybenzoic acid derivatives,Aromatic homomonocyclic compounds
LJOODBDWMQKMFB-UHFFFAOYSA-N,False,Organic compounds,Organic acids and derivatives,Carboxylic acids and derivatives,Carboxylic acids,Carboxylic acids,Aliphatic homomonocyclic compounds
UAWMVMPAYRWUFX-UHFFFAOYSA-N,False,Organic compounds,Organoheterocyclic compounds,Pyridines and derivatives,Pyridinecarboxylic acids and derivatives,Pyridinecarboxylic acids,Aromatic heteromonocyclic compounds
CVYDEWKUJFCYJO-UHFFFAOYSA-M,False,Organic compounds,Lipids and lipid-like molecules,Fatty Acyls,Fatty acids and conjugates,Very long-chain fatty acids,Aliphatic acyclic compounds
ACVHLWLOORYJEE-UHFFFAOYSA-N,False,Organic compounds,Benzenoids,Benzene and substituted derivatives,Benzoic acids and derivatives,Benzoic acid esters,Aromatic homomonocyclic compounds
KPIVDNYJNOPGBE-UHFFFAOYSA-N,False,Organic compounds,Organoheterocyclic compounds,Pyridines and derivatives,Pyridinecarboxylic acids and derivatives,Pyridinecarboxylic acids,Aromatic heteromonocyclic compounds
DTYGTEGDVPAKDA-UHFFFAOYSA-N,False,Organic compounds,Benzenoids,Benzene and substituted derivatives,,Benzene and substituted derivatives,Aromatic homomonocyclic compounds
UUGLSEIATNSHRI-UHFFFAOYSA-N,False,Organic compounds,Organoheterocyclic compounds,Azolidines,Imidazolidines,Imidazolidinones,Aliphatic heteropolycyclic compounds
MCUPBIBNSTXCPQ-UHFFFAOYSA-N,False,Organic compounds,Benzenoids,Benzene and substituted derivatives,Phenylpropanes,Phenylpropanes,Aromatic homomonocyclic compounds
FOZVXADQAHVUSV-UHFFFAOYSA-N,False,Organic compounds,Organic oxygen compounds,Organooxygen compounds,Ethers,Dialkyl ethers,Aliphatic acyclic compounds
BLMWHISHMGJKFX-UHFFFAOYSA-N,False,Organic compounds,Organic nitrogen compounds,Organonitrogen compounds,Hydrazines and derivatives,Aldazines,Aromatic heteromonocyclic compounds
HETQJCLNYNEHRE-UHFFFAOYSA-N,False,Organic compounds,Benzenoids,Benzene and substituted derivatives,Phenethylamines,Phenethylamines,
KLAMVBJBHNQYSB-UHFFFAOYSA-N,False,Organic compounds,Organic oxygen compounds,Organooxygen compounds,Carbonyl compounds,Alkyl-phenylketones,Aromatic homomonocyclic compounds
XFXOLBNQYFRSLQ-UHFFFAOYSA-N,False,Organic compounds,Benzenoids,Naphthalenes,Naphthalenecarboxylic acids and derivatives,Naphthalenecarboxylic acids,Aromatic homopolycyclic compounds
KIWBRXCOTCXSSZ-UHFFFAOYSA-N,False,Organic compounds,Organic acids and derivatives,Organic carbonic acids and derivatives,,Organic carbonic acids and derivatives,Aliphatic acyclic compounds
NMTGSDIMWJJCNO-UHFFFAOYSA-N,False,Organic compounds,Organoheterocyclic compounds,Azobenzenes,,Azobenzenes,Aromatic homomonocyclic compounds
TXTCTCUXLQYGLA-UHFFFAOYSA-L,False,Organic compounds,Organic acids and derivatives,Carboxylic acids and derivatives,Acrylic acids and derivatives,Acrylic acids,
KDKIQPRSLMHYNN-UHFFFAOYSA-N,False,Organic compounds,Benzenoids,Benzene and substituted derivatives,Phenoxyacetic acid derivatives,Chlorophenoxyacetates,
WYBOEVJIVYIEJL-UHFFFAOYSA-N,False,Organic compounds,Benzenoids,Benzene and substituted derivatives,Diphenylmethanes,Bisphenols,Aromatic homomonocyclic compounds
YZUPZGFPHUVJKC-UHFFFAOYSA-N,False,Organic compounds,Organic oxygen compounds,Organooxygen compounds,Ethers,Dialkyl ethers,Aliphatic acyclic compounds
JEASLLCHQHBBGM-UHFFFAOYSA-N,False,Organic compounds,Benzenoids,Phenols,Cresols,Para cresols,Aromatic homomonocyclic compounds
SBEMOANGDSSPJY-UHFFFAOYSA-N,False,Organic compounds,Organometallic compounds,Organometalloid compounds,Organosilicon compounds,Trialkylheterosilanes,Aliphatic homomonocyclic compounds
SEWQUYBTRMDUQS-UHFFFAOYSA-N,False,Organic compounds,Lipids and lipid-like molecules,Fatty Acyls,Fatty acid esters,Fatty acid esters,Aliphatic acyclic compounds
RKEXPBCMGJAOLM-UHFFFAOYSA-N,False,Organic compounds,Benzenoids,Benzene and substituted derivatives,Phenylacetamides,Phenylacetamides,Aromatic homomonocyclic compounds
PCHJSUWPFVWCPO-UHFFFAOYSA-N,False,Inorganic compounds,Homogeneous metal compounds,Homogeneous transition metal compounds,,Homogeneous transition metal compounds,
LEIMLDGFXIOXMT-UHFFFAOYSA-N,False,Organic compounds,Organometallic compounds,Organometalloid compounds,Organosilicon compounds,Trialkylsilanes,Aliphatic acyclic compounds
WYQQGYULUDOPRU-UHFFFAOYSA-M,False,Organic compounds,Benzenoids,Benzene and substituted derivatives,Halobenzenes,Chlorobenzenes,Aromatic homomonocyclic compounds
LRXTYHSAJDENHV-UHFFFAOYSA-H,False,Inorganic compounds,Mixed metal/non-metal compounds,Transition metal oxoanionic compounds,Transition metal phosphates,Transition metal phosphates,
DOBUSJIVSSJEDA-UHFFFAOYSA-L,False,Inorganic compounds,Mixed metal/non-metal compounds,Transition metal oxoanionic compounds,Transition metal sulfates,Transition metal sulfates,
XMXNVYPJWBTAHN-UHFFFAOYSA-N,False,Inorganic compounds,Mixed metal/non-metal compounds,Miscellaneous mixed metal/non-metals,Miscellaneous metallic oxoanionic compounds,Miscellaneous chromates,
FGDZQCVHDSGLHJ-UHFFFAOYSA-M,False,Inorganic compounds,Mixed metal/non-metal compounds,Alkali metal salts,Alkali metal chlorides,Alkali metal chlorides,
CLSUSRZJUQMOHH-UHFFFAOYSA-L,False,Inorganic compounds,Mixed metal/non-metal compounds,Transition metal salts,Transition metal chlorides,Transition metal chlorides,
UDWXLZLRRVQONG-UHFFFAOYSA-M,False,Organic compounds,Lipids and lipid-like molecules,Fatty Acyls,Fatty acids and conjugates,Medium-chain fatty acids,Aliphatic acyclic compounds
UFMZWBIQTDUYBN-UHFFFAOYSA-N,False,Inorganic compounds,Mixed metal/non-metal compounds,Transition metal oxoanionic compounds,Transition metal nitrates,Transition metal nitrates,
PQUCIEFHOVEZAU-UHFFFAOYSA-N,False,Inorganic compounds,Homogeneous non-metal compounds,Non-metal oxoanionic compounds,Non-metal sulfites,Non-metal sulfites,
JXOSPTBRSOYXGC-UHFFFAOYSA-N,False,Organic compounds,Organohalogen compounds,Organoiodides,,Organoiodides,Aliphatic acyclic compounds
YYKBLDCLPBWOOE-UHFFFAOYSA-N,False,Organic compounds,Benzenoids,Benzene and substituted derivatives,Benzoic acids and derivatives,o-Hydroxybenzoic acid esters,Aromatic homomonocyclic compounds
AYFCVLSUPGCQKD-UHFFFAOYSA-I,False,Organic compounds,Organic acids and derivatives,Carboxylic acids and derivatives,Pentacarboxylic acids and derivatives,Pentacarboxylic acids and derivatives,Aliphatic acyclic compounds
JFOZPCWVLIBFCH-UHFFFAOYSA-M,False,Organic compounds,Benzenoids,Benzene and substituted derivatives,,Benzene and substituted derivatives,Aromatic homomonocyclic compounds
VSSMQLIMSVAUDK-UHFFFAOYSA-L,False,Organic compounds,Organoheterocyclic compounds,Azobenzenes,,Azobenzenes,Aromatic homomonocyclic compounds
MNMNLAJIXJLHNP-UHFFFAOYSA-N,False,Organic compounds,Benzenoids,Benzene and substituted derivatives,Nitrobenzenes,Nitrophenyl ethers,Aromatic homomonocyclic compounds
PDTKOBRZPAIMRD-UHFFFAOYSA-O,False,Inorganic compounds,Mixed metal/non-metal compounds,Metalloid salts,Metalloid fluorides,Metalloid fluorides,
QLTKZXWDJGMCAR-UHFFFAOYSA-N,False,Inorganic compounds,Mixed metal/non-metal compounds,Transition metal oxoanionic compounds,Transition metal tungstates,Transition metal tungstates,
JKJWYKGYGWOAHT-UHFFFAOYSA-N,False,Organic compounds,Organic acids and derivatives,Organic carbonic acids and derivatives,Carbonic acid diesters,Carbonic acid diesters,Aliphatic acyclic compounds
YAPAEYFBLRVUMH-UHFFFAOYSA-N,False,Organic compounds,Benzenoids,Benzene and substituted derivatives,Nitrobenzenes,Nitrophenyl ethers,Aromatic homomonocyclic compounds
VQNVZLDDLJBKNS-UHFFFAOYSA-N,False,Organic compounds,Organic nitrogen compounds,Organonitrogen compounds,Guanidines,Guanidines,Aliphatic acyclic compounds
VIONGDJUYAYOPU-UHFFFAOYSA-N,True,Organic compounds,Organic acids and derivatives,Organic sulfonic acids and derivatives,Organosulfonic acids and derivatives,Organosulfonic acids,Aliphatic acyclic compounds
FQQBAHSCHMASLR-UHFFFAOYSA-N,False,Organic compounds,Organic oxygen compounds,Organooxygen compounds,Ethers,Dialkyl ethers,Aliphatic acyclic compounds
CYSGHNMQYZDMIA-UHFFFAOYSA-N,False,Organic compounds,Organoheterocyclic compounds,Azolidines,Imidazolidines,Imidazolidinones,Aliphatic heteromonocyclic compounds
XKVUYEYANWFIJX-UHFFFAOYSA-N,False,Organic compounds,Organoheterocyclic compounds,Azoles,Pyrazoles,Pyrazoles,Aromatic heteromonocyclic compounds
VGVIKVCCUATMNG-UHFFFAOYSA-N,False,Organic compounds,Benzenoids,Benzene and substituted derivatives,Biphenyls and derivatives,Polychlorinated biphenyls,Aromatic homomonocyclic compounds
VAHKBZSAUKPEOV-UHFFFAOYSA-N,False,Organic compounds,Benzenoids,Benzene and substituted derivatives,Biphenyls and derivatives,Polychlorinated biphenyls,Aromatic homomonocyclic compounds
RMPWIIKNWPVWNG-UHFFFAOYSA-N,False,Organic compounds,Benzenoids,Benzene and substituted derivatives,Biphenyls and derivatives,Polychlorinated biphenyls,Aromatic homomonocyclic compounds
DCMURXAZTZQAFB-UHFFFAOYSA-N,False,Organic compounds,Benzenoids,Benzene and substituted derivatives,Biphenyls and derivatives,Polychlorinated biphenyls,Aromatic homomonocyclic compounds
RKUAZJIXKHPFRK-UHFFFAOYSA-N,False,Organic compounds,Benzenoids,Benzene and substituted derivatives,Biphenyls and derivatives,Polychlorinated biphenyls,Aromatic homomonocyclic compounds
NISLLQUWIJASOV-UHFFFAOYSA-N,False,Organic compounds,Benzenoids,Benzene and substituted derivatives,Benzoic acids and derivatives,Benzoic acids and derivatives,Aromatic homomonocyclic compounds
WCVOGSZTONGSQY-UHFFFAOYSA-N,False,Organic compounds,Benzenoids,Phenol ethers,Anisoles,Anisoles,Aromatic homomonocyclic compounds
VAMBUGIXOVLJEA-UHFFFAOYSA-N,False,Organic compounds,Organic nitrogen compounds,Organonitrogen compounds,Amines,Phenylalkylamines,Aromatic homomonocyclic compounds
CHVJITGCYZJHLR-UHFFFAOYSA-N,False,Organic compounds,Hydrocarbons,Unsaturated hydrocarbons,Olefins,Cycloalkenes,Aliphatic homomonocyclic compounds
SXWIAEOZZQADEY-UHFFFAOYSA-N,False,Organic compounds,Benzenoids,Benzene and substituted derivatives,Biphenyls and derivatives,Biphenyls and derivatives,Aromatic homomonocyclic compounds
BVJSUAQZOZWCKN-UHFFFAOYSA-N,False,Organic compounds,Benzenoids,Benzene and substituted derivatives,Benzyl alcohols,Benzyl alcohols,Aromatic homomonocyclic compounds
PTHGDVCPCZKZKR-UHFFFAOYSA-N,False,Organic compounds,Benzenoids,Benzene and substituted derivatives,Benzyl alcohols,Benzyl alcohols,Aromatic homomonocyclic compounds
MCMFEZDRQOJKMN-UHFFFAOYSA-N,False,Organic compounds,Organoheterocyclic compounds,Azoles,Imidazoles,N-substituted imidazoles,Aromatic heteromonocyclic compounds
OSCXYTRISGREIM-UHFFFAOYSA-N,False,Organic compounds,Organohalogen compounds,Halohydrins,Chlorohydrins,Chlorohydrins,Aliphatic acyclic compounds
OWTFKEBRIAXSMO-UHFFFAOYSA-N,False,Inorganic compounds,Mixed metal/non-metal compounds,Miscellaneous mixed metal/non-metals,Miscellaneous metallic oxoanionic compounds,Miscellaneous arsenites,
XHQHCZJKIMGMBY-UHFFFAOYSA-N,False,Organic compounds,Organic nitrogen compounds,Organonitrogen compounds,Aminals,Aminals,Aliphatic acyclic compounds
DMEGYFMYUHOHGS-UHFFFAOYSA-N,False,Organic compounds,Hydrocarbons,Saturated hydrocarbons,Cycloalkanes,Cycloalkanes,Aliphatic homomonocyclic compounds
RDOWQLZANAYVLL-UHFFFAOYSA-N,False,Organic compounds,Organoheterocyclic compounds,Quinolines and derivatives,Benzoquinolines,Phenanthridines and derivatives,Aromatic heteropolycyclic compounds
KQRJATLINVYHEZ-UHFFFAOYSA-N,False,Organic compounds,Benzenoids,Benzene and substituted derivatives,Toluenes,Dinitrotoluenes,Aromatic homomonocyclic compounds
YBDSNEVSFQMCTL-UHFFFAOYSA-N,False,Organic compounds,Organic nitrogen compounds,Organonitrogen compounds,Amines,Trialkylamines,Aliphatic acyclic compounds
VSYFZULSKMFUJJ-UHFFFAOYSA-N,False,Organic compounds,Organoheterocyclic compounds,Pyrans,Pyranones and derivatives,Pyranones and derivatives,Aromatic heteromonocyclic compounds
CDUQMGQIHYISOP-UHFFFAOYSA-N,False,Organic compounds,Phenylpropanoids and polyketides,Cinnamic acids and derivatives,Cinnamic acids,Cinnamic acids,Aromatic homomonocyclic compounds
GFUKPDBFDRKRRO-UHFFFAOYSA-N,False,Organic compounds,Benzenoids,Benzene and substituted derivatives,Styrenes,Styrenes,Aromatic heteromonocyclic compounds
IKJFYINYNJYDTA-UHFFFAOYSA-N,False,Organic compounds,Organoheterocyclic compounds,Benzothiophenes,Dibenzothiophenes,"Dibenzothiophene-5,5-dioxides",Aromatic heteropolycyclic compounds
CFFZDZCDUFSOFZ-UHFFFAOYSA-N,False,Organic compounds,Benzenoids,Phenols,Benzenediols,Catechols,Aromatic homomonocyclic compounds
ZPANWZBSGMDWON-UHFFFAOYSA-N,False,Organic compounds,Benzenoids,Naphthalenes,Naphthols and derivatives,Naphthols and derivatives,Aromatic homopolycyclic compounds
UEHZKEABUOAZSH-UHFFFAOYSA-N,False,Organic compounds,Organoheterocyclic compounds,Indoles and derivatives,Indolines,Indolines,Aromatic heteropolycyclic compounds
ZTTZKDDWXHQKSY-UHFFFAOYSA-N,False,Organic compounds,Organoheterocyclic compounds,Benzothiophenes,1-benzothiophenes,1-benzothiophenes,Aromatic heteropolycyclic compounds
ISXUHJXWYNONDI-UHFFFAOYSA-L,False,Organic compounds,Benzenoids,Benzene and substituted derivatives,,Benzene and substituted derivatives,Aromatic homomonocyclic compounds
YOVUXLHIVNBVKO-UHFFFAOYSA-N,False,Organic compounds,Benzenoids,Benzene and substituted derivatives,Nitrobenzenes,Nitrophenyl ethers,Aromatic homomonocyclic compounds
SICBLYCPRWNHHP-UHFFFAOYSA-N,False,Organic compounds,Phenylpropanoids and polyketides,Stilbenes,,Stilbenes,Aromatic homomonocyclic compounds
ATKJLMWDXASAJA-UHFFFAOYSA-N,False,Organic compounds,Benzenoids,Benzene and substituted derivatives,Benzenesulfonyl compounds,Benzenesulfonyl compounds,Aromatic homomonocyclic compounds
JWQFKVGACKJIAV-UHFFFAOYSA-N,False,Organic compounds,Benzenoids,Benzene and substituted derivatives,Diphenylmethanes,Diphenylmethanes,Aromatic homomonocyclic compounds
MUHFQLVFMFDJOK-UHFFFAOYSA-N,False,Organic compounds,Benzenoids,Benzene and substituted derivatives,,Benzene and substituted derivatives,Aromatic homomonocyclic compounds
DFJCCNZMGVNBKQ-UHFFFAOYSA-N,False,Organic compounds,Benzenoids,Phenol ethers,,Phenol ethers,Aromatic homomonocyclic compounds
BWLVSYUUKOQICP-UHFFFAOYSA-N,False,Organic compounds,Benzenoids,Naphthalenes,,Naphthalenes,Aromatic homopolycyclic compounds
NUMYTLIHYKESKM-UHFFFAOYSA-N,False,Organic compounds,Benzenoids,Benzene and substituted derivatives,Benzyl thiocyanates,Benzyl thiocyanates,Aromatic homomonocyclic compounds
IBGBGRVKPALMCQ-UHFFFAOYSA-N,False,Organic compounds,Organic oxygen compounds,Organooxygen compounds,Carbonyl compounds,Hydroxybenzaldehydes,Aromatic homomonocyclic compounds
JSIVTKBYJLGBPY-UHFFFAOYSA-N,False,Organic compounds,Benzenoids,Benzene and substituted derivatives,Benzoic acids and derivatives,Aminobenzoic acids and derivatives,Aromatic homomonocyclic compounds
QBSRKOBMKFOHOS-UHFFFAOYSA-N,False,Organic compounds,Benzenoids,Benzene and substituted derivatives,Phenylmethylamines,Phenylbenzamines,Aromatic homomonocyclic compounds
DOHZWDWNQFZIKH-UHFFFAOYSA-N,False,Organic compounds,Organoheterocyclic compounds,Benzothiophenes,1-benzothiophenes,1-benzothiophenes,Aromatic heteropolycyclic compounds
SEBRPHZZSLCDRQ-UHFFFAOYSA-N,False,Organic compounds,Organoheterocyclic compounds,Benzothiophenes,1-benzothiophenes,1-benzothiophenes,Aromatic heteropolycyclic compounds
HUGHWHMUUQNACD-UHFFFAOYSA-N,False,Organic compounds,Benzenoids,Benzene and substituted derivatives,Benzylethers,Benzylethers,Aromatic homomonocyclic compounds
LBBAWVLUOZVYCC-UHFFFAOYSA-N,False,Organic compounds,Lipids and lipid-like molecules,Fatty Acyls,Fatty acid esters,Fatty acid esters,Aliphatic acyclic compounds
FLCWYEUDIOQXEB-UHFFFAOYSA-N,False,Organic compounds,Organoheterocyclic compounds,Oxazinanes,Morpholines,Morpholine carboxylic acids and derivatives,Aromatic heteromonocyclic compounds
BHATUINFZWUDIX-UHFFFAOYSA-N,False,Organic compounds,Organic acids and derivatives,Organic sulfonic acids and derivatives,Organosulfonic acids and derivatives,Organosulfonic acids,Aliphatic acyclic compounds
WZHXVERXLFPQCU-UHFFFAOYSA-N,False,Organic compounds,Benzenoids,Benzene and substituted derivatives,Benzoic acids and derivatives,Acylsalicylic acids,Aromatic homomonocyclic compounds
TXEFUSAHPIYZHD-UHFFFAOYSA-N,False,Organic compounds,Alkaloids and derivatives,Indolonaphthyridine alkaloids,,Indolonaphthyridine alkaloids,Aromatic heteropolycyclic compounds
WRIOEJKKXQEEFB-UHFFFAOYSA-N,False,Organic compounds,Lipids and lipid-like molecules,Fatty Acyls,Fatty acid esters,Fatty acid esters,Aliphatic acyclic compounds
HPSCXFOQUFPEPE-UHFFFAOYSA-N,False,Organic compounds,Benzenoids,Benzene and substituted derivatives,Toluenes,Aminotoluenes,Aromatic homomonocyclic compounds
ZXIJMRYMVAMXQP-UHFFFAOYSA-N,False,Organic compounds,Hydrocarbons,Unsaturated hydrocarbons,Olefins,Cycloalkenes,Aliphatic homomonocyclic compounds
UWRBFYBQPCJRRL-UHFFFAOYSA-N,False,Organic compounds,Organic acids and derivatives,Carboxylic acids and derivatives,"Amino acids, peptides, and analogues",Alpha amino acids,Aliphatic acyclic compounds
RGUVUPQQFXCJFC-UHFFFAOYSA-N,False,Organic compounds,Organic acids and derivatives,Carboxylic acids and derivatives,Carboxylic acid derivatives,Hydroxamic acids,Aliphatic acyclic compounds
IHGNADPMUSNTJW-UHFFFAOYSA-N,False,Organic compounds,Benzenoids,Phenols,Nitrophenols,Nitrophenols,Aromatic homomonocyclic compounds
KWAIHLIXESXTJL-UHFFFAOYSA-N,False,Organic compounds,Organoheterocyclic compounds,Diazines,Pyrimidines and pyrimidine derivatives,Pyrimidinecarboxylic acids,Aromatic heteromonocyclic compounds
MQNAOOIFODUDES-UHFFFAOYSA-N,False,Organic compounds,Organic oxygen compounds,Organooxygen compounds,,Organooxygen compounds,Aliphatic acyclic compounds
MDWRNPOBHVLALB-UHFFFAOYSA-N,False,Organic compounds,Organoheterocyclic compounds,Diazines,Pyrimidines and pyrimidine derivatives,Pyrimidinecarboxylic acids,Aromatic heteromonocyclic compounds
LGHZJDKSVUTELU-UHFFFAOYSA-N,True,Organic compounds,Organoheterocyclic compounds,Azoles,Pyrazoles,Phenylpyrazoles,Aromatic heteromonocyclic compounds
CHBOSHOWERDCMH-UHFFFAOYSA-N,False,Organic compounds,Benzenoids,Benzene and substituted derivatives,Diphenylmethanes,Diphenylmethanes,Aromatic homomonocyclic compounds
RDJTWDKSYLLHRW-UHFFFAOYSA-N,False,Organic compounds,Benzenoids,Phenol esters,,Phenol esters,Aromatic homomonocyclic compounds
QEGNUYASOUJEHD-UHFFFAOYSA-N,False,Organic compounds,Hydrocarbons,Saturated hydrocarbons,Cycloalkanes,Cycloalkanes,Aliphatic homomonocyclic compounds
YUIKPESWSMJSMP-UHFFFAOYSA-N,False,Organic compounds,Organic acids and derivatives,Carboxylic acids and derivatives,Carboxylic acid derivatives,Primary carboxylic acid amides,Aliphatic acyclic compounds
GPWHFPWZAPOYNO-UHFFFAOYSA-N,False,Organic compounds,Organic nitrogen compounds,Organonitrogen compounds,Amines,Monoalkylamines,Aliphatic acyclic compounds
KZDDDHJBINUIKQ-UHFFFAOYSA-N,False,Organic compounds,Organic nitrogen compounds,Organonitrogen compounds,Hydrazines and derivatives,Semicarbazones,Aliphatic homomonocyclic compounds
WYLQARGYFXBZMD-UHFFFAOYSA-N,False,Organic compounds,Organic acids and derivatives,Organic phosphoric acids and derivatives,Organic phosphoramides,Organic phosphoramides,Aliphatic acyclic compounds
STSRVFAXSLNLLI-UHFFFAOYSA-N,False,Organic compounds,Organic nitrogen compounds,Organonitrogen compounds,Organic cyanides,Nitriles,Aliphatic acyclic compounds
VKESFYLPKHQOOA-UHFFFAOYSA-N,False,Organic compounds,Benzenoids,Naphthalenes,Naphthols and derivatives,Naphthols and derivatives,Aromatic homopolycyclic compounds
JTHNLKXLWOXOQK-UHFFFAOYSA-N,False,Organic compounds,Organic oxygen compounds,Organooxygen compounds,Carbonyl compounds,Enones,Aliphatic acyclic compounds
IFTRQJLVEBNKJK-UHFFFAOYSA-N,False,Organic compounds,Hydrocarbons,Saturated hydrocarbons,Cycloalkanes,Cycloalkanes,Aliphatic homomonocyclic compounds
JRQAAYVLPPGEHT-UHFFFAOYSA-N,False,Organic compounds,Organohalogen compounds,Organobromides,,Organobromides,Aliphatic homomonocyclic compounds
JECUZQLBQKNEMW-UHFFFAOYSA-N,False,Organic compounds,Organic oxygen compounds,Organooxygen compounds,Carbonyl compounds,Alkyl-phenylketones,Aromatic homomonocyclic compounds
ZFTBZKVVGZNMJR-UHFFFAOYSA-N,False,Organic compounds,Organoheterocyclic compounds,Diazines,Pyrimidines and pyrimidine derivatives,Halopyrimidines,Aromatic heteromonocyclic compounds
AXBVSRMHOPMXBA-UHFFFAOYSA-N,False,Organic compounds,Benzenoids,Benzene and substituted derivatives,Nitrobenzenes,Nitrobenzenes,Aromatic homomonocyclic compounds
TYHHDWAHJRRYCU-UHFFFAOYSA-N,False,Organic compounds,Benzenoids,Benzene and substituted derivatives,Phenoxyacetic acid derivatives,Phenoxyacetic acid derivatives,Aromatic homomonocyclic compounds
MNFGLQYSNLSOHP-UHFFFAOYSA-N,False,Organic compounds,Phenylpropanoids and polyketides,Diarylheptanoids,Linear diarylheptanoids,Linear diarylheptanoids,Aromatic homomonocyclic compounds
ONIVKFDMLVBDRK-UHFFFAOYSA-N,False,Organic compounds,Benzenoids,Phenols,Methoxyphenols,Methoxyphenols,Aromatic homomonocyclic compounds
IMNKQTWVJHODOS-UHFFFAOYSA-N,False,Organic compounds,Benzenoids,Naphthalenes,,Naphthalenes,Aromatic homopolycyclic compounds
WRYFTNYOWKAAGV-UHFFFAOYSA-N,False,Organic compounds,Benzenoids,Benzene and substituted derivatives,Anilides,Benzanilides,Aromatic homomonocyclic compounds
NIPKXTKKYSKEON-UHFFFAOYSA-N,False,Organic compounds,Benzenoids,Phenols,1-hydroxy-2-unsubstituted benzenoids,1-hydroxy-2-unsubstituted benzenoids,Aromatic homomonocyclic compounds
ZOCYCSPSSNMXBU-UHFFFAOYSA-N,False,Organic compounds,Lipids and lipid-like molecules,Fatty Acyls,Fatty acid esters,Fatty acid esters,Aliphatic acyclic compounds
HLQZCRVEEQKNMS-UHFFFAOYSA-N,False,Organic compounds,Benzenoids,Benzene and substituted derivatives,Biphenyls and derivatives,Biphenyls and derivatives,Aromatic homomonocyclic compounds
WZJYKHNJTSNBHV-UHFFFAOYSA-N,False,Organic compounds,Organoheterocyclic compounds,Quinolines and derivatives,,Quinolines and derivatives,Aromatic heteropolycyclic compounds
HKMTVMBEALTRRR-UHFFFAOYSA-N,False,Organic compounds,Benzenoids,Fluorenes,,Fluorenes,Aromatic homopolycyclic compounds
WPDAVTSOEQEGMS-UHFFFAOYSA-N,False,Organic compounds,Benzenoids,Anthracenes,,Anthracenes,Aromatic homopolycyclic compounds
QRMPKOFEUHIBNM-UHFFFAOYSA-N,False,Organic compounds,Hydrocarbons,Saturated hydrocarbons,Cycloalkanes,Cycloalkanes,Aliphatic homomonocyclic compounds
BDHNJKLLVSRGDK-UHFFFAOYSA-N,False,Organic compounds,Benzenoids,Benzene and substituted derivatives,,Benzene and substituted derivatives,Aromatic homomonocyclic compounds
IOUVKUPGCMBWBT-QNDFHXLGSA-N,False,Organic compounds,Phenylpropanoids and polyketides,Flavonoids,Flavonoid glycosides,Flavonoid O-glycosides,Aromatic heteromonocyclic compounds
PJKVFARRVXDXAD-UHFFFAOYSA-N,False,Organic compounds,Benzenoids,Naphthalenes,,Naphthalenes,Aromatic homopolycyclic compounds
ROBFUDYVXSDBQM-UHFFFAOYSA-N,False,Organic compounds,Organic acids and derivatives,Carboxylic acids and derivatives,Dicarboxylic acids and derivatives,Dicarboxylic acids and derivatives,Aliphatic acyclic compounds
YGTUPRIZNBMOFV-UHFFFAOYSA-N,False,Organic compounds,Benzenoids,Benzene and substituted derivatives,Benzophenones,Benzophenones,Aromatic homomonocyclic compounds
YPNZJHFXFVLXSE-UHFFFAOYSA-N,False,Organic compounds,Benzenoids,Phenols,Cresols,Ortho cresols,Aromatic homomonocyclic compounds
BPHYZRNTQNPLFI-UHFFFAOYSA-N,False,Organic compounds,Benzenoids,Phenols,Benzenetriols and derivatives,Phloroglucinols and derivatives,Aromatic homomonocyclic compounds
JEGZRTMZYUDVBF-UHFFFAOYSA-N,False,Organic compounds,Organoheterocyclic compounds,Quinolines and derivatives,Benzoquinolines,Benzacridines,Aromatic heteropolycyclic compounds
UMRZSTCPUPJPOJ-UHFFFAOYSA-N,False,Organic compounds,Lipids and lipid-like molecules,Prenol lipids,Monoterpenoids,Bicyclic monoterpenoids,Aliphatic homopolycyclic compounds
WJTCGQSWYFHTAC-UHFFFAOYSA-N,False,Organic compounds,Hydrocarbons,Saturated hydrocarbons,Cycloalkanes,Cycloalkanes,Aliphatic homomonocyclic compounds
LMFKRLGHEKVMNT-UJDVCPFMSA-N,False,Organic compounds,Alkaloids and derivatives,,,Alkaloids and derivatives,Aliphatic heteropolycyclic compounds
ONOTYLMNTZNAQZ-UHFFFAOYSA-N,False,Organic compounds,Benzenoids,Benzene and substituted derivatives,Benzoic acids and derivatives,Halobenzoic acids,Aromatic homomonocyclic compounds
BAYGVMXZJBFEMB-UHFFFAOYSA-N,True,Organic compounds,Benzenoids,Benzene and substituted derivatives,Trifluoromethylbenzenes,Trifluoromethylbenzenes,Aromatic homomonocyclic compounds
TZZNUDMEMFBPQI-UHFFFAOYSA-N,False,Organic compounds,Organoheterocyclic compounds,Quinolines and derivatives,Benzoquinolines,Acridones,Aromatic heteropolycyclic compounds
VCMMXZQDRFWYSE-UHFFFAOYSA-N,False,Organic compounds,Benzenoids,Naphthalenes,Naphthoquinones,Naphthoquinones,Aromatic homopolycyclic compounds
DKTRZBWXGOPYIX-UHFFFAOYSA-N,False,Organic compounds,Benzenoids,Phenols,Nitrophenols,Nitrophenols,Aromatic homomonocyclic compounds
BNBQRQQYDMDJAH-UHFFFAOYSA-N,False,Organic compounds,Organoheterocyclic compounds,Benzodioxanes,"Benzo-1,4-dioxanes","Benzo-1,4-dioxanes",Aromatic heteropolycyclic compounds
KSHJAFFDLKPUMT-UHFFFAOYSA-N,False,Organic compounds,Benzenoids,Phenols,Nitrophenols,Dinitrophenols,Aromatic homomonocyclic compounds
RSAZYXZUJROYKR-UHFFFAOYSA-N,False,Organic compounds,Organic nitrogen compounds,Organonitrogen compounds,Quinonimines,P-quinonimines,Aromatic homomonocyclic compounds
XQDNFAMOIPNVES-UHFFFAOYSA-N,False,Organic compounds,Benzenoids,Phenols,Methoxyphenols,Methoxyphenols,Aromatic homomonocyclic compounds
XDRMBCMMABGNMM-UHFFFAOYSA-N,False,Organic compounds,Benzenoids,Benzene and substituted derivatives,Benzenesulfonic acids and derivatives,Benzenesulfonate esters,Aromatic homomonocyclic compounds
URPVDDXMEZAEJY-UHFFFAOYSA-N,False,Organic compounds,Organoheterocyclic compounds,Quinolines and derivatives,Benzoquinolines,Acridones,Aromatic heteropolycyclic compounds
MURGITYSBWUQTI-UHFFFAOYSA-N,False,Organic compounds,Organoheterocyclic compounds,Benzopyrans,1-benzopyrans,Xanthenes,Aromatic heteropolycyclic compounds
WPWWKBNOXTZDQJ-UHFFFAOYSA-N,False,Organic compounds,Benzenoids,Anthracenes,Anthraquinones,Hydroxyanthraquinones,Aromatic homopolycyclic compounds
VHRGRCVQAFMJIZ-UHFFFAOYSA-N,False,Organic compounds,Organic nitrogen compounds,Organonitrogen compounds,Amines,Monoalkylamines,Aliphatic acyclic compounds
SMUVABOERCFKRW-UHFFFAOYSA-N,False,Organic compounds,Benzenoids,Benzene and substituted derivatives,Benzoyl derivatives,Benzoyl derivatives,Aromatic homomonocyclic compounds
YEIHPPOCKIHUQJ-UHFFFAOYSA-N,False,Organic compounds,Benzenoids,Phenanthrenes and derivatives,,Phenanthrenes and derivatives,Aromatic homopolycyclic compounds
ZMHWQAHZKUPENF-UHFFFAOYSA-N,False,Organic compounds,Benzenoids,Benzene and substituted derivatives,Biphenyls and derivatives,Polychlorinated biphenyls,Aromatic homomonocyclic compounds
BQZXUHDXIARLEO-UHFFFAOYSA-N,False,Organic compounds,Benzenoids,Benzene and substituted derivatives,Benzenesulfonamides,Benzenesulfonamides,Aromatic heteromonocyclic compounds
HGINADPHJQTSKN-UHFFFAOYSA-N,False,Organic compounds,Organic acids and derivatives,Carboxylic acids and derivatives,Dicarboxylic acids and derivatives,Dicarboxylic acids and derivatives,Aliphatic acyclic compounds
YSXDKDWNIPOSMF-UHFFFAOYSA-N,False,Organic compounds,Lipids and lipid-like molecules,Fatty Acyls,Fatty acids and conjugates,Halogenated fatty acids,Aliphatic acyclic compounds
BIPUHAHGLJKIPK-UHFFFAOYSA-N,False,Organic compounds,Organic oxygen compounds,Organooxygen compounds,Carbonyl compounds,Ketones,Aliphatic homomonocyclic compounds
TZMSYXZUNZXBOL-UHFFFAOYSA-N,False,Organic compounds,Organoheterocyclic compounds,Benzoxazines,Phenoxazines,Phenoxazines,Aromatic heteropolycyclic compounds
CJYDNDLQIIGSTH-UHFFFAOYSA-N,False,Organic compounds,Organic acids and derivatives,Carboxylic acids and derivatives,Carboxylic acid derivatives,Tertiary carboxylic acid amides,Aliphatic heteromonocyclic compounds
FJDHVPHQDPJCHK-UHFFFAOYSA-N,False,Inorganic compounds,Mixed metal/non-metal compounds,Alkali metal oxoanionic compounds,Alkali metal arsenites,Alkali metal arsenites,
NLPHXWGWBKZSJC-UHFFFAOYSA-N,False,Organic compounds,Organic oxygen compounds,Organooxygen compounds,Carbonyl compounds,Alkyl-phenylketones,Aromatic homomonocyclic compounds
CBEFMGJHEKAMNI-UHFFFAOYSA-N,False,Organic compounds,Benzenoids,Fluorenes,,Fluorenes,Aromatic homopolycyclic compounds
UJVHVMNGOZXSOZ-VKHMYHEASA-N,False,Organic compounds,Organic acids and derivatives,Carboxylic acids and derivatives,"Amino acids, peptides, and analogues",L-alpha-amino acids,Aliphatic acyclic compounds
BDTDECDAHYOJRO-UHFFFAOYSA-N,False,Organic compounds,Organosulfur compounds,Isothiocyanates,Isothiocyanate acids,Isothiocyanate acids,Aliphatic acyclic compounds
WZZLWPIYWZEJOX-UHFFFAOYSA-L,False,Organic compounds,Benzenoids,Naphthalenes,Naphthalene sulfonic acids and derivatives,2-naphthalene sulfonates,Aromatic homopolycyclic compounds
SCGDEDHSPCXGEC-UHFFFAOYSA-N,False,Organic compounds,Benzenoids,Benzene and substituted derivatives,Nitrobenzenes,Nitrobenzenes,Aromatic homomonocyclic compounds
KYMNDYVYZVFFPQ-UHFFFAOYSA-N,True,Organic compounds,Organoheterocyclic compounds,Oxacyclic compounds,,Oxacyclic compounds,Aliphatic heteromonocyclic compounds
VGVRFARTWVJNQC-UHFFFAOYSA-N,False,Organic compounds,Benzenoids,Benzene and substituted derivatives,Halobenzenes,Dichlorobenzenes,Aromatic homomonocyclic compounds
VFLQQZCRHPIGJU-UHFFFAOYSA-N,False,Organic compounds,Organoheterocyclic compounds,Piperidines,,Piperidines,Aliphatic heteromonocyclic compounds
KDIAMAVWIJYWHN-UHFFFAOYSA-N,False,Organic compounds,Hydrocarbons,Saturated hydrocarbons,Cycloalkanes,Cycloalkanes,Aliphatic homomonocyclic compounds
OIQCWAIEHVRCCG-UHFFFAOYSA-N,False,Organic compounds,Organometallic compounds,Organo-post-transition metal compounds,Organotin compounds,Tetraalkyltins,Aliphatic acyclic compounds
UHSMEJQTFMHABA-UHFFFAOYSA-N,False,Organic compounds,Organic oxygen compounds,Organooxygen compounds,Ethers,Ketals,Aliphatic homomonocyclic compounds
DSXVZIOQROMOEF-UHFFFAOYSA-N,False,Organic compounds,Benzenoids,Benzene and substituted derivatives,Halobenzenes,Chlorobenzenes,Aromatic homomonocyclic compounds
UWTLARNSDZXILM-UHFFFAOYSA-N,False,Organic compounds,Benzenoids,Benzene and substituted derivatives,N-phenylthioureas,N-phenylthioureas,Aromatic homomonocyclic compounds
LSVXAQMPXJUTBV-UHFFFAOYSA-N,False,Organic compounds,Benzenoids,Benzene and substituted derivatives,Halobenzenes,Chlorobenzenes,Aromatic homomonocyclic compounds
VHBFEIBMZHEWSX-UHFFFAOYSA-N,False,Organic compounds,Organosulfur compounds,Isothiocyanates,,Isothiocyanates,Aliphatic acyclic compounds
MJNAIAPNXYJWCT-UHFFFAOYSA-N,False,Organic compounds,Benzenoids,Benzene and substituted derivatives,Nitrobenzenes,Nitrobenzenes,Aromatic homomonocyclic compounds
FXMGLWYTXDUDLS-UHFFFAOYSA-N,False,Organic compounds,Benzenoids,Benzene and substituted derivatives,Phenylmethylamines,Phenylmethylamines,Aromatic homomonocyclic compounds
TUBRCQBRKJXJEA-UHFFFAOYSA-N,False,Organic compounds,Organic acids and derivatives,Organic sulfonic acids and derivatives,Organosulfonic acids and derivatives,Organosulfonic acids,Aliphatic acyclic compounds
GIFGMEWQGDEWKB-UHFFFAOYSA-N,False,Organic compounds,Benzenoids,Benzene and substituted derivatives,Phenoxyacetic acid derivatives,Phenoxyacetic acid derivatives,Aromatic homomonocyclic compounds
XEUAYIJJIQXNOO-UHFFFAOYSA-N,False,Organic compounds,Benzenoids,Benzene and substituted derivatives,Diphenylethers,Diphenylethers,Aromatic homomonocyclic compounds
YADZSMVDNYXOOB-UHFFFAOYSA-N,False,Organic compounds,Benzenoids,Phenols,Benzenediols,Resorcinols,Aromatic homomonocyclic compounds
MARXMDRWROUXMD-UHFFFAOYSA-N,False,Organic compounds,Organoheterocyclic compounds,Isoindoles and derivatives,Isoindolines,Phthalimides,Aromatic heteropolycyclic compounds
WPGHPGAUFIJVJF-UHFFFAOYSA-N,False,Organic compounds,Organoheterocyclic compounds,Pyridines and derivatives,Halopyridines,Polyhalopyridines,Aromatic heteromonocyclic compounds
BBJPZPLAZVZTGR-UHFFFAOYSA-N,True,Organic compounds,Organoheterocyclic compounds,Azoles,Thiadiazoles,"1,3,4-thiadiazol-2-ylureas",Aromatic heteromonocyclic compounds
ICEXLMACENYGPP-UHFFFAOYSA-N,False,Organic compounds,Organic nitrogen compounds,Organonitrogen compounds,Amines,Thiuram disulfides,Aliphatic acyclic compounds
IAGUPODHENSJEZ-UHFFFAOYSA-N,False,Organic compounds,Benzenoids,Benzene and substituted derivatives,Phenylcarbamic acid esters,Phenylcarbamic acid esters,Aromatic homomonocyclic compounds
DFBONKKNEQNADO-UHFFFAOYSA-N,False,Organic compounds,Benzenoids,Benzene and substituted derivatives,Phenylcarbamic acid esters,Phenylcarbamic acid esters,Aromatic homomonocyclic compounds
UTNSTOOXQPHXJQ-UHFFFAOYSA-N,False,Organic compounds,Benzenoids,Benzene and substituted derivatives,Benzenesulfonyl compounds,Benzenesulfonyl compounds,Aromatic homomonocyclic compounds
JCTHGPXQXLMSDK-UHFFFAOYSA-N,False,Organic compounds,Benzenoids,Benzene and substituted derivatives,,Benzene and substituted derivatives,Aromatic homomonocyclic compounds
MDQKYGOECVSPIW-UHFFFAOYSA-N,False,Organic compounds,Benzenoids,Benzene and substituted derivatives,Benzonitriles,Benzonitriles,Aromatic homomonocyclic compounds
GHHZELQYJPWSMG-UHFFFAOYSA-N,False,Organic compounds,Organic oxygen compounds,Organooxygen compounds,Carbonyl compounds,P-benzoquinones,Aliphatic homomonocyclic compounds
VMBJJCDVORDOCF-UHFFFAOYSA-N,False,Organic compounds,Organic acids and derivatives,Carboxylic acids and derivatives,Alpha-halocarboxylic acids and derivatives,Alpha-halocarboxylic acid derivatives,Aliphatic acyclic compounds
NBUUUJWWOARGNW-UHFFFAOYSA-N,False,Organic compounds,Benzenoids,Benzene and substituted derivatives,Benzoic acids and derivatives,Aminobenzoic acids,Aromatic homomonocyclic compounds
BMJYKXALMDAIEG-UHFFFAOYSA-N,False,Organic compounds,Benzenoids,Phenol esters,,Phenol esters,Aromatic homomonocyclic compounds
AVKNGPAMCBSNSO-UHFFFAOYSA-N,False,Organic compounds,Organic nitrogen compounds,Organonitrogen compounds,Amines,Monoalkylamines,Aliphatic homomonocyclic compounds
WADQOGCINABPRT-UHFFFAOYSA-N,False,Organic compounds,Benzenoids,Phenols,Cresols,Ortho cresols,Aromatic homomonocyclic compounds
RYULULVJWLRDQH-UHFFFAOYSA-N,False,Organic compounds,Benzenoids,Benzene and substituted derivatives,Benzophenones,Benzophenones,Aromatic homomonocyclic compounds
RATSANVPHHXDCT-UHFFFAOYSA-N,True,Organic compounds,Benzenoids,Benzene and substituted derivatives,Benzoic acids and derivatives,Benzoic acids,Aromatic homomonocyclic compounds
SSNXYMVLSOMJLU-UHFFFAOYSA-N,False,Organic compounds,Benzenoids,Benzene and substituted derivatives,Halobenzenes,Dichlorobenzenes,Aromatic homomonocyclic compounds
MYWUZJCMWCOHBA-SECBINFHSA-N,False,Organic compounds,Benzenoids,Benzene and substituted derivatives,Phenethylamines,Amphetamines and derivatives,Aromatic homomonocyclic compounds
JOQCINXYMZALAZ-UHFFFAOYSA-N,False,Organic compounds,Benzenoids,Benzene and substituted derivatives,Diphenylmethanes,Diphenylmethanes,Aromatic homomonocyclic compounds
GYFDNIRENHZKGR-UHFFFAOYSA-N,False,Organic compounds,Organic oxygen compounds,Organooxygen compounds,Carbonyl compounds,Aryl alkyl ketones,Aromatic heteromonocyclic compounds
DTOOHWOPSUKNJL-UHFFFAOYSA-N,False,Organic compounds,Organic acids and derivatives,Organic phosphoric acids and derivatives,Phosphate esters,Aryl phosphotriesters,Aromatic homomonocyclic compounds
WVTHGLPXSATJHZ-UHFFFAOYSA-N,False,Organic compounds,Organoheterocyclic compounds,Furans,Furoic acid and derivatives,Furoic acid esters,Aromatic heteromonocyclic compounds
MWMQNVGAHVXSPE-UHFFFAOYSA-N,True,Organic compounds,Organoheterocyclic compounds,Azoles,Pyrazoles,Phenylpyrazoles,Aromatic heteromonocyclic compounds
ZSBIMTDWIGWJPW-UHFFFAOYSA-N,False,Organic compounds,Benzenoids,Benzene and substituted derivatives,Benzoic acids and derivatives,p-Hydroxybenzoic acid alkyl esters,Aromatic homomonocyclic compounds
QUKGLNCXGVWCJX-UHFFFAOYSA-N,False,Organic compounds,Organoheterocyclic compounds,Azoles,Thiadiazoles,"2-amino-1,3,4-thiadiazoles",Aromatic heteromonocyclic compounds
NJBDTWSOYUZQPM-UHFFFAOYSA-N,False,Organic compounds,Benzenoids,Phenols,Nitrophenols,Dinitrophenols,Aromatic homomonocyclic compounds
JLCDSZXBELPBRD-UHFFFAOYSA-N,False,Organic compounds,Organic oxygen compounds,Organooxygen compounds,Carbonyl compounds,Alkyl-phenylketones,Aromatic homomonocyclic compounds
OVEVHVURWWTPFC-UHFFFAOYSA-N,False,Organic compounds,Organoheterocyclic compounds,Azoles,Imidazoles,Nitroimidazoles,Aromatic heteromonocyclic compounds
XCXKNNGWSDYMMS-UHFFFAOYSA-N,False,Organic compounds,Organic nitrogen compounds,Organonitrogen compounds,Guanidines,Nitroguanidines,Aliphatic acyclic compounds
ZMRFRBHYXOQLDK-UHFFFAOYSA-N,False,Organic compounds,Benzenoids,Benzene and substituted derivatives,,Benzene and substituted derivatives,Aromatic homomonocyclic compounds
STJIISDMSMJQQK-UHFFFAOYSA-N,False,Organic compounds,Organoheterocyclic compounds,Heteroaromatic compounds,,Heteroaromatic compounds,Aromatic heteromonocyclic compounds
ZGMCNGHHUQZNIH-UHFFFAOYSA-N,False,Organic compounds,Organic nitrogen compounds,Organonitrogen compounds,Organic nitroso compounds,Organic N-nitroso compounds,Aliphatic acyclic compounds
AURSMWWOMOVHBM-UHFFFAOYSA-N,False,Organic compounds,Benzenoids,Benzene and substituted derivatives,Benzoyl derivatives,Benzoyl derivatives,Aromatic homomonocyclic compounds
PBLNHHSDYFYZNC-UHFFFAOYSA-N,False,Organic compounds,Benzenoids,Naphthalenes,,Naphthalenes,Aromatic homopolycyclic compounds
QIORDSKCCHRSSD-UHFFFAOYSA-N,False,Organic compounds,Benzenoids,Phenols,Nitrophenols,Nitrophenols,Aromatic homomonocyclic compounds
HGKPGBJNNATDRR-UHFFFAOYSA-N,False,Organic compounds,Organoheterocyclic compounds,Imidazopyrimidines,Purines and purine derivatives,Xanthines,Aromatic heteropolycyclic compounds
OTFNCXLUCRUNCH-UHFFFAOYSA-N,False,Organic compounds,Benzenoids,Phenol ethers,Anisoles,Anisoles,Aromatic homomonocyclic compounds
WQADWIOXOXRPLN-UHFFFAOYSA-N,False,Organic compounds,Organoheterocyclic compounds,Dithianes,,Dithianes,Aliphatic heteromonocyclic compounds
AYFJBMBVXWNYLT-UHFFFAOYSA-N,False,Organic compounds,Benzenoids,Naphthalenes,,Naphthalenes,Aromatic homopolycyclic compounds
KECMLGZOQMJIBM-UHFFFAOYSA-N,False,Organic compounds,Organic oxygen compounds,Organooxygen compounds,Ethers,Dialkyl ethers,Aliphatic acyclic compounds
ZILXIZUBLXVYPI-UHFFFAOYSA-N,False,Organic compounds,Benzenoids,Benzene and substituted derivatives,Nitrobenzenes,Nitrobenzaldehydes,Aromatic homomonocyclic compounds
GLKCOBIIZKYKFN-UHFFFAOYSA-N,False,Organic compounds,Organoheterocyclic compounds,Pteridines and derivatives,Pterins and derivatives,Pterins and derivatives,Aromatic heteropolycyclic compounds
VUWPIBNKJSEYIN-UHFFFAOYSA-N,False,Organic compounds,Phenylpropanoids and polyketides,Cinnamic acids and derivatives,Cinnamic acid esters,Cinnamic acid esters,Aromatic homomonocyclic compounds
CPEKAXYCDKETEN-UHFFFAOYSA-N,False,Organic compounds,Benzenoids,Benzene and substituted derivatives,Benzoic acids and derivatives,Benzoic acids and derivatives,Aromatic homomonocyclic compounds
APWZAIZNWQFZBK-UHFFFAOYSA-N,False,Organic compounds,Benzenoids,Naphthalenes,,Naphthalenes,Aromatic homopolycyclic compounds
UFRIDVIGOZTLPL-UHFFFAOYSA-N,False,Organic compounds,Organoheterocyclic compounds,Oxazinanes,Morpholines,Morpholines,Aliphatic heteromonocyclic compounds
XDLWNEUYUGKDTC-UHFFFAOYSA-N,False,Organic compounds,Benzenoids,Phenol ethers,Aminophenyl ethers,Aminophenyl ethers,Aromatic homomonocyclic compounds
KKHBRTFQIYIHEI-UHFFFAOYSA-N,False,Organic compounds,Organoheterocyclic compounds,Azoles,Thiazoles,Thiazoles,Aromatic heteromonocyclic compounds
SQSYNRCXIZHKAI-UHFFFAOYSA-N,False,Organic compounds,Organoheterocyclic compounds,Pyridines and derivatives,Pyridinecarboxylic acids and derivatives,Pyridinecarboxylic acids,Aromatic heteromonocyclic compounds
QFRIIGBAHKSVIU-UHFFFAOYSA-N,False,Organic compounds,Benzenoids,Benzene and substituted derivatives,Phenylmethylamines,Phenylbenzamines,Aromatic homomonocyclic compounds
MAGQINDMZBNWLG-UHFFFAOYSA-N,False,Organic compounds,Benzenoids,Benzene and substituted derivatives,Benzyloxycarbonyls,Benzyloxycarbonyls,Aromatic homomonocyclic compounds
UVFAHDAUVZRVCC-UHFFFAOYSA-N,False,Organic compounds,Organoheterocyclic compounds,Benzofurans,Dibenzofurans,Dibenzofurans,Aromatic heteropolycyclic compounds
FRQUNVLMWIYOLV-UHFFFAOYSA-N,False,Organic compounds,Benzenoids,Phenol ethers,Anisoles,Anisoles,Aromatic homomonocyclic compounds
MCLKERLHVBEZIW-UHFFFAOYSA-N,False,Organic compounds,Benzenoids,Benzene and substituted derivatives,Phenylacetic acids,2(hydroxyphenyl)acetic acids,Aromatic homomonocyclic compounds
SSHIVHKMGVBXTJ-UHFFFAOYSA-N,False,Organic compounds,Benzenoids,Naphthalenes,Nitronaphthalenes,Nitronaphthalenes,Aromatic homopolycyclic compounds
JSPUCPNQXKTYRO-LWILDLIXSA-N,False,Organic compounds,Benzenoids,Phenols,Benzenediols,Hydroquinones,Aromatic homopolycyclic compounds
LRSASMSXMSNRBT-UHFFFAOYSA-N,False,Organic compounds,Organoheterocyclic compounds,Diazines,Pyrimidines and pyrimidine derivatives,Hydroxypyrimidines,Aromatic heteromonocyclic compounds
PEWWLIQAXYMMAN-UHFFFAOYSA-N,False,Organic compounds,Organoheterocyclic compounds,Quinolines and derivatives,Benzoquinolines,Acridones,Aromatic heteropolycyclic compounds
DEWIOKQDRWFLFW-UHFFFAOYSA-N,False,Organic compounds,Benzenoids,Naphthalenes,Naphthalenecarboxylic acids and derivatives,Naphthalenecarboxylic acids,Aromatic homopolycyclic compounds
PWEOEHNGYFXZLI-UHFFFAOYSA-N,False,Organic compounds,Benzenoids,Benzene and substituted derivatives,Phenylcarbamic acid esters,Phenylcarbamic acid esters,Aromatic homomonocyclic compounds
WXVLIIDDWFGYCV-UHFFFAOYSA-N,False,Organic compounds,Benzenoids,Benzene and substituted derivatives,Benzoic acids and derivatives,Benzoic acids,Aromatic homomonocyclic compounds
WTDRDQBEARUVNC-ZCFIWIBFSA-N,False,Organic compounds,Organic acids and derivatives,Carboxylic acids and derivatives,"Amino acids, peptides, and analogues",Tyrosine and derivatives,Aromatic homomonocyclic compounds
FBZONXHGGPHHIY-UHFFFAOYSA-N,False,Organic compounds,Organoheterocyclic compounds,Quinolines and derivatives,Quinoline carboxylic acids,Quinoline carboxylic acids,Aromatic heteropolycyclic compounds
KADVUADSGCRCHA-UHFFFAOYSA-N,False,Organic compounds,Organometallic compounds,Organometalloid compounds,Organoarsenic compounds,Pentaorganoarsanes,Aliphatic acyclic compounds
SPOWAUDUGZVURQ-UHFFFAOYSA-N,False,Organic compounds,Benzenoids,Benzene and substituted derivatives,Nitrobenzenes,Nitrobenzenes,Aromatic homomonocyclic compounds
IKECULIHBUCAKR-UHFFFAOYSA-N,False,Organic compounds,Organic oxygen compounds,Organooxygen compounds,Alcohols and polyols,Tertiary alcohols,Aliphatic acyclic compounds
SAOGOJANGOKVRG-UHFFFAOYSA-N,False,Organic compounds,Benzenoids,Benzene and substituted derivatives,Benzenesulfonyl compounds,Benzenesulfonyl compounds,Aromatic homomonocyclic compounds
KQJQICVXLJTWQD-UHFFFAOYSA-N,False,Organic compounds,Organosulfur compounds,Thioureas,,Thioureas,Aliphatic acyclic compounds
MNUOZFHYBCRUOD-UHFFFAOYSA-N,False,Organic compounds,Benzenoids,Benzene and substituted derivatives,Benzoic acids and derivatives,Salicylic acids,Aromatic homomonocyclic compounds
HKTSLDUAGCAISP-UHFFFAOYSA-N,False,Organic compounds,Benzenoids,Benzene and substituted derivatives,Phenylcarbamic acid esters,Phenylcarbamic acid esters,Aromatic homomonocyclic compounds
KUCWUAFNGCMZDB-UHFFFAOYSA-N,False,Organic compounds,Benzenoids,Phenols,Nitrophenols,Nitrophenols,Aromatic homomonocyclic compounds
JANBFCARANRIKJ-UHFFFAOYSA-N,False,Organic compounds,Benzenoids,Benzene and substituted derivatives,Benzoic acids and derivatives,Benzoic acid esters,Aromatic homomonocyclic compounds
UIXPTCZPFCVOQF-UHFFFAOYSA-N,False,Organic compounds,Lipids and lipid-like molecules,Prenol lipids,Quinone and hydroquinone lipids,Ubiquinones,Aliphatic homomonocyclic compounds
QFUSCYRJMXLNRB-UHFFFAOYSA-N,False,Organic compounds,Benzenoids,Benzene and substituted derivatives,Aniline and substituted anilines,Dinitroanilines,Aromatic homomonocyclic compounds
JWSWULLEVAMIJK-UHFFFAOYSA-N,False,Organic compounds,Benzenoids,Naphthalenes,,Naphthalenes,Aromatic homopolycyclic compounds
FQSQCZNNIXYDIH-UHFFFAOYSA-N,False,Organic compounds,Benzenoids,Benzene and substituted derivatives,Anilides,O-haloacetanilides,Aromatic homomonocyclic compounds
LYPMXMBQPXPNIQ-UHFFFAOYSA-N,False,Organic compounds,Benzenoids,Phenols,Nitrophenols,Nitrophenols,Aromatic homomonocyclic compounds
BRRSNXCXLSVPFC-UHFFFAOYSA-N,False,Organic compounds,Benzenoids,Benzene and substituted derivatives,Benzoic acids and derivatives,Salicylic acids,Aromatic homomonocyclic compounds
LHYPLJGBYPAQAK-UHFFFAOYSA-M,False,Organic compounds,Lipids and lipid-like molecules,Fatty Acyls,Fatty acids and conjugates,Fatty acids and conjugates,Aliphatic acyclic compounds
XMIAFAKRAAMSGX-UHFFFAOYSA-N,False,Organic compounds,Organoheterocyclic compounds,Quinolines and derivatives,Aminoquinolines and derivatives,Aminoquinolines and derivatives,Aromatic heteropolycyclic compounds
PMZDQRJGMBOQBF-UHFFFAOYSA-N,False,Organic compounds,Organoheterocyclic compounds,Quinolines and derivatives,Quinolones and derivatives,Hydroquinolones,Aromatic heteropolycyclic compounds
ZLSMCQSGRWNEGX-UHFFFAOYSA-N,False,Organic compounds,Benzenoids,Benzene and substituted derivatives,Benzophenones,Benzophenones,Aromatic homomonocyclic compounds
WLTCCDHHWYAMCG-UHFFFAOYSA-N,False,Organic compounds,Benzenoids,Naphthalenes,,Naphthalenes,Aromatic homopolycyclic compounds
FOWXIRIJHSFCRC-UHFFFAOYSA-N,False,Organic compounds,Benzenoids,Benzene and substituted derivatives,Nitrobenzenes,Nitrobenzenes,Aromatic homomonocyclic compounds
QRYSWXFQLFLJTC-UHFFFAOYSA-N,False,Organic compounds,Benzenoids,Benzene and substituted derivatives,Benzoic acids and derivatives,Nitrobenzoic acids and derivatives,Aromatic homomonocyclic compounds
RBQIPEJXQPQFJX-UHFFFAOYSA-N,False,Organic compounds,Benzenoids,Phenols,Benzenetriols and derivatives,Pyrogallols and derivatives,Aromatic homomonocyclic compounds
RUIFULUFLANOCI-UHFFFAOYSA-N,False,Organic compounds,Benzenoids,Benzene and substituted derivatives,Toluenes,Dinitrotoluenes,Aromatic homomonocyclic compounds
CSRRBDMYOUQTCO-UHFFFAOYSA-N,False,Organic compounds,Organic oxygen compounds,Organooxygen compounds,Carbonyl compounds,Alkyl-phenylketones,Aromatic homomonocyclic compounds
HQSCPPCMBMFJJN-UHFFFAOYSA-N,False,Organic compounds,Benzenoids,Benzene and substituted derivatives,Benzonitriles,Benzonitriles,Aromatic homomonocyclic compounds
LLUPHTAYNHAVQT-UHFFFAOYSA-N,False,Organic compounds,Benzenoids,Benzene and substituted derivatives,Benzophenones,Benzophenones,Aromatic homomonocyclic compounds
HPCIWDZYMSZAEZ-UHFFFAOYSA-N,False,Organic compounds,Lipids and lipid-like molecules,Fatty Acyls,Fatty acid esters,Fatty acid esters,Aliphatic acyclic compounds
KKRSNTURHSOKTM-UHFFFAOYSA-N,False,Organic compounds,Benzenoids,Benzene and substituted derivatives,Benzoic acids and derivatives,Aminobenzoic acids,Aromatic homomonocyclic compounds
PHQKCVOZVPSTAF-UHFFFAOYSA-N,False,Organic compounds,Benzenoids,Anthracenes,Anthracenecarboxylic acids and derivatives,Anthracenecarboxylic acids,Aromatic homopolycyclic compounds
UJMGZPCKYHBCKU-UHFFFAOYSA-N,False,Organic compounds,Organoheterocyclic compounds,Coumarans,,Coumarans,Aromatic heteropolycyclic compounds
GBKZRUCVLTWAML-UHFFFAOYSA-N,False,Organic compounds,Benzenoids,Benzene and substituted derivatives,Aniline and substituted anilines,Aniline and substituted anilines,Aromatic homomonocyclic compounds
XOGYQVITULCUGU-UHFFFAOYSA-N,False,Organic compounds,Benzenoids,Benzene and substituted derivatives,Aniline and substituted anilines,Aniline and substituted anilines,Aromatic homomonocyclic compounds
LSOTZYUVGZKSHR-UHFFFAOYSA-N,False,Organic compounds,Benzenoids,Anthracenes,Anthraquinones,Anthraquinones,Aromatic homopolycyclic compounds
DKRYRFRNGLTDMB-UHFFFAOYSA-N,False,Organic compounds,Benzenoids,Benzene and substituted derivatives,Nitrobenzenes,Nitrophenyl ethers,Aromatic homomonocyclic compounds
LBKFGYZQBSGRHY-UHFFFAOYSA-N,False,Organic compounds,Benzenoids,Benzene and substituted derivatives,Benzoic acids and derivatives,P-methoxybenzoic acids and derivatives,Aromatic homomonocyclic compounds
JGQKORRBYIBYOF-UHFFFAOYSA-N,False,Organic compounds,Benzenoids,Benzene and substituted derivatives,Phenylmethylamines,Phenylbenzamines,Aromatic homomonocyclic compounds
LWJNWXYSLBGWDU-UHFFFAOYSA-N,False,Organic compounds,Benzenoids,Benzene and substituted derivatives,Anilides,Anilides,Aromatic homomonocyclic compounds
LMFLGETWXFOVMQ-UHFFFAOYSA-N,False,Organic compounds,Lipids and lipid-like molecules,Fatty Acyls,Fatty acid esters,Fatty acid esters,Aromatic homomonocyclic compounds
DFZSBQYOXAUYCB-UHFFFAOYSA-N,False,Organic compounds,Benzenoids,Benzene and substituted derivatives,Nitrobenzenes,Nitrobenzenes,Aromatic homomonocyclic compounds
SUDHEDJJFGYYPL-UHFFFAOYSA-N,False,Organic compounds,Organic acids and derivatives,Carboxylic acids and derivatives,"Amino acids, peptides, and analogues",Carbamate esters,Aliphatic acyclic compounds
OCINXEZVIIVXFU-UHFFFAOYSA-N,True,Organic compounds,Benzenoids,Benzene and substituted derivatives,Diphenylethers,Diphenylethers,Aromatic heteromonocyclic compounds
ZQGWBPQBZHMUFG-UHFFFAOYSA-N,False,Organic compounds,Organosulfur compounds,Thioureas,,Thioureas,Aliphatic acyclic compounds
SXINBFXPADXIEY-UHFFFAOYSA-N,False,Organic compounds,Organoheterocyclic compounds,Furans,Nitrofurans,Nitrofurans,Aromatic heteromonocyclic compounds
NQXUSSVLFOBRSE-UHFFFAOYSA-N,False,Organic compounds,Benzenoids,Phenols,Nitrophenols,Nitrophenols,Aromatic homomonocyclic compounds
OLUJYRYCQHJDKJ-UHFFFAOYSA-N,False,Organic compounds,Organic nitrogen compounds,Organonitrogen compounds,Cyclohexylamines,Cyclohexylamines,Aliphatic homomonocyclic compounds
ZAIANDVQAMEDFL-UHFFFAOYSA-N,False,Organic compounds,Phenylpropanoids and polyketides,Flavonoids,O-methylated flavonoids,3-O-methylated flavonoids,Aromatic heteropolycyclic compounds
ILPNRWUGFSPGAA-UHFFFAOYSA-N,False,Organic compounds,Organic oxygen compounds,Organooxygen compounds,Carbonyl compounds,Beta-diketones,Aliphatic acyclic compounds
CUTFAPGINUFNQM-UHFFFAOYSA-N,False,Organic compounds,Benzenoids,Phenols,Nitrophenols,Nitrophenols,Aromatic homomonocyclic compounds
RSIJVJUOQBWMIM-UHFFFAOYSA-L,False,Inorganic compounds,Mixed metal/non-metal compounds,Alkali metal oxoanionic compounds,Alkali metal sulfates,Alkali metal sulfates,
PVJZBZSCGJAWNG-UHFFFAOYSA-N,False,Organic compounds,Benzenoids,Benzene and substituted derivatives,Benzenesulfonyl compounds,Benzenesulfonyl chlorides,Aromatic homomonocyclic compounds
XXPBFNVKTVJZKF-UHFFFAOYSA-N,False,Organic compounds,Benzenoids,Phenanthrenes and derivatives,Hydrophenanthrenes,Hydrophenanthrenes,Aromatic homopolycyclic compounds
MWSMNBYIEBRXAL-UHFFFAOYSA-N,False,Organic compounds,Benzenoids,Benzene and substituted derivatives,Benzoic acids and derivatives,m-Hydroxybenzoic acid esters,Aromatic homomonocyclic compounds
SNCQITRZEBFIRW-UHFFFAOYSA-N,False,Organic compounds,Benzenoids,Benzene and substituted derivatives,Diphenylethers,Bromodiphenyl ethers,Aromatic homomonocyclic compounds
REDSKZBUUUQMSK-UHFFFAOYSA-N,False,Organic compounds,Organometallic compounds,Organo-post-transition metal compounds,Organotin compounds,Trialkyltins,
FRJNKYGTHPUSJR-UHFFFAOYSA-N,False,Organic compounds,Benzenoids,,,Benzenoids,Aromatic heteropolycyclic compounds
FRQUHSBKTAMSDF-UHFFFAOYSA-N,False,Organic compounds,Benzenoids,Phenol ethers,,Phenol ethers,Aromatic homomonocyclic compounds
CHBXCQHBCCLICW-UHFFFAOYSA-N,False,Organic compounds,Benzenoids,Phenol ethers,,Phenol ethers,Aromatic homomonocyclic compounds
WWQLXRAKBJVNCC-UHFFFAOYSA-N,False,Organic compounds,Benzenoids,Benzene and substituted derivatives,Benzophenones,Benzophenones,Aromatic homomonocyclic compounds
ZSRDNPVYGSFUMD-UHFFFAOYSA-N,False,Organic compounds,Benzenoids,Benzene and substituted derivatives,Benzyl alcohols,Benzyl alcohols,Aromatic homomonocyclic compounds
RFVHVYKVRGKLNK-UHFFFAOYSA-N,False,Organic compounds,Benzenoids,Benzene and substituted derivatives,Benzophenones,Benzophenones,Aromatic homomonocyclic compounds
XYZMOVWWVXBHDP-UHFFFAOYSA-N,False,Organic compounds,Organic nitrogen compounds,Organonitrogen compounds,Organic isocyanides,Organic isocyanides,Aliphatic homomonocyclic compounds
METKIMKYRPQLGS-LBPRGKRZSA-N,False,Organic compounds,Benzenoids,Benzene and substituted derivatives,Phenylacetamides,Phenylacetamides,Aromatic homomonocyclic compounds
LYINTWKRUWVLBA-UHFFFAOYSA-N,False,Organic compounds,Benzenoids,Benzene and substituted derivatives,,Benzene and substituted derivatives,Aromatic heteromonocyclic compounds
FWDFNLVLIXAOMX-UHFFFAOYSA-N,False,Organic compounds,Organic oxygen compounds,Organooxygen compounds,Carbonyl compounds,Alkyl-phenylketones,Aromatic homomonocyclic compounds
UKRQMDIFLKHCRO-UHFFFAOYSA-N,False,Organic compounds,Benzenoids,Benzene and substituted derivatives,Benzoic acids and derivatives,Benzoic acids and derivatives,Aromatic homomonocyclic compounds
BVIAOQMSVZHOJM-UHFFFAOYSA-N,False,Organic compounds,Organoheterocyclic compounds,Imidazopyrimidines,Purines and purine derivatives,6-alkylaminopurines,Aromatic heteropolycyclic compounds
PCBCIXWBAPIVDV-UHFFFAOYSA-N,False,Organic compounds,Benzenoids,Phenols,Nitrophenols,Dinitrophenols,Aromatic homomonocyclic compounds
CJWHZQNUDAJJSB-UHFFFAOYSA-N,False,Organic compounds,Benzenoids,Phenanthrenes and derivatives,,Phenanthrenes and derivatives,Aromatic homopolycyclic compounds
LWTJEJCZJFZKEL-UHFFFAOYSA-N,False,Organic compounds,Organic oxygen compounds,Organooxygen compounds,Carbonyl compounds,Alkyl-phenylketones,Aromatic homomonocyclic compounds
ABOOPXYCKNFDNJ-UHFFFAOYSA-N,False,Organic compounds,Benzenoids,Benzene and substituted derivatives,2-phenoxypropionic acids,Aryloxyphenoxypropionic acids,Aromatic heteropolycyclic compounds
ARPUHYJMCVWYCZ-UHFFFAOYSA-N,False,Organic compounds,Organoheterocyclic compounds,Quinolines and derivatives,Quinoline carboxylic acids,Quinoline carboxylic acids,Aromatic heteropolycyclic compounds
KKAJSJJFBSOMGS-UHFFFAOYSA-N,False,Organic compounds,Organoheterocyclic compounds,Quinolines and derivatives,Benzoquinolines,Acridines,Aromatic heteropolycyclic compounds
CMGDVUCDZOBDNL-UHFFFAOYSA-N,False,Organic compounds,Organoheterocyclic compounds,Benzotriazoles,,Benzotriazoles,Aromatic heteropolycyclic compounds
KAATUXNTWXVJKI-NSHGMRRFSA-N,False,Organic compounds,Lipids and lipid-like molecules,Fatty Acyls,Fatty acid esters,Pyrethroids,Aromatic homomonocyclic compounds
WWDOVTHLTQFGOZ-WAYWQWQTSA-N,False,Organic compounds,Lipids and lipid-like molecules,Fatty Acyls,Fatty alcohols,Fatty alcohols,Aliphatic acyclic compounds
CEEDFYRUPAWDOU-UHFFFAOYSA-N,False,Organic compounds,Benzenoids,Benzene and substituted derivatives,2-phenoxypropionic acid esters,2-phenoxypropionic acid esters,Aromatic homomonocyclic compounds
VSIIHWOJPSSIDI-UHFFFAOYSA-N,False,Organic compounds,Benzenoids,Phenol ethers,,Phenol ethers,Aromatic homomonocyclic compounds
OOLBCHYXZDXLDS-SECBINFHSA-N,False,Organic compounds,Benzenoids,Benzene and substituted derivatives,2-phenoxypropionic acids,Aryloxyphenoxypropionic acids,Aromatic homomonocyclic compounds
RXDBSQXFIWBJSR-UHFFFAOYSA-N,False,Organic compounds,Organic acids and derivatives,Carboxylic acids and derivatives,"Amino acids, peptides, and analogues",Alpha amino acids and derivatives,Aromatic heteromonocyclic compounds
OBCFOPGCTNULTG-UHFFFAOYSA-N,False,Organic compounds,Benzenoids,Benzene and substituted derivatives,Nitrobenzenes,Nitrophenyl ethers,Aromatic homomonocyclic compounds
HLBRGVKRZQSQHB-UHFFFAOYSA-N,True,Organic compounds,Lipids and lipid-like molecules,Fatty Acyls,Fatty acids and conjugates,Medium-chain fatty acids,Aliphatic acyclic compounds
XTBXSCIWOVSSGB-UHFFFAOYSA-N,True,Organic compounds,Lipids and lipid-like molecules,Fatty Acyls,Fatty acids and conjugates,Medium-chain fatty acids,Aliphatic acyclic compounds
LRWIIEJPCFNNCZ-UHFFFAOYSA-N,True,Organic compounds,Lipids and lipid-like molecules,Fatty Acyls,Fatty acids and conjugates,Medium-chain fatty acids,Aliphatic acyclic compounds
OOLBCHYXZDXLDS-VIFPVBQESA-N,False,Organic compounds,Benzenoids,Benzene and substituted derivatives,2-phenoxypropionic acids,Aryloxyphenoxypropionic acids,Aromatic homomonocyclic compounds
DAAHPDZFLSFYPJ-UHFFFAOYSA-N,False,Organic compounds,Benzenoids,Benzene and substituted derivatives,Benzoyl derivatives,Benzoyl derivatives,Aromatic homomonocyclic compounds
WHZXTVOEGZRRJM-UHFFFAOYSA-N,True,Organic compounds,Lipids and lipid-like molecules,Fatty Acyls,Fatty acids and conjugates,Medium-chain fatty acids,Aliphatic acyclic compounds
PMJHHCWVYXUKFD-SNAWJCMRSA-N,False,Organic compounds,Hydrocarbons,Unsaturated hydrocarbons,Olefins,Alkadienes,Aliphatic acyclic compounds
GLDQAMYCGOIJDV-UHFFFAOYSA-N,False,Organic compounds,Benzenoids,Benzene and substituted derivatives,Benzoic acids and derivatives,Salicylic acids,Aromatic homomonocyclic compounds
KEIFWROAQVVDBN-UHFFFAOYSA-N,False,Organic compounds,Benzenoids,Naphthalenes,,Naphthalenes,Aromatic homopolycyclic compounds
RRBYUSWBLVXTQN-UHFFFAOYSA-N,False,Organic compounds,Lipids and lipid-like molecules,Prenol lipids,Monoterpenoids,Bicyclic monoterpenoids,Aliphatic homopolycyclic compounds
QSWDMMVNRMROPK-UHFFFAOYSA-K,False,Inorganic compounds,Mixed metal/non-metal compounds,Transition metal salts,Transition metal chlorides,Transition metal chlorides,
MHVJRKBZMUDEEV-APQLOABGSA-N,False,Organic compounds,Lipids and lipid-like molecules,Prenol lipids,Diterpenoids,Diterpenoids,Aliphatic homopolycyclic compounds
IQRUSQUYPCHEKN-UHFFFAOYSA-N,False,Organic compounds,Organohalogen compounds,Organoiodides,,Organoiodides,Aliphatic acyclic compounds
KVZJLSYJROEPSQ-UHFFFAOYSA-N,False,Organic compounds,Hydrocarbons,Saturated hydrocarbons,Cycloalkanes,Cycloalkanes,Aliphatic homomonocyclic compounds
SGVUHPSBDNVHKL-UHFFFAOYSA-N,False,Organic compounds,Hydrocarbons,Saturated hydrocarbons,Cycloalkanes,Cycloalkanes,Aliphatic homomonocyclic compounds
KIWATKANDHUUOB-UHFFFAOYSA-N,False,Organic compounds,Organic acids and derivatives,Carboxylic acids and derivatives,Carboxylic acid derivatives,Carboxylic acid esters,Aliphatic acyclic compounds
YHHKGKCOLGRKKB-UHFFFAOYSA-N,False,Organic compounds,Benzenoids,Benzene and substituted derivatives,,Benzene and substituted derivatives,Aromatic homomonocyclic compounds
DQDZQHMCPDUUPC-UHFFFAOYSA-N,False,Organic compounds,Benzenoids,Benzene and substituted derivatives,Benzenesulfonamides,Benzenesulfonamides,Aromatic heteromonocyclic compounds
WWJJVKAEQGGYHJ-UHFFFAOYSA-N,False,Organic compounds,Organic acids and derivatives,Organic thiophosphoric acids and derivatives,Thiophosphoric acid esters,Thiophosphate diesters,Aliphatic acyclic compounds
WCEIQUQVIOGRBF-UHFFFAOYSA-N,False,Organic compounds,Lipids and lipid-like molecules,Prenol lipids,Sesquiterpenoids,Sesquiterpenoids,Aliphatic homopolycyclic compounds
PMJHHCWVYXUKFD-PLNGDYQASA-N,False,Organic compounds,Hydrocarbons,Unsaturated hydrocarbons,Olefins,Alkadienes,Aliphatic acyclic compounds
KVZJLSYJROEPSQ-OCAPTIKFSA-N,False,Organic compounds,Hydrocarbons,Saturated hydrocarbons,Cycloalkanes,Cycloalkanes,Aliphatic homomonocyclic compounds
PYOLJOJPIPCRDP-UHFFFAOYSA-N,False,Organic compounds,Hydrocarbons,Saturated hydrocarbons,Cycloalkanes,Cycloalkanes,Aliphatic homomonocyclic compounds
KUEDAAUECWBMLW-UHFFFAOYSA-N,False,Organic compounds,Organic nitrogen compounds,Organonitrogen compounds,Amines,Trialkylamines,Aliphatic acyclic compounds
GXOHBWLPQHTYPF-UHFFFAOYSA-N,False,Organic compounds,Organic acids and derivatives,Carboxylic acids and derivatives,Carboxylic acid derivatives,Carboxylic acid esters,Aliphatic acyclic compounds
LWBPNIJBHRISSS-UHFFFAOYSA-L,False,Inorganic compounds,Mixed metal/non-metal compounds,Alkaline earth metal salts,Alkaline earth metal chlorides,Alkaline earth metal chlorides,
XOKSLPVRUOBDEW-CIUDSAMLSA-N,False,Organic compounds,Lipids and lipid-like molecules,Prenol lipids,Monoterpenoids,Bicyclic monoterpenoids,Aliphatic homopolycyclic compounds
CRORGGSWAKIXSA-UHFFFAOYSA-N,False,Organic compounds,Organic acids and derivatives,Carboxylic acids and derivatives,Carboxylic acid derivatives,Carboxylic acid esters,Aliphatic acyclic compounds
MVZZUMCHPFHUOS-UHFFFAOYSA-N,False,Organic compounds,Lipids and lipid-like molecules,Prenol lipids,Sesquiterpenoids,Sesquiterpenoids,Aliphatic homopolycyclic compounds
HMBBJSKXDBUNNT-UHFFFAOYSA-N,False,Organic compounds,Benzenoids,Benzene and substituted derivatives,Biphenyls and derivatives,Polybrominated biphenyls,Aromatic homomonocyclic compounds
BTAGRXWGMYTPBY-UHFFFAOYSA-N,False,Organic compounds,Benzenoids,Benzene and substituted derivatives,Biphenyls and derivatives,Polychlorinated biphenyls,Aromatic homomonocyclic compounds
RONWGALEIBILOG-VMJVVOMYSA-N,False,Organic compounds,Alkaloids and derivatives,Cinchona alkaloids,,Cinchona alkaloids,
RYPKRALMXUUNKS-UHFFFAOYSA-N,False,Organic compounds,Hydrocarbons,Unsaturated hydrocarbons,Unsaturated aliphatic hydrocarbons,Unsaturated aliphatic hydrocarbons,Aliphatic acyclic compounds
QGPKADBNRMWEQR-UHFFFAOYSA-N,False,Organic compounds,Organoheterocyclic compounds,Quinolines and derivatives,Quinoline carboxylic acids,Quinoline carboxylic acids,Aromatic heteropolycyclic compounds
GFNKTLQTQSALEJ-UHFFFAOYSA-N,False,Organic compounds,Benzenoids,Benzene and substituted derivatives,Nitrobenzenes,Nitrobenzenes,Aromatic homomonocyclic compounds
XOJVVFBFDXDTEG-UHFFFAOYSA-N,False,Organic compounds,Lipids and lipid-like molecules,Prenol lipids,Diterpenoids,Acyclic diterpenoids,Aliphatic acyclic compounds
WIHMBLDNRMIGDW-UHFFFAOYSA-N,False,Organic compounds,Benzenoids,Benzene and substituted derivatives,Phenylbutylamines,Phenylbutylamines,Aromatic heteropolycyclic compounds
BWDBEAQIHAEVLV-UHFFFAOYSA-N,False,Organic compounds,Lipids and lipid-like molecules,Fatty Acyls,Fatty alcohols,Fatty alcohols,Aliphatic acyclic compounds
IYLLULUTZPKQBW-UHFFFAOYSA-N,False,Organic compounds,Organoheterocyclic compounds,Quinolines and derivatives,Benzoquinolines,Acridines,
KBJMLQFLOWQJNF-UHFFFAOYSA-N,False,Inorganic compounds,Mixed metal/non-metal compounds,Transition metal oxoanionic compounds,Transition metal nitrates,Transition metal nitrates,
ILPBINAXDRFYPL-HWKANZROSA-N,False,Organic compounds,Hydrocarbons,Unsaturated hydrocarbons,Unsaturated aliphatic hydrocarbons,Unsaturated aliphatic hydrocarbons,Aliphatic acyclic compounds
JGTNAGYHADQMCM-UHFFFAOYSA-N,True,Organic compounds,Organohalogen compounds,Alkyl halides,Alkyl fluorides,Perfluoroalkyl sulfonic acid and derivatives,Aliphatic acyclic compounds
NQMRYBIKMRVZLB-UHFFFAOYSA-N,False,Organic compounds,Organic nitrogen compounds,Organonitrogen compounds,Amines,Monoalkylamines,Aliphatic acyclic compounds
ZMRUPTIKESYGQW-PFEQFJNWSA-N,False,Organic compounds,Benzenoids,Naphthalenes,,Naphthalenes,Aromatic homopolycyclic compounds
ZMRUPTIKESYGQW-UQKRIMTDSA-N,False,Organic compounds,Benzenoids,Naphthalenes,,Naphthalenes,Aromatic homopolycyclic compounds
