smiles,logS,weight,source,in_pool,in_strict_PFAS
B12B3B4B1C234,-4.7424,0.25,aqsol,True,False
BrC(Br)(Br)Br,-3.14005,1.0,aqsol,True,False
BrC(Br)Br,-1.88302,1.0,aqsol,True,False
BrC(Br)C(Br)Br,-2.72511,1.0,aqsol,True,False
BrC1CC(Br)CC(Br)CC(Br)CC(Br)CC(Br)C1,-6.99043,0.25,aqsol,True,False
BrC1CCC(Br)C(Br)CCC(Br)C(Br)CCC1Br,-7.87104,0.675,aqsol,True,False
BrC1CCCCC1,-2.29597,1.0,aqsol,True,False
BrCBr,-1.18173,1.0,aqsol,True,False
BrCC(Br)Br,-2.72896,0.675,aqsol,True,False
BrCC(CBr)(CBr)CBr,-5.38163,0.675,aqsol,True,False
BrCCBr,-1.67319,1.0,aqsol,True,False
BrCCCBr,-2.07765,1.0,aqsol,True,False
BrCCCCBr,-2.79008,0.675,aqsol,True,False
BrCCc1ccccc1,-3.67841,0.675,aqsol,True,False
Brc1c(Br)c(Br)c(Br)c(Br)c1Br,-9.53904,0.675,aqsol,True,False
Brc1c(Br)c(Br)c(CCc2c(Br)c(Br)c(Br)c(Br)c2Br)c(Br)c1Br,-9.12999,0.25,aqsol,True,False
Brc1c(Br)c(Br)c(Oc2c(Br)c(Br)c(Br)c(Br)c2Br)c(Br)c1Br,-9.9819,0.25,aqsol,True,False
Brc1cc(Br)c(Br)cc1Br,-6.98531,1.0,aqsol,True,False
Brc1cc(Br)c(OCCOc2c(Br)cc(Br)cc2Br)c(Br)c1,-6.53863,0.675,aqsol,True,False
Brc1cc(Br)cc(Br)c1,-5.60006,1.0,aqsol,True,False
Brc1cc2oc3cc(Br)c(Br)cc3c2cc1Br,-6.83982,0.675,aqsol,True,False
Brc1ccc(Br)cc1,-4.07069,1.0,aqsol,True,False
Brc1ccc(I)cc1,-4.50362,1.0,aqsol,True,False
Brc1ccc2ccccc2c1,-4.40002,1.0,aqsol,True,False
Brc1cccc(Br)c1,-3.54114,1.0,aqsol,True,False
Brc1ccccc1,-2.55151,1.0,aqsol,True,False
Brc1ccccn1,-0.880915,1.0,aqsol,True,False
C#CC#C,-0.724037,0.675,aqsol,True,False
C#CCCCC,-2.33846,1.0,aqsol,True,False
C#CCCCC#C,-1.747,0.75,aqsol,True,False
C#CCCCCCC#C,-2.98191,1.0,aqsol,True,False
C#Cc1ccccc1,-2.35004,1.0,aqsol,True,False
C/C(=C/C(=O)O)C(=O)O,0.7795,0.25,aqsol,True,False
C/C=C/C#N,-0.428889,0.675,aqsol,True,False
C/C=C/C(=O)C1=C(C)C=CCC1(C)C,-3.00525,0.25,aqsol,True,False
C/C=C/C=O,0.32,1.0,aqsol,True,False
C1CCC2CCCCC2C1,-5.19073,0.846154,aqsol,True,False
C1CCC2CCCCC2C1,-4.14068,0.153846,aqsol,True,False
C1CCCC1,-2.64364,1.0,aqsol,True,False
C1CCCCC1,-3.12867,1.0,aqsol,True,False
C1CCCCCC1,-3.5155,1.0,aqsol,True,False
C1CCCCCCC1,-4.15859,1.0,aqsol,True,False
C1CCCCCCCCCCC1,-7.02203,0.25,aqsol,True,False
C1CCCNCC1,-0.49,0.25,aqsol,True,False
C1CCN2C[C@@H]3C[C@@H](CN4CCCC[C@H]34)[C@@H]2C1,-1.8871,0.25,aqsol,True,False
C1CCNC1,1.14938,1.0,aqsol,True,False
C1CCNCC1,1.06997,1.0,aqsol,True,False
C1CCOC1,0.538553,0.707831,aqsol,True,False
C1CCOC1,1.14165,0.292169,aqsol,True,False
C1CCOCC1,-0.0304127,1.0,aqsol,True,False
C1CCOCOC1,0.41079,0.25,aqsol,True,False
C1CCSC1,-1.18192,0.25,aqsol,True,False
C1CN1,1.36846,0.675,aqsol,True,False
C1CN2CCN1CC2,0.6031,0.75,aqsol,True,False
C1CNCCN1,0.411,0.0653846,aqsol,True,False
C1CNCCN1,1.0675,0.934615,aqsol,True,False
C1CNCCNCCNCCN1,-0.0310204,0.25,aqsol,True,False
C1CO1,1.35745,1.0,aqsol,True,False
C1COC1,1.23852,0.675,aqsol,True,False
C1COCCN1,1.05998,1.0,aqsol,True,False
C1COCCO1,1.05319,1.0,aqsol,True,False
C1COCO1,1.1301,0.75,aqsol,True,False
C1CSCCS1,-1.60107,0.675,aqsol,True,False
C1N2CN3CN1CN(C2)C3,0.792403,0.25,aqsol,True,False
C1NNCN2CNNCN12,-0.0128,0.675,aqsol,True,False
C1OC1C1CO1,1.065,0.75,aqsol,True,False
C1OCOCO1,0.305812,1.0,aqsol,True,False
C=C(c1ccccc1)c1ccccc1,-4.4361,0.75,aqsol,True,False
C=C1CCOC1=O,0.184133,0.75,aqsol,True,False
C=CC#N,0.14881,1.0,aqsol,True,False
C=CC(=O)N1CCOCC1,0.850258,0.25,aqsol,True,False
C=CC(=O)NCNC(=O)C=C,-0.655243,0.25,aqsol,True,False
C=CC(=O)OC1C=CC2C3CCC(C3)C12,-3.70814,0.25,aqsol,True,False
C=CC(=O)OCC1CCCO1,-0.295452,0.25,aqsol,True,False
C=CC(=O)OCCCCCCCCCCOC(=O)C=C,-4.96088,0.25,aqsol,True,False
C=CC(=O)OCCCCCCOC(=O)C=C,-2.81934,0.25,aqsol,True,False
C=CC(=O)OCCCOCC(COCCCOC(=O)C=C)OCCCOC(=O)C=C,-2.55275,0.25,aqsol,True,False
C=CC(=O)OCCO,0.935036,0.75,aqsol,True,False
C=CC(=O)OCCOCCOCCOCCOC(=O)C=C,-0.500013,0.25,aqsol,True,False
C=CC(=O)OCCOc1ccccc1,-2.56363,0.25,aqsol,True,False
C=CC(=O)OCCn1c(=O)n(CCOC(=O)C=C)c(=O)n(CCOC(=O)C=C)c1=O,-2.45142,0.25,aqsol,True,False
C=CC=C,-1.8689,1.0,aqsol,True,False
C=CC=O,0.572263,1.0,aqsol,True,False
C=CCC1(CC=C)C(=O)NC(=O)NC1=O,-2.06402,1.0,aqsol,True,False
C=CCC=C,-2.08887,1.0,aqsol,True,False
C=CCCC=C,-2.68301,1.0,aqsol,True,False
C=CCCCCC=C,-4.02327,0.25,aqsol,True,False
C=CCCCCCC=O,-1.99725,0.25,aqsol,True,False
C=CCCCCCCCCC=O,-3.89319,0.25,aqsol,True,False
C=CCCCN=C=S,-2.90015,0.675,aqsol,True,False
C=CCCN=C=S,-2.391,0.25,aqsol,True,False
C=CCN(CC=C)C(=O)C(Cl)Cl,-1.61958,1.0,aqsol,True,False
C=CCN(CC=C)CC=C,-1.73981,0.675,aqsol,True,False
C=CCN=C=S,-1.6951,0.75,aqsol,True,False
C=CCNCC=C,-0.0585334,1.0,aqsol,True,False
C=CCOC(=O)CCC1CCCCC1,-4.06245,0.25,aqsol,True,False
C=CCOC(=O)COc1ccccc1,-2.53637,0.25,aqsol,True,False
C=CCOC(=O)OCCOCCOC(=O)OCC=C,-2.06526,0.25,aqsol,True,False
C=CCOC(=O)c1ccccc1C(=O)OCC=C,-3.14433,1.0,aqsol,True,False
C=CCOCC1CO1,0.077919,0.75,aqsol,True,False
C=CCOCC=C,-0.0203447,1.0,aqsol,True,False
C=CCOc1nc(OCC=C)nc(OCC=C)n1,-2.87423,0.25,aqsol,True,False
C=CCn1c(=O)n(CC=C)c(=O)n(CC=C)c1=O,-1.8526,0.25,aqsol,True,False
C=CN1CCCCCC1=O,-0.450786,0.25,aqsol,True,False
C=CN1CCN(C=C)C1=O,-1.15589,0.25,aqsol,True,False
C=COC1CCCCC1,-2.58254,0.25,aqsol,True,False
C=COC=C,-1.20638,1.0,aqsol,True,False
C=COCCCCOC=C,-2.64774,0.25,aqsol,True,False
C=COCCOCCOC=C,-1.05307,0.25,aqsol,True,False
C=CS(=O)(=O)CS(=O)(=O)C=C,-3.9199,0.25,aqsol,True,False
C=Cc1ccccn1,-0.5824,0.25,aqsol,True,False
C=Cc1ccncc1,-0.557963,0.675,aqsol,True,False
CC#N,0.26,0.692308,aqsol,True,False
CC#N,1.387,0.307692,aqsol,True,False
CC(=O)C(=O)c1ccccc1,-1.7558,0.25,aqsol,True,False
CC(=O)C(C)(C)C,-0.721169,1.0,aqsol,True,False
CC(=O)C(C)=O,0.366033,0.75,aqsol,True,False
CC(=O)C(N=Nc1ccccc1C(F)(F)F)C(=O)Nc1ccc2[nH]c(=O)[nH]c2c1,-7.45553,0.25,aqsol,True,True
CC(=O)C(N=Nc1ccccc1OCCOc1ccccc1N=NC(C(C)=O)C(=O)Nc1ccc2[nH]c(=O)[nH]c2c1)C(=O)Nc1ccc2[nH]c(=O)[nH]c2c1,-7.63449,0.25,aqsol,True,False
CC(=O)C(O)c1ccccc1,-1.1766,0.25,aqsol,True,False
CC(=O)C1CCC2C3CCC4=CC(=O)CCC4(C)C3C(O)CC12C,-3.82,0.25,aqsol,True,False
CC(=O)C1CCOC1=O,0.236513,1.0,aqsol,True,False
CC(=O)CC(=O)C(C)(C)C,-1.63,1.0,aqsol,True,False
CC(=O)CC(=O)Nc1ccc(C)cc1C,-1.99008,0.25,aqsol,True,False
CC(=O)CC(=O)Nc1ccc(NC(=O)CC(C)=O)cc1,-3.1275,0.25,aqsol,True,False
CC(=O)CC(=O)Nc1ccc2[nH]c(=O)[nH]c2c1,-2.52268,0.25,aqsol,True,False
CC(=O)CC(=O)Nc1ccccc1,-1.29908,0.25,aqsol,True,False
CC(=O)CC(=O)Nc1ccccc1C,-1.85019,0.25,aqsol,True,False
CC(=O)CC(=O)Nc1ccccc1Cl,-2.40654,0.25,aqsol,True,False
CC(=O)CC(=O)O,0.991,0.25,aqsol,True,False
CC(=O)CC(=O)OCCOC(=O)CC(C)=O,-0.0337559,0.25,aqsol,True,False
CC(=O)CC(=O)c1ccccc1,-2.62881,0.675,aqsol,True,False
CC(=O)CC(C)(C)C1CCCCC1,-3.54815,0.25,aqsol,True,False
CC(=O)CC(C)(C)O,0.934963,0.675,aqsol,True,False
CC(=O)CC(C)(C)c1ccccc1,-2.33767,0.25,aqsol,True,False
CC(=O)CC(C)=O,0.214838,1.0,aqsol,True,False
CC(=O)CC(N)=O,0.995227,0.25,aqsol,True,False
CC(=O)CC1CCCCN1,-0.450276,1.0,aqsol,True,False
CC(=O)CCC1=C(C)CCCC1(C)C,-3.65504,0.25,aqsol,True,False
CC(=O)CCCCCl,-1.41557,0.25,aqsol,True,False
CC(=O)CCc1ccc(O)cc1,-1.55204,0.25,aqsol,True,False
CC(=O)CCc1ccccc1,-1.71602,0.25,aqsol,True,False
CC(=O)CCl,-0.012,0.675,aqsol,True,False
CC(=O)CO,1.13011,0.675,aqsol,True,False
CC(=O)COc1c(C)cccc1C,-1.91854,0.25,aqsol,True,False
CC(=O)N(CCN(C(C)=O)C(C)=O)C(C)=O,-2.27923,0.25,aqsol,True,False
CC(=O)N(O)CCCCCNC(=O)CCC(=O)N(O)CCCCCNC(=O)CCC(=O)N(O)CCCCCN,-1.66981,0.658537,aqsol,True,False
CC(=O)N(O)CCCCCNC(=O)CCC(=O)N(O)CCCCCNC(=O)CCC(=O)N(O)CCCCCN,-0.39794,0.341463,aqsol,True,False
CC(=O)N1CCOCC1,0.888875,0.25,aqsol,True,False
CC(=O)NC(N)=O,-0.9,1.0,aqsol,True,False
CC(=O)NCC(=O)O,-0.649,0.75,aqsol,True,False
CC(=O)NCCNC(C)=O,0.675185,0.675,aqsol,True,False
CC(=O)NCCO,0.9867,0.25,aqsol,True,False
CC(=O)NNC(C)=O,0.328668,0.25,aqsol,True,False
CC(=O)Nc1c(I)cc(I)c(C(=O)O)c1I,-2.64,0.25,aqsol,True,False
CC(=O)Nc1cc(NS(=O)(=O)C(F)(F)F)c(C)cc1C,-3.23886,1.0,aqsol,True,True
CC(=O)Nc1ccc(Br)cc1C,-1.756,0.25,aqsol,True,False
CC(=O)Nc1ccc(C)cc1,-2.0917,0.675,aqsol,True,False
CC(=O)Nc1ccc(Cl)cc1,-2.84086,1.0,aqsol,True,False
CC(=O)Nc1ccc(I)cc1,-3.25,1.0,aqsol,True,False
CC(=O)Nc1ccc(NC(=O)c2cc3ccccc3cc2O)cc1,-5.25035,0.25,aqsol,True,False
CC(=O)Nc1ccc(O)cc1,-2.71897,0.004811,aqsol,True,False
CC(=O)Nc1ccc(O)cc1,-1.03011,0.865292,aqsol,True,False
CC(=O)Nc1ccc(O)cc1,0.168113,0.129897,aqsol,True,False
CC(=O)Nc1ccc(OC(=O)c2ccccc2OC(C)=O)cc1,-4.19496,1.0,aqsol,True,False
CC(=O)Nc1cccc(O)c1,-1.06,0.25,aqsol,True,False
CC(=O)Nc1ccccc1,-1.31831,1.0,aqsol,True,False
CC(=O)Nc1ccccc1Cl,-1.40002,1.0,aqsol,True,False
CC(=O)Nc1ccccc1O,-2.22154,1.0,aqsol,True,False
CC(=O)OC(C)(C)C,-1.14262,1.0,aqsol,True,False
CC(=O)OC(C)(C)Cc1ccccc1,-2.39465,0.25,aqsol,True,False
CC(=O)OC(C)=O,0.0701149,1.0,aqsol,True,False
CC(=O)OC1=CCC2C3CCC(C3)C12,-3.00973,0.25,aqsol,True,False
CC(=O)OC1C2(C)CCC(C2)C1(C)C,-3.8746,0.25,aqsol,True,False
CC(=O)OC1CC2CCC1(C)C2(C)C,-3.93,0.25,aqsol,True,False
CC(=O)OC1CCC2CCCCC2C1,-3.5605,0.25,aqsol,True,False
CC(=O)OC1CCCCC1,-1.67,1.0,aqsol,True,False
CC(=O)OCC(=O)C1(O)CCC2C3CCC4=CC(=O)CCC4(C)C3C(O)CC21C,-4.5094,1.0,aqsol,True,False
CC(=O)OCC(=O)C1CCC2C3CCC4=CC(=O)CCC4(C)C3CCC12C,-4.67096,1.0,aqsol,True,False
CC(=O)OCCOC(C)=O,0.0821628,1.0,aqsol,True,False
CC(=O)OCCOCCOCCOC(C)=O,0.630324,0.25,aqsol,True,False
CC(=O)OCCS,-1.5,0.675,aqsol,True,False
CC(=O)OCCc1ccccc1,-2.23176,0.25,aqsol,True,False
CC(=O)OC[C@H]1CCC=C(CCC=C(C)C)C1,-4.97562,0.25,aqsol,True,False
CC(=O)OC[C@H]1O[C@H](O[C@]2(COC(C)=O)O[C@H](COC(C)=O)[C@@H](OC(C)=O)[C@@H]2OC(C)=O)[C@H](OC(C)=O)[C@@H](OC(C)=O)[C@@H]1OC(C)=O,-2.8726,0.25,aqsol,True,False
CC(=O)OCc1ccccc1,-1.68687,1.0,aqsol,True,False
CC(=O)OO,1.11959,0.675,aqsol,True,False
CC(=O)OOC(=O)c1ccccc1,-2.45007,0.675,aqsol,True,False
CC(=O)O[C@@H]1CCCC[C@@H]1C(C)(C)C,-4.29734,0.25,aqsol,True,False
CC(=O)O[C@@H]1C[C@@H]2CC[C@@]1(C)C2(C)C,-3.49632,0.25,aqsol,True,False
CC(=O)Oc1ccc(Br)cc1,-2.4166,0.25,aqsol,True,False
CC(=O)Oc1ccccc1,-1.3736,0.25,aqsol,True,False
CC(=O)[C@H]1CC[C@H]2[C@@H]3CCC4=CC(=O)CC[C@]4(C)[C@H]3CC[C@]12C,-4.53772,0.931707,aqsol,True,False
CC(=O)[C@H]1CC[C@H]2[C@@H]3CCC4=CC(=O)CC[C@]4(C)[C@H]3CC[C@]12C,-3.79861,0.0682927,aqsol,True,False
CC(=O)c1ccc(N)cc1,-1.60812,1.0,aqsol,True,False
CC(=O)c1ccc(O)cc1,-1.13813,0.75,aqsol,True,False
CC(=O)c1ccc2ccccc2c1,-2.79867,0.675,aqsol,True,False
CC(=O)c1cccc2ccccc12,-2.88463,0.25,aqsol,True,False
CC(=O)c1cccs1,-0.9549,0.25,aqsol,True,False
CC(C(=O)O)C(=O)O,0.759936,1.0,aqsol,True,False
CC(C)(C(=O)O)C(=O)O,-0.167,0.75,aqsol,True,False
CC(C)(C)Br,-2.35887,0.75,aqsol,True,False
CC(C)(C)C,-3.33811,1.0,aqsol,True,False
CC(C)(C)C(=O)C(Oc1ccc(Cl)cc1)n1ccnc1,-3.70309,0.25,aqsol,True,False
CC(C)(C)C(=O)C(Oc1ccc(Cl)cc1)n1cncn1,-3.61141,1.0,aqsol,True,False
CC(C)(C)C(=O)C1C(=O)c2ccccc2C1=O,-4.10862,1.0,aqsol,True,False
CC(C)(C)C(=O)OCCc1ccccc1,-3.67528,0.25,aqsol,True,False
CC(C)(C)C(C)(C)C,-4.87,0.25,aqsol,True,False
CC(C)(C)C(O)C(Cc1ccc(Cl)cc1Cl)n1cncn1,-4.56197,0.75,aqsol,True,False
CC(C)(C)C(O)C(Oc1ccc(Cl)cc1)n1cncn1,-3.39193,0.75,aqsol,True,False
CC(C)(C)C1CCC(=O)CC1,-2.41738,0.25,aqsol,True,False
CC(C)(C)C1CCC(O)CC1,-3.15787,0.675,aqsol,True,False
CC(C)(C)CC(C)(C)N(c1ccccc1)c1cccc2ccccc12,-8.29004,0.25,aqsol,True,False
CC(C)(C)CC(C)(C)c1ccc(O)cc1,-4.46946,0.25,aqsol,True,False
CC(C)(C)CCO,-1.1308,0.120482,aqsol,True,False
CC(C)(C)CCO,-0.5,0.879518,aqsol,True,False
CC(C)(C)CO,-0.400488,1.0,aqsol,True,False
CC(C)(C)Cl,-1.507,0.75,aqsol,True,False
CC(C)(C)N,1.13742,1.0,aqsol,True,False
CC(C)(C)N(NC(=O)c1ccc(Cl)cc1)C(=O)c1ccccc1,-4.44015,0.675,aqsol,True,False
CC(C)(C)N(Sc1nc2ccccc2s1)Sc1nc2ccccc2s1,-8.36294,0.25,aqsol,True,False
CC(C)(C)NC(=O)[C@@H]1C[C@@H]2CCCC[C@H]2C[NH2+]1,-2.16161,0.25,aqsol,True,False
CC(C)(C)NC[C@@H](O)COc1ccccc1C1CCCC1,-1.6195,0.25,aqsol,True,False
CC(C)(C)NSc1nc2ccccc2s1,-5.13672,0.25,aqsol,True,False
CC(C)(C)O,1.13002,0.75,aqsol,True,False
CC(C)(C)OO,0.884647,0.25,aqsol,True,False
CC(C)(C)OOC(=O)C(C)(C)C,-2.06796,0.25,aqsol,True,False
CC(C)(C)OOC(=O)c1ccccc1,-2.77643,0.25,aqsol,True,False
CC(C)(C)OOC(C)(C)C,-3.08735,0.75,aqsol,True,False
CC(C)(C)OOC(C)(C)C#CC(C)(C)OOC(C)(C)C,-5.11457,0.25,aqsol,True,False
CC(C)(C)OOC(C)(C)c1ccccc1,-4.29093,0.25,aqsol,True,False
CC(C)(C)S,-1.78785,0.25,aqsol,True,False
CC(C)(C)c1ccc(C=O)cc1,-3.13096,0.25,aqsol,True,False
CC(C)(C)c1ccc(CCC=O)cc1,-3.15883,0.25,aqsol,True,False
CC(C)(C)c1ccc(CCOc2ncnc3ccccc23)cc1,-6.1439,0.25,aqsol,True,False
CC(C)(C)c1ccc(O)c(O)c1,-1.91994,1.0,aqsol,True,False
CC(C)(C)c1ccc(O)cc1,-2.40848,1.0,aqsol,True,False
CC(C)(C)c1ccc(OCC2CO2)cc1,-3.43024,0.25,aqsol,True,False
CC(C)(C)c1ccc(OP(=O)(Oc2ccccc2)Oc2ccccc2)cc1,-5.0774,0.25,aqsol,True,False
CC(C)(C)c1ccccc1,-3.65928,1.0,aqsol,True,False
CC(C)(C)c1ccccc1O,-2.27813,0.675,aqsol,True,False
CC(C)(C)c1nnc(NS(=O)(=O)c2ccc(N)cc2)s1,-3.74,1.0,aqsol,True,False
CC(C)(C1CCC(O)CC1)C1CCC(O)CC1,-3.09761,0.25,aqsol,True,False
CC(C)(CC(=O)O)C(=O)O,-0.32,0.25,aqsol,True,False
CC(C)(CO)CO,0.901423,0.25,aqsol,True,False
CC(C)(CO)COC(=O)C(C)(C)CO,0.0682018,0.25,aqsol,True,False
CC(C)(CO)Cc1ccccc1,-2.04231,0.25,aqsol,True,False
CC(C)(CO)[N+](=O)[O-],1.4693,0.675,aqsol,True,False
CC(C)(COCc1cccc(Oc2ccccc2)c1)c1ccc(OC(F)(F)Br)cc1,-9.97996,0.675,aqsol,True,False
CC(C)(N)CO,1.0499,0.25,aqsol,True,False
CC(C)(O)C#N,1.07,0.25,aqsol,True,False
CC(C)(O)C(=O)c1ccccc1,-1.09153,0.25,aqsol,True,False
CC(C)(O)C(Cl)(Cl)Cl,-1.34745,1.0,aqsol,True,False
CC(C)(O)CCc1ccccc1,-1.55564,0.25,aqsol,True,False
CC(C)(O)CCl,0.160074,0.675,aqsol,True,False
CC(C)(OO)c1ccccc1,-1.03938,0.25,aqsol,True,False
CC(C)(OOC(C)(C)c1ccccc1)c1ccccc1,-5.7697,0.675,aqsol,True,False
CC(C)(S)C(N)C(=O)O,-0.129254,1.0,aqsol,True,False
CC(C)(SC(=O)N1CCCCC1)c1ccccc1,-4.11985,0.675,aqsol,True,False
CC(C)(c1cc(Br)c(O)c(Br)c1)c1cc(Br)c(O)c(Br)c1,-5.69411,0.25,aqsol,True,False
CC(C)(c1cc(Br)c(OCC(Br)CBr)c(Br)c1)c1cc(Br)c(OCC(Br)CBr)c(Br)c1,-9.81643,0.25,aqsol,True,False
CC(C)(c1cc(Br)c(OCC2CO2)c(Br)c1)c1cc(Br)c(OCC2CO2)c(Br)c1,-7.3953,0.25,aqsol,True,False
CC(C)(c1ccc(O)cc1)c1ccc(O)cc1,-3.0306,1.0,aqsol,True,False
CC(C)(c1ccc(OCC2CO2)cc1)c1ccc(OCC2CO2)cc1,-4.79962,0.25,aqsol,True,False
CC(C)(c1ccc(OCCO)cc1)c1ccc(OCCO)cc1,-3.45179,0.25,aqsol,True,False
CC(C)(c1ccc(Oc2ccc(N)cc2)cc1)c1ccc(Oc2ccc(N)cc2)cc1,-7.19173,0.25,aqsol,True,False
CC(C)(c1ccccc1)C(C)(C)c1ccccc1,-6.47417,0.25,aqsol,True,False
CC(C)(c1ccccc1)c1ccc(O)cc1,-4.09648,0.25,aqsol,True,False
CC(C)=CC1C(C(=O)OC(C#N)c2cccc(Oc3ccccc3)c2)C1(C)C,-7.5746,0.25,aqsol,True,False
CC(C)=CC1C(C(=O)OCN2C(=O)C3=C(CCCC3)C2=O)C1(C)C,-5.0166,1.0,aqsol,True,False
CC(C)=CC1C(C(=O)OCc2coc(Cc3ccccc3)c2)C1(C)C,-6.33422,0.675,aqsol,True,False
CC(C)=CC=O,0.116504,0.25,aqsol,True,False
CC(C)=CCCC(C)=CC=O,-2.05849,1.0,aqsol,True,False
CC(C)=CCO,-0.128995,0.25,aqsol,True,False
CC(C)=C[C@@H]1[C@@H](C(=O)OCN2C(=O)C3=C(CCCC3)C2=O)C1(C)C,-4.858,0.25,aqsol,True,False
CC(C)=O,1.23745,1.0,aqsol,True,False
CC(C)Br,-1.60295,1.0,aqsol,True,False
CC(C)C,-3.05133,0.592308,aqsol,True,False
CC(C)C,-2.55,0.407692,aqsol,True,False
CC(C)C(=O)C(C)C,-1.30089,1.0,aqsol,True,False
CC(C)C(=O)OC(=O)C(C)C,0.59179,0.25,aqsol,True,False
CC(C)C(=O)OCCOc1ccccc1,-3.02634,0.25,aqsol,True,False
CC(C)C(=O)OCCc1ccccc1,-3.07976,0.25,aqsol,True,False
CC(C)C(=O)OOC(C)(C)C,-1.607,0.25,aqsol,True,False
CC(C)C(=O)c1ccccc1,-2.35662,0.25,aqsol,True,False
CC(C)C(C(=O)OC(C#N)c1cccc(Oc2ccccc2)c1)c1ccc(OC(F)F)cc1,-6.87712,1.0,aqsol,True,False
CC(C)C(C)(C)C,-4.36,1.0,aqsol,True,False
CC(C)C(C)(C)C(C)(C)C(C)(C)S,-7.71183,0.25,aqsol,True,False
CC(C)C(C)(C)O,-0.407977,1.0,aqsol,True,False
CC(C)C(C)C,-3.61911,1.0,aqsol,True,False
CC(C)C(C)C(C)C,-4.73894,1.0,aqsol,True,False
CC(C)C(C)C(C)C(O)C#CC(C)C(C)O,-2.2756,0.25,aqsol,True,False
CC(C)C(NC(N)=O)NC(N)=O,-1.80969,0.25,aqsol,True,False
CC(C)C(O)(c1ccc(OC(F)(F)F)cc1)c1cncnc1,-3.4377,0.25,aqsol,True,True
CC(C)C(O)C(C)(C)CO,-0.804787,0.675,aqsol,True,False
CC(C)C(O)C(C)C,-1.22001,1.0,aqsol,True,False
CC(C)C1CCC(O)CC1,-2.06809,0.25,aqsol,True,False
CC(C)C1CCCCC1,-5.31163,0.25,aqsol,True,False
CC(C)C1OC2(CCCC2)OCC1(C)C,-3.52424,0.25,aqsol,True,False
CC(C)C=O,0.0340579,0.75,aqsol,True,False
CC(C)CBr,-2.43072,1.0,aqsol,True,False
CC(C)CC(=O)CC(C)C,-2.45406,0.212766,aqsol,True,False
CC(C)CC(=O)CC(C)C,-1.73054,0.787234,aqsol,True,False
CC(C)CC(C)(C)C,-4.73114,1.0,aqsol,True,False
CC(C)CC(C)(C)O,-0.931169,1.0,aqsol,True,False
CC(C)CC(C)C,-4.2603,1.0,aqsol,True,False
CC(C)CC(C)O,-0.797518,1.0,aqsol,True,False
CC(C)CC(N)C(=O)NC(CC(C)C)C(=O)O,-0.69,0.25,aqsol,True,False
CC(C)CC(O)CC(C)C,-2.22085,1.0,aqsol,True,False
CC(C)CC(c1ccc(O)cc1)c1ccc(O)cc1,-3.36904,0.675,aqsol,True,False
CC(C)CC1(C)OCC(CO)O1,-0.70598,0.25,aqsol,True,False
CC(C)CC1CC(C)(O)CCO1,2.13768,0.25,aqsol,True,False
CC(C)CC1CC(C)CCO1,-3.07993,0.25,aqsol,True,False
CC(C)CC=O,-0.77792,0.675,aqsol,True,False
CC(C)CCBr,-2.88846,1.0,aqsol,True,False
CC(C)CCC(C)(C)C,-5.04868,1.0,aqsol,True,False
CC(C)CCC(C)(O)C#CC(C)(O)CCC(C)C,-3.43753,0.25,aqsol,True,False
CC(C)CCC(C)Nc1ccc(NC(C)CCC(C)C)cc1,-5.57513,0.25,aqsol,True,False
CC(C)CCC(C)Nc1ccc(Nc2ccccc2)cc1,-5.62484,0.25,aqsol,True,False
CC(C)CCCC(C)(C)O,-2.28698,0.25,aqsol,True,False
CC(C)CCCC(C)CC#N,-3.58776,0.25,aqsol,True,False
CC(C)CCCC(C)CC=O,-3.80648,0.25,aqsol,True,False
CC(C)CCCC(C)CCCC(C)CCCCC(C)CCCC(C)CCCC(C)C,-5.14904,0.25,aqsol,True,False
CC(C)CCCC(C)CCO,-3.39326,0.25,aqsol,True,False
CC(C)CCCCCCCCCCCCCCC(=O)OC(CO)CO,-6.8556,0.25,aqsol,True,False
CC(C)CCCCCCCCCCCCCCC(=O)OCC(COC(=O)CCCCCCCCCCCCCCC(C)C)(COC(=O)CCCCCCCCCCCCCCC(C)C)COC(=O)CCCCCCCCCCCCCCC(C)C,-7.38094,0.25,aqsol,True,False
CC(C)CCCCCCCCCCCCCCC(=O)OCC(COC(=O)CCCCCCCCCCCCCCC(C)C)OC(=O)CCCCCCCCCCCCCCC(C)C,-8.45876,0.25,aqsol,True,False
CC(C)CCCCCCCCCCCCCCCO,-6.25608,0.25,aqsol,True,False
CC(C)CCCCCCCCCCCCCCCOC(=O)CC(O)C(=O)OCCCCCCCCCCCCCCCC(C)C,-7.99263,0.25,aqsol,True,False
CC(C)CCCCCCCCCCCCCCCOC(=O)CCCCCCCCCCCCCCC(C)C,-7.0865,0.25,aqsol,True,False
CC(C)CCCCCCCCCCO,-5.00079,0.25,aqsol,True,False
CC(C)CCCCCCCCCCOC(=O)CCCCC(=O)OCCCCCCCCCCC(C)C,-5.70829,0.25,aqsol,True,False
CC(C)CCCCCCCCCCOC(=O)c1ccccc1C(=O)OCCCCCCCCCCC(C)C,-5.72496,0.25,aqsol,True,False
CC(C)CCCCCCCCOCCCNCCC#N,-3.61847,0.25,aqsol,True,False
CC(C)CCCCCCCO,-3.32438,0.25,aqsol,True,False
CC(C)CCCCCCCOC(=O)CCCCC(=O)OCCCCCCCC(C)C,-6.6301,0.25,aqsol,True,False
CC(C)CCCCCCCOC(=O)CCCCCCCC(=O)OCCCCCCCC(C)C,-6.97198,0.25,aqsol,True,False
CC(C)CCCCCCCOC(=O)CCCCCCCCC(=O)OCCCCCCCC(C)C,-7.25239,0.25,aqsol,True,False
CC(C)CCCCCCCOC(=O)c1ccccc1C(=O)OCCCCCCCC(C)C,-9.41954,0.25,aqsol,True,False
CC(C)CCCCCCCOCCCNCCCN,-3.20488,0.25,aqsol,True,False
CC(C)CCCCCCCOP(=O)(Oc1ccccc1)Oc1ccccc1,-5.7165,0.25,aqsol,True,False
CC(C)CCCCCCCOP(OCCCCCCCC(C)C)Oc1ccccc1,-6.38203,0.25,aqsol,True,False
CC(C)CCCCCCO,-2.487,0.75,aqsol,True,False
CC(C)CCCCCCOC(=O)CCCCC(=O)OCCCCCCC(C)C,-6.60057,0.25,aqsol,True,False
CC(C)CCCCCCc1ccc(O)cc1,-4.58725,0.25,aqsol,True,False
CC(C)CCCCCO,-2.30141,0.675,aqsol,True,False
CC(C)CCCCCOC(=O)CCCCC(=O)OCCCCCC(C)C,-6.8699,0.25,aqsol,True,False
CC(C)CCCCCOC(=O)CCS,-4.45438,0.25,aqsol,True,False
CC(C)CCCCCOC(=O)CS,-4.28504,0.25,aqsol,True,False
CC(C)CCCO,-1.13811,1.0,aqsol,True,False
CC(C)CCO,-0.511235,1.0,aqsol,True,False
CC(C)CCOC(=O)CC(C)C,-3.55406,0.25,aqsol,True,False
CC(C)CCOC(=O)c1ccccc1C(=O)OCCC(C)C,-5.4449,0.25,aqsol,True,False
CC(C)CCOC(=O)c1ccccc1O,-3.15865,1.0,aqsol,True,False
CC(C)CCOC=O,-1.52971,1.0,aqsol,True,False
CC(C)CCOCCC(C)C,-3.76011,0.25,aqsol,True,False
CC(C)CCOCCC(C)C,-2.898,0.5,aqsol,True,False
CC(C)CCOCCc1ccccc1,-3.93374,0.25,aqsol,True,False
CC(C)CCO[N+](=O)[O-],-2.48033,0.675,aqsol,True,False
CC(C)CCl,-2.0,1.0,aqsol,True,False
CC(C)CN,1.13743,1.0,aqsol,True,False
CC(C)CN1CCOCC1,-0.708963,0.675,aqsol,True,False
CC(C)CO,0.0585889,1.0,aqsol,True,False
CC(C)COC(=O)C(C)C,-2.3066,1.0,aqsol,True,False
CC(C)COC(=O)C1CCCCC1C(=O)OCC(C)C,-4.19124,0.25,aqsol,True,False
CC(C)COC(=O)Cc1ccccc1,-3.27105,0.25,aqsol,True,False
CC(C)COC(=O)[C@H](C)Cl,-2.51754,0.25,aqsol,True,False
CC(C)COC(=O)c1cc(N)c(Cl)c(N)c1,-2.73828,0.25,aqsol,True,False
CC(C)COC(=O)c1ccc(N)cc1,-2.94249,1.0,aqsol,True,False
CC(C)COC(=O)c1ccccc1C(=O)OCC(C)C,-4.61441,1.0,aqsol,True,False
CC(C)COC(C)(C)C,0.885286,0.25,aqsol,True,False
CC(C)COC=O,-1.0067,1.0,aqsol,True,False
CC(C)COP(=O)(OCC(C)C)OCC(C)C,-3.00215,0.25,aqsol,True,False
CC(C)CO[N+](=O)[O-],-1.9521,0.25,aqsol,True,False
CC(C)COc1ccc2ccccc2c1,-5.21063,0.675,aqsol,True,False
CC(C)Cc1ccccc1,-4.12056,1.0,aqsol,True,False
CC(C)Cc1ncc[nH]1,-1.04956,0.675,aqsol,True,False
CC(C)Cl,-1.40677,1.0,aqsol,True,False
CC(C)I,-2.08736,1.0,aqsol,True,False
CC(C)N,1.2281,0.75,aqsol,True,False
CC(C)N(C(=O)CCl)c1ccccc1,-2.48031,1.0,aqsol,True,False
CC(C)N(C(=O)CO)c1ccc(F)cc1,-1.17864,0.25,aqsol,True,False
CC(C)N(C)C,1.05989,0.675,aqsol,True,False
CC(C)N(CCC(C(N)=O)(c1ccccc1)c1ccccn1)C(C)C,-1.7,0.25,aqsol,True,False
CC(C)N(CCO)C(C)C,-1.0829,0.25,aqsol,True,False
CC(C)N(N=O)C(C)C,-1.00055,1.0,aqsol,True,False
CC(C)NC(C)C,0.03616,1.0,aqsol,True,False
CC(C)NCC(O)COc1cccc2[nH]ccc12,-3.79173,0.6,aqsol,True,False
CC(C)NP(=O)(F)NC(C)C,-0.357148,0.675,aqsol,True,False
CC(C)Nc1nc(N)nc(Cl)n1,-2.7061,0.75,aqsol,True,False
CC(C)O,0.43,0.692308,aqsol,True,False
CC(C)O,1.221,0.307692,aqsol,True,False
CC(C)OC(=O)C(C(=O)OC(C)C)=C1SCCS1,-3.76311,1.0,aqsol,True,False
CC(C)OC(=O)C(C)N(C(=O)c1ccccc1)c1ccc(F)c(Cl)c1,-4.40502,1.0,aqsol,True,False
CC(C)OC(=O)C(F)(F)F,-1.33608,0.25,aqsol,True,True
CC(C)OC(=O)C(O)(c1ccc(Br)cc1)c1ccc(Br)cc1,-4.93108,1.0,aqsol,True,False
CC(C)OC(=O)C(O)(c1ccc(Cl)cc1)c1ccc(Cl)cc1,-5.3544,0.153846,aqsol,True,False
CC(C)OC(=O)C(O)(c1ccc(Cl)cc1)c1ccc(Cl)cc1,-4.53,0.846154,aqsol,True,False
CC(C)OC(=O)CCC(=O)OC(C)C,-1.72932,0.25,aqsol,True,False
CC(C)OC(=O)CCCCC(=O)OC(C)C,-3.10703,0.25,aqsol,True,False
CC(C)OC(=O)CCCCCCCCC(=O)OC(C)C,-5.15596,0.25,aqsol,True,False
CC(C)OC(=O)COc1ccc(Cl)cc1Cl,-3.848,0.25,aqsol,True,False
CC(C)OC(=O)Nc1cccc(Cl)c1,-3.38005,1.0,aqsol,True,False
CC(C)OC(=O)Nc1ccccc1,-3.00053,1.0,aqsol,True,False
CC(C)OC(C)(C)C,-2.36749,1.0,aqsol,True,False
CC(C)OC(C)C,-1.6442,0.361446,aqsol,True,False
CC(C)OC(C)C,-1.1,0.638554,aqsol,True,False
CC(C)OC=O,-0.629708,1.0,aqsol,True,False
CC(C)OCCO,-0.0176551,0.212766,aqsol,True,False
CC(C)OCCO,0.982,0.787234,aqsol,True,False
CC(C)OP(=O)(F)OC(C)C,-1.07915,0.675,aqsol,True,False
CC(C)OP(=O)(OC(C)C)SCc1ccccc1,-2.8587,1.0,aqsol,True,False
CC(C)O[N+](=O)[O-],-1.45974,0.675,aqsol,True,False
CC(C)Oc1cccc(NC(=O)c2ccccc2C(F)(F)F)c1,-4.59483,1.0,aqsol,True,True
CC(C)SC(C)C,-2.24,1.0,aqsol,True,False
CC(C)[C@@H]1CC[C@@H](C)C[C@@H]1O,-2.5604,0.25,aqsol,True,False
CC(C)c1ccc(C=O)cc1,-2.78526,0.25,aqsol,True,False
CC(C)c1ccc(CCC=O)cc1,-3.30266,0.25,aqsol,True,False
CC(C)c1cccc2ccccc12,-4.78239,0.25,aqsol,True,False
CC(C)c1ccccc1,-3.27902,1.0,aqsol,True,False
CC(C)c1ccccc1C(C)C,-6.6028,0.25,aqsol,True,False
CC(C)c1nn(C(=O)NC(C)(C)C)c(=O)n1N,-1.71885,0.25,aqsol,True,False
CC(CC(=O)O)C(=O)O,0.628667,0.75,aqsol,True,False
CC(CC(=O)OOC(C)(C)C)CC(C)(C)C,-4.2101,0.25,aqsol,True,False
CC(CC(C)(C)C#N)c1ccccc1,-3.23508,0.25,aqsol,True,False
CC(CC(C)(C)C)CC(C)(C)CC(C)(C)C,-3.35497,0.25,aqsol,True,False
CC(CC=O)CC(C)(C)C,-2.67591,0.25,aqsol,True,False
CC(CC=O)c1ccccc1,-1.86983,0.25,aqsol,True,False
CC(CCC(=O)O)CC(=O)O,0.09,0.25,aqsol,True,False
CC(CCN)CC(C)(C)CN,0.478156,0.25,aqsol,True,False
CC(CCO)CC(C)(C)C,-2.55708,0.25,aqsol,True,False
CC(CCO)CCO,0.927471,0.25,aqsol,True,False
CC(CCO)CCc1ccccc1,-2.66003,0.25,aqsol,True,False
CC(CCOC(=O)CC(C)CC(C)(C)C)CC(C)(C)C,-8.27797,0.25,aqsol,True,False
CC(CCl)OC(C)CCl,-2.00185,1.0,aqsol,True,False
CC(CCl)OP(=O)(OC(C)CCl)OC(C)CCl,-2.43856,0.675,aqsol,True,False
CC(CN)CCCN,-1.32725,0.25,aqsol,True,False
CC(CN1CC(=O)NC(=O)C1)N1CC(=O)NC(=O)C1,-1.27,0.25,aqsol,True,False
CC(CO)C1CCCCCCCCCCC1,-5.45179,0.25,aqsol,True,False
CC(CO)CC(C)c1ccccc1,-2.34692,0.25,aqsol,True,False
CC(COC(=O)c1ccccc1)OC(=O)c1ccccc1,-4.5673,0.25,aqsol,True,False
CC(COc1ccccc1)NC(C)C(O)c1ccc(O)cc1,-1.53,0.25,aqsol,True,False
CC(Cl)(Cl)Cl,-2.00274,1.0,aqsol,True,False
CC(Cl)(Cl)[N+](=O)[O-],-1.7603,0.25,aqsol,True,False
CC(Cl)=CCl,-1.614,0.25,aqsol,True,False
CC(Cl)C(C)(C)Cl,-2.69,1.0,aqsol,True,False
CC(Cl)C(C)Cl,-2.51744,1.0,aqsol,True,False
CC(Cl)C(Cl)Cl,-1.88993,0.675,aqsol,True,False
CC(Cl)CCl,-1.60457,1.0,aqsol,True,False
CC(Cl)Cl,-1.2904,1.0,aqsol,True,False
CC(F)(Cl)Cl,-2.44178,0.675,aqsol,True,False
CC(F)(F)Cl,-1.8094,0.675,aqsol,True,False
CC(F)(F)F,-2.0431,0.25,aqsol,True,True
CC(F)F,-1.31313,1.0,aqsol,True,False
CC(N)(CO)CO,0.978074,0.675,aqsol,True,False
CC(N)=O,1.58034,1.0,aqsol,True,False
CC(N)=S,0.336072,1.0,aqsol,True,False
CC(N)CC(=O)O,1.03095,1.0,aqsol,True,False
CC(N)CN,1.13002,0.25,aqsol,True,False
CC(N)c1ccccc1,-0.464549,1.0,aqsol,True,False
CC(NC(=O)c1ccccc1)C(=O)O,-1.68144,0.675,aqsol,True,False
CC(O)C#N,1.14826,0.25,aqsol,True,False
CC(O)C(=O)N(C)C,1.63024,0.25,aqsol,True,False
CC(O)C(=O)NCCO,1.30703,0.25,aqsol,True,False
CC(O)C(C)Cc1ccccc1,-1.69697,0.25,aqsol,True,False
CC(O)C(C)Cl,-0.212074,0.675,aqsol,True,False
CC(O)C(N)C(=O)O,-0.0603273,1.0,aqsol,True,False
CC(O)CC(C)(C)O,0.9275,0.25,aqsol,True,False
CC(O)CC(C)(C)c1ccccc1,-2.14729,0.25,aqsol,True,False
CC(O)CC=O,1.05185,0.675,aqsol,True,False
CC(O)CCO,1.0452,0.25,aqsol,True,False
CC(O)CCOCCC(C)O,0.789963,0.675,aqsol,True,False
CC(O)CN,1.1243,0.25,aqsol,True,False
CC(O)CN(CC(C)O)C(=O)CCCCC(=O)N(CC(C)O)CC(C)O,0.210993,0.25,aqsol,True,False
CC(O)CN(CC(C)O)CC(C)O,0.555637,0.675,aqsol,True,False
CC(O)CN(CCCN(C)C)CCCN(C)C,0.610106,0.25,aqsol,True,False
CC(O)CN(CCN(CC(C)O)CC(C)O)CC(C)O,0.534,0.675,aqsol,True,False
CC(O)CNCC(C)O,0.813924,1.0,aqsol,True,False
CC(O)CO,1.11928,1.0,aqsol,True,False
CC(O)COC(C)CO,0.872111,0.675,aqsol,True,False
CC(O)COCc1c(Cl)ccc(Cl)c1Cl,-3.569,0.675,aqsol,True,False
CC(O)COc1ccccc1,-1.08941,0.675,aqsol,True,False
CC(O)CSCCCCCCCCC(C)(C)C,-4.73094,0.25,aqsol,True,False
CC(O)c1ccccc1,-1.6666,0.22619,aqsol,True,False
CC(O)c1ccccc1,-0.92,0.773809,aqsol,True,False
CC(c1ccccc1)c1ccccc1,-4.6925,0.25,aqsol,True,False
CC/C=C/CCOC(=O)OC,-3.06983,0.25,aqsol,True,False
CC1(C)C(=O)NC(=O)NC1=O,-1.7408,1.0,aqsol,True,False
CC1(C)C(C=C(Cl)Cl)C1C(=O)OC(C#N)c1ccc(F)c(Oc2ccccc2)c1,-7.33813,1.0,aqsol,True,False
CC1(C)C(O)C(C)(C)C1O,-0.373678,0.25,aqsol,True,False
CC1(C)C2CC=C(CCC=O)C1C2,-3.46576,0.25,aqsol,True,False
CC1(C)C2CCC1(C)C(O)C2,-2.31978,1.0,aqsol,True,False
CC1(C)C2CCC1(C)[C@@H](O)C2,-2.319,0.25,aqsol,True,False
CC1(C)C2CCC3(C2)C1C(=O)CCC3(C)C,-4.09761,0.25,aqsol,True,False
CC1(C)CC(=O)CC(=O)C1,-1.52911,0.675,aqsol,True,False
CC1(C)CC(=O)CC(C)(C)N1[O],0.103413,0.25,aqsol,True,False
CC1(C)CC(O)CC(C)(C)N1,-0.19661,0.25,aqsol,True,False
CC1(C)CC(O)CC(C)(C)N1CCO,-0.859821,0.25,aqsol,True,False
CC1(C)CC(O)CC(C)(C)N1[O],0.562704,0.25,aqsol,True,False
CC1(C)CC2(CC(C)(C)N1)OC1(CCCCCCCCCCC1)NC2=O,-5.08466,0.25,aqsol,True,False
CC1(C)CO1,-0.0945494,0.25,aqsol,True,False
CC1(C)COC(=O)C1O,0.651531,0.25,aqsol,True,False
CC1(C)COC(=O)C2CC=CCC2C(=O)OC1,-3.00418,0.25,aqsol,True,False
CC1(C)CON(Cc2ccccc2Cl)C1=O,-2.33882,1.0,aqsol,True,False
CC1(C)COP(=S)(OP2(=S)OCC(C)(C)CO2)OC1,-5.39338,0.25,aqsol,True,False
CC1(C)NC(=O)NC1=O,0.0384738,0.25,aqsol,True,False
CC1(C)[C@@H](C(Br)C(Br)(Br)Br)[C@H]1C(=O)O[C@H](C#N)c1cccc(Oc2ccccc2)c1,-6.9197,0.25,aqsol,True,False
CC1(C)[C@@H](C=C(Br)Br)[C@H]1C(=O)O[C@H](C#N)c1cccc(Oc2ccccc2)c1,-8.4024,0.25,aqsol,True,False
CC1(C)[C@H](C=C(Cl)Cl)[C@H]1C(=O)OCc1c(F)c(F)cc(F)c1F,-6.8137,0.25,aqsol,True,False
CC12CCC(CC1)C(C)(C)O2,-1.72907,1.0,aqsol,True,False
CC12CCCC(C)(CC1)C2=NO,-3.07415,0.25,aqsol,True,False
CC12CCc3c(ccc4cc(O)ccc34)C1CCC2=O,-5.20723,1.0,aqsol,True,False
CC1=C(C(=O)Nc2ccccc2)S(=O)(=O)CCO1,-2.39287,1.0,aqsol,True,False
CC1=C(C)S(=O)(=O)CCS1(=O)=O,-1.66,0.675,aqsol,True,False
CC1=C(C=O)C(C)(C)CC=C1,-2.46501,0.25,aqsol,True,False
CC1=CC(=O)CC(C)(C)C1,-1.0604,1.0,aqsol,True,False
CC1=CC(=O)N(Cc2cccc(CN3C(=O)C=C(C)C3=O)c2)C1=O,-3.90034,0.25,aqsol,True,False
CC1=CC(=O)c2ccccc2C1=O,-4.21068,0.14433,aqsol,True,False
CC1=CC(=O)c2ccccc2C1=O,-3.03071,0.85567,aqsol,True,False
CC1=CCC(=O)O1,-0.293,0.75,aqsol,True,False
CC1=CCC(CC#N)C1(C)C,-2.64754,0.25,aqsol,True,False
CC1=CCC2C(C1)C2(C)C,-4.67041,0.25,aqsol,True,False
CC1=CCC2CC1C2(C)C,-3.77257,0.25,aqsol,True,False
CC1=CCCCC1,-3.26893,1.0,aqsol,True,False
CC1=CC[C@H]2C[C@@H]1C2(C)C,-4.77257,0.25,aqsol,True,False
CC1C(C)(C)C2=C(C(=O)CCC2)C1(C)C,-3.26534,0.25,aqsol,True,False
CC1CC(=O)CC(C)(C)C1,-1.64714,0.25,aqsol,True,False
CC1CC(C)(C)OC(Cc2ccccc2)O1,-2.74469,0.25,aqsol,True,False
CC1CC(CC2CCC(N)C(C)C2)CCC1N,-1.82104,0.25,aqsol,True,False
CC1CC(NC(N)=O)NC(=O)N1,-1.53142,0.25,aqsol,True,False
CC1CC(O)CC(C)(C)C1,-1.99166,0.25,aqsol,True,False
CC1CCC(C)CC1,-4.46852,1.0,aqsol,True,False
CC1CCC(O)CC1,-0.880846,1.0,aqsol,True,False
CC1CCCC(C)(C)C1,-4.85196,1.0,aqsol,True,False
CC1CCCC1,-3.30071,1.0,aqsol,True,False
CC1CCCCC1,-3.8315,1.0,aqsol,True,False
CC1CCCCC1=O,-0.94,1.0,aqsol,True,False
CC1CCCCC1C,-4.21095,1.0,aqsol,True,False
CC1CCCCC1NC(=O)Nc1ccccc1,-4.11034,1.0,aqsol,True,False
CC1CCCCC1O,-0.864496,0.25,aqsol,True,False
CC1CCCCCCCCCCCCC(=O)C1,-5.74387,0.25,aqsol,True,False
CC1CCCO1,0.177446,1.0,aqsol,True,False
CC1CCOC1,0.0900641,1.0,aqsol,True,False
CC1CN1,1.24126,0.675,aqsol,True,False
CC1CNCC(C)O1,0.938638,0.25,aqsol,True,False
CC1CNCCN1,0.686223,1.0,aqsol,True,False
CC1CO1,-0.59,0.638554,aqsol,True,False
CC1CO1,0.948857,0.361446,aqsol,True,False
CC1COC(=O)O1,0.263198,1.0,aqsol,True,False
CC1OC(=O)C(C)OC1=O,-0.936026,0.25,aqsol,True,False
CC1OC(C)OC(C)O1,-0.0719426,1.0,aqsol,True,False
CC1OC(C)OC(C)OC(C)O1,-2.8997,0.25,aqsol,True,False
CC1OC1C,0.397295,0.25,aqsol,True,False
CC1OCCO1,0.878963,0.675,aqsol,True,False
CC=C(C)C,-2.50972,1.0,aqsol,True,False
CC=CCC#N,-0.96,1.0,aqsol,True,False
CC=O,1.35747,1.0,aqsol,True,False
CCBr,-1.08855,1.0,aqsol,True,False
CCC,-2.84459,0.411111,aqsol,True,False
CCC,-1.94,0.588889,aqsol,True,False
CCC#CCC,-2.09531,1.0,aqsol,True,False
CCC#N,0.276277,1.0,aqsol,True,False
CCC(=O)C(C)=O,-0.1764,0.25,aqsol,True,False
CCC(=O)C(C)C,-0.8102,0.75,aqsol,True,False
CCC(=O)C(C)CC=C(C)C,-2.7011,0.25,aqsol,True,False
CCC(=O)C(CCCCCCOc1ccc(OC)cc1Cl)C(=O)CC,-5.27,0.25,aqsol,True,False
CCC(=O)CC,-0.264008,1.0,aqsol,True,False
CCC(=O)N(c1ccccc1)C1(COC)CCN(CCc2cccs2)CC1,-3.70822,1.0,aqsol,True,False
CCC(=O)Nc1ccc(Cl)c(Cl)c1,-2.99448,1.0,aqsol,True,False
CCC(=O)Nc1ccccc1,-1.83778,1.0,aqsol,True,False
CCC(=O)OC,-0.144614,1.0,aqsol,True,False
CCC(=O)OC(C)C,-1.2902,0.75,aqsol,True,False
CCC(=O)OC1C=CC2C3CCC(C3)C12,-3.55859,0.25,aqsol,True,False
CCC(=O)OCC(C)C,-1.8841,0.25,aqsol,True,False
CCC(=O)OCCC(C)C,-2.87007,0.25,aqsol,True,False
CCC(=O)OCCc1ccccc1,-3.11744,0.25,aqsol,True,False
CCC(=O)OCc1ccccc1,-2.34498,0.25,aqsol,True,False
CCC(=O)OOC(=O)CC,-0.963148,0.675,aqsol,True,False
CCC(=O)c1ccc(N)cc1,-2.62862,1.0,aqsol,True,False
CCC(=O)c1ccc(O)cc1,-2.639,0.25,aqsol,True,False
CCC(=O)c1cccc(Cl)c1,-1.84671,0.25,aqsol,True,False
CCC(=O)c1ccccc1,-1.86269,1.0,aqsol,True,False
CCC(Br)(CC)C(=O)NC(N)=O,-2.69064,1.0,aqsol,True,False
CCC(C(=O)O)C(=O)O,0.731833,0.75,aqsol,True,False
CCC(C)(C)C,-3.5853,1.0,aqsol,True,False
CCC(C)(C)C1CCC(=O)CC1,-2.65689,0.25,aqsol,True,False
CCC(C)(C)C1CCCCC1OC(C)=O,-4.4462,0.25,aqsol,True,False
CCC(C)(C)CC,-4.22948,1.0,aqsol,True,False
CCC(C)(C)CO,-1.07066,1.0,aqsol,True,False
CCC(C)(C)Cl,-2.51009,1.0,aqsol,True,False
CCC(C)(C)O,0.105487,1.0,aqsol,True,False
CCC(C)(C)OC,-0.979564,0.25,aqsol,True,False
CCC(C)(C)OO,-0.216595,0.25,aqsol,True,False
CCC(C)(C)OOC(C)(C)CC,-4.10044,0.25,aqsol,True,False
CCC(C)(C)c1ccc(O)cc1,-2.99004,1.0,aqsol,True,False
CCC(C)(C)c1ccccc1,-4.20396,1.0,aqsol,True,False
CCC(C)(C)c1ccccc1O,-2.49122,0.25,aqsol,True,False
CCC(C)(CCC(C)C)C(=O)OCC1CO1,-3.51347,0.25,aqsol,True,False
CCC(C)(O)CC,-0.375663,1.0,aqsol,True,False
CCC(C)(O)CCCC(C)C,-2.69429,0.25,aqsol,True,False
CCC(C)(OO)OOC(C)(CC)OO,-1.50777,0.25,aqsol,True,False
CCC(C)(OOC(C)(C)C)OOC(C)(C)C,-4.45076,0.25,aqsol,True,False
CCC(C)(S(=O)(=O)CC)S(=O)(=O)CC,-1.76,0.75,aqsol,True,False
CCC(C)=O,0.511235,1.0,aqsol,True,False
CCC(C)Br,-3.11148,0.25,aqsol,True,False
CCC(C)C,-3.17215,1.0,aqsol,True,False
CCC(C)C(=O)N(C)c1ccccc1,-1.58058,0.25,aqsol,True,False
CCC(C)C(C)(C)C,-4.67787,0.75,aqsol,True,False
CCC(C)C(C)=O,-0.676308,1.0,aqsol,True,False
CCC(C)C(C)C,-4.28043,1.0,aqsol,True,False
CCC(C)C(C)C(C)CCc1ccc(O)cc1,-5.18241,0.25,aqsol,True,False
CCC(C)C(N)C(=O)O,-0.56483,1.0,aqsol,True,False
CCC(C)C1(CC)C(=O)NC(=O)NC1=O,-2.39,1.0,aqsol,True,False
CCC(C)C1CCCCC1=O,-2.42706,0.25,aqsol,True,False
CCC(C)C=O,-0.821231,0.25,aqsol,True,False
CCC(C)CC,-3.68104,1.0,aqsol,True,False
CCC(C)CCCC(C)(C)O,-2.74934,0.25,aqsol,True,False
CCC(C)CCCC(C)CCCC(C)C,-6.61539,0.25,aqsol,True,False
CCC(C)CCO,-1.37719,0.438462,aqsol,True,False
CCC(C)CCO,-0.715068,0.561538,aqsol,True,False
CCC(C)CO,-0.470253,1.0,aqsol,True,False
CCC(C)Cl,-1.96693,1.0,aqsol,True,False
CCC(C)N,0.185021,1.0,aqsol,True,False
CCC(C)NCCO,0.666701,0.25,aqsol,True,False
CCC(C)O,0.419157,1.0,aqsol,True,False
CCC(C)S,-1.8317,0.675,aqsol,True,False
CCC(C)[N+](=O)[O-],-0.62,0.25,aqsol,True,False
CCC(C)c1ccc(O)cc1,-2.19266,1.0,aqsol,True,False
CCC(C)c1ccccc1,-3.86667,1.0,aqsol,True,False
CCC(C)c1ccccc1O,-2.01238,0.25,aqsol,True,False
CCC(C)c1ccccc1OC(=O)NC,-2.50511,1.0,aqsol,True,False
CCC(CC)(CO)CO,0.1798,0.25,aqsol,True,False
CCC(CC)CO,-1.22711,1.0,aqsol,True,False
CCC(CO)(CO)CO,0.8723,0.25,aqsol,True,False
CCC(CO)(CO)COCC(CC)(CO)CO,-1.01819,0.675,aqsol,True,False
CCC(CO)(CO)[N+](=O)[O-],0.826148,0.675,aqsol,True,False
CCC(CO)[N+](=O)[O-],-0.343852,0.675,aqsol,True,False
CCC(COC(=O)CCCCCCCCCCCCCCC(C)C)(COC(=O)CCCCCCCCCCCCCCC(C)C)COC(=O)CCCCCCCCCCCCCCC(C)C,-7.27118,0.25,aqsol,True,False
CCC(Cl)CC,-2.63011,1.0,aqsol,True,False
CCC(Cl)Cl,-1.62063,0.675,aqsol,True,False
CCC(Cl)[N+](=O)[O-],-1.1893,1.0,aqsol,True,False
CCC(N)(CO)CO,0.915696,0.675,aqsol,True,False
CCC(N)CO,1.04996,0.675,aqsol,True,False
CCC(O)(CC)CC,-0.847078,1.0,aqsol,True,False
CCC(O)C(C)(C)C,-1.15052,1.0,aqsol,True,False
CCC(O)CC,-0.23716,1.0,aqsol,True,False
CCC(O)COC1CCCCC1C(C)(C)C,-3.69873,0.25,aqsol,True,False
CCC(O)OC(O)CC,0.8723,0.25,aqsol,True,False
CCC(O)c1ccccc1,-2.34037,0.25,aqsol,True,False
CCC1(C(C)C)C(=O)NC(=O)NC1=O,-2.19677,1.0,aqsol,True,False
CCC1(C)C(=O)NC(=O)NC1=O,-1.2292,1.0,aqsol,True,False
CCC1(C)OOC(C)(CC)OOC(C)(CC)OO1,-4.30486,0.25,aqsol,True,False
CCC1(CC)C(=O)NC(=O)NC1=O,-2.4,0.216867,aqsol,True,False
CCC1(CC)C(=O)NC(=O)NC1=O,-1.39763,0.783132,aqsol,True,False
CCC1(CC)C(=O)NC(=S)NC1=O,-2.32,0.25,aqsol,True,False
CCC1(CC)C(=O)NCC(C)C1=O,-0.38,0.25,aqsol,True,False
CCC1(CCC(C)C)C(=O)NC(=O)NC1=O,-2.56996,1.0,aqsol,True,False
CCC1(CO)COCOC1,0.835094,0.25,aqsol,True,False
CCC1(N2CCCCC2)C(=O)NC(=O)NC1=O,-2.15859,0.675,aqsol,True,False
CCC1C(=O)NC(=O)NC1=O,-0.92,0.25,aqsol,True,False
CCC1CCCCC1,-4.25033,1.0,aqsol,True,False
CCC1CN2CCC1CC2C(O)c1ccnc2ccc(OC)cc12,-3.0514,0.25,aqsol,True,False
CCC1CO1,-0.0133825,1.0,aqsol,True,False
CCC1OCCO1,0.291963,0.675,aqsol,True,False
CCC=O,0.614217,1.0,aqsol,True,False
CCCBr,-1.72069,1.0,aqsol,True,False
CCCC,-2.81186,1.0,aqsol,True,False
CCCC#N,-0.321,0.75,aqsol,True,False
CCCC(=O)CC,-0.831838,1.0,aqsol,True,False
CCCC(=O)CCC,-1.38241,1.0,aqsol,True,False
CCCC(=O)OC,-1.92,0.216867,aqsol,True,False
CCCC(=O)OC,-0.826865,0.783132,aqsol,True,False
CCCC(=O)OC(C)(C)Cc1ccccc1,-4.13594,0.25,aqsol,True,False
CCCC(=O)OC(C)C1CCCCC1,-3.92076,0.25,aqsol,True,False
CCCC(=O)OCC,-1.30783,1.0,aqsol,True,False
CCCC(=O)OCCC(C)C,-2.93285,0.25,aqsol,True,False
CCCC(=O)OCCC(C)CCC=C(C)C,-5.14261,0.25,aqsol,True,False
CCCC(=O)OCc1ccccc1,-3.11744,0.25,aqsol,True,False
CCCC(C)(C)C,-4.35869,1.0,aqsol,True,False
CCCC(C)(C)C(=O)Nc1ccc(Cl)cc1,-4.02123,1.0,aqsol,True,False
CCCC(C)(C)O,-0.494151,1.0,aqsol,True,False
CCCC(C)(COC(N)=O)COC(=O)NC(C)C,-2.93881,1.0,aqsol,True,False
CCCC(C)(COC(N)=O)COC(N)=O,-1.70906,1.0,aqsol,True,False
CCCC(C)=O,-0.222723,1.0,aqsol,True,False
CCCC(C)C,-3.74102,1.0,aqsol,True,False
CCCC(C)C(=O)OCC,-2.48969,0.25,aqsol,True,False
CCCC(C)C(O)CC,-1.96133,0.675,aqsol,True,False
CCCC(C)C1(CC)C(=O)NC(=O)NC1=O,-2.46222,1.0,aqsol,True,False
CCCC(C)C=O,-1.37906,0.675,aqsol,True,False
CCCC(C)CC,-4.3061,0.75,aqsol,True,False
CCCC(C)CO,-1.15145,1.0,aqsol,True,False
CCCC(C)O,-0.287433,1.0,aqsol,True,False
CCCC(CC)CCCCCCCN,-3.69763,0.25,aqsol,True,False
CCCC(CCC)C(=O)O,-3.30103,0.118143,aqsol,True,False
CCCC(CCC)C(=O)O,-1.87153,0.881857,aqsol,True,False
CCCC(CCC)CCCC1COCCN1CCO,0.964258,0.25,aqsol,True,False
CCCC(Cl)CCCC(Cl)CCC(Cl)CCC(Cl)CCC(Cl)CCCC(Cl)CCC,-7.96581,0.25,aqsol,True,False
CCCC(N)C(=O)O,-0.0999889,0.675,aqsol,True,False
CCCC(O)C(CC)CO,-1.387,0.307692,aqsol,True,False
CCCC(O)C(CC)CO,-0.5404,0.692308,aqsol,True,False
CCCC(O)CCC,-1.39697,1.0,aqsol,True,False
CCCC(O)CO,0.982345,0.25,aqsol,True,False
CCCC1CCCC1,-4.74006,1.0,aqsol,True,False
CCCC1CO1,-0.573447,0.25,aqsol,True,False
CCCC1OC1(CC)C(N)=O,-1.17167,0.675,aqsol,True,False
CCCC=O,-0.0270608,1.0,aqsol,True,False
CCCCBr,-2.2991,1.0,aqsol,True,False
CCCCC,-3.18789,1.0,aqsol,True,False
CCCCC(=O)CC,-1.4242,0.25,aqsol,True,False
CCCCC(=O)CC,-0.902,0.5,aqsol,True,False
CCCCC(=O)CCCC,-2.58735,1.0,aqsol,True,False
CCCCC(=O)OC,-1.35438,1.0,aqsol,True,False
CCCCC(=O)OCC,-1.86676,1.0,aqsol,True,False
CCCCC(C#N)c1ccccc1,-3.66235,0.25,aqsol,True,False
CCCCC(C(=O)OCC)C(=O)OCC,-2.8165,0.25,aqsol,True,False
CCCCC(C)(C)C,-5.75882,0.675,aqsol,True,False
CCCCC(C)=O,-0.789879,1.0,aqsol,True,False
CCCCC(C)C,-4.59747,1.0,aqsol,True,False
CCCCC(C)C(C)O,-1.82718,1.0,aqsol,True,False
CCCCC(C)CC,-5.15955,1.0,aqsol,True,False
CCCCC(C)CCC,-6.04904,0.675,aqsol,True,False
CCCCC(C)O,-0.882066,1.0,aqsol,True,False
CCCCC(CC)(CO)CO,-1.26033,0.25,aqsol,True,False
CCCCC(CC)C(=O)OC,-2.9898,0.25,aqsol,True,False
CCCCC(CC)C(=O)OCC,-3.42329,0.25,aqsol,True,False
CCCCC(CC)C(=O)OCC(C)(C)COC(=O)C(CC)CCCC,-5.02064,0.25,aqsol,True,False
CCCCC(CC)C(=O)OCC(COC(=O)C(CC)CCCC)(COC(=O)C(CC)CCCC)COC(=O)C(CC)CCCC,-9.20476,0.25,aqsol,True,False
CCCCC(CC)C(=O)OCC(COC(=O)C(CC)CCCC)OC(=O)C(CC)CCCC,-6.97377,0.25,aqsol,True,False
CCCCC(CC)C(=O)OCCOCCOCCOC(=O)C(CC)CCCC,-5.42015,0.25,aqsol,True,False
CCCCC(CC)C(=O)OOC(C)(C)C,-3.66952,0.25,aqsol,True,False
CCCCC(CC)C(=O)OOC(C)(C)CC,-4.11687,0.25,aqsol,True,False
CCCCC(CC)C(=O)OOC(C)(C)CC(C)(C)C,-5.94953,0.25,aqsol,True,False
CCCCC(CC)C(=O)OOC(C)(C)CCC(C)(C)OOC(=O)C(CC)CCCC,-7.1885,0.25,aqsol,True,False
CCCCC(CC)C1OCCO1,-3.1196,0.25,aqsol,True,False
CCCCC(CC)CCl,-4.68088,0.212766,aqsol,True,False
CCCCC(CC)CCl,-3.17108,0.787234,aqsol,True,False
CCCCC(CC)CN,-1.71146,1.0,aqsol,True,False
CCCCC(CC)CN(CC(CC)CCCC)CC(CC)CCCC,-8.24758,0.25,aqsol,True,False
CCCCC(CC)CNC(=O)CCCCCC(C)C,-5.73155,0.25,aqsol,True,False
CCCCC(CC)CNS(=O)(=O)c1ccc(N)cc1,-5.45397,0.25,aqsol,True,False
CCCCC(CC)CO,-2.16027,1.0,aqsol,True,False
CCCCC(CC)COC(=O)C(C)O,-2.67353,0.25,aqsol,True,False
CCCCC(CC)COC(=O)CC#N,-3.28648,0.25,aqsol,True,False
CCCCC(CC)COC(=O)CC(CC(=O)OCC(CC)CCCC)(OC(C)=O)C(=O)OCC(CC)CCCC,-7.05752,0.25,aqsol,True,False
CCCCC(CC)COC(=O)CCC(=O)OCC(CC)CCCC,-7.83572,0.25,aqsol,True,False
CCCCC(CC)COC(=O)CCCCC(=O)OCC(CC)CCCC,-6.56887,0.25,aqsol,True,False
CCCCC(CC)COC(=O)CCCCC(=O)OCC(CC)CCCC,-5.68,0.425,aqsol,True,False
CCCCC(CC)COC(=O)CCCCCCCCC(=O)OCC(CC)CCCC,-3.32907,0.25,aqsol,True,False
CCCCC(CC)COC(=O)COc1ccc(Cl)cc1Cl,-7.0122,0.25,aqsol,True,False
CCCCC(CC)COC(=O)CS,-4.63548,0.25,aqsol,True,False
CCCCC(CC)COC(=O)CSCC(=O)OCC(CC)CCCC,-6.655,0.25,aqsol,True,False
CCCCC(CC)COC(=O)OCC(CC)CCCC,-6.97994,0.25,aqsol,True,False
CCCCC(CC)COC(=O)OOC(=O)OCC(CC)CCCC,-2.59518,0.25,aqsol,True,False
CCCCC(CC)COC(=O)OOC(C)(C)C,-4.65996,0.25,aqsol,True,False
CCCCC(CC)COC(=O)OOC(C)(C)CC,-6.08824,0.25,aqsol,True,False
CCCCC(CC)COC(=O)c1c(Br)c(Br)c(Br)c(Br)c1C(=O)OCC(CC)CCCC,-5.94908,0.25,aqsol,True,False
CCCCC(CC)COC(=O)c1ccc(N)cc1,-5.05439,0.25,aqsol,True,False
CCCCC(CC)COC(=O)c1ccccc1,-5.76778,0.25,aqsol,True,False
CCCCC(CC)COC(C)=O,-4.64514,0.25,aqsol,True,False
CCCCC(CC)COCC(O)CO,-2.05502,0.25,aqsol,True,False
CCCCC(CC)COCC1CO1,-3.11487,0.25,aqsol,True,False
CCCCC(CC)COCCCN,-1.09651,0.25,aqsol,True,False
CCCCC(CC)COCCCNC(=O)Nc1cccc2c(NC(=O)NCCCOCC(CC)CCCC)cccc12,-8.06807,0.25,aqsol,True,False
CCCCC(CC)COCOCC(CC)CCCC,-5.43532,0.25,aqsol,True,False
CCCCC(CC)COP(=O)(OCC(CC)CCCC)OCC(CC)CCCC,-8.85998,0.25,aqsol,True,False
CCCCC(CC)COP(=O)(Oc1ccccc1)Oc1ccccc1,-5.28015,0.675,aqsol,True,False
CCCCC(O)CC,-1.46756,1.0,aqsol,True,False
CCCCC/C(C=O)=C/c1ccccc1,-3.04666,0.25,aqsol,True,False
CCCCC1(CC)C(=O)NC(=O)NC1=O,-1.64769,1.0,aqsol,True,False
CCCCC1(CCCC)C(=O)NC(=O)NC1=O,-2.8756,0.25,aqsol,True,False
CCCCC1OC(C)CC(C)(C)O1,-2.4533,0.25,aqsol,True,False
CCCCC=O,-0.854096,1.0,aqsol,True,False
CCCCCBr,-3.07452,1.0,aqsol,True,False
CCCCCC,-3.89327,1.0,aqsol,True,False
CCCCCC#CC(=O)OC,-3.00913,0.25,aqsol,True,False
CCCCCC(=O)CC,-1.69111,0.675,aqsol,True,False
CCCCCC(=O)CCCCC,-3.53081,0.675,aqsol,True,False
CCCCCC(=O)NCCNC(=O)CCCCC,-3.1079,0.25,aqsol,True,False
CCCCCC(=O)OC,-1.95295,1.0,aqsol,True,False
CCCCCC(=O)OC(=O)CCCCC,-4.2968,0.25,aqsol,True,False
CCCCCC(=O)OCC,-2.34066,1.0,aqsol,True,False
CCCCCC(C)(C)O,-1.71961,1.0,aqsol,True,False
CCCCCC(C)=O,-1.42908,1.0,aqsol,True,False
CCCCCC(C)C,-5.08,1.0,aqsol,True,False
CCCCCC(C)CO,-2.52813,0.25,aqsol,True,False
CCCCCC(C)O,-1.55033,1.0,aqsol,True,False
CCCCCC(CCC)COC(=O)c1ccccc1C(=O)OCC(CCC)CCCCC,-9.64999,0.25,aqsol,True,False
CCCCCC(CO)CCC,-3.5182,0.25,aqsol,True,False
CCCCCC(CO)Cc1ccccc1,-3.84327,0.25,aqsol,True,False
CCCCCC(O)CC,-1.98824,1.0,aqsol,True,False
CCCCCC1(C)CCC(C)(C)C1=O,-4.01653,0.25,aqsol,True,False
CCCCCC1CC(=O)C=C(C)C1C(=O)OCC,-3.18717,0.25,aqsol,True,False
CCCCCC1CCCC(=O)O1,-1.62903,0.25,aqsol,True,False
CCCCCC1CCCC1,-6.0814,1.0,aqsol,True,False
CCCCCC1COCCC1OC(C)=O,-2.9988,0.25,aqsol,True,False
CCCCCC=O,-1.28771,1.0,aqsol,True,False
CCCCCCBr,-3.80925,1.0,aqsol,True,False
CCCCCCC,-4.50493,1.0,aqsol,True,False
CCCCCCC#CC(=O)OC,-3.65189,0.25,aqsol,True,False
CCCCCCC(=O)OCC,-2.72779,1.0,aqsol,True,False
CCCCCCC(=O)OCC(CC)(COC(=O)CCCCCC)COC(=O)CCCCCC,-6.97377,0.25,aqsol,True,False
CCCCCCC(=O)OCC(COC(=O)CCCCCC)(COC(=O)CCCCCC)COC(=O)CCCCCC,-7.06806,0.25,aqsol,True,False
CCCCCCC(=O)OCC(COC(=O)CCCCCC)OC(=O)CCCCCC,-6.93309,0.25,aqsol,True,False
CCCCCCC(C)(C)S,-3.99016,0.25,aqsol,True,False
CCCCCCC(C)=O,-2.09267,1.0,aqsol,True,False
CCCCCCC(C)O,-2.08611,1.0,aqsol,True,False
CCCCCCC(C)OC(=O)COc1nc(F)c(Cl)c(N)c1Cl,-6.43,0.25,aqsol,True,False
CCCCCCC(CO)CCCC,-5.2703,0.25,aqsol,True,False
CCCCCCC(O)CC,-2.6603,0.675,aqsol,True,False
CCCCCCC(O)CCCCCCCCCCC(=O)NCCNC(=O)CCCCCCCCCCC(O)CCCCCC,-6.73521,0.25,aqsol,True,False
CCCCCCC(O)CCCCCCCCCCC(=O)OCC(COC(=O)CCCCCCCCCCC(O)CCCCCC)OC(=O)CCCCCCCCCCC(O)CCCCCC,-7.27393,0.25,aqsol,True,False
CCCCCCC(O)CCCCCCCCCCC(=O)OCC(O)CO,-3.39743,0.25,aqsol,True,False
CCCCCCC(O)CO,-1.28998,0.25,aqsol,True,False
CCCCCCC1(C)CCC(=O)O1,-2.64326,0.25,aqsol,True,False
CCCCCCC1(CC)C(=O)NC(=O)NC1=O,-3.05,0.25,aqsol,True,False
CCCCCCC1(CC)C(=O)NC(=S)NC1=O,-4.08,0.25,aqsol,True,False
CCCCCCC1CCCC1=O,-3.45152,0.25,aqsol,True,False
CCCCCCC=O,-1.80502,1.0,aqsol,True,False
CCCCCCCBr,-4.43036,1.0,aqsol,True,False
CCCCCCCC,-5.2131,1.0,aqsol,True,False
CCCCCCCC(=O)CC(=O)c1ccccc1,-5.8837,0.25,aqsol,True,False
CCCCCCCC(=O)N(C)C,-1.60025,0.25,aqsol,True,False
CCCCCCCC(=O)OC,-3.31578,1.0,aqsol,True,False
CCCCCCCC(=O)OCC,-3.39033,1.0,aqsol,True,False
CCCCCCCC(=O)OCC(C)(C)COC(=O)CCCCCCC,-6.85315,0.25,aqsol,True,False
CCCCCCCC(=O)OCC(O)CO,0.179474,0.25,aqsol,True,False
CCCCCCCC(=O)OCCCOC(=O)CCCCCCC,-7.51653,0.25,aqsol,True,False
CCCCCCCC(=O)OOC(=O)CCCCCCC,-7.61189,0.25,aqsol,True,False
CCCCCCCC(C)=O,-2.62317,1.0,aqsol,True,False
CCCCCCCC(OC)OC,-2.91801,0.25,aqsol,True,False
CCCCCCCC/C=C/CCCCCCCC(=O)NCCCN(C)C,-4.14926,0.25,aqsol,True,False
CCCCCCCC1CCCC1=O,-3.76944,0.25,aqsol,True,False
CCCCCCCC=O,-2.35997,1.0,aqsol,True,False
CCCCCCCCBr,-5.0611,1.0,aqsol,True,False
CCCCCCCCC,-5.81295,1.0,aqsol,True,False
CCCCCCCCC#N,-3.2993,1.0,aqsol,True,False
CCCCCCCCC(=O)OC,-3.598,1.0,aqsol,True,False
CCCCCCCCC(=O)OCC,-3.80008,1.0,aqsol,True,False
CCCCCCCCC(=O)OCC(CC)(COC(=O)CCCCCCCC)COC(=O)CCCCCCCC,-6.84109,0.25,aqsol,True,False
CCCCCCCCC(C)C#N,-4.63242,0.25,aqsol,True,False
CCCCCCCCC(C)C=O,-4.02708,0.25,aqsol,True,False
CCCCCCCCC(CO)CCCCCC,-5.38462,0.25,aqsol,True,False
CCCCCCCCC=O,-3.16703,1.0,aqsol,True,False
CCCCCCCCCC,-6.43896,0.675,aqsol,True,False
CCCCCCCCCC(=O)N(C)C,-2.76811,0.25,aqsol,True,False
CCCCCCCCCC(=O)OC,-4.6419,1.0,aqsol,True,False
CCCCCCCCCC(=O)OCC,-4.10007,1.0,aqsol,True,False
CCCCCCCCCC(=O)OOC(=O)CCCCCCCCC,-6.44975,0.25,aqsol,True,False
CCCCCCCCCC(C)(C)SSC(C)(C)CCCCCCCCC,-7.12797,0.25,aqsol,True,False
CCCCCCCCCC(C)=O,-4.20182,0.25,aqsol,True,False
CCCCCCCCCC(C)C=O,-5.15164,0.25,aqsol,True,False
CCCCCCCCCC=O,-3.72553,0.25,aqsol,True,False
CCCCCCCCCCC,-7.55019,0.675,aqsol,True,False
CCCCCCCCCCC(C(=O)O)C(=O)O,-3.99,0.675,aqsol,True,False
CCCCCCCCCCC(CO)CCCCCCCC,-6.47502,0.25,aqsol,True,False
CCCCCCCCCCC1CO1,-5.92316,0.25,aqsol,True,False
CCCCCCCCCCC=O,-3.15202,0.25,aqsol,True,False
CCCCCCCCCCCC,-6.41,0.75,aqsol,True,False
CCCCCCCCCCCC#N,-5.28997,0.25,aqsol,True,False
CCCCCCCCCCCC(=O)N(C)C,-3.90931,0.25,aqsol,True,False
CCCCCCCCCCCC(=O)N(CCCC)CCCC,-7.01641,0.25,aqsol,True,False
CCCCCCCCCCCC(=O)OC,-4.69,1.0,aqsol,True,False
CCCCCCCCCCCC(=O)OC(C)C,-5.38454,0.25,aqsol,True,False
CCCCCCCCCCCC(=O)OCC(C)C,-7.93185,0.25,aqsol,True,False
CCCCCCCCCCCC(=O)OCC(O)CO,-4.66023,0.25,aqsol,True,False
CCCCCCCCCCCC(=O)OCC(O)[C@H]1OC[C@@H](O)[C@@H]1O,-5.06254,0.25,aqsol,True,False
CCCCCCCCCCCC(=O)OCCC(C)C,-6.73313,0.25,aqsol,True,False
CCCCCCCCCCCC(=O)OCCCCCC,-6.75509,0.25,aqsol,True,False
CCCCCCCCCCCC(=O)OCCOCC(OCCO)C1OCC(OCCO)C1OCCO,-6.4172,0.25,aqsol,True,False
CCCCCCCCCCCC(=O)OOC(=O)CCCCCCCCCCC,-6.60057,0.25,aqsol,True,False
CCCCCCCCCCCC1=NCCN1CCO,-3.89866,0.25,aqsol,True,False
CCCCCCCCCCCC=O,-5.06146,0.25,aqsol,True,False
CCCCCCCCCCCCC,-7.59133,0.675,aqsol,True,False
CCCCCCCCCCCCC(=O)O,-3.81183,1.0,aqsol,True,False
CCCCCCCCCCCCC(CO)CCCCCCCCCC,-5.54982,0.25,aqsol,True,False
CCCCCCCCCCCCC(O)CCC,-6.7708,0.25,aqsol,True,False
CCCCCCCCCCCCC1CO1,-5.98468,0.25,aqsol,True,False
CCCCCCCCCCCCCC(=O)O,-5.32958,1.0,aqsol,True,False
CCCCCCCCCCCCCC(=O)OC,-6.64974,0.25,aqsol,True,False
CCCCCCCCCCCCCC(=O)OC(C)C,-6.73313,0.25,aqsol,True,False
CCCCCCCCCCCCCC(=O)OCC(COC(=O)CCCCCCCCCCCCC)OC(=O)CCCCCCCCCCCCC,-8.64706,0.25,aqsol,True,False
CCCCCCCCCCCCCC(=O)OCC(O)CO,-7.39788,0.25,aqsol,True,False
CCCCCCCCCCCCCCC,-9.4464,0.25,aqsol,True,False
CCCCCCCCCCCCCCC(=O)O,-4.31,1.0,aqsol,True,False
CCCCCCCCCCCCCCC(C)c1cc(C)cc(C)c1O,-7.33571,0.25,aqsol,True,False
CCCCCCCCCCCCCCC(CO)CCCCCCCCCCCC,-5.6136,0.25,aqsol,True,False
CCCCCCCCCCCCCCC1CO1,-6.68202,0.25,aqsol,True,False
CCCCCCCCCCCCCCCC,-8.40016,1.0,aqsol,True,False
CCCCCCCCCCCCCCCC(=O)NCC(=O)O,-5.59312,0.25,aqsol,True,False
CCCCCCCCCCCCCCCC(=O)OC,-7.83004,0.25,aqsol,True,False
CCCCCCCCCCCCCCCC(=O)OCC(O)[C@H]1OC[C@@H](O)[C@@H]1O,-6.90587,0.25,aqsol,True,False
CCCCCCCCCCCCCCCCC(=O)O,-4.69,0.25,aqsol,True,False
CCCCCCCCCCCCCCCCC(CO)CCCCCCCCCCCCCC,-5.6692,0.25,aqsol,True,False
CCCCCCCCCCCCCCCCCC(=O)NCCCN(C)C,-4.56661,0.25,aqsol,True,False
CCCCCCCCCCCCCCCCCC(=O)NCCO,-5.51528,0.25,aqsol,True,False
CCCCCCCCCCCCCCCCCC(=O)O,-5.68,0.777778,aqsol,True,False
CCCCCCCCCCCCCCCCCC(=O)O,-4.98,0.222222,aqsol,True,False
CCCCCCCCCCCCCCCCCC(=O)OC,-8.99784,0.25,aqsol,True,False
CCCCCCCCCCCCCCCCCC(=O)OCC(COC(=O)CCCCCCCCCCCCCCCCC)OC(=O)CCCCCCCCCCCCCCCCC,-5.473,0.25,aqsol,True,False
CCCCCCCCCCCCCCCCCC(=O)OCCCCCCCC,-6.89949,0.25,aqsol,True,False
CCCCCCCCCCCCCCCCCC(=O)OCCCCCCCCCCCCCC,-8.98305,0.25,aqsol,True,False
CCCCCCCCCCCCCCCCCCC(=O)O,-3.77599,0.25,aqsol,True,False
CCCCCCCCCCCCCCCCCCCC,-8.17133,1.0,aqsol,True,False
CCCCCCCCCCCCCCCCCCCCCC(=O)NCCCN(C)C,-6.62814,0.25,aqsol,True,False
CCCCCCCCCCCCCCCCCCCCCC(N)=O,-6.83201,0.25,aqsol,True,False
CCCCCCCCCCCCCCCCCCCCCCCCCCCCCCCCCCCC,-8.4717,0.675,aqsol,True,False
CCCCCCCCCCCCCCCCCCCCCCCCO,-5.54982,0.25,aqsol,True,False
CCCCCCCCCCCCCCCCCCCCCCO,-5.51403,0.25,aqsol,True,False
CCCCCCCCCCCCCCCCCCCCCCOC(=O)CCCCCCCCC(=O)OCCCCCCCCCCCCCCCCCCCCCC,-6.40566,0.25,aqsol,True,False
CCCCCCCCCCCCCCCCCCCCCCOC(=O)CCCCCCCCCCCCCCCCCCCCC,-7.1134,0.25,aqsol,True,False
CCCCCCCCCCCCCCCCCCCCO,-5.47502,0.25,aqsol,True,False
CCCCCCCCCCCCCCCCCCCN,-5.85712,0.25,aqsol,True,False
CCCCCCCCCCCCCCCCCCN,-3.63125,0.25,aqsol,True,False
CCCCCCCCCCCCCCCCCCN(CCO)CCO,-5.77527,0.25,aqsol,True,False
CCCCCCCCCCCCCCCCCCNC(=O)CCCCCCCCCCCCCCCCC,-7.72915,0.25,aqsol,True,False
CCCCCCCCCCCCCCCCCCO,-8.39673,0.846154,aqsol,True,False
CCCCCCCCCCCCCCCCCCO,-5.43217,0.153846,aqsol,True,False
CCCCCCCCCCCCCCCCCCOC(=O)CCSCCC(=O)OCCCCCCCCCCCCCCCCCC,-8.23248,0.25,aqsol,True,False
CCCCCCCCCCCCCCCCCCOCCCCCCCCCCCCCCCCCC,-7.01952,0.25,aqsol,True,False
CCCCCCCCCCCCCCCCCCOCCCN(C)C,-6.85205,0.25,aqsol,True,False
CCCCCCCCCCCCCCCCCCOCC[O],-6.4963,0.25,aqsol,True,False
CCCCCCCCCCCCCCCCCCP(=O)(OC)OC,-5.52997,0.25,aqsol,True,False
CCCCCCCCCCCCCCCCCCSSCCCCCCCCCCCCCCCCCC,-6.05776,0.25,aqsol,True,False
CCCCCCCCCCCCCCCCCO,-7.50745,1.0,aqsol,True,False
CCCCCCCCCCCCCCCCCc1ncc[nH]1,-7.21464,0.25,aqsol,True,False
CCCCCCCCCCCCCCCCN,-3.58351,0.25,aqsol,True,False
CCCCCCCCCCCCCCCCN(C)C,-4.65243,0.25,aqsol,True,False
CCCCCCCCCCCCCCCCO,-7.11846,1.0,aqsol,True,False
CCCCCCCCCCCCCCCCOC(=O)C(CC)CCCC,-6.86764,0.25,aqsol,True,False
CCCCCCCCCCCCCCCCOC(=O)CCCCCCCCCCCCCCC,-8.75465,0.25,aqsol,True,False
CCCCCCCCCCCCCCCCOC(=O)OOC(=O)OCCCCCCCCCCCCCCCC,-5.75656,0.25,aqsol,True,False
CCCCCCCCCCCCCCCCOC(C)=O,-7.39715,0.25,aqsol,True,False
CCCCCCCCCCCCCCCO,-6.34963,1.0,aqsol,True,False
CCCCCCCCCCCCCCCOC(=O)/C=C/C(=O)OCCCCCCCCCCCCCCC,-6.55379,0.25,aqsol,True,False
CCCCCCCCCCCCCCN(C)C,-3.93569,0.25,aqsol,True,False
CCCCCCCCCCCCCCO,-5.92044,1.0,aqsol,True,False
CCCCCCCCCCCCCCOC(=O)CCCCCCCCCCCCC,-7.32711,0.25,aqsol,True,False
CCCCCCCCCCCCCCOC(=O)OOC(=O)OCCCCCCCCCCCCCC,-4.3499,0.25,aqsol,True,False
CCCCCCCCCCCCCO,-3.30182,0.25,aqsol,True,False
CCCCCCCCCCCCN,-3.37848,0.675,aqsol,True,False
CCCCCCCCCCCCN(C)C,-4.42612,0.25,aqsol,True,False
CCCCCCCCCCCCN(CCCN)CCCN,-0.197711,0.25,aqsol,True,False
CCCCCCCCCCCCN1CCCC1=O,-4.67,0.75,aqsol,True,False
CCCCCCCCCCCCO,-4.73563,1.0,aqsol,True,False
CCCCCCCCCCCCOC(=O)C(C)O,-4.63414,0.25,aqsol,True,False
CCCCCCCCCCCCOC(=O)CCSCCC(=O)OCCCCCCCCCCCC,-5.71169,0.25,aqsol,True,False
CCCCCCCCCCCCOCCO,-1.45938,0.25,aqsol,True,False
CCCCCCCCCCCCS,-7.57383,0.25,aqsol,True,False
CCCCCCCCCCCO,-4.48044,0.25,aqsol,True,False
CCCCCCCCCCN,-2.45867,0.675,aqsol,True,False
CCCCCCCCCCN(C)C,-4.04529,0.25,aqsol,True,False
CCCCCCCCCCNC(=O)NC1CCCCC1,-2.80855,0.6,aqsol,True,False
CCCCCCCCCCO,-3.63039,1.0,aqsol,True,False
CCCCCCCCCCOC(=O)c1ccccc1C(=O)OCCCCCCCCCC,-9.30911,0.675,aqsol,True,False
CCCCCCCCCCOC(C)=O,-4.98576,0.25,aqsol,True,False
CCCCCCCCCCc1ccccc1,-7.95963,0.675,aqsol,True,False
CCCCCCCCCO,-3.01109,1.0,aqsol,True,False
CCCCCCCCCOC(=O)c1ccccc1C(=O)OCCCCCCCC,-4.78094,0.25,aqsol,True,False
CCCCCCCCCOC(C)=O,-4.47086,0.25,aqsol,True,False
CCCCCCCCCc1ccc(O)cc1,-4.49927,0.675,aqsol,True,False
CCCCCCCCCc1ccc(OCCOCCO)cc1,-0.30451,0.25,aqsol,True,False
CCCCCCCCCc1cccc(Nc2cccc(CCCCCCCCC)c2)c1,-7.92605,0.25,aqsol,True,False
CCCCCCCCCl,-5.17224,0.25,aqsol,True,False
CCCCCCCCN,-2.76133,1.0,aqsol,True,False
CCCCCCCCN(CCCCCCCC)CCCCCCCC,-6.84985,0.675,aqsol,True,False
CCCCCCCCN(CCO)CCO,-2.19104,0.25,aqsol,True,False
CCCCCCCCN1CCCC1=O,-2.25775,0.25,aqsol,True,False
CCCCCCCCO,-2.41688,1.0,aqsol,True,False
CCCCCCCCOC(=O)CCCCC(=O)OCCCCCCCC,-5.67881,0.675,aqsol,True,False
CCCCCCCCOC(=O)CCCCCCC,-6.71,0.25,aqsol,True,False
CCCCCCCCOC(=O)COc1ccc(Cl)cc1Cl,-7.02063,0.675,aqsol,True,False
CCCCCCCCOC(=O)[C@@H](C)Oc1ccc(Cl)cc1C,-6.51437,0.25,aqsol,True,False
CCCCCCCCOC(=O)c1ccc(O)cc1,-4.22089,0.675,aqsol,True,False
CCCCCCCCOCC(O)CO,-1.9203,0.675,aqsol,True,False
CCCCCCCCOCCCCCCCC,-6.38462,0.25,aqsol,True,False
CCCCCCCCOCCO,-2.12185,0.675,aqsol,True,False
CCCCCCCCOP(=O)(Oc1ccccc1)Oc1ccccc1,-6.41115,0.675,aqsol,True,False
CCCCCCCCOc1ccc(C(=O)c2ccccc2)c(O)c1,-5.5138,0.25,aqsol,True,False
CCCCCCCCSCc1cc(C)c(O)c(CSCCCCCCCC)c1,-7.32711,0.25,aqsol,True,False
CCCCCCCCc1ccccc1,-6.46,1.0,aqsol,True,False
CCCCCCCCl,-3.9943,1.0,aqsol,True,False
CCCCCCCI,-4.81002,1.0,aqsol,True,False
CCCCCCCN,-1.85,1.0,aqsol,True,False
CCCCCCCO,-1.82316,1.0,aqsol,True,False
CCCCCCCOC(=O)c1ccc(O)cc1,-4.07138,1.0,aqsol,True,False
CCCCCCCOCC(COCCCCCCC)(COCCCCCCC)COCCCCCCC,-7.94522,0.25,aqsol,True,False
CCCCCCCS,-4.15181,0.675,aqsol,True,False
CCCCCCC[C@H]1CCC(=O)O1,-3.06682,0.25,aqsol,True,False
CCCCCCCc1ccccc1,-5.5959,0.25,aqsol,True,False
CCCCCCCl,-3.12038,1.0,aqsol,True,False
CCCCCCN,-1.02371,1.0,aqsol,True,False
CCCCCCNCCCCCC,-3.15904,0.675,aqsol,True,False
CCCCCCO,-1.25698,1.0,aqsol,True,False
CCCCCCOC,-2.24509,0.25,aqsol,True,False
CCCCCCOC(=O)CCCCC(=O)OCCCCCC,-5.0826,0.25,aqsol,True,False
CCCCCCOC(=O)c1ccccc1C(=O)OCCCCCC,-6.83,0.188889,aqsol,True,False
CCCCCCOC(=O)c1ccccc1C(=O)OCCCCCC,-6.14307,0.811111,aqsol,True,False
CCCCCCOC(=O)c1ccccc1O,-5.04588,0.25,aqsol,True,False
CCCCCCOC(=O)c1cccnc1,-2.6538,0.25,aqsol,True,False
CCCCCCOC(C)=O,-2.45454,1.0,aqsol,True,False
CCCCCCOC1O[C@H](CO)[C@@H](O)[C@H](O)[C@H]1O,-0.658699,0.25,aqsol,True,False
CCCCCCOCCCCCC,-4.2703,0.25,aqsol,True,False
CCCCCCOCCO,-1.16945,1.0,aqsol,True,False
CCCCCCOCCOCCO,-1.04963,0.675,aqsol,True,False
CCCCCCO[N+](=O)[O-],-3.1287,0.675,aqsol,True,False
CCCCCCc1ccc(O)cc1O,-2.5897,1.0,aqsol,True,False
CCCCCCc1ccccc1,-5.2314,1.0,aqsol,True,False
CCCCCN,1.05994,1.0,aqsol,True,False
CCCCCN(CCCCC)CCCCC,-4.03096,0.675,aqsol,True,False
CCCCCO,-0.601367,1.0,aqsol,True,False
CCCCCOC(=O)CC,-2.25052,0.222222,aqsol,True,False
CCCCCOC(=O)CC,-1.28,0.777778,aqsol,True,False
CCCCCOC(=O)CCC,-2.467,0.75,aqsol,True,False
CCCCCOC(=O)CCCC,-3.62448,0.25,aqsol,True,False
CCCCCOC(=O)c1ccc(O)cc1,-3.8113,0.675,aqsol,True,False
CCCCCOC(=O)c1ccccc1C(=O)OCCCCC,-3.49,0.25,aqsol,True,False
CCCCCOC(C)=O,-1.88564,1.0,aqsol,True,False
CCCCCOC=O,-1.60206,0.25,aqsol,True,False
CCCCCO[N+](=O)[O-],-2.568,0.25,aqsol,True,False
CCCCCS,-2.82178,0.675,aqsol,True,False
CCCCC[N+](=O)[O-],-1.9548,0.25,aqsol,True,False
CCCCCc1ccccc1,-4.64054,1.0,aqsol,True,False
CCCCCl,-1.99958,1.0,aqsol,True,False
CCCCN,1.13743,1.0,aqsol,True,False
CCCCN(C)C(=O)Nc1ccc(Cl)c(Cl)c1,-4.7652,1.0,aqsol,True,False
CCCCN(CC)C(=O)SCCC,-3.40556,1.0,aqsol,True,False
CCCCN(CC)N=O,-1.03689,1.0,aqsol,True,False
CCCCN(CCCC)C(=O)N(CCCC)CCCC,-4.8206,0.25,aqsol,True,False
CCCCN(CCCC)C(=S)SCSC(=S)N(CCCC)CCCC,-6.24052,0.25,aqsol,True,False
CCCCN(CCCC)CCCC,-3.11811,1.0,aqsol,True,False
CCCCN(CCN(CCCC)C(=O)N1CCOCC1)C(=O)N1CCOCC1,0.0985,0.25,aqsol,True,False
CCCCN(CCO)CCCC,-1.63674,0.25,aqsol,True,False
CCCCNC(=O)NS(=O)(=O)c1ccc(C)cc1,-3.37618,1.0,aqsol,True,False
CCCCNC(=O)NS(=O)(=O)c1ccc(N)cc1,-2.71,0.0653846,aqsol,True,False
CCCCNC(=O)NS(=O)(=O)c1ccc(N)cc1,-2.17905,0.934615,aqsol,True,False
CCCCNC(=O)NS(=O)(=O)c1ccccc1,-3.05,1.0,aqsol,True,False
CCCCNC(=S)N(CCCC)CCCC,-4.18407,0.25,aqsol,True,False
CCCCNC1CC(C)(C)NC(C)(C)C1,0.574615,0.25,aqsol,True,False
CCCCNCC,-0.440815,0.675,aqsol,True,False
CCCCNCCCC,-1.44953,1.0,aqsol,True,False
CCCCNCCO,0.931038,0.675,aqsol,True,False
CCCCNS(=O)(=O)c1ccccc1,-2.67578,0.25,aqsol,True,True
CCCCO,-0.0226999,1.0,aqsol,True,False
CCCCOC,-0.990084,1.0,aqsol,True,False
CCCCOC(=O)/C=C/c1ccccc1,-1.61044,0.675,aqsol,True,False
CCCCOC(=O)C(C)O,-0.562979,1.0,aqsol,True,False
CCCCOC(=O)C1C(C(=O)OCCCC)C2(Cl)C(Cl)=C(Cl)C1(Cl)C2(Cl)Cl,-7.50956,0.25,aqsol,True,False
CCCCOC(=O)CC,-1.93883,1.0,aqsol,True,False
CCCCOC(=O)CC(O)(CC(=O)OCCCC)C(=O)OCCCC,-3.54527,0.25,aqsol,True,False
CCCCOC(=O)CCC,-2.43895,1.0,aqsol,True,False
CCCCOC(=O)CCC(=O)OCCCC,-3.0006,0.25,aqsol,True,False
CCCCOC(=O)CCC(C)(OOC(C)(C)C)OOC(C)(C)C,-5.18988,0.25,aqsol,True,False
CCCCOC(=O)CCC(C)=O,-1.30667,0.25,aqsol,True,False
CCCCOC(=O)CCCCC(=O)OCCCC,-3.86815,0.25,aqsol,True,False
CCCCOC(=O)CCCCCCCCC(=O)OCCCC,-3.8974,1.0,aqsol,True,False
CCCCOC(=O)CCOC,-1.2135,0.25,aqsol,True,False
CCCCOC(=O)CO,-0.458339,0.25,aqsol,True,False
CCCCOC(=O)CSCSCC(=O)OCCCC,-4.34308,0.25,aqsol,True,False
CCCCOC(=O)c1ccc(N)cc1,-2.93563,1.0,aqsol,True,False
CCCCOC(=O)c1ccc(O)cc1,-2.84747,1.0,aqsol,True,False
CCCCOC(=O)c1ccccc1,-3.48002,1.0,aqsol,True,False
CCCCOC(=O)c1ccccc1C(=O)OCCCC,-4.39731,1.0,aqsol,True,False
CCCCOC(=O)c1ccccc1C(=O)OCc1ccccc1,-5.64,0.626923,aqsol,True,False
CCCCOC(=O)c1ccccc1C(=O)OCc1ccccc1,-5.06412,0.373077,aqsol,True,False
CCCCOC(=O)c1ccccc1N,-3.38302,0.25,aqsol,True,False
CCCCOC(C)=O,-1.20646,1.0,aqsol,True,False
CCCCOC=O,-1.22826,1.0,aqsol,True,False
CCCCOCC,-1.54996,0.25,aqsol,True,False
CCCCOCC(C)O,-0.405238,0.25,aqsol,True,False
CCCCOCC(C)OCC(C)O,-0.636022,0.675,aqsol,True,False
CCCCOCC1CO1,-0.813894,1.0,aqsol,True,False
CCCCOCCCC,-2.63813,0.412651,aqsol,True,False
CCCCOCCCC,-1.85,0.587349,aqsol,True,False
CCCCOCCO,-0.42,0.759036,aqsol,True,False
CCCCOCCO,0.927,0.240964,aqsol,True,False
CCCCOCCOC(=O)CCCCC(=O)OCCOCCCC,-4.95873,0.25,aqsol,True,False
CCCCOCCOC(=O)COc1ccc(Cl)cc1Cl,-4.42911,0.675,aqsol,True,False
CCCCOCCOC(C)=O,-1.2504,0.25,aqsol,True,False
CCCCOCCOCCCC,-1.94004,1.0,aqsol,True,False
CCCCOCCOCCO,0.789963,0.675,aqsol,True,False
CCCCOCCOCCOC(=O)CCCCC(=O)OCCOCCOCCCC,-2.88218,0.25,aqsol,True,False
CCCCOCCOCCOC(C)=O,-0.604267,0.75,aqsol,True,False
CCCCOCCOCCOCCCC,-1.86128,1.0,aqsol,True,False
CCCCOCCOCCOCCO,0.685185,0.675,aqsol,True,False
CCCCOCCOCCOCOCCOCCOCCCC,-1.30164,0.25,aqsol,True,False
CCCCOCCOP(=O)(OCCOCCCC)OCCOCCCC,-2.77856,0.25,aqsol,True,False
CCCCOCN(C(=O)CCl)c1c(CC)cccc1CC,-4.19108,1.0,aqsol,True,False
CCCCOCOCCCC,-2.80688,0.25,aqsol,True,False
CCCCOCc1ccc(O)c(OC)c1,-2.0949,0.25,aqsol,True,False
CCCCOP(=O)(CCCC)OCCCC,-2.69981,0.675,aqsol,True,False
CCCCOP(=O)(OCCCC)OCCCC,-2.93533,0.75,aqsol,True,False
CCCCOP(=O)(OCCCC)Oc1ccccc1,-3.47487,0.75,aqsol,True,False
CCCCO[N+](=O)[O-],-2.0268,0.25,aqsol,True,False
CCCCO[P+](=O)OCCCC,-1.4249,0.25,aqsol,True,False
CCCCOc1ccccc1,-3.61325,0.25,aqsol,True,False
CCCCP(=O)(CCCC)CCCC,-0.593074,0.675,aqsol,True,False
CCCCS,-2.17966,1.0,aqsol,True,False
CCCCSP(=O)(SCCCC)SCCCC,-5.28413,1.0,aqsol,True,False
CCCC[N+](=O)[O-],-1.35087,0.75,aqsol,True,False
CCCCc1c(C)[nH]c(NCC)nc1=O,-3.02,0.25,aqsol,True,False
CCCCc1c(C)nc(NCC)nc1OS(=O)(=O)N(C)C,-4.15967,1.0,aqsol,True,False
CCCCc1ccccc1,-4.05854,1.0,aqsol,True,False
CCCCc1nc(C=O)c(Cl)[nH]1,-2.19913,0.25,aqsol,True,False
CCCCl,-1.46583,1.0,aqsol,True,False
CCCI,-2.26395,1.0,aqsol,True,False
CCCN,1.22879,1.0,aqsol,True,False
CCCN(CCC)C(=O)SCC,-2.70195,1.0,aqsol,True,False
CCCN(CCC)CCC,-2.31019,1.0,aqsol,True,False
CCCNC(=O)NS(=O)(=O)c1ccc(Cl)cc1,-3.09665,1.0,aqsol,True,False
CCCNCCC,-0.391551,1.0,aqsol,True,False
CCCO,0.62,0.561538,aqsol,True,False
CCCO,1.2207,0.438462,aqsol,True,False
CCCOC,-0.388518,1.0,aqsol,True,False
CCCOC(=O)CC,-1.34,0.307692,aqsol,True,False
CCCOC(=O)CC,-0.82,0.692308,aqsol,True,False
CCCOC(=O)CCC,-1.87771,1.0,aqsol,True,False
CCCOC(=O)COc1ccc(Cl)cc1Cl,-4.25007,0.675,aqsol,True,False
CCCOC(=O)Cn1cc(I)c(=O)c(I)c1,-3.504,0.75,aqsol,True,False
CCCOC(=O)c1cc(O)c(O)c(O)c1,-1.78134,1.0,aqsol,True,False
CCCOC(=O)c1ccc(N)cc1,-2.37067,1.0,aqsol,True,False
CCCOC(=O)c1ccc(O)cc1,-2.58426,1.0,aqsol,True,False
CCCOC(=O)c1ccccc1,-2.67002,1.0,aqsol,True,False
CCCOC(=O)c1cccnc1,-1.2403,0.25,aqsol,True,False
CCCOC(C)=O,-0.723798,1.0,aqsol,True,False
CCCOC(C)C,-1.33895,1.0,aqsol,True,False
CCCOC(C)OCCc1ccccc1,-3.38419,0.25,aqsol,True,False
CCCOC=O,-0.523015,1.0,aqsol,True,False
CCCOCC,-0.712334,1.0,aqsol,True,False
CCCOCC(=Nc1ccc(Cl)cc1C(F)(F)F)n1ccnc1,-4.44,0.25,aqsol,True,True
CCCOCC(C)O,0.9275,0.25,aqsol,True,False
CCCOCC(C)OCC(C)O,-0.0700527,0.25,aqsol,True,False
CCCOCCC,-1.51123,1.0,aqsol,True,False
CCCOP(=O)(OCCC)OCCC,-1.54044,0.675,aqsol,True,False
CCCOP(=O)(OCCC)Oc1ccc(SC)cc1,-3.38755,1.0,aqsol,True,False
CCCOP(=S)(OCCC)OP(=S)(OCCC)OCCC,-4.10033,0.675,aqsol,True,False
CCCOP(=S)(OCCC)SCC(=O)N1CCCCC1C,-4.15006,1.0,aqsol,True,False
CCCO[N+](=O)[O-],-1.50163,0.675,aqsol,True,False
CCCS,-1.6021,0.25,aqsol,True,False
CCCSCCC,-2.58,1.0,aqsol,True,False
CCCSP(=O)(OCC)Oc1ccc(Br)cc1Cl,-4.17801,1.0,aqsol,True,False
CCCSP(=O)(OCC)SCCC,-2.50945,1.0,aqsol,True,False
CCCSP(=S)(OCC)Oc1ccc(Cl)cc1Cl,-6.69111,0.675,aqsol,True,False
CCCSP(=S)(OCC)Oc1ccc(SC)cc1,-6.0171,0.25,aqsol,True,False
CCC[C@@H](N)C(=O)O,-0.0687,0.25,aqsol,True,False
CCC[C@H]1CCCCN1,-0.8493,0.25,aqsol,True,False
CCC[NH2+]CC,1.05466,0.25,aqsol,True,False
CCCc1ccc(O)c(OC)c1,-2.17929,0.25,aqsol,True,False
CCCc1ccc(O)cc1,-2.0276,0.25,aqsol,True,False
CCCc1ccccc1,-3.36645,1.0,aqsol,True,False
CCCl,-1.05704,1.0,aqsol,True,False
CCCn1c(=O)c2[nH]c(C3CCCC3)nc2n(CCC)c1=O,-4.82979,0.6,aqsol,True,False
CCI,-1.60035,1.0,aqsol,True,False
CCN,1.34745,1.0,aqsol,True,False
CCN(C(=O)N(CC)c1ccccc1)c1ccccc1,-3.52563,0.25,aqsol,True,False
CCN(C(C)C)C(C)C,-1.2416,0.25,aqsol,True,False
CCN(C)N=O,0.532033,0.75,aqsol,True,False
CCN(CC)C(=O)CC(C)C,-0.594867,0.75,aqsol,True,False
CCN(CC)C(=O)CCl,-0.243,0.675,aqsol,True,False
CCN(CC)C(=O)CSc1ccc(Cl)nn1,-1.71698,1.0,aqsol,True,False
CCN(CC)C(=O)N(CC)CC,-0.634037,0.675,aqsol,True,False
CCN(CC)C(=O)SCc1ccc(Cl)cc1,-3.96257,1.0,aqsol,True,False
CCN(CC)C(=O)SCc1ccccc1Cl,-4.03037,0.675,aqsol,True,False
CCN(CC)C(=O)c1cccnc1,0.749,0.75,aqsol,True,False
CCN(CC)C(=S)SSC(=S)N(CC)CC,-4.86005,0.85567,aqsol,True,False
CCN(CC)C(=S)SSC(=S)N(CC)CC,-4.0,0.14433,aqsol,True,False
CCN(CC)CC,-0.138897,1.0,aqsol,True,False
CCN(CC)CCCC(C)Nc1c2ccc(Cl)cc2nc2ccc(OC)cc12,-3.39794,0.35,aqsol,True,False
CCN(CC)CCCC(C)Nc1c2ccc(Cl)cc2nc2ccc(OC)cc12,-2.64,0.25,aqsol,True,False
CCN(CC)CCCC(C)Nc1ccnc2cc(Cl)ccc12,-4.52288,0.0875,aqsol,True,False
CCN(CC)CCCC(C)Nc1ccnc2cc(Cl)ccc12,-3.50499,0.2625,aqsol,True,False
CCN(CC)CCCC(C)Nc1ccnc2cc(Cl)ccc12,-2.83,0.25,aqsol,True,False
CCN(CC)CCO,0.931037,0.675,aqsol,True,False
CCN(CC)CN(CC)CC,-0.199815,0.675,aqsol,True,False
CCN(CC)Cc1cc(Nc2ccnc3cc(Cl)ccc23)ccc1O,-5.79,0.25,aqsol,True,False
CCN(CC)c1ccc2c(C)cc(=O)oc2c1,-4.0,0.25,aqsol,True,False
CCN(CC)c1cccc(O)c1,-2.01128,0.25,aqsol,True,False
CCN(CC)c1ccccc1,-3.02925,1.0,aqsol,True,False
CCN(CC)c1nc(Cl)nc(NC(C)C)n1,-3.78629,1.0,aqsol,True,False
CCN(CC)c1nc(NC(C)C)nc(OC)n1,-4.889,0.25,aqsol,True,False
CCN(CCCl)CCCl,-3.0287,0.675,aqsol,True,False
CCN(CCCl)c1ccc(C=O)cc1,-3.03345,0.25,aqsol,True,False
CCN(CCO)c1ccccc1,-1.91893,0.675,aqsol,True,False
CCN(Cc1ccncc1)C(=O)C(CO)c1ccccc1,-1.7,0.25,aqsol,True,False
CCN(O)CC,0.703632,0.25,aqsol,True,False
CCN1CC(=O)N=C1N,-0.165,0.25,aqsol,True,False
CCN1CCCC1=O,0.946307,0.25,aqsol,True,False
CCN1CCCCC1,-1.27571,0.25,aqsol,True,False
CCN1CCOCC1,0.938852,0.675,aqsol,True,False
CCNC(=O)CSP(=S)(OC)OC,-1.45802,1.0,aqsol,True,False
CCNC(=O)[C@H](C)OC(=O)Nc1ccccc1,-1.8293,0.25,aqsol,True,False
CCNC(=S)NCC,-1.46,1.0,aqsol,True,False
CCNC(=S)OC(C)C,-1.74479,0.25,aqsol,True,False
CCNC(C)C,1.0597,0.25,aqsol,True,False
CCNCC,1.01878,1.0,aqsol,True,False
CCNc1cccc2ccccc12,-3.1922,0.25,aqsol,True,False
CCNc1ccccc1,-1.69239,1.0,aqsol,True,False
CCNc1nc(NC(C)C)nc(SC)n1,-3.04013,1.0,aqsol,True,False
CCNc1nc(NCC)nc(OC)n1,-1.7898,0.25,aqsol,True,False
CCO,1.19349,1.0,aqsol,True,False
CCOC,-0.0799,0.675,aqsol,True,False
CCOC(=O)C(=Cc1ccc(C=C(C(=O)OCC)C(=O)OCC)cc1)C(=O)OCC,-5.62164,0.25,aqsol,True,False
CCOC(=O)C(=O)C(=O)OCC,0.511889,0.675,aqsol,True,False
CCOC(=O)C(=O)OCC,-0.608815,0.675,aqsol,True,False
CCOC(=O)C(C#N)=C(c1ccccc1)c1ccccc1,-7.74402,0.25,aqsol,True,False
CCOC(=O)C(C)(C)c1ccccc1,-3.04584,0.25,aqsol,True,False
CCOC(=O)C(C)C,-1.2555,0.25,aqsol,True,False
CCOC(=O)C(C)C1CCCCC1,-3.32746,0.25,aqsol,True,False
CCOC(=O)C(C)CC,-2.33642,0.25,aqsol,True,False
CCOC(=O)C(C)N(C(=O)c1ccccc1)c1ccc(Cl)c(Cl)c1,-4.26185,1.0,aqsol,True,False
CCOC(=O)C(C)O,0.927852,0.675,aqsol,True,False
CCOC(=O)C(Cl)C(=O)OCC,-1.72097,0.25,aqsol,True,False
CCOC(=O)C(Cl)C(C)=O,-0.985949,0.25,aqsol,True,False
CCOC(=O)C(O)(c1ccc(Cl)cc1)c1ccc(Cl)cc1,-4.512,0.75,aqsol,True,False
CCOC(=O)C(O)c1ccccc1,-1.26,0.25,aqsol,True,False
CCOC(=O)C(SP(=S)(OC)OC)c1ccccc1,-4.4643,0.25,aqsol,True,False
CCOC(=O)C(SP(=S)(OC)OC)c1ccccc1,-3.205,0.5,aqsol,True,False
CCOC(=O)C1=C(C)C=CCC1(C)C,-3.41162,0.25,aqsol,True,False
CCOC(=O)C1OC1(C)c1ccccc1,-2.31437,0.25,aqsol,True,False
CCOC(=O)C=Cc1ccccc1,-2.99904,1.0,aqsol,True,False
CCOC(=O)CC,-0.679283,1.0,aqsol,True,False
CCOC(=O)CC#N,-0.66213,1.0,aqsol,True,False
CCOC(=O)CC(=O)C(F)(F)F,-1.47223,0.675,aqsol,True,True
CCOC(=O)CC(=O)OCC,-0.824578,1.0,aqsol,True,False
CCOC(=O)CC(C)=O,-0.073,0.75,aqsol,True,False
CCOC(=O)CC(C)C,-1.71457,1.0,aqsol,True,False
CCOC(=O)CC(C)CC(C)(C)C,-3.82304,0.25,aqsol,True,False
CCOC(=O)CC(NC1CCC(CC2CCC(NC(CC(=O)OCC)C(=O)OCC)C(C)C2)CC1C)C(=O)OCC,-5.06653,0.25,aqsol,True,False
CCOC(=O)CC(O)(CC(=O)OCC)C(=O)OCC,-0.613128,1.0,aqsol,True,False
CCOC(=O)CC(SP(=S)(OC)OC)C(=O)OCC,-3.36563,1.0,aqsol,True,False
CCOC(=O)CC1(C)OCC(C)O1,-2.17989,0.25,aqsol,True,False
CCOC(=O)CC1(C)OCCO1,-0.144824,0.25,aqsol,True,False
CCOC(=O)CCC(=O)OCC,-0.96,1.0,aqsol,True,False
CCOC(=O)CCCC(=O)OCC,-1.32994,1.0,aqsol,True,False
CCOC(=O)CCCCCC(=O)OCC,-2.02506,1.0,aqsol,True,False
CCOC(=O)CCCCCCC(=O)OCC,-2.53013,0.75,aqsol,True,False
CCOC(=O)CCCCCCCC(=O)OCC,-2.99,0.675,aqsol,True,False
CCOC(=O)CCCCCCCCC(=O)OCC,-3.50981,1.0,aqsol,True,False
CCOC(=O)CCSP(=S)(OC(C)C)OC(C)C,-4.27478,0.25,aqsol,True,False
CCOC(=O)CCc1ccccc1,-2.90948,0.675,aqsol,True,False
CCOC(=O)CCl,-0.8005,0.25,aqsol,True,False
CCOC(=O)CN(C(=O)CCl)c1c(CC)cccc1CC,-3.47185,1.0,aqsol,True,False
CCOC(=O)CN=C(c1ccccc1)c1ccccc1,-3.42704,0.25,aqsol,True,False
CCOC(=O)COc1cc(-c2nn(C)c(OC(F)F)c2Cl)c(F)cc1Cl,-5.6161,0.25,aqsol,True,False
CCOC(=O)COc1cc(Cl)c(Cl)cc1Cl,-4.8493,0.25,aqsol,True,False
CCOC(=O)Cc1ccccc1,-2.1362,0.25,aqsol,True,False
CCOC(=O)N(C)C(=O)CSP(=S)(OCC)OCC,-2.51869,1.0,aqsol,True,False
CCOC(=O)N(C)N=O,-0.552926,0.675,aqsol,True,False
CCOC(=O)N(CC)CC,-1.06819,0.675,aqsol,True,False
CCOC(=O)N(CC)c1ccccc1,0.867399,0.25,aqsol,True,False
CCOC(=O)N(c1ccccc1)c1ccccc1,-3.96924,0.25,aqsol,True,False
CCOC(=O)N1C(=O)c2ccccc2C1=O,-2.73877,0.25,aqsol,True,False
CCOC(=O)N1CCC(=O)CC1,0.766506,0.25,aqsol,True,False
CCOC(=O)NC,0.825833,0.75,aqsol,True,False
CCOC(=O)NS(=O)(=O)c1ccc(C)cc1,-2.2431,0.25,aqsol,True,False
CCOC(=O)OC,-0.344451,0.25,aqsol,True,False
CCOC(=O)OC1CCCCC1C(C)(C)C,-4.32114,0.25,aqsol,True,False
CCOC(=O)[C@@H](C)Oc1ccc(Oc2cnc3cc(Cl)ccc3n2)cc1,-5.9694,0.25,aqsol,True,False
CCOC(=O)[C@@H](N)CC(C)C,-0.5606,0.25,aqsol,True,False
CCOC(=O)c1ccc(N)cc1,-2.33763,1.0,aqsol,True,False
CCOC(=O)c1ccc(O)c(O)c1,-1.85566,0.25,aqsol,True,False
CCOC(=O)c1ccc(O)c(OC)c1,-1.72,0.25,aqsol,True,False
CCOC(=O)c1ccc(O)cc1,-2.32,1.0,aqsol,True,False
CCOC(=O)c1ccccc1,-2.32939,1.0,aqsol,True,False
CCOC(=O)c1ccccc1C(=O)OCC,-2.33904,1.0,aqsol,True,False
CCOC(=O)c1cccnc1,-0.4313,0.25,aqsol,True,False
CCOC(=O)c1cncn1C(C)c1ccccc1,-4.73578,1.0,aqsol,True,False
CCOC(=S)SSC(=S)OCC,-4.9432,0.25,aqsol,True,False
CCOC(C)(C)C,-0.930074,0.675,aqsol,True,False
CCOC(C)(C)CC,-1.47194,0.25,aqsol,True,False
CCOC(C)=O,-0.0387234,1.0,aqsol,True,False
CCOC(C)C,-0.551954,1.0,aqsol,True,False
CCOC(C)C(=O)C(O)O,-0.1707,0.25,aqsol,True,False
CCOC(C)OCC,-0.429651,1.0,aqsol,True,False
CCOC(F)(C(F)(F)C(F)(F)C(F)(F)F)C(F)(C(F)(F)F)C(F)(F)F,-7.28873,0.25,aqsol,True,True
CCOC(OCC)OCC,-2.04052,0.25,aqsol,True,False
CCOC1CC(C)CC(C)(C)C1,-4.13429,0.25,aqsol,True,False
CCOC=O,0.128549,1.0,aqsol,True,False
CCOCC,-0.0895702,1.0,aqsol,True,False
CCOCCC(=O)OCC,-0.424966,0.675,aqsol,True,False
CCOCCCC(C)OCCOCC(C)CO,-0.790861,0.25,aqsol,True,False
CCOCCO,1.04507,0.75,aqsol,True,False
CCOCCOC(=O)/C=C/c1ccc(OC)cc1,-2.69981,0.675,aqsol,True,False
CCOCCOC(=O)CCCCC(=O)OCCOCC,-2.06185,0.675,aqsol,True,False
CCOCCOC(=O)CCCCCCCCC(=O)OCCOCC,-3.19896,0.675,aqsol,True,False
CCOCCOC(C)(C)C,-0.687915,0.25,aqsol,True,False
CCOCCOC(C)=O,0.271867,0.75,aqsol,True,False
CCOCCOCC,-0.77,0.707831,aqsol,True,False
CCOCCOCC,-0.15,0.292169,aqsol,True,False
CCOCCOCCO,0.872064,1.0,aqsol,True,False
CCOCCOCCOC(C)=O,0.753987,0.675,aqsol,True,False
CCOCCOCCOCC,0.789979,1.0,aqsol,True,False
CCOCCOCCOCCO,0.749,0.675,aqsol,True,False
CCOCOC1CCCCCCCCCCC1,-5.33532,0.25,aqsol,True,False
CCOCOCC,-0.172867,0.75,aqsol,True,False
CCOP(=O)(C#N)N(C)C,-0.2186,0.25,aqsol,True,False
CCOP(=O)(N=C1SCCS1)OCC,-2.5941,0.25,aqsol,True,False
CCOP(=O)(OCC)OCC,0.434019,1.0,aqsol,True,False
CCOP(=O)(OCC)OP(=O)(OCC)OCC,0.5373,0.25,aqsol,True,False
CCOP(=O)(OCC)Oc1ccc2c(C)c(Cl)c(=O)oc2c1,-3.18,0.25,aqsol,True,False
CCOP(=O)(OCC)SCC(=O)NC(C)(C)C#N,-0.6239,0.75,aqsol,True,False
CCOP(=O)(OCC)SCCSCC,-2.11068,1.0,aqsol,True,False
CCOP(=O)(Sc1ccccc1)Sc1ccccc1,-3.33053,1.0,aqsol,True,False
CCOP(=S)(CC)Oc1cc(Cl)c(Cl)cc1Cl,-5.75154,1.0,aqsol,True,False
CCOP(=S)(OCC)N1C(=O)c2ccccc2C1=O,-3.35075,1.0,aqsol,True,False
CCOP(=S)(OCC)OC(Cl)C(Cl)(Cl)Cl,-5.52863,0.675,aqsol,True,False
CCOP(=S)(OCC)OCCSCC,-3.63255,1.0,aqsol,True,False
CCOP(=S)(OCC)OP(=S)(OCC)OCC,-4.03044,0.675,aqsol,True,False
CCOP(=S)(OCC)Oc1cc(Cl)c(Br)cc1Cl,-5.9513,1.0,aqsol,True,False
CCOP(=S)(OCC)Oc1cc(Cl)c(Cl)c(SC)c1,-6.0807,0.25,aqsol,True,False
CCOP(=S)(OCC)Oc1ccc2c(C)c(Cl)c(=O)oc2c1,-5.38177,1.0,aqsol,True,False
CCOP(=S)(OCC)Oc1cnc2ccccc2n1,-4.13207,0.75,aqsol,True,False
CCOP(=S)(OCC)Oc1cnccn1,-2.338,0.75,aqsol,True,False
CCOP(=S)(OCC)SC(CCl)N1C(=O)c2ccccc2C1=O,-6.28096,1.0,aqsol,True,False
CCOP(=S)(OCC)SCC(=O)NC(C)C,-2.05819,1.0,aqsol,True,False
CCOP(=S)(OCC)SCCS(=O)(=O)CC,-2.54006,1.0,aqsol,True,False
CCOP(=S)(OCC)SCCSCC,-4.22858,1.0,aqsol,True,False
CCOP(=S)(OCC)SCCl,-3.5924,0.25,aqsol,True,False
CCOP(=S)(OCC)SCS(=O)(=O)C(C)(C)C,-2.89503,0.75,aqsol,True,False
CCOP(=S)(OCC)SCS(=O)(=O)CC,-2.5309,0.25,aqsol,True,False
CCOP(=S)(OCC)SCSC(C)(C)C,-4.755,1.0,aqsol,True,False
CCOP(=S)(OCC)SCSCC,-3.89746,1.0,aqsol,True,False
CCOP(=S)(OCC)SCSP(=S)(OCC)OCC,-5.43413,1.0,aqsol,True,False
CCOP(=S)(OCC)SCn1nnc2ccccc2c1=O,-4.51811,1.0,aqsol,True,False
CCOP(C)(=O)SCCN(C(C)C)C(C)C,-0.95,0.675,aqsol,True,False
CCOS(=O)(=O)OCC,-1.34298,0.75,aqsol,True,False
CCOS(=O)(=O)c1ccccc1,-2.1303,0.675,aqsol,True,False
CCOc1cc(C=O)ccc1O,-1.7642,0.25,aqsol,True,False
CCOc1cc(NC(=O)c2ccccc2)c(OCC)cc1N,-2.40576,0.25,aqsol,True,False
CCOc1cc(OP(=S)(OC)OC)nc(CC)n1,-3.8638,0.25,aqsol,True,False
CCOc1ccc(C=O)cc1OC,-2.19048,0.675,aqsol,True,False
CCOc1ccc(N)cc1,-0.860835,0.25,aqsol,True,False
CCOc1ccc(N)cc1,1.73834,0.35,aqsol,True,False
CCOc1ccc(NC(=O)c2cc3ccccc3cc2O)cc1,-5.31154,0.25,aqsol,True,False
CCOc1ccc(NC(C)=O)cc1,-2.35617,1.0,aqsol,True,False
CCOc1ccc(NS(=O)(=O)c2ccc(N)cc2)nn1,-2.427,0.75,aqsol,True,False
CCOc1ccc(O)cc1,-1.29,0.25,aqsol,True,False
CCOc1ccccc1,-2.3307,1.0,aqsol,True,False
CCOc1ccccc1NC(=O)C(=O)Nc1ccccc1CC,-6.01755,0.25,aqsol,True,False
CCOc1ccccc1NC(=O)c1cc2ccccc2cc1O,-5.1866,0.25,aqsol,True,False
CCOc1ccccc1O,-1.17145,0.25,aqsol,True,False
CCOc1ccccc1OCC,-2.41045,0.25,aqsol,True,False
CCOc1ccccc1OS(=O)(=O)NC(=O)Nc1nc(OC)cc(OC)n1,-4.1853,0.25,aqsol,True,False
CCOc1nc(NC)nc(NC(=O)NS(=O)(=O)c2ccccc2C(=O)OC)n1,-4.38791,0.25,aqsol,True,False
CCS,-0.648062,1.0,aqsol,True,False
CCS(=O)(=O)C(C)(C)S(=O)(=O)CC,-1.927,0.75,aqsol,True,False
CCS(=O)(=O)c1cccnc1S(=O)(=O)NC(=O)Nc1nc(OC)cc(OC)n1,-4.6349,0.25,aqsol,True,False
CCS(=O)(=O)c1nc2ccccn2c1S(=O)(=O)NC(=O)Nc1nc(OC)cc(OC)n1,-4.4191,0.25,aqsol,True,False
CCSC,-1.05697,0.25,aqsol,True,False
CCSC(=O)N(CC(C)C)CC(C)C,-3.68063,1.0,aqsol,True,False
CCSC(=O)N(CC)C1CCCCC1,-3.40059,1.0,aqsol,True,False
CCSC(=O)N1CCCCCC1,-2.2874,1.0,aqsol,True,False
CCSCC,-1.41231,1.0,aqsol,True,False
CCSCCSP(=O)(OC)OC,-1.84141,0.675,aqsol,True,False
CCSCCSP(=S)(OC)OC,-3.09051,1.0,aqsol,True,False
CCSSCC,-2.45589,1.0,aqsol,True,False
CC[C@@H](C)[C@H](N)C(=O)O,-0.3895,0.25,aqsol,True,False
CC[C@H](C)c1cccc([C@H](C)CC)c1O,-5.0593,0.25,aqsol,True,False
CC[NH+](C)CC,0.713,0.25,aqsol,True,False
CC[NH+](CCO)CCO,0.8755,0.25,aqsol,True,False
CCc1cc(C)cc(O)c1,-1.76985,0.675,aqsol,True,False
CCc1cc(Cc2cc(CC)c(N)c(CC)c2)cc(CC)c1N,-5.84859,0.25,aqsol,True,False
CCc1ccc(C)cc1,-3.10691,1.0,aqsol,True,False
CCc1ccc(C)nc1,-1.00426,0.25,aqsol,True,False
CCc1ccc(CC(C)(C)C#N)cc1,-3.35134,0.25,aqsol,True,False
CCc1ccc(CC)cc1,-3.74488,1.0,aqsol,True,False
CCc1ccc2cc3ccccc3cc2c1,-6.8882,1.0,aqsol,True,False
CCc1ccc2ccccc2c1,-4.29001,1.0,aqsol,True,False
CCc1cccc(C)c1N,-1.70613,0.25,aqsol,True,False
CCc1cccc(C)c1N(COC(C)C)C(=O)CCl,-3.18933,0.675,aqsol,True,False
CCc1cccc(CC)c1,-3.74864,1.0,aqsol,True,False
CCc1cccc(CC)c1N,-2.34905,1.0,aqsol,True,False
CCc1cccc2c(CCO)c[nH]c12,-1.91533,0.25,aqsol,True,False
CCc1ccccc1,-2.77982,1.0,aqsol,True,False
CCc1ccccc1Br,-3.67007,0.675,aqsol,True,False
CCc1ccccc1C,-3.20894,1.0,aqsol,True,False
CCc1ccccc1CC,-3.27814,1.0,aqsol,True,False
CCc1ccccn1,0.505846,1.0,aqsol,True,False
CCc1cccnc1,0.538,0.75,aqsol,True,False
CCc1nccnc1C,0.444511,0.25,aqsol,True,False
CCc1nnc(NS(=O)(=O)c2ccc(N)cc2)s1,-3.12,0.153846,aqsol,True,False
CCc1nnc(NS(=O)(=O)c2ccc(N)cc2)s1,-1.94073,0.846154,aqsol,True,False
CN(C(=S)SSC(=S)N(C)c1ccccc1)c1ccccc1,-6.26077,0.25,aqsol,True,False
CN(C)C,1.04042,1.0,aqsol,True,False
CN(C)C(=N)N(C)C,0.938623,0.25,aqsol,True,False
CN(C)C(=O)C(c1ccccc1)c1ccccc1,-2.97512,1.0,aqsol,True,False
CN(C)C(=O)CCC(=O)N(C)C,0.5035,0.25,aqsol,True,False
CN(C)C(=O)N(C)C,0.937669,1.0,aqsol,True,False
CN(C)C(=O)NC1CC2CC1C1CCCC21,-3.06679,1.0,aqsol,True,False
CN(C)C(=O)NC1CCCCCCC1,-2.30356,1.0,aqsol,True,False
CN(C)C(=O)Nc1ccc(Cl)cc1,-2.90364,1.0,aqsol,True,False
CN(C)C(=O)OC1=CC(=O)CC(C)(C)C1,-0.849036,1.0,aqsol,True,False
CN(C)C(=O)SCCCCOc1ccccc1,-3.92804,1.0,aqsol,True,False
CN(C)C(=O)c1ccc(Cl)cc1,-1.0,0.25,aqsol,True,False
CN(C)C(=S)SC(=S)N(C)C,-2.8303,0.25,aqsol,True,False
CN(C)C(=S)SSC(=S)N(C)C,-3.93432,1.0,aqsol,True,False
CN(C)C(CSC(N)=O)CSC(N)=O,-0.111556,0.675,aqsol,True,False
CN(C)C(CSS(=O)(=O)c1ccccc1)CSS(=O)(=O)c1ccccc1,-5.76,0.675,aqsol,True,False
CN(C)C1CCCCC1,-0.977488,0.25,aqsol,True,False
CN(C)C=O,1.13604,0.75,aqsol,True,False
CN(C)CCCN,0.99063,0.25,aqsol,True,False
CN(C)CCCN1CN(CCCN(C)C)CN(CCCN(C)C)C1,0.164213,0.25,aqsol,True,False
CN(C)CCCNC=O,0.885419,0.25,aqsol,True,False
CN(C)CCCNCCCN(C)C,0.355851,0.25,aqsol,True,False
CN(C)CCCO,0.986468,0.25,aqsol,True,False
CN(C)CCCOC1(Cc2ccccc2)CCCCCC1,-1.62,0.25,aqsol,True,False
CN(C)CCN(Cc1ccccc1)c1ccccn1,-2.64,1.0,aqsol,True,False
CN(C)CCN(Cc1cccs1)c1ccccn1,-2.63962,1.0,aqsol,True,False
CN(C)CCO,1.0499,0.25,aqsol,True,False
CN(C)CCOCCO,-0.124475,0.25,aqsol,True,False
CN(C)Cc1cc(CN(C)C)c(O)c(CN(C)C)c1,0.505516,0.25,aqsol,True,False
CN(C)Cc1ccccc1,-1.22792,0.25,aqsol,True,False
CN(C)Cc1ccccc1Cl,-1.84936,0.25,aqsol,True,False
CN(C)N,1.22103,0.75,aqsol,True,False
CN(C)N=O,1.1301,0.75,aqsol,True,False
CN(C)P(=O)(N(C)C)N(C)C,0.746936,1.0,aqsol,True,False
CN(C)S(=O)(=O)N(SC(F)(Cl)Cl)c1ccccc1,-5.4088,0.25,aqsol,True,False
CN(C)c1ccc(C=O)cc1,-2.28277,0.25,aqsol,True,False
CN(C=O)c1ccccc1,-1.49478,0.25,aqsol,True,False
CN(CCCN)CCCN,0.837884,0.25,aqsol,True,False
CN(CCCl)CCCl,-1.11152,0.675,aqsol,True,False
CN(CCO)CCO,0.923946,0.675,aqsol,True,False
CN(CCO)S(=O)(=O)C(F)(F)C(F)(F)C(F)(F)C(F)(F)F,-3.40369,0.25,aqsol,True,True
CN1C(=O)OC(C)(C)C1=O,-0.456926,0.675,aqsol,True,False
CN1C(C(=O)Nc2ccccn2)=C(O)c2sccc2S1(=O)=O,-3.88,0.25,aqsol,True,False
CN1CC(=O)N=C1N,-0.1499,0.25,aqsol,True,False
CN1CCCC1=O,1.00181,1.0,aqsol,True,False
CN1CCCCC1,0.228769,1.0,aqsol,True,False
CN1CCCN(C)C1=O,0.892197,0.25,aqsol,True,False
CN1CCN(C)CC1,0.942364,0.25,aqsol,True,False
CN1CCOCC1,0.997365,1.0,aqsol,True,False
CN1CSC(=S)N(C)C1,-2.00402,1.0,aqsol,True,False
CN=C=S,-0.983074,0.75,aqsol,True,False
CNC,1.558,0.75,aqsol,True,False
CNC(=O)C(C)(C(C)C)C(C)C,-1.39487,0.25,aqsol,True,False
CNC(=O)CSP(=O)(OC)OC,0.671074,0.675,aqsol,True,False
CNC(=O)N(C)C(=O)CC#N,0.170963,0.675,aqsol,True,False
CNC(=O)N(C)c1nc2ccccc2s1,-3.57403,0.75,aqsol,True,False
CNC(=O)N(c1ccccc1)c1ccccc1,-2.98395,0.25,aqsol,True,False
CNC(=O)NC,0.938636,0.25,aqsol,True,False
CNC(=O)OCc1cccc(Cl)c1Cl,-3.1389,0.25,aqsol,True,False
CNC(=O)ON=C(CSC)C(C)(C)C,-1.62,1.0,aqsol,True,False
CNC(=O)Oc1cc(C)c(N(C)C)c(C)c1,-3.34806,1.0,aqsol,True,False
CNC(=O)Oc1cc(C)cc(C)c1,-2.58078,1.0,aqsol,True,False
CNC(=O)Oc1ccc(N(C)C)c(C)c1,-2.35894,1.0,aqsol,True,False
CNC(=O)Oc1cccc(C)c1,-1.80067,1.0,aqsol,True,False
CNC(=O)Oc1ccccc1,-1.80187,1.0,aqsol,True,False
CNC(=O)Oc1ccccc1C1OCCO1,-1.57031,1.0,aqsol,True,False
CNC(=S)NC,0.982111,0.675,aqsol,True,False
CNC(=S)NN,-0.465573,0.25,aqsol,True,False
CNC(C)=O,1.13747,1.0,aqsol,True,False
CNC(N)=O,1.13004,1.0,aqsol,True,False
CNC1CCCCC1,-0.321468,0.25,aqsol,True,False
CNC=O,1.22865,0.25,aqsol,True,False
CNCC(C)c1ccccc1,-1.0947,0.25,aqsol,True,False
CNCC(O)C(O)C(O)C(O)CO,0.590787,1.0,aqsol,True,False
CNCCO,1.1243,0.25,aqsol,True,False
CNCc1cccc2ccccc12,-1.7151,0.25,aqsol,True,False
CNCc1ccccc1,0.916852,0.675,aqsol,True,False
CNN,1.33886,1.0,aqsol,True,False
CNNC,1.22041,0.675,aqsol,True,False
CNS#CNCO,-0.0798,0.25,aqsol,True,False
CNS(=O)(=O)c1cc(OC)c(N)cc1C,-2.57694,0.25,aqsol,True,True
CNS(=O)(=O)c1cc(OC)c(N)cc1OC,-3.65108,0.25,aqsol,True,True
COC,0.884078,1.0,aqsol,True,False
COC(=O)C(=O)OC,-0.291963,0.675,aqsol,True,False
COC(=O)C(=O)c1ccccc1,-1.91424,0.25,aqsol,True,False
COC(=O)C(C)O,0.982815,0.675,aqsol,True,False
COC(=O)C(C)Oc1ccc(Oc2ccc(Cl)cc2Cl)cc1,-3.834,0.75,aqsol,True,False
COC(=O)C(Cl)Cc1ccc(Cl)cc1,-3.76777,1.0,aqsol,True,False
COC(=O)C(F)(F)F,-0.647984,0.25,aqsol,True,True
COC(=O)C1=CCCN(C)C1,0.809488,1.0,aqsol,True,False
COC(=O)C1C(C)=CCCC1(C)C,-2.90852,0.25,aqsol,True,False
COC(=O)C=C(C)C,-1.414,0.25,aqsol,True,False
COC(=O)C=C1CCCC1,-1.94257,0.25,aqsol,True,False
COC(=O)CC#N,-0.263632,0.25,aqsol,True,False
COC(=O)CC(=O)OC,0.027342,0.25,aqsol,True,False
COC(=O)CC(C(C)=O)C(=O)OC,-0.524835,0.25,aqsol,True,False
COC(=O)CC(C)=O,0.634021,1.0,aqsol,True,False
COC(=O)CCC(=O)OC,-0.767,0.425,aqsol,True,False
COC(=O)CCC(=O)OC,-0.0752232,0.25,aqsol,True,False
COC(=O)CCCC(=O)OC,-0.4337,0.25,aqsol,True,False
COC(=O)CCCCC(=O)OC,-1.46107,0.675,aqsol,True,False
COC(=O)CCCCCCCCC(=O)OC,-3.2831,0.25,aqsol,True,False
COC(=O)CCS,-0.757588,0.25,aqsol,True,False
COC(=O)CCl,-0.372768,0.25,aqsol,True,False
COC(=O)COc1ccc(Cl)cc1Cl,-2.95985,0.675,aqsol,True,False
COC(=O)Cc1ccccc1,-2.2114,0.25,aqsol,True,False
COC(=O)NC(=S)Nc1ccccc1NC(=S)NC(=O)OC,-4.1097,0.25,aqsol,True,False
COC(=O)NS(=O)(=O)c1ccc(N)cc1,-1.67631,1.0,aqsol,True,False
COC(=O)Nc1cccc(OC(=O)Nc2cccc(C)c2)c1,-4.79038,1.0,aqsol,True,False
COC(=O)[C@@H](C)N(C(=O)c1ccccc1)c1ccc(F)c(Cl)c1,-4.3219,0.25,aqsol,True,False
COC(=O)c1c(C)cc(O)c(C)c1O,-4.03743,0.25,aqsol,True,False
COC(=O)c1c(Cl)nn(C)c1S(=O)(=O)NC(=O)Nc1nc(OC)cc(OC)n1,-4.4642,0.25,aqsol,True,False
COC(=O)c1cc(O)c(O)c(O)c1,-1.23999,1.0,aqsol,True,False
COC(=O)c1ccc(C(=O)OC)c(N)c1,-3.7185,0.25,aqsol,True,False
COC(=O)c1ccc(C)cc1,-2.57672,0.25,aqsol,True,False
COC(=O)c1ccc(N)cc1,-1.59329,1.0,aqsol,True,False
COC(=O)c1ccc(O)cc1,-1.79682,1.0,aqsol,True,False
COC(=O)c1ccc(OC)cc1,-2.39985,1.0,aqsol,True,False
COC(=O)c1ccccc1,-1.83214,1.0,aqsol,True,False
COC(=O)c1ccccc1CS(=O)(=O)NC(=O)Nc1nc(OC)cc(OC)n1,-3.534,0.75,aqsol,True,False
COC(=O)c1ccccc1N,-1.72513,0.675,aqsol,True,False
COC(=O)c1ccccc1O,-2.34,0.473077,aqsol,True,False
COC(=O)c1ccccc1O,-1.31263,0.526923,aqsol,True,False
COC(=O)c1ccccc1S(=O)(=O)NC(=O)N(C)c1nc(C)nc(OC)n1,-3.8981,0.25,aqsol,True,False
COC(=O)c1ccccc1S(=O)(=O)NC(=O)Nc1nc(C)cc(C)n1,-3.11407,0.75,aqsol,True,False
COC(=O)c1ccccc1S(=O)(=O)NC(=O)Nc1nc(C)nc(OC)n1,-1.604,0.75,aqsol,True,False
COC(=O)c1ccccc1S(=O)(=O)NC(=O)Nc1nc(OC(F)F)cc(OC(F)F)n1,-5.152,0.25,aqsol,True,False
COC(=O)c1cccnc1,-0.459946,1.0,aqsol,True,False
COC(=O)c1nc(Cl)c(Cl)nc1N,-4.53484,0.25,aqsol,True,False
COC(=O)c1nccnc1N,-1.64227,0.25,aqsol,True,False
COC(=O)c1sc(N)c(C#N)c1C,-4.99174,0.25,aqsol,True,False
COC(=O)c1sccc1S(=O)(=O)NC(=O)Nc1nc(C)nc(OC)n1,-2.2379,0.25,aqsol,True,False
COC(C)(C)C,-0.249582,1.0,aqsol,True,False
COC(C)(C)CCCC(C)CC=CC(C)=CC(=O)OC(C)C,-5.22759,1.0,aqsol,True,False
COC(C)(C)CCO,-0.0725293,0.25,aqsol,True,False
COC(C)(C)CCOC(C)=O,-0.439029,0.25,aqsol,True,False
COC(C)=O,0.498795,1.0,aqsol,True,False
COC(C)C,-0.0582231,1.0,aqsol,True,False
COC(C)CCOC(C)=O,-1.5,0.425,aqsol,True,False
COC(C)CCOC(C)=O,-0.687785,0.25,aqsol,True,False
COC(C)COC(C)CO,0.8292,0.25,aqsol,True,False
COC(C)OC,1.0452,0.25,aqsol,True,False
COC(Cc1ccccc1)OC,-1.62962,0.25,aqsol,True,False
COC(N)=O,0.967231,1.0,aqsol,True,False
COC(OC)C(C)(C)CC=C(C)C,-3.33976,0.25,aqsol,True,False
COC(OC)OC,-1.0258,0.25,aqsol,True,False
COC1CCC=CO1,-0.853333,0.25,aqsol,True,False
COC1CCCC1,-0.903789,0.25,aqsol,True,False
COC1CCCCCCCCCCC1,-4.68359,0.25,aqsol,True,False
COC1OC(COS(=O)(=O)c2ccc(C)cc2)C2OC(C)(C)OC12,-4.15644,0.25,aqsol,True,False
COC=O,0.627445,1.0,aqsol,True,False
COCC(=O)c1ccccc1,-0.7616,0.25,aqsol,True,False
COCC(C)O,1.04821,0.675,aqsol,True,False
COCC(C)OC(C)=O,0.156218,1.0,aqsol,True,False
COCC(C)OCC(C)OC(C)CO,0.6855,0.25,aqsol,True,False
COCC(C)OCC(C)OCC(C)O,0.685185,0.675,aqsol,True,False
COCCC(=O)OC,0.802887,0.675,aqsol,True,False
COCCCNc1nc(NC(C)C)nc(SC)n1,-2.92858,1.0,aqsol,True,False
COCCCNc1nc(NCCCOC)nc(SC)n1,-3.4792,0.25,aqsol,True,False
COCCCl,-0.0725,0.675,aqsol,True,False
COCCN(C(=O)CCl)c1c(C)cccc1C,-2.08106,1.0,aqsol,True,False
COCCNC(=O)CSP(=S)(OC)OC,-1.13837,0.675,aqsol,True,False
COCCO,1.11928,1.0,aqsol,True,False
COCCOC,1.04684,1.0,aqsol,True,False
COCCOC(=O)CCCCC(=O)OCCOC,-1.2687,0.675,aqsol,True,False
COCCOC(C)=O,0.9276,0.25,aqsol,True,False
COCCOCCO,0.920111,0.675,aqsol,True,False
COCCOCCOC,0.866352,1.0,aqsol,True,False
COCCOCCOCCO,0.7846,0.25,aqsol,True,False
COCCOCCOCCOC,0.749024,0.25,aqsol,True,False
COCCOCCOCCOCCOC,0.653098,0.25,aqsol,True,False
COCCOc1c(OC)cc(Cc2cnc(N)nc2N)cc1OC,-2.10046,1.0,aqsol,True,False
COCCOc1ccccc1S(=O)(=O)NC(=O)Nc1nc(OC)nc(OC)n1,-3.5372,0.25,aqsol,True,False
COCOC,0.489398,1.0,aqsol,True,False
COCc1ccc(C=O)o1,-0.499074,0.675,aqsol,True,False
COCc1ccc(O)c(OC)c1,-1.89345,0.25,aqsol,True,False
COCc1ccccc1,-1.60993,0.675,aqsol,True,False
CON(C)C(=O)Nc1ccc(Br)c(Cl)c1,-3.92289,1.0,aqsol,True,False
COP(=O)(CCC(=O)NCO)OC,1.57849,0.25,aqsol,True,False
COP(=O)(OC)C(O)C(Cl)(Cl)Cl,-0.27053,1.0,aqsol,True,False
COP(=O)(OC)OC,0.552867,0.75,aqsol,True,False
COP(=O)(OC)OC(=CCl)c1cc(Cl)c(Cl)cc1Cl,-4.52158,1.0,aqsol,True,False
COP(=O)(OC)OC(Br)C(Cl)(Cl)Br,-2.27995,1.0,aqsol,True,False
COP(=O)(OC)OC1=C(Cl)C2C=CCC12,-2.00066,1.0,aqsol,True,False
COP(=S)(OC)Oc1cc(Cl)c(Br)cc1Cl,-6.0886,1.0,aqsol,True,False
COP(=S)(OC)Oc1cc(Cl)c(Cl)cc1Cl,-5.63228,1.0,aqsol,True,False
COP(=S)(OC)Oc1cc(Cl)c(I)cc1Cl,-6.61855,1.0,aqsol,True,False
COP(=S)(OC)Oc1ccc(Sc2ccc(OP(=S)(OC)OC)cc2)cc1,-6.23786,1.0,aqsol,True,False
COP(=S)(OC)SCC(=O)N(C)C=O,-1.99698,1.0,aqsol,True,False
COP(=S)(Oc1cc(Cl)c(Br)cc1Cl)c1ccccc1,-7.13797,0.75,aqsol,True,False
COP(C)(=O)OC,-0.0936878,0.212766,aqsol,True,False
COP(C)(=O)OC,0.906,0.787234,aqsol,True,False
COP(N)(=O)SC,0.850085,1.0,aqsol,True,False
COS(=O)(=O)OC,-0.6539,0.75,aqsol,True,False
COS(=O)(=O)c1ccccc1,-1.7407,0.675,aqsol,True,False
COc1c(Cl)c(Cl)c(Cl)c(Cl)c1OC,-5.23978,0.675,aqsol,True,False
COc1c(Cl)cc(Cl)c(Cl)c1Cl,-5.13,0.25,aqsol,True,False
COc1c(Cl)cc(Cl)cc1Cl,-4.30021,1.0,aqsol,True,False
COc1c(Cl)cccc1Cl,-3.1007,0.675,aqsol,True,False
COc1c(O)c(Cl)c(Cl)c(Cl)c1Cl,-4.79,0.0674603,aqsol,True,False
COc1c(O)c(Cl)c(Cl)c(Cl)c1Cl,-4.02,0.93254,aqsol,True,False
COc1c2occc2cc2ccc(=O)oc12,-3.6767,0.95189,aqsol,True,False
COc1c2occc2cc2ccc(=O)oc12,-0.973112,0.04811,aqsol,True,False
COc1cc(/C=C/C(=O)O)cc(OC)c1OC,-2.83047,0.25,aqsol,True,False
COc1cc(/C=C/C(=O)O)ccc1O,-3.05,0.25,aqsol,True,False
COc1cc(C(=O)O)ccc1O,-2.04994,1.0,aqsol,True,False
COc1cc(C=O)cc(Cl)c1O,-2.87174,0.675,aqsol,True,False
COc1cc(C=O)cc(OC)c1OC,-2.1195,0.25,aqsol,True,False
COc1cc(C=O)ccc1O,-1.15915,1.0,aqsol,True,False
COc1cc(Cl)c(Cl)c(Cl)c1Cl,-5.26019,0.675,aqsol,True,False
COc1cc(Cl)c(OC)cc1Cl,-4.41192,1.0,aqsol,True,False
COc1cc(Cl)c(OC)cc1N,-3.00612,0.25,aqsol,True,False
COc1cc(NC(=O)CC(C)=O)c(OC)cc1Cl,-2.97924,0.25,aqsol,True,False
COc1cc(NC(=O)c2cc3ccccc3cc2O)c(OC)cc1Cl,-5.06227,0.25,aqsol,True,False
COc1cc(OC)c(NC(=O)c2cc3ccccc3cc2O)cc1Cl,-5.37754,0.25,aqsol,True,False
COc1cc(OC)cc(OC)c1,-2.68,0.25,aqsol,True,False
COc1cc(OC)nc(NC(=O)NS(=O)(=O)c2c(Cl)nc3ccccn23)n1,-4.7886,0.25,aqsol,True,False
COc1cc(OC)nc(NC(=O)NS(=O)(=O)c2ncccc2C(=O)N(C)C)n1,-3.97,0.25,aqsol,True,False
COc1cc(Oc2ccc(Cl)cc2Cl)ccc1[N+](=O)[O-],-5.98333,0.75,aqsol,True,False
COc1ccc(C(=O)c2ccccc2O)c(O)c1,-7.27388,0.25,aqsol,True,False
COc1ccc(C)cc1,-2.33954,0.25,aqsol,True,False
COc1ccc(C)cc1N,-1.66018,0.25,aqsol,True,False
COc1ccc(C)cc1N,1.31141,0.35,aqsol,True,False
COc1ccc(C)cc1NC(C)=O,-1.93116,0.25,aqsol,True,False
COc1ccc(C=O)cc1,-1.4948,1.0,aqsol,True,False
COc1ccc(C=O)cc1OC,-1.41996,0.675,aqsol,True,False
COc1ccc(CC(C)C=O)cc1,-2.24666,0.25,aqsol,True,False
COc1ccc(CN(CCN(C)C)c2ncccn2)cc1,-2.99,0.25,aqsol,True,False
COc1ccc(CO)cc1,-0.744727,0.25,aqsol,True,False
COc1ccc(COC(C)=O)cc1,-2.47401,0.25,aqsol,True,False
COc1ccc(C[C@@H]2NC[C@@H](O)[C@@H]2OC(C)=O)cc1,-1.6075,0.25,aqsol,True,False
COc1ccc(Cc2nccc3cc(OC)c(OC)cc23)cc1OC,-4.42022,0.175,aqsol,True,False
COc1ccc(Cc2nccc3cc(OC)c(OC)cc23)cc1OC,-3.86915,0.425,aqsol,True,False
COc1ccc(Cl)cc1,-2.77985,1.0,aqsol,True,False
COc1ccc(N)cc1,-0.760603,0.675,aqsol,True,False
COc1ccc(NC(=O)CC(C)=O)cc1,-1.90148,0.25,aqsol,True,False
COc1ccc(NC(=O)c2cc3ccccc3cc2O)cc1,-5.26322,0.25,aqsol,True,False
COc1ccc(NC(C)=O)cc1,-1.27544,1.0,aqsol,True,False
COc1ccc(NS(=O)(=O)c2ccc(N)cc2)nn1,-3.28,0.846154,aqsol,True,False
COc1ccc(NS(=O)(=O)c2ccc(N)cc2)nn1,-2.68,0.153846,aqsol,True,False
COc1ccc(OC)c(Cl)c1,-2.6724,0.25,aqsol,True,False
COc1ccc(OC)c(N)c1,-1.85887,0.25,aqsol,True,False
COc1ccc(OC)c(NC(C)=O)c1,-1.59155,0.25,aqsol,True,False
COc1ccc(OC)cc1,-2.24553,0.25,aqsol,True,False
COc1ccc(Oc2ccc(NC(=O)N(C)C)cc2)cc1,-4.15853,1.0,aqsol,True,False
COc1ccc([C@@H]2Sc3ccccc3N(CCN(C)C)C(=O)[C@@H]2OC(C)=O)cc1,-3.16,0.25,aqsol,True,False
COc1ccc2[nH]c(=S)[nH]c2c1,-2.75068,0.25,aqsol,True,False
COc1ccc2[nH]cc(CCNC(C)=O)c2c1,-5.09,0.25,aqsol,True,False
COc1ccc2[nH]cc(CCNC(C)=O)c2c1,-3.39794,0.116667,aqsol,True,False
COc1ccc2[nH]cc(CCNC(C)=O)c2c1,-2.17783,0.233333,aqsol,True,False
COc1ccc2c(c1)N(C[C@H](C)CN(C)C)c1ccccc1S2,-4.2155,0.25,aqsol,True,False
COc1ccc2cc(CCC(C)=O)ccc2c1,-4.66745,0.35,aqsol,True,False
COc1ccc2cc(CCC(C)=O)ccc2c1,-1.46,0.25,aqsol,True,False
COc1ccc2ccc(=O)oc2c1CC=C(C)C,-4.31047,1.0,aqsol,True,False
COc1cccc(Cl)c1,-2.78067,1.0,aqsol,True,False
COc1ccccc1,-1.89895,1.0,aqsol,True,False
COc1ccccc1N,-0.944324,0.25,aqsol,True,False
COc1ccccc1N=NC(C(C)=O)C(=O)Nc1ccc2[nH]c(=O)[nH]c2c1,-7.6306,0.25,aqsol,True,False
COc1ccccc1NC(=O)CC(C)=O,-1.80591,0.25,aqsol,True,False
COc1ccccc1O,-1.96,0.638554,aqsol,True,False
COc1ccccc1O,-0.822033,0.361446,aqsol,True,False
COc1ccccc1OC,-1.31498,0.25,aqsol,True,False
COc1ccccc1OCC(O)CO,-0.626085,1.0,aqsol,True,False
COc1ccccc1OCC(O)COC(N)=O,-1.5251,0.153846,aqsol,True,False
COc1ccccc1OCC(O)COC(N)=O,-0.986546,0.846154,aqsol,True,False
COc1ccccc1OCCNCC(O)COc1cccc2[nH]c3ccccc3c12,-6.14691,0.175,aqsol,True,False
COc1ccccc1OCCNCC(O)COc1cccc2[nH]c3ccccc3c12,-4.25791,0.425,aqsol,True,False
COc1ccsc1CN(C(=O)CCl)c1c(C)cccc1C,-4.4689,0.25,aqsol,True,False
COc1coc(CSP(=O)(OC)OC)cc1=O,0.643383,1.0,aqsol,True,False
COc1nc(C)nc(NC(=O)NS(=O)(=O)c2ccccc2OCCCl)n1,-4.0989,0.25,aqsol,True,False
COc1nn(CSP(=S)(OC)OC)c(=O)s1,-3.18617,1.0,aqsol,True,False
CP(=O)(O)O,-0.681111,0.675,aqsol,True,False
CP(=O)(Oc1ccccc1)Oc1ccccc1,-2.20171,0.25,aqsol,True,False
CS(=O)(=O)F,-0.514532,1.0,aqsol,True,False
CS(=O)(=O)OCCCCOS(C)(=O)=O,-2.27,0.25,aqsol,True,False
CS(=O)(=O)c1ccc(C(=N)N)cc1,-1.38,0.25,aqsol,True,False
CS(C)(=O)=O,0.2,0.25,aqsol,True,False
CSC,-0.973073,0.461538,aqsol,True,False
CSC,-0.45,0.538462,aqsol,True,False
CSC(=O)c1cccc2nnsc12,-4.4363,0.25,aqsol,True,False
CSCCC(O)C#N,-0.0765411,0.25,aqsol,True,False
CSSC,-1.46398,1.0,aqsol,True,False
CSc1cc(SC)c(N)c(C)c1N,-2.85693,0.25,aqsol,True,False
CSc1ccccc1,-2.39,1.0,aqsol,True,False
CSc1nc2ccccc2s1,-3.16113,0.75,aqsol,True,False
C[C@@H]1C[C@H]2[C@@H]3C[C@H](F)C4=CC(=O)C=C[C@]4(C)[C@@]3(F)[C@@H](O)C[C@]2(C)[C@@]1(O)C(=O)CO,-5.6133,0.25,aqsol,True,False
C[C@@H]1C[C@H]2[C@@H]3C[C@H](F)C4=CC(=O)C=C[C@]4(C)[C@H]3[C@@H](O)C[C@]2(C)[C@H]1C(=O)CO,-3.20374,0.25,aqsol,True,False
C[C@H](CCC(=O)NCC(=O)O)[C@H]1CC[C@H]2[C@H]3[C@H](CC[C@@]21C)[C@@]1(C)CC[C@@H](O)C[C@H]1C[C@H]3O,-5.1546,0.25,aqsol,True,False
C[C@H](CCC(=O)O)[C@H]1CC[C@H]2[C@H]3[C@H](CC[C@@]21C)[C@@]1(C)CC[C@@H](O)C[C@H]1C[C@H]3O,-4.49974,0.21,aqsol,True,False
C[C@H](CCC(=O)O)[C@H]1CC[C@H]2[C@H]3[C@H](CC[C@@]21C)[C@@]1(C)CC[C@@H](O)C[C@H]1C[C@H]3O,-3.60773,0.39,aqsol,True,False
C[C@H]1CC(=O)C[C@@H]2CC[C@H]3[C@@H]4CC[C@H](O)[C@@]4(C)CC[C@@H]3[C@@]12C,-5.00643,0.25,aqsol,True,False
C[C@H]1CCC2(O)C(C)(C)C3CC[C@@]2(C)C1C3,-3.7259,0.25,aqsol,True,False
C[C@H]1CCCC[C@@H]1C,-4.3341,0.25,aqsol,True,False
C[C@H]1CCCC[C@H]1C,-4.2707,0.675,aqsol,True,False
C[C@H]1CO1,0.838033,0.25,aqsol,True,False
C[N+]1([O-])CCOCC1,0.45631,0.25,aqsol,True,False
Cc1[nH]cnc1CO,0.268334,0.25,aqsol,True,False
Cc1c(-c2ccc(-c3ccccc3F)cc2)nc2ccc(F)cc2c1C(=O)O,-6.39,0.25,aqsol,True,False
Cc1c(-c2ccc(-c3ccccc3F)cc2)nc2ccc(F)cc2c1C(=O)O,-3.50182,0.233333,aqsol,True,False
Cc1c(-c2ccc(-c3ccccc3F)cc2)nc2ccc(F)cc2c1C(=O)O,-2.97194,0.116667,aqsol,True,False
Cc1c(C)c(C)c(C)c(C)c1C,-5.8393,0.438462,aqsol,True,False
Cc1c(C)c(C)c(C)c(C)c1C,-5.23,0.561538,aqsol,True,False
Cc1c(C)c2c(c(C)c1O)CC[C@@](C)(CCC[C@H](C)CCC[C@H](C)CCCC(C)C)O2,-8.52025,0.25,aqsol,True,False
Cc1c(Cl)cccc1Cl,-3.79194,0.25,aqsol,True,False
Cc1c(O)cccc1O,0.276657,0.675,aqsol,True,False
Cc1c(OCC(F)(F)F)ccnc1CO,-1.79207,0.25,aqsol,True,True
Cc1c2ccccc2c(C)c2ccccc12,-6.56859,1.0,aqsol,True,False
Cc1c2ccccc2cc2ccccc12,-5.88446,1.0,aqsol,True,False
Cc1c[nH]c(=O)[nH]c1=O,-1.51657,1.0,aqsol,True,False
Cc1c[nH]c2ccccc12,-2.42031,1.0,aqsol,True,False
Cc1cc(=O)[nH]c(=O)[nH]1,-1.25904,1.0,aqsol,True,False
Cc1cc(=O)[nH]c(=S)[nH]1,-2.43106,1.0,aqsol,True,False
Cc1cc(=O)[nH]o1,-0.068,1.0,aqsol,True,False
Cc1cc(=O)c2ccccc2[nH]1,-1.2007,0.675,aqsol,True,False
Cc1cc(C)[nH]n1,-0.520474,0.25,aqsol,True,False
Cc1cc(C)c(C(=O)O)c(C)c1,-2.358,1.0,aqsol,True,False
Cc1cc(C)c(C(=O)P(=O)(C(=O)c2c(C)cc(C)cc2C)c2ccccc2)c(C)c1,-6.62167,0.25,aqsol,True,False
Cc1cc(C)c(C(=O)P(=O)(c2ccccc2)c2ccccc2)c(C)c1,-5.01058,0.25,aqsol,True,False
Cc1cc(C)c(C)c(C)c1C,-3.99105,1.0,aqsol,True,False
Cc1cc(C)c(C)c(O)c1,-2.2522,0.25,aqsol,True,False
Cc1cc(C)c(C)cc1C,-4.58855,0.846154,aqsol,True,False
Cc1cc(C)c(C)cc1C,-3.84,0.153846,aqsol,True,False
Cc1cc(C)c(C)cn1,-0.7824,0.25,aqsol,True,False
Cc1cc(C)c(N)c(C)c1N,-0.820716,0.25,aqsol,True,False
Cc1cc(C)c(N)cc1C,-1.95317,1.0,aqsol,True,False
Cc1cc(C)c(O)c(C)c1,-2.05362,1.0,aqsol,True,False
Cc1cc(C)c2ccccc2c1,-4.29033,1.0,aqsol,True,False
Cc1cc(C)c2ccccc2n1,-1.9416,1.0,aqsol,True,False
Cc1cc(C)cc(C)c1,-3.39719,1.0,aqsol,True,False
Cc1cc(C)cc(N)c1,-1.4022,0.25,aqsol,True,False
Cc1cc(C)cc(O)c1,-1.39831,1.0,aqsol,True,False
Cc1cc(C)cc(OP(=O)(Oc2cc(C)cc(C)c2)Oc2cc(C)cc(C)c2)c1,-7.31223,0.25,aqsol,True,False
Cc1cc(C)nc(N)n1,-0.4884,0.25,aqsol,True,False
Cc1cc(Cc2cc(C)c(O)c(C)c2)cc(C)c1O,-3.40882,0.25,aqsol,True,False
Cc1cc(Cc2cc(C)cc(C(C)(C)C)c2O)c(O)c(C(C)(C)C)c1,-7.23041,0.675,aqsol,True,False
Cc1cc(Cl)c(O)c(Cl)c1,-1.4202,0.25,aqsol,True,False
Cc1cc(Cl)cc(C)c1O,-1.6763,0.25,aqsol,True,False
Cc1cc(Cl)ccc1O,-1.55128,1.0,aqsol,True,False
Cc1cc(N)nc(C)n1,-1.28189,1.0,aqsol,True,False
Cc1cc(O)c(C(=O)O)c(O)c1,-2.04985,0.675,aqsol,True,False
Cc1cc(O)c(C)c(C)c1O,-1.63833,0.25,aqsol,True,False
Cc1cc(O)c(Cl)c(C)c1Cl,-2.98002,1.0,aqsol,True,False
Cc1cc(O)cc(C)c1Cl,-2.77908,1.0,aqsol,True,False
Cc1cc(O)ccc1Cl,-1.57009,1.0,aqsol,True,False
Cc1cc(O)ccc1N,-1.78942,0.25,aqsol,True,False
Cc1cc(O)ccc1O,-0.207418,0.25,aqsol,True,False
Cc1cc(O)ccc1[N+](=O)[O-],-2.11006,1.0,aqsol,True,False
Cc1cc2[nH]c(=O)[nH]c2cc1N,-1.97714,0.25,aqsol,True,False
Cc1cc[n+]([O-])cc1,0.9621,0.25,aqsol,True,False
Cc1ccc(Br)cc1,-3.19069,1.0,aqsol,True,False
Cc1ccc(C)c(C)c1,-3.31389,1.0,aqsol,True,False
Cc1ccc(C)c(O)c1,-1.53901,1.0,aqsol,True,False
Cc1ccc(C)c(O)c1C,-1.93734,1.0,aqsol,True,False
Cc1ccc(C)cc1,-2.79213,1.0,aqsol,True,False
Cc1ccc(C=O)cc1,-1.72249,1.0,aqsol,True,False
Cc1ccc(C=O)cc1C,-2.27703,0.25,aqsol,True,False
Cc1ccc(CO)cc1,-1.19998,1.0,aqsol,True,False
Cc1ccc(Cl)c(Cl)c1,-3.78652,0.75,aqsol,True,False
Cc1ccc(Cl)cc1,-3.08197,1.0,aqsol,True,False
Cc1ccc(Cl)cc1Cl,-3.80897,0.25,aqsol,True,False
Cc1ccc(Cl)cc1N,-2.07189,0.25,aqsol,True,False
Cc1ccc(Cl)cc1NC(=O)c1cc2ccccc2cc1O,-5.23856,0.25,aqsol,True,False
Cc1ccc(N)c(C)c1,-1.33525,0.25,aqsol,True,False
Cc1ccc(N)cc1,-1.19214,1.0,aqsol,True,False
Cc1ccc(N)cc1C,-1.50133,0.675,aqsol,True,False
Cc1ccc(N)cc1Cl,-1.75313,0.25,aqsol,True,False
Cc1ccc(N)cc1N,-0.507185,0.25,aqsol,True,False
Cc1ccc(N=c2sccn2C)c(C)c1,-3.163,0.25,aqsol,True,False
Cc1ccc(NC(=O)NC(C)(C)c2ccccc2)cc1,-5.3495,0.25,aqsol,True,False
Cc1ccc(NCCO)cc1O,-0.655055,0.25,aqsol,True,False
Cc1ccc(O)cc1,-0.707277,1.0,aqsol,True,False
Cc1ccc(O)cc1C,-1.39964,1.0,aqsol,True,False
Cc1ccc(OCC(=O)O)cc1,-2.14052,0.675,aqsol,True,False
Cc1ccc(OP(=O)(Oc2ccc(C)cc2)Oc2ccc(C)cc2)cc1,-6.0897,0.675,aqsol,True,False
Cc1ccc(OP(=O)(Oc2ccccc2)Oc2ccccc2)cc1,-6.1517,0.25,aqsol,True,False
Cc1ccc(Oc2ccc(C)cc2)cc1,-4.85,0.675,aqsol,True,False
Cc1ccc2[nH]c(=O)c(=O)[nH]c2c1,-3.04067,0.675,aqsol,True,False
Cc1ccc2cc(C)ccc2c1,-4.89105,1.0,aqsol,True,False
Cc1ccc2cc3ccc4ccccc4c3cc2c1,-6.64148,0.675,aqsol,True,False
Cc1ccc2cc3ccccc3cc2c1,-6.95849,1.0,aqsol,True,False
Cc1ccc2cccc(O)c2n1,-1.73062,0.25,aqsol,True,False
Cc1ccc2ccccc2c1,-3.7666,1.0,aqsol,True,False
Cc1ccc2ccccc2c1[N+](=O)[O-],-4.27,0.25,aqsol,True,False
Cc1ccc2nc3sc(=O)sc3nc2c1,-5.3698,0.25,aqsol,True,False
Cc1cccc(Br)c1,-3.52138,1.0,aqsol,True,False
Cc1cccc(C)c1N,-1.16908,0.675,aqsol,True,False
Cc1cccc(C)c1O,-1.30234,1.0,aqsol,True,False
Cc1cccc(C)c1OP(=O)(Oc1cccc(OP(=O)(Oc2c(C)cccc2C)Oc2c(C)cccc2C)c1)Oc1c(C)cccc1C,-6.83675,0.25,aqsol,True,False
Cc1cccc(CC(C)(C)CO)c1,-2.82654,0.25,aqsol,True,False
Cc1cccc(CO)c1,-0.388,0.675,aqsol,True,False
Cc1cccc(Cl)c1,-3.52104,0.675,aqsol,True,False
Cc1cccc(Cl)c1O,-0.7739,0.25,aqsol,True,False
Cc1cccc(N)c1,-0.863317,1.0,aqsol,True,False
Cc1cccc(O)c1C,-1.42818,1.0,aqsol,True,False
Cc1cccc(O)c1[N+](=O)[O-],-1.64067,0.75,aqsol,True,False
Cc1cccc2[nH]c(=S)[nH]c12,-3.13628,0.25,aqsol,True,False
Cc1cccc2c(C)cccc12,-4.73165,1.0,aqsol,True,False
Cc1cccc2ccccc12,-3.71895,1.0,aqsol,True,False
Cc1cccc2sc3nncn3c12,-2.07107,1.0,aqsol,True,False
Cc1ccccc1,-2.21751,1.0,aqsol,True,False
Cc1ccccc1-n1c(C)nc2ccccc2c1=O,-2.922,1.0,aqsol,True,False
Cc1ccccc1C,-2.79653,1.0,aqsol,True,False
Cc1ccccc1CCO,-1.04288,0.25,aqsol,True,False
Cc1ccccc1Cc1ccccc1,-4.6925,0.25,aqsol,True,False
Cc1ccccc1Cl,-3.52,0.587349,aqsol,True,False
Cc1ccccc1Cl,-2.52985,0.412651,aqsol,True,False
Cc1ccccc1N,-2.21,0.216867,aqsol,True,False
Cc1ccccc1N,-0.833065,0.783132,aqsol,True,False
Cc1ccccc1N=C(N)N=C(N)N,-1.84224,0.25,aqsol,True,False
Cc1ccccc1NC(=O)c1cc2ccccc2cc1O,-4.62344,0.25,aqsol,True,False
Cc1ccccc1O,-0.620225,1.0,aqsol,True,False
Cc1ccccc1OCC(O)CO,-1.1889,0.75,aqsol,True,False
Cc1ccccc1OCC1CO1,-2.2911,0.25,aqsol,True,False
Cc1ccccc1OP(Oc1ccccc1C)Oc1ccccc1C,-7.77984,0.25,aqsol,True,False
Cc1ccccc1Oc1ccccc1C,-4.84393,0.25,aqsol,True,False
Cc1ccccn1,1.03097,0.75,aqsol,True,False
Cc1cccnc1,1.03097,0.75,aqsol,True,False
Cc1cccnc1C,0.346723,1.0,aqsol,True,False
Cc1ccco1,-1.43813,1.0,aqsol,True,False
Cc1ccn[nH]1,1.08563,0.25,aqsol,True,False
Cc1ccnc(C)c1,0.420373,1.0,aqsol,True,False
Cc1cnc(NS(=O)(=O)c2ccc(N)cc2)nc1,-2.82,1.0,aqsol,True,False
Cc1cncc(C)c1,-0.5115,0.15873,aqsol,True,False
Cc1cncc(C)c1,0.38,0.84127,aqsol,True,False
Cc1cnccn1,1.0261,0.75,aqsol,True,False
Cc1ncc(CN)c(N)n1,0.490307,0.25,aqsol,True,False
Cc1ncoc1C#N,-0.324556,0.25,aqsol,True,False
Cc1noc(NS(=O)(=O)c2ccc(N)cc2)c1C,-2.91,1.0,aqsol,True,False
Cc1occc1C(=O)Nc1ccccc1,-3.30141,1.0,aqsol,True,False
ClC(Br)Br,-1.90458,1.0,aqsol,True,False
ClC(Cl)(Cl)C(Cl)(Cl)Cl,-4.488,0.240964,aqsol,True,False
ClC(Cl)(Cl)C(Cl)(Cl)Cl,-3.71286,0.759036,aqsol,True,False
ClC(Cl)(Cl)Cl,-2.3047,1.0,aqsol,True,False
ClC(Cl)(Cl)c1ccccc1,-3.567,0.75,aqsol,True,False
ClC(Cl)=C(Cl)C(Cl)=C(Cl)Cl,-4.91254,1.0,aqsol,True,False
ClC(Cl)=C(Cl)Cl,-2.69434,1.0,aqsol,True,False
ClC(Cl)=C(c1ccc(Cl)cc1)c1ccc(Cl)cc1,-6.90005,1.0,aqsol,True,False
ClC(Cl)=C(c1ccc(Cl)cc1)c1ccccc1Cl,-6.35918,1.0,aqsol,True,False
ClC(Cl)=CC(Cl)=C(Cl)Cl,-4.23,1.0,aqsol,True,False
ClC(Cl)Br,-1.58651,1.0,aqsol,True,False
ClC(Cl)C(Cl)(Cl)Cl,-2.61004,1.0,aqsol,True,False
ClC(Cl)COCC(Cl)Cl,-1.12,0.25,aqsol,True,False
ClC(Cl)Cl,-1.17266,1.0,aqsol,True,False
ClC(Cl)c1ccccc1,-2.809,0.75,aqsol,True,False
ClC/C=C/CCl,-2.23833,0.675,aqsol,True,False
ClC1=C(Cl)C(Cl)(Cl)C(Cl)(Cl)C1(Cl)Cl,-6.53859,0.675,aqsol,True,False
ClC1=C(Cl)C(Cl)(Cl)C(Cl)=C1Cl,-5.18038,1.0,aqsol,True,False
ClC1=C(Cl)C2(Cl)C3CCC4C(CCC3C1(Cl)C2(Cl)Cl)C1(Cl)C(Cl)=C(Cl)C4(Cl)C1(Cl)Cl,-13.1719,0.25,aqsol,True,False
ClC1C(Cl)C(Cl)C(Cl)C(Cl)C1Cl,-4.70732,1.0,aqsol,True,False
ClC1CCCCC1,-2.37822,0.675,aqsol,True,False
ClC=C(Cl)Cl,-2.00048,1.0,aqsol,True,False
ClC=CCl,-1.35917,1.0,aqsol,True,False
ClCBr,-0.889607,1.0,aqsol,True,False
ClCC(Br)CBr,-2.37396,1.0,aqsol,True,False
ClCC(Cl)(Cl)CCl,-2.57944,0.675,aqsol,True,False
ClCC(Cl)(Cl)Cl,-2.18246,1.0,aqsol,True,False
ClCC(Cl)CCl,-1.92311,1.0,aqsol,True,False
ClCC(Cl)Cl,-1.49218,1.0,aqsol,True,False
ClCC1CO1,-0.14708,1.0,aqsol,True,False
ClCCBr,-1.31924,1.0,aqsol,True,False
ClCCCBr,-1.86295,1.0,aqsol,True,False
ClCCCCCCCl,-3.43465,0.25,aqsol,True,False
ClCCCCCl,-0.92,0.25,aqsol,True,False
ClCCCCl,-1.61728,1.0,aqsol,True,False
ClCCCN1CCOCC1,0.786089,0.25,aqsol,True,False
ClCCCl,-1.06361,1.0,aqsol,True,False
ClCCOCCCl,-1.03231,1.0,aqsol,True,False
ClCCOCCOCCCl,-0.995833,0.75,aqsol,True,False
ClCCOCOCCCl,-1.3461,0.25,aqsol,True,False
ClCCSCCCl,-2.36268,1.0,aqsol,True,False
ClCCl,-0.684051,1.0,aqsol,True,False
ClCOCCl,-0.718037,0.675,aqsol,True,False
ClCc1ccccc1,-2.38662,1.0,aqsol,True,False
ClCc1ccccc1Cl,-3.20691,0.25,aqsol,True,False
Clc1c(Cl)c(Cl)c2nccnc2c1Cl,-5.42928,1.0,aqsol,True,False
Clc1cc(Cl)c(Cl)c(Cl)c1,-4.6353,1.0,aqsol,True,False
Clc1cc(Cl)c(Cl)c(Cl)c1Cl,-5.6088,1.0,aqsol,True,False
Clc1cc(Cl)c(Cl)cc1Cl,-5.54615,1.0,aqsol,True,False
Clc1cc(Cl)c(Cl)nc1Cl,-3.86142,0.25,aqsol,True,False
Clc1cc(Cl)c2cc(Cl)cc(Cl)c2c1,-7.82187,1.0,aqsol,True,False
Clc1cc(Cl)cc(Cl)c1,-4.49446,1.0,aqsol,True,False
Clc1cc(Cl)ncn1,-1.41725,0.25,aqsol,True,False
Clc1cc2oc3cc(Cl)c(Cl)cc3c2cc1Cl,-8.64736,1.0,aqsol,True,False
Clc1ccc(Br)cc1,-3.62998,1.0,aqsol,True,False
Clc1ccc(Br)cc1Cl,-1.01149,0.25,aqsol,True,False
Clc1ccc(CSC(Cn2cncn2)=Nc2ccc(Cl)cc2Cl)cc1,-5.3842,0.25,aqsol,True,False
Clc1ccc(Cl)c(Cl)c1,-3.59746,1.0,aqsol,True,False
Clc1ccc(Cl)c(Cl)c1Cl,-4.56658,1.0,aqsol,True,False
Clc1ccc(Cl)c2ccccc12,-5.62757,1.0,aqsol,True,False
Clc1ccc(I)cc1,-4.04415,1.0,aqsol,True,False
Clc1ccc(Oc2cccc(Cl)c2)cc1,-5.38736,0.25,aqsol,True,False
Clc1ccc(Oc2ccccc2)cc1,-4.79181,1.0,aqsol,True,False
Clc1ccc(Sc2cc(Cl)c(Cl)cc2Cl)cc1,-7.0313,0.675,aqsol,True,False
Clc1ccc2c(Cl)ccnc2c1,-2.80262,0.25,aqsol,True,False
Clc1ccc2ccccc2c1,-4.14108,1.0,aqsol,True,False
Clc1cccc(Cl)c1,-3.05418,1.0,aqsol,True,False
Clc1cccc(Cl)c1Cl,-4.00114,1.0,aqsol,True,False
Clc1cccc2c(Cl)cccc12,-5.71404,1.0,aqsol,True,False
Clc1cccc2cccc(Cl)c12,-5.7961,0.75,aqsol,True,False
Clc1cccc2ccccc12,-3.94477,1.0,aqsol,True,False
Clc1ccccc1,-2.38055,1.0,aqsol,True,False
Clc1ccccc1-c1ccccc1,-4.56132,1.0,aqsol,True,False
Clc1ccccc1-c1ccccc1Cl,-5.19199,1.0,aqsol,True,False
Clc1ccccc1C(Cl)(Cl)Cl,-5.04393,0.25,aqsol,True,False
Clc1ccccc1Cl,-3.028,1.0,aqsol,True,False
Clc1nc(Cl)nc(Cl)n1,-2.62234,0.25,aqsol,True,False
Clc1nc2ccccc2s1,-2.73259,0.25,aqsol,True,False
Cn1c(=O)ccc2ccccc21,-1.0466,0.25,aqsol,True,False
Cn1c(N)c(NC=O)c(=O)n(C)c1=O,-1.18312,0.25,aqsol,True,False
Cn1c(N)cc(=O)n(C)c1=O,-1.45358,0.25,aqsol,True,False
Cn1ccccc1=O,0.961069,1.0,aqsol,True,False
Cn1ccnc1,1.08563,0.25,aqsol,True,False
FC(Br)C(F)(F)F,-1.901,0.75,aqsol,True,True
FC(Cl)(Cl)C(F)(Cl)Cl,-3.20534,1.0,aqsol,True,False
FC(Cl)(Cl)CCl,-3.04,0.25,aqsol,True,False
FC(Cl)(Cl)Cl,-2.09755,1.0,aqsol,True,False
FC(Cl)C(F)(F)F,-1.95963,0.675,aqsol,True,True
FC(Cl)Cl,-0.738064,1.0,aqsol,True,False
FC(F)(Br)C(F)(F)Br,-4.93911,0.675,aqsol,True,True
FC(F)(Cl)C(Cl)(Cl)Cl,-3.30974,0.675,aqsol,True,False
FC(F)(Cl)C(F)(Cl)Cl,-3.04076,1.0,aqsol,True,False
FC(F)(Cl)C(F)(F)Cl,-2.99157,1.0,aqsol,True,True
FC(F)(Cl)CCl,-2.20026,0.675,aqsol,True,False
FC(F)(Cl)Cl,-2.6373,0.787234,aqsol,True,False
FC(F)(Cl)Cl,-1.99,0.212766,aqsol,True,False
FC(F)(F)Br,-2.66867,1.0,aqsol,True,True
FC(F)(F)C(Cl)(Cl)Cl,-4.33319,0.25,aqsol,True,True
FC(F)(F)C(Cl)Br,-1.70736,1.0,aqsol,True,True
FC(F)(F)C(Cl)Cl,-1.86085,0.675,aqsol,True,True
FC(F)(F)C(F)(Cl)Cl,-3.09856,0.675,aqsol,True,True
FC(F)(F)C(F)(F)C(F)(F)C(F)(F)C(F)(F)C(F)(F)C(F)(F)C(F)(F)Br,-7.39703,0.25,aqsol,True,True
FC(F)(F)C(F)(F)C(F)(F)C(F)(F)C(F)(F)C(F)(F)C(F)(F)C(F)(F)F,-7.64153,0.25,aqsol,True,True
FC(F)(F)C(F)(F)C(F)(F)C(F)(F)C(F)(F)C(F)(F)CCI,-7.18864,0.25,aqsol,True,True
FC(F)(F)C(F)(F)C(F)(F)F,-4.518,0.75,aqsol,True,True
FC(F)(F)C(F)(F)C(F)(F)N(C(F)(F)C(F)(F)C(F)(F)F)C(F)(F)C(F)(F)C(F)(F)F,-9.13597,0.25,aqsol,True,True
FC(F)(F)C(F)(F)Cl,-3.41426,1.0,aqsol,True,True
FC(F)(F)C(F)(F)F,-4.25,0.425,aqsol,True,True
FC(F)(F)C(F)(F)F,-2.42391,0.25,aqsol,True,True
FC(F)(F)C1(F)C(F)(F)C(F)(F)C(F)(F)C(F)(C(F)(F)F)C1(F)F,-7.60212,0.25,aqsol,True,True
FC(F)(F)CCl,-1.10993,0.675,aqsol,True,True
FC(F)(F)Cl,-3.0649,0.75,aqsol,True,True
FC(F)(F)F,-3.67013,0.675,aqsol,True,True
FC(F)(F)N1C(F)(F)C(F)(F)OC(F)(F)C1(F)F,-5.59606,0.25,aqsol,True,True
FC(F)(F)c1ccc(Cl)c(Cl)c1,-3.26798,0.25,aqsol,True,True
FC(F)(F)c1ccc(Cl)cc1,-3.7277,0.25,aqsol,True,True
FC(F)(I)C(F)(F)C(F)(F)C(F)(F)I,-3.31448,0.25,aqsol,True,True
FC(F)=C(F)C(F)(F)F,-2.8888,0.25,aqsol,True,True
FC(F)=C(F)F,-2.80004,0.675,aqsol,True,False
FC(F)=C(F)OC(F)(F)C(F)(F)F,-4.9543,0.25,aqsol,True,True
FC(F)C(F)(F)F,-1.4165,0.25,aqsol,True,True
FC(F)CCl,-0.922963,0.25,aqsol,True,False
FC(F)F,-1.232,1.0,aqsol,True,False
FC(F)OC(Cl)C(F)(F)F,-1.6159,0.75,aqsol,True,True
FC(F)OC(F)(F)C(F)Cl,-1.51607,0.75,aqsol,True,True
FC1(F)C(F)(F)C(F)(F)C1(F)F,-3.68936,1.0,aqsol,True,True
FC1(F)C(F)(F)C(F)(F)C2(F)C(F)(F)C(F)(F)C(F)(F)C(F)(F)C2(F)C1(F)F,-7.66471,0.25,aqsol,True,True
FC1CC(F)(F)C(F)(F)C1(F)F,-2.43688,0.25,aqsol,True,True
FCC(F)(F)F,-2.00873,0.25,aqsol,True,True
FCCl,-0.820074,0.675,aqsol,True,False
FCF,-1.43744,0.25,aqsol,True,False
FS(F)(F)(F)(F)F,-3.67315,0.25,aqsol,True,False
Fc1ccc(Cc2ccc(F)cc2)cc1,-6.91216,0.25,aqsol,True,False
Fc1cccc(CCl)c1,-2.54247,1.0,aqsol,True,False
Fc1ccccc1,-1.79788,1.0,aqsol,True,False
IC(I)I,-3.5952,0.25,aqsol,True,False
ICC1CCC(CI)CC1,-5.7482,0.25,aqsol,True,False
ICCI,-3.21821,1.0,aqsol,True,False
ICI,-2.33731,1.0,aqsol,True,False
Ic1ccc(I)cc1,-5.37134,1.0,aqsol,True,False
Ic1ccccc1,-2.85711,1.0,aqsol,True,False
N#CC(=C1CCCCC1)c1ccccc1,-4.42002,0.25,aqsol,True,False
N#CC(c1ccccc1)c1ccccc1,-2.9437,0.25,aqsol,True,False
N#CCC#N,0.292511,1.0,aqsol,True,False
N#CCCC#N,0.197881,1.0,aqsol,True,False
N#CCCCC#N,1.02751,1.0,aqsol,True,False
N#CCCCCC#N,-0.130971,0.75,aqsol,True,False
N#CCCCCCCC#N,-1.08109,0.25,aqsol,True,False
N#CCN(CC#N)CC#N,-1.64756,0.25,aqsol,True,False
N#CCc1ccccc1,-3.06954,0.675,aqsol,True,False
N#CSCSc1nc2ccccc2s1,-3.28011,0.675,aqsol,True,False
N#Cc1ccccc1C#N,-2.38,1.0,aqsol,True,False
N#Cc1cccnc1,0.1128,0.25,aqsol,True,False
N#Cc1ccncc1,-0.415148,0.675,aqsol,True,False
N=C(c1ccccc1)c1ccccc1,-2.78113,0.25,aqsol,True,False
NC(=O)C(Br)(Br)Br,-1.26881,0.675,aqsol,True,False
NC(=O)C(Br)Br,-1.05904,0.675,aqsol,True,False
NC(=O)C(Cl)(Cl)Cl,-1.09874,0.675,aqsol,True,False
NC(=O)C(Cl)Cl,-0.255926,0.675,aqsol,True,False
NC(=O)C(F)(F)F,-1.48502,0.25,aqsol,True,True
NC(=O)CBr,0.0643,0.25,aqsol,True,False
NC(=O)CCNCCO,-0.12111,0.25,aqsol,True,False
NC(=O)CC[C@H](N)C(=O)O,-0.548311,0.25,aqsol,True,False
NC(=O)CCl,-0.0185193,1.0,aqsol,True,False
NC(=O)CF,1.11196,1.0,aqsol,True,False
NC(=O)N=NC(N)=O,-3.54624,0.25,aqsol,True,False
NC(=O)NC1NC(=O)NC1=O,-1.58552,1.0,aqsol,True,False
NC(=O)NCC(=O)O,-0.580963,0.675,aqsol,True,False
NC(=O)NCO,-0.346111,0.675,aqsol,True,False
NC(=O)NCc1ccccc1,-0.948578,1.0,aqsol,True,False
NC(=O)NN=C1CCCCC1,-1.411,0.675,aqsol,True,False
NC(=O)NO,1.11952,1.0,aqsol,True,False
NC(=O)NS(=O)(=O)c1ccc(N)cc1,-1.97,0.25,aqsol,True,False
NC(=O)OC(CCl)CCl,-1.3605,0.25,aqsol,True,False
NC(=O)OCC(Cl)(Cl)Cl,-1.28262,1.0,aqsol,True,False
NC(=O)OCc1ccccc1,-0.35,1.0,aqsol,True,False
NC(=O)c1c(Cl)cccc1Cl,-1.8429,0.75,aqsol,True,False
NC(=O)c1ccc(Cl)c(N)c1,-1.9767,0.25,aqsol,True,False
NC(=O)c1ccc(N)cc1,-1.22555,0.25,aqsol,True,False
NC(=O)c1ccccc1,-0.957111,1.0,aqsol,True,False
NC(=O)c1ccccc1O,-1.78819,1.0,aqsol,True,False
NC(=O)c1ccccn1,0.1685,0.25,aqsol,True,False
NC(=O)c1cccnc1,0.610742,1.0,aqsol,True,False
NC(=O)c1cnc2n1CCc1ccccc1C21CCNCC1,-2.43,0.25,aqsol,True,False
NC(=O)c1cnccn1,-0.828988,1.0,aqsol,True,False
NC(=S)NS(=O)(=O)c1ccc(N)cc1,-2.24,0.25,aqsol,True,False
NC(=S)Nc1ccccc1,-1.77823,1.0,aqsol,True,False
NC(=S)c1c(Cl)cccc1Cl,-2.3361,0.75,aqsol,True,False
NC(=S)c1ccccc1,-1.92,0.25,aqsol,True,False
NC(C(=O)O)c1ccc(O)cc1,-0.53,0.25,aqsol,True,False
NC(CCCC(=O)O)C(=O)O,-1.86178,0.675,aqsol,True,False
NC(CO)(CO)CO,0.790628,0.25,aqsol,True,False
NC(CO)CO,0.974427,0.25,aqsol,True,False
NC(CS)C(=O)O,0.359889,0.675,aqsol,True,False
NC(Cc1c[nH]c2ccc(O)cc12)C(=O)O,-1.343,0.25,aqsol,True,False
NC(Cc1c[nH]c2ccccc12)C(=O)O,-1.77,0.153846,aqsol,True,False
NC(Cc1c[nH]c2ccccc12)C(=O)O,-1.21291,0.846154,aqsol,True,False
NC(Cc1ccc(O)cc1)C(=O)O,-2.58571,1.0,aqsol,True,False
NC(N)=NCCCCCCCCNCCCCCCCCN=C(N)N,0.3322,0.25,aqsol,True,False
NC(N)=O,0.959053,1.0,aqsol,True,False
NC(N)=S,0.292351,1.0,aqsol,True,False
NC12CC3CC(CC(C3)C1)C2,-1.85196,0.6,aqsol,True,False
NC1CC1,1.24339,0.25,aqsol,True,False
NC1CCC(CC2CCC(N)CC2)CC1,-1.624,0.25,aqsol,True,False
NC1CCCCC1,1.00247,1.0,aqsol,True,False
NC1CONC1=O,-0.01,0.25,aqsol,True,False
NC=O,1.34753,1.0,aqsol,True,False
NCC(=O)NCC(=O)NCC(=O)O,-0.514255,1.0,aqsol,True,False
NCC(F)F,0.52253,0.25,aqsol,True,False
NCC(O)CO,1.04043,0.25,aqsol,True,False
NCCCCCCCCCCN,1.5277,0.25,aqsol,True,False
NCCCCCCN,0.869634,0.75,aqsol,True,False
NCCCCCCNC(=O)O,-0.0952988,0.25,aqsol,True,False
NCCN,1.22041,0.675,aqsol,True,False
NCCN1CCNC1=O,0.633546,0.25,aqsol,True,False
NCCN1CCNCC1,-0.111286,0.25,aqsol,True,False
NCCNCCN,0.986148,0.675,aqsol,True,False
NCCNCCNCCN,0.835,0.638298,aqsol,True,False
NCCNCCNCCN,1.51,0.361702,aqsol,True,False
NCCNCCNCCNCCN,0.723,0.638298,aqsol,True,False
NCCNCCNCCNCCN,1.54,0.361702,aqsol,True,False
NCCNCCNCCNCCNCCN,0.332779,0.25,aqsol,True,False
NCCNCCO,0.982122,0.675,aqsol,True,False
NCCO,1.21402,0.75,aqsol,True,False
NCCOCCN,0.982328,0.25,aqsol,True,False
NCC[C@H](O)C(=O)N[C@@H]1C[C@H](N)[C@@H](O[C@H]2O[C@H](CN)[C@@H](O)[C@H](O)[C@H]2O)[C@H](O)[C@H]1O[C@H]1O[C@H](CO)[C@@H](O)[C@H](N)[C@H]1O,-0.5004,0.25,aqsol,True,False
NCCc1c[nH]c2ccc(O)cc12,-0.945,0.675,aqsol,True,False
NCCc1c[nH]c2ccccc12,-3.30095,0.6,aqsol,True,False
NCCc1ccccc1,-0.282381,0.25,aqsol,True,False
NCc1ccc(CN)cc1,1.17507,0.25,aqsol,True,False
NCc1ccccc1,-1.53,0.626923,aqsol,True,False
NCc1ccccc1,0.97,0.373077,aqsol,True,False
NCc1ccco1,1.01185,1.0,aqsol,True,False
NCc1ccncc1,0.966,0.25,aqsol,True,False
NNC(=O)CCCCC(=O)NN,-0.232458,0.25,aqsol,True,False
NNC(=O)NN,0.414559,0.25,aqsol,True,False
NNC(=O)Nc1ccccc1,-2.33,1.0,aqsol,True,False
NNC(=O)c1cccnc1,-0.1372,0.25,aqsol,True,False
NNC(=O)c1ccncc1,0.00351807,1.0,aqsol,True,False
NNC(N)=S,-0.91706,0.675,aqsol,True,False
NNCCO,1.11948,0.675,aqsol,True,False
NNc1ccccc1,0.0699898,1.0,aqsol,True,False
NNc1nncc2ccccc12,-2.6,0.25,aqsol,True,False
NP(N)(=O)Oc1ccccc1,-1.48765,0.25,aqsol,True,False
NS(=O)(=O)c1ccc(Cl)s1,-3.29594,0.25,aqsol,True,True
NS(=O)(=O)c1ccc(NC(=O)CCC(=O)O)cc1,-2.03,0.25,aqsol,True,False
NS(=O)(=O)c1ccccc1,-1.56138,1.0,aqsol,True,True
NS(=O)(=O)c1nc2ccc(O)cc2s1,-2.30698,0.6,aqsol,True,True
NS(=O)(=O)c1nnc(NS(=O)(=O)c2ccccc2)s1,-2.91214,0.6,aqsol,True,False
N[C@@H](CCO)C(=O)O,0.924,0.25,aqsol,True,False
N[C@@H](CO)C(=O)O,-0.3861,0.25,aqsol,True,False
N[C@@H](COP(=O)(O)O)C(=O)O,-0.814941,0.25,aqsol,True,False
N[C@H](C(=O)O)[C@@H](O)C(=O)O,-0.8271,0.25,aqsol,True,False
N[C@H](Cc1ccc(O)cc1)C(=O)O,-2.6049,0.25,aqsol,True,False
Nc1c(Cl)cc(Cl)cc1Cl,-3.69068,1.0,aqsol,True,False
Nc1c(Oc2ccccc2)c(Oc2ccccc2)c(N)c2c1C(=O)c1ccccc1C2=O,-8.27166,0.25,aqsol,True,False
Nc1c[nH]c(=O)[nH]c1=O,-2.41,0.25,aqsol,True,False
Nc1cc(Cl)c(Cl)cc1Cl,-3.43595,0.25,aqsol,True,False
Nc1cc(Cl)cc(Cl)c1,-2.31687,1.0,aqsol,True,False
Nc1cc(Cl)ccc1Oc1ccc(Cl)cc1Cl,-5.04526,0.25,aqsol,True,False
Nc1cc2c3ccccc3ccc2c2ccccc12,-6.19853,1.0,aqsol,True,False
Nc1ccc(CCc2ccc(N)cc2)cc1,-3.6457,0.25,aqsol,True,False
Nc1ccc(Cc2ccc(N)c(Cl)c2)cc1Cl,-4.28255,0.675,aqsol,True,False
Nc1ccc(Cc2ccc(N)cc2)cc1,-2.29799,0.822785,aqsol,True,False
Nc1ccc(Cc2ccc(N)cc2)cc1,0.702745,0.177215,aqsol,True,False
Nc1ccc(Cl)c(Cl)c1,-3.24295,0.846154,aqsol,True,False
Nc1ccc(Cl)c(Cl)c1,-2.44614,0.153846,aqsol,True,False
Nc1ccc(Cl)cc1C(F)(F)F,-2.29348,0.25,aqsol,True,True
Nc1ccc(Cl)cc1Cl,-2.41706,0.75,aqsol,True,False
Nc1ccc(Cl)cc1O,-2.39066,0.25,aqsol,True,False
Nc1ccc(N)c2c1C(=O)c1c(N)ccc(N)c1C2=O,-6.9515,0.25,aqsol,True,False
Nc1ccc(N)cc1,-0.419662,1.0,aqsol,True,False
Nc1ccc(N=Nc2ccccc2)c(N)c1,-2.99767,0.25,aqsol,True,False
Nc1ccc(N=Nc2ccccc2)c(N)n1,-4.24,0.25,aqsol,True,False
Nc1ccc(Nc2ccccc2)cc1,-2.56313,0.25,aqsol,True,False
Nc1ccc(O)cc1,-0.808193,1.0,aqsol,True,False
Nc1ccc(OP(=S)(Oc2ccc(N)cc2)Oc2ccc(N)cc2)cc1,-5.30941,0.25,aqsol,True,False
Nc1ccc2[nH]c(=O)[nH]c2c1,-2.33478,0.25,aqsol,True,False
Nc1ccc2cc3ccc(N)cc3nc2c1,0.3783,0.25,aqsol,True,False
Nc1ccc2ccccc2c1,-2.87981,0.675,aqsol,True,False
Nc1ccc2ccccc2c1N=Nc1ccccc1,-5.916,0.75,aqsol,True,False
Nc1ccc2ccccc2c1S(=O)(=O)O,-1.7,0.25,aqsol,True,False
Nc1cccc(C(=O)O)c1,-1.3661,0.75,aqsol,True,False
Nc1cccc(Cl)c1,-1.37113,1.0,aqsol,True,False
Nc1cccc(Cl)c1Cl,-2.13038,0.25,aqsol,True,False
Nc1cccc(N)c1,0.378532,1.0,aqsol,True,False
Nc1cccc(N)n1,-0.08,0.25,aqsol,True,False
Nc1cccc(O)c1,-0.610396,1.0,aqsol,True,False
Nc1cccc2c(N)cccc12,-2.65103,1.0,aqsol,True,False
Nc1cccc2cccc(N)c12,-2.2779,1.0,aqsol,True,False
Nc1ccccc1,-0.412839,1.0,aqsol,True,False
Nc1ccccc1C(F)(F)F,-1.67569,0.25,aqsol,True,True
Nc1ccccc1C(F)(F)F,0.565156,0.35,aqsol,True,True
Nc1ccccc1N,-0.425478,1.0,aqsol,True,False
Nc1ccccc1O,-0.727003,1.0,aqsol,True,False
Nc1cccnc1,1.0263,0.25,aqsol,True,False
Nc1cccnc1N,-1.75,0.25,aqsol,True,False
Nc1ccn([C@H]2CC[C@@H](CO)O2)c(=O)n1,-0.4416,0.25,aqsol,True,False
Nc1ccnc(=O)[nH]1,-1.1426,0.25,aqsol,True,False
Nc1ccncc1,-0.0529,0.25,aqsol,True,False
Nc1cnn(-c2ccccc2)c(=O)c1Cl,-2.81949,1.0,aqsol,True,False
Nc1nc(=O)c2nccnc2[nH]1,-3.97,0.25,aqsol,True,False
Nc1nc(=O)nc(N)[nH]1,-3.2291,0.25,aqsol,True,False
Nc1nc(CC(=O)O)cs1,-1.98167,0.25,aqsol,True,False
Nc1nc(N)c(N=O)c(N)n1,-3.84547,0.25,aqsol,True,False
Nc1nc(N)nc(NC2CC2)n1,-1.179,0.75,aqsol,True,False
Nc1nc(N)nc(Nc2nc(N)nc(N)n2)n1,-4.22534,0.25,aqsol,True,False
Nc1nc2c(O)cccc2s1,-1.9196,0.25,aqsol,True,False
Nc1ncc2[nH]cnc2n1,-1.21,0.675,aqsol,True,False
Nc1ncc2ncn(COCCO)c2n1,-1.0775,0.25,aqsol,True,False
Nc1ncccc1O,-0.346106,0.25,aqsol,True,False
Nc1nccs1,-0.36,1.0,aqsol,True,False
O=C(C(=O)c1ccccc1)c1ccccc1,-2.8,0.25,aqsol,True,False
O=C(CC(=O)c1ccccc1)c1ccccc1,-5.6579,0.25,aqsol,True,False
O=C(Cc1ccccc1)OCCc1ccccc1,-4.18875,0.25,aqsol,True,False
O=C(Cn1ccnc1[N+](=O)[O-])NCc1ccccc1,-2.81141,1.0,aqsol,True,False
O=C(NNC(=O)c1ccccc1)c1ccccc1,-3.73993,0.341463,aqsol,True,False
O=C(NNC(=O)c1ccccc1)c1ccccc1,-1.58937,0.658537,aqsol,True,False
O=C(Nc1ccccc1)Nc1ccccc1NS(=O)(=O)c1ccccc1,-4.5784,0.25,aqsol,True,True
O=C(Nc1ccccc1)c1cccnc1,-3.093,0.25,aqsol,True,False
O=C(Nc1ccccc1SSc1ccccc1NC(=O)c1ccccc1)c1ccccc1,-6.97829,0.25,aqsol,True,False
O=C(O)C(F)(F)Cl,0.884185,0.675,aqsol,True,False
O=C(O)C(O)C(Cl)(Cl)Cl,0.36,0.25,aqsol,True,False
O=C(O)C1CCCCC1C(=O)O,-1.93815,0.675,aqsol,True,False
O=C(O)CSC(SCC(=O)O)SCC(=O)O,-1.42159,0.675,aqsol,True,False
O=C(O)[C@H](O)c1ccccc1,-0.141667,0.25,aqsol,True,False
O=C(O)c1cccc(O)c1,-1.26667,0.75,aqsol,True,False
O=C(OC(=O)c1ccccc1)c1ccccc1,-4.3517,0.675,aqsol,True,False
O=C(OC1CCCCC1)c1ccccc1C(=O)OC1CCCCC1,-5.51261,0.25,aqsol,True,False
O=C(OC1CCCCC1)c1ccccc1C(=O)OC1CCCCC1,-4.92,0.425,aqsol,True,False
O=C(OCCCc1ccccc1)c1ccccc1,-4.80097,0.25,aqsol,True,False
O=C(OCCOCCOC(=O)c1ccccc1)c1ccccc1,-3.93749,0.25,aqsol,True,False
O=C(OCc1ccccc1)c1ccccc1,-4.17762,0.25,aqsol,True,False
O=C(OOC(=O)c1ccccc1)c1ccccc1,-4.42685,1.0,aqsol,True,False
O=C(Oc1ccccc1)Oc1ccccc1,-4.21692,0.25,aqsol,True,False
O=C(c1ccccc1)c1ccccc1,-3.8822,0.120482,aqsol,True,False
O=C(c1ccccc1)c1ccccc1,-3.1211,0.879518,aqsol,True,False
O=C1C=CC(=NNc2ccccc2)C=C1,-3.3429,0.25,aqsol,True,False
O=C1C=CC(=O)C=C1,-0.974308,1.0,aqsol,True,False
O=C1C=CC(=O)N1c1ccccc1,-2.32732,0.25,aqsol,True,False
O=C1CC(=O)NC(=O)N1,-1.04866,0.25,aqsol,True,False
O=C1CC2CCC1C2,-1.7565,0.25,aqsol,True,False
O=C1CC=NC=N1,0.588519,0.675,aqsol,True,False
O=C1CCC(=O)N1,0.302199,1.0,aqsol,True,False
O=C1CCC(=O)O1,-0.201666,0.25,aqsol,True,False
O=C1CCC2CCCCC2O1,-0.58656,0.25,aqsol,True,False
O=C1CCCC1,0.553678,0.25,aqsol,True,False
O=C1CCCCC1,-0.598007,0.879518,aqsol,True,False
O=C1CCCCC1,-0.0573697,0.120482,aqsol,True,False
O=C1CCCCCCCCCCC(=O)OCCO1,-3.53376,0.25,aqsol,True,False
O=C1CCCCCCCCCCC1,-3.84583,0.25,aqsol,True,False
O=C1CCCCCCCCCCCCCCO1,-5.90379,0.25,aqsol,True,False
O=C1CCCCCCCCCCCN1,-2.82611,0.675,aqsol,True,False
O=C1CCCCCCCCCCOCCCCO1,-4.01796,0.25,aqsol,True,False
O=C1CCCCCCCCCOCCCCCO1,-3.88385,0.25,aqsol,True,False
O=C1CCCCCCCN1,0.632963,0.675,aqsol,True,False
O=C1CCCCCN1,0.842707,0.75,aqsol,True,False
O=C1CCCCCNC(=O)CCCCCNC(=O)CCCCCNC(=O)CCCCCN1,-2.8126,0.25,aqsol,True,False
O=C1CCCCCO1,0.942547,0.25,aqsol,True,False
O=C1CCCCO1,0.999492,0.25,aqsol,True,False
O=C1CCCN1,1.07,1.0,aqsol,True,False
O=C1CCCO1,1.0677,1.0,aqsol,True,False
O=C1CCN(Cc2ccccc2)CC1,-1.01698,0.25,aqsol,True,False
O=C1CCO1,0.710891,1.0,aqsol,True,False
O=C1CNC(=O)N1,-0.400675,1.0,aqsol,True,False
O=C1CSC(=S)N1,-1.77036,1.0,aqsol,True,False
O=C1NC(=O)C(=O)N1,-0.4,1.0,aqsol,True,False
O=C1NC(=O)C2=C1CCCC2,-1.97452,0.25,aqsol,True,False
O=C1NC(=O)C2CC=CCC12,-1.09309,0.25,aqsol,True,False
O=C1NC(=O)C2CCCC12,0.155357,0.25,aqsol,True,False
O=C1NC(=O)c2cccc3cccc1c23,-4.69283,0.25,aqsol,True,False
O=C1NCCN1,0.840273,0.25,aqsol,True,False
O=C1Nc2cccc3cccc1c23,-3.25477,0.25,aqsol,True,False
O=C1OC(=O)C2CC=CCC12,-0.713922,0.25,aqsol,True,False
O=C1OC(=O)C2CCCCC12,-1.56474,0.25,aqsol,True,False
O=C1OC(=O)c2cccc3cccc1c23,-6.29705,0.25,aqsol,True,False
O=C1OCCO1,1.01785,0.675,aqsol,True,False
O=C=O,-1.4748,0.25,aqsol,True,False
O=CC(=O)c1ccccc1,-0.74,0.25,aqsol,True,False
O=CC(O)C(O)C(O)C(O)C(O)CO,-0.322852,0.675,aqsol,True,False
O=CC1CCC2C3CCC(C3)C12,-2.41997,0.25,aqsol,True,False
O=CC1CO1,1.1423,0.25,aqsol,True,False
O=CC=O,1.23863,0.675,aqsol,True,False
O=CNCC(=O)O,0.267074,0.675,aqsol,True,False
O=CNc1ccccc1,-0.679023,1.0,aqsol,True,False
O=COCc1ccccc1,-1.67312,0.25,aqsol,True,False
O=Cc1ccc(C=O)cc1,-2.82798,1.0,aqsol,True,False
O=Cc1ccc(O)cc1,-0.966627,1.0,aqsol,True,False
O=Cc1ccccc1,-1.19772,1.0,aqsol,True,False
O=Cc1ccccc1C=O,-1.34,0.25,aqsol,True,False
O=Cc1ccco1,-0.0983837,1.0,aqsol,True,False
O=NN1CCCCC1,-0.172077,1.0,aqsol,True,False
O=NN1CCCCCC1,-1.00055,1.0,aqsol,True,False
O=NN1CCOCC1,0.935021,1.0,aqsol,True,False
O=P(OC(Cl)CCCl)(OC(Cl)CCCl)OC(Cl)CCCl,-3.6344,0.25,aqsol,True,False
O=P(Oc1ccccc1)(Oc1ccccc1)Oc1cccc(OP(=O)(Oc2ccccc2)Oc2ccccc2)c1,-5.73807,0.25,aqsol,True,False
O=P12OB(O1)O2,-2.86908,0.25,aqsol,True,False
O=S(=O)(c1ccccc1)c1ccccc1,-4.19288,0.25,aqsol,True,False
O=S1(=O)CCCC1,-0.0798069,0.25,aqsol,True,False
O=S1(=O)CCCO1,-0.0868757,0.25,aqsol,True,False
O=S1OCCO1,0.221148,0.675,aqsol,True,False
O=S=O,0.2235,0.25,aqsol,True,False
O=[N+]([O-])OCC(CO)(CO[N+](=O)[O-])CO[N+](=O)[O-],-1.58185,0.675,aqsol,True,False
O=[Te]=O,-3.71561,0.25,aqsol,True,False
O=c1[nH]c(=O)[nH]c(=O)[nH]1,-1.80765,0.25,aqsol,True,False
O=c1[nH]c(=O)c2nccnc2[nH]1,-2.1183,0.25,aqsol,True,False
O=c1[nH]c2ccccc2[nH]1,-2.39275,0.25,aqsol,True,False
O=c1[nH]c2ccccc2c(=O)o1,-2.73542,0.25,aqsol,True,False
O=c1c2ccccc2c2ccc3sc4ccccc4c4ccc1c2c34,-7.98281,0.25,aqsol,True,False
O=c1cc[nH]c(=O)[nH]1,-1.48589,1.0,aqsol,True,False
O=c1cc[nH]c(=S)[nH]1,-2.2594,1.0,aqsol,True,False
O=c1cc[nH]cc1,1.0218,0.25,aqsol,True,False
O=c1ccc(=O)[nH][nH]1,-1.27072,1.0,aqsol,True,False
O=c1ccc2ccccc2o1,-1.88816,1.0,aqsol,True,False
O=c1nc[nH]c2nc[nH]c12,-2.28956,0.675,aqsol,True,False
O=c1occo1,0.777077,0.25,aqsol,True,False
OC(C(F)(F)F)C(F)(F)F,0.0201103,0.25,aqsol,True,True
OC(CCl)CCl,-0.112308,1.0,aqsol,True,False
OC(CI)CI,-1.39811,1.0,aqsol,True,False
OC(Cn1ccnc1)c1ccc(Cl)cc1Cl,-3.11,0.6,aqsol,True,False
OC(O)C(Cl)(Cl)Cl,0.812914,0.675,aqsol,True,False
OC(c1ccc(Cl)cc1)(c1ccc(Cl)cc1)C(Cl)(Cl)Cl,-5.58554,1.0,aqsol,True,False
OC(c1ccc(F)cc1)(c1cncnc1)c1ccccc1Cl,-4.08192,1.0,aqsol,True,False
OC(c1ccccc1)(c1ccccc1)c1ccccc1,-2.25985,0.675,aqsol,True,False
OC(c1ccccc1)c1ccc(Cl)cc1,-3.48948,0.675,aqsol,True,False
OC1C(O)C(O)C(O)C(O)C1O,0.187349,1.0,aqsol,True,False
OC1C=CC2C1C1(Cl)C(Cl)=C(Cl)C2(Cl)C1(Cl)Cl,-5.46,1.0,aqsol,True,False
OC1CCCCC1,-0.417277,1.0,aqsol,True,False
OC1CCCCCC1,-0.88,1.0,aqsol,True,False
OC1CCCCCCC1,-1.29,1.0,aqsol,True,False
OC1CCCCCCCCCCC1,-3.98912,0.25,aqsol,True,False
OC1CCOC1,1.05111,1.0,aqsol,True,False
OC1COC(O)C(O)C1O,0.419822,1.0,aqsol,True,False
OC1CSC(O)CS1,-1.46904,0.25,aqsol,True,False
OCC#CCO,0.638,0.425,aqsol,True,False
OCC#CCO,1.53634,0.25,aqsol,True,False
OCC(Br)CBr,-0.622074,0.675,aqsol,True,False
OCC(CBr)(CBr)CBr,-2.22611,0.25,aqsol,True,False
OCC(CO)(CBr)CBr,-0.935467,0.75,aqsol,True,False
OCC(CO)(CO)CO,-0.304546,1.0,aqsol,True,False
OCC(CO)(CO)COCC(CO)(CO)CO,-1.95933,0.675,aqsol,True,False
OCC(Cl)(Cl)Cl,-0.253936,1.0,aqsol,True,False
OCC(F)(F)F,0.999964,1.0,aqsol,True,True
OCC(O)C(O)C(O)C(O)C(O)CO,0.3722,0.25,aqsol,True,False
OCC(O)C(O)C(O)C(O)CO,0.06,0.142857,aqsol,True,False
OCC(O)C(O)C(O)C(O)CO,1.09,0.857143,aqsol,True,False
OCC(O)C(O)C(O)CO,0.625091,0.75,aqsol,True,False
OCC(O)C(O)C(OC1OC(CO)C(O)C(O)C1O)C(O)CO,0.2872,0.25,aqsol,True,False
OCC(O)C(O)CO,0.699476,1.0,aqsol,True,False
OCC(O)CCl,0.956815,0.675,aqsol,True,False
OCC(O)CO,1.08961,1.0,aqsol,True,False
OCC(O)COCC(O)CO,0.77944,0.25,aqsol,True,False
OCC(O)COc1ccc(Cl)cc1,-1.30802,1.0,aqsol,True,False
OCC(S)CS,-0.154936,1.0,aqsol,True,False
OCC1CCCO1,0.388774,0.25,aqsol,True,False
OCC1CCCO1,0.991,0.425,aqsol,True,False
OCC1CN2CCN1CC2,0.847094,0.25,aqsol,True,False
OCC1CO1,1.13006,1.0,aqsol,True,False
OCC1OC(O)(CO)C(O)C1O,0.64,1.0,aqsol,True,False
OCC1OC(O)C(O)C(O)C1O,0.722595,1.0,aqsol,True,False
OCC1OC(OCC2OC(O)C(O)C(O)C2O)C(O)C(O)C1O,0.4656,0.25,aqsol,True,False
OCC1OC(OCC2OC(OC3(CO)OC(CO)C(O)C3O)C(O)C(O)C2O)C(O)C(O)C1O,-0.4066,0.777778,aqsol,True,False
OCC1OC(OCC2OC(OC3(CO)OC(CO)C(O)C3O)C(O)C(O)C2O)C(O)C(O)C1O,0.3,0.222222,aqsol,True,False
OCC1OC2OC3C(CO)OC(OC4C(CO)OC(OC5C(CO)OC(OC6C(CO)OC(OC7C(CO)OC(OC8C(CO)OC(OC1C(O)C2O)C(O)C8O)C(O)C7O)C(O)C6O)C(O)C5O)C(O)C4O)C(O)C3O,-1.84,0.25,aqsol,True,False
OCC1OC2OC3C(CO)OC(OC4C(CO)OC(OC5C(CO)OC(OC6C(CO)OC(OC7C(CO)OC(OC8C(CO)OC(OC9C(CO)OC(OC1C(O)C2O)C(O)C9O)C(O)C8O)C(O)C7O)C(O)C6O)C(O)C5O)C(O)C4O)C(O)C3O,-0.75,0.25,aqsol,True,False
OCCBr,0.903043,1.0,aqsol,True,False
OCCC(F)(F)C(F)(F)C(F)(F)C(F)(F)C(F)(F)C(F)(F)F,-4.28706,0.25,aqsol,True,True
OCCCBr,0.0091,0.75,aqsol,True,False
OCCCCCCCl,-1.08244,0.25,aqsol,True,False
OCCCCCCO,1.62644,0.25,aqsol,True,False
OCCCCCO,0.982345,0.25,aqsol,True,False
OCCCCO,1.04821,0.675,aqsol,True,False
OCCCCl,0.422064,1.0,aqsol,True,False
OCCCO,1.11864,0.25,aqsol,True,False
OCCCOCC(OCCCO)C(OCCCO)C(OCCCO)C(COCCCO)OCCCO,0.0533414,0.25,aqsol,True,False
OCCCc1ccccc1,-1.37997,1.0,aqsol,True,False
OCCCl,1.09404,0.75,aqsol,True,False
OCCN(CCO)CCO,0.826096,0.675,aqsol,True,False
OCCNCCO,0.973701,1.0,aqsol,True,False
OCCNc1ccccc1,-0.4745,0.25,aqsol,True,False
OCCO,1.20811,1.0,aqsol,True,False
OCCOCC#CCOCCO,0.758962,0.25,aqsol,True,False
OCCOCC(COCCO)OCCO,0.649262,0.25,aqsol,True,False
OCCOCCO,0.974074,0.675,aqsol,True,False
OCCOCCOCCO,0.82315,0.675,aqsol,True,False
OCCOCCOCCOCCO,0.711885,0.675,aqsol,True,False
OCCOCCOc1ccccc1,-0.716526,0.25,aqsol,True,False
OCCOc1ccc(OCCO)cc1,-1.23,0.25,aqsol,True,False
OCCOc1ccc2ccccc2c1,-2.71429,0.25,aqsol,True,False
OCCOc1ccccc1,-0.712911,1.0,aqsol,True,False
OCCS,1.10894,0.675,aqsol,True,False
OCCSCCO,0.912988,0.675,aqsol,True,False
OCC[C@@H]1CCCC[NH2+]1,0.642748,0.25,aqsol,True,False
OCCc1ccccc1,-0.747504,1.0,aqsol,True,False
OC[C@H]1NC[C@H](O)[C@@H](O)[C@@H]1O,0.404352,0.25,aqsol,True,False
OC[C@H]1O[C@@](CO)(O[C@H]2O[C@H](CO[C@H]3O[C@H](CO)[C@H](O)[C@H](O)[C@H]3O)[C@@H](O)[C@H](O)[C@H]2O)[C@@H](O)[C@@H]1O,-0.3962,0.25,aqsol,True,False
OC[C@H]1O[C@H](O[C@]2(CO)O[C@H](CO)[C@@H](O)[C@@H]2O)[C@H](O)[C@@H](O)[C@@H]1O,0.7878,0.25,aqsol,True,False
OCc1c(Cl)cccc1Cl,-2.10091,1.0,aqsol,True,False
OCc1ccc(Br)cc1,-1.92981,0.675,aqsol,True,False
OCc1ccc(CO)cc1,-0.386037,0.675,aqsol,True,False
OCc1ccc(Cl)c(Cl)c1,-2.0439,0.25,aqsol,True,False
OCc1ccc(Cl)cc1,-1.75856,0.675,aqsol,True,False
OCc1ccc(Cl)cc1Cl,-2.248,0.25,aqsol,True,False
OCc1ccc(O)cc1,-1.2678,0.25,aqsol,True,False
OCc1ccccc1,-0.413193,1.0,aqsol,True,False
OCc1ccccc1CO,0.0569,0.675,aqsol,True,False
OCc1cccnc1,0.961194,1.0,aqsol,True,False
OCc1ccco1,1.00879,1.0,aqsol,True,False
OCc1cncs1,0.525736,0.25,aqsol,True,False
ON=C1CCCCC1,-0.849573,0.25,aqsol,True,False
ONc1ccccc1,-0.682223,1.0,aqsol,True,False
O[C@H]1CO[C@@H]2[C@H](O)CO[C@H]12,1.17745,0.25,aqsol,True,False
Oc1c(Br)c(Br)c(Br)c(Br)c1Br,-6.6,0.25,aqsol,True,False
Oc1c(Br)cc(Br)c2cccnc12,-4.19141,0.675,aqsol,True,False
Oc1c(Br)cc(Br)cc1Br,-3.67417,0.75,aqsol,True,False
Oc1c(Cl)c(Cl)c(Cl)c(Cl)c1Cl,-4.27967,1.0,aqsol,True,False
Oc1c(Cl)c(Cl)cc(Cl)c1Cl,-3.37,1.0,aqsol,True,False
Oc1c(Cl)cc(Cl)c(Cl)c1Cc1c(O)c(Cl)cc(Cl)c1Cl,-3.46126,0.675,aqsol,True,False
Oc1c(Cl)cc(Cl)c(Cl)c1Cl,-4.00281,0.438462,aqsol,True,False
Oc1c(Cl)cc(Cl)c(Cl)c1Cl,-3.1,0.561538,aqsol,True,False
Oc1c(Cl)cc(Cl)cc1Cl,-2.3614,1.0,aqsol,True,False
Oc1c(Cl)ccc(Cl)c1Cl,-2.64095,1.0,aqsol,True,False
Oc1c(I)cc(Cl)c2cccnc12,-9.0,0.233333,aqsol,True,False
Oc1c(I)cc(Cl)c2cccnc12,-4.41908,0.116667,aqsol,True,False
Oc1c(I)cc(Cl)c2cccnc12,-1.82226,0.25,aqsol,True,False
Oc1c(O)c(Cl)c(Cl)c(Cl)c1Cl,-4.96,0.425,aqsol,True,False
Oc1c(O)c(Cl)c(Cl)c(Cl)c1Cl,-3.55,0.25,aqsol,True,False
Oc1cc(Cl)c(Cl)c(Cl)c1Cl,-3.15,1.0,aqsol,True,False
Oc1cc(Cl)c(Cl)cc1Cl,-2.2122,1.0,aqsol,True,False
Oc1cc(Cl)cc(Cl)c1,-1.44108,1.0,aqsol,True,False
Oc1cc(Cl)cc(Cl)c1Cl,-2.67,1.0,aqsol,True,False
Oc1cc(Cl)ccc1Cl,-1.91106,0.75,aqsol,True,False
Oc1cc(Cl)ccc1Oc1ccc(Cl)cc1,-4.23939,0.25,aqsol,True,False
Oc1cc(O)c2ccccc2c1,-1.94943,1.0,aqsol,True,False
Oc1cc(O)cc(O)c1,-1.07149,1.0,aqsol,True,False
Oc1cc2ccccc2cc1O,-2.73866,1.0,aqsol,True,False
Oc1ccc(Br)cc1,-1.09072,1.0,aqsol,True,False
Oc1ccc(Br)cc1Br,-2.12283,0.75,aqsol,True,False
Oc1ccc(Cc2ccccc2)cc1,-3.40033,0.675,aqsol,True,False
Oc1ccc(Cl)c(Cl)c1,-1.24907,1.0,aqsol,True,False
Oc1ccc(Cl)c(Cl)c1Cl,-2.67,1.0,aqsol,True,False
Oc1ccc(Cl)c(O)c1,-1.07057,0.25,aqsol,True,False
Oc1ccc(Cl)c2cccnc12,-3.9756,0.25,aqsol,True,False
Oc1ccc(Cl)cc1,-0.706986,1.0,aqsol,True,False
Oc1ccc(Cl)cc1Cc1cc(Cl)ccc1O,-3.95171,1.0,aqsol,True,False
Oc1ccc(Cl)cc1Cc1ccccc1,-3.16687,0.75,aqsol,True,False
Oc1ccc(Cl)cc1Cl,-1.55376,1.0,aqsol,True,False
Oc1ccc(F)cc1,-0.21,0.25,aqsol,True,False
Oc1ccc(O)cc1,-0.178029,1.0,aqsol,True,False
Oc1ccc2ccccc2c1,-2.28035,1.0,aqsol,True,False
Oc1cccc(Cl)c1,-0.699452,1.0,aqsol,True,False
Oc1cccc(Cl)c1Cl,-1.51137,1.0,aqsol,True,False
Oc1cccc(O)c1,0.834276,1.0,aqsol,True,False
Oc1cccc2c(O)cccc12,-2.94519,1.0,aqsol,True,False
Oc1cccc2ccccc12,-2.18086,1.0,aqsol,True,False
Oc1ccccc1,-0.0211602,1.0,aqsol,True,False
Oc1ccccc1Cl,-1.02215,1.0,aqsol,True,False
Oc1ccccc1O,0.619559,1.0,aqsol,True,False
Oc1cnc2ccccc2c1,-2.39093,0.675,aqsol,True,False
S=C(Nc1ccccc1)Nc1ccccc1,-3.97169,0.25,aqsol,True,False
S=C(SN1CCOCC1)N1CCOCC1,-3.2913,0.25,aqsol,True,False
S=C(SSSSSSC(=S)N1CCCCC1)N1CCCCC1,-7.63173,0.25,aqsol,True,False
S=C1NCCN1,-0.708861,1.0,aqsol,True,False
S=C=NCCc1ccccc1,-3.1714,0.25,aqsol,True,False
S=C=Nc1ccccc1,-3.1772,0.25,aqsol,True,False
S=C=S,-1.75669,1.0,aqsol,True,False
S=P(N1CC1)(N1CC1)N1CC1,0.0018,0.675,aqsol,True,False
S=P(Oc1ccccc1)(Oc1ccccc1)Oc1ccccc1,-6.95469,0.25,aqsol,True,False
S=c1[nH]c2ccccc2[nH]1,-2.17669,0.25,aqsol,True,False
S=c1[nH]c2ccccc2o1,-2.1795,0.25,aqsol,True,False
S=c1[nH]nc(SSc2n[nH]c(=S)s2)s1,-3.25221,0.25,aqsol,True,False
SC1CCCCC1,-3.36721,0.25,aqsol,True,False
Sc1ccccc1,-2.12005,1.0,aqsol,True,False
[N-]=[N+]=O,-1.5644,0.25,aqsol,True,False
[NH3+][C@H]1CCCC[C@H]1[NH3+],0.889006,0.25,aqsol,True,False
[O-][n+]1ccccc1,1.02067,0.675,aqsol,True,False
c1c[nH]cn1,0.968391,0.25,aqsol,True,False
c1cc2ccc3ccc4ccc5ccc6ccc1c1c2c3c4c5c61,-9.33103,0.777778,aqsol,True,False
c1cc2ccc3ccc4ccc5ccc6ccc1c1c2c3c4c5c61,-8.83,0.222222,aqsol,True,False
c1cc2ccc3ccc4ccc5cccc6c(c1)c2c3c4c56,-9.02601,1.0,aqsol,True,False
c1ccc2c(c1)cc1ccc3cccc4ccc2c1c34,-8.699,0.216867,aqsol,True,False
c1ccc2c(c1)cc1ccc3cccc4ccc2c1c34,-8.19098,0.783132,aqsol,True,False
c1ccc2ccccc2c1,-4.31123,0.120482,aqsol,True,False
c1ccc2ccccc2c1,-3.60438,0.879518,aqsol,True,False
c1ccc2cnncc2c1,-0.415106,1.0,aqsol,True,False
c1ccc2nc3ccccc3cc2c1,-3.66965,1.0,aqsol,True,False
c1ccc2nccnc2c1,0.705037,0.675,aqsol,True,False
c1ccccc1,-1.63987,1.0,aqsol,True,False
c1ccncc1,0.859819,1.0,aqsol,True,False
c1ccoc1,-0.823798,1.0,aqsol,True,False
c1ccsc1,-1.42241,1.0,aqsol,True,False
c1cnc2ncncc2n1,0.0241057,1.0,aqsol,True,False
c1cncnc1,1.0986,1.0,aqsol,True,False
c1nc[nH]n1,1.00583,0.25,aqsol,True,False
BrC(Br)(Br)Br,-3.14,1.0,aqua,True,False
BrC(Br)Br,-1.87357,1.0,aqua,True,False
BrC1CCCCC1,-2.29684,0.95,aqua,True,False
BrCBr,-1.16821,1.0,aqua,True,False
BrCCBr,-1.67143,1.0,aqua,True,False
BrCCCBr,-2.07737,0.95,aqua,True,False
Brc1ccc(Br)cc1,-4.07071,1.0,aqua,True,False
Brc1ccc2ccccc2c1,-4.4,0.9,aqua,True,False
Brc1cccc(Br)c1,-3.54107,1.0,aqua,True,False
Brc1ccccc1,-2.54893,1.0,aqua,True,False
C#CCCCC,-2.33036,1.0,aqua,True,False
C1CCCC1,-2.64464,1.0,aqua,True,False
C1CCCCC1,-3.13036,1.0,aqua,True,False
C1CCCCCC1,-3.515,1.0,aqua,True,False
C1CCCCCCC1,-4.15071,1.0,aqua,True,False
C1CCNC1,1.14895,0.95,aqua,True,False
C1CCNCC1,1.07,0.95,aqua,True,False
C1CCOC1,0.525,0.642857,aqua,True,False
C1CCOC1,1.142,0.357143,aqua,True,False
C1CCOCC1,-0.0303571,1.0,aqua,True,False
C1CNCCN1,1.06737,0.95,aqua,True,False
C1COCCN1,1.06,0.95,aqua,True,False
C=CC#N,0.148929,1.0,aqua,True,False
C=CC=C,-1.86893,1.0,aqua,True,False
C=CC=O,0.572857,1.0,aqua,True,False
C=CCC1(CC=C)C(=O)NC(=O)NC1=O,-2.06582,1.0,aqua,True,False
C=CCC=C,-2.08893,1.0,aqua,True,False
C=CCCC=C,-2.6825,1.0,aqua,True,False
C=CCN(CC=C)C(=O)C(Cl)Cl,-1.61947,0.95,aqua,True,False
C=CCOC(=O)c1ccccc1C(=O)OCC=C,-3.13053,0.95,aqua,True,False
CC(=O)CC(=O)C(C)(C)C,-1.63,0.45,aqua,True,False
CC(=O)CC(C)=O,0.22,0.95,aqua,True,False
CC(=O)CC1CCCCN1,-0.45,0.45,aqua,True,False
CC(=O)NC(N)=O,-0.9,0.45,aqua,True,False
CC(=O)Nc1cc(NS(=O)(=O)C(F)(F)F)c(C)cc1C,-3.23893,1.0,aqua,True,True
CC(=O)Nc1ccc(Cl)cc1,-2.8415,0.9,aqua,True,False
CC(=O)Nc1ccc(I)cc1,-3.25,0.45,aqua,True,False
CC(=O)Nc1ccc(O)cc1,-1.03107,1.0,aqua,True,False
CC(=O)Nc1ccccc1,-1.31571,1.0,aqua,True,False
CC(=O)Nc1ccccc1Cl,-1.4,0.95,aqua,True,False
CC(=O)Nc1ccccc1O,-2.23737,0.95,aqua,True,False
CC(=O)OC1CCCCC1,-1.67,0.45,aqua,True,False
CC(=O)OCC(=O)C1(O)CCC2C3CCC4=CC(=O)CCC4(C)C3C(O)CC21C,-4.54286,1.0,aqua,True,False
CC(=O)OCC(=O)C1CCC2C3CCC4=CC(=O)CCC4(C)C3CCC12C,-4.63,1.0,aqua,True,False
CC(=O)c1ccc(N)cc1,-1.60789,0.95,aqua,True,False
CC(C)(C)C(=O)C(Oc1ccc(Cl)cc1)n1cncn1,-3.61143,1.0,aqua,True,False
CC(C)(C)C(=O)C1C(=O)c2ccccc2C1=O,-4.10842,0.95,aqua,True,False
CC(C)(C)CCO,-0.5,1.0,aqua,True,False
CC(C)(C)CO,-0.400357,1.0,aqua,True,False
CC(C)(C)c1ccc(O)cc1,-2.41107,1.0,aqua,True,False
CC(C)(C)c1ccccc1,-3.65929,1.0,aqua,True,False
CC(C)(C)c1nnc(NS(=O)(=O)c2ccc(N)cc2)s1,-3.74,0.95,aqua,True,False
CC(C)(S)C(N)C(=O)O,-0.128947,0.95,aqua,True,False
CC(C)(c1ccc(O)cc1)c1ccc(O)cc1,-3.06158,0.95,aqua,True,False
CC(C)=CCCC(C)=CC=O,-2.05821,1.0,aqua,True,False
CC(C)Br,-1.60464,1.0,aqua,True,False
CC(C)C(C)(C)O,-0.410526,0.95,aqua,True,False
CC(C)C(O)C(C)C,-1.22,1.0,aqua,True,False
CC(C)CBr,-2.43071,1.0,aqua,True,False
CC(C)CC(C)(C)O,-0.934643,1.0,aqua,True,False
CC(C)CC(C)C,-4.26036,1.0,aqua,True,False
CC(C)CC(C)O,-0.798214,1.0,aqua,True,False
CC(C)CCBr,-2.88842,0.95,aqua,True,False
CC(C)CCCO,-1.14,1.0,aqua,True,False
CC(C)CCO,-0.516429,1.0,aqua,True,False
CC(C)CCOC(=O)c1ccccc1O,-3.15842,0.95,aqua,True,False
CC(C)CCl,-2.0,0.9,aqua,True,False
CC(C)CO,0.0660714,1.0,aqua,True,False
CC(C)COC(=O)c1ccccc1C(=O)OCC(C)C,-4.65579,0.95,aqua,True,False
CC(C)COC=O,-1.00679,1.0,aqua,True,False
CC(C)Cc1ccccc1,-4.12,0.9,aqua,True,False
CC(C)Cl,-1.40786,1.0,aqua,True,False
CC(C)I,-2.08786,1.0,aqua,True,False
CC(C)N(C(=O)CCl)c1ccccc1,-2.48036,1.0,aqua,True,False
CC(C)OC(=O)C(O)(c1ccc(Br)cc1)c1ccc(Br)cc1,-4.93107,1.0,aqua,True,False
CC(C)OC(=O)C(O)(c1ccc(Cl)cc1)c1ccc(Cl)cc1,-4.53,0.95,aqua,True,False
CC(C)OC(=O)Nc1cccc(Cl)c1,-3.38,1.0,aqua,True,False
CC(C)OC(C)C,-1.708,0.357143,aqua,True,False
CC(C)OC(C)C,-1.1,0.642857,aqua,True,False
CC(C)c1ccccc1,-3.27786,1.0,aqua,True,False
CC(Cl)(Cl)Cl,-1.98286,1.0,aqua,True,False
CC(Cl)C(C)(C)Cl,-2.69,0.45,aqua,True,False
CC(Cl)C(C)Cl,-2.51789,0.95,aqua,True,False
CC(Cl)CCl,-1.60214,1.0,aqua,True,False
CC(Cl)Cl,-1.29036,1.0,aqua,True,False
CC(N)=O,1.58036,1.0,aqua,True,False
CC(N)CC(=O)O,1.03105,0.95,aqua,True,False
CC(O)C(N)C(=O)O,-0.0894737,0.95,aqua,True,False
CC(O)c1ccccc1,-0.92,0.9,aqua,True,False
CC1(C)C2CCC1(C)C(O)C2,-2.31964,1.0,aqua,True,False
CC12CCC(CC1)C(C)(C)O2,-1.74429,1.0,aqua,True,False
CC12CCc3c(ccc4cc(O)ccc34)C1CCC2=O,-5.24143,1.0,aqua,True,False
CC1=C(C(=O)Nc2ccccc2)S(=O)(=O)CCO1,-2.38104,1.0,aqua,True,False
CC1=CC(=O)CC(C)(C)C1,-1.06036,1.0,aqua,True,False
CC1=CC(=O)c2ccccc2C1=O,-3.03071,1.0,aqua,True,False
CC1=CCCCC1,-3.26893,1.0,aqua,True,False
CC1CCC(C)CC1,-4.46857,1.0,aqua,True,False
CC1CCC(O)CC1,-0.881053,0.95,aqua,True,False
CC1CCCC1,-3.30071,1.0,aqua,True,False
CC1CCCCC1,-3.82786,1.0,aqua,True,False
CC1CCCCC1=O,-0.94,0.45,aqua,True,False
CC1CCCCC1C,-4.17833,1.0,aqua,True,False
CC1CCCCC1NC(=O)Nc1ccccc1,-4.11036,1.0,aqua,True,False
CC1CCCO1,0.181429,1.0,aqua,True,False
CC1CNCCN1,0.686316,0.95,aqua,True,False
CC1CO1,-0.59,0.642857,aqua,True,False
CC1CO1,1.007,0.357143,aqua,True,False
CC=CCC#N,-0.96,0.45,aqua,True,False
CCBr,-1.08857,1.0,aqua,True,False
CCC(=O)N(c1ccccc1)C1(COC)CCN(CCc2cccs2)CC1,-3.70789,0.95,aqua,True,False
CCC(=O)Nc1ccc(Cl)c(Cl)c1,-2.995,1.0,aqua,True,False
CCC(=O)Nc1ccccc1,-1.92,0.45,aqua,True,False
CCC(=O)OC,-0.143571,1.0,aqua,True,False
CCC(=O)c1ccc(N)cc1,-2.62842,0.95,aqua,True,False
CCC(=O)c1ccccc1,-1.82842,0.95,aqua,True,False
CCC(Br)(CC)C(=O)NC(N)=O,-2.67857,1.0,aqua,True,False
CCC(C)(C)C,-3.59321,1.0,aqua,True,False
CCC(C)(C)CO,-1.07179,1.0,aqua,True,False
CCC(C)(C)Cl,-2.51,0.9,aqua,True,False
CCC(C)(C)O,0.108214,1.0,aqua,True,False
CCC(C)(C)c1ccccc1,-4.15,0.95,aqua,True,False
CCC(C)(O)CC,-0.373571,1.0,aqua,True,False
CCC(C)=O,0.509286,1.0,aqua,True,False
CCC(C)CC,-3.68107,1.0,aqua,True,False
CCC(C)CO,-0.470714,1.0,aqua,True,False
CCC(C)Cl,-1.96214,1.0,aqua,True,False
CCC(C)O,0.427857,1.0,aqua,True,False
CCC(C)c1ccccc1,-3.88579,0.95,aqua,True,False
CCC(CC)CO,-1.25464,1.0,aqua,True,False
CCC(Cl)CC,-2.63,0.95,aqua,True,False
CCC(N)Cc1c[nH]c2ccccc12,-2.56842,0.95,aqua,True,False
CCC(O)(CC)CC,-0.846429,1.0,aqua,True,False
CCC(O)C(C)(C)C,-1.15053,0.95,aqua,True,False
CCC(O)CC,-0.2375,1.0,aqua,True,False
CCC1(C(C)C)C(=O)NC(=O)NC1=O,-2.20146,1.0,aqua,True,False
CCC1(CC)C(=O)NC(=O)NC1=O,-2.4,0.321429,aqua,True,False
CCC1(CC)C(=O)NC(=O)NC1=O,-1.39158,0.678571,aqua,True,False
CCC1(CCC(C)C)C(=O)NC(=O)NC1=O,-2.56918,1.0,aqua,True,False
CCC1CCCCC1,-4.25036,1.0,aqua,True,False
CCC=O,0.630714,1.0,aqua,True,False
CCCBr,-1.71964,1.0,aqua,True,False
CCCC(=O)CCC,-1.39,1.0,aqua,True,False
CCCC(=O)OC,-1.92,0.321429,aqua,True,False
CCCC(=O)OC,-0.826842,0.678571,aqua,True,False
CCCC(=O)OCC,-1.30393,1.0,aqua,True,False
CCCC(C)(C)O,-0.493214,1.0,aqua,True,False
CCCC(C)(COC(N)=O)COC(N)=O,-1.71296,1.0,aqua,True,False
CCCC(C)=O,-0.23,1.0,aqua,True,False
CCCC(C)C,-3.74,1.0,aqua,True,False
CCCC(C)C1(CC)C(=O)NC(=O)NC1=O,-2.455,0.9,aqua,True,False
CCCC(C)CO,-1.15321,1.0,aqua,True,False
CCCC(C)O,-0.292143,1.0,aqua,True,False
CCCC(CCC)C(=O)O,-1.85895,0.95,aqua,True,False
CCCC(O)C(CC)CO,-1.387,0.5,aqua,True,False
CCCC(O)C(CC)CO,-0.54,0.45,aqua,True,False
CCCC(O)CCC,-1.3975,1.0,aqua,True,False
CCCC1CCCC1,-4.74,0.9,aqua,True,False
CCCC1CCCCN1,-1.5,0.45,aqua,True,False
CCCC1CCCCN1,-0.849,0.5,aqua,True,False
CCCC=O,-0.00892857,1.0,aqua,True,False
CCCCBr,-2.30857,1.0,aqua,True,False
CCCCC,-3.215,1.0,aqua,True,False
CCCCC(=O)CCCC,-2.58786,1.0,aqua,True,False
CCCCC(=O)OC,-1.35,0.9,aqua,True,False
CCCCC(=O)OCC,-1.91786,1.0,aqua,True,False
CCCCC(C)=O,-0.785,1.0,aqua,True,False
CCCCC(C)C(C)O,-1.72,0.45,aqua,True,False
CCCCC(C)O,-0.883929,1.0,aqua,True,False
CCCCC(CC)CN,-1.71158,0.95,aqua,True,False
CCCCC(CC)CO,-2.16714,1.0,aqua,True,False
CCCCC(O)CC,-1.47,0.9,aqua,True,False
CCCCC1(CC)C(=O)NC(=O)NC1=O,-1.64604,1.0,aqua,True,False
CCCCC=O,-0.856071,1.0,aqua,True,False
CCCCCBr,-3.075,1.0,aqua,True,False
CCCCCC,-3.88214,1.0,aqua,True,False
CCCCCC(=O)OC,-1.955,1.0,aqua,True,False
CCCCCC(=O)OCC,-2.34071,1.0,aqua,True,False
CCCCCC(C)(C)O,-1.72,1.0,aqua,True,False
CCCCCC(C)=O,-1.43107,1.0,aqua,True,False
CCCCCC(C)O,-1.55036,1.0,aqua,True,False
CCCCCC=O,-1.28179,1.0,aqua,True,False
CCCCCCBr,-3.80929,1.0,aqua,True,False
CCCCCCC,-4.50821,1.0,aqua,True,False
CCCCCCC(=O)OCC,-2.72929,1.0,aqua,True,False
CCCCCCC(C)=O,-2.08714,1.0,aqua,True,False
CCCCCCC(C)O,-2.09,0.9,aqua,True,False
CCCCCCC=O,-1.83737,0.95,aqua,True,False
CCCCCCCBr,-4.43036,1.0,aqua,True,False
CCCCCCCC,-5.23929,1.0,aqua,True,False
CCCCCCCC(=O)OC,-3.31929,1.0,aqua,True,False
CCCCCCCC(=O)OCC,-3.39036,1.0,aqua,True,False
CCCCCCCC(C)=O,-2.58143,1.0,aqua,True,False
CCCCCCCC=O,-2.36,0.95,aqua,True,False
CCCCCCCCBr,-5.06107,1.0,aqua,True,False
CCCCCCCCC(=O)OCC,-3.8,1.0,aqua,True,False
CCCCCCCCC=O,-3.17053,0.95,aqua,True,False
CCCCCCCCCC(=O)OC,-4.64821,1.0,aqua,True,False
CCCCCCCCCC(=O)OCC,-4.1,1.0,aqua,True,False
CCCCCCCCCCCC(=O)OC,-4.69,0.9,aqua,True,False
CCCCCCCCCCCCCC(=O)O,-5.32947,0.95,aqua,True,False
CCCCCCCCCCCCCCC(=O)O,-4.31,0.45,aqua,True,False
CCCCCCCCCCCCCCCCCC(=O)O,-5.68,0.45,aqua,True,False
CCCCCCCCCCCCCCCCO,-7.17571,1.0,aqua,True,False
CCCCCCCCCCCCCCO,-5.9125,1.0,aqua,True,False
CCCCCCCCCCCCO,-4.71107,1.0,aqua,True,False
CCCCCCCCCCO,-3.63036,1.0,aqua,True,False
CCCCCCCCCO,-3.01107,1.0,aqua,True,False
CCCCCCCCN,-2.75,0.45,aqua,True,False
CCCCCCCCO,-2.38714,1.0,aqua,True,False
CCCCCCCCl,-3.99536,1.0,aqua,True,False
CCCCCCCI,-4.81,1.0,aqua,True,False
CCCCCCCN,-1.85,0.45,aqua,True,False
CCCCCCCO,-1.82143,1.0,aqua,True,False
CCCCCCCl,-3.12,0.9,aqua,True,False
CCCCCCN,-1.00842,0.95,aqua,True,False
CCCCCCO,-1.23964,1.0,aqua,True,False
CCCCCCOC(C)=O,-2.45526,0.95,aqua,True,False
CCCCCCc1ccc(O)cc1O,-2.58964,1.0,aqua,True,False
CCCCCCc1ccccc1,-5.22607,1.0,aqua,True,False
CCCCCO,-0.601071,1.0,aqua,True,False
CCCCCOC(C)=O,-1.88536,1.0,aqua,True,False
CCCCCc1ccccc1,-4.64,0.9,aqua,True,False
CCCCCl,-1.9925,1.0,aqua,True,False
CCCCN(C)C(=O)Nc1ccc(Cl)c(Cl)c1,-4.76571,1.0,aqua,True,False
CCCCN(CC)C(=O)SCCC,-3.44,0.9,aqua,True,False
CCCCN(CCCC)CCCC,-3.11789,0.95,aqua,True,False
CCCCNC(=O)NS(=O)(=O)c1ccc(C)cc1,-3.39211,0.95,aqua,True,False
CCCCNC(=O)NS(=O)(=O)c1ccc(N)cc1,-2.17895,0.95,aqua,True,False
CCCCNC(=O)NS(=O)(=O)c1ccccc1,-3.05,0.45,aqua,True,False
CCCCNCCCC,-1.43947,0.95,aqua,True,False
CCCCO,-0.0246429,1.0,aqua,True,False
CCCCOC,-0.99,1.0,aqua,True,False
CCCCOC(=O)c1ccc(O)cc1,-2.85263,0.95,aqua,True,False
CCCCOC(=O)c1ccccc1,-3.48,0.95,aqua,True,False
CCCCOC(=O)c1ccccc1C(=O)OCCCC,-4.39821,1.0,aqua,True,False
CCCCOC(=O)c1ccccc1C(=O)OCc1ccccc1,-5.64,0.45,aqua,True,False
CCCCOC(=O)c1ccccc1C(=O)OCc1ccccc1,-5.065,0.5,aqua,True,False
CCCCOC(C)=O,-1.18789,0.95,aqua,True,False
CCCCOCCCC,-2.638,0.357143,aqua,True,False
CCCCOCCCC,-1.85,0.642857,aqua,True,False
CCCCOCCO,-0.42,0.642857,aqua,True,False
CCCCOCCO,0.927,0.357143,aqua,True,False
CCCCOCN(C(=O)CCl)c1c(CC)cccc1CC,-4.19107,1.0,aqua,True,False
CCCCS,-2.17964,1.0,aqua,True,False
CCCCSP(=O)(SCCCC)SCCCC,-5.31643,1.0,aqua,True,False
CCCCc1c(C)nc(NCC)nc1OS(=O)(=O)N(C)C,-4.16,0.9,aqua,True,False
CCCCc1ccccc1,-4.05857,1.0,aqua,True,False
CCCCl,-1.46679,1.0,aqua,True,False
CCCI,-2.25821,1.0,aqua,True,False
CCCN(CCC)CCC,-2.28105,0.95,aqua,True,False
CCCNC(=O)NS(=O)(=O)c1ccc(Cl)cc1,-3.03,0.95,aqua,True,False
CCCNCCC,-0.342632,0.95,aqua,True,False
CCCOC,-0.388571,1.0,aqua,True,False
CCCOC(=O)CCC,-1.86,1.0,aqua,True,False
CCCOC(=O)c1cc(O)c(O)c(O)c1,-1.78158,0.95,aqua,True,False
CCCOC(=O)c1ccc(N)cc1,-2.3685,1.0,aqua,True,False
CCCOC(=O)c1ccccc1,-2.67,0.45,aqua,True,False
CCCOC(C)=O,-0.724643,1.0,aqua,True,False
CCCOC(C)C,-1.33893,1.0,aqua,True,False
CCCOC=O,-0.530357,1.0,aqua,True,False
CCCOCC,-0.726071,1.0,aqua,True,False
CCCOCCC,-1.5125,1.0,aqua,True,False
CCCc1ccccc1,-3.36714,1.0,aqua,True,False
CCI,-1.60036,1.0,aqua,True,False
CCN(CC)C(=S)SSC(=S)N(CC)CC,-4.86,1.0,aqua,True,False
CCN(CC)CC,-0.138947,0.95,aqua,True,False
CCN(CC)c1ccccc1,-3.02929,1.0,aqua,True,False
CCNC(=S)NCC,-1.46,0.9,aqua,True,False
CCNc1ccccc1,-1.7,0.9,aqua,True,False
CCNc1nc(NC(C)C)nc(SC)n1,-3.03893,1.0,aqua,True,False
CCOC(=O)C=Cc1ccccc1,-2.99857,1.0,aqua,True,False
CCOC(=O)CC,-0.683571,1.0,aqua,True,False
CCOC(=O)CC(=O)OCC,-0.826786,1.0,aqua,True,False
CCOC(=O)CC(SP(=S)(OC)OC)C(=O)OCC,-3.36464,1.0,aqua,True,False
CCOC(=O)CCC(=O)OCC,-0.96,0.95,aqua,True,False
CCOC(=O)c1ccc(N)cc1,-2.33693,1.0,aqua,True,False
CCOC(=O)c1ccc(O)cc1,-2.33536,1.0,aqua,True,False
CCOC(=O)c1ccccc1,-2.31964,1.0,aqua,True,False
CCOC(=O)c1ccccc1C(=O)OCC,-2.33679,1.0,aqua,True,False
CCOC(C)=O,-0.0407143,1.0,aqua,True,False
CCOC(C)C,-0.550526,0.95,aqua,True,False
CCOC(C)OCC,-0.429643,1.0,aqua,True,False
CCOC=O,0.123571,1.0,aqua,True,False
CCOCC,-0.0896429,1.0,aqua,True,False
CCOCCOCC,-0.77,0.642857,aqua,True,False
CCOCCOCC,-0.15,0.357143,aqua,True,False
CCOP(=O)(OCC)OCC,0.433214,1.0,aqua,True,False
CCOP(=S)(OCC)N1C(=O)c2ccccc2C1=O,-3.35071,1.0,aqua,True,False
CCOP(=S)(OCC)Oc1ccc2c(C)c(Cl)c(=O)oc2c1,-5.38211,0.95,aqua,True,False
CCOP(=S)(OCC)SC(CCl)N1C(=O)c2ccccc2C1=O,-6.34,1.0,aqua,True,False
CCOP(=S)(OCC)SCCSCC,-4.22857,1.0,aqua,True,False
CCOP(=S)(OCC)SCSCC,-3.96964,1.0,aqua,True,False
CCOP(=S)(OCC)SCSP(=S)(OCC)OCC,-5.44857,1.0,aqua,True,False
CCOc1ccc(NC(C)=O)cc1,-2.36321,1.0,aqua,True,False
CCOc1ccccc1,-2.33071,1.0,aqua,True,False
CCS,-0.6,1.0,aqua,True,False
CCSC(=O)N(CC(C)C)CC(C)C,-3.68,0.9,aqua,True,False
CCSC(=O)N(CC)C1CCCCC1,-3.4,0.9,aqua,True,False
CCc1ccc(C)cc1,-3.1075,1.0,aqua,True,False
CCc1ccc(CC)cc1,-3.74393,1.0,aqua,True,False
CCc1ccc2cc3ccccc3cc2c1,-6.88789,0.95,aqua,True,False
CCc1ccc2ccccc2c1,-4.29,1.0,aqua,True,False
CCc1cccc(CC)c1N,-2.34895,0.95,aqua,True,False
CCc1ccccc1,-2.78,1.0,aqua,True,False
CCc1ccccc1C,-3.20893,1.0,aqua,True,False
CCc1nnc(NS(=O)(=O)c2ccc(N)cc2)s1,-1.94105,0.95,aqua,True,False
CN(C)C,1.01789,0.95,aqua,True,False
CN(C)C(=O)C(c1ccccc1)c1ccccc1,-2.97429,1.0,aqua,True,False
CN(C)C(=O)N(C)C,0.938214,1.0,aqua,True,False
CN(C)C(=O)NC1CC2CC1C1CCCC21,-3.0905,0.9,aqua,True,False
CN(C)C(=O)NC1CCCCCCC1,-2.289,0.9,aqua,True,False
CN(C)C(=O)Nc1ccc(Cl)cc1,-2.90643,1.0,aqua,True,False
CN(C)C(=O)OC1=CC(=O)CC(C)(C)C1,-0.849286,1.0,aqua,True,False
CN(C)C(=S)SSC(=S)N(C)C,-3.9,0.9,aqua,True,False
CN(C)CCN(Cc1ccccc1)c1ccccn1,-2.64,0.45,aqua,True,False
CN(C)CCN(Cc1cccs1)c1ccccn1,-2.64,0.45,aqua,True,False
CN1CCCC1=O,1.00211,0.95,aqua,True,False
CN1CCCCC1,0.227895,0.95,aqua,True,False
CN1CCOCC1,0.997368,0.95,aqua,True,False
CN1CSC(=S)N(C)C1,-2.13,0.45,aqua,True,False
CNC(=O)ON=C(CSC)C(C)(C)C,-1.62,0.9,aqua,True,False
CNC(=O)Oc1ccc(N(C)C)c(C)c1,-2.35893,1.0,aqua,True,False
CNC(=O)Oc1cccc(C)c1,-1.8,0.45,aqua,True,False
CNC(=O)Oc1ccccc1C1OCCO1,-1.57036,1.0,aqua,True,False
CNC(N)=O,1.13,0.95,aqua,True,False
CNN,1.33893,1.0,aqua,True,False
COC(=O)C(Cl)Cc1ccc(Cl)cc1,-3.76737,0.95,aqua,True,False
COC(=O)C1=CCCN(C)C1,0.809474,0.95,aqua,True,False
COC(=O)NS(=O)(=O)c1ccc(N)cc1,-1.66158,0.95,aqua,True,False
COC(=O)c1cc(O)c(O)c(O)c1,-1.24,1.0,aqua,True,False
COC(=O)c1ccc(N)cc1,-1.59368,0.95,aqua,True,False
COC(=O)c1ccc(O)cc1,-1.79654,1.0,aqua,True,False
COC(=O)c1ccc(OC)cc1,-2.41105,0.95,aqua,True,False
COC(=O)c1ccccc1,-1.83643,1.0,aqua,True,False
COC(=O)c1ccccc1O,-2.34,0.45,aqua,True,False
COC(=O)c1ccccc1O,-1.313,0.5,aqua,True,False
COC(=O)c1cccnc1,-0.46,1.0,aqua,True,False
COC(C)(C)C,-0.239286,1.0,aqua,True,False
COC(C)(C)CCCC(C)CC=CC(C)=CC(=O)OC(C)C,-5.24571,1.0,aqua,True,False
COC(C)=O,0.499286,1.0,aqua,True,False
COC(C)C,-0.0584211,0.95,aqua,True,False
COC(N)=O,0.966842,0.95,aqua,True,False
COC=O,0.624286,1.0,aqua,True,False
COCCOc1c(OC)cc(Cc2cnc(N)nc2N)cc1OC,-2.10053,0.95,aqua,True,False
COCOC,0.489286,1.0,aqua,True,False
COP(=O)(OC)C(O)C(Cl)(Cl)Cl,-0.259643,1.0,aqua,True,False
COP(=S)(OC)Oc1cc(Cl)c(Br)cc1Cl,-6.08857,1.0,aqua,True,False
COP(=S)(OC)Oc1cc(Cl)c(Cl)cc1Cl,-5.64393,1.0,aqua,True,False
COP(=S)(OC)Oc1cc(Cl)c(I)cc1Cl,-6.61857,1.0,aqua,True,False
COc1c(O)c(Cl)c(Cl)c(Cl)c1Cl,-4.02,0.9,aqua,True,False
COc1c2occc2cc2ccc(=O)oc12,-3.66021,1.0,aqua,True,False
COc1cc(C(=O)O)ccc1O,-2.05,0.95,aqua,True,False
COc1ccc(C=O)cc1,-1.49429,1.0,aqua,True,False
COc1ccc(NC(C)=O)cc1,-1.3,0.45,aqua,True,False
COc1ccc(NS(=O)(=O)c2ccc(N)cc2)nn1,-3.28,0.95,aqua,True,False
COc1ccc(Oc2ccc(NC(=O)N(C)C)cc2)cc1,-4.15857,1.0,aqua,True,False
COc1ccc2ccc(=O)oc2c1CC=C(C)C,-4.31093,1.0,aqua,True,False
COc1ccccc1,-1.90964,1.0,aqua,True,False
COc1ccccc1O,-1.96,0.642857,aqua,True,False
COc1ccccc1O,-0.822,0.357143,aqua,True,False
CSc1ccccc1,-2.39,1.0,aqua,True,False
Cc1c2ccccc2c(C)c2ccccc12,-6.56857,1.0,aqua,True,False
Cc1c2ccccc2cc2ccccc12,-5.88179,1.0,aqua,True,False
Cc1c[nH]c(=O)[nH]c1=O,-1.51514,1.0,aqua,True,False
Cc1c[nH]c2ccccc12,-2.42036,1.0,aqua,True,False
Cc1cc(=O)[nH]c(=O)[nH]1,-1.26,0.45,aqua,True,False
Cc1cc(=O)[nH]c(=S)[nH]1,-2.433,0.9,aqua,True,False
Cc1cc(C)c(C)c(C)c1C,-3.99321,1.0,aqua,True,False
Cc1cc(C)c2ccccc2c1,-4.29036,1.0,aqua,True,False
Cc1cc(C)c2ccccc2n1,-1.94211,0.95,aqua,True,False
Cc1cc(C)cc(C)c1,-3.39893,1.0,aqua,True,False
Cc1cc(C)cc(O)c1,-1.39964,1.0,aqua,True,False
Cc1cc(N)nc(C)n1,-1.28211,0.95,aqua,True,False
Cc1cc(O)cc(C)c1Cl,-2.79842,0.95,aqua,True,False
Cc1cc(O)ccc1Cl,-1.57,0.45,aqua,True,False
Cc1ccc(Br)cc1,-3.19071,1.0,aqua,True,False
Cc1ccc(C)c(C)c1,-3.315,1.0,aqua,True,False
Cc1ccc(C)c(O)c1,-1.53895,0.95,aqua,True,False
Cc1ccc(C)cc1,-2.78643,1.0,aqua,True,False
Cc1ccc(CO)cc1,-1.2,0.95,aqua,True,False
Cc1ccc(Cl)cc1,-3.07893,1.0,aqua,True,False
Cc1ccc(N)cc1,-1.2125,1.0,aqua,True,False
Cc1ccc(O)cc1,-0.710357,1.0,aqua,True,False
Cc1ccc(O)cc1C,-1.4,1.0,aqua,True,False
Cc1ccc2cc(C)ccc2c1,-4.89107,1.0,aqua,True,False
Cc1ccc2cc3ccccc3cc2c1,-6.95857,1.0,aqua,True,False
Cc1ccc2ccccc2c1,-3.76714,1.0,aqua,True,False
Cc1cccc(Br)c1,-3.52158,0.95,aqua,True,False
Cc1cccc(C)c1O,-1.30179,1.0,aqua,True,False
Cc1cccc(N)c1,-0.851429,1.0,aqua,True,False
Cc1cccc(O)c1C,-1.42842,0.95,aqua,True,False
Cc1cccc2c(C)cccc12,-4.72611,1.0,aqua,True,False
Cc1cccc2ccccc12,-3.71464,1.0,aqua,True,False
Cc1cccc2sc3nncn3c12,-2.07107,1.0,aqua,True,False
Cc1ccccc1,-2.22179,1.0,aqua,True,False
Cc1ccccc1C,-2.79143,1.0,aqua,True,False
Cc1ccccc1Cl,-3.52,0.642857,aqua,True,False
Cc1ccccc1Cl,-2.53,0.357143,aqua,True,False
Cc1ccccc1N,-2.21,0.321429,aqua,True,False
Cc1ccccc1N,-0.828947,0.678571,aqua,True,False
Cc1ccccc1O,-0.620357,1.0,aqua,True,False
Cc1cccnc1C,0.381786,1.0,aqua,True,False
Cc1ccnc(C)c1,0.427857,1.0,aqua,True,False
Cc1cnc(NS(=O)(=O)c2ccc(N)cc2)nc1,-2.82,0.95,aqua,True,False
Cc1cncc(C)c1,0.38,0.9,aqua,True,False
Cc1noc(NS(=O)(=O)c2ccc(N)cc2)c1C,-2.91,0.45,aqua,True,False
Cc1occc1C(=O)Nc1ccccc1,-3.30143,1.0,aqua,True,False
ClC(Br)Br,-1.90679,1.0,aqua,True,False
ClC(Cl)(Cl)C(Cl)(Cl)Cl,-4.488,0.357143,aqua,True,False
ClC(Cl)(Cl)C(Cl)(Cl)Cl,-3.67,0.642857,aqua,True,False
ClC(Cl)(Cl)Cl,-2.30214,1.0,aqua,True,False
ClC(Cl)=C(Cl)C(Cl)=C(Cl)Cl,-4.91357,1.0,aqua,True,False
ClC(Cl)=C(Cl)Cl,-2.67536,1.0,aqua,True,False
ClC(Cl)=C(c1ccc(Cl)cc1)c1ccc(Cl)cc1,-6.9,1.0,aqua,True,False
ClC(Cl)=C(c1ccc(Cl)cc1)c1ccccc1Cl,-6.36,0.45,aqua,True,False
ClC(Cl)=CC(Cl)=C(Cl)Cl,-4.23,0.45,aqua,True,False
ClC(Cl)Br,-1.60893,1.0,aqua,True,False
ClC(Cl)C(Cl)(Cl)Cl,-2.60893,1.0,aqua,True,False
ClC(Cl)Cl,-1.1725,1.0,aqua,True,False
ClC1=C(Cl)C(Cl)(Cl)C(Cl)=C1Cl,-5.18053,0.95,aqua,True,False
ClC1C(Cl)C(Cl)C(Cl)C(Cl)C1Cl,-4.76893,1.0,aqua,True,False
ClC=C(Cl)Cl,-2.00179,1.0,aqua,True,False
ClC=CCl,-1.37474,0.95,aqua,True,False
ClCBr,-0.889643,1.0,aqua,True,False
ClCC(Br)CBr,-2.37684,0.95,aqua,True,False
ClCC(Cl)(Cl)Cl,-2.18,0.9,aqua,True,False
ClCC(Cl)CCl,-1.92,0.45,aqua,True,False
ClCC(Cl)Cl,-1.48,1.0,aqua,True,False
ClCCBr,-1.31929,1.0,aqua,True,False
ClCCCBr,-1.84842,0.95,aqua,True,False
ClCCCCl,-1.61786,1.0,aqua,True,False
ClCCCl,-1.06179,1.0,aqua,True,False
ClCCOCCCl,-1.01474,0.95,aqua,True,False
ClCCl,-0.696071,1.0,aqua,True,False
ClCc1ccccc1,-2.38714,1.0,aqua,True,False
Clc1c(Cl)c(Cl)c2nccnc2c1Cl,-5.42929,1.0,aqua,True,False
Clc1cc(Cl)c(Cl)c(Cl)c1,-4.62893,1.0,aqua,True,False
Clc1cc(Cl)c(Cl)c(Cl)c1Cl,-5.58893,1.0,aqua,True,False
Clc1cc(Cl)cc(Cl)c1,-4.48,1.0,aqua,True,False
Clc1ccc(Br)cc1,-3.63,1.0,aqua,True,False
Clc1ccc(Cl)c(Cl)c1,-3.5825,1.0,aqua,True,False
Clc1ccc(Cl)c(Cl)c1Cl,-4.56714,1.0,aqua,True,False
Clc1ccc2ccccc2c1,-4.14107,1.0,aqua,True,False
Clc1cccc(Cl)c1,-3.05071,1.0,aqua,True,False
Clc1cccc(Cl)c1Cl,-4.00107,1.0,aqua,True,False
Clc1cccc2ccccc12,-3.94464,1.0,aqua,True,False
Clc1ccccc1,-2.37071,1.0,aqua,True,False
Clc1ccccc1-c1ccccc1,-4.55857,1.0,aqua,True,False
Clc1ccccc1-c1ccccc1Cl,-5.2025,1.0,aqua,True,False
Clc1ccccc1Cl,-3.02286,1.0,aqua,True,False
Cn1ccccc1=O,0.961053,0.95,aqua,True,False
FC(F)(Cl)C(F)(Cl)Cl,-3.04071,1.0,aqua,True,False
FC(F)(Cl)C(F)(F)Cl,-2.9975,1.0,aqua,True,True
FC(F)(F)C(Cl)Br,-1.70786,1.0,aqua,True,True
Fc1ccccc1,-1.79821,1.0,aqua,True,False
Ic1ccccc1,-2.85321,1.0,aqua,True,False
N#Cc1ccccc1C#N,-2.38,0.9,aqua,True,False
NC(=O)CCl,-0.0189286,1.0,aqua,True,False
NC(=O)NC1NC(=O)NC1=O,-1.6,0.9,aqua,True,False
NC(=O)NCc1ccccc1,-0.948571,1.0,aqua,True,False
NC(=O)NO,1.11947,0.95,aqua,True,False
NC(=O)OCc1ccccc1,-0.35,0.45,aqua,True,False
NC(=O)c1ccccc1,-0.9575,1.0,aqua,True,False
NC(=O)c1ccccc1O,-1.80179,1.0,aqua,True,False
NC(=O)c1cccnc1,0.610714,1.0,aqua,True,False
NC(=O)c1cnccn1,-0.833322,1.0,aqua,True,False
NC(=S)Nc1ccccc1,-1.77714,1.0,aqua,True,False
NC(Cc1c[nH]c2ccccc12)C(=O)O,-1.20526,0.95,aqua,True,False
NC(Cc1ccc(O)cc1)C(=O)O,-2.57421,0.95,aqua,True,False
NC(N)=O,0.959286,1.0,aqua,True,False
NC(N)=S,0.3025,1.0,aqua,True,False
NCc1ccccc1,-1.53,0.45,aqua,True,False
NCc1ccccc1,0.97,0.5,aqua,True,False
NNC(=O)Nc1ccccc1,-2.33,0.45,aqua,True,False
NNC(=O)c1ccncc1,0.00932143,1.0,aqua,True,False
NNc1ccccc1,0.07,1.0,aqua,True,False
NS(=O)(=O)c1ccccc1,-1.56158,0.95,aqua,True,True
Nc1cc2c3ccccc3ccc2c2ccccc12,-6.19857,1.0,aqua,True,False
Nc1ccc(Cc2ccc(N)cc2)cc1,-2.29842,0.95,aqua,True,False
Nc1ccc(Cl)c(Cl)c1,-3.24316,0.95,aqua,True,False
Nc1ccc(N)cc1,-0.425263,0.95,aqua,True,False
Nc1ccc(O)cc1,-0.812143,1.0,aqua,True,False
Nc1cccc(Cl)c1,-1.37107,1.0,aqua,True,False
Nc1ccccc1,-0.411071,1.0,aqua,True,False
Nc1ccccc1N,-0.424211,0.95,aqua,True,False
Nc1ccccc1O,-0.726071,1.0,aqua,True,False
Nc1cnn(-c2ccccc2)c(=O)c1Cl,-2.82757,1.0,aqua,True,False
Nc1nccs1,-0.36,0.9,aqua,True,False
O=C(Cn1ccnc1[N+](=O)[O-])NCc1ccccc1,-2.81107,1.0,aqua,True,False
O=C(c1ccccc1)c1ccccc1,-3.12143,1.0,aqua,True,False
O=C1C=CC(=O)C=C1,-0.989474,0.95,aqua,True,False
O=C1CCC(=O)N1,0.298571,1.0,aqua,True,False
O=C1CCCCC1,-0.597857,1.0,aqua,True,False
O=C1CCCN1,1.07,1.0,aqua,True,False
O=C1CCCO1,1.06737,0.95,aqua,True,False
O=C1CNC(=O)N1,-0.400714,1.0,aqua,True,False
O=C1CSC(=S)N1,-1.77,0.9,aqua,True,False
O=C1NC(=O)C(=O)N1,-0.4,0.9,aqua,True,False
O=CNc1ccccc1,-0.678947,0.95,aqua,True,False
O=Cc1ccc(O)cc1,-0.965714,1.0,aqua,True,False
O=Cc1ccccc1,-1.19643,1.0,aqua,True,False
O=Cc1ccco1,-0.0985714,1.0,aqua,True,False
O=NN1CCCCC1,-0.172105,0.95,aqua,True,False
O=c1cc[nH]c(=O)[nH]1,-1.48721,1.0,aqua,True,False
O=c1cc[nH]c(=S)[nH]1,-2.26,0.45,aqua,True,False
O=c1ccc2ccccc2o1,-1.88789,0.95,aqua,True,False
OC(CCl)CCl,-0.112632,0.95,aqua,True,False
OC1C(O)C(O)C(O)C(O)C1O,0.189286,1.0,aqua,True,False
OC1C=CC2C1C1(Cl)C(Cl)=C(Cl)C2(Cl)C1(Cl)Cl,-5.46,0.9,aqua,True,False
OC1CCCCC1,-0.4175,1.0,aqua,True,False
OC1CCOC1,1.05,0.45,aqua,True,False
OC1COC(O)C(O)C1O,0.39,0.9,aqua,True,False
OCC(O)C(O)C(O)C(O)CO,0.06,0.225,aqua,True,False
OCC(O)C(O)C(O)C(O)CO,1.09,0.675,aqua,True,False
OCC(O)C(O)CO,0.699643,1.0,aqua,True,False
OCC(O)CO,1.09,1.0,aqua,True,False
OCC1OC(O)C(O)C(O)C1O,0.74,0.9,aqua,True,False
OCCCc1ccccc1,-1.38,0.95,aqua,True,False
OCCOc1ccccc1,-0.708214,1.0,aqua,True,False
OCCc1ccccc1,-0.740526,0.95,aqua,True,False
OCc1c(Cl)cccc1Cl,-2.10105,0.95,aqua,True,False
OCc1ccccc1,-0.411429,1.0,aqua,True,False
OCc1cccnc1,0.961053,0.95,aqua,True,False
ONc1ccccc1,-0.738421,0.95,aqua,True,False
Oc1c(Cl)c(Cl)c(Cl)c(Cl)c1Cl,-4.27964,1.0,aqua,True,False
Oc1c(Cl)cc(Cl)cc1Cl,-2.35857,1.0,aqua,True,False
Oc1cc(Cl)c(Cl)cc1Cl,-2.21214,1.0,aqua,True,False
Oc1ccc(Br)cc1,-1.09071,1.0,aqua,True,False
Oc1ccc(Cl)cc1,-0.710357,1.0,aqua,True,False
Oc1ccc(Cl)cc1Cc1cc(Cl)ccc1O,-3.95204,1.0,aqua,True,False
Oc1ccc(Cl)cc1Cl,-1.55321,1.0,aqua,True,False
Oc1ccc(O)cc1,-0.175,1.0,aqua,True,False
Oc1ccc2ccccc2c1,-2.28036,1.0,aqua,True,False
Oc1cccc(Cl)c1,-0.697857,1.0,aqua,True,False
Oc1cccc(O)c1,0.811429,1.0,aqua,True,False
Oc1cccc2c(O)cccc12,-2.95526,0.95,aqua,True,False
Oc1cccc2ccccc12,-2.22036,1.0,aqua,True,False
Oc1ccccc1,-0.02,1.0,aqua,True,False
Oc1ccccc1Cl,-1.05857,1.0,aqua,True,False
Oc1ccccc1O,0.620714,1.0,aqua,True,False
S=C1NCCN1,-0.708947,0.95,aqua,True,False
Sc1ccccc1,-2.12,1.0,aqua,True,False
c1cc2ccc3ccc4ccc5cccc6c(c1)c2c3c4c56,-9.02471,1.0,aqua,True,False
c1ccc2c(c1)cc1ccc3cccc4ccc2c1c34,-8.699,0.321429,aqua,True,False
c1ccc2c(c1)cc1ccc3cccc4ccc2c1c34,-8.19105,0.678571,aqua,True,False
c1ccc2ccccc2c1,-3.60571,1.0,aqua,True,False
c1ccc2nc3ccccc3cc2c1,-3.66964,1.0,aqua,True,False
c1ccccc1,-1.64,1.0,aqua,True,False
c1ccncc1,0.882143,1.0,aqua,True,False
c1ccoc1,-0.824643,1.0,aqua,True,False
c1ccsc1,-1.41,1.0,aqua,True,False
c1cnc2ncncc2n1,0.025,1.0,aqua,True,False
c1cncnc1,1.09857,1.0,aqua,True,False
C#CCN(Cc1ccc2[nH]c(N)nc(=O)c2c1)c1ccc(C(=O)N[C@@H](CCC(=O)O)C(=O)O)cc1,-3.83385,0.35,chembl,True,False
C1=CCOCc2cc(ccc2OCCN2CCCC2)Nc2nccc(n2)-c2cccc(c2)COC1,-3.49839,0.35,chembl,True,False
C1CCCCCCC1,-4.1593,1.0,chembl,True,False
C=CC(=O)N1CCC[C@@H](n2nc(-c3ccc(Oc4ccccc4)cc3)c3c(N)ncnc32)C1,-4.3774,0.35,chembl,True,False
C=CC(=O)Nc1cc(Nc2nccc(-c3cn(C)c4ccccc34)n2)c(OC)cc1N(C)CCN(C)C,-5.1549,0.116667,chembl,True,False
C=CC(=O)Nc1cc(Nc2nccc(-c3cn(C)c4ccccc34)n2)c(OC)cc1N(C)CCN(C)C,-3.6377,0.233333,chembl,True,False
C=CC(=O)Nc1cc2c(Nc3ccc(F)c(Cl)c3)ncnc2cc1OCCCN1CCOCC1,-6.09691,0.35,chembl,True,False
C=CC(=O)Nc1cccc(Nc2nc(Nc3ccc(N4CCN(C(C)=O)CC4)cc3OC)ncc2C(F)(F)F)c1,-5.0,0.35,chembl,True,True
C=CC(=O)c1ccc(CCCCCC)cc1,-4.4437,0.35,chembl,True,False
CC(=O)N(O)CCCCCNC(=O)CCC(=O)N(O)CCCCCNC(=O)CCC(=O)N(O)CCCCCN,-1.67,0.425,chembl,True,False
CC(=O)N(O)CCCCCNC(=O)CCC(=O)N(O)CCCCCNC(=O)CCC(=O)N(O)CCCCCN,-0.39794,0.35,chembl,True,False
CC(=O)NC[C@H]1CN(c2ccc(N3CCSCC3)c(F)c2)C(=O)O1,-3.24726,0.35,chembl,True,False
CC(=O)Nc1ccc(C(=O)Nc2ccccc2N)cc1,-3.41809,0.35,chembl,True,False
CC(=O)Nc1ccc(O)cc1,-2.71897,0.00536398,chembl,True,False
CC(=O)Nc1ccc(O)cc1,-1.02967,0.849808,chembl,True,False
CC(=O)Nc1ccc(O)cc1,0.168113,0.144828,chembl,True,False
CC(=O)Nc1ccc(OC(=O)c2ccccc2OC(C)=O)cc1,-4.19498,0.85,chembl,True,False
CC(=O)[C@H]1CC[C@H]2[C@@H]3CCC4=CC(=O)CC[C@]4(C)[C@H]3CC[C@]12C,-4.53244,0.705,chembl,True,False
CC(=O)[C@H]1CC[C@H]2[C@@H]3CCC4=CC(=O)CC[C@]4(C)[C@H]3CC[C@]12C,-3.79861,0.07,chembl,True,False
CC(=O)[C@H]1CC[C@H]2[C@@H]3CC[C@H]4C[C@H](O)CC[C@]4(C)[C@H]3CC[C@]12C,-5.48149,0.2625,chembl,True,False
CC(=O)[C@H]1CC[C@H]2[C@@H]3CC[C@H]4C[C@H](O)CC[C@]4(C)[C@H]3CC[C@]12C,-3.80414,0.0875,chembl,True,False
CC(=O)[C@H]1CC[C@H]2[C@@H]3CC[C@H]4C[C@](C)(O)CC[C@]4(C)[C@H]3CC[C@]12C,-6.1549,0.35,chembl,True,False
CC(C)(C)NC(=O)[C@@H]1C[C@@H]2CCCC[C@@H]2CN1C[C@@H](O)[C@H](Cc1ccccc1)NC(=O)[C@H](CC(N)=O)NC(=O)c1ccc2ccccc2n1,-4.69778,0.35,chembl,True,False
CC(C)(C)NC(=O)c1ccc(Oc2cc(F)c(CC(=O)O)cc2Cl)c(NS(=O)(=O)c2ccc(C3CC3)cc2Cl)c1,-3.07002,0.35,chembl,True,False
CC(C)(C)c1cc(NC(=O)NCc2ccccc2Sc2ccc3nnc(-c4ccccc4SCCO)n3c2)n(-c2ccc(O)c(Cl)c2)n1,-3.84528,0.35,chembl,True,False
CC(C)(N)Cc1ccccc1,-3.0,0.35,chembl,True,False
CC(C)=CCC/C(C)=C/CC/C(C)=C/CSc1ccccc1C(=O)O,-1.99225,0.35,chembl,True,False
CC(C)=CCOc1cc(NC(=S)c2ccoc2C)ccc1Cl,-7.04903,0.35,chembl,True,False
CC(C)CCn1c(=O)c(C2=Nc3ccc(NS(C)(=O)=O)cc3S(=O)(=O)N2)c(O)c2cccn21,-4.0,0.35,chembl,True,True
CC(C)C[C@H](O)[C@H](O)[C@@H](N)CC1CCCCC1,-1.61767,0.35,chembl,True,False
CC(C)N(C(=O)CN1C(=O)[C@H](NC(=O)Nc2cccc(C(=O)O)c2)C(=O)N(c2ccccc2)c2ccccc21)c1ccccc1,-3.3019,0.35,chembl,True,False
CC(C)NCC(O)COc1cccc2[nH]ccc12,-3.79296,0.35,chembl,True,False
CC(C)NCCCn1c(Sc2cc3c(cc2Br)OCO3)nc2c(N)ncnc21,-1.96883,0.35,chembl,True,False
CC(C)NCCCn1c(Sc2cc3c(cc2I)OCO3)nc2c(N)ncnc21,-2.01062,0.35,chembl,True,False
CC(C)NC[C@@H](C(=O)N1CCN(c2ncnc3c2[C@H](C)C[C@H]3O)CC1)c1ccc(Cl)cc1,-1.66087,0.35,chembl,True,False
CC(C)Nc1cc(-c2c[nH]c(C(=O)N[C@H](CO)c3cccc(Cl)c3)c2)c(Cl)cn1,-5.07058,0.35,chembl,True,False
CC(C)c1cc(C(=O)N2Cc3ccc(CN4CCN(C)CC4)cc3C2)c(O)cc1O,-4.03012,0.0583333,chembl,True,False
CC(C)c1cc(C(=O)N2Cc3ccc(CN4CCN(C)CC4)cc3C2)c(O)cc1O,-1.25558,0.291667,chembl,True,False
CC(C)c1ccc2oc3nc(N)c(C(=O)O)cc3c(=O)c2c1,-3.76523,0.35,chembl,True,False
CC(C)c1cccc(C(C)C)c1O,-3.0,0.35,chembl,True,False
CC(C)c1nnc2ccc(-c3ocnc3-c3ccc(F)cc3)cn12,-4.03703,0.35,chembl,True,False
CC1(C)CCC(CN2CCN(c3ccc(C(=O)NS(=O)(=O)c4ccc(NCC5CCOCC5)c([N+](=O)[O-])c4)c(Oc4cnc5[nH]ccc5c4)c3)CC2)=C(c2ccc(Cl)cc2)C1,-6.33669,0.233333,chembl,True,False
CC1(C)CCC(CN2CCN(c3ccc(C(=O)NS(=O)(=O)c4ccc(NCC5CCOCC5)c([N+](=O)[O-])c4)c(Oc4cnc5[nH]ccc5c4)c3)CC2)=C(c2ccc(Cl)cc2)C1,-4.89736,0.116667,chembl,True,False
CC1(C)CNc2cc(NC(=O)c3cccnc3NCc3ccncc3)ccc21,-4.34969,0.35,chembl,True,False
CC1(C)SCCN(S(=O)(=O)c2ccc(OCC#CCO)cc2)[C@H]1C(=O)NO,-4.04576,0.35,chembl,True,False
CC1(C)SCCN(S(=O)(=O)c2ccc(Oc3ccncc3)cc2)[C@H]1C(=O)NO,-4.15989,0.35,chembl,True,False
CC1(COc2ccc3c(c2)ncn3-c2ccc3cccc(N4CCC(N)CC4)c3n2)COC1,-5.29243,0.35,chembl,True,False
CC1=C(/C=C/C(C)=C/C=C/C(C)=C/C(=O)Nc2ccc(O)cc2)C(C)(C)CCC1,-4.0,0.35,chembl,True,False
CC1=CC(=O)C=C(C)C1=O,-1.43133,0.35,chembl,True,False
CC1=CC(=O)c2ccccc2C1=O,-4.21068,0.16092,chembl,True,False
CC1=CC(=O)c2ccccc2C1=O,-3.03055,0.839081,chembl,True,False
CC1=NS(=O)(=O)c2cc(Cl)ccc2N1,-3.363,0.35,chembl,True,False
CCC(=O)O[C@]1(C(=O)SCF)[C@H](C)C[C@H]2[C@@H]3C[C@H](F)C4=CC(=O)C=C[C@]4(C)[C@@]3(F)[C@@H](O)C[C@@]21C,-6.20096,0.35,chembl,True,False
CCC(C)C(CC)C(=O)NC(N)=O,-2.82295,0.35,chembl,True,False
CCC(CC)[C@@H](CO)NS(=O)(=O)c1ccc(Cl)s1,-6.92575,0.175,chembl,True,False
CCC(CC)[C@@H](CO)NS(=O)(=O)c1ccc(Cl)s1,-1.66788,0.175,chembl,True,False
CCCC(CCC)C(=O)O,-3.30103,0.135266,chembl,True,False
CCCC(CCC)C(=O)O,-1.8738,0.864734,chembl,True,False
CCCCCCCC,-5.21022,1.0,chembl,True,False
CCCCCCCC(=O)OC[C@@H](O)[C@@H](OC)[C@@H]1OC(C(=O)O)=C[C@H](NC(=N)N)[C@H]1NC(C)=O,-2.8962,0.35,chembl,True,False
CCCCCCCCCCNC(=O)NC1CCCCC1,-2.80752,0.35,chembl,True,False
CCCCCCCCSCC(=O)C(F)(F)F,-3.69897,0.35,chembl,True,True
CCCCNC(=O)NS(=O)(=O)c1ccc(C)cc1,-3.40606,1.0,chembl,True,False
CCCCOc1nc(NCCN2CCOCC2)c2ncn(Cc3c(F)cccc3F)c2n1,-3.85167,0.35,chembl,True,False
CCCC[C@@H](C=O)NC(=O)[C@H](CC(C)C)NC(=O)[C@H](CC(C)C)NC(C)=O,-2.85001,0.35,chembl,True,False
CCCC[C@]1(CC)CS(=O)(=O)c2cc(CNC(CC(=O)O)CC(=O)O)c(OC)cc2[C@@H](c2ccccc2)N1,-4.89264,0.233333,chembl,True,False
CCCC[C@]1(CC)CS(=O)(=O)c2cc(CNC(CC(=O)O)CC(=O)O)c(OC)cc2[C@@H](c2ccccc2)N1,-3.43671,0.116667,chembl,True,False
CCCCn1c(Cc2cc(OC)c(OC)c(OC)c2)nc2c(N)ncnc21,-4.07007,0.35,chembl,True,False
CCCCn1ccc(N2CCC(c3ccccc3)CC2)c(Cl)c1=O,-6.09691,0.13125,chembl,True,False
CCCCn1ccc(N2CCC(c3ccccc3)CC2)c(Cl)c1=O,-5.53768,0.0875,chembl,True,False
CCCCn1ccc(N2CCC(c3ccccc3)CC2)c(Cl)c1=O,-4.93562,0.0875,chembl,True,False
CCCCn1ccc(N2CCC(c3ccccc3)CC2)c(Cl)c1=O,-2.19525,0.04375,chembl,True,False
CCCNC(=O)NS(=O)(=O)c1ccc(Cl)cc1,-3.07443,1.0,chembl,True,False
CCCNC(=O)c1nnc2c(-c3c(F)cccc3OC)cccc2c1N,-5.11919,0.35,chembl,True,False
CCCNC(=O)c1nnc2c(-c3cc(OC)ccc3OC)cccc2c1N,-5.40894,0.35,chembl,True,False
CCCSc1ccc2nc(NC(=O)OC)[nH]c2c1,-5.67956,0.159091,chembl,True,False
CCCSc1ccc2nc(NC(=O)OC)[nH]c2c1,-5.13837,0.127273,chembl,True,False
CCCSc1ccc2nc(NC(=O)OC)[nH]c2c1,-4.0,0.0636364,chembl,True,False
CCC[C@@H]1O[C@@H]2C[C@H]3[C@@H]4CCC5=CC(=O)C=C[C@]5(C)[C@H]4[C@@H](O)C[C@]3(C)[C@]2(C(=O)CO)O1,-4.70997,0.35,chembl,True,False
CCCc1ccc2ccccc2n1,-0.233613,0.35,chembl,True,False
CCCn1c(=O)c2[nH]c(C3CCCC3)nc2n(CCC)c1=O,-4.73678,0.35,chembl,True,False
CCN(C(=O)Cc1ccc(S(C)(=O)=O)cc1)C1CCN(CC[C@H](c2ccc(S(C)(=O)=O)cc2)c2cc(F)cc(F)c2)CC1,-3.7939,0.35,chembl,True,False
CCN(CC)C(=S)SSC(=S)N(CC)CC,-4.86,0.839081,chembl,True,False
CCN(CC)C(=S)SSC(=S)N(CC)CC,-4.0,0.16092,chembl,True,False
CCN(CC)CCCC(C)Nc1c2ccc(Cl)cc2nc2ccc(OC)cc12,-3.39794,0.35,chembl,True,False
CCN(CC)CCCC(C)Nc1ccnc2cc(Cl)ccc12,-4.52288,0.0875,chembl,True,False
CCN(CC)CCCC(C)Nc1ccnc2cc(Cl)ccc12,-3.50499,0.2625,chembl,True,False
CCN(CC)CCN(Cc1ccc(-c2ccc(C(F)(F)F)cc2)cc1)C(=O)Cn1c(SCc2ccc(F)cc2)nc(=O)c2c1CCC2,-5.09691,0.35,chembl,True,True
CCN(CCCOc1ccc2c(Nc3cc(CC(=O)Nc4cccc(F)c4)[nH]n3)ncnc2c1)CCOP(=O)(O)O,-1.3711,0.35,chembl,True,False
CCN(c1cc(-c2ccc(CN3CCOCC3)cc2)cc(C(=O)NCc2c(C)cc(C)[nH]c2=O)c1C)C1CCOCC1,-4.55284,0.35,chembl,True,False
CCN1C(=O)C(C)(C)c2cc3[nH]c4c(c3cc21)CCCc1c(C)n[nH]c1-4,-6.1549,0.35,chembl,True,False
CCN1CCC[C@H]1CNC(=O)c1c(OC)ccc(Br)c1OC,-3.30103,0.35,chembl,True,False
CCN1CCN(Cc2ccc(-c3cc4c(N[C@H](C)c5ccccc5)ncnc4[nH]3)cc2)CC1,-4.22988,0.35,chembl,True,False
CCN1CCN(c2ccc(Nc3cc(N(C)C(=O)Nc4c(Cl)c(OC)cc(OC)c4Cl)ncn3)cc2)CC1,-6.30103,0.35,chembl,True,False
CCOC(=O)N1CCN(C(=O)[C@H](Cc2cccc(C(=N)N)c2)NS(=O)(=O)c2c(C(C)C)cc(C(C)C)cc2C(C)C)CC1,-3.16002,0.35,chembl,True,False
CCOC(=O)N[C@@H]1CC[C@@H]2[C@@H](C1)C[C@H]1C(=O)O[C@H](C)[C@H]1[C@H]2/C=C/c1ccc(-c2cccc(F)c2)cn1,-5.42694,0.35,chembl,True,False
CCOC(=O)Nc1ccc(NCc2ccc(F)cc2)nc1N,-3.30103,0.35,chembl,True,False
CCOC(=O)c1ccc(N)cc1,-2.33966,1.0,chembl,True,False
CCOC(=O)c1ccc(OCCC2CCN(c3ccc(C)nn3)CC2)cc1,-5.85387,0.35,chembl,True,False
CCOCc1nc2c(N)nc3ccccc3c2n1CC(C)(C)O,-3.37997,0.35,chembl,True,False
CCOP(=O)(OCC)C(=Cc1cc(C(C)(C)C)c(O)c(C(C)(C)C)c1)P(=O)(OCC)OCC,-3.40187,0.35,chembl,True,False
CCOP(=S)(OCC)SCSCC,-3.91825,1.0,chembl,True,False
CCOc1cc2ncc(C#N)c(Nc3ccc(F)c(Cl)c3)c2cc1NC(=O)/C=C/CN(C)C,-5.82391,0.35,chembl,True,False
CCOc1cc2ncc(C#N)c(Nc3ccc(OCc4ccccn4)c(Cl)c3)c2cc1NC(=O)/C=C/CN(C)C,-6.52288,0.35,chembl,True,False
CCOc1ccc(-c2nc(-c3cccc(C(=O)O)n3)cs2)cc1OCC,-1.24649,0.35,chembl,True,False
CCOc1ccc(N)cc1,1.73834,0.35,chembl,True,False
CCOc1ccc2ccc(=O)oc2c1,-3.0,0.35,chembl,True,False
CCOc1ccn(-c2ccc(F)cc2)c(=O)c1C(=O)Nc1ccc(Oc2ccnc(N)c2Cl)c(F)c1,-3.10797,0.35,chembl,True,False
CCS(=O)(=O)c1ccc2oc(-c3ccc4ccccc4c3)nc2c1,-5.52288,0.35,chembl,True,False
CC[C@@H](C)Nc1nc(C)nc2c(-c3ccc(OC)nc3C)c(C)nn12,-4.32522,0.21,chembl,True,False
CC[C@@H](C)Nc1nc(C)nc2c(-c3ccc(OC)nc3C)c(C)nn12,-2.96209,0.14,chembl,True,False
CC[C@@H](C)Nc1ncc(C(=O)Nc2cc(C(=O)NC)ccc2C)s1,-4.19723,0.35,chembl,True,False
CC[C@@H]1C[C@]1(NC(=O)[C@@H]1C[C@@H](Oc2cc(-c3csc(NC(C)C)n3)nc3c(Cl)c(OCCN4CCOCC4)ccc23)CN1C(=O)[C@@H](NC(=O)O[C@@H]1C[C@@H]2C[C@@H]2C1)C(C)(C)C)C(=O)O,-4.42022,0.233333,chembl,True,False
CC[C@@H]1C[C@]1(NC(=O)[C@@H]1C[C@@H](Oc2cc(-c3csc(NC(C)C)n3)nc3c(Cl)c(OCCN4CCOCC4)ccc23)CN1C(=O)[C@@H](NC(=O)O[C@@H]1C[C@@H]2C[C@@H]2C1)C(C)(C)C)C(=O)O,-3.10237,0.116667,chembl,True,False
CC[C@@]1(O)C(=O)OCc2c1cc1n(c2=O)Cc2cc3c(N)cccc3nc2-1,-6.7822,0.233333,chembl,True,False
CC[C@@]1(O)C(=O)OCc2c1cc1n(c2=O)Cc2cc3c(N)cccc3nc2-1,-4.7822,0.116667,chembl,True,False
CC[C@H](C)[C@@H]1C(=O)N[C@H](C2Cc3ccccc3C2)C(=O)N1[C@@H](C(=O)N1CCOCC1)c1ccc(C)nc1C,-3.34939,0.175,chembl,True,False
CC[C@H](C)[C@@H]1C(=O)N[C@H](C2Cc3ccccc3C2)C(=O)N1[C@@H](C(=O)N1CCOCC1)c1ccc(C)nc1C,-1.19637,0.175,chembl,True,False
CC[C@H](C)[C@@H]1C(=O)N[C@H](C2Cc3ccccc3C2)C(=O)N1[C@@H](C(=O)N1CCOCC1)c1coc(C)n1,-3.35182,0.35,chembl,True,False
CC[C@H](CO)Nc1nc(NCc2ccccc2)c2ncn(C(C)C)c2n1,-4.13018,0.35,chembl,True,False
CCc1cc(C)cc(CC)c1C1C(=O)N2CCOCCN2C1=O,-1.78423,0.175,chembl,True,False
CCc1cc(C)cc(CC)c1C1C(=O)N2CCOCCN2C1=O,-0.0231166,0.175,chembl,True,False
CCc1cc(CC[C@]2(C3CCCC3)CC(O)=C(Cc3nc4nc(C)cc(C)n4n3)C(=O)O2)cc(CC)n1,-2.29559,0.35,chembl,True,False
CCc1nc(N)nc(N)c1-c1ccc(Cl)cc1,-6.82391,0.1,chembl,True,False
CCc1nc(N)nc(N)c1-c1ccc(Cl)cc1,-5.93554,0.05,chembl,True,False
CCc1nc(N)nc(N)c1-c1ccc(Cl)cc1,-4.98647,0.15,chembl,True,False
CCc1nc(N)nc(N)c1-c1ccc(Cl)cc1,-4.1079,0.05,chembl,True,False
CCc1nc(N)nc(N)c1-c1ccc2c(c1)N(CCCOC)C(=O)C(C)(C)O2,-4.05451,0.35,chembl,True,False
CCc1nc2c(N)nc3ccccc3c2n1CCCCNS(C)(=O)=O,-3.27003,0.35,chembl,True,False
CCc1nn(C2CCCC2)c2c1CCn1c(-c3cccs3)nnc1-2,-4.64975,0.35,chembl,True,False
CCn1c(-c2nonc2N)nc2c(C#CC(C)(C)O)ncc(OC[C@H]3CCCNC3)c21,-1.92992,0.35,chembl,True,False
CN(C(=O)N1CC(c2cc(F)ccc2F)=C[C@H]1c1ccccc1)C1CCNCC1,-1.5993,0.35,chembl,True,False
CN(C)C1CCN(C(=O)c2ccc(NC(=O)Nc3ccc(-c4nc(N5CCOCC5)nc(N5CCOCC5)n4)cc3)cc2)CC1,-4.62829,0.35,chembl,True,False
CN(C)CCC(c1ccc(Cl)cc1)c1ccccn1,-2.66816,0.35,chembl,True,False
CN(C)CCc1c[nH]c2ccc(Cn3cncn3)cc12,-3.30103,0.35,chembl,True,False
CN(C)CCn1cc(C(=O)N2CCC3(CC2)OCc2ccccc23)c2ccc(Cl)cc21,-3.32969,0.35,chembl,True,False
CN(C)[C@H]1C[C@@H](C(C)(C)CO)Nc2ccc([N+](=O)[O-])cc21,-3.97971,0.35,chembl,True,False
CN(C)c1nc(Cc2ccc(NC(=O)c3ccc(C(F)(F)F)cc3)cc2)nc(N(C)C)c1CC(=O)O,-4.54061,0.35,chembl,True,True
CN(CCOc1ccc(CC2SC(=O)NC2=O)cc1)c1ccccn1,-4.45463,0.2625,chembl,True,False
CN(CCOc1ccc(CC2SC(=O)NC2=O)cc1)c1ccccn1,-3.58941,0.0875,chembl,True,False
CN(CCOc1ccc(NS(C)(=O)=O)cc1)CCc1ccc(NS(C)(=O)=O)cc1,-3.36998,0.35,chembl,True,False
CN1CCC[C@@H]1Cc1c[nH]c2ccc(CCS(=O)(=O)c3ccccc3)cc12,-3.30103,0.35,chembl,True,False
CN1CCN(CCOc2cc(OC3CCOCC3)c3c(Nc4c(Cl)ccc5c4OCO5)ncnc3c2)CC1,-3.61979,0.35,chembl,True,False
CN1CCN(c2ccc(C(=O)Nc3n[nH]c4ccc(Cc5cc(F)cc(F)c5)cc34)c(NC3CCOCC3)c2)CC1,-4.69897,0.35,chembl,True,False
CN1CCN(c2ccc3nc(-c4c(N)c5c(F)cccc5[nH]c4=O)[nH]c3c2)CC1,-5.08092,0.35,chembl,True,False
CN1CCN(c2nc(C3=C(c4c[nH]c5ccccc45)C(=O)NC3=O)c3ccccc3n2)CC1,-4.36321,0.116667,chembl,True,False
CN1CCN(c2nc(C3=C(c4c[nH]c5ccccc45)C(=O)NC3=O)c3ccccc3n2)CC1,-2.93148,0.233333,chembl,True,False
CN1CC[C@H](N(C)C(=O)N2CC(c3cc(F)ccc3F)=C[C@@]2(CO)c2ccccc2)[C@H](F)C1,-0.963327,0.35,chembl,True,False
CN1CC[C@H](c2c(O)cc(O)c3c(=O)cc(-c4ccccc4Cl)oc23)[C@H](O)C1,-2.48993,0.35,chembl,True,False
CN1CCc2nc(C(=O)N[C@@H]3CCCC[C@@H]3NC(=O)c3cc4cc(Cl)ccc4[nH]3)sc2C1,-4.46983,0.35,chembl,True,False
CNC(=O)CN1CCC(Oc2cc3c(Nc4cccc(Cl)c4F)ncnc3cc2OC)CC1,-4.76955,0.35,chembl,True,False
CNC(=O)c1c(-c2ccc(F)cc2)oc2cc(N(CCO)S(C)(=O)=O)c(C3CC3)cc12,-4.21968,0.35,chembl,True,False
CNC(=O)c1cc(Cl)cc(C)c1NC(=O)c1cc(Br)nn1-c1ncccc1Cl,-5.68408,0.35,chembl,True,False
CNC(=O)c1ccc(C)c(-n2c(C)cc(OCc3ccc(F)cc3F)c(Br)c2=O)c1,-4.79737,0.35,chembl,True,False
CNC(=O)c1cccc(-c2ccc3c(N4CCOC[C@@H]4C)nc(N4CCOC[C@@H]4C)nc3n2)c1,-3.22185,0.35,chembl,True,False
CNC(=O)c1ccccc1Nc1nc(Nc2ccc(N3CCOCC3)cc2OC)ncc1Cl,-6.39794,0.35,chembl,True,False
CNCC[C@H](Oc1cccc2ccccc12)c1cccs1,-3.30103,0.35,chembl,True,False
CNCc1ccc(-c2[nH]c3cc(F)cc4c3c2CCNC4=O)cc1,-3.07002,0.35,chembl,True,False
CNS(=O)(=O)CCc1ccc2[nH]cc(C3CCN(C)CC3)c2c1,-3.30103,0.35,chembl,True,False
CNS(=O)(=O)Cc1ccc2[nH]cc(CCN(C)C)c2c1,-3.30103,0.35,chembl,True,False
CN[C@@H](C)C(=O)N[C@H](C(=O)N1CCC[C@H]1C(=O)Nc1snnc1-c1ccccc1)C1CCCCC1,-3.03504,0.14,chembl,True,False
CN[C@@H](C)C(=O)N[C@H](C(=O)N1CCC[C@H]1C(=O)Nc1snnc1-c1ccccc1)C1CCCCC1,-2.39677,0.14,chembl,True,False
CN[C@@H](C)C(=O)N[C@H](C(=O)N1CCC[C@H]1C(=O)Nc1snnc1-c1ccccc1)C1CCCCC1,-1.09574,0.07,chembl,True,False
COC(=O)N1CCN(Cc2cccc(NC(=O)Nc3ccc(C)nc3)c2F)CC1,-2.2612,0.35,chembl,True,False
COC(=O)N1CC[C@@H]2[C@H]1CCC[C@@]2(O)C#Cc1cccc(C)c1,-4.58503,0.175,chembl,True,False
COC(=O)N1CC[C@@H]2[C@H]1CCC[C@@]2(O)C#Cc1cccc(C)c1,-3.72125,0.175,chembl,True,False
COC(=O)N[C@H](C(=O)N1CCC[C@H]1c1ncc(-c2ccc(-c3ccc(-c4cnc([C@@H]5CCCN5C(=O)[C@@H](NC(=O)OC)C(C)C)[nH]4)cc3)cc2)[nH]1)C(C)C,-4.85048,0.35,chembl,True,False
COCC(=O)NC/C=C/c1ccc2ncnc(Nc3ccc(Oc4ccc(C)nc4)c(C)c3)c2c1,-5.95861,0.35,chembl,True,False
COCC1CN=C(c2ccccc2Cl)c2cc(Br)ccc2N1C,-5.45346,0.35,chembl,True,False
COCCN1CCC(N(Cc2ccc(-c3ccc(C(F)(F)F)cc3)cc2)C(=O)Cn2c(SCc3cccc(F)c3F)cc(=O)c3ccccc32)CC1,-6.0,0.35,chembl,True,True
COCCNS(=O)(=O)c1ccc(Nc2nccc(-c3cnc(C)n3C(C)C)n2)cc1,-3.43997,0.35,chembl,True,False
COCCOc1ccc(N2CCN(CCn3ncc4c3nc(N)n3nc(-c5ccco5)nc43)CC2)cc1,-7.70206,0.2,chembl,True,False
COCCOc1ccc(N2CCN(CCn3ncc4c3nc(N)n3nc(-c5ccco5)nc43)CC2)cc1,-6.69897,0.1,chembl,True,False
COCCOc1ccc(N2CCN(CCn3ncc4c3nc(N)n3nc(-c5ccco5)nc43)CC2)cc1,-2.69897,0.05,chembl,True,False
COc1c(C)cnc(Cn2cnc3c(Cl)nc(N)nc32)c1C,-3.99012,0.35,chembl,True,False
COc1c(Nc2ccc(S(C)(=O)=O)nc2C)ncnc1OC1CCN(C(=O)OC(C)C)CC1,-4.82974,0.07,chembl,True,False
COc1c(Nc2ccc(S(C)(=O)=O)nc2C)ncnc1OC1CCN(C(=O)OC(C)C)CC1,-3.48946,0.21,chembl,True,False
COc1c(Nc2ccc(S(C)(=O)=O)nc2C)ncnc1OC1CCN(C(=O)OC(C)C)CC1,-1.16233,0.07,chembl,True,False
COc1c(O)cc2oc(-c3ccc(O)cc3)cc(=O)c2c1O,-4.84708,0.35,chembl,True,False
COc1c2occc2cc2ccc(=O)oc12,-3.69573,0.94636,chembl,True,False
COc1c2occc2cc2ccc(=O)oc12,-0.973112,0.0536398,chembl,True,False
COc1cc(N2CCC(N3CCN(C)CC3)CC2)ccc1Nc1ncc(Cl)c(Nc2ccccc2P(C)(C)=O)n1,-3.23886,0.35,chembl,True,False
COc1cc(NC(=O)Nc2cccc(CNC(=O)O[C@H]3CCOC3)c2)ccc1-c1cnco1,-5.88606,0.35,chembl,True,False
COc1cc(Nc2ncc(F)c(Nc3ccc4c(n3)N(COP(=O)(O)O)C(=O)C(C)(C)O4)n2)cc(OC)c1OC,-5.76378,0.35,chembl,True,False
COc1cc(Nc2nccc(Nc3c(Cl)ccc4c3OCO4)n2)cc(OC)c1OC,-5.26761,0.35,chembl,True,False
COc1cc2c(Oc3ccc(NC(=O)C4(C(=O)Nc5ccc(F)cc5)CC4)cc3F)ccnc2cc1OCCCN1CCOCC1,-6.0,0.35,chembl,True,False
COc1cc2nccc(Oc3ccc(NC(=O)Nc4cc(C)on4)c(Cl)c3)c2cc1OC,-5.03152,0.35,chembl,True,False
COc1cc2nccc(Oc3ccc4c(C(=O)NC5CC5)cccc4c3)c2cc1OC,-3.31645,0.35,chembl,True,False
COc1cc2ncn(-c3cc(O[C@H](C)c4ccccc4Cl)c(C(N)=O)s3)c2cc1OC,-5.69897,0.35,chembl,True,False
COc1cc2ncnc(Nc3ccc(F)c(Cl)c3)c2cc1NC(=O)/C=C/CN1CCCCC1,-5.16749,0.35,chembl,True,False
COc1cc2ncnc(Nc3ccc(F)c(Cl)c3)c2cc1OCCCN1CCOCC1,-5.37463,0.35,chembl,True,False
COc1ccc(-c2c(-c3ccc(O)cc3O)n[nH]c2C)cc1,-3.68006,0.35,chembl,True,False
COc1ccc(-c2ccc3c(N4CCOC[C@@H]4C)nc(N4CCOC[C@@H]4C)nc3n2)cc1CO,-4.52288,0.35,chembl,True,False
COc1ccc(C(=O)Nc2c(Cl)cncc2Cl)cc1OC1CCCC1,-5.58122,0.14,chembl,True,False
COc1ccc(C(=O)Nc2c(Cl)cncc2Cl)cc1OC1CCCC1,-3.30247,0.07,chembl,True,False
COc1ccc(C(=O)Nc2c(Cl)cncc2Cl)cc1OC1CCCC1,-2.17145,0.14,chembl,True,False
COc1ccc(C)cc1N,1.31141,0.35,chembl,True,False
COc1ccc(Cc2nccc3cc(OC)c(OC)cc23)cc1OC,-4.42022,0.175,chembl,True,False
COc1ccc(Cc2nccc3cc(OC)c(OC)cc23)cc1OC,-3.86794,0.175,chembl,True,False
COc1ccc(F)c(F)c1C(=O)c1cnc(NC2CCN(S(C)(=O)=O)CC2)nc1N,-5.52288,0.35,chembl,True,False
COc1ccc(NCCNC(=O)[C@H](CC2CCCCC2)Nc2nc3ccccc3o2)cc1,-4.64004,0.35,chembl,True,False
COc1ccc(OC(=O)N(CC(=O)O)Cc2ccc(OCCc3nc(-c4ccccc4)oc3C)cc2)cc1,-4.10033,0.35,chembl,True,False
COc1ccc(S(=O)(=O)N(CC(=O)NO)CC(C)C)cc1,-1.19918,0.35,chembl,True,False
COc1ccc2[nH]cc(CCNC(C)=O)c2c1,-3.39794,0.116667,chembl,True,False
COc1ccc2[nH]cc(CCNC(C)=O)c2c1,-2.17783,0.233333,chembl,True,False
COc1ccc2cc(CCC(C)=O)ccc2c1,-4.66745,0.35,chembl,True,False
COc1ccc2cccc(CCNC(C)=O)c2c1,-3.09474,0.35,chembl,True,False
COc1cccc(Nc2c(C(N)=O)cnc3c(C)cc(S(=O)(=O)c4cccc(C(=O)N(C)C)c4)cc23)c1,-5.93341,0.175,chembl,True,False
COc1cccc(Nc2c(C(N)=O)cnc3c(C)cc(S(=O)(=O)c4cccc(C(=O)N(C)C)c4)cc23)c1,-5.01586,0.116667,chembl,True,False
COc1cccc(Nc2c(C(N)=O)cnc3c(C)cc(S(=O)(=O)c4cccc(C(=O)N(C)C)c4)cc23)c1,-4.43607,0.0583333,chembl,True,False
COc1cccc([C@@H](Oc2ccc3c(cnn3-c3ccc(F)cc3)c2)[C@H](C)NC(=O)C(F)(F)F)c1,-4.92082,0.35,chembl,True,True
COc1ccccc1-c1cc2c(c3c1C(=O)NC3=O)c1cc(O)ccc1n2CCCO,-5.14242,0.35,chembl,True,False
COc1ccccc1OCCNCC(O)COc1cccc2[nH]c3ccccc3c12,-6.14691,0.175,chembl,True,False
COc1ccccc1OCCNCC(O)COc1cccc2[nH]c3ccccc3c12,-4.25493,0.175,chembl,True,False
COc1nc2ccc(Br)cc2cc1[C@@H](c1ccccc1)[C@@](O)(CCN(C)C)c1cccc2ccccc12,-7.22185,0.35,chembl,True,False
COc1ncc(OC)c2c(C(=O)C(=O)N3CCN(C(=O)c4ccccc4)CC3)c[nH]c12,-4.02371,0.204167,chembl,True,False
COc1ncc(OC)c2c(C(=O)C(=O)N3CCN(C(=O)c4ccccc4)CC3)c[nH]c12,-3.22783,0.0583333,chembl,True,False
COc1ncc(OC)c2c(C(=O)C(=O)N3CCN(C(=O)c4ccccc4)CC3)c[nH]c12,-2.67152,0.0875,chembl,True,False
CS(=O)(=O)N1CCN(Cc2cc3nc(-c4cccc5[nH]ncc45)nc(N4CCOCC4)c3s2)CC1,-4.46917,0.35,chembl,True,False
CS(=O)(=O)N1CCc2c(-c3cnc(N)nc3)nc(N3CCOCC3)nc21,-5.76955,0.35,chembl,True,False
CS(=O)(=O)Nc1ccc2c(c1)S(=O)(=O)N=C(C1=C(O)[C@@H]3[C@H]4CC[C@H](C4)[C@@H]3N(Cc3ccc(F)cc3)C1=O)N2,-4.0,0.35,chembl,True,False
CS(=O)(=O)Nc1cccc(Nc2nccc(Nc3c(Cl)ccc4c3OCO4)n2)c1,-5.14267,0.35,chembl,True,True
CS(=O)(=O)c1ccc(-n2cc(Cl)c(OC3CCN(c4ncc(Cl)cn4)CC3)cc2=O)c(F)c1,-5.71044,0.233333,chembl,True,False
CS(=O)(=O)c1ccc(-n2cc(Cl)c(OC3CCN(c4ncc(Cl)cn4)CC3)cc2=O)c(F)c1,-4.09765,0.116667,chembl,True,False
CS(=O)(=O)c1ccc(C(=O)Nc2ccc(Cl)c(-c3ccccn3)c2)c(Cl)c1,-4.63796,0.25,chembl,True,False
CS(=O)(=O)c1ccc(C(=O)Nc2ccc(Cl)c(-c3ccccn3)c2)c(Cl)c1,-2.114,0.1,chembl,True,False
CS(=O)(=O)c1cccc(Nc2nccc(Nc3c(Cl)ccc4c3OCO4)n2)c1,-4.52192,0.35,chembl,True,False
CSc1ccc(OCc2ncc([N+](=O)[O-])n2C)cc1,-5.48792,0.35,chembl,True,False
C[C@@H](C(=O)O)c1cccc(C(=O)c2ccccc2)c1,-3.51004,0.35,chembl,True,False
C[C@@H](Oc1cc(-c2cnn(C3CCNCC3)c2)cnc1N)c1c(Cl)ccc(F)c1Cl,-3.59007,0.35,chembl,True,False
C[C@@H](c1ccc2nccn2c1)n1nnc2ncc(-c3cnn(C)c3)nc21,-4.23725,0.233333,chembl,True,False
C[C@@H](c1ccc2nccn2c1)n1nnc2ncc(-c3cnn(C)c3)nc21,-1.03586,0.116667,chembl,True,False
C[C@@H](c1ncncc1F)[C@](O)(Cn1cncn1)c1ccc(F)cc1F,-2.62023,0.35,chembl,True,False
C[C@@H](n1cnc2cc(Cl)ccc2c1=O)[C@](O)(Cn1cncn1)c1ccc(F)cc1F,-5.63531,0.35,chembl,True,False
C[C@@H]1CCCN1CCCOc1ccc(-c2ccc(=O)[nH]n2)cc1,-2.19507,0.35,chembl,True,False
C[C@@H]1CCN(C(=O)CC#N)C[C@@H]1N(C)c1ncnc2[nH]ccc12,-2.83098,0.175,chembl,True,False
C[C@@H]1CCN(C(=O)CC#N)C[C@@H]1N(C)c1ncnc2[nH]ccc12,-1.89262,0.175,chembl,True,False
C[C@@H]1CN(CC2(C(N)=O)CC2)CCN1S(=O)(=O)c1ccc([C@](C)(O)C(F)(F)F)cc1,-3.97058,0.35,chembl,True,True
C[C@@H]1CN(c2ccc([N+](=O)[O-])cc2)CCN1S(=O)(=O)c1ccc(C(C)(C)C)cc1,-5.36542,0.35,chembl,True,False
C[C@@]1(O)[C@H](O)[C@@H](CO)O[C@H]1n1ccc(N)nc1=O,-0.905199,0.35,chembl,True,False
C[C@H](CCC(=O)O)[C@H]1CC[C@H]2[C@H]3[C@H](CC[C@@]21C)[C@@]1(C)CC[C@@H](O)C[C@H]1C[C@H]3O,-4.49974,0.21,chembl,True,False
C[C@H](CCC(=O)O)[C@H]1CC[C@H]2[C@H]3[C@H](CC[C@@]21C)[C@@]1(C)CC[C@@H](O)C[C@H]1C[C@H]3O,-3.54975,0.14,chembl,True,False
C[C@H](NC1=NC(=O)[C@@](C)(C(F)(F)F)S1)c1ccccc1F,-3.65995,0.35,chembl,True,True
C[C@H]1CN(C(=O)c2cc3c(C(=O)C(=O)N(C)C)cn(C)c3cc2Cl)[C@H](C)CN1Cc1ccc(F)cc1,-4.27984,0.35,chembl,True,False
C[C@H]1CO[C@@H]2Cn3cc(C(=O)NCc4ccc(F)cc4F)c(=O)c(O)c3C(=O)N12,-3.98459,0.35,chembl,True,False
C[C@H]1Cc2c([nH]c3cc(Cl)c(F)cc23)[C@@]2(N1)C(=O)Nc1ccc(Cl)cc12,-4.00027,0.35,chembl,True,False
C[C@]1(COc2ccc(N3CCC(Oc4ccc(OC(F)(F)F)cc4)CC3)cc2)Cn2cc([N+](=O)[O-])nc2O1,-6.23658,0.233333,chembl,True,True
C[C@]1(COc2ccc(N3CCC(Oc4ccc(OC(F)(F)F)cc4)CC3)cc2)Cn2cc([N+](=O)[O-])nc2O1,-3.66348,0.116667,chembl,True,True
C[C@]1(c2nc3cccc(C(N)=O)c3[nH]2)CCCN1,-1.68895,0.35,chembl,True,False
Cc1[nH]c2ccccc2c1CCNCc1ccc(/C=C/C(=O)NO)cc1,-2.86999,0.0875,chembl,True,False
Cc1[nH]c2ccccc2c1CCNCc1ccc(/C=C/C(=O)NO)cc1,-1.69897,0.0875,chembl,True,False
Cc1[nH]c2ccccc2c1CCNCc1ccc(/C=C/C(=O)NO)cc1,-1.16115,0.175,chembl,True,False
Cc1c(-c2ccc(-c3ccccc3F)cc2)nc2ccc(F)cc2c1C(=O)O,-3.50182,0.233333,chembl,True,False
Cc1c(-c2ccc(-c3ccccc3F)cc2)nc2ccc(F)cc2c1C(=O)O,-2.97194,0.116667,chembl,True,False
Cc1c(-c2ccc(O)cc2)n(Cc2ccc(OCCN3CCCCCC3)cc2)c2ccc(O)cc12,-5.284,0.35,chembl,True,False
Cc1c(CC(=O)O)c2cccnc2n1Cc1ccc(S(C)(=O)=O)cc1,-1.83839,0.35,chembl,True,False
Cc1c(CN2CCN(C(=O)[C@H](C)O)CC2)sc2c(N3CCOCC3)nc(-c3cnc(N)nc3)nc12,-4.40012,0.116667,chembl,True,False
Cc1c(CN2CCN(C(=O)[C@H](C)O)CC2)sc2c(N3CCOCC3)nc(-c3cnc(N)nc3)nc12,-3.77348,0.233333,chembl,True,False
Cc1c(Cc2ccc3ccccc3n2)c2cc(F)ccc2n1CC(=O)O,-3.95001,0.35,chembl,True,False
Cc1c(Cc2ccccc2)nnc(N2CCN(c3cnc(C(C)(C)O)cn3)[C@H](C)C2)c1C,-4.35655,0.35,chembl,True,False
Cc1c(N2C(=O)[C@@H]3[C@H](O)CCN3C2=O)ccc(C#N)c1Cl,-4.20657,0.35,chembl,True,False
Cc1c(NC(=O)OC[C@@H]2COCCN2)cn2ncnc(Nc3ccc4c(cnn4Cc4cccc(F)c4)c3)c12,-5.76955,0.35,chembl,True,False
Cc1cc(C(=O)Nc2cc(Oc3ccc4nc(NC(=O)C5CC5)cn4n3)ccc2C)n(C)n1,-4.06905,0.35,chembl,True,False
Cc1cc(C)c(Nc2ccnc(Nc3ccc(C#N)cc3)n2)c(C)c1,-6.34164,0.35,chembl,True,False
Cc1cc(C2CCCCC2)n(O)c(=O)c1,-3.0,0.35,chembl,True,False
Cc1cc(CCCOc2c(C)cc(-c3noc(C(F)(F)F)n3)cc2C)on1,-5.69897,0.35,chembl,True,True
Cc1cc(N)nc(CCNC(=O)c2ccc(C#N)cc2)c1,-4.18977,0.35,chembl,True,False
Cc1cc(Nc2ccc(C(F)(F)F)cc2)n2ncnc2n1,-4.67778,0.35,chembl,True,True
Cc1cc(Nc2ccc(S(F)(F)(F)(F)F)cc2)n2nc(C(C)(F)F)nc2n1,-4.52288,0.35,chembl,True,False
Cc1cc(Nc2nc(N[C@@H](C)c3ncc(F)cn3)ncc2Cl)[nH]n1,-3.33724,0.35,chembl,True,False
Cc1cc(OCCCS(C)(=O)=O)cc(C)c1-c1cccc(COc2ccc3c(c2)OC[C@H]3CC(=O)O)c1,-4.28988,0.35,chembl,True,False
Cc1cc(S(=O)(=O)N[C@@H](C(=O)NO)C2CCOCC2)ccc1F,-2.14161,0.35,chembl,True,False
Cc1cc(SCc2sc(-c3ccc(C(F)(F)F)cc3)nc2C)ccc1OCC(=O)O,-3.60206,0.35,chembl,True,True
Cc1cc2c(F)c(Oc3ncnn4cc(OC[C@@H](C)O)c(C)c34)ccc2[nH]1,-5.67445,0.35,chembl,True,False
Cc1cc2c(F)c(Oc3ncnn4cc(OC[C@@H](C)OC(=O)[C@H](C)N)c(C)c34)ccc2[nH]1,-4.42946,0.35,chembl,True,False
Cc1cc2c(s1)c1cnn(Cc3ccccc3F)c(=O)c1n2C,-6.21403,0.35,chembl,True,False
Cc1ccc(-c2nn(C(C)(C)C)c3ncnc(N)c23)cc1,-5.00877,0.35,chembl,True,False
Cc1ccc(-n2nc(C(C)(C)C)cc2NC(=O)Nc2ccc(OCCN3CCOCC3)c3ccccc23)cc1,-5.88886,0.35,chembl,True,False
Cc1ccc(C(=O)N(CCCN)[C@@H](c2nc3cc(Cl)ccc3c(=O)n2Cc2ccccc2)C(C)C)cc1,-4.18709,0.35,chembl,True,False
Cc1ccc(C(=O)Nc2cccc(C(F)(F)F)c2)cc1-c1ccc2nc(N)ncc2c1,-4.19437,0.35,chembl,True,True
Cc1ccc(C)c(N)c1,1.66475,0.35,chembl,True,False
Cc1ccc(Cc2cc3c(=O)n([C@H]4CCCC[C@@H]4O)cnc3c3ccccc23)cn1,-5.60151,0.07,chembl,True,False
Cc1ccc(Cc2cc3c(=O)n([C@H]4CCCC[C@@H]4O)cnc3c3ccccc23)cn1,-4.76955,0.14,chembl,True,False
Cc1ccc(Cc2cc3c(=O)n([C@H]4CCCC[C@@H]4O)cnc3c3ccccc23)cn1,-3.71897,0.07,chembl,True,False
Cc1ccc(Cc2cc3c(=O)n([C@H]4CCCC[C@@H]4O)cnc3c3ccccc23)cn1,-1.82336,0.07,chembl,True,False
Cc1ccc(Nc2nccc(N(C)c3ccc4c(C)n(C)nc4c3)n2)cc1S(N)(=O)=O,-5.25964,0.35,chembl,True,False
Cc1ccc(O)c(C(=O)N[C@H]2CC[C@@H](NC(=O)c3cc(F)cnc3Oc3ccc(F)c(F)c3)CC2)c1,-6.0,0.35,chembl,True,False
Cc1ccc2c(Cl)cc(Cl)c(O)c2n1,-6.4045,0.233333,chembl,True,False
Cc1ccc2c(Cl)cc(Cl)c(O)c2n1,-2.9594,0.116667,chembl,True,False
Cc1ccc2c(c1)C(=O)[C@]1(O)CCN(c3ccccc3)C1=N2,-5.19098,0.175,chembl,True,False
Cc1ccc2c(c1)C(=O)[C@]1(O)CCN(c3ccccc3)C1=N2,-4.0323,0.175,chembl,True,False
Cc1cccc(-c2ccc3c(c2)c(C(=O)C(=O)O)cn3Cc2ccc(C(C)(C)C)cc2)c1,-3.43997,0.35,chembl,True,False
Cc1cccc(-c2nn3c(c2-c2ccnc4ccc(C(N)=O)cc24)CCC3)n1,-3.73993,0.35,chembl,True,False
Cc1csc(NC(=O)c2cc(Sc3nncn3C)ccc2N)n1,-5.04096,0.35,chembl,True,False
Cc1nc(-c2ccccn2)nc(NCCc2ccccc2)c1Cl,-4.04576,0.35,chembl,True,False
Cc1nc(-c2cn3c(n2)-c2ccc(-c4cnn(C(C)(C)C(N)=O)c4)cc2OCC3)n(C(C)C)n1,-4.48017,0.35,chembl,True,False
Cc1nc(C)c(-c2ccnc(Nc3ccc(N(C)C)cc3)n2)s1,-4.69897,0.35,chembl,True,False
Cc1nc(NC(=O)N2CCC[C@H]2C(N)=O)sc1-c1ccnc(C(C)(C)C(F)(F)F)c1,-4.27572,0.35,chembl,True,True
Cc1nc2ccc(-n3ncc(C(=O)c4cc5ccccc5[nH]4)c3N)cc2[nH]1,-4.08953,0.35,chembl,True,False
Cc1nc2ccc(C(=O)N3CCC4(CC3)CC(=O)c3c(cnn3C(C)C)C4)cc2[nH]1,-2.31133,0.35,chembl,True,False
Cc1ncc(-c2ccnc(Nc3ccc(N4CCN(C(=O)CO)CC4)cc3)n2)n1C(C)C,-3.79724,0.35,chembl,True,False
Cc1ncc(-c2nc(Nc3ccc(C(=O)N4CC[C@H](N(C)C)C4)cc3)ncc2F)n1C(C)C,-2.67778,0.35,chembl,True,False
Cc1ncc(OC[C@@]2(c3cccc(F)c3)C[C@H]2C(=O)Nc2ccc(F)cn2)c(C)n1,-10.0872,0.35,chembl,True,False
Cc1nnc(N)s1,-0.677781,0.35,chembl,True,False
Clc1ccc(C(Cn2ccnc2)OCc2c(Cl)cccc2Cl)c(Cl)c1,-4.30103,0.35,chembl,True,False
Clc1ccc(C(Cn2ccnc2)OCc2csc3c(Cl)cccc23)c(Cl)c1,-5.0,0.35,chembl,True,False
Clc1ccc(CCC(Cn2ccnc2)Sc2c(Cl)cccc2Cl)cc1,-5.0,0.35,chembl,True,False
Clc1ccc(CN(Cc2ccc(Cl)cc2)c2nn[nH]n2)cc1,-3.92996,0.35,chembl,True,False
Clc1ccc(COC(Cn2ccnc2)c2ccc(Cl)cc2Cl)cc1,-5.0,0.35,chembl,True,False
Clc1ccc(Nc2nnc(Cc3ccncc3)c3ccccc23)cc1,-5.85387,0.35,chembl,True,False
Clc1ccc2nsnc2c1NC1=NCCN1,-3.30103,0.175,chembl,True,False
Clc1ccc2nsnc2c1NC1=NCCN1,-1.14309,0.175,chembl,True,False
Cn1c(=O)n(-c2ccc(C(C)(C)C#N)cc2)c2c3cc(-c4cnc5ccccc5c4)ccc3ncc21,-4.72125,0.35,chembl,True,False
Cn1c(=O)n(Cc2ccc(C(=O)O)cc2)c(=O)c2cc(C#CCc3ccccc3)ccc21,-5.52288,0.25,chembl,True,False
Cn1c(=O)n(Cc2ccc(C(=O)O)cc2)c(=O)c2cc(C#CCc3ccccc3)ccc21,-4.69897,0.1,chembl,True,False
Cn1c(C#N)ccc1-c1ccc2c(c1)C(C)(C)OC(=S)N2,-5.4437,0.35,chembl,True,False
Cn1c(COP(=O)(NCCBr)NCCBr)cnc1[N+](=O)[O-],-1.88143,0.35,chembl,True,False
Cn1c(Cn2ccc(C(F)(F)F)c(Oc3cc(Cl)cc(C#N)c3)c2=O)n[nH]c1=O,-4.85101,0.175,chembl,True,True
Cn1c(Cn2ccc(C(F)(F)F)c(Oc3cc(Cl)cc(C#N)c3)c2=O)n[nH]c1=O,-4.34679,0.0875,chembl,True,True
Cn1c(Cn2ccc(C(F)(F)F)c(Oc3cc(Cl)cc(C#N)c3)c2=O)n[nH]c1=O,-3.51522,0.0875,chembl,True,True
Cn1c(Nc2ccc(C(F)(F)F)cc2)nc2cc(Oc3ccnc(-c4ncc(C(F)(F)F)[nH]4)c3)ccc21,-6.0,0.35,chembl,True,True
Cn1cc(-c2ccncc2)c(-c2ccc(OCc3ccc4ccccc4n3)cc2)n1,-5.39794,0.35,chembl,True,False
Cn1cc(C2=C(c3cn(C4CCN(Cc5ccccn5)CC4)c4ccccc34)C(=O)NC2=O)c2ccccc21,-6.09691,0.35,chembl,True,False
Cn1cc(CNCC2CCN(c3ncc(C(=O)NO)cn3)CC2)c2ccccc21,-2.04096,0.116667,chembl,True,False
Cn1cc(CNCC2CCN(c3ncc(C(=O)NO)cn3)CC2)c2ccccc21,-1.01323,0.233333,chembl,True,False
FC(F)(F)c1cccc(-c2nnc3ccc(NC4CCCCC4)nn23)c1,-6.52288,0.35,chembl,True,True
FC(F)c1nc2ccccc2n1-c1nc(N2CCOCC2)nc(N2CCOCC2)n1,-5.99507,0.35,chembl,True,False
N#Cc1cc(Cl)cc(Oc2c(Cl)ccc3c2cnn3Cc2n[nH]c3ncccc23)c1,-6.63876,0.35,chembl,True,False
N#Cc1cc(Cl)cc(Oc2cc(OCc3n[nH]c4nc(N)ccc34)ccc2Cl)c1,-4.62968,0.35,chembl,True,False
N#Cc1cc(Cl)cc(Oc2cc(OCc3n[nH]c4ncccc34)ccc2Cl)c1,-6.6141,0.35,chembl,True,False
N#Cc1ccc(N2N=C3c4ccc(C(=O)O)cc4CC[C@@H]3[C@@H]2C2CCCC2)cc1Cl,-5.62316,0.175,chembl,True,False
N#Cc1ccc(N2N=C3c4ccc(C(=O)O)cc4CC[C@@H]3[C@@H]2C2CCCC2)cc1Cl,-3.88273,0.175,chembl,True,False
N=C(N)c1ccc2cc(C(=O)Nc3ccc(CN)cc3)cc(Nc3ncccn3)c2c1,-3.81987,0.35,chembl,True,False
NC(=O)C(c1ccccc1)(c1ccc(F)cc1)c1ccc(F)cc1,-5.42022,0.35,chembl,True,False
NC(=O)Nc1cc(-c2cccc(F)c2)sc1C(=O)N[C@H]1CCCNC1,-3.0,0.35,chembl,True,False
NC(=O)[C@@H](CCC(F)(F)F)N(Cc1ccc(-c2ncon2)cc1F)S(=O)(=O)c1ccc(Cl)cc1,-6.01239,0.35,chembl,True,True
NC(=O)c1c(OCc2c(F)cc(Br)cc2F)nsc1NC(=O)NCCCCN1CCCC1,-4.11014,0.35,chembl,True,False
NC(=O)c1cc(N(CCCl)CCCl)c([N+](=O)[O-])cc1[N+](=O)[O-],-3.72125,0.175,chembl,True,False
NC(=O)c1cc(N(CCCl)CCCl)c([N+](=O)[O-])cc1[N+](=O)[O-],-3.12494,0.175,chembl,True,False
NC(=O)c1ccc(I)c([N+](=O)[O-])c1,-3.37997,0.35,chembl,True,False
NC1(C(=O)N[C@@H](CCO)c2ccc(Cl)cc2)CCN(c2ncnc3[nH]ccc23)CC1,-3.10791,0.35,chembl,True,False
NC1(Cc2ccc(Cl)cc2)CCN(c2ncnc3[nH]ccc23)CC1,-3.23592,0.35,chembl,True,False
NC12CC3CC(CC(C3)C1)C2,-1.85337,0.35,chembl,True,False
NC1=C(Cl)C(=O)c2ccccc2C1=O,-3.74092,0.35,chembl,True,False
NCCNc1nnc(-c2ccc(F)c(F)c2Nc2ccc(I)cc2F)o1,-5.19977,0.35,chembl,True,False
NCCc1c[nH]c2ccccc12,-3.30163,0.35,chembl,True,False
NS(=O)(=O)c1ccc(Nc2nc(OCC3CCCCC3)c3nc[nH]c3n2)cc1,-5.23657,0.35,chembl,True,False
NS(=O)(=O)c1ccc(Nc2nccc(-c3cnc4ccccn34)n2)cc1,-5.18709,0.35,chembl,True,True
NS(=O)(=O)c1nc2ccc(O)cc2s1,-2.16911,0.35,chembl,True,True
NS(=O)(=O)c1nnc(NS(=O)(=O)c2ccccc2)s1,-2.92082,0.35,chembl,True,False
N[C@@H](Cc1ccc(O)c(O)c1)C(=O)O,-4.73858,0.35,chembl,True,False
N[C@@H]1CN(c2c(F)cc3c(=O)c(C(=O)O)cn([C@@H]4C[C@@H]4F)c3c2Cl)CC12CC2,-3.49532,0.35,chembl,True,False
N[C@@H]1c2cccnc2[C@H](OC(=O)N2CCC(n3c(=O)[nH]c4ncccc43)CC2)CC[C@H]1c1cccc(F)c1F,-4.02903,0.35,chembl,True,False
N[C@H](C(=O)N1CC(c2cc(F)ccc2F)=C[C@H]1c1ccccc1)C1CC1,-1.54949,0.35,chembl,True,False
Nc1c(C(=O)c2cccc(OC[C@@H](O)CO)c2)cnn1-c1ccc(F)cc1,-3.96981,0.175,chembl,True,False
Nc1c(C(=O)c2cccc(OC[C@@H](O)CO)c2)cnn1-c1ccc(F)cc1,-1.0208,0.175,chembl,True,False
Nc1cc(C(F)(F)F)c(-c2cc(N3CCOCC3)nc(N3CCOCC3)n2)cn1,-3.95301,0.35,chembl,True,True
Nc1cc(Cl)ccc1O,1.20466,0.35,chembl,True,False
Nc1ccc(Br)cc1,0.613828,0.35,chembl,True,False
Nc1ccc(Cc2ccc(N)cc2)cc1,-2.29891,0.797101,chembl,True,False
Nc1ccc(Cc2ccc(N)cc2)cc1,0.702745,0.202899,chembl,True,False
Nc1ccc(OCc2ccccc2)cc1,-3.33003,0.35,chembl,True,False
Nc1ccc(Oc2ccccc2)cc1,-0.0801812,0.35,chembl,True,False
Nc1ccc2nc(N)nc(N)c2c1,-1.28928,0.35,chembl,True,False
Nc1cccc2cccnc12,1.75598,0.35,chembl,True,False
Nc1ccccc1C(F)(F)F,0.565156,0.35,chembl,True,True
Nc1ccccc1NC(=O)c1ccc(CNC(=O)OCc2cccnc2)cc1,-3.89997,0.07,chembl,True,False
Nc1ccccc1NC(=O)c1ccc(CNC(=O)OCc2cccnc2)cc1,-3.39686,0.14,chembl,True,False
Nc1ccccc1NC(=O)c1ccc(CNC(=O)OCc2cccnc2)cc1,-2.67258,0.14,chembl,True,False
Nc1ccccc1NC(=O)c1ccc(CNc2nccc(-c3cccnc3)n2)cc1,-4.61088,0.2625,chembl,True,False
Nc1ccccc1NC(=O)c1ccc(CNc2nccc(-c3cccnc3)n2)cc1,-3.56881,0.0875,chembl,True,False
Nc1ccccc1Nc1ccc(Cl)cc1,-3.56897,0.35,chembl,True,False
Nc1n[n+]([O-])c2ccccc2[n+]1[O-],-2.04818,0.35,chembl,True,False
Nc1nc(N)c2c(OCC3CCN(Cc4ccccc4F)CC3)cccc2n1,-0.963395,0.35,chembl,True,False
Nc1nc(NCCc2ccc(O)cc2)nc2nc(-c3ccco3)nn12,-4.27984,0.35,chembl,True,False
Nc1nc(OCc2ccccc2)c2nc[nH]c2n1,-3.14388,0.35,chembl,True,False
Nc1nc2ccc(OC(F)(F)F)cc2s1,-3.30103,0.35,chembl,True,True
Nc1ncc(-c2cnn(CCO)c2)c2scc(-c3ccc(NC(=O)Nc4cccc(F)c4)cc3)c12,-4.10791,0.35,chembl,True,False
Nc1nccc(-c2cc3c([nH]2)[C@@H](CCF)CNC3=O)n1,-3.64782,0.35,chembl,True,False
Nc1ncn([C@@H]2O[C@H](CO)[C@@H](O)[C@H]2O)c(=O)n1,-0.438368,0.35,chembl,True,False
O=C(/C=C/c1cccc(S(=O)(=O)Nc2ccccc2)c1)NO,-3.1343,0.35,chembl,True,False
O=C(/C=C/c1cccnc1)NCCCCC1CCN(C(=O)c2ccccc2)CC1,-5.30103,0.35,chembl,True,False
O=C(CC(c1ccccc1)c1ccccc1)N1CCN(C(c2ccccc2)c2ccccc2)CC1,-5.94734,0.35,chembl,True,False
O=C(CCCCCCC(=O)Nc1ccccc1)NO,-4.72125,0.0411765,chembl,True,False
O=C(CCCCCCC(=O)Nc1ccccc1)NO,-3.62298,0.102941,chembl,True,False
O=C(CCCCCCC(=O)Nc1ccccc1)NO,-3.02874,0.144118,chembl,True,False
O=C(CCCCCCC(=O)Nc1ccccc1)NO,-1.20527,0.0617647,chembl,True,False
O=C(CN(CCO)S(=O)(=O)c1ccc(-c2ccccc2)cc1)NO,-1.24353,0.35,chembl,True,False
O=C(CN1C(=O)C2(CCCC2)NC[C@H]1c1cc(F)cc(F)c1)Nc1ccc2c(c1)C[C@@]1(C2)C(=O)Nc2ncccc21,-4.51587,0.35,chembl,True,False
O=C(CN1CC[C@@H](NC(=O)c2ccc(Cl)s2)C1)Nc1ccc(-n2ccccc2=O)cc1F,-3.38218,0.35,chembl,True,False
O=C(CN1C[C@H](O)[C@@H](NC(=O)c2ccc(Cl)s2)C1)Nc1ccc(-n2ccccc2=O)cc1F,0.0216177,0.35,chembl,True,False
O=C(CO)N1CCC(c2n[nH]c(-c3ccc(Cl)cc3)c2-c2ccncn2)CC1,-4.21968,0.35,chembl,True,False
O=C(Cc1ccc2ccccc2c1)Nc1cc(C2CC2)n[nH]1,-4.65758,0.35,chembl,True,False
O=C(Cc1cccs1)N1CCC(c2nc(-c3cccs3)no2)CC1,-4.21325,0.35,chembl,True,False
O=C(Cn1ccnc1[N+](=O)[O-])NCCO,-0.69897,0.35,chembl,True,False
O=C(Cn1ccnc1[N+](=O)[O-])NCc1ccccc1,-2.81123,1.0,chembl,True,False
O=C(NCC1CCOCC1)c1cnc(Nc2ccc(Cl)cc2Cl)nc1C(F)(F)F,-5.35147,0.233333,chembl,True,True
O=C(NCC1CCOCC1)c1cnc(Nc2ccc(Cl)cc2Cl)nc1C(F)(F)F,-4.6525,0.116667,chembl,True,True
O=C(NNC(=O)c1ccccc1)c1ccccc1,-3.73993,0.35,chembl,True,False
O=C(NNC(=O)c1ccccc1)c1ccccc1,-1.59,0.425,chembl,True,False
O=C(NO)C1(CS(=O)(=O)c2ccc(Oc3ccc(Cl)cc3)cc2)CCOCC1,-3.89997,0.35,chembl,True,False
O=C(NO)c1cnc(N2CCN(S(=O)(=O)c3ccc4ccccc4c3)CC2)nc1,-3.45739,0.35,chembl,True,False
O=C(NOCC1CC1)c1ccc(F)c(F)c1Nc1ccc(I)cc1Cl,-5.68003,0.35,chembl,True,False
O=C(NOCCO)c1cc(CN2OCCCC2=O)c(F)c(F)c1Nc1ccc(I)cc1F,-4.05552,0.35,chembl,True,False
O=C(NOCCO)c1ccc2cncn2c1Nc1ccc(I)cc1F,-4.04639,0.35,chembl,True,False
O=C(NOC[C@H](O)CO)c1ccc(F)c(F)c1Nc1ccc(I)cc1F,-3.40447,0.35,chembl,True,False
O=C(Nc1ccc(Cl)c(S(=O)(=O)N2CCNCC2)c1O)Nc1cccc(F)c1Cl,-3.33999,0.35,chembl,True,False
O=C(Nc1cccc(C(F)(F)F)c1)Nc1ncc(CCNc2ncnc3ccsc23)s1,-4.30103,0.35,chembl,True,True
O=C(Nc1ccccc1)c1ccccc1,-4.11976,0.35,chembl,True,False
O=C(Nc1ccccc1Br)N[C@@H]1CCN(c2ccc(C(F)(F)F)cn2)C1,-3.03064,0.35,chembl,True,True
O=C(Nc1ccncc1)C(=O)c1cn(Cc2ccc(Cl)cc2)c2ccccc12,-6.0,0.35,chembl,True,False
O=C(O)CCCCCNC(=O)NC1CCCCC1,-3.30103,0.35,chembl,True,False
O=C(O)CCCNC(=O)NC1CCCCC1,-3.30103,0.35,chembl,True,False
O=C(O)CCn1c2ccc(O)cc2c2c3c(c(-c4ccccc4)cc21)C(=O)NC3=O,-3.82433,0.35,chembl,True,False
O=C(O)CNC(=O)NC1CCCCC1,-3.30103,0.35,chembl,True,False
O=C(O)Cn1c2c(c3cc(F)ccc31)CN(C(=O)c1cccc3ccccc13)CC2,-3.77808,0.175,chembl,True,False
O=C(O)Cn1c2c(c3cc(F)ccc31)CN(C(=O)c1cccc3ccccc13)CC2,-2.6602,0.175,chembl,True,False
O=C(O)c1c(O)c(Cc2ccc(Cl)cc2)nc2c3c(ccc12)CCCC3,-5.56565,0.1,chembl,True,False
O=C(O)c1c(O)c(Cc2ccc(Cl)cc2)nc2c3c(ccc12)CCCC3,-4.56565,0.1,chembl,True,False
O=C(O)c1c(O)c(Cc2ccc(Cl)cc2)nc2c3c(ccc12)CCCC3,-3.6378,0.15,chembl,True,False
O=C(O)c1ccc(-c2c[nH]c3ncc(-c4ccccc4)cc23)cc1,-4.08619,0.35,chembl,True,False
O=C(O)c1ccc(NC(=O)[C@H](CC2CCCC2)n2cnc(C(F)(F)F)c2)nc1,-3.28067,0.116667,chembl,True,True
O=C(O)c1ccc(NC(=O)[C@H](CC2CCCC2)n2cnc(C(F)(F)F)c2)nc1,-1.97485,0.233333,chembl,True,True
O=C(O)c1ccc(Nc2ncc3c(n2)-c2ccc(Cl)cc2C(c2c(F)cccc2F)=NC3)cc1,-5.23657,0.0875,chembl,True,False
O=C(O)c1ccc(Nc2ncc3c(n2)-c2ccc(Cl)cc2C(c2c(F)cccc2F)=NC3)cc1,-4.15834,0.2625,chembl,True,False
O=C(O)c1cccc(-c2noc(-c3ccccc3F)n2)c1,-5.45369,0.35,chembl,True,False
O=C(O)c1ccccc1NC(=O)N1CCC(c2ccccc2C(F)(F)F)CC1,-4.24413,0.35,chembl,True,True
O=C(c1cc(Cc2n[nH]c(=O)c3ccccc23)ccc1F)N1CCCNCC1,-1.8727,0.35,chembl,True,False
O=C(c1cc(Cc2n[nH]c(=O)c3ccccc23)ccc1F)N1CCN(C(=O)C2CC2)CC1,-3.62135,0.35,chembl,True,False
O=C(c1ccc(Oc2ccc(F)cc2)nc1)N1CCCN(C2CCC2)CC1,-1.86857,0.35,chembl,True,False
O=C1N(Cc2ccc(C(F)(F)F)o2)c2ccccc2[C@]12COc1cc3c(cc12)OCO3,-1.64159,0.0388889,chembl,True,True
O=C1N(Cc2ccc(C(F)(F)F)o2)c2ccccc2[C@]12COc1cc3c(cc12)OCO3,-0.98208,0.0777778,chembl,True,True
O=C1N(Cc2ccc(C(F)(F)F)o2)c2ccccc2[C@]12COc1cc3c(cc12)OCO3,-0.425077,0.233333,chembl,True,True
O=C1NCCc2[nH]c(-c3ccnc(-c4ccccc4F)c3)cc21,-3.58021,0.35,chembl,True,False
O=C1NCCc2[nH]c(-c3ccnc(-c4cnc5ccccc5c4)c3)cc21,-6.39794,0.35,chembl,True,False
O=C1NCNC1(c1ccccc1)c1ccccc1,-3.50004,0.35,chembl,True,False
O=C1c2cccc3c(NCCO)ccc(c23)C(=O)N1c1cccc(Br)c1,-5.97066,0.35,chembl,True,False
O=S(=O)(NCCNC/C=C/c1ccc(Br)cc1)c1cccc2cnccc12,-4.20971,0.35,chembl,True,True
O=S(=O)(c1ccc2c(c1)OCCO2)N1CCN(S(=O)(=O)c2c(F)cccc2F)CC1,-5.62182,0.35,chembl,True,False
O=S(=O)(c1cccc2cnccc12)N1CCCNCC1,-3.6863,0.35,chembl,True,False
O=[N+]([O-])c1cn2c(n1)OC[C@@H](OCc1ccc(OC(F)(F)F)cc1)C2,-4.39221,0.35,chembl,True,True
O=c1c(C2=Nc3ccccc3S(=O)(=O)N2)c(O)c2cc(F)ccc2n1CCC1CC1,-5.63089,0.35,chembl,True,False
O=c1cc(N2CCOCC2)oc2c(-c3ccccc3)cccc12,-3.51999,0.35,chembl,True,False
O=c1ncn2nc(Sc3ccc(F)cc3F)ccc2c1-c1c(Cl)cccc1Cl,-4.73049,0.35,chembl,True,False
OC(Cn1ccnc1)c1ccc(Cl)cc1Cl,-3.0,0.35,chembl,True,False
OCCCCCCCCCCCCO,-4.02228,0.35,chembl,True,False
OCCn1cc(-c2cnc3nnn(Cc4ccc5ncccc5c4)c3n2)cn1,-4.78597,0.35,chembl,True,False
OC[C@H]1O[C@H](Oc2ccccc2)[C@@H](O)[C@@H](O)[C@@H]1O,-1.93155,0.35,chembl,True,False
Oc1c(Cl)cc(Cl)c2cccnc12,-6.27409,0.233333,chembl,True,False
Oc1c(Cl)cc(Cl)c2cccnc12,-3.48678,0.116667,chembl,True,False
Oc1c(I)cc(Cl)c2cccnc12,-9.0,0.233333,chembl,True,False
Oc1c(I)cc(Cl)c2cccnc12,-4.41908,0.116667,chembl,True,False
Oc1ccc2c(-c3cc(Br)c(O)cc3O)noc2c1,-4.90595,0.35,chembl,True,False
Oc1ccc[nH]c1=S,-3.29146,0.35,chembl,True,False
Oc1cccc(-c2c3nc(c(-c4cccc(O)c4)c4ccc([nH]4)c(-c4cccc(O)c4)c4ccc(n4)c(-c4cccc(O)c4)c4ccc2[nH]4)CC3)c1,-3.22185,0.35,chembl,True,False
Oc1cccc2ccccc12,-2.19452,1.0,chembl,True,False
S=C(NCc1ccc2c(c1)OCO2)N1CCN(c2ncnc3c2oc2ccccc23)CC1,-5.56445,0.233333,chembl,True,False
S=C(NCc1ccc2c(c1)OCO2)N1CCN(c2ncnc3c2oc2ccccc23)CC1,-4.95709,0.116667,chembl,True,False
c1ccc(-c2ncc(-c3cc[nH]n3)s2)cc1,-5.85387,0.35,chembl,True,False
c1ccccc1,-1.63959,1.0,chembl,True,False
c1cn2cc(-c3ccc4cn[nH]c4c3)nc(Nc3ccc(N4CCOCC4)cc3)c2n1,-5.69897,0.175,chembl,True,False
c1cn2cc(-c3ccc4cn[nH]c4c3)nc(Nc3ccc(N4CCOCC4)cc3)c2n1,-4.79588,0.175,chembl,True,False
BrC(Br)(Br)Br,-3.14,1.0,esol,True,False
BrC(Br)Br,-1.87357,1.0,esol,True,False
BrCBr,-1.16821,1.0,esol,True,False
BrCCBr,-1.67143,1.0,esol,True,False
Brc1cc(Br)c(Br)cc1Br,-6.98684,0.95,esol,True,False
Brc1cc(Br)cc(Br)c1,-5.6,0.95,esol,True,False
Brc1ccc(Br)cc1,-4.07071,1.0,esol,True,False
Brc1ccc(I)cc1,-4.50316,0.95,esol,True,False
Brc1ccc2ccccc2c1,-4.4,0.9,esol,True,False
Brc1cccc(Br)c1,-3.54107,1.0,esol,True,False
Brc1ccccc1,-2.54893,1.0,esol,True,False
C#CCCCC,-2.33036,1.0,esol,True,False
C/C=C/C=O,0.32,0.45,esol,True,False
C1CCC2CCCCC2C1,-5.19105,0.95,esol,True,False
C1CCCC1,-2.64464,1.0,esol,True,False
C1CCCCC1,-3.13036,1.0,esol,True,False
C1CCCCCC1,-3.515,1.0,esol,True,False
C1CCCCCCC1,-4.15071,1.0,esol,True,False
C1CCOC1,0.525,0.642857,esol,True,False
C1CCOC1,1.142,0.357143,esol,True,False
C1CCOCC1,-0.0303571,1.0,esol,True,False
C=CC#N,0.148929,1.0,esol,True,False
C=CC=C,-1.86893,1.0,esol,True,False
C=CC=O,0.572857,1.0,esol,True,False
C=CCC1(CC=C)C(=O)NC(=O)NC1=O,-2.06582,1.0,esol,True,False
C=CCC=C,-2.08893,1.0,esol,True,False
C=CCCC=C,-2.6825,1.0,esol,True,False
CC#N,0.26,0.45,esol,True,False
CC#N,1.387,0.5,esol,True,False
CC(=O)C(C)(C)C,-0.721053,0.95,esol,True,False
CC(=O)Nc1cc(NS(=O)(=O)C(F)(F)F)c(C)cc1C,-3.23893,1.0,esol,True,True
CC(=O)Nc1ccc(Cl)cc1,-2.8415,0.9,esol,True,False
CC(=O)Nc1ccc(O)cc1,-1.03107,1.0,esol,True,False
CC(=O)Nc1ccccc1,-1.31571,1.0,esol,True,False
CC(=O)OCC(=O)C1(O)CCC2C3CCC4=CC(=O)CCC4(C)C3C(O)CC21C,-4.54286,1.0,esol,True,False
CC(=O)OCC(=O)C1CCC2C3CCC4=CC(=O)CCC4(C)C3CCC12C,-4.63,1.0,esol,True,False
CC(C)(C)C(=O)C(Oc1ccc(Cl)cc1)n1cncn1,-3.61143,1.0,esol,True,False
CC(C)(C)CCO,-0.5,1.0,esol,True,False
CC(C)(C)CO,-0.400357,1.0,esol,True,False
CC(C)(C)c1ccc(O)cc1,-2.41107,1.0,esol,True,False
CC(C)(C)c1ccccc1,-3.65929,1.0,esol,True,False
CC(C)=CCCC(C)=CC=O,-2.05821,1.0,esol,True,False
CC(C)Br,-1.60464,1.0,esol,True,False
CC(C)C,-3.076,0.5,esol,True,False
CC(C)C,-2.55,0.45,esol,True,False
CC(C)C(=O)C(C)C,-1.30105,0.95,esol,True,False
CC(C)C(C(=O)OC(C#N)c1cccc(Oc2ccccc2)c1)c1ccc(OC(F)F)cc1,-6.876,0.95,esol,True,False
CC(C)C(C)(C)C,-4.36,0.45,esol,True,False
CC(C)C(C)C,-3.61474,0.95,esol,True,False
CC(C)C(C)C(C)C,-4.74526,0.95,esol,True,False
CC(C)C(O)C(C)C,-1.22,1.0,esol,True,False
CC(C)CBr,-2.43071,1.0,esol,True,False
CC(C)CC(C)(C)C,-4.74316,0.95,esol,True,False
CC(C)CC(C)(C)O,-0.934643,1.0,esol,True,False
CC(C)CC(C)C,-4.26036,1.0,esol,True,False
CC(C)CC(C)O,-0.798214,1.0,esol,True,False
CC(C)CCC(C)(C)C,-5.04842,0.95,esol,True,False
CC(C)CCCO,-1.14,1.0,esol,True,False
CC(C)CCO,-0.516429,1.0,esol,True,False
CC(C)CCOC=O,-1.53421,0.95,esol,True,False
CC(C)CCl,-2.0,0.9,esol,True,False
CC(C)CO,0.0660714,1.0,esol,True,False
CC(C)COC=O,-1.00679,1.0,esol,True,False
CC(C)Cc1ccccc1,-4.12,0.9,esol,True,False
CC(C)Cl,-1.40786,1.0,esol,True,False
CC(C)I,-2.08786,1.0,esol,True,False
CC(C)N(C(=O)CCl)c1ccccc1,-2.48036,1.0,esol,True,False
CC(C)O,0.43,0.45,esol,True,False
CC(C)O,1.221,0.5,esol,True,False
CC(C)OC(=O)C(O)(c1ccc(Br)cc1)c1ccc(Br)cc1,-4.93107,1.0,esol,True,False
CC(C)OC(=O)Nc1cccc(Cl)c1,-3.38,1.0,esol,True,False
CC(C)OC(C)C,-1.708,0.357143,esol,True,False
CC(C)OC(C)C,-1.1,0.642857,esol,True,False
CC(C)OC=O,-0.629474,0.95,esol,True,False
CC(C)SC(C)C,-2.24,0.45,esol,True,False
CC(C)c1ccccc1,-3.27786,1.0,esol,True,False
CC(Cl)(Cl)Cl,-1.98286,1.0,esol,True,False
CC(Cl)CCl,-1.60214,1.0,esol,True,False
CC(Cl)Cl,-1.29036,1.0,esol,True,False
CC(N)=O,1.58036,1.0,esol,True,False
CC(O)c1ccccc1,-0.92,0.9,esol,True,False
CC1(C)C(=O)NC(=O)NC1=O,-1.742,0.45,esol,True,False
CC1(C)C(C=C(Cl)Cl)C1C(=O)OC(C#N)c1ccc(F)c(Oc2ccccc2)c1,-7.337,0.45,esol,True,False
CC1(C)C2CCC1(C)C(O)C2,-2.31964,1.0,esol,True,False
CC1(C)CON(Cc2ccccc2Cl)C1=O,-2.338,0.45,esol,True,False
CC12CCC(CC1)C(C)(C)O2,-1.74429,1.0,esol,True,False
CC12CCc3c(ccc4cc(O)ccc34)C1CCC2=O,-5.24143,1.0,esol,True,False
CC1=C(C(=O)Nc2ccccc2)S(=O)(=O)CCO1,-2.38104,1.0,esol,True,False
CC1=CC(=O)CC(C)(C)C1,-1.06036,1.0,esol,True,False
CC1=CC(=O)c2ccccc2C1=O,-3.03071,1.0,esol,True,False
CC1=CCCCC1,-3.26893,1.0,esol,True,False
CC1CCC(C)CC1,-4.46857,1.0,esol,True,False
CC1CCCC1,-3.30071,1.0,esol,True,False
CC1CCCCC1,-3.82786,1.0,esol,True,False
CC1CCCCC1C,-4.17833,1.0,esol,True,False
CC1CCCCC1NC(=O)Nc1ccccc1,-4.11036,1.0,esol,True,False
CC1CCCO1,0.181429,1.0,esol,True,False
CC1CO1,-0.59,0.642857,esol,True,False
CC1CO1,1.007,0.357143,esol,True,False
CC=C(C)C,-2.56,0.95,esol,True,False
CCBr,-1.08857,1.0,esol,True,False
CCC,-1.94,0.45,esol,True,False
CCC#CCC,-2.08316,0.95,esol,True,False
CCC#N,0.275789,0.95,esol,True,False
CCC(=O)CC,-0.265789,0.95,esol,True,False
CCC(=O)Nc1ccc(Cl)c(Cl)c1,-2.995,1.0,esol,True,False
CCC(=O)OC,-0.143571,1.0,esol,True,False
CCC(Br)(CC)C(=O)NC(N)=O,-2.67857,1.0,esol,True,False
CCC(C)(C)C,-3.59321,1.0,esol,True,False
CCC(C)(C)CC,-4.22947,0.95,esol,True,False
CCC(C)(C)CO,-1.07179,1.0,esol,True,False
CCC(C)(C)Cl,-2.51,0.9,esol,True,False
CCC(C)(C)O,0.108214,1.0,esol,True,False
CCC(C)(O)CC,-0.373571,1.0,esol,True,False
CCC(C)=O,0.509286,1.0,esol,True,False
CCC(C)C,-3.17105,0.95,esol,True,False
CCC(C)C(C)=O,-0.675789,0.95,esol,True,False
CCC(C)C(C)C,-4.28053,0.95,esol,True,False
CCC(C)C1(CC)C(=O)NC(=O)NC1=O,-2.39,0.45,esol,True,False
CCC(C)CC,-3.68107,1.0,esol,True,False
CCC(C)CCO,-1.376,0.5,esol,True,False
CCC(C)CCO,-0.71,0.45,esol,True,False
CCC(C)CO,-0.470714,1.0,esol,True,False
CCC(C)Cl,-1.96214,1.0,esol,True,False
CCC(C)O,0.427857,1.0,esol,True,False
CCC(CC)CO,-1.25464,1.0,esol,True,False
CCC(O)(CC)CC,-0.846429,1.0,esol,True,False
CCC(O)CC,-0.2375,1.0,esol,True,False
CCC1(C(C)C)C(=O)NC(=O)NC1=O,-2.20146,1.0,esol,True,False
CCC1(C)C(=O)NC(=O)NC1=O,-1.228,0.45,esol,True,False
CCC1(CC)C(=O)NC(=O)NC1=O,-2.4,0.321429,esol,True,False
CCC1(CC)C(=O)NC(=O)NC1=O,-1.39158,0.678571,esol,True,False
CCC1(CCC(C)C)C(=O)NC(=O)NC1=O,-2.56918,1.0,esol,True,False
CCC1CCCCC1,-4.25036,1.0,esol,True,False
CCC=O,0.630714,1.0,esol,True,False
CCCBr,-1.71964,1.0,esol,True,False
CCCC,-2.78474,0.95,esol,True,False
CCCC(=O)CC,-0.831579,0.95,esol,True,False
CCCC(=O)CCC,-1.39,1.0,esol,True,False
CCCC(=O)OC,-1.92,0.321429,esol,True,False
CCCC(=O)OC,-0.826842,0.678571,esol,True,False
CCCC(=O)OCC,-1.30393,1.0,esol,True,False
CCCC(C)(C)C,-4.35842,0.95,esol,True,False
CCCC(C)(C)O,-0.493214,1.0,esol,True,False
CCCC(C)(COC(N)=O)COC(N)=O,-1.71296,1.0,esol,True,False
CCCC(C)=O,-0.23,1.0,esol,True,False
CCCC(C)C,-3.74,1.0,esol,True,False
CCCC(C)C1(CC)C(=O)NC(=O)NC1=O,-2.455,0.9,esol,True,False
CCCC(C)CO,-1.15321,1.0,esol,True,False
CCCC(C)O,-0.292143,1.0,esol,True,False
CCCC(O)CCC,-1.3975,1.0,esol,True,False
CCCC1CCCC1,-4.74,0.9,esol,True,False
CCCC=O,-0.00892857,1.0,esol,True,False
CCCCBr,-2.30857,1.0,esol,True,False
CCCCC,-3.215,1.0,esol,True,False
CCCCC(=O)CCCC,-2.58786,1.0,esol,True,False
CCCCC(=O)OC,-1.35,0.9,esol,True,False
CCCCC(=O)OCC,-1.91786,1.0,esol,True,False
CCCCC(C)=O,-0.785,1.0,esol,True,False
CCCCC(C)CC,-5.15947,0.95,esol,True,False
CCCCC(C)O,-0.883929,1.0,esol,True,False
CCCCC(CC)CO,-2.16714,1.0,esol,True,False
CCCCC(O)CC,-1.47,0.9,esol,True,False
CCCCC1(CC)C(=O)NC(=O)NC1=O,-1.64604,1.0,esol,True,False
CCCCC=O,-0.856071,1.0,esol,True,False
CCCCCBr,-3.075,1.0,esol,True,False
CCCCCC,-3.88214,1.0,esol,True,False
CCCCCC(=O)OC,-1.955,1.0,esol,True,False
CCCCCC(=O)OCC,-2.34071,1.0,esol,True,False
CCCCCC(C)(C)O,-1.72,1.0,esol,True,False
CCCCCC(C)=O,-1.43107,1.0,esol,True,False
CCCCCC(C)C,-5.08,0.45,esol,True,False
CCCCCC(C)O,-1.55036,1.0,esol,True,False
CCCCCC(O)CC,-1.98,0.45,esol,True,False
CCCCCC1CCCC1,-6.08,0.45,esol,True,False
CCCCCC=O,-1.28179,1.0,esol,True,False
CCCCCCBr,-3.80929,1.0,esol,True,False
CCCCCCC,-4.50821,1.0,esol,True,False
CCCCCCC(=O)OCC,-2.72929,1.0,esol,True,False
CCCCCCC(C)=O,-2.08714,1.0,esol,True,False
CCCCCCC(C)O,-2.09,0.9,esol,True,False
CCCCCCCBr,-4.43036,1.0,esol,True,False
CCCCCCCC,-5.23929,1.0,esol,True,False
CCCCCCCC(=O)OC,-3.31929,1.0,esol,True,False
CCCCCCCC(=O)OCC,-3.39036,1.0,esol,True,False
CCCCCCCC(C)=O,-2.58143,1.0,esol,True,False
CCCCCCCCBr,-5.06107,1.0,esol,True,False
CCCCCCCCC,-5.82,0.95,esol,True,False
CCCCCCCCC(=O)OC,-3.64105,0.95,esol,True,False
CCCCCCCCC(=O)OCC,-3.8,1.0,esol,True,False
CCCCCCCCCC(=O)OC,-4.64821,1.0,esol,True,False
CCCCCCCCCC(=O)OCC,-4.1,1.0,esol,True,False
CCCCCCCCCCCC(=O)OC,-4.69,0.9,esol,True,False
CCCCCCCCCCCCCCCC,-8.4,0.45,esol,True,False
CCCCCCCCCCCCCCCCCCCC,-8.172,0.45,esol,True,False
CCCCCCCCCCCCCCCCCCO,-8.39526,0.95,esol,True,False
CCCCCCCCCCCCCCCCO,-7.17571,1.0,esol,True,False
CCCCCCCCCCCCCCCO,-6.35,0.95,esol,True,False
CCCCCCCCCCCCCCO,-5.9125,1.0,esol,True,False
CCCCCCCCCCCCO,-4.71107,1.0,esol,True,False
CCCCCCCCCCO,-3.63036,1.0,esol,True,False
CCCCCCCCCO,-3.01107,1.0,esol,True,False
CCCCCCCCO,-2.38714,1.0,esol,True,False
CCCCCCCCl,-3.99536,1.0,esol,True,False
CCCCCCCI,-4.81,1.0,esol,True,False
CCCCCCCO,-1.82143,1.0,esol,True,False
CCCCCCCl,-3.12,0.9,esol,True,False
CCCCCCO,-1.23964,1.0,esol,True,False
CCCCCCOC(=O)c1ccccc1C(=O)OCCCCCC,-6.144,0.45,esol,True,False
CCCCCCc1ccc(O)cc1O,-2.58964,1.0,esol,True,False
CCCCCCc1ccccc1,-5.22607,1.0,esol,True,False
CCCCCO,-0.601071,1.0,esol,True,False
CCCCCOC(=O)CC,-1.28,0.45,esol,True,False
CCCCCOC(C)=O,-1.88536,1.0,esol,True,False
CCCCCc1ccccc1,-4.64,0.9,esol,True,False
CCCCCl,-1.9925,1.0,esol,True,False
CCCCN(C)C(=O)Nc1ccc(Cl)c(Cl)c1,-4.76571,1.0,esol,True,False
CCCCN(CC)C(=O)SCCC,-3.44,0.9,esol,True,False
CCCCO,-0.0246429,1.0,esol,True,False
CCCCOC,-0.99,1.0,esol,True,False
CCCCOC(=O)CCCCCCCCC(=O)OCCCC,-3.896,0.45,esol,True,False
CCCCOC(=O)c1ccc(N)cc1,-2.90989,0.95,esol,True,False
CCCCOC(=O)c1ccccc1C(=O)OCCCC,-4.39821,1.0,esol,True,False
CCCCOC=O,-1.24421,0.95,esol,True,False
CCCCOCCCC,-2.638,0.357143,esol,True,False
CCCCOCCCC,-1.85,0.642857,esol,True,False
CCCCOCCO,-0.42,0.642857,esol,True,False
CCCCOCCO,0.927,0.357143,esol,True,False
CCCCOCN(C(=O)CCl)c1c(CC)cccc1CC,-4.19107,1.0,esol,True,False
CCCCS,-2.17964,1.0,esol,True,False
CCCCSP(=O)(SCCCC)SCCCC,-5.31643,1.0,esol,True,False
CCCCc1c(C)nc(NCC)nc1OS(=O)(=O)N(C)C,-4.16,0.9,esol,True,False
CCCCc1ccccc1,-4.05857,1.0,esol,True,False
CCCCl,-1.46679,1.0,esol,True,False
CCCI,-2.25821,1.0,esol,True,False
CCCO,0.62,0.45,esol,True,False
CCCO,1.221,0.5,esol,True,False
CCCOC,-0.388571,1.0,esol,True,False
CCCOC(=O)CC,-1.34,0.5,esol,True,False
CCCOC(=O)CC,-0.82,0.45,esol,True,False
CCCOC(=O)CCC,-1.86,1.0,esol,True,False
CCCOC(=O)c1ccc(N)cc1,-2.3685,1.0,esol,True,False
CCCOC(C)=O,-0.724643,1.0,esol,True,False
CCCOC(C)C,-1.33893,1.0,esol,True,False
CCCOC=O,-0.530357,1.0,esol,True,False
CCCOCC,-0.726071,1.0,esol,True,False
CCCOCCC,-1.5125,1.0,esol,True,False
CCCOP(=S)(OCCC)SCC(=O)N1CCCCC1C,-4.15,0.95,esol,True,False
CCCSCCC,-2.58,0.45,esol,True,False
CCCc1ccccc1,-3.36714,1.0,esol,True,False
CCCl,-1.05737,0.95,esol,True,False
CCI,-1.60036,1.0,esol,True,False
CCN(CC)C(=O)CSc1ccc(Cl)nn1,-1.716,0.95,esol,True,False
CCN(CC)C(=S)SSC(=S)N(CC)CC,-4.86,1.0,esol,True,False
CCN(CC)c1ccccc1,-3.02929,1.0,esol,True,False
CCN(CC)c1nc(Cl)nc(NC(C)C)n1,-3.785,0.95,esol,True,False
CCNC(=S)NCC,-1.46,0.9,esol,True,False
CCNc1ccccc1,-1.7,0.9,esol,True,False
CCNc1nc(NC(C)C)nc(SC)n1,-3.03893,1.0,esol,True,False
CCO,1.22474,0.95,esol,True,False
CCOC(=O)C=Cc1ccccc1,-2.99857,1.0,esol,True,False
CCOC(=O)CC,-0.683571,1.0,esol,True,False
CCOC(=O)CC(=O)OCC,-0.826786,1.0,esol,True,False
CCOC(=O)CC(SP(=S)(OC)OC)C(=O)OCC,-3.36464,1.0,esol,True,False
CCOC(=O)N(C)C(=O)CSP(=S)(OCC)OCC,-2.518,0.45,esol,True,False
CCOC(=O)c1ccc(N)cc1,-2.33693,1.0,esol,True,False
CCOC(=O)c1ccc(O)cc1,-2.33536,1.0,esol,True,False
CCOC(=O)c1ccccc1,-2.31964,1.0,esol,True,False
CCOC(=O)c1ccccc1C(=O)OCC,-2.33679,1.0,esol,True,False
CCOC(=O)c1cncn1C(C)c1ccccc1,-4.735,0.45,esol,True,False
CCOC(C)=O,-0.0407143,1.0,esol,True,False
CCOC(C)OCC,-0.429643,1.0,esol,True,False
CCOC=O,0.123571,1.0,esol,True,False
CCOCC,-0.0896429,1.0,esol,True,False
CCOCCOCC,-0.77,0.642857,esol,True,False
CCOCCOCC,-0.15,0.357143,esol,True,False
CCOP(=O)(OCC)OCC,0.433214,1.0,esol,True,False
CCOP(=S)(CC)Oc1cc(Cl)c(Cl)cc1Cl,-5.752,0.95,esol,True,False
CCOP(=S)(OCC)N1C(=O)c2ccccc2C1=O,-3.35071,1.0,esol,True,False
CCOP(=S)(OCC)SC(CCl)N1C(=O)c2ccccc2C1=O,-6.34,1.0,esol,True,False
CCOP(=S)(OCC)SCCSCC,-4.22857,1.0,esol,True,False
CCOP(=S)(OCC)SCSC(C)(C)C,-4.755,0.95,esol,True,False
CCOP(=S)(OCC)SCSCC,-3.96964,1.0,esol,True,False
CCOP(=S)(OCC)SCSP(=S)(OCC)OCC,-5.44857,1.0,esol,True,False
CCOc1ccc(NC(C)=O)cc1,-2.36321,1.0,esol,True,False
CCOc1ccccc1,-2.33071,1.0,esol,True,False
CCS,-0.6,1.0,esol,True,False
CCSC(=O)N(CC(C)C)CC(C)C,-3.68,0.9,esol,True,False
CCSC(=O)N(CC)C1CCCCC1,-3.4,0.9,esol,True,False
CCSCC,-1.40316,0.95,esol,True,False
CCSCCSP(=S)(OC)OC,-3.091,0.45,esol,True,False
CCSSCC,-2.42,0.45,esol,True,False
CCc1ccc(C)cc1,-3.1075,1.0,esol,True,False
CCc1ccc(CC)cc1,-3.74393,1.0,esol,True,False
CCc1ccc2ccccc2c1,-4.29,1.0,esol,True,False
CCc1ccccc1,-2.78,1.0,esol,True,False
CCc1ccccc1C,-3.20893,1.0,esol,True,False
CCc1ccccc1CC,-3.27789,0.95,esol,True,False
CCc1ccccn1,0.505263,0.95,esol,True,False
CN(C)C(=O)C(c1ccccc1)c1ccccc1,-2.97429,1.0,esol,True,False
CN(C)C(=O)N(C)C,0.938214,1.0,esol,True,False
CN(C)C(=O)NC1CC2CC1C1CCCC21,-3.0905,0.9,esol,True,False
CN(C)C(=O)NC1CCCCCCC1,-2.289,0.9,esol,True,False
CN(C)C(=O)Nc1ccc(Cl)cc1,-2.90643,1.0,esol,True,False
CN(C)C(=O)OC1=CC(=O)CC(C)(C)C1,-0.849286,1.0,esol,True,False
CN(C)C(=O)SCCCCOc1ccccc1,-3.927,0.45,esol,True,False
CN(C)C(=S)SSC(=S)N(C)C,-3.9,0.9,esol,True,False
CNC(=O)ON=C(CSC)C(C)(C)C,-1.62,0.9,esol,True,False
CNC(=O)Oc1cc(C)cc(C)c1,-2.581,0.95,esol,True,False
CNC(=O)Oc1ccc(N(C)C)c(C)c1,-2.35893,1.0,esol,True,False
CNC(=O)Oc1ccccc1,-1.803,0.45,esol,True,False
CNC(=O)Oc1ccccc1C1OCCO1,-1.57036,1.0,esol,True,False
CNN,1.33893,1.0,esol,True,False
COC(=O)Nc1cccc(OC(=O)Nc2cccc(C)c2)c1,-4.79132,0.95,esol,True,False
COC(=O)c1cc(O)c(O)c(O)c1,-1.24,1.0,esol,True,False
COC(=O)c1ccc(O)cc1,-1.79654,1.0,esol,True,False
COC(=O)c1ccccc1,-1.83643,1.0,esol,True,False
COC(=O)c1cccnc1,-0.46,1.0,esol,True,False
COC(C)(C)C,-0.239286,1.0,esol,True,False
COC(C)(C)CCCC(C)CC=CC(C)=CC(=O)OC(C)C,-5.24571,1.0,esol,True,False
COC(C)=O,0.499286,1.0,esol,True,False
COC=O,0.624286,1.0,esol,True,False
COCCCNc1nc(NC(C)C)nc(SC)n1,-2.928,0.95,esol,True,False
COCOC,0.489286,1.0,esol,True,False
CON(C)C(=O)Nc1ccc(Br)c(Cl)c1,-3.924,0.95,esol,True,False
COP(=O)(OC)C(O)C(Cl)(Cl)Cl,-0.259643,1.0,esol,True,False
COP(=O)(OC)OC(=CCl)c1cc(Cl)c(Cl)cc1Cl,-4.522,0.95,esol,True,False
COP(=O)(OC)OC(Br)C(Cl)(Cl)Br,-2.28,0.95,esol,True,False
COP(=S)(OC)Oc1cc(Cl)c(Br)cc1Cl,-6.08857,1.0,esol,True,False
COP(=S)(OC)Oc1cc(Cl)c(Cl)cc1Cl,-5.64393,1.0,esol,True,False
COP(=S)(OC)Oc1cc(Cl)c(I)cc1Cl,-6.61857,1.0,esol,True,False
COP(=S)(OC)Oc1ccc(Sc2ccc(OP(=S)(OC)OC)cc2)cc1,-6.237,0.95,esol,True,False
COP(=S)(OC)SCC(=O)N(C)C=O,-1.995,0.45,esol,True,False
COc1c(O)c(Cl)c(Cl)c(Cl)c1Cl,-4.02,0.9,esol,True,False
COc1c2occc2cc2ccc(=O)oc12,-3.66021,1.0,esol,True,False
COc1ccc(C=O)cc1,-1.49429,1.0,esol,True,False
COc1ccc(Cl)cc1,-2.78,0.45,esol,True,False
COc1ccc(Oc2ccc(NC(=O)N(C)C)cc2)cc1,-4.15857,1.0,esol,True,False
COc1ccc2ccc(=O)oc2c1CC=C(C)C,-4.31093,1.0,esol,True,False
COc1cccc(Cl)c1,-2.78,0.45,esol,True,False
COc1ccccc1,-1.90964,1.0,esol,True,False
COc1ccccc1O,-1.96,0.642857,esol,True,False
COc1ccccc1O,-0.822,0.357143,esol,True,False
COc1ccccc1OCC(O)COC(N)=O,-0.985,0.95,esol,True,False
CSC,-0.994,0.5,esol,True,False
CSC,-0.45,0.45,esol,True,False
CSSC,-1.44,0.45,esol,True,False
CSc1ccccc1,-2.39,1.0,esol,True,False
Cc1c(C)c(C)c(C)c(C)c1C,-5.839,0.5,esol,True,False
Cc1c(C)c(C)c(C)c(C)c1C,-5.23,0.45,esol,True,False
Cc1c2ccccc2c(C)c2ccccc12,-6.56857,1.0,esol,True,False
Cc1c2ccccc2cc2ccccc12,-5.88179,1.0,esol,True,False
Cc1c[nH]c(=O)[nH]c1=O,-1.51514,1.0,esol,True,False
Cc1c[nH]c2ccccc12,-2.42036,1.0,esol,True,False
Cc1cc(=O)[nH]c(=S)[nH]1,-2.433,0.9,esol,True,False
Cc1cc(C)c(C)c(C)c1C,-3.99321,1.0,esol,True,False
Cc1cc(C)c(C)cc1C,-4.58789,0.95,esol,True,False
Cc1cc(C)c(O)c(C)c1,-2.05263,0.95,esol,True,False
Cc1cc(C)c2ccccc2c1,-4.29036,1.0,esol,True,False
Cc1cc(C)cc(C)c1,-3.39893,1.0,esol,True,False
Cc1cc(C)cc(O)c1,-1.39964,1.0,esol,True,False
Cc1ccc(Br)cc1,-3.19071,1.0,esol,True,False
Cc1ccc(C)c(C)c1,-3.315,1.0,esol,True,False
Cc1ccc(C)cc1,-2.78643,1.0,esol,True,False
Cc1ccc(Cl)cc1,-3.07893,1.0,esol,True,False
Cc1ccc(N)cc1,-1.2125,1.0,esol,True,False
Cc1ccc(O)cc1,-0.710357,1.0,esol,True,False
Cc1ccc(O)cc1C,-1.4,1.0,esol,True,False
Cc1ccc2cc(C)ccc2c1,-4.89107,1.0,esol,True,False
Cc1ccc2cc3ccccc3cc2c1,-6.95857,1.0,esol,True,False
Cc1ccc2ccccc2c1,-3.76714,1.0,esol,True,False
Cc1cccc(C)c1O,-1.30179,1.0,esol,True,False
Cc1cccc(N)c1,-0.851429,1.0,esol,True,False
Cc1cccc2c(C)cccc12,-4.72611,1.0,esol,True,False
Cc1cccc2ccccc12,-3.71464,1.0,esol,True,False
Cc1cccc2sc3nncn3c12,-2.07107,1.0,esol,True,False
Cc1ccccc1,-2.22179,1.0,esol,True,False
Cc1ccccc1-n1c(C)nc2ccccc2c1=O,-2.925,0.45,esol,True,False
Cc1ccccc1C,-2.79143,1.0,esol,True,False
Cc1ccccc1Cl,-3.52,0.642857,esol,True,False
Cc1ccccc1Cl,-2.53,0.357143,esol,True,False
Cc1ccccc1N,-2.21,0.321429,esol,True,False
Cc1ccccc1N,-0.828947,0.678571,esol,True,False
Cc1ccccc1O,-0.620357,1.0,esol,True,False
Cc1cccnc1C,0.381786,1.0,esol,True,False
Cc1ccnc(C)c1,0.427857,1.0,esol,True,False
Cc1cncc(C)c1,0.38,0.9,esol,True,False
Cc1occc1C(=O)Nc1ccccc1,-3.30143,1.0,esol,True,False
ClC(Br)Br,-1.90679,1.0,esol,True,False
ClC(Cl)(Cl)C(Cl)(Cl)Cl,-4.488,0.357143,esol,True,False
ClC(Cl)(Cl)C(Cl)(Cl)Cl,-3.67,0.642857,esol,True,False
ClC(Cl)(Cl)Cl,-2.30214,1.0,esol,True,False
ClC(Cl)=C(Cl)C(Cl)=C(Cl)Cl,-4.91357,1.0,esol,True,False
ClC(Cl)=C(Cl)Cl,-2.67536,1.0,esol,True,False
ClC(Cl)=C(c1ccc(Cl)cc1)c1ccc(Cl)cc1,-6.9,1.0,esol,True,False
ClC(Cl)Br,-1.60893,1.0,esol,True,False
ClC(Cl)C(Cl)(Cl)Cl,-2.60893,1.0,esol,True,False
ClC(Cl)Cl,-1.1725,1.0,esol,True,False
ClC1C(Cl)C(Cl)C(Cl)C(Cl)C1Cl,-4.76893,1.0,esol,True,False
ClC=C(Cl)Cl,-2.00179,1.0,esol,True,False
ClCBr,-0.889643,1.0,esol,True,False
ClCC(Cl)(Cl)Cl,-2.18,0.9,esol,True,False
ClCC(Cl)Cl,-1.48,1.0,esol,True,False
ClCCBr,-1.31929,1.0,esol,True,False
ClCCCCl,-1.61786,1.0,esol,True,False
ClCCCl,-1.06179,1.0,esol,True,False
ClCCl,-0.696071,1.0,esol,True,False
ClCc1ccccc1,-2.38714,1.0,esol,True,False
Clc1c(Cl)c(Cl)c2nccnc2c1Cl,-5.42929,1.0,esol,True,False
Clc1cc(Cl)c(Cl)c(Cl)c1,-4.62893,1.0,esol,True,False
Clc1cc(Cl)c(Cl)c(Cl)c1Cl,-5.58893,1.0,esol,True,False
Clc1cc(Cl)c(Cl)cc1Cl,-5.56,0.95,esol,True,False
Clc1cc(Cl)cc(Cl)c1,-4.48,1.0,esol,True,False
Clc1ccc(Br)cc1,-3.63,1.0,esol,True,False
Clc1ccc(Cl)c(Cl)c1,-3.5825,1.0,esol,True,False
Clc1ccc(Cl)c(Cl)c1Cl,-4.56714,1.0,esol,True,False
Clc1ccc(I)cc1,-4.05421,0.95,esol,True,False
Clc1ccc2ccccc2c1,-4.14107,1.0,esol,True,False
Clc1cccc(Cl)c1,-3.05071,1.0,esol,True,False
Clc1cccc(Cl)c1Cl,-4.00107,1.0,esol,True,False
Clc1cccc2ccccc12,-3.94464,1.0,esol,True,False
Clc1ccccc1,-2.37071,1.0,esol,True,False
Clc1ccccc1-c1ccccc1,-4.55857,1.0,esol,True,False
Clc1ccccc1-c1ccccc1Cl,-5.2025,1.0,esol,True,False
Clc1ccccc1Cl,-3.02286,1.0,esol,True,False
FC(F)(Cl)C(F)(Cl)Cl,-3.04071,1.0,esol,True,False
FC(F)(Cl)C(F)(F)Cl,-2.9975,1.0,esol,True,True
FC(F)(F)C(Cl)Br,-1.70786,1.0,esol,True,True
Fc1ccccc1,-1.79821,1.0,esol,True,False
ICI,-2.33684,0.95,esol,True,False
Ic1ccccc1,-2.85321,1.0,esol,True,False
N#Cc1ccccc1C#N,-2.38,0.9,esol,True,False
NC(=O)CCl,-0.0189286,1.0,esol,True,False
NC(=O)NC1NC(=O)NC1=O,-1.6,0.9,esol,True,False
NC(=O)NCc1ccccc1,-0.948571,1.0,esol,True,False
NC(=O)c1ccccc1,-0.9575,1.0,esol,True,False
NC(=O)c1ccccc1O,-1.80179,1.0,esol,True,False
NC(=O)c1cccnc1,0.610714,1.0,esol,True,False
NC(=O)c1cnccn1,-0.833322,1.0,esol,True,False
NC(=S)Nc1ccccc1,-1.77714,1.0,esol,True,False
NC(N)=O,0.959286,1.0,esol,True,False
NC(N)=S,0.3025,1.0,esol,True,False
NNC(=O)c1ccncc1,0.00932143,1.0,esol,True,False
NNc1ccccc1,0.07,1.0,esol,True,False
Nc1cc2c3ccccc3ccc2c2ccccc12,-6.19857,1.0,esol,True,False
Nc1ccc(O)cc1,-0.812143,1.0,esol,True,False
Nc1cccc(Cl)c1,-1.37107,1.0,esol,True,False
Nc1ccccc1,-0.411071,1.0,esol,True,False
Nc1ccccc1O,-0.726071,1.0,esol,True,False
Nc1cnn(-c2ccccc2)c(=O)c1Cl,-2.82757,1.0,esol,True,False
Nc1nccs1,-0.36,0.9,esol,True,False
O=C(Cn1ccnc1[N+](=O)[O-])NCc1ccccc1,-2.81107,1.0,esol,True,False
O=C(c1ccccc1)c1ccccc1,-3.12143,1.0,esol,True,False
O=C1CCC(=O)N1,0.298571,1.0,esol,True,False
O=C1CCCCC1,-0.597857,1.0,esol,True,False
O=C1CCCN1,1.07,1.0,esol,True,False
O=C1CNC(=O)N1,-0.400714,1.0,esol,True,False
O=C1CSC(=S)N1,-1.77,0.9,esol,True,False
O=C1NC(=O)C(=O)N1,-0.4,0.9,esol,True,False
O=Cc1ccc(O)cc1,-0.965714,1.0,esol,True,False
O=Cc1ccccc1,-1.19643,1.0,esol,True,False
O=Cc1ccco1,-0.0985714,1.0,esol,True,False
O=c1cc[nH]c(=O)[nH]1,-1.48721,1.0,esol,True,False
OC(c1ccc(Cl)cc1)(c1ccc(Cl)cc1)C(Cl)(Cl)Cl,-5.55126,0.95,esol,True,False
OC1C(O)C(O)C(O)C(O)C1O,0.189286,1.0,esol,True,False
OC1C=CC2C1C1(Cl)C(Cl)=C(Cl)C2(Cl)C1(Cl)Cl,-5.46,0.9,esol,True,False
OC1CCCCC1,-0.4175,1.0,esol,True,False
OC1CCCCCC1,-0.88,0.45,esol,True,False
OC1CCCCCCC1,-1.29,0.45,esol,True,False
OC1COC(O)C(O)C1O,0.39,0.9,esol,True,False
OCC(O)C(O)C(O)C(O)CO,0.06,0.225,esol,True,False
OCC(O)C(O)C(O)C(O)CO,1.09,0.675,esol,True,False
OCC(O)C(O)CO,0.699643,1.0,esol,True,False
OCC(O)CO,1.09,1.0,esol,True,False
OCC1OC(O)(CO)C(O)C1O,0.64,0.45,esol,True,False
OCC1OC(O)C(O)C(O)C1O,0.74,0.9,esol,True,False
OCC1OC(OCC2OC(OC3(CO)OC(CO)C(O)C3O)C(O)C(O)C2O)C(O)C(O)C1O,-0.41,0.45,esol,True,False
OCCOc1ccccc1,-0.708214,1.0,esol,True,False
OCc1ccccc1,-0.411429,1.0,esol,True,False
Oc1c(Cl)c(Cl)c(Cl)c(Cl)c1Cl,-4.27964,1.0,esol,True,False
Oc1c(Cl)c(Cl)cc(Cl)c1Cl,-3.37,0.45,esol,True,False
Oc1c(Cl)cc(Cl)c(Cl)c1Cl,-4.004,0.5,esol,True,False
Oc1c(Cl)cc(Cl)c(Cl)c1Cl,-3.1,0.45,esol,True,False
Oc1c(Cl)cc(Cl)cc1Cl,-2.35857,1.0,esol,True,False
Oc1c(Cl)ccc(Cl)c1Cl,-2.64105,0.95,esol,True,False
Oc1cc(Cl)c(Cl)c(Cl)c1Cl,-3.15,0.45,esol,True,False
Oc1cc(Cl)c(Cl)cc1Cl,-2.21214,1.0,esol,True,False
Oc1cc(Cl)cc(Cl)c1,-1.45526,0.95,esol,True,False
Oc1cc(Cl)cc(Cl)c1Cl,-2.67,0.45,esol,True,False
Oc1ccc(Br)cc1,-1.09071,1.0,esol,True,False
Oc1ccc(Cl)c(Cl)c1,-1.25,0.45,esol,True,False
Oc1ccc(Cl)c(Cl)c1Cl,-2.67,0.45,esol,True,False
Oc1ccc(Cl)cc1,-0.710357,1.0,esol,True,False
Oc1ccc(Cl)cc1Cc1cc(Cl)ccc1O,-3.95204,1.0,esol,True,False
Oc1ccc(Cl)cc1Cl,-1.55321,1.0,esol,True,False
Oc1ccc(O)cc1,-0.175,1.0,esol,True,False
Oc1ccc2ccccc2c1,-2.28036,1.0,esol,True,False
Oc1cccc(Cl)c1,-0.697857,1.0,esol,True,False
Oc1cccc(Cl)c1Cl,-1.48737,0.95,esol,True,False
Oc1cccc(O)c1,0.811429,1.0,esol,True,False
Oc1cccc2ccccc12,-2.22036,1.0,esol,True,False
Oc1ccccc1,-0.02,1.0,esol,True,False
Oc1ccccc1Cl,-1.05857,1.0,esol,True,False
Oc1ccccc1O,0.620714,1.0,esol,True,False
Sc1ccccc1,-2.12,1.0,esol,True,False
c1cc2ccc3ccc4ccc5ccc6ccc1c1c2c3c4c5c61,-9.332,0.45,esol,True,False
c1cc2ccc3ccc4ccc5cccc6c(c1)c2c3c4c56,-9.02471,1.0,esol,True,False
c1ccc2c(c1)cc1ccc3cccc4ccc2c1c34,-8.699,0.321429,esol,True,False
c1ccc2c(c1)cc1ccc3cccc4ccc2c1c34,-8.19105,0.678571,esol,True,False
c1ccc2ccccc2c1,-3.60571,1.0,esol,True,False
c1ccc2nc3ccccc3cc2c1,-3.66964,1.0,esol,True,False
c1ccccc1,-1.64,1.0,esol,True,False
c1ccncc1,0.882143,1.0,esol,True,False
c1ccoc1,-0.824643,1.0,esol,True,False
c1ccsc1,-1.41,1.0,esol,True,False
c1cnc2ncncc2n1,0.025,1.0,esol,True,False
c1cncnc1,1.09857,1.0,esol,True,False
Brc1c(NC2=NCCN2)ccc2nccnc12,-4.42,1.0,kinect,True,False
C1N2CN3CN1CN(C2)C3,-3.82,1.0,kinect,True,False
C=CC(=O)Nc1cc2c(Nc3ccc(F)c(Cl)c3)ncnc2cc1OCCCN1CCOCC1,-6.1,1.0,kinect,True,False
CC(=O)N1C[C@H](O)C[C@H]1C(=O)O,-3.82,1.0,kinect,True,False
CC(=O)NC(CC(=O)O)C(=O)O,-3.82,1.0,kinect,True,False
CC(=O)NO,-5.57,1.0,kinect,True,False
CC(=O)N[C@@H](CS)C(=O)O,-3.82,1.0,kinect,True,False
CC(=O)Nc1ccc(C(=O)Nc2ccccc2N)cc1,-3.2,1.0,kinect,True,False
CC(=O)Nc1ccc(CC(=O)O)cc1,-3.82,1.0,kinect,True,False
CC(=O)Nc1ccc(O)cc1,-3.82,1.0,kinect,True,False
CC(=O)Nc1ccccc1,-3.82,1.0,kinect,True,False
CC(=O)OCC[N+](C)(C)C,-3.665,1.0,kinect,True,False
CC(=O)[C@H]1CC[C@H]2[C@@H]3CCC4=CC(=O)CC[C@]4(C)[C@H]3CC[C@]12C,-4.43,1.0,kinect,True,False
CC(C)(C)NC(=O)[C@@H]1C[C@@H]2CCCC[C@@H]2CN1C[C@@H](O)[C@H](Cc1ccccc1)NC(=O)[C@H](CC(N)=O)NC(=O)c1ccc2ccccc2n1,-4.44,1.0,kinect,True,False
CC(C)(C)NC(=O)[C@H]1CC[C@H]2[C@@H]3CC[C@H]4NC(=O)C=C[C@]4(C)[C@H]3CC[C@]12C,-3.85,1.0,kinect,True,False
CC(C)(C)NC(=O)c1ccc(Oc2cc(F)c(CC(=O)O)cc2Cl)c(NS(=O)(=O)c2ccc(C3CC3)cc2Cl)c1,-3.07,1.0,kinect,True,False
CC(C)NCC(O)COc1cccc2[nH]ccc12,-3.82,1.0,kinect,True,False
CC(C)c1cc(C(=O)N2Cc3ccc(CN4CCN(C)CC4)cc3C2)c(O)cc1O,-4.03,1.0,kinect,True,False
CC(C[N+](C)(C)C)OC(N)=O,-3.74,1.0,kinect,True,False
CC1(C)CNc2cc(NC(=O)c3cccnc3NCc3ccncc3)ccc21,-4.35,1.0,kinect,True,False
CC1(C)SCCN(S(=O)(=O)c2ccc(Oc3ccncc3)cc2)[C@H]1C(=O)NO,-4.16,1.0,kinect,True,False
CC1(COc2ccc3c(c2)ncn3-c2ccc3cccc(N4CCC(N)CC4)c3n2)COC1,-5.29,1.0,kinect,True,False
CC1=C(C(=O)Nc2ccccc2)S(=O)(=O)CCO1,-3.85,1.0,kinect,True,False
CC=CC=NNC(=O)c1ccncc1,-3.89,1.0,kinect,True,False
CCC(C(=O)OCCOCCN(CC)CC)c1ccccc1,-3.87,1.0,kinect,True,False
CCCC(CCC)C(=O)OC1CC2CCC(C1)[N+]2(C)C,-3.72,1.0,kinect,True,False
CCCCCCCCCCCCCCCC[N+](C)(C)CC,-3.94,1.0,kinect,True,False
CCCCN(CCCC)CCCOC(=O)c1ccc(N)cc1,-3.82,1.0,kinect,True,False
CCCCNC(=O)NS(=O)(=O)c1ccc(C)cc1,-3.82,1.0,kinect,True,False
CCCC[C@@H](C=O)NC(=O)[C@H](CC(C)C)NC(=O)[C@H](CC(C)C)NC(C)=O,-2.85,1.0,kinect,True,False
CCCCn1c(Cc2cc(OC)c(OC)c(OC)c2)nc2c(N)ncnc21,-4.07,1.0,kinect,True,False
CCCNC(=O)NS(=O)(=O)c1ccc(Cl)cc1,-3.82,1.0,kinect,True,False
CCCSc1ccc2nc(NC(=O)OC)[nH]c2c1,-5.8,0.5,kinect,True,False
CCCSc1ccc2nc(NC(=O)OC)[nH]c2c1,-5.28,0.5,kinect,True,False
CCC[C@@H]1O[C@@H]2C[C@H]3[C@@H]4CCC5=CC(=O)C=C[C@]5(C)[C@H]4[C@@H](O)C[C@]3(C)[C@]2(C(=O)CO)O1,-4.71,1.0,kinect,True,False
CCCn1c(=O)c2[nH]c(C3CCCC3)nc2n(CCC)c1=O,-4.99,1.0,kinect,True,False
CCN(C(=O)Cc1ccc(S(C)(=O)=O)cc1)C1CCN(CC[C@H](c2ccc(S(C)(=O)=O)cc2)c2cc(F)cc(F)c2)CC1,-3.79,1.0,kinect,True,False
CCN(CC)C(=O)Cc1ccccc1,-3.82,1.0,kinect,True,False
CCN(CC)C(=O)c1ccc(O)c(OC)c1,-3.82,1.0,kinect,True,False
CCN(CC)CCNC(=O)COc1ccc(OC)cc1,-3.94,1.0,kinect,True,False
CCN(CC)CCOCCOC(=O)C(CC)(CC)c1ccccc1,-3.85,1.0,kinect,True,False
CCN(CC)Cc1cc(Nc2ccnc3cc(Cl)ccc23)ccc1O,-4.16,1.0,kinect,True,False
CCN(CC)c1cc(C)nc2ncnn12,-3.82,1.0,kinect,True,False
CCN(Cc1ccncc1)C(=O)C(CO)c1ccccc1,-3.82,1.0,kinect,True,False
CCN1C(=O)C(C)(C)c2cc3[nH]c4c(c3cc21)CCCc1c(C)n[nH]c1-4,-6.15,1.0,kinect,True,False
CCN1CCN(Cc2ccc(-c3cc4c(N[C@H](C)c5ccccc5)ncnc4[nH]3)cc2)CC1,-4.23,1.0,kinect,True,False
CCN1CCN(c2ccc(Nc3cc(N(C)C(=O)Nc4c(Cl)c(OC)cc(OC)c4Cl)ncn3)cc2)CC1,-6.3,1.0,kinect,True,False
CCNCC(=O)Nc1c(C)cccc1C,-3.91,1.0,kinect,True,False
CCNc1nc(Cl)nc(NC2CCCCC2)n1,-4.14,1.0,kinect,True,False
CCOC(=O)N1CCN(C(=O)[C@H](Cc2cccc(C(=N)N)c2)NS(=O)(=O)c2c(C(C)C)cc(C(C)C)cc2C(C)C)CC1,-3.16,1.0,kinect,True,False
CCOC(=O)c1ccc(N)cc1,-3.82,1.0,kinect,True,False
CCOC(=O)c1ccc(OCCC2CCN(c3ccc(C)nn3)CC2)cc1,-5.85,1.0,kinect,True,False
CCOCc1nc2c(N)nc3ccccc3c2n1CC(C)(C)O,-3.38,1.0,kinect,True,False
CCOc1cc2ncc(C#N)c(Nc3ccc(F)c(Cl)c3)c2cc1NC(=O)/C=C/CN(C)C,-5.82,1.0,kinect,True,False
CCOc1cc2ncc(C#N)c(Nc3ccc(OCc4ccccn4)c(Cl)c3)c2cc1NC(=O)/C=C/CN(C)C,-6.52,1.0,kinect,True,False
CCOc1ccc(NC(C)=O)cc1,-3.84,1.0,kinect,True,False
CCOc1ccc2ccc(=O)oc2c1,-3.0,1.0,kinect,True,False
CC[C@H](CO)Nc1nc(NCc2ccccc2)c2ncn(C(C)C)c2n1,-4.13,1.0,kinect,True,False
CC[N+](C)(C)Cc1ccccc1Br,-3.59,1.0,kinect,True,False
CC[N+](CC)(CC)CC,-3.81,1.0,kinect,True,False
CCc1cn([C@H]2C[C@H](O)[C@@H](CO)O2)c(=O)[nH]c1=O,-3.82,1.0,kinect,True,False
CCc1nc(N)nc(N)c1-c1ccc(Cl)cc1,-3.82,1.0,kinect,True,False
CCc1nc2c(N)nc3ccccc3c2n1CCCCNS(C)(=O)=O,-3.27,1.0,kinect,True,False
CCc1ncc(C)[nH]1,-3.82,1.0,kinect,True,False
CCc1nn(C2CCCC2)c2c1CCn1c(-c3cccs3)nnc1-2,-4.65,1.0,kinect,True,False
CCc1nnc(NS(=O)(=O)c2ccc(N)cc2)s1,-4.05,1.0,kinect,True,False
CN(C(=O)C(Cl)Cl)c1ccc(OC(=O)c2ccco2)cc1,-3.82,1.0,kinect,True,False
CN(C)c1ccc(SC#N)cc1,-4.63,1.0,kinect,True,False
CN(C)c1cccc2cccc(N(C)C)c12,-3.84,1.0,kinect,True,False
CN(C)c1nc(Cc2ccc(NC(=O)c3ccc(C(F)(F)F)cc3)cc2)nc(N(C)C)c1CC(=O)O,-4.54,1.0,kinect,True,True
CN(CCOc1ccc(CC2SC(=O)NC2=O)cc1)c1ccccn1,-4.55,1.0,kinect,True,False
CN(CCOc1ccc(NS(C)(=O)=O)cc1)CCc1ccc(NS(C)(=O)=O)cc1,-3.37,1.0,kinect,True,False
CN1C(=O)OC(C)(C)C1=O,-5.68,1.0,kinect,True,False
CN1CC(=O)N=C1N,-3.7,1.0,kinect,True,False
CN1CCN(CC/C=C2/c3ccccc3Sc3ccc(S(=O)(=O)N(C)C)cc32)CC1,-3.82,1.0,kinect,True,False
CNC(=O)NC(O)C(Cl)(Cl)Cl,-3.83,1.0,kinect,True,False
CNC(=O)c1c(-c2ccc(F)cc2)oc2cc(N(CCO)S(C)(=O)=O)c(C3CC3)cc12,-4.22,1.0,kinect,True,False
CNC(=O)c1ccc(C)c(-n2c(C)cc(OCc3ccc(F)cc3F)c(Br)c2=O)c1,-4.67,1.0,kinect,True,False
CNC(=O)c1ccccc1Nc1nc(Nc2ccc(N3CCOCC3)cc2OC)ncc1Cl,-6.4,1.0,kinect,True,False
CNCCc1ccc(OC)c(OC)c1,-3.82,1.0,kinect,True,False
CNCCc1ccccc1,-5.65,1.0,kinect,True,False
CNCc1ccc(-c2[nH]c3cc(F)cc4c3c2CCNC4=O)cc1,-3.07,1.0,kinect,True,False
CNS(=O)(=O)Cc1ccc2[nH]cc(CCN(C)C)c2c1,-3.87,1.0,kinect,True,False
CNc1n[nH]c(=S)s1,-4.05,1.0,kinect,True,False
COC(=O)N[C@H](C(=O)N1CCC[C@H]1c1ncc(-c2ccc(-c3ccc(-c4cnc([C@@H]5CCCN5C(=O)[C@@H](NC(=O)OC)C(C)C)[nH]4)cc3)cc2)[nH]1)C(C)C,-4.99,1.0,kinect,True,False
COC(=O)[C@@H]1[C@@H](O)CC[C@H]2CN3CCc4c([nH]c5ccccc45)[C@@H]3C[C@H]12,-3.82,1.0,kinect,True,False
COC(=O)c1cc(OC)c(OC)c(OC)c1[N+](=O)[O-],-3.85,1.0,kinect,True,False
COCC(=O)NC/C=C/c1ccc2ncnc(Nc3ccc(Oc4ccc(C)nc4)c(C)c3)c2c1,-5.96,1.0,kinect,True,False
COCCNS(=O)(=O)c1ccc(Nc2nccc(-c3cnc(C)n3C(C)C)n2)cc1,-3.44,1.0,kinect,True,False
CO[C@@H](C(=O)N1Cc2[nH]nc(NC(=O)c3ccc(N4CCN(C)CC4)cc3)c2C1)c1ccccc1,-3.71,1.0,kinect,True,False
COc1c(C)cnc(Cn2cnc3c(Cl)nc(N)nc32)c1C,-3.99,1.0,kinect,True,False
COc1c(Nc2ccc(S(C)(=O)=O)nc2C)ncnc1OC1CCN(C(=O)OC(C)C)CC1,-4.83,1.0,kinect,True,False
COc1cc(NC(=O)Nc2cccc(CNC(=O)O[C@H]3CCOC3)c2)ccc1-c1cnco1,-5.89,1.0,kinect,True,False
COc1cc(Nc2nccc(Nc3c(Cl)ccc4c3OCO4)n2)cc(OC)c1OC,-5.27,1.0,kinect,True,False
COc1cc2c(Oc3ccc(NC(=O)C4(C(=O)Nc5ccc(F)cc5)CC4)cc3F)ccnc2cc1OCCCN1CCOCC1,-6.0,1.0,kinect,True,False
COc1cc2nccc(Oc3ccc(NC(=O)Nc4cc(C)on4)c(Cl)c3)c2cc1OC,-5.03,1.0,kinect,True,False
COc1cc2ncnc(Nc3ccc(F)c(Cl)c3)c2cc1NC(=O)/C=C/CN1CCCCC1,-5.17,1.0,kinect,True,False
COc1ccc(-c2c(-c3ccc(O)cc3O)n[nH]c2C)cc1,-3.68,1.0,kinect,True,False
COc1ccc(CC(=O)NCCC2=CCCCC2)cc1,-3.82,1.0,kinect,True,False
COc1ccc(CCN)cc1OC,-3.86,1.0,kinect,True,False
COc1ccc(Cc2nccc3cc(OC)c(OC)cc23)cc1OC,-4.42,1.0,kinect,True,False
COc1ccc(F)c(F)c1C(=O)c1cnc(NC2CCN(S(C)(=O)=O)CC2)nc1N,-5.52,1.0,kinect,True,False
COc1ccc(NC(=O)c2cc3ccccc3cc2O)cc1,-5.29,1.0,kinect,True,False
COc1ccc(Nc2nc(N)c(C(=O)c3ccc(OC)cc3)s2)cc1,-5.4,1.0,kinect,True,False
COc1ccc2[nH]cc(CCN(C)C)c2c1,-3.82,1.0,kinect,True,False
COc1ccc2[nH]cc(CCNC(C)=O)c2c1,-3.82,1.0,kinect,True,False
COc1ccc2cc[nH]c2c1,-3.98,1.0,kinect,True,False
COc1ccc2nc(NC(=O)Nc3ccccc3)sc2c1,-6.18,1.0,kinect,True,False
COc1cccc(Nc2c(C(N)=O)cnc3c(C)cc(S(=O)(=O)c4cccc(C(=O)N(C)C)c4)cc23)c1,-5.96,1.0,kinect,True,False
COc1ccccc1OCC(O)COC(N)=O,-3.91,1.0,kinect,True,False
COc1nccnc1NS(=O)(=O)c1ccc(N)cc1,-3.82,1.0,kinect,True,False
CS(=O)(=O)N1CCc2c(-c3cnc(N)nc3)nc(N3CCOCC3)nc21,-5.77,1.0,kinect,True,False
CS(=O)(=O)Nc1cccc(Nc2nccc(Nc3c(Cl)ccc4c3OCO4)n2)c1,-5.14,1.0,kinect,True,True
CS(=O)(=O)c1cccc(Nc2nccc(Nc3c(Cl)ccc4c3OCO4)n2)c1,-4.52,1.0,kinect,True,False
C[C@@H](C(=O)O)c1cccc(C(=O)c2ccccc2)c1,-3.51,1.0,kinect,True,False
C[C@@H](Oc1cc(-c2cnn(C3CCNCC3)c2)cnc1N)c1c(Cl)ccc(F)c1Cl,-3.59,1.0,kinect,True,False
C[C@H](NC1=NC(=O)[C@@](C)(C(F)(F)F)S1)c1ccccc1F,-3.66,1.0,kinect,True,True
C[C@H]1CN(C(=O)c2cc3c(C(=O)C(=O)N(C)C)cn(C)c3cc2Cl)[C@H](C)CN1Cc1ccc(F)cc1,-4.28,1.0,kinect,True,False
C[N+](C)(C)CCCCCC[N+](C)(C)C,-3.57,1.0,kinect,True,False
C[N+](C)(C)CCOC(=O)CCC(=O)OCC[N+](C)(C)C,-3.69,1.0,kinect,True,False
C[N+](C)(C)Cc1ccccc1,-3.73,1.0,kinect,True,False
C[N+](C)(C)c1ccccc1,-3.54,1.0,kinect,True,False
Cc1[nH]c2ccccc2c1CCNCc1ccc(/C=C/C(=O)NO)cc1,-2.87,1.0,kinect,True,False
Cc1c(-c2ccc(O)cc2)n(Cc2ccc(OCCN3CCCCCC3)cc2)c2ccc(O)cc12,-5.28,1.0,kinect,True,False
Cc1c(CN2CCN(C(=O)[C@H](C)O)CC2)sc2c(N3CCOCC3)nc(-c3cnc(N)nc3)nc12,-4.4,1.0,kinect,True,False
Cc1c(Cc2ccc3ccccc3n2)c2cc(F)ccc2n1CC(=O)O,-3.95,1.0,kinect,True,False
Cc1c(NC(=O)OC[C@@H]2COCCN2)cn2ncnc(Nc3ccc4c(cnn4Cc4cccc(F)c4)c3)c12,-5.77,1.0,kinect,True,False
Cc1c[nH]c2ccccc12,-4.29,1.0,kinect,True,False
Cc1cc(N)c2ccccc2n1,-3.82,1.0,kinect,True,False
Cc1cc(N)nc(CCNC(=O)c2ccc(C#N)cc2)c1,-4.19,1.0,kinect,True,False
Cc1cc(OCCCS(C)(=O)=O)cc(C)c1-c1cccc(COc2ccc3c(c2)OC[C@H]3CC(=O)O)c1,-4.29,1.0,kinect,True,False
Cc1cc2c(F)c(Oc3ncnn4cc(OC[C@@H](C)O)c(C)c34)ccc2[nH]1,-5.89,1.0,kinect,True,False
Cc1cc2c(F)c(Oc3ncnn4cc(OC[C@@H](C)OC(=O)[C@H](C)N)c(C)c34)ccc2[nH]1,-4.43,1.0,kinect,True,False
Cc1ccc(-c2nn(C(C)(C)C)c3ncnc(N)c23)cc1,-5.01,1.0,kinect,True,False
Cc1ccc(-n2nc(C(C)(C)C)cc2NC(=O)Nc2ccc(OCCN3CCOCC3)c3ccccc23)cc1,-6.22,1.0,kinect,True,False
Cc1ccc(Nc2nccc(N(C)c3ccc4c(C)n(C)nc4c3)n2)cc1S(N)(=O)=O,-5.26,1.0,kinect,True,False
Cc1ccc(O)c(CO)n1,-3.82,1.0,kinect,True,False
Cc1ccc2cccc(N)c2n1,-3.92,1.0,kinect,True,False
Cc1cccc(-c2ccc3c(c2)c(C(=O)C(=O)O)cn3Cc2ccc(C(C)(C)C)cc2)c1,-3.44,1.0,kinect,True,False
Cc1cccc(-c2nn3c(c2-c2ccnc4ccc(C(N)=O)cc24)CCC3)n1,-3.74,1.0,kinect,True,False
Cc1ccccc1Oc1ccccc1N,-4.71,1.0,kinect,True,False
Cc1cn[nH]c1,-4.17,1.0,kinect,True,False
Cc1csc(N)n1,-4.02,1.0,kinect,True,False
Cc1csc(NC(=O)c2cc(Sc3nncn3C)ccc2N)n1,-5.04,1.0,kinect,True,False
Cc1nc(C)c(C)nc1C,-6.13,1.0,kinect,True,False
Cc1nc2ccccc2n1Cc1ccc(Cl)cc1,-4.01,1.0,kinect,True,False
Cc1nc2sccn2c(=O)c1CCN1CCC(=C(c2ccc(F)cc2)c2ccc(F)cc2)CC1,-4.59,1.0,kinect,True,False
Cc1ncc(-c2ccnc(Nc3ccc(N4CCN(C(=O)CO)CC4)cc3)n2)n1C(C)C,-3.8,1.0,kinect,True,False
Cc1nccn1Cc1ccccc1,-3.84,1.0,kinect,True,False
Cc1nnc(N)s1,-3.82,1.0,kinect,True,False
Cc1noc(NS(=O)(=O)c2ccc(N)cc2)c1C,-3.82,1.0,kinect,True,False
Clc1ccc(CN(Cc2ccc(Cl)cc2)c2nn[nH]n2)cc1,-3.93,1.0,kinect,True,False
Clc1ccc(Nc2nnc(Cc3ccncc3)c3ccccc23)cc1,-5.85,1.0,kinect,True,False
Clc1ccccc1CN1CCc2sccc2C1,-5.42,1.0,kinect,True,False
Cn1c(=O)[nH]c2nc[nH]c2c1=O,-3.82,1.0,kinect,True,False
Cn1c(=O)n(Cc2ccc(C(=O)O)cc2)c(=O)c2cc(C#CCc3ccccc3)ccc21,-5.52,1.0,kinect,True,False
Cn1c(C#N)ccc1-c1ccc2c(c1)C(C)(C)OC(=S)N2,-5.44,1.0,kinect,True,False
Cn1c(N)c(N=O)c(=O)n(C)c1=O,-3.82,1.0,kinect,True,False
Cn1cc(C2=C(c3cn(C4CCN(Cc5ccccn5)CC4)c4ccccc34)C(=O)NC2=O)c2ccccc21,-6.1,1.0,kinect,True,False
Cn1nc(C(C)(C)C)cc1NC(=O)Nc1ccc(Cl)cc1,-4.01,1.0,kinect,True,False
Cn1sccc1=O,-3.8,1.0,kinect,True,False
FC(F)c1nc2ccccc2n1-c1nc(N2CCOCC2)nc(N2CCOCC2)n1,-6.15,1.0,kinect,True,False
N=C(N)SCCc1cccc(CCSC(=N)N)c1,-3.63,1.0,kinect,True,False
N=C(N)c1ccc2cc(C(=O)Nc3ccc(CN)cc3)cc(Nc3ncccn3)c2c1,-3.82,1.0,kinect,True,False
NC(=O)COc1ccccc1,-3.86,1.0,kinect,True,False
NC(=O)Nc1ccc(Cl)cc1,-3.82,1.0,kinect,True,False
NC(=O)c1c(OCc2c(F)cc(Br)cc2F)nsc1NC(=O)NCCCCN1CCCC1,-4.11,1.0,kinect,True,False
NC(=O)c1ccc(I)c([N+](=O)[O-])c1,-3.38,1.0,kinect,True,False
NC(=O)c1ccccc1,-3.82,1.0,kinect,True,False
NC(=O)c1cccnc1,-4.64,1.0,kinect,True,False
NC(=O)c1cnccn1,-3.82,1.0,kinect,True,False
NC(N)=O,-3.82,1.0,kinect,True,False
NC(N)=S,-3.82,1.0,kinect,True,False
NC1(Cc2ccc(Cl)cc2)CCN(c2ncnc3[nH]ccc23)CC1,-3.47,1.0,kinect,True,False
NCCc1cnc[nH]1,-3.9,1.0,kinect,True,False
NN=C(c1ccccc1)c1ccccc1,-4.38,1.0,kinect,True,False
NNC(=O)c1ccc(O)cc1,-3.83,1.0,kinect,True,False
NNC(=O)c1ccncc1,-4.0,1.0,kinect,True,False
NNc1ccc(Cl)nn1,-4.16,1.0,kinect,True,False
NS(=O)(=O)c1ccc(Nc2nc(OCC3CCCCC3)c3nc[nH]c3n2)cc1,-5.24,1.0,kinect,True,False
NS(=O)(=O)c1ccc(Nc2nccc(-c3cnc4ccccn34)n2)cc1,-5.19,1.0,kinect,True,True
Nc1c(Br)cc(Br)cc1CNC1CCC(O)CC1,-3.82,1.0,kinect,True,False
Nc1c(C(=O)c2cccc(OC[C@@H](O)CO)c2)cnn1-c1ccc(F)cc1,-3.97,1.0,kinect,True,False
Nc1c(Cl)cnn(-c2ccccc2)c1=O,-3.88,1.0,kinect,True,False
Nc1cc(C(F)(F)F)c(-c2cc(N3CCOCC3)nc(N3CCOCC3)n2)cn1,-4.1,1.0,kinect,True,True
Nc1ccc(CCc2ccc(N)cc2)cc1,-3.98,1.0,kinect,True,False
Nc1ccc(N=Nc2ccccc2)c(N)n1,-3.85,1.0,kinect,True,False
Nc1ccc(OCc2ccccc2)cc1,-3.33,1.0,kinect,True,False
Nc1cccc(C(=O)O)c1,-3.82,1.0,kinect,True,False
Nc1ccccc1NC(=O)c1ccc(CNC(=O)OCc2cccnc2)cc1,-3.9,1.0,kinect,True,False
Nc1ccccc1NC(=O)c1ccc(CNc2nccc(-c3cccnc3)n2)cc1,-4.87,1.0,kinect,True,False
Nc1ccn([C@@H]2O[C@H](CO)[C@@H](O)[C@@H]2O)c(=O)n1,-3.82,1.0,kinect,True,False
Nc1ccnc(=O)[nH]1,-3.82,1.0,kinect,True,False
Nc1cnn(-c2ccccc2)c(=O)c1Cl,-3.94,1.0,kinect,True,False
Nc1nc(=O)c2ncn(COC(CO)CO)c2[nH]1,-3.82,1.0,kinect,True,False
Nc1nc(F)nc2c1ncn2[C@@H]1O[C@H](CO)[C@@H](O)[C@H]1O,-3.82,1.0,kinect,True,False
Nc1nc(NCCc2ccc(O)cc2)nc2nc(-c3ccco3)nn12,-4.28,1.0,kinect,True,False
Nc1nc2ccc(OC(F)(F)F)cc2s1,-4.03,1.0,kinect,True,True
Nc1ncc2[nH]cnc2n1,-3.82,1.0,kinect,True,False
Nc1ncn([C@@H]2O[C@H](CO)[C@@H](O)[C@H]2O)c(=O)n1,-3.82,1.0,kinect,True,False
O=C(CC(=O)Nc1ccccc1)Nc1ccccc1,-4.48,1.0,kinect,True,False
O=C(CC(=O)c1ccccc1)Nc1ccccc1,-3.91,1.0,kinect,True,False
O=C(CCCCC(=O)Nc1ccccc1)Nc1ccccc1,-4.98,1.0,kinect,True,False
O=C(CCCCCCC(=O)Nc1ccccc1)NO,-2.91,1.0,kinect,True,False
O=C(CO)N1CCC(c2n[nH]c(-c3ccc(Cl)cc3)c2-c2ccncn2)CC1,-4.22,1.0,kinect,True,False
O=C(Cn1ccnc1[N+](=O)[O-])NCc1ccccc1,-3.82,1.0,kinect,True,False
O=C(NC1CCN(CCc2c[nH]c3ccccc23)CC1)c1ccccc1,-3.83,1.0,kinect,True,False
O=C(NCCNC(=O)c1ccccc1)c1ccccc1,-3.82,1.0,kinect,True,False
O=C(NNC(=O)c1ccccc1)c1ccccc1,-3.74,1.0,kinect,True,False
O=C(NNS(=O)(=O)c1ccccc1)c1cccnc1,-3.99,1.0,kinect,True,False
O=C(NO)C1(CS(=O)(=O)c2ccc(Oc3ccc(Cl)cc3)cc2)CCOCC1,-3.9,1.0,kinect,True,False
O=C(Nc1ccc(Cl)c(S(=O)(=O)N2CCNCC2)c1O)Nc1cccc(F)c1Cl,-3.34,1.0,kinect,True,False
O=C(Nc1ccccc1)c1cc([N+](=O)[O-])ccc1Cl,-4.95,1.0,kinect,True,False
O=C(Nc1ccccc1)c1ccccc1,-4.12,1.0,kinect,True,False
O=C(O)c1ccc(Nc2ncc3c(n2)-c2ccc(Cl)cc2C(c2c(F)cccc2F)=NC3)cc1,-4.46,1.0,kinect,True,False
O=C1C=CC(=NNc2ccccc2)C=C1,-4.63,1.0,kinect,True,False
O=C1CCCN1Cc1ccccc1,-3.82,1.0,kinect,True,False
O=C1CC[C@@H](C(=O)N2CSC[C@H]2C(=O)O)N1,-3.82,1.0,kinect,True,False
O=C1CN=C(c2ccccc2)c2ccccc2N1,-3.94,1.0,kinect,True,False
O=C1CNC(=O)N1,-3.82,1.0,kinect,True,False
O=C1CSC(=S)N1,-3.82,1.0,kinect,True,False
O=C1N=NC(=O)N1c1ccccc1,-4.17,1.0,kinect,True,False
O=C1NCCO1,-3.82,1.0,kinect,True,False
O=C1NCNC1(c1ccccc1)c1ccccc1,-3.5,1.0,kinect,True,False
O=S(=O)(NCCNC/C=C/c1ccc(Br)cc1)c1cccc2cnccc12,-4.21,1.0,kinect,True,True
O=[N+]([O-])c1cc(O)c(O)c([N+](=O)[O-])c1,-3.82,1.0,kinect,True,False
O=c1[nH]n(Cc2ccccc2)c2ccccc12,-4.25,1.0,kinect,True,False
O=c1c2ccccc2[nH]c2ccccc12,-4.62,1.0,kinect,True,False
O=c1cc(N2CCOCC2)oc2c(-c3ccccc3)cccc12,-3.52,1.0,kinect,True,False
O=c1ncn2nc(Sc3ccc(F)cc3F)ccc2c1-c1c(Cl)cccc1Cl,-4.73,1.0,kinect,True,False
OCC(O)CN1CCCC1,-3.83,1.0,kinect,True,False
OCCN1CNC(=S)NC1,-3.85,1.0,kinect,True,False
OCCn1cc(-c2cnc3nnn(Cc4ccc5ncccc5c4)c3n2)cn1,-5.05,1.0,kinect,True,False
OCc1c[nH]c2ccccc12,-4.32,1.0,kinect,True,False
Oc1c(I)cc(Cl)c2cccnc12,-5.58,1.0,kinect,True,False
Oc1ccc2ccccc2c1CN1CCOCC1,-3.82,1.0,kinect,True,False
S=C(NCCN1CCOCC1)NC1CCCCC1,-3.85,1.0,kinect,True,False
S=C1NCCN1,-3.82,1.0,kinect,True,False
S=P(N1CC1)(N1CC1)N1CC1,-3.82,1.0,kinect,True,False
S=c1[nH]c2ccccc2[nH]1,-3.82,1.0,kinect,True,False
S=c1[nH]nc(Nc2ccccc2)s1,-3.82,1.0,kinect,True,False
S=c1nc[nH]c2nc[nH]c12,-3.83,1.0,kinect,True,False
BrC(Br)(Br)Br,-3.14,1.0,ochem,True,False
BrC(Br)Br,-1.87914,1.0,ochem,True,False
BrC(Br)C(Br)Br,-2.72649,0.925,ochem,True,False
BrC1CCC(Br)C(Br)CCC(Br)C(Br)CCC1Br,-7.87,0.425,ochem,True,False
BrC1CCCCC1,-2.29627,1.0,ochem,True,False
BrCBr,-1.16747,1.0,ochem,True,False
BrCC(Br)Br,-2.73,0.425,ochem,True,False
BrCC(CBr)(CBr)CBr,-5.38,0.425,ochem,True,False
BrCCBr,-1.67226,1.0,ochem,True,False
BrCCCBr,-2.07818,1.0,ochem,True,False
BrCCCCBr,-2.79,0.425,ochem,True,False
BrCCc1ccccc1,-3.68,0.425,ochem,True,False
Brc1c(Br)c(Br)c(Br)c(Br)c1Br,-9.54,0.425,ochem,True,False
Brc1cc(Br)c(Br)cc1Br,-6.98627,1.0,ochem,True,False
Brc1cc(Br)c(OCCOc2c(Br)cc(Br)cc2Br)c(Br)c1,-6.54,0.425,ochem,True,False
Brc1cc(Br)cc(Br)c1,-5.6,1.0,ochem,True,False
Brc1cc2oc3cc(Br)c(Br)cc3c2cc1Br,-6.84,0.425,ochem,True,False
Brc1ccc(Br)cc1,-4.07055,1.0,ochem,True,False
Brc1ccc(I)cc1,-4.513,1.0,ochem,True,False
Brc1ccc2ccccc2c1,-4.4,1.0,ochem,True,False
Brc1cccc(Br)c1,-3.54082,1.0,ochem,True,False
Brc1ccccc1,-2.54918,1.0,ochem,True,False
Brc1ccccn1,-0.881,0.925,ochem,True,False
C#CC#C,-0.724,0.425,ochem,True,False
C#CCCCC,-2.33551,1.0,ochem,True,False
C#CCCCCCC#C,-2.98162,0.925,ochem,True,False
C#Cc1ccccc1,-2.35,0.925,ochem,True,False
C/C=C/C#N,-0.429,0.425,ochem,True,False
C/C=C/C=O,0.32,0.875,ochem,True,False
C1CCC2CCCCC2C1,-5.19073,1.0,ochem,True,False
C1CCC2NCCCC2C1,-1.08,0.425,ochem,True,False
C1CCCC1,-2.64414,1.0,ochem,True,False
C1CCCCC1,-3.1326,1.0,ochem,True,False
C1CCCCCC1,-3.51558,1.0,ochem,True,False
C1CCCCCCC1,-4.15055,1.0,ochem,True,False
C1CCNC1,1.14927,1.0,ochem,True,False
C1CCNCC1,1.07,1.0,ochem,True,False
C1CCOC1,0.534154,0.667808,ochem,True,False
C1CCOC1,1.14165,0.332192,ochem,True,False
C1CCOCC1,-0.0303322,1.0,ochem,True,False
C1CN1,1.37,0.425,ochem,True,False
C1CNCCN1,0.411,0.0772727,ochem,True,False
C1CNCCN1,1.06803,0.922727,ochem,True,False
C1CO1,1.35784,0.925,ochem,True,False
C1COC1,1.24,0.425,ochem,True,False
C1COCCN1,1.06,1.0,ochem,True,False
C1COCCO1,1.0527,0.925,ochem,True,False
C1CSCCS1,-1.6,0.425,ochem,True,False
C1NNCN2CNNCN12,-0.0128,0.425,ochem,True,False
C1OCOCO1,0.288,0.925,ochem,True,False
C=CC#N,0.149003,1.0,ochem,True,False
C=CC=C,-1.86918,1.0,ochem,True,False
C=CC=O,0.572658,1.0,ochem,True,False
C=CCC1(CC=C)C(=O)NC(=O)NC1=O,-2.06447,1.0,ochem,True,False
C=CCC=C,-2.08918,1.0,ochem,True,False
C=CCCC=C,-2.6825,1.0,ochem,True,False
C=CCCCN=C=S,-2.9,0.425,ochem,True,False
C=CCN(CC=C)C(=O)C(Cl)Cl,-1.61964,1.0,ochem,True,False
C=CCN(CC=C)CC=C,-1.74,0.425,ochem,True,False
C=CCNCC=C,-0.053,0.925,ochem,True,False
C=CCOC(=O)c1ccccc1C(=O)OCC=C,-3.13036,1.0,ochem,True,False
C=CCOCC=C,-0.0202757,0.925,ochem,True,False
C=COC=C,-1.19162,0.925,ochem,True,False
C=Cc1ccncc1,-0.558,0.425,ochem,True,False
CC#N,0.26,0.636364,ochem,True,False
CC#N,1.387,0.363636,ochem,True,False
CC(=O)C(C)(C)C,-0.721036,1.0,ochem,True,False
CC(=O)C1CCOC1=O,0.193,0.925,ochem,True,False
CC(=O)CC(=O)C(C)(C)C,-1.63,0.875,ochem,True,False
CC(=O)CC(=O)c1ccccc1,-2.63,0.425,ochem,True,False
CC(=O)CC(C)(C)O,0.935,0.425,ochem,True,False
CC(=O)CC(C)=O,0.22,1.0,ochem,True,False
CC(=O)CC1CCCCN1,-0.450097,0.875,ochem,True,False
CC(=O)CCl,-0.012,0.425,ochem,True,False
CC(=O)CO,1.13,0.425,ochem,True,False
CC(=O)N(O)CCCCCNC(=O)CCC(=O)N(O)CCCCCNC(=O)CCC(=O)N(O)CCCCCN,-1.67,0.425,ochem,True,False
CC(=O)NC(N)=O,-0.9,0.875,ochem,True,False
CC(=O)NCCNC(C)=O,0.675,0.425,ochem,True,False
CC(=O)Nc1cc(NS(=O)(=O)C(F)(F)F)c(C)cc1C,-3.23918,1.0,ochem,True,True
CC(=O)Nc1ccc(C)cc1,-2.09,0.425,ochem,True,False
CC(=O)Nc1ccc(Cl)cc1,-2.84102,1.0,ochem,True,False
CC(=O)Nc1ccc(I)cc1,-3.25,0.875,ochem,True,False
CC(=O)Nc1ccc(O)cc1,-1.03082,1.0,ochem,True,False
CC(=O)Nc1ccccc1,-1.31671,1.0,ochem,True,False
CC(=O)Nc1ccccc1Cl,-1.4,1.0,ochem,True,False
CC(=O)Nc1ccccc1O,-2.23818,1.0,ochem,True,False
CC(=O)OC(C)(C)C,-1.14216,0.925,ochem,True,False
CC(=O)OC(C)=O,0.0700919,0.925,ochem,True,False
CC(=O)OC1CCCCC1,-1.67,0.875,ochem,True,False
CC(=O)OCC(=O)C1(O)CCC2C3CCC4=CC(=O)CCC4(C)C3C(O)CC21C,-4.88,0.246575,ochem,True,False
CC(=O)OCC(=O)C1(O)CCC2C3CCC4=CC(=O)CCC4(C)C3C(O)CC21C,-4.36982,0.753425,ochem,True,False
CC(=O)OCC(=O)C1CCC2C3CCC4=CC(=O)CCC4(C)C3CCC12C,-4.63,1.0,ochem,True,False
CC(=O)OCCOC(C)=O,0.0858622,0.925,ochem,True,False
CC(=O)OCCS,-1.5,0.425,ochem,True,False
CC(=O)OCc1ccccc1,-1.6873,0.925,ochem,True,False
CC(=O)OO,1.12,0.425,ochem,True,False
CC(=O)OOC(=O)c1ccccc1,-2.45,0.425,ochem,True,False
CC(=O)[C@H]1CC[C@H]2[C@@H]3CCC4=CC(=O)CC[C@]4(C)[C@H]3CC[C@]12C,-4.515,0.425,ochem,True,False
CC(=O)c1ccc(N)cc1,-1.60855,1.0,ochem,True,False
CC(=O)c1ccc2ccccc2c1,-2.8,0.425,ochem,True,False
CC(C(=O)O)C(=O)O,0.76,0.925,ochem,True,False
CC(C)(C)C,-3.33838,0.925,ochem,True,False
CC(C)(C)C(=O)C(Oc1ccc(Cl)cc1)n1cncn1,-3.6111,1.0,ochem,True,False
CC(C)(C)C(=O)C1C(=O)c2ccccc2C1=O,-4.10891,1.0,ochem,True,False
CC(C)(C)C1CCC(O)CC1,-3.19,0.425,ochem,True,False
CC(C)(C)CCO,-0.5,1.0,ochem,True,False
CC(C)(C)CO,-0.40039,1.0,ochem,True,False
CC(C)(C)N,1.13784,0.925,ochem,True,False
CC(C)(C)N(NC(=O)c1ccc(Cl)cc1)C(=O)c1ccccc1,-4.44,0.425,ochem,True,False
CC(C)(C)NC[C@H](O)COc1ccccc1C1CCCC1,-1.62,0.425,ochem,True,False
CC(C)(C)c1ccc(O)c(O)c1,-1.92,0.925,ochem,True,False
CC(C)(C)c1ccc(O)cc1,-2.41082,1.0,ochem,True,False
CC(C)(C)c1ccccc1,-3.65945,1.0,ochem,True,False
CC(C)(C)c1ccccc1O,-2.33,0.425,ochem,True,False
CC(C)(C)c1nnc(NS(=O)(=O)c2ccc(N)cc2)s1,-3.74,1.0,ochem,True,False
CC(C)(CO)[N+](=O)[O-],1.47,0.425,ochem,True,False
CC(C)(COCc1cccc(Oc2ccccc2)c1)c1ccc(OC(F)(F)Br)cc1,-9.98,0.425,ochem,True,False
CC(C)(O)C(Cl)(Cl)Cl,-1.34784,0.925,ochem,True,False
CC(C)(O)CCl,0.16,0.425,ochem,True,False
CC(C)(OOC(C)(C)c1ccccc1)c1ccccc1,-5.77,0.425,ochem,True,False
CC(C)(S)C(N)C(=O)O,-0.129118,1.0,ochem,True,False
CC(C)(SC(=O)N1CCCCC1)c1ccccc1,-4.12,0.425,ochem,True,False
CC(C)(c1ccc(O)cc1)c1ccc(O)cc1,-3.058,1.0,ochem,True,False
CC(C)=CC1C(C(=O)OCN2C(=O)C3=C(CCCC3)C2=O)C1(C)C,-4.95081,0.925,ochem,True,False
CC(C)=CC1C(C(=O)OCc2coc(Cc3ccccc3)c2)C1(C)C,-6.5,0.425,ochem,True,False
CC(C)=O,1.23784,0.925,ochem,True,False
CC(C)Br,-1.60356,1.0,ochem,True,False
CC(C)C,-3.07719,0.518182,ochem,True,False
CC(C)C,-2.55,0.481818,ochem,True,False
CC(C)C(=O)C(C)C,-1.30073,1.0,ochem,True,False
CC(C)C(C(=O)OC(C#N)c1cccc(Oc2ccccc2)c1)c1ccc(OC(F)F)cc1,-6.87724,1.0,ochem,True,False
CC(C)C(C)(C)C,-4.36,0.875,ochem,True,False
CC(C)C(C)(C)O,-0.407427,1.0,ochem,True,False
CC(C)C(C)C,-3.62564,1.0,ochem,True,False
CC(C)C(C)C(C)C,-4.74673,1.0,ochem,True,False
CC(C)C(O)C(C)(C)CO,-0.886,0.425,ochem,True,False
CC(C)C(O)C(C)C,-1.22,1.0,ochem,True,False
CC(C)CBr,-2.43055,1.0,ochem,True,False
CC(C)CC(=O)CC(C)C,-1.73054,0.925,ochem,True,False
CC(C)CC(C)(C)C,-4.74218,1.0,ochem,True,False
CC(C)CC(C)(C)O,-0.931233,1.0,ochem,True,False
CC(C)CC(C)C,-4.26027,1.0,ochem,True,False
CC(C)CC(C)O,-0.797932,1.0,ochem,True,False
CC(C)CC(O)CC(C)C,-2.23757,0.925,ochem,True,False
CC(C)CC(c1ccc(O)cc1)c1ccc(O)cc1,-3.37,0.425,ochem,True,False
CC(C)CC=O,-0.789,0.425,ochem,True,False
CC(C)CCBr,-2.88891,1.0,ochem,True,False
CC(C)CCC(C)(C)C,-5.04891,1.0,ochem,True,False
CC(C)CCCCCO,-2.3,0.425,ochem,True,False
CC(C)CCCO,-1.13942,1.0,ochem,True,False
CC(C)CCO,-0.517144,1.0,ochem,True,False
CC(C)CCOC(=O)c1ccccc1O,-3.15891,1.0,ochem,True,False
CC(C)CCOC=O,-1.53136,1.0,ochem,True,False
CC(C)CCO[N+](=O)[O-],-2.48,0.425,ochem,True,False
CC(C)CCl,-2.0,1.0,ochem,True,False
CC(C)CN,1.13784,0.925,ochem,True,False
CC(C)CN1CCOCC1,-0.709,0.425,ochem,True,False
CC(C)CO,0.0611353,1.0,ochem,True,False
CC(C)COC(=O)C(C)C,-2.34649,0.925,ochem,True,False
CC(C)COC(=O)c1ccc(N)cc1,-2.94216,0.925,ochem,True,False
CC(C)COC(=O)c1ccccc1C(=O)OCC(C)C,-4.65632,1.0,ochem,True,False
CC(C)COC=O,-1.00753,1.0,ochem,True,False
CC(C)COc1ccc2ccccc2c1,-5.21,0.425,ochem,True,False
CC(C)Cc1ccccc1,-4.12,1.0,ochem,True,False
CC(C)Cc1ncc[nH]1,-1.05,0.425,ochem,True,False
CC(C)Cl,-1.40719,1.0,ochem,True,False
CC(C)I,-2.08777,1.0,ochem,True,False
CC(C)N(C(=O)CCl)c1ccccc1,-2.48027,1.0,ochem,True,False
CC(C)N(C)C,1.06,0.425,ochem,True,False
CC(C)N(N=O)C(C)C,-1.00054,0.925,ochem,True,False
CC(C)NC(C)C,0.0361378,0.925,ochem,True,False
CC(C)NP(=O)(F)NC(C)C,-0.357,0.425,ochem,True,False
CC(C)O,0.43,0.636364,ochem,True,False
CC(C)O,1.221,0.363636,ochem,True,False
CC(C)OC(=O)C(C(=O)OC(C)C)=C1SCCS1,-3.77189,0.925,ochem,True,False
CC(C)OC(=O)C(C)N(C(=O)c1ccccc1)c1ccc(F)c(Cl)c1,-4.43189,0.925,ochem,True,False
CC(C)OC(=O)C(O)(c1ccc(Br)cc1)c1ccc(Br)cc1,-4.93082,1.0,ochem,True,False
CC(C)OC(=O)C(O)(c1ccc(Cl)cc1)c1ccc(Cl)cc1,-4.53,1.0,ochem,True,False
CC(C)OC(=O)Nc1cccc(Cl)c1,-3.38,1.0,ochem,True,False
CC(C)OC(=O)Nc1ccccc1,-3.00054,0.925,ochem,True,False
CC(C)OC(C)(C)C,-2.36784,0.925,ochem,True,False
CC(C)OC(C)C,-1.708,0.273973,ochem,True,False
CC(C)OC(C)C,-1.1,0.726027,ochem,True,False
CC(C)OC=O,-0.629636,1.0,ochem,True,False
CC(C)OCCO,0.982,0.925,ochem,True,False
CC(C)OP(=O)(F)OC(C)C,-1.08,0.425,ochem,True,False
CC(C)OP(=O)(OC(C)C)SCc1ccccc1,-2.85892,0.925,ochem,True,False
CC(C)O[N+](=O)[O-],-1.46,0.425,ochem,True,False
CC(C)Oc1cccc(NC(=O)c2ccccc2C(F)(F)F)c1,-4.56784,0.925,ochem,True,True
CC(C)SC(C)C,-2.24,0.875,ochem,True,False
CC(C)c1ccccc1,-3.27719,1.0,ochem,True,False
CC(CCl)OC(C)CCl,-2.00162,0.925,ochem,True,False
CC(CCl)OP(=O)(OC(C)CCl)OC(C)CCl,-2.44,0.425,ochem,True,False
CC(C[N+](C)(C)C)OC(N)=O,0.502,0.425,ochem,True,False
CC(Cc1ccccc1)NCCC(c1ccccc1)c1ccccc1,-3.82,0.425,ochem,True,False
CC(Cl)(Cl)Cl,-1.98394,1.0,ochem,True,False
CC(Cl)C(C)(C)Cl,-2.69,0.875,ochem,True,False
CC(Cl)C(C)Cl,-2.54714,1.0,ochem,True,False
CC(Cl)C(Cl)Cl,-1.89,0.425,ochem,True,False
CC(Cl)CCl,-1.60223,1.0,ochem,True,False
CC(Cl)Cl,-1.29027,1.0,ochem,True,False
CC(F)(Cl)Cl,-2.44,0.425,ochem,True,False
CC(F)(F)Cl,-1.86,0.425,ochem,True,False
CC(F)F,-1.3127,0.925,ochem,True,False
CC(N)(CO)CO,0.978,0.425,ochem,True,False
CC(N)=O,1.58027,1.0,ochem,True,False
CC(N)=S,0.336,0.925,ochem,True,False
CC(N)CC(=O)O,1.039,1.0,ochem,True,False
CC(N)c1ccccc1,-0.46,0.925,ochem,True,False
CC(NC(=O)c1ccccc1)C(=O)O,-1.68,0.425,ochem,True,False
CC(O)C(C)Cl,-0.212,0.425,ochem,True,False
CC(O)C(C)O,1.0473,0.925,ochem,True,False
CC(O)C(N)C(=O)O,-0.0834777,1.0,ochem,True,False
CC(O)CC=O,1.05,0.425,ochem,True,False
CC(O)CCOCCC(C)O,0.79,0.425,ochem,True,False
CC(O)CN(CC(C)O)CC(C)O,0.637,0.425,ochem,True,False
CC(O)CN(CCN(CC(C)O)CC(C)O)CC(C)O,0.534,0.425,ochem,True,False
CC(O)CNCC(C)O,0.813622,0.925,ochem,True,False
CC(O)CO,1.11946,0.925,ochem,True,False
CC(O)COC(C)CO,0.872,0.425,ochem,True,False
CC(O)COCc1c(Cl)ccc(Cl)c1Cl,-3.57,0.425,ochem,True,False
CC(O)COc1ccccc1,-1.14,0.425,ochem,True,False
CC(O)c1ccccc1,-0.955283,1.0,ochem,True,False
CC1(C)C(=O)NC(=O)NC1=O,-1.74103,0.875,ochem,True,False
CC1(C)C(C=C(Cl)Cl)C1C(=O)OC(C#N)c1ccc(F)c(Oc2ccccc2)c1,-7.33846,0.875,ochem,True,False
CC1(C)C2CCC1(C)C(O)C2,-2.31973,1.0,ochem,True,False
CC1(C)CC(=O)CC(=O)C1,-1.53,0.425,ochem,True,False
CC1(C)CON(Cc2ccccc2Cl)C1=O,-2.33897,0.875,ochem,True,False
CC12CCC(CC1)C(C)(C)O2,-1.72757,1.0,ochem,True,False
CC12CCc3c(ccc4cc(O)ccc34)C1CCC2=O,-5.2411,1.0,ochem,True,False
CC1=C(C(=O)Nc2ccccc2)S(=O)(=O)CCO1,-2.38778,1.0,ochem,True,False
CC1=C(C)S(=O)(=O)CCS1(=O)=O,-1.66,0.425,ochem,True,False
CC1=CC(=O)CC(C)(C)C1,-1.06027,1.0,ochem,True,False
CC1=CC(=O)c2ccccc2C1=O,-3.03055,1.0,ochem,True,False
CC1=CCCCC1,-3.26918,1.0,ochem,True,False
CC1CCC(C)CC1,-4.4689,1.0,ochem,True,False
CC1CCC(O)CC1,-0.880727,1.0,ochem,True,False
CC1CCCC(C)(C)C1,-4.85162,0.925,ochem,True,False
CC1CCCC1,-3.30055,1.0,ochem,True,False
CC1CCCCC1,-3.82952,1.0,ochem,True,False
CC1CCCCC1=O,-0.94,0.875,ochem,True,False
CC1CCCCC1C,-4.19875,1.0,ochem,True,False
CC1CCCCC1NC(=O)Nc1ccccc1,-4.11027,1.0,ochem,True,False
CC1CCCO1,0.173411,1.0,ochem,True,False
CC1CCOC1,0.0900459,0.925,ochem,True,False
CC1CN1,1.24,0.425,ochem,True,False
CC1CNCCN1,0.695027,1.0,ochem,True,False
CC1CO1,-0.59,0.726027,ochem,True,False
CC1CO1,1.007,0.273973,ochem,True,False
CC1COC(=O)O1,0.234,0.925,ochem,True,False
CC1OC(C)OC(C)O1,-0.071954,0.925,ochem,True,False
CC1OCCO1,0.879,0.425,ochem,True,False
CC=C(C)C,-2.56,1.0,ochem,True,False
CC=CCC#N,-0.96,0.875,ochem,True,False
CC=O,1.35784,0.925,ochem,True,False
CCBr,-1.0889,1.0,ochem,True,False
CCC,-2.85,0.2125,ochem,True,False
CCC,-1.94,0.6625,ochem,True,False
CCC#CCC,-2.08218,1.0,ochem,True,False
CCC#N,0.277091,1.0,ochem,True,False
CCC(=O)CC,-0.266009,1.0,ochem,True,False
CCC(=O)N(c1ccccc1)C1(COC)CCN(CCc2cccs2)CC1,-3.70855,1.0,ochem,True,False
CCC(=O)Nc1ccc(Cl)c(Cl)c1,-2.99558,1.0,ochem,True,False
CCC(=O)Nc1ccccc1,-1.92,0.875,ochem,True,False
CCC(=O)OC,-0.143904,1.0,ochem,True,False
CCC(=O)OOC(=O)CC,-0.963,0.425,ochem,True,False
CCC(=O)c1ccc(N)cc1,-2.62891,1.0,ochem,True,False
CCC(=O)c1ccccc1,-1.82891,1.0,ochem,True,False
CCC(Br)(CC)C(=O)NC(N)=O,-2.6921,1.0,ochem,True,False
CCC(C)(C)C,-3.59014,1.0,ochem,True,False
CCC(C)(C)CC,-4.22964,1.0,ochem,True,False
CCC(C)(C)CO,-1.07486,1.0,ochem,True,False
CCC(C)(C)Cl,-2.51,1.0,ochem,True,False
CCC(C)(C)O,0.102587,1.0,ochem,True,False
CCC(C)(C)c1ccc(O)cc1,-2.99,0.925,ochem,True,False
CCC(C)(C)c1ccccc1,-4.15,1.0,ochem,True,False
CCC(C)(O)CC,-0.375068,1.0,ochem,True,False
CCC(C)=O,0.510034,1.0,ochem,True,False
CCC(C)C,-3.17382,1.0,ochem,True,False
CCC(C)C(C)=O,-0.675545,1.0,ochem,True,False
CCC(C)C(C)C,-4.28036,1.0,ochem,True,False
CCC(C)C(N)C(=O)O,-0.581459,0.925,ochem,True,False
CCC(C)C1(CC)C(=O)NC(=O)NC1=O,-2.39,0.875,ochem,True,False
CCC(C)CC,-3.68082,1.0,ochem,True,False
CCC(C)CCO,-1.37719,0.518182,ochem,True,False
CCC(C)CCO,-0.713207,0.481818,ochem,True,False
CCC(C)CO,-0.470548,1.0,ochem,True,False
CCC(C)Cl,-1.96223,1.0,ochem,True,False
CCC(C)N,0.185,0.925,ochem,True,False
CCC(C)O,0.423466,1.0,ochem,True,False
CCC(C)S,-1.83,0.425,ochem,True,False
CCC(C)c1ccc(O)cc1,-2.19216,0.925,ochem,True,False
CCC(C)c1ccccc1,-3.88632,1.0,ochem,True,False
CCC(C)c1ccccc1OC(=O)NC,-2.49838,0.925,ochem,True,False
CCC(CC)CO,-1.23493,1.0,ochem,True,False
CCC(CO)(CO)COCC(CC)(CO)CO,-0.984,0.425,ochem,True,False
CCC(CO)(CO)[N+](=O)[O-],0.826,0.425,ochem,True,False
CCC(CO)[N+](=O)[O-],-0.344,0.425,ochem,True,False
CCC(Cl)CC,-2.63,1.0,ochem,True,False
CCC(Cl)Cl,-1.62,0.425,ochem,True,False
CCC(Cl)[N+](=O)[O-],-1.18946,0.925,ochem,True,False
CCC(N)(CO)CO,0.924,0.425,ochem,True,False
CCC(N)CO,1.05,0.425,ochem,True,False
CCC(N)Cc1c[nH]c2ccccc12,-2.572,1.0,ochem,True,False
CCC(O)(CC)CC,-0.846678,1.0,ochem,True,False
CCC(O)C(C)(C)C,-1.15036,1.0,ochem,True,False
CCC(O)CC,-0.237675,1.0,ochem,True,False
CCC1(C(C)C)C(=O)NC(=O)NC1=O,-2.20345,1.0,ochem,True,False
CCC1(C)C(=O)NC(=O)NC1=O,-1.22897,0.875,ochem,True,False
CCC1(CC)C(=O)NC(=O)NC1=O,-2.4,0.246575,ochem,True,False
CCC1(CC)C(=O)NC(=O)NC1=O,-1.39356,0.753425,ochem,True,False
CCC1(CCC(C)C)C(=O)NC(=O)NC1=O,-2.56937,1.0,ochem,True,False
CCC1(N2CCCCC2)C(=O)NC(=O)NC1=O,-2.16,0.425,ochem,True,False
CCC1CCCCC1,-4.25027,1.0,ochem,True,False
CCC1CO1,-0.0387676,0.925,ochem,True,False
CCC1OCCO1,0.292,0.425,ochem,True,False
CCC=O,0.618904,1.0,ochem,True,False
CCCBr,-1.72205,1.0,ochem,True,False
CCCC,-2.78173,1.0,ochem,True,False
CCCC(=O)CC,-0.831555,1.0,ochem,True,False
CCCC(=O)CCC,-1.36904,1.0,ochem,True,False
CCCC(=O)OC,-1.92,0.246575,ochem,True,False
CCCC(=O)OC,-0.825732,0.753425,ochem,True,False
CCCC(=O)OCC,-1.30068,1.0,ochem,True,False
CCCC(C)(C)C,-4.35891,1.0,ochem,True,False
CCCC(C)(C)C(=O)Nc1ccc(Cl)cc1,-4.02108,0.925,ochem,True,False
CCCC(C)(C)O,-0.493514,1.0,ochem,True,False
CCCC(C)(COC(N)=O)COC(=O)NC(C)C,-2.93892,0.925,ochem,True,False
CCCC(C)(COC(N)=O)COC(N)=O,-1.70482,1.0,ochem,True,False
CCCC(C)=O,-0.227205,1.0,ochem,True,False
CCCC(C)C,-3.74116,1.0,ochem,True,False
CCCC(C)C(O)CC,-1.96,0.425,ochem,True,False
CCCC(C)C1(CC)C(=O)NC(=O)NC1=O,-2.47585,1.0,ochem,True,False
CCCC(C)C=O,-1.38,0.425,ochem,True,False
CCCC(C)CO,-1.15712,1.0,ochem,True,False
CCCC(C)O,-0.291993,1.0,ochem,True,False
CCCC(CCC)C(=O)O,-1.85927,1.0,ochem,True,False
CCCC(N)C(=O)O,-0.0941,0.425,ochem,True,False
CCCC(O)C(CC)CO,-1.387,0.363636,ochem,True,False
CCCC(O)C(CC)CO,-0.54,0.636364,ochem,True,False
CCCC(O)CCC,-1.3975,1.0,ochem,True,False
CCCC1CCCC1,-4.74,1.0,ochem,True,False
CCCC1CCCCN1,-1.5,0.430303,ochem,True,False
CCCC1CCCCN1,-0.849181,0.569697,ochem,True,False
CCCC1OC1(CC)C(N)=O,-1.17,0.425,ochem,True,False
CCCC=O,-0.00898596,1.0,ochem,True,False
CCCCBr,-2.31298,1.0,ochem,True,False
CCCCC,-3.21267,1.0,ochem,True,False
CCCCC(=O)CCCC,-2.58836,1.0,ochem,True,False
CCCCC(=O)OC,-1.35321,1.0,ochem,True,False
CCCCC(=O)OCC,-1.87993,1.0,ochem,True,False
CCCCC(C)(C)C,-5.76,0.425,ochem,True,False
CCCCC(C)=O,-0.788493,1.0,ochem,True,False
CCCCC(C)C,-4.59784,0.925,ochem,True,False
CCCCC(C)C(C)O,-1.76129,0.875,ochem,True,False
CCCCC(C)CC,-5.15964,1.0,ochem,True,False
CCCCC(C)CCC,-6.05,0.425,ochem,True,False
CCCCC(C)O,-0.883363,1.0,ochem,True,False
CCCCC(CC)CCl,-3.17108,0.925,ochem,True,False
CCCCC(CC)CN,-1.71109,1.0,ochem,True,False
CCCCC(CC)CO,-2.16024,1.0,ochem,True,False
CCCCC(CC)COC(=O)CCCCC(=O)OCC(CC)CCCC,-5.68,0.425,ochem,True,False
CCCCC(CC)COP(=O)(Oc1ccccc1)Oc1ccccc1,-5.28,0.425,ochem,True,False
CCCCC(O)CC,-1.4684,1.0,ochem,True,False
CCCCC1(CC)C(=O)NC(=O)NC1=O,-1.64463,1.0,ochem,True,False
CCCCC=O,-0.854658,1.0,ochem,True,False
CCCCCBr,-3.07442,1.0,ochem,True,False
CCCCCC,-3.8863,1.0,ochem,True,False
CCCCCC(=O)CC,-1.69,0.425,ochem,True,False
CCCCCC(=O)CCCCC,-3.53,0.425,ochem,True,False
CCCCCC(=O)OC,-1.96432,1.0,ochem,True,False
CCCCCC(=O)OCC,-2.33938,1.0,ochem,True,False
CCCCCC(C)(C)O,-1.72,1.0,ochem,True,False
CCCCCC(C)=O,-1.42849,1.0,ochem,True,False
CCCCCC(C)C,-5.08,0.875,ochem,True,False
CCCCCC(C)O,-1.55027,1.0,ochem,True,False
CCCCCC(O)CC,-1.98,0.875,ochem,True,False
CCCCCC1CCCC1,-6.08,0.875,ochem,True,False
CCCCCC=O,-1.28603,1.0,ochem,True,False
CCCCCCBr,-3.80945,1.0,ochem,True,False
CCCCCCC,-4.50979,1.0,ochem,True,False
CCCCCCC(=O)OCC,-2.72654,1.0,ochem,True,False
CCCCCCC(C)=O,-2.08432,1.0,ochem,True,False
CCCCCCC(C)O,-2.09,1.0,ochem,True,False
CCCCCCC(O)CC,-2.66,0.425,ochem,True,False
CCCCCCC=O,-1.815,1.0,ochem,True,False
CCCCCCCBr,-4.43027,1.0,ochem,True,False
CCCCCCCC,-5.23945,1.0,ochem,True,False
CCCCCCCC(=O)OC,-3.33575,1.0,ochem,True,False
CCCCCCCC(=O)OCC,-3.39027,1.0,ochem,True,False
CCCCCCCC(C)=O,-2.5811,1.0,ochem,True,False
CCCCCCCC=O,-2.36,1.0,ochem,True,False
CCCCCCCCBr,-5.06082,1.0,ochem,True,False
CCCCCCCCC,-5.82155,1.0,ochem,True,False
CCCCCCCCC#N,-3.29946,0.925,ochem,True,False
CCCCCCCCC(=O)OC,-3.63764,1.0,ochem,True,False
CCCCCCCCC(=O)OCC,-3.8,1.0,ochem,True,False
CCCCCCCCC=O,-3.17036,1.0,ochem,True,False
CCCCCCCCCC,-6.44,0.425,ochem,True,False
CCCCCCCCCC(=O)OC,-4.64397,1.0,ochem,True,False
CCCCCCCCCC(=O)OCC,-4.1,1.0,ochem,True,False
CCCCCCCCCCC,-7.55,0.425,ochem,True,False
CCCCCCCCCCC(C(=O)O)C(=O)O,-3.99,0.425,ochem,True,False
CCCCCCCCCCCC(=O)OC,-4.69,1.0,ochem,True,False
CCCCCCCCCCCCC,-7.59,0.425,ochem,True,False
CCCCCCCCCCCCC(=O)O,-3.81162,0.925,ochem,True,False
CCCCCCCCCCCCCC(=O)O,-5.32964,1.0,ochem,True,False
CCCCCCCCCCCCCCC(=O)O,-4.31,0.875,ochem,True,False
CCCCCCCCCCCCCCCC,-8.4,0.875,ochem,True,False
CCCCCCCCCCCCCCCCCC(=O)O,-5.68,0.875,ochem,True,False
CCCCCCCCCCCCCCCCCCCC,-8.17103,0.875,ochem,True,False
CCCCCCCCCCCCCCCCCCCCCCCCCCCCCCCCCCCC,-8.47,0.425,ochem,True,False
CCCCCCCCCCCCCCCCCCO,-8.39673,1.0,ochem,True,False
CCCCCCCCCCCCCCCCCO,-7.50784,0.925,ochem,True,False
CCCCCCCCCCCCCCCCO,-7.16623,1.0,ochem,True,False
CCCCCCCCCCCCCCCO,-6.35,1.0,ochem,True,False
CCCCCCCCCCCCCCO,-5.9387,1.0,ochem,True,False
CCCCCCCCCCCCN,-3.38,0.425,ochem,True,False
CCCCCCCCCCCCO,-4.70151,1.0,ochem,True,False
CCCCCCCCCCN,-2.46,0.425,ochem,True,False
CCCCCCCCCCO,-3.63027,1.0,ochem,True,False
CCCCCCCCCCOC(=O)c1ccccc1C(=O)OCCCCCCCCCC,-9.31,0.425,ochem,True,False
CCCCCCCCCCc1ccccc1,-7.96,0.425,ochem,True,False
CCCCCCCCCO,-3.01082,1.0,ochem,True,False
CCCCCCCCCc1ccc(O)cc1,-4.5,0.425,ochem,True,False
CCCCCCCCN,-2.76457,0.875,ochem,True,False
CCCCCCCCN(CCCCCCCC)CCCCCCCC,-6.85,0.425,ochem,True,False
CCCCCCCCO,-2.38664,1.0,ochem,True,False
CCCCCCCCOC(=O)CCCCC(=O)OCCCCCCCC,-5.68,0.425,ochem,True,False
CCCCCCCCOC(=O)COc1ccc(Cl)cc1Cl,-7.02,0.425,ochem,True,False
CCCCCCCCOC(=O)c1ccc(O)cc1,-4.22,0.425,ochem,True,False
CCCCCCCCOCC(O)CO,-1.92,0.425,ochem,True,False
CCCCCCCCOCCO,-2.12,0.425,ochem,True,False
CCCCCCCCOP(=O)(Oc1ccccc1)Oc1ccccc1,-6.41,0.425,ochem,True,False
CCCCCCCCc1ccccc1,-6.46,0.925,ochem,True,False
CCCCCCCCl,-3.99411,1.0,ochem,True,False
CCCCCCCI,-4.81,1.0,ochem,True,False
CCCCCCCN,-1.85,0.875,ochem,True,False
CCCCCCCO,-1.82051,1.0,ochem,True,False
CCCCCCCOC(=O)c1ccc(O)cc1,-4.07108,0.925,ochem,True,False
CCCCCCCS,-4.15,0.425,ochem,True,False
CCCCCCCl,-3.12,1.0,ochem,True,False
CCCCCCN,-1.00984,1.0,ochem,True,False
CCCCCCNCCCCCC,-3.16,0.425,ochem,True,False
CCCCCCO,-1.23973,1.0,ochem,True,False
CCCCCCOC(=O)c1ccccc1C(=O)OCCCCCC,-6.83,0.2125,ochem,True,False
CCCCCCOC(=O)c1ccccc1C(=O)OCCCCCC,-6.14272,0.6625,ochem,True,False
CCCCCCOC(C)=O,-2.45518,1.0,ochem,True,False
CCCCCCOCCO,-1.16946,0.925,ochem,True,False
CCCCCCOCCOCCO,-1.05,0.425,ochem,True,False
CCCCCCO[N+](=O)[O-],-3.13,0.425,ochem,True,False
CCCCCCc1ccc(O)cc1O,-2.58973,1.0,ochem,True,False
CCCCCCc1ccccc1,-5.22815,1.0,ochem,True,False
CCCCCN,1.06,0.925,ochem,True,False
CCCCCN(CCCCC)CCCCC,-4.03,0.425,ochem,True,False
CCCCCO,-0.601171,1.0,ochem,True,False
CCCCCOC(=O)CC,-1.28,0.875,ochem,True,False
CCCCCOC(=O)c1ccc(O)cc1,-3.81,0.425,ochem,True,False
CCCCCOC(C)=O,-1.88586,1.0,ochem,True,False
CCCCCS,-2.82,0.425,ochem,True,False
CCCCCc1ccccc1,-4.64,1.0,ochem,True,False
CCCCCl,-1.99541,1.0,ochem,True,False
CCCCN,1.13784,0.925,ochem,True,False
CCCCN(C)C(=O)Nc1ccc(Cl)c(Cl)c1,-4.76613,1.0,ochem,True,False
CCCCN(CC)C(=O)SCCC,-3.40472,1.0,ochem,True,False
CCCCN(CC)N=O,-1.0373,0.925,ochem,True,False
CCCCN(CCCC)CCCC,-3.11855,1.0,ochem,True,False
CCCCNC(=O)NS(=O)(=O)c1ccc(C)cc1,-3.39145,1.0,ochem,True,False
CCCCNC(=O)NS(=O)(=O)c1ccc(N)cc1,-2.71,0.0772727,ochem,True,False
CCCCNC(=O)NS(=O)(=O)c1ccc(N)cc1,-2.17921,0.922727,ochem,True,False
CCCCNC(=O)NS(=O)(=O)c1ccccc1,-3.05,0.875,ochem,True,False
CCCCNCC,-0.441,0.425,ochem,True,False
CCCCNCCCC,-1.43964,1.0,ochem,True,False
CCCCNCCO,0.931,0.425,ochem,True,False
CCCCO,-0.0189041,1.0,ochem,True,False
CCCCOC,-0.99,1.0,ochem,True,False
CCCCOC(=O)/C=C/c1ccccc1,-1.61,0.425,ochem,True,False
CCCCOC(=O)C(C)O,-0.563,0.925,ochem,True,False
CCCCOC(=O)CC,-1.93892,0.925,ochem,True,False
CCCCOC(=O)CCC,-2.46,0.925,ochem,True,False
CCCCOC(=O)CCCCCCCCC(=O)OCCCC,-3.89794,0.875,ochem,True,False
CCCCOC(=O)c1ccc(N)cc1,-2.91302,1.0,ochem,True,False
CCCCOC(=O)c1ccc(O)cc1,-2.82477,1.0,ochem,True,False
CCCCOC(=O)c1ccccc1,-3.48,1.0,ochem,True,False
CCCCOC(=O)c1ccccc1C(=O)OCCCC,-4.39863,1.0,ochem,True,False
CCCCOC(=O)c1ccccc1C(=O)OCc1ccccc1,-5.64,0.559091,ochem,True,False
CCCCOC(=O)c1ccccc1C(=O)OCc1ccccc1,-5.06412,0.440909,ochem,True,False
CCCCOC(C)=O,-1.204,1.0,ochem,True,False
CCCCOC=O,-1.246,1.0,ochem,True,False
CCCCOCC(C)OCC(C)O,-0.626,0.425,ochem,True,False
CCCCOCC1CO1,-0.814,0.925,ochem,True,False
CCCCOCCCC,-2.63835,0.332192,ochem,True,False
CCCCOCCCC,-1.85,0.667808,ochem,True,False
CCCCOCCO,-0.42,0.726027,ochem,True,False
CCCCOCCO,0.927,0.273973,ochem,True,False
CCCCOCCOC(=O)COc1ccc(Cl)cc1Cl,-4.43,0.425,ochem,True,False
CCCCOCCOCCCC,-1.94,0.925,ochem,True,False
CCCCOCCOCCO,0.79,0.425,ochem,True,False
CCCCOCCOCCOCCCC,-1.86108,0.925,ochem,True,False
CCCCOCCOCCOCCO,0.685,0.425,ochem,True,False
CCCCOCN(C(=O)CCl)c1c(CC)cccc1CC,-4.19082,1.0,ochem,True,False
CCCCOP(=O)(CCCC)OCCCC,-2.7,0.425,ochem,True,False
CCCCP(=O)(CCCC)CCCC,-0.593,0.425,ochem,True,False
CCCCS,-2.17973,1.0,ochem,True,False
CCCCSP(=O)(SCCCC)SCCCC,-5.30387,1.0,ochem,True,False
CCCCc1c(C)nc(NCC)nc1OS(=O)(=O)N(C)C,-4.16,1.0,ochem,True,False
CCCCc1ccccc1,-4.0589,1.0,ochem,True,False
CCCCl,-1.46753,1.0,ochem,True,False
CCCI,-2.26038,1.0,ochem,True,False
CCCN,1.22892,0.925,ochem,True,False
CCCN(CCC)C(=O)SCC,-2.70162,0.925,ochem,True,False
CCCN(CCC)CCC,-2.28073,1.0,ochem,True,False
CCCNC(=O)NS(=O)(=O)c1ccc(Cl)cc1,-3.03,1.0,ochem,True,False
CCCNCCC,-0.378909,1.0,ochem,True,False
CCCO,0.62,0.481818,ochem,True,False
CCCO,1.2207,0.518182,ochem,True,False
CCCOC,-0.388904,1.0,ochem,True,False
CCCOC(=O)CC,-1.34,0.363636,ochem,True,False
CCCOC(=O)CC,-0.82,0.636364,ochem,True,False
CCCOC(=O)CCC,-1.87397,1.0,ochem,True,False
CCCOC(=O)COc1ccc(Cl)cc1Cl,-4.25,0.425,ochem,True,False
CCCOC(=O)c1cc(O)c(O)c(O)c1,-1.78109,1.0,ochem,True,False
CCCOC(=O)c1ccc(N)cc1,-2.35953,1.0,ochem,True,False
CCCOC(=O)c1ccc(O)cc1,-2.55838,0.925,ochem,True,False
CCCOC(=O)c1ccccc1,-2.67,0.875,ochem,True,False
CCCOC(C)=O,-0.724319,1.0,ochem,True,False
CCCOC(C)C,-1.33918,1.0,ochem,True,False
CCCOC=O,-0.527538,1.0,ochem,True,False
CCCOCC,-0.716681,1.0,ochem,True,False
CCCOCCC,-1.53753,1.0,ochem,True,False
CCCOP(=O)(OCCC)OCCC,-1.54,0.425,ochem,True,False
CCCOP(=O)(OCCC)Oc1ccc(SC)cc1,-3.38784,0.925,ochem,True,False
CCCOP(=S)(OCCC)OP(=S)(OCCC)OCCC,-4.1,0.425,ochem,True,False
CCCOP(=S)(OCCC)SCC(=O)N1CCCCC1C,-4.15,1.0,ochem,True,False
CCCO[N+](=O)[O-],-1.5,0.425,ochem,True,False
CCCSCCC,-2.58,0.875,ochem,True,False
CCCSP(=O)(OCC)Oc1ccc(Br)cc1Cl,-4.1273,0.925,ochem,True,False
CCCSP(=O)(OCC)SCCC,-2.50946,0.925,ochem,True,False
CCCSP(=S)(OCC)Oc1ccc(Cl)cc1Cl,-6.69,0.425,ochem,True,False
CCCc1ccccc1,-3.36703,1.0,ochem,True,False
CCCl,-1.05818,1.0,ochem,True,False
CCI,-1.60027,1.0,ochem,True,False
CCN,1.34784,0.925,ochem,True,False
CCN(CC)C(=O)CCl,-0.243,0.425,ochem,True,False
CCN(CC)C(=O)CSc1ccc(Cl)nn1,-1.71724,1.0,ochem,True,False
CCN(CC)C(=O)N(CC)CC,-0.634,0.425,ochem,True,False
CCN(CC)C(=O)SCc1ccc(Cl)cc1,-3.96216,0.925,ochem,True,False
CCN(CC)C(=O)SCc1ccccc1Cl,-4.03,0.425,ochem,True,False
CCN(CC)C(=S)SSC(=S)N(CC)CC,-4.86,1.0,ochem,True,False
CCN(CC)CC,-0.139118,1.0,ochem,True,False
CCN(CC)CCO,0.931,0.425,ochem,True,False
CCN(CC)CCOC(=O)C(c1ccccc1)c1ccccc1,-2.0,0.425,ochem,True,False
CCN(CC)CN(CC)CC,-0.2,0.425,ochem,True,False
CCN(CC)c1ccccc1,-3.02945,1.0,ochem,True,False
CCN(CC)c1nc(Cl)nc(NC(C)C)n1,-3.78655,1.0,ochem,True,False
CCN(CCCl)CCCl,-3.03,0.425,ochem,True,False
CCN(CCO)c1ccccc1,-1.92,0.425,ochem,True,False
CCN1CCOCC1,0.939,0.425,ochem,True,False
CCNC(=O)CSP(=S)(OC)OC,-1.45838,0.925,ochem,True,False
CCNC(=S)NCC,-1.46,1.0,ochem,True,False
CCNCC,0.987135,0.925,ochem,True,False
CCNc1ccccc1,-1.7,1.0,ochem,True,False
CCNc1nc(NC(C)C)nc(SC)n1,-3.03918,1.0,ochem,True,False
CCO,1.18618,1.0,ochem,True,False
CCOC,-0.0799,0.425,ochem,True,False
CCOC(=O)C(=O)C(=O)OCC,0.512,0.425,ochem,True,False
CCOC(=O)C(=O)OCC,-0.609,0.425,ochem,True,False
CCOC(=O)C(C)N(C(=O)c1ccccc1)c1ccc(Cl)c(Cl)c1,-4.26162,0.925,ochem,True,False
CCOC(=O)C(C)O,0.928,0.425,ochem,True,False
CCOC(=O)C=Cc1ccccc1,-2.9989,1.0,ochem,True,False
CCOC(=O)CC,-0.681925,1.0,ochem,True,False
CCOC(=O)CC#N,-0.752541,0.925,ochem,True,False
CCOC(=O)CC(=O)C(F)(F)F,-1.36,0.425,ochem,True,True
CCOC(=O)CC(=O)OCC,-0.825205,1.0,ochem,True,False
CCOC(=O)CC(C)C,-1.68784,0.925,ochem,True,False
CCOC(=O)CC(O)(CC(=O)OCC)C(=O)OCC,-0.608973,0.925,ochem,True,False
CCOC(=O)CC(SP(=S)(OC)OC)C(=O)OCC,-3.36589,1.0,ochem,True,False
CCOC(=O)CCC(=O)OCC,-0.96,1.0,ochem,True,False
CCOC(=O)CCCC(=O)OCC,-1.33,0.925,ochem,True,False
CCOC(=O)CCCCCC(=O)OCC,-2.02081,0.925,ochem,True,False
CCOC(=O)CCCCCCCC(=O)OCC,-2.99,0.425,ochem,True,False
CCOC(=O)CCCCCCCCC(=O)OCC,-3.51,0.925,ochem,True,False
CCOC(=O)CCc1ccccc1,-2.91,0.425,ochem,True,False
CCOC(=O)CN(C(=O)CCl)c1c(CC)cccc1CC,-3.47162,0.925,ochem,True,False
CCOC(=O)N(C)C(=O)CSP(=S)(OCC)OCC,-2.51897,0.875,ochem,True,False
CCOC(=O)N(C)N=O,-0.553,0.425,ochem,True,False
CCOC(=O)N(CC)CC,-1.07,0.425,ochem,True,False
CCOC(=O)c1ccc(N)cc1,-2.3423,1.0,ochem,True,False
CCOC(=O)c1ccc(O)cc1,-2.33644,1.0,ochem,True,False
CCOC(=O)c1ccccc1,-2.31973,1.0,ochem,True,False
CCOC(=O)c1ccccc1C(=O)OCC,-2.33753,1.0,ochem,True,False
CCOC(=O)c1cncn1C(C)c1ccccc1,-4.73743,0.875,ochem,True,False
CCOC(C)(C)C,-0.93,0.425,ochem,True,False
CCOC(C)=O,-0.0405479,1.0,ochem,True,False
CCOC(C)C,-0.550364,1.0,ochem,True,False
CCOC(C)OCC,-0.429726,1.0,ochem,True,False
CCOC=O,0.125406,1.0,ochem,True,False
CCOCC,-0.089662,1.0,ochem,True,False
CCOCCC(=O)OCC,-0.421,0.425,ochem,True,False
CCOCCOC(=O)/C=C/c1ccc(OC)cc1,-2.7,0.425,ochem,True,False
CCOCCOC(=O)CCCCC(=O)OCCOCC,-2.06,0.425,ochem,True,False
CCOCCOC(=O)CCCCCCCCC(=O)OCCOCC,-3.2,0.425,ochem,True,False
CCOCCOCC,-0.77,0.667808,ochem,True,False
CCOCCOCC,-0.15,0.332192,ochem,True,False
CCOCCOCCO,0.872,0.925,ochem,True,False
CCOCCOCCOC(C)=O,0.754,0.425,ochem,True,False
CCOCCOCCOCC,0.79,0.925,ochem,True,False
CCOCCOCCOCCO,0.749,0.425,ochem,True,False
CCOP(=O)(OCC)SCCSCC,-2.11054,0.925,ochem,True,False
CCOP(=O)(Sc1ccccc1)Sc1ccccc1,-3.33054,0.925,ochem,True,False
CCOP(=S)(CC)Oc1cc(Cl)c(Cl)cc1Cl,-5.75138,1.0,ochem,True,False
CCOP(=S)(CC)Sc1ccccc1,-4.15946,0.925,ochem,True,False
CCOP(=S)(OCC)N1C(=O)c2ccccc2C1=O,-3.35055,1.0,ochem,True,False
CCOP(=S)(OCC)OC(Cl)C(Cl)(Cl)Cl,-5.53,0.425,ochem,True,False
CCOP(=S)(OCC)OCCSCC,-3.63216,0.925,ochem,True,False
CCOP(=S)(OCC)OP(=S)(OCC)OCC,-4.03,0.425,ochem,True,False
CCOP(=S)(OCC)Oc1cc(Cl)c(Br)cc1Cl,-5.95108,0.925,ochem,True,False
CCOP(=S)(OCC)Oc1ccc2c(C)c(Cl)c(=O)oc2c1,-5.38145,1.0,ochem,True,False
CCOP(=S)(OCC)SC(CCl)N1C(=O)c2ccccc2C1=O,-6.34,1.0,ochem,True,False
CCOP(=S)(OCC)SCC(=O)NC(C)C,-2.05838,0.925,ochem,True,False
CCOP(=S)(OCC)SCCS(=O)(=O)CC,-2.54,0.925,ochem,True,False
CCOP(=S)(OCC)SCCSCC,-4.2289,1.0,ochem,True,False
CCOP(=S)(OCC)SCSC(C)(C)C,-4.755,1.0,ochem,True,False
CCOP(=S)(OCC)SCSCC,-3.95692,1.0,ochem,True,False
CCOP(=S)(OCC)SCSP(=S)(OCC)OCC,-5.45473,1.0,ochem,True,False
CCOP(=S)(OCC)SCn1nnc2ccccc2c1=O,-4.51838,0.925,ochem,True,False
CCOP(C)(=O)SCCN(C(C)C)C(C)C,-0.95,0.425,ochem,True,False
CCOS(=O)(=O)c1ccccc1,-2.13,0.425,ochem,True,False
CCOc1ccc(C=O)cc1OC,-2.19,0.425,ochem,True,False
CCOc1ccc(NC(C)=O)cc1,-2.36386,1.0,ochem,True,False
CCOc1ccccc1,-2.33055,1.0,ochem,True,False
CCS,-0.620959,1.0,ochem,True,False
CCSC(=O)N(CC(C)C)CC(C)C,-3.68,1.0,ochem,True,False
CCSC(=O)N(CC)C1CCCCC1,-3.4,1.0,ochem,True,False
CCSC(=O)N1CCCCCC1,-2.28784,0.925,ochem,True,False
CCSCC,-1.40218,1.0,ochem,True,False
CCSCCSP(=O)(OC)OC,-1.84,0.425,ochem,True,False
CCSCCSP(=S)(OC)OC,-3.09051,0.875,ochem,True,False
CCSSCC,-2.46614,0.875,ochem,True,False
CCc1cc(C)cc(O)c1,-1.77,0.425,ochem,True,False
CCc1ccc(C)cc1,-3.1075,1.0,ochem,True,False
CCc1ccc(CC)cc1,-3.74418,1.0,ochem,True,False
CCc1ccc2cc3ccccc3cc2c1,-6.88855,1.0,ochem,True,False
CCc1ccc2ccccc2c1,-4.29,1.0,ochem,True,False
CCc1cccc(C)c1N(COC(C)C)C(=O)CCl,-3.19,0.425,ochem,True,False
CCc1cccc(CC)c1,-3.74892,0.925,ochem,True,False
CCc1cccc(CC)c1N,-2.34927,1.0,ochem,True,False
CCc1ccccc1,-2.78116,1.0,ochem,True,False
CCc1ccccc1Br,-3.67,0.425,ochem,True,False
CCc1ccccc1C,-3.20918,1.0,ochem,True,False
CCc1ccccc1CC,-3.27855,1.0,ochem,True,False
CCc1ccccn1,0.506727,1.0,ochem,True,False
CCc1nnc(NS(=O)(=O)c2ccc(N)cc2)s1,-1.94073,1.0,ochem,True,False
CN(C)C,1.01545,1.0,ochem,True,False
CN(C)C(=O)C(c1ccccc1)c1ccccc1,-2.97445,1.0,ochem,True,False
CN(C)C(=O)N(C)C,0.938048,1.0,ochem,True,False
CN(C)C(=O)NC1CC2CC1C1CCCC21,-3.07751,1.0,ochem,True,False
CN(C)C(=O)NC1CCCCCCC1,-2.31177,1.0,ochem,True,False
CN(C)C(=O)Nc1ccc(Cl)cc1,-2.90551,1.0,ochem,True,False
CN(C)C(=O)OC1=CC(=O)CC(C)(C)C1,-0.849219,1.0,ochem,True,False
CN(C)C(=O)SCCCCOc1ccccc1,-3.92846,0.875,ochem,True,False
CN(C)C(=S)SSC(=S)N(C)C,-3.9,1.0,ochem,True,False
CN(C)C(C)(C)CO,0.931,0.425,ochem,True,False
CN(C)C(CSC(N)=O)CSC(N)=O,-0.136,0.425,ochem,True,False
CN(C)C(CSS(=O)(=O)c1ccccc1)CSS(=O)(=O)c1ccccc1,-5.76,0.425,ochem,True,False
CN(C)CCCCl,-0.199,0.425,ochem,True,False
CN(C)CCN(Cc1ccccc1)c1ccccn1,-2.64,0.875,ochem,True,False
CN(C)CCN(Cc1cccs1)c1ccccn1,-2.64,0.875,ochem,True,False
CN(C)P(=O)(N(C)C)N(C)C,0.747,0.925,ochem,True,False
CN(CCCl)CCCl,-1.11,0.425,ochem,True,False
CN(CCO)CCO,0.924,0.425,ochem,True,False
CN1C(=O)OC(C)(C)C1=O,-0.457,0.425,ochem,True,False
CN1CCCC1=O,1.00145,1.0,ochem,True,False
CN1CCCCC1,0.228545,1.0,ochem,True,False
CN1CCOCC1,0.997795,1.0,ochem,True,False
CN1CSC(=S)N(C)C1,-2.08143,0.875,ochem,True,False
CNC(=O)CSP(=O)(OC)OC,0.671,0.425,ochem,True,False
CNC(=O)N(C)C(=O)CC#N,0.171,0.425,ochem,True,False
CNC(=O)ON=C(CSC)C(C)(C)C,-1.62,1.0,ochem,True,False
CNC(=O)Oc1cc(C)c(N(C)C)c(C)c1,-3.34838,0.925,ochem,True,False
CNC(=O)Oc1cc(C)cc(C)c1,-2.58069,1.0,ochem,True,False
CNC(=O)Oc1ccc(N(C)C)c(C)c1,-2.35918,1.0,ochem,True,False
CNC(=O)Oc1cccc(C)c1,-1.8,0.875,ochem,True,False
CNC(=O)Oc1ccccc1,-1.80154,0.875,ochem,True,False
CNC(=O)Oc1ccccc1C1OCCO1,-1.57027,1.0,ochem,True,False
CNC(=S)NC,0.982,0.425,ochem,True,False
CNC(C)=O,1.13784,0.925,ochem,True,False
CNC(N)=O,1.13,1.0,ochem,True,False
CNCC(O)C(O)C(O)C(O)CO,0.640081,0.925,ochem,True,False
CNCc1ccccc1,0.917,0.425,ochem,True,False
CNN,1.33918,1.0,ochem,True,False
CNNC,1.22,0.425,ochem,True,False
COC,0.884,0.925,ochem,True,False
COC(=O)C(=O)OC,-0.292,0.425,ochem,True,False
COC(=O)C(C)O,0.983,0.425,ochem,True,False
COC(=O)C(Cl)Cc1ccc(Cl)cc1,-3.76818,1.0,ochem,True,False
COC(=O)C1=CCCN(C)C1,0.809559,1.0,ochem,True,False
COC(=O)CC(C)=O,0.634,0.925,ochem,True,False
COC(=O)CCC(=O)OC,-0.767,0.425,ochem,True,False
COC(=O)CCCCC(=O)OC,-1.46,0.425,ochem,True,False
COC(=O)COc1ccc(Cl)cc1Cl,-2.96,0.425,ochem,True,False
COC(=O)NS(=O)(=O)c1ccc(N)cc1,-1.66109,1.0,ochem,True,False
COC(=O)Nc1cccc(OC(=O)Nc2cccc(C)c2)c1,-4.79245,1.0,ochem,True,False
COC(=O)c1cc(O)c(O)c(O)c1,-1.24,1.0,ochem,True,False
COC(=O)c1ccc(N)cc1,-1.59255,1.0,ochem,True,False
COC(=O)c1ccc(O)cc1,-1.79268,1.0,ochem,True,False
COC(=O)c1ccc(OC)cc1,-2.41073,1.0,ochem,True,False
COC(=O)c1ccccc1,-1.83493,1.0,ochem,True,False
COC(=O)c1ccccc1N,-1.72,0.425,ochem,True,False
COC(=O)c1ccccc1O,-2.34,0.559091,ochem,True,False
COC(=O)c1ccccc1O,-1.31247,0.440909,ochem,True,False
COC(=O)c1cccnc1,-0.46,1.0,ochem,True,False
COC(C)(C)C,-0.239452,1.0,ochem,True,False
COC(C)(C)CCCC(C)CC=CC(C)=CC(=O)OC(C)C,-5.23274,1.0,ochem,True,False
COC(C)=O,0.50411,1.0,ochem,True,False
COC(C)C,-0.0584455,1.0,ochem,True,False
COC(C)CCOC(C)=O,-1.5,0.425,ochem,True,False
COC(N)=O,0.967818,1.0,ochem,True,False
COC=O,0.617699,1.0,ochem,True,False
COCC(C)O,1.05,0.425,ochem,True,False
COCC(C)OC(C)=O,0.176,0.925,ochem,True,False
COCC(C)OCC(C)OCC(C)O,0.685,0.425,ochem,True,False
COCCC(=O)OC,0.803,0.425,ochem,True,False
COCCCNc1nc(NC(C)C)nc(SC)n1,-2.92862,1.0,ochem,True,False
COCCCl,-0.0725,0.425,ochem,True,False
COCCN(C(=O)CCl)c1c(C)cccc1C,-2.07865,0.925,ochem,True,False
COCCNC(=O)CSP(=S)(OC)OC,-1.14,0.425,ochem,True,False
COCCO,1.11946,0.925,ochem,True,False
COCCOC,1.0473,0.925,ochem,True,False
COCCOC(=O)CCCCC(=O)OCCOC,-1.27,0.425,ochem,True,False
COCCOCCO,0.92,0.425,ochem,True,False
COCCOCCOC,0.872,0.925,ochem,True,False
COCCOc1c(OC)cc(Cc2cnc(N)nc2N)cc1OC,-2.10036,1.0,ochem,True,False
COCOC,0.487123,1.0,ochem,True,False
COCc1ccc(C=O)o1,-0.499,0.425,ochem,True,False
COCc1ccccc1,-1.61,0.425,ochem,True,False
CON(C)C(=O)Nc1ccc(Br)c(Cl)c1,-3.92276,1.0,ochem,True,False
COP(=O)(OC)OC(Br)C(Cl)(Cl)Br,-2.28,1.0,ochem,True,False
COP(=O)(OC)OC1=C(Cl)C2C=CCC12,-2.00054,0.925,ochem,True,False
COP(=S)(OC)Oc1cc(Cl)c(Br)cc1Cl,-6.0889,1.0,ochem,True,False
COP(=S)(OC)Oc1cc(Cl)c(Cl)cc1Cl,-5.64942,1.0,ochem,True,False
COP(=S)(OC)Oc1cc(Cl)c(I)cc1Cl,-6.6189,1.0,ochem,True,False
COP(=S)(OC)Oc1ccc(Sc2ccc(OP(=S)(OC)OC)cc2)cc1,-6.23793,1.0,ochem,True,False
COP(=S)(OC)SCC(=O)N(C)C=O,-1.99743,0.875,ochem,True,False
COP(C)(=O)OC,0.906,0.925,ochem,True,False
COP(N)(=O)SC,0.85,0.925,ochem,True,False
COS(=O)(=O)c1ccccc1,-1.74,0.425,ochem,True,False
COc1c(Cl)c(Cl)c(Cl)c(Cl)c1OC,-5.24,0.425,ochem,True,False
COc1c(Cl)cc(Cl)cc1Cl,-4.3273,0.925,ochem,True,False
COc1c(Cl)cccc1Cl,-3.1,0.425,ochem,True,False
COc1c(O)c(Cl)c(Cl)c(Cl)c1Cl,-4.79,0.0801887,ochem,True,False
COc1c(O)c(Cl)c(Cl)c(Cl)c1Cl,-4.02,0.919811,ochem,True,False
COc1c2occc2cc2ccc(=O)oc12,-3.66016,1.0,ochem,True,False
COc1cc(C(=O)O)ccc1O,-2.05,1.0,ochem,True,False
COc1cc(C=O)cc(Cl)c1O,-2.87,0.425,ochem,True,False
COc1cc(C=O)ccc1O,-1.14054,0.925,ochem,True,False
COc1cc(Cl)c(Cl)c(Cl)c1Cl,-5.26,0.425,ochem,True,False
COc1cc(Cl)c(OC)cc1Cl,-4.41162,0.925,ochem,True,False
COc1ccc(C=O)cc1,-1.49387,1.0,ochem,True,False
COc1ccc(C=O)cc1OC,-1.42,0.425,ochem,True,False
COc1ccc(Cl)cc1,-2.78,0.875,ochem,True,False
COc1ccc(N)cc1,-0.768,0.425,ochem,True,False
COc1ccc(NC(C)=O)cc1,-1.26843,0.875,ochem,True,False
COc1ccc(NS(=O)(=O)c2ccc(N)cc2)nn1,-3.28,1.0,ochem,True,False
COc1ccc(Oc2ccc(NC(=O)N(C)C)cc2)cc1,-4.1589,1.0,ochem,True,False
COc1ccc2ccc(=O)oc2c1CC=C(C)C,-4.31071,1.0,ochem,True,False
COc1cccc(Cl)c1,-2.78,0.875,ochem,True,False
COc1ccccc1,-1.90565,1.0,ochem,True,False
COc1ccccc1O,-1.96,0.726027,ochem,True,False
COc1ccccc1O,-0.822,0.273973,ochem,True,False
COc1ccccc1OCC(O)CO,-0.598,0.925,ochem,True,False
COc1ccccc1OCC(O)COC(N)=O,-0.986546,1.0,ochem,True,False
COc1coc(CSP(=O)(OC)OC)cc1=O,0.620351,0.925,ochem,True,False
COc1nn(CSP(=S)(OC)OC)c(=O)s1,-3.20946,0.925,ochem,True,False
CP(=O)(O)O,-0.681,0.425,ochem,True,False
CS(=O)(=O)F,-0.514541,0.925,ochem,True,False
CSC,-0.994,0.363636,ochem,True,False
CSC,-0.45,0.636364,ochem,True,False
CSSC,-1.45457,0.875,ochem,True,False
CSc1ccccc1,-2.39,1.0,ochem,True,False
C[C@H]1CCCC[C@H]1C,-4.27,0.425,ochem,True,False
C[N+](C)(C)CC(=O)O,0.72,0.425,ochem,True,False
Cc1c(C)c(C)c(C)c(C)c1C,-5.8393,0.518182,ochem,True,False
Cc1c(C)c(C)c(C)c(C)c1C,-5.23,0.481818,ochem,True,False
Cc1c(O)cccc1O,0.326,0.425,ochem,True,False
Cc1c2ccccc2c(C)c2ccccc12,-6.5689,1.0,ochem,True,False
Cc1c2ccccc2cc2ccccc12,-5.8837,1.0,ochem,True,False
Cc1c[nH]c(=O)[nH]c1=O,-1.51627,1.0,ochem,True,False
Cc1c[nH]c2ccccc12,-2.42027,1.0,ochem,True,False
Cc1cc(=O)[nH]c(=O)[nH]1,-1.26,0.875,ochem,True,False
Cc1cc(=O)[nH]c(=S)[nH]1,-2.43204,1.0,ochem,True,False
Cc1cc(=O)[nH]o1,-0.0683784,0.925,ochem,True,False
Cc1cc(=O)c2ccccc2[nH]1,-1.2,0.425,ochem,True,False
Cc1cc(C)c(C(=O)O)c(C)c1,-2.35838,0.925,ochem,True,False
Cc1cc(C)c(C)c(C)c1C,-3.99247,1.0,ochem,True,False
Cc1cc(C)c(C)cc1C,-4.58855,1.0,ochem,True,False
Cc1cc(C)c(N)cc1C,-1.9527,0.925,ochem,True,False
Cc1cc(C)c(O)c(C)c1,-2.05336,1.0,ochem,True,False
Cc1cc(C)c2ccccc2c1,-4.29027,1.0,ochem,True,False
Cc1cc(C)c2ccccc2n1,-1.94145,1.0,ochem,True,False
Cc1cc(C)cc(C)c1,-3.39918,1.0,ochem,True,False
Cc1cc(C)cc(O)c1,-1.39973,1.0,ochem,True,False
Cc1cc(Cc2cc(C)cc(C(C)(C)C)c2O)c(O)c(C(C)(C)C)c1,-7.23,0.425,ochem,True,False
Cc1cc(Cl)ccc1O,-1.55108,0.925,ochem,True,False
Cc1cc(N)nc(C)n1,-1.28145,1.0,ochem,True,False
Cc1cc(O)c(C(=O)O)c(O)c1,-2.05,0.425,ochem,True,False
Cc1cc(O)c(Cl)c(C)c1Cl,-2.98,0.925,ochem,True,False
Cc1cc(O)cc(C)c1Cl,-2.79891,1.0,ochem,True,False
Cc1cc(O)ccc1Cl,-1.57,0.875,ochem,True,False
Cc1cc(O)ccc1[N+](=O)[O-],-2.11,0.925,ochem,True,False
Cc1ccc(Br)cc1,-3.19055,1.0,ochem,True,False
Cc1ccc(C)c(C)c1,-3.31442,1.0,ochem,True,False
Cc1ccc(C)c(O)c1,-1.53927,1.0,ochem,True,False
Cc1ccc(C)c(O)c1C,-1.93784,0.925,ochem,True,False
Cc1ccc(C)cc1,-2.78842,1.0,ochem,True,False
Cc1ccc(C=O)cc1,-1.72216,0.925,ochem,True,False
Cc1ccc(CO)cc1,-1.2,1.0,ochem,True,False
Cc1ccc(Cl)cc1,-3.07918,1.0,ochem,True,False
Cc1ccc(N)cc1,-1.21192,1.0,ochem,True,False
Cc1ccc(N)cc1C,-1.5,0.425,ochem,True,False
Cc1ccc(O)cc1,-0.708062,1.0,ochem,True,False
Cc1ccc(O)cc1C,-1.40233,1.0,ochem,True,False
Cc1ccc(OCC(=O)O)cc1,-2.14,0.425,ochem,True,False
Cc1ccc(OP(=O)(Oc2ccc(C)cc2)Oc2ccc(C)cc2)cc1,-6.09,0.425,ochem,True,False
Cc1ccc(Oc2ccc(C)cc2)cc1,-4.85,0.425,ochem,True,False
Cc1ccc2[nH]c(=O)c(=O)[nH]c2c1,-3.04,0.425,ochem,True,False
Cc1ccc2cc(C)ccc2c1,-4.89082,1.0,ochem,True,False
Cc1ccc2cc3ccc4ccccc4c3cc2c1,-6.64,0.425,ochem,True,False
Cc1ccc2cc3ccccc3cc2c1,-6.9589,1.0,ochem,True,False
Cc1ccc2ccccc2c1,-3.76723,1.0,ochem,True,False
Cc1cccc(Br)c1,-3.52109,1.0,ochem,True,False
Cc1cccc(C)c1N,-1.17,0.425,ochem,True,False
Cc1cccc(C)c1O,-1.3037,1.0,ochem,True,False
Cc1cccc(CO)c1,-0.388,0.425,ochem,True,False
Cc1cccc(Cl)c1,-3.52,0.425,ochem,True,False
Cc1cccc(N)c1,-0.851329,1.0,ochem,True,False
Cc1cccc(O)c1C,-1.42891,1.0,ochem,True,False
Cc1cccc2c(C)cccc12,-4.73051,1.0,ochem,True,False
Cc1cccc2ccccc12,-3.71589,1.0,ochem,True,False
Cc1cccc2sc3nncn3c12,-2.07082,1.0,ochem,True,False
Cc1ccccc1,-2.21904,1.0,ochem,True,False
Cc1ccccc1-n1c(C)nc2ccccc2c1=O,-2.92257,0.875,ochem,True,False
Cc1ccccc1C,-2.79342,1.0,ochem,True,False
Cc1ccccc1Cl,-3.52,0.667808,ochem,True,False
Cc1ccccc1Cl,-2.53,0.332192,ochem,True,False
Cc1ccccc1N,-2.21,0.246575,ochem,True,False
Cc1ccccc1N,-0.829273,0.753425,ochem,True,False
Cc1ccccc1O,-0.62039,1.0,ochem,True,False
Cc1cccnc1C,0.38137,1.0,ochem,True,False
Cc1ccco1,-1.43838,0.925,ochem,True,False
Cc1ccnc(C)c1,0.416712,1.0,ochem,True,False
Cc1cnc(NS(=O)(=O)c2ccc(N)cc2)nc1,-2.82,1.0,ochem,True,False
Cc1cncc(C)c1,0.38,1.0,ochem,True,False
Cc1noc(NS(=O)(=O)c2ccc(N)cc2)c1C,-2.91,0.875,ochem,True,False
Cc1occc1C(=O)Nc1ccccc1,-3.3011,1.0,ochem,True,False
ClC(Br)Br,-1.90521,1.0,ochem,True,False
ClC(Cl)(Cl)C(Cl)(Cl)Cl,-4.488,0.273973,ochem,True,False
ClC(Cl)(Cl)C(Cl)(Cl)Cl,-3.67,0.726027,ochem,True,False
ClC(Cl)(Cl)Cl,-2.30397,1.0,ochem,True,False
ClC(Cl)=C(Cl)C(Cl)=C(Cl)Cl,-4.91274,1.0,ochem,True,False
ClC(Cl)=C(Cl)Cl,-2.68808,1.0,ochem,True,False
ClC(Cl)=C(c1ccc(Cl)cc1)c1ccc(Cl)cc1,-6.9,1.0,ochem,True,False
ClC(Cl)=C(c1ccc(Cl)cc1)c1ccccc1Cl,-6.36,0.875,ochem,True,False
ClC(Cl)=CC(Cl)=C(Cl)Cl,-4.23,0.875,ochem,True,False
ClC(Cl)Br,-1.59288,1.0,ochem,True,False
ClC(Cl)C(Cl)(Cl)Cl,-2.60801,1.0,ochem,True,False
ClC(Cl)Cl,-1.1725,1.0,ochem,True,False
ClC/C=C/CCl,-2.28,0.425,ochem,True,False
ClC1=C(Cl)C(Cl)(Cl)C(Cl)(Cl)C1(Cl)Cl,-6.54,0.425,ochem,True,False
ClC1=C(Cl)C(Cl)(Cl)C(Cl)=C1Cl,-5.18036,1.0,ochem,True,False
ClC1C(Cl)C(Cl)C(Cl)C(Cl)C1Cl,-4.71655,1.0,ochem,True,False
ClC1CCCCC1,-2.38,0.425,ochem,True,False
ClC=C(Cl)Cl,-2.00603,1.0,ochem,True,False
ClCBr,-0.889668,1.0,ochem,True,False
ClCC(Br)CBr,-2.37395,1.0,ochem,True,False
ClCC(Cl)(Cl)CCl,-2.58,0.425,ochem,True,False
ClCC(Cl)(Cl)Cl,-2.18,1.0,ochem,True,False
ClCC(Cl)CCl,-1.92243,0.875,ochem,True,False
ClCC(Cl)Cl,-1.48,1.0,ochem,True,False
ClCC1CO1,-0.147,0.925,ochem,True,False
ClCCBr,-1.31945,1.0,ochem,True,False
ClCCCBr,-1.84891,1.0,ochem,True,False
ClCCCCl,-1.61777,1.0,ochem,True,False
ClCCCl,-1.06137,1.0,ochem,True,False
ClCCN(CCCl)CCCl,-3.11,0.425,ochem,True,False
ClCCOCCCl,-1.01636,1.0,ochem,True,False
ClCCSCCCl,-2.36162,0.925,ochem,True,False
ClCCl,-0.691455,1.0,ochem,True,False
ClCOCCl,-0.718,0.425,ochem,True,False
ClCc1ccccc1,-2.38723,1.0,ochem,True,False
Clc1c(Cl)c(Cl)c2nccnc2c1Cl,-5.42945,1.0,ochem,True,False
Clc1cc(Cl)c(Cl)c(Cl)c1,-4.62918,1.0,ochem,True,False
Clc1cc(Cl)c(Cl)c(Cl)c1Cl,-5.60315,1.0,ochem,True,False
Clc1cc(Cl)c(Cl)cc1Cl,-5.56,1.0,ochem,True,False
Clc1cc(Cl)c2cc(Cl)cc(Cl)c2c1,-7.82162,0.925,ochem,True,False
Clc1cc(Cl)cc(Cl)c1,-4.48,1.0,ochem,True,False
Clc1cc2oc3cc(Cl)c(Cl)cc3c2cc1Cl,-8.64784,0.925,ochem,True,False
Clc1ccc(Br)cc1,-3.63,1.0,ochem,True,False
Clc1ccc(Cl)c(Cl)c1,-3.58308,1.0,ochem,True,False
Clc1ccc(Cl)c(Cl)c1Cl,-4.56723,1.0,ochem,True,False
Clc1ccc(Cl)c2ccccc12,-5.70054,0.925,ochem,True,False
Clc1ccc(I)cc1,-4.04673,1.0,ochem,True,False
Clc1ccc(Oc2ccccc2)cc1,-4.79162,0.925,ochem,True,False
Clc1ccc(Sc2cc(Cl)c(Cl)cc2Cl)cc1,-7.03,0.425,ochem,True,False
Clc1ccc2ccccc2c1,-4.14082,1.0,ochem,True,False
Clc1cccc(Cl)c1,-3.05171,1.0,ochem,True,False
Clc1cccc(Cl)c1Cl,-4.00082,1.0,ochem,True,False
Clc1cccc2c(Cl)cccc12,-5.71784,0.925,ochem,True,False
Clc1cccc2ccccc12,-3.94123,1.0,ochem,True,False
Clc1ccccc1,-2.37113,1.0,ochem,True,False
Clc1ccccc1-c1ccccc1,-4.55716,1.0,ochem,True,False
Clc1ccccc1-c1ccccc1Cl,-5.20716,1.0,ochem,True,False
Clc1ccccc1Cl,-3.02452,1.0,ochem,True,False
Cn1ccccc1=O,0.960882,1.0,ochem,True,False
FC(Cl)(Cl)C(F)(Cl)Cl,-3.19865,0.925,ochem,True,False
FC(Cl)(Cl)Cl,-2.09784,0.925,ochem,True,False
FC(Cl)C(F)(F)F,-1.96,0.425,ochem,True,True
FC(Cl)Cl,-0.738,0.925,ochem,True,False
FC(F)(Br)C(F)(F)Br,-4.94,0.425,ochem,True,True
FC(F)(Cl)C(Cl)(Cl)Cl,-3.31,0.425,ochem,True,False
FC(F)(Cl)C(F)(Cl)Cl,-3.04055,1.0,ochem,True,False
FC(F)(Cl)C(F)(F)Cl,-3.02603,1.0,ochem,True,True
FC(F)(Cl)CCl,-2.2,0.425,ochem,True,False
FC(F)(Cl)Cl,-2.6373,0.925,ochem,True,False
FC(F)(F)Br,-2.66892,0.925,ochem,True,True
FC(F)(F)C(Cl)Br,-1.70777,1.0,ochem,True,True
FC(F)(F)C(Cl)Cl,-1.86,0.425,ochem,True,True
FC(F)(F)C(F)(Cl)Cl,-3.1,0.425,ochem,True,True
FC(F)(F)C(F)(F)Cl,-3.41513,0.925,ochem,True,True
FC(F)(F)C(F)(F)F,-4.25,0.425,ochem,True,True
FC(F)(F)CCl,-1.11,0.425,ochem,True,True
FC(F)(F)F,-3.67,0.425,ochem,True,True
FC(F)=C(F)F,-2.8,0.425,ochem,True,False
FC(F)F,-1.23162,0.925,ochem,True,False
FC1(F)C(F)(F)C(F)(F)C1(F)F,-3.70324,0.925,ochem,True,True
FCCl,-0.82,0.425,ochem,True,False
Fc1cccc(CCl)c1,-2.54216,0.925,ochem,True,False
Fc1ccccc1,-1.79863,1.0,ochem,True,False
ICCI,-3.21784,0.925,ochem,True,False
ICI,-2.33782,1.0,ochem,True,False
Ic1ccc(I)cc1,-5.37108,0.925,ochem,True,False
Ic1ccccc1,-2.83616,1.0,ochem,True,False
N#CCC#N,0.304,0.925,ochem,True,False
N#CCCC#N,0.204,0.925,ochem,True,False
N#CCCCC#N,1.02784,0.925,ochem,True,False
N#CCc1ccccc1,-3.07,0.425,ochem,True,False
N#CSCSc1nc2ccccc2s1,-3.28,0.425,ochem,True,False
N#Cc1ccccc1C#N,-2.38,1.0,ochem,True,False
N#Cc1ccncc1,-0.415,0.425,ochem,True,False
NC(=O)C(Br)(Br)Br,-1.27,0.425,ochem,True,False
NC(=O)C(Br)Br,-1.06,0.425,ochem,True,False
NC(=O)C(Cl)(Cl)Cl,-1.1,0.425,ochem,True,False
NC(=O)C(Cl)Cl,-0.256,0.425,ochem,True,False
NC(=O)CCl,-0.0187822,1.0,ochem,True,False
NC(=O)CF,1.11162,0.925,ochem,True,False
NC(=O)NC1NC(=O)NC1=O,-1.6,1.0,ochem,True,False
NC(=O)NCC(=O)O,-0.581,0.425,ochem,True,False
NC(=O)NCO,-0.346,0.425,ochem,True,False
NC(=O)NCc1ccccc1,-0.948904,1.0,ochem,True,False
NC(=O)NN=C1CCCCC1,-1.41,0.425,ochem,True,False
NC(=O)NO,1.11964,1.0,ochem,True,False
NC(=O)OCC(Cl)(Cl)Cl,-1.28216,0.925,ochem,True,False
NC(=O)OCc1ccccc1,-0.35,0.875,ochem,True,False
NC(=O)c1ccccc1,-0.957675,1.0,ochem,True,False
NC(=O)c1ccccc1O,-1.79205,1.0,ochem,True,False
NC(=O)c1cccnc1,0.610548,1.0,ochem,True,False
NC(=O)c1cnccn1,-0.851178,1.0,ochem,True,False
NC(=S)Nc1ccccc1,-1.77664,1.0,ochem,True,False
NC(CCCC(=O)O)C(=O)O,-1.86,0.425,ochem,True,False
NC(CS)C(=O)O,0.36,0.425,ochem,True,False
NC(Cc1c[nH]c2ccccc12)C(=O)O,-1.21291,1.0,ochem,True,False
NC(Cc1ccc(O)cc1)C(=O)O,-2.57291,1.0,ochem,True,False
NC(N)=O,0.959219,1.0,ochem,True,False
NC(N)=S,0.306575,1.0,ochem,True,False
NC1CCCCC1,1.00216,0.925,ochem,True,False
NC=O,1.34784,0.925,ochem,True,False
NCC(=O)NCC(=O)NCC(=O)O,-0.51,0.925,ochem,True,False
NCCN,1.22,0.425,ochem,True,False
NCCNCCN,0.986,0.425,ochem,True,False
NCCNCCNCCN,0.835,0.5,ochem,True,False
NCCNCCNCCN,1.51,0.425,ochem,True,False
NCCNCCNCCNCCN,0.723,0.5,ochem,True,False
NCCNCCNCCNCCN,1.54,0.425,ochem,True,False
NCCNCCO,0.982,0.425,ochem,True,False
NCCc1c[nH]c2ccc(O)cc12,-0.945,0.425,ochem,True,False
NCc1ccccc1,-1.53,0.559091,ochem,True,False
NCc1ccccc1,0.97,0.440909,ochem,True,False
NCc1ccco1,1.01162,0.925,ochem,True,False
NNC(=O)Nc1ccccc1,-2.33,0.875,ochem,True,False
NNC(=O)c1ccncc1,0.00947945,1.0,ochem,True,False
NNC(N)=S,-0.959,0.425,ochem,True,False
NNCCO,1.12,0.425,ochem,True,False
NNCc1ccccc1,0.913,0.425,ochem,True,False
NNc1ccccc1,0.0699884,1.0,ochem,True,False
NS(=O)(=O)c1ccccc1,-1.56109,1.0,ochem,True,True
Nc1c(Cl)cc(Cl)cc1Cl,-3.69054,0.925,ochem,True,False
Nc1cc(Cl)cc(Cl)c1,-2.3173,0.925,ochem,True,False
Nc1cc2c3ccccc3ccc2c2ccccc12,-6.1989,1.0,ochem,True,False
Nc1ccc(Cc2ccc(N)c(Cl)c2)cc1Cl,-4.28,0.425,ochem,True,False
Nc1ccc(Cc2ccc(N)cc2)cc1,-2.29891,1.0,ochem,True,False
Nc1ccc(Cl)c(Cl)c1,-3.24295,1.0,ochem,True,False
Nc1ccc(N)cc1,-0.411273,1.0,ochem,True,False
Nc1ccc(O)cc1,-0.809315,1.0,ochem,True,False
Nc1ccc2ccccc2c1,-2.88,0.425,ochem,True,False
Nc1cccc(Cl)c1,-1.37082,1.0,ochem,True,False
Nc1cccc(N)c1,0.343,0.925,ochem,True,False
Nc1cccc(O)c1,-0.607,0.925,ochem,True,False
Nc1cccc2c(N)cccc12,-2.61946,0.925,ochem,True,False
Nc1cccc2cccc(N)c12,-2.27,0.925,ochem,True,False
Nc1ccccc1,-0.411171,1.0,ochem,True,False
Nc1ccccc1N,-0.422909,1.0,ochem,True,False
Nc1ccccc1O,-0.725647,1.0,ochem,True,False
Nc1cnn(-c2ccccc2)c(=O)c1Cl,-2.82988,1.0,ochem,True,False
Nc1ncc2[nH]cnc2n1,-1.21,0.425,ochem,True,False
Nc1nccs1,-0.36,1.0,ochem,True,False
O=C(Cn1ccnc1[N+](=O)[O-])NCc1ccccc1,-2.81082,1.0,ochem,True,False
O=C(NNC(=O)c1ccccc1)c1ccccc1,-1.59,0.425,ochem,True,False
O=C(O)/C=C(/CC(=O)O)C(=O)O,0.39,0.425,ochem,True,False
O=C(O)C(F)(F)Cl,0.884,0.425,ochem,True,False
O=C(O)C1CCCCC1C(=O)O,-1.94,0.425,ochem,True,False
O=C(O)CSC(SCC(=O)O)SCC(=O)O,-1.42,0.425,ochem,True,False
O=C(OC(=O)c1ccccc1)c1ccccc1,-4.35,0.425,ochem,True,False
O=C(OC1CCCCC1)c1ccccc1C(=O)OC1CCCCC1,-4.92,0.425,ochem,True,False
O=C(OOC(=O)c1ccccc1)c1ccccc1,-4.4273,0.925,ochem,True,False
O=C(c1ccccc1)c1ccccc1,-3.1211,1.0,ochem,True,False
O=C1C=CC(=O)C=C1,-0.989636,1.0,ochem,True,False
O=C1CC=NC=N1,0.59,0.425,ochem,True,False
O=C1CCC(=O)N1,0.290171,1.0,ochem,True,False
O=C1CCCCC1,-0.598007,1.0,ochem,True,False
O=C1CCCCCCCCCCCN1,-2.83,0.425,ochem,True,False
O=C1CCCCCCCN1,0.633,0.425,ochem,True,False
O=C1CCCN1,1.07,1.0,ochem,True,False
O=C1CCCO1,1.06818,1.0,ochem,True,False
O=C1CCO1,0.711,0.925,ochem,True,False
O=C1CNC(=O)N1,-0.400548,1.0,ochem,True,False
O=C1CSC(=S)N1,-1.77,1.0,ochem,True,False
O=C1NC(=O)C(=O)N1,-0.4,1.0,ochem,True,False
O=C1OCCO1,1.06,0.425,ochem,True,False
O=CC(O)C(O)C(O)C(O)C(O)CO,-0.323,0.425,ochem,True,False
O=CC=O,1.24,0.425,ochem,True,False
O=CNCC(=O)O,0.267,0.425,ochem,True,False
O=CNc1ccccc1,-0.679118,1.0,ochem,True,False
O=Cc1ccc(C=O)cc1,-2.82838,0.925,ochem,True,False
O=Cc1ccc(O)cc1,-0.965315,1.0,ochem,True,False
O=Cc1ccccc1,-1.1961,1.0,ochem,True,False
O=Cc1ccco1,-0.0986829,1.0,ochem,True,False
O=NN1CCCCC1,-0.171764,1.0,ochem,True,False
O=NN1CCCCCC1,-1.00054,0.925,ochem,True,False
O=NN1CCOCC1,0.935,0.925,ochem,True,False
O=S1OCCO1,0.221,0.425,ochem,True,False
O=[N+]([O-])OCC(CO)(CO[N+](=O)[O-])CO[N+](=O)[O-],-1.58,0.425,ochem,True,False
O=c1cc[nH]c(=O)[nH]1,-1.4867,1.0,ochem,True,False
O=c1cc[nH]c(=S)[nH]1,-2.26,0.875,ochem,True,False
O=c1ccc(=O)[nH][nH]1,-1.27054,0.925,ochem,True,False
O=c1ccc2ccccc2o1,-1.88855,1.0,ochem,True,False
O=c1nc[nH]c2nc[nH]c12,-2.29,0.425,ochem,True,False
OC(CCl)CCl,-0.111818,1.0,ochem,True,False
OC(CI)CI,-1.39838,0.925,ochem,True,False
OC(O)C(Cl)(Cl)Cl,0.681,0.425,ochem,True,False
OC(c1ccc(Cl)cc1)(c1ccc(Cl)cc1)C(Cl)(Cl)Cl,-5.57096,1.0,ochem,True,False
OC(c1ccc(F)cc1)(c1cncnc1)c1ccccc1Cl,-4.08162,0.925,ochem,True,False
OC(c1ccccc1)(c1ccccc1)c1ccccc1,-2.26,0.425,ochem,True,False
OC(c1ccccc1)c1ccc(Cl)cc1,-3.49,0.425,ochem,True,False
OC1C(O)C(O)C(O)C(O)C1O,0.226712,1.0,ochem,True,False
OC1C=CC2C1C1(Cl)C(Cl)=C(Cl)C2(Cl)C1(Cl)Cl,-5.46,1.0,ochem,True,False
OC1CCCCC1,-0.42274,1.0,ochem,True,False
OC1CCCCCC1,-0.88,0.875,ochem,True,False
OC1CCCCCCC1,-1.29,0.875,ochem,True,False
OC1CCOC1,1.05,0.875,ochem,True,False
OC1COC(O)C(O)C1O,0.39,1.0,ochem,True,False
OCC#CCO,0.638,0.425,ochem,True,False
OCC(Br)CBr,-0.622,0.425,ochem,True,False
OCC(CO)(CO)CO,-0.294527,0.925,ochem,True,False
OCC(CO)(CO)COCC(CO)(CO)CO,-1.96,0.425,ochem,True,False
OCC(Cl)(Cl)Cl,-0.254,0.925,ochem,True,False
OCC(F)(F)F,1.0,0.925,ochem,True,True
OCC(O)C(O)C(O)C(O)CO,0.06,0.169811,ochem,True,False
OCC(O)C(O)C(O)C(O)CO,1.09,0.830189,ochem,True,False
OCC(O)C(O)CO,0.69961,1.0,ochem,True,False
OCC(O)CCl,0.957,0.425,ochem,True,False
OCC(O)CO,1.09699,1.0,ochem,True,False
OCC(O)COc1ccc(Cl)cc1,-1.30838,0.925,ochem,True,False
OCC(S)CS,-0.155,0.925,ochem,True,False
OCC1CCCO1,0.991,0.425,ochem,True,False
OCC1CO1,1.13,0.925,ochem,True,False
OCC1OC(O)(CO)C(O)C1O,0.64,0.875,ochem,True,False
OCC1OC(O)C(O)C(O)C1O,0.719311,1.0,ochem,True,False
OCC1OC(OCC2OC(OC3(CO)OC(CO)C(O)C3O)C(O)C(O)C2O)C(O)C(O)C1O,-0.4066,0.875,ochem,True,False
OCCBr,0.903,0.925,ochem,True,False
OCCCCO,1.05,0.425,ochem,True,False
OCCCCl,0.422,0.925,ochem,True,False
OCCCc1ccccc1,-1.38,1.0,ochem,True,False
OCCN(CCO)CCO,0.826,0.425,ochem,True,False
OCCNCCO,0.978,0.925,ochem,True,False
OCCO,1.20838,0.925,ochem,True,False
OCCOCCO,0.974,0.425,ochem,True,False
OCCOCCOCCO,0.823,0.425,ochem,True,False
OCCOCCOCCOCCO,0.712,0.425,ochem,True,False
OCCOc1ccccc1,-0.708863,1.0,ochem,True,False
OCCS,1.11,0.425,ochem,True,False
OCCSCCO,0.913,0.425,ochem,True,False
OCCc1ccccc1,-0.740518,1.0,ochem,True,False
OCc1c(Cl)cccc1Cl,-2.10073,1.0,ochem,True,False
OCc1ccc(Br)cc1,-1.93,0.425,ochem,True,False
OCc1ccc(CO)cc1,-0.386,0.425,ochem,True,False
OCc1ccc(Cl)cc1,-1.76,0.425,ochem,True,False
OCc1ccccc1,-0.41063,1.0,ochem,True,False
OCc1ccccc1CO,0.0569,0.425,ochem,True,False
OCc1cccnc1,0.961036,1.0,ochem,True,False
OCc1ccco1,1.00892,0.925,ochem,True,False
ONc1ccccc1,-0.727009,1.0,ochem,True,False
Oc1c(Br)cc(Br)c2cccnc12,-4.19,0.425,ochem,True,False
Oc1c(Cl)c(Cl)c(Cl)c(Cl)c1Cl,-4.27973,1.0,ochem,True,False
Oc1c(Cl)c(Cl)cc(Cl)c1Cl,-3.37,0.875,ochem,True,False
Oc1c(Cl)cc(Cl)c(Cl)c1Cc1c(O)c(Cl)cc(Cl)c1Cl,-3.46,0.425,ochem,True,False
Oc1c(Cl)cc(Cl)c(Cl)c1Cl,-4.00281,0.518182,ochem,True,False
Oc1c(Cl)cc(Cl)c(Cl)c1Cl,-3.1,0.481818,ochem,True,False
Oc1c(Cl)cc(Cl)cc1Cl,-2.35716,1.0,ochem,True,False
Oc1c(Cl)ccc(Cl)c1Cl,-2.64073,1.0,ochem,True,False
Oc1c(O)c(Cl)c(Cl)c(Cl)c1Cl,-4.96,0.425,ochem,True,False
Oc1cc(Cl)c(Cl)c(Cl)c1Cl,-3.15,0.875,ochem,True,False
Oc1cc(Cl)c(Cl)cc1Cl,-2.21164,1.0,ochem,True,False
Oc1cc(Cl)cc(Cl)c1,-1.41964,1.0,ochem,True,False
Oc1cc(Cl)cc(Cl)c1Cl,-2.67,0.875,ochem,True,False
Oc1cc(O)c2ccccc2c1,-1.94946,0.925,ochem,True,False
Oc1cc(O)cc(O)c1,-1.0773,0.925,ochem,True,False
Oc1cc2ccccc2cc1O,-2.73892,0.925,ochem,True,False
Oc1ccc(Br)cc1,-1.09055,1.0,ochem,True,False
Oc1ccc(Cc2ccccc2)cc1,-3.4,0.425,ochem,True,False
Oc1ccc(Cl)c(Cl)c1,-1.25,0.875,ochem,True,False
Oc1ccc(Cl)c(Cl)c1Cl,-2.67,0.875,ochem,True,False
Oc1ccc(Cl)cc1,-0.709634,1.0,ochem,True,False
Oc1ccc(Cl)cc1Cc1cc(Cl)ccc1O,-3.95156,1.0,ochem,True,False
Oc1ccc(Cl)cc1Cl,-1.55305,1.0,ochem,True,False
Oc1ccc(O)cc1,-0.175466,1.0,ochem,True,False
Oc1ccc2ccccc2c1,-2.28027,1.0,ochem,True,False
Oc1cccc(Cl)c1,-0.698007,1.0,ochem,True,False
Oc1cccc(Cl)c1Cl,-1.48509,1.0,ochem,True,False
Oc1cccc(O)c1,0.811096,1.0,ochem,True,False
Oc1cccc2c(O)cccc12,-2.94977,1.0,ochem,True,False
Oc1cccc2ccccc12,-2.22027,1.0,ochem,True,False
Oc1ccccc1,-0.0185795,1.0,ochem,True,False
Oc1ccccc1Cl,-1.0589,1.0,ochem,True,False
Oc1ccccc1O,0.620548,1.0,ochem,True,False
Oc1cnc2ccccc2c1,-2.39,0.425,ochem,True,False
S=C1NCCN1,-0.708964,1.0,ochem,True,False
S=C=S,-1.81,0.925,ochem,True,False
S=P(N1CC1)(N1CC1)N1CC1,0.0018,0.425,ochem,True,False
Sc1ccccc1,-2.12,1.0,ochem,True,False
[O-][n+]1ccccc1,1.02,0.425,ochem,True,False
c1cc2ccc3ccc4ccc5ccc6ccc1c1c2c3c4c5c61,-9.33103,0.875,ochem,True,False
c1cc2ccc3ccc4ccc5cccc6c(c1)c2c3c4c56,-9.02594,1.0,ochem,True,False
c1ccc2c(c1)cc1ccc3cccc4ccc2c1c34,-8.699,0.246575,ochem,True,False
c1ccc2c(c1)cc1ccc3cccc4ccc2c1c34,-8.19073,0.753425,ochem,True,False
c1ccc2ccccc2c1,-3.60438,1.0,ochem,True,False
c1ccc2cnncc2c1,-0.415,0.925,ochem,True,False
c1ccc2nc3ccccc3cc2c1,-3.66973,1.0,ochem,True,False
c1ccc2nccnc2c1,0.705,0.425,ochem,True,False
c1ccccc1,-1.64,1.0,ochem,True,False
c1ccncc1,0.873493,1.0,ochem,True,False
c1ccoc1,-0.824318,1.0,ochem,True,False
c1ccsc1,-1.41931,1.0,ochem,True,False
c1cnc2ncncc2n1,0.0246681,1.0,ochem,True,False
c1cncnc1,1.0989,1.0,ochem,True,False
BrC(Br)(Br)Br,-3.14,1.0,phys,True,False
BrC(Br)Br,-1.808,1.0,phys,True,False
BrC(Br)C(Br)Br,-2.732,1.0,phys,True,False
BrC1CCCCC1,-2.294,1.0,phys,True,False
BrCBr,-1.165,1.0,phys,True,False
BrCCBr,-1.656,1.0,phys,True,False
BrCCCBr,-2.075,1.0,phys,True,False
Brc1cc(Br)c(Br)cc1Br,-6.993,1.0,phys,True,False
Brc1cc(Br)cc(Br)c1,-5.6,1.0,phys,True,False
Brc1ccc(Br)cc1,-4.072,1.0,phys,True,False
Brc1ccc(I)cc1,-4.452,1.0,phys,True,False
Brc1cccc(Br)c1,-3.543,1.0,phys,True,False
Brc1ccccc1,-2.547,1.0,phys,True,False
Brc1ccccn1,-0.881,1.0,phys,True,False
C#CCCCC,-2.277,1.0,phys,True,False
C#CCCCC#C,-1.747,1.0,phys,True,False
C#CCCCCCC#C,-2.983,1.0,phys,True,False
C#Cc1ccccc1,-2.35,1.0,phys,True,False
C1CCC2CCCCC2C1,-5.192,1.0,phys,True,False
C1CCCC1,-2.653,1.0,phys,True,False
C1CCCCC1,-3.185,1.0,phys,True,False
C1CCCCCC1,-3.515,1.0,phys,True,False
C1CCCCCCC1,-4.152,1.0,phys,True,False
C1CCNC1,1.148,1.0,phys,True,False
C1CCNCC1,1.07,1.0,phys,True,False
C1CCOC1,1.142,1.0,phys,True,False
C1CCOCC1,-0.031,1.0,phys,True,False
C1CN2CCN1CC2,0.603,1.0,phys,True,False
C1CNCCN1,1.065,1.0,phys,True,False
C1CO1,1.356,1.0,phys,True,False
C1COCCN1,1.06,1.0,phys,True,False
C1COCCO1,1.055,1.0,phys,True,False
C1COCO1,1.13,1.0,phys,True,False
C1OC1C1CO1,1.065,1.0,phys,True,False
C1OCOCO1,0.288,1.0,phys,True,False
C=C(c1ccccc1)c1ccccc1,-4.436,1.0,phys,True,False
C=C1CCOC1=O,0.184,1.0,phys,True,False
C=CC#N,0.147,1.0,phys,True,False
C=CC(=O)OCCO,0.935,1.0,phys,True,False
C=CC=C,-1.867,1.0,phys,True,False
C=CC=O,0.578,1.0,phys,True,False
C=CCC1(CC=C)C(=O)NC(=O)NC1=O,-2.061,1.0,phys,True,False
C=CCC=C,-2.087,1.0,phys,True,False
C=CCCC=C,-2.687,1.0,phys,True,False
C=CCN(CC=C)C(=O)C(Cl)Cl,-1.619,1.0,phys,True,False
C=CCN=C=S,-1.695,1.0,phys,True,False
C=CCNCC=C,-0.053,1.0,phys,True,False
C=CCOC(=O)c1ccccc1C(=O)OCC=C,-3.131,1.0,phys,True,False
C=CCOCC1CO1,0.092,1.0,phys,True,False
C=CCOCC=C,-0.02,1.0,phys,True,False
C=COC=C,-1.261,1.0,phys,True,False
CC#N,1.387,1.0,phys,True,False
CC(=O)C(C)(C)C,-0.722,1.0,phys,True,False
CC(=O)C(C)=O,0.366,1.0,phys,True,False
CC(=O)C1CCOC1=O,0.193,1.0,phys,True,False
CC(=O)CC(C)=O,0.22,1.0,phys,True,False
CC(=O)NCC(=O)O,-0.649,1.0,phys,True,False
CC(=O)Nc1cc(NS(=O)(=O)C(F)(F)F)c(C)cc1C,-3.237,1.0,phys,True,True
CC(=O)Nc1ccc(O)cc1,-1.033,1.0,phys,True,False
CC(=O)Nc1ccc(OC(=O)c2ccccc2OC(C)=O)cc1,-4.195,1.0,phys,True,False
CC(=O)Nc1ccccc1,-1.29,1.0,phys,True,False
CC(=O)Nc1ccccc1Cl,-1.4,1.0,phys,True,False
CC(=O)Nc1ccccc1O,-2.235,1.0,phys,True,False
CC(=O)OC(C)(C)C,-1.144,1.0,phys,True,False
CC(=O)OC(C)=O,0.07,1.0,phys,True,False
CC(=O)OCC(=O)C1(O)CCC2C3CCC4=CC(=O)CCC4(C)C3C(O)CC21C,-4.458,1.0,phys,True,False
CC(=O)OCC(=O)C1CCC2C3CCC4=CC(=O)CCC4(C)C3CCC12C,-4.63,1.0,phys,True,False
CC(=O)OCCOC(C)=O,0.086,1.0,phys,True,False
CC(=O)OCc1ccccc1,-1.685,1.0,phys,True,False
CC(=O)c1ccc(N)cc1,-1.606,1.0,phys,True,False
CC(=O)c1ccc(O)cc1,-1.138,1.0,phys,True,False
CC(C(=O)O)C(=O)O,0.76,1.0,phys,True,False
CC(C)(C(=O)O)C(=O)O,-0.167,1.0,phys,True,False
CC(C)(C)Br,-2.359,1.0,phys,True,False
CC(C)(C)C,-3.337,1.0,phys,True,False
CC(C)(C)C(=O)C(Oc1ccc(Cl)cc1)n1cncn1,-3.614,1.0,phys,True,False
CC(C)(C)C(=O)C1C(=O)c2ccccc2C1=O,-4.107,1.0,phys,True,False
CC(C)(C)C(O)C(Cc1ccc(Cl)cc1Cl)n1cncn1,-4.562,1.0,phys,True,False
CC(C)(C)C(O)C(Oc1ccc(Cl)cc1)n1cncn1,-3.392,1.0,phys,True,False
CC(C)(C)CCO,-0.5,1.0,phys,True,False
CC(C)(C)CO,-0.401,1.0,phys,True,False
CC(C)(C)Cl,-1.507,1.0,phys,True,False
CC(C)(C)N,1.136,1.0,phys,True,False
CC(C)(C)O,1.13,1.0,phys,True,False
CC(C)(C)OOC(C)(C)C,-3.165,1.0,phys,True,False
CC(C)(C)c1ccc(O)c(O)c1,-1.92,1.0,phys,True,False
CC(C)(C)c1ccc(O)cc1,-2.413,1.0,phys,True,False
CC(C)(C)c1ccccc1,-3.658,1.0,phys,True,False
CC(C)(C)c1nnc(NS(=O)(=O)c2ccc(N)cc2)s1,-3.74,1.0,phys,True,False
CC(C)(O)C(Cl)(Cl)Cl,-1.346,1.0,phys,True,False
CC(C)(S)C(N)C(=O)O,-0.128,1.0,phys,True,False
CC(C)(c1ccc(O)cc1)c1ccc(O)cc1,-3.279,1.0,phys,True,False
CC(C)=CC1C(C(=O)OCN2C(=O)C3=C(CCCC3)C2=O)C1(C)C,-4.858,1.0,phys,True,False
CC(C)=CCCC(C)=CC=O,-2.055,1.0,phys,True,False
CC(C)=O,1.236,1.0,phys,True,False
CC(C)Br,-1.631,1.0,phys,True,False
CC(C)C,-3.076,1.0,phys,True,False
CC(C)C(=O)C(C)C,-1.302,1.0,phys,True,False
CC(C)C(C(=O)OC(C#N)c1cccc(Oc2ccccc2)c1)c1ccc(OC(F)F)cc1,-6.876,1.0,phys,True,False
CC(C)C(C)(C)O,-0.411,1.0,phys,True,False
CC(C)C(C)C,-3.583,1.0,phys,True,False
CC(C)C(C)C(C)C,-4.696,1.0,phys,True,False
CC(C)C(O)C(C)C,-1.22,1.0,phys,True,False
CC(C)C=O,0.091,1.0,phys,True,False
CC(C)CBr,-2.432,1.0,phys,True,False
CC(C)CC(=O)CC(C)C,-1.731,1.0,phys,True,False
CC(C)CC(C)(C)C,-4.746,1.0,phys,True,False
CC(C)CC(C)(C)O,-0.961,1.0,phys,True,False
CC(C)CC(C)C,-4.261,1.0,phys,True,False
CC(C)CC(C)O,-0.795,1.0,phys,True,False
CC(C)CC(O)CC(C)C,-2.159,1.0,phys,True,False
CC(C)CCBr,-2.887,1.0,phys,True,False
CC(C)CCC(C)(C)C,-5.047,1.0,phys,True,False
CC(C)CCCCCCO,-2.487,1.0,phys,True,False
CC(C)CCCO,-1.14,1.0,phys,True,False
CC(C)CCO,-0.519,1.0,phys,True,False
CC(C)CCOC(=O)c1ccccc1O,-3.157,1.0,phys,True,False
CC(C)CCOC=O,-1.547,1.0,phys,True,False
CC(C)CCOCCC(C)C,-2.898,1.0,phys,True,False
CC(C)CN,1.136,1.0,phys,True,False
CC(C)CO,0.059,1.0,phys,True,False
CC(C)COC(=O)C(C)C,-2.403,1.0,phys,True,False
CC(C)COC(=O)c1ccc(N)cc1,-2.944,1.0,phys,True,False
CC(C)COC(=O)c1ccccc1C(=O)OCC(C)C,-4.652,1.0,phys,True,False
CC(C)COC=O,-1.001,1.0,phys,True,False
CC(C)Cl,-1.404,1.0,phys,True,False
CC(C)I,-2.084,1.0,phys,True,False
CC(C)N,1.228,1.0,phys,True,False
CC(C)N(C(=O)CCl)c1ccccc1,-2.481,1.0,phys,True,False
CC(C)N(N=O)C(C)C,-1.001,1.0,phys,True,False
CC(C)NC(C)C,0.036,1.0,phys,True,False
CC(C)Nc1nc(N)nc(Cl)n1,-2.706,1.0,phys,True,False
CC(C)O,1.221,1.0,phys,True,False
CC(C)OC(=O)C(C(=O)OC(C)C)=C1SCCS1,-3.782,1.0,phys,True,False
CC(C)OC(=O)C(C)N(C(=O)c1ccccc1)c1ccc(F)c(Cl)c1,-4.4335,1.0,phys,True,False
CC(C)OC(=O)C(O)(c1ccc(Br)cc1)c1ccc(Br)cc1,-4.933,1.0,phys,True,False
CC(C)OC(=O)C(O)(c1ccc(Cl)cc1)c1ccc(Cl)cc1,-4.53,1.0,phys,True,False
CC(C)OC(=O)Nc1cccc(Cl)c1,-3.38,1.0,phys,True,False
CC(C)OC(=O)Nc1ccccc1,-3.001,1.0,phys,True,False
CC(C)OC(C)(C)C,-2.366,1.0,phys,True,False
CC(C)OC(C)C,-1.708,1.0,phys,True,False
CC(C)OC=O,-0.629,1.0,phys,True,False
CC(C)OCCO,0.982,1.0,phys,True,False
CC(C)OP(=O)(OC(C)C)SCc1ccccc1,-2.858,1.0,phys,True,False
CC(C)Oc1cccc(NC(=O)c2ccccc2C(F)(F)F)c1,-4.532,1.0,phys,True,True
CC(C)c1ccccc1,-3.292,1.0,phys,True,False
CC(CC(=O)O)C(=O)O,0.703,1.0,phys,True,False
CC(CCl)OC(C)CCl,-2.003,1.0,phys,True,False
CC(Cl)(Cl)Cl,-1.952,1.0,phys,True,False
CC(Cl)C(C)Cl,-2.354,1.0,phys,True,False
CC(Cl)CCl,-1.606,1.0,phys,True,False
CC(Cl)Cl,-1.291,1.0,phys,True,False
CC(F)F,-1.315,1.0,phys,True,False
CC(N)=O,1.581,1.0,phys,True,False
CC(N)=S,0.336,1.0,phys,True,False
CC(N)CC(=O)O,0.987,1.0,phys,True,False
CC(N)c1ccccc1,-0.46,1.0,phys,True,False
CC(O)C(C)O,1.045,1.0,phys,True,False
CC(O)C(N)C(=O)O,-0.089,1.0,phys,True,False
CC(O)CNCC(C)O,0.815,1.0,phys,True,False
CC(O)CO,1.119,1.0,phys,True,False
CC1(C)C2CCC1(C)C(O)C2,-2.319,1.0,phys,True,False
CC12CCC(CC1)C(C)(C)O2,-1.887,1.0,phys,True,False
CC12CCc3c(ccc4cc(O)ccc34)C1CCC2=O,-5.244,1.0,phys,True,False
CC1=C(C(=O)Nc2ccccc2)S(=O)(=O)CCO1,-2.427,1.0,phys,True,False
CC1=CC(=O)CC(C)(C)C1,-1.061,1.0,phys,True,False
CC1=CC(=O)c2ccccc2C1=O,-3.032,1.0,phys,True,False
CC1=CCC(=O)O1,-0.293,1.0,phys,True,False
CC1=CCCCC1,-3.267,1.0,phys,True,False
CC1CCC(C)CC1,-4.466,1.0,phys,True,False
CC1CCC(O)CC1,-0.882,1.0,phys,True,False
CC1CCCC(C)(C)C1,-4.853,1.0,phys,True,False
CC1CCCC1,-3.302,1.0,phys,True,False
CC1CCCCC1,-3.788,1.0,phys,True,False
CC1CCCCC1C,-3.95933,1.0,phys,True,False
CC1CCCCC1NC(=O)Nc1ccccc1,-4.111,1.0,phys,True,False
CC1CCCO1,0.31,1.0,phys,True,False
CC1CCOC1,0.09,1.0,phys,True,False
CC1CNCCN1,0.638,1.0,phys,True,False
CC1CO1,1.007,1.0,phys,True,False
CC1COC(=O)O1,0.234,1.0,phys,True,False
CC1OC(C)OC(C)O1,-0.072,1.0,phys,True,False
CC=C(C)C,-2.56,1.0,phys,True,False
CC=O,1.356,1.0,phys,True,False
CCBr,-1.086,1.0,phys,True,False
CCC#CCC,-2.167,1.0,phys,True,False
CCC#N,0.272,1.0,phys,True,False
CCC(=O)C(C)C,-0.81,1.0,phys,True,False
CCC(=O)CC,-0.253,1.0,phys,True,False
CCC(=O)N(c1ccccc1)C1(COC)CCN(CCc2cccs2)CC1,-3.706,1.0,phys,True,False
CCC(=O)Nc1ccc(Cl)c(Cl)c1,-2.986,1.0,phys,True,False
CCC(=O)OC,-0.15,1.0,phys,True,False
CCC(=O)OC(C)C,-1.29,1.0,phys,True,False
CCC(=O)c1ccc(N)cc1,-2.627,1.0,phys,True,False
CCC(=O)c1ccccc1,-1.827,1.0,phys,True,False
CCC(Br)(CC)C(=O)NC(N)=O,-2.676,1.0,phys,True,False
CCC(C(=O)O)C(=O)O,0.732,1.0,phys,True,False
CCC(C)(C)C,-3.671,1.0,phys,True,False
CCC(C)(C)CC,-4.229,1.0,phys,True,False
CCC(C)(C)CO,-1.129,1.0,phys,True,False
CCC(C)(C)O,0.096,1.0,phys,True,False
CCC(C)(C)c1ccc(O)cc1,-2.99,1.0,phys,True,False
CCC(C)(C)c1ccccc1,-4.15,1.0,phys,True,False
CCC(C)(O)CC,-0.38,1.0,phys,True,False
CCC(C)(S(=O)(=O)CC)S(=O)(=O)CC,-1.685,1.0,phys,True,False
CCC(C)=O,0.49,1.0,phys,True,False
CCC(C)C,-3.163,1.0,phys,True,False
CCC(C)C(C)(C)C,-4.678,1.0,phys,True,False
CCC(C)C(C)=O,-0.681,1.0,phys,True,False
CCC(C)C(C)C,-4.281,1.0,phys,True,False
CCC(C)C(N)C(=O)O,-0.581,1.0,phys,True,False
CCC(C)CC,-3.683,1.0,phys,True,False
CCC(C)CCO,-1.376,1.0,phys,True,False
CCC(C)CO,-0.472,1.0,phys,True,False
CCC(C)Cl,-1.966,1.0,phys,True,False
CCC(C)N,0.185,1.0,phys,True,False
CCC(C)O,0.388,1.0,phys,True,False
CCC(C)c1ccc(O)cc1,-2.194,1.0,phys,True,False
CCC(C)c1ccccc1,-3.882,1.0,phys,True,False
CCC(C)c1ccccc1OC(=O)NC,-2.497,1.0,phys,True,False
CCC(CC)CO,-1.407,1.0,phys,True,False
CCC(Cl)CC,-2.63,1.0,phys,True,False
CCC(Cl)[N+](=O)[O-],-1.189,1.0,phys,True,False
CCC(N)Cc1c[nH]c2ccccc12,-2.567,1.0,phys,True,False
CCC(O)(CC)CC,-0.84,1.0,phys,True,False
CCC(O)C(C)(C)C,-1.151,1.0,phys,True,False
CCC(O)CC,-0.233,1.0,phys,True,False
CCC1(C(C)C)C(=O)NC(=O)NC1=O,-2.214,1.0,phys,True,False
CCC1(CC)C(=O)NC(=O)NC1=O,-1.393,1.0,phys,True,False
CCC1(CCC(C)C)C(=O)NC(=O)NC1=O,-2.574,1.0,phys,True,False
CCC1CCCCC1,-4.251,1.0,phys,True,False
CCC1CO1,-0.086,1.0,phys,True,False
CCC=O,0.722,1.0,phys,True,False
CCCBr,-1.701,1.0,phys,True,False
CCCC,-2.978,1.0,phys,True,False
CCCC#N,-0.321,1.0,phys,True,False
CCCC(=O)CC,-0.833,1.0,phys,True,False
CCCC(=O)CCC,-1.552,1.0,phys,True,False
CCCC(=O)OC,-0.833,1.0,phys,True,False
CCCC(=O)OCC,-1.275,1.0,phys,True,False
CCCC(C)(C)C,-4.357,1.0,phys,True,False
CCCC(C)(C)C(=O)Nc1ccc(Cl)cc1,-4.022,1.0,phys,True,False
CCCC(C)(C)O,-0.499,1.0,phys,True,False
CCCC(C)(COC(N)=O)COC(=O)NC(C)C,-2.938,1.0,phys,True,False
CCCC(C)(COC(N)=O)COC(N)=O,-1.667,1.0,phys,True,False
CCCC(C)=O,-0.302,1.0,phys,True,False
CCCC(C)C,-3.74,1.0,phys,True,False
CCCC(C)CC,-4.306,1.0,phys,True,False
CCCC(C)CO,-1.231,1.0,phys,True,False
CCCC(C)O,-0.296,1.0,phys,True,False
CCCC(CCC)C(=O)O,-1.858,1.0,phys,True,False
CCCC(O)C(CC)CO,-1.387,1.0,phys,True,False
CCCC(O)CCC,-1.393,1.0,phys,True,False
CCCC1CCCCN1,-0.849,1.0,phys,True,False
CCCC=O,-0.007,1.0,phys,True,False
CCCCBr,-2.198,1.0,phys,True,False
CCCCC,-3.278,1.0,phys,True,False
CCCCC(=O)CC,-0.902,1.0,phys,True,False
CCCCC(=O)CCCC,-2.593,1.0,phys,True,False
CCCCC(=O)OCC,-1.77,1.0,phys,True,False
CCCCC(C)=O,-0.758,1.0,phys,True,False
CCCCC(C)C,-4.596,1.0,phys,True,False
CCCCC(C)CC,-5.159,1.0,phys,True,False
CCCCC(C)O,-0.873,1.0,phys,True,False
CCCCC(CC)CCl,-3.172,1.0,phys,True,False
CCCCC(CC)CN,-1.713,1.0,phys,True,False
CCCCC(CC)CO,-2.27,1.0,phys,True,False
CCCCC1(CC)C(=O)NC(=O)NC1=O,-1.638,1.0,phys,True,False
CCCCC=O,-0.867,1.0,phys,True,False
CCCCCBr,-3.075,1.0,phys,True,False
CCCCCC,-3.958,1.0,phys,True,False
CCCCCC(=O)OC,-1.991,1.0,phys,True,False
CCCCCC(=O)OCC,-2.36,1.0,phys,True,False
CCCCCC(C)(C)O,-1.72,1.0,phys,True,False
CCCCCC(C)=O,-1.424,1.0,phys,True,False
CCCCCC(C)O,-1.551,1.0,phys,True,False
CCCCCC=O,-1.249,1.0,phys,True,False
CCCCCCBr,-3.808,1.0,phys,True,False
CCCCCCC,-4.469,1.0,phys,True,False
CCCCCCC(=O)OCC,-2.737,1.0,phys,True,False
CCCCCCC(C)=O,-2.154,1.0,phys,True,False
CCCCCCC=O,-1.961,1.0,phys,True,False
CCCCCCCBr,-4.431,1.0,phys,True,False
CCCCCCCC,-5.238,1.0,phys,True,False
CCCCCCCC(=O)OC,-3.39,1.0,phys,True,False
CCCCCCCC(=O)OCC,-3.391,1.0,phys,True,False
CCCCCCCC(C)=O,-2.584,1.0,phys,True,False
CCCCCCCC=O,-2.36,1.0,phys,True,False
CCCCCCCCBr,-5.063,1.0,phys,True,False
CCCCCCCCC,-5.766,1.0,phys,True,False
CCCCCCCCC#N,-3.299,1.0,phys,True,False
CCCCCCCCC(=O)OC,-3.876,1.0,phys,True,False
CCCCCCCCC(=O)OCC,-3.8,1.0,phys,True,False
CCCCCCCCC=O,-3.171,1.0,phys,True,False
CCCCCCCCCC(=O)OC,-4.627,1.0,phys,True,False
CCCCCCCCCC(=O)OCC,-4.1,1.0,phys,True,False
CCCCCCCCCCCC,-6.41,1.0,phys,True,False
CCCCCCCCCCCCC(=O)O,-3.813,1.0,phys,True,False
CCCCCCCCCCCCCC(=O)O,-5.329,1.0,phys,True,False
CCCCCCCCCCCCCCCCCCO,-8.391,1.0,phys,True,False
CCCCCCCCCCCCCCCCCO,-7.506,1.0,phys,True,False
CCCCCCCCCCCCCCCCO,-7.258,1.0,phys,True,False
CCCCCCCCCCCCCCCO,-6.35,1.0,phys,True,False
CCCCCCCCCCCCCCO,-5.854,1.0,phys,True,False
CCCCCCCCCCCCN1CCCC1=O,-4.67,1.0,phys,True,False
CCCCCCCCCCCCO,-4.668,1.0,phys,True,False
CCCCCCCCCCO,-3.631,1.0,phys,True,False
CCCCCCCCCO,-3.013,1.0,phys,True,False
CCCCCCCCO,-2.382,1.0,phys,True,False
CCCCCCCCc1ccccc1,-6.46,1.0,phys,True,False
CCCCCCCCl,-3.996,1.0,phys,True,False
CCCCCCCI,-4.81,1.0,phys,True,False
CCCCCCCO,-1.842,1.0,phys,True,False
CCCCCCCOC(=O)c1ccc(O)cc1,-4.072,1.0,phys,True,False
CCCCCCN,-0.926,1.0,phys,True,False
CCCCCCO,-1.239,1.0,phys,True,False
CCCCCCOC(C)=O,-2.451,1.0,phys,True,False
CCCCCCOCCO,-1.169,1.0,phys,True,False
CCCCCCc1ccc(O)cc1O,-2.589,1.0,phys,True,False
CCCCCCc1ccccc1,-5.255,1.0,phys,True,False
CCCCCN,1.06,1.0,phys,True,False
CCCCCO,-0.603,1.0,phys,True,False
CCCCCOC(=O)CCC,-2.467,1.0,phys,True,False
CCCCCOC(C)=O,-1.877,1.0,phys,True,False
CCCCCl,-1.925,1.0,phys,True,False
CCCCN,1.136,1.0,phys,True,False
CCCCN(C)C(=O)Nc1ccc(Cl)c(Cl)c1,-4.758,1.0,phys,True,False
CCCCN(CC)N=O,-1.035,1.0,phys,True,False
CCCCN(CCCC)CCCC,-3.116,1.0,phys,True,False
CCCCNC(=O)NS(=O)(=O)c1ccc(C)cc1,-3.394,1.0,phys,True,False
CCCCNC(=O)NS(=O)(=O)c1ccc(N)cc1,-2.178,1.0,phys,True,False
CCCCNCCCC,-1.439,1.0,phys,True,False
CCCCO,-0.069,1.0,phys,True,False
CCCCOC,-0.99,1.0,phys,True,False
CCCCOC(=O)C(C)O,-0.563,1.0,phys,True,False
CCCCOC(=O)CC,-1.938,1.0,phys,True,False
CCCCOC(=O)CCC,-2.46,1.0,phys,True,False
CCCCOC(=O)c1ccc(N)cc1,-2.755,1.0,phys,True,False
CCCCOC(=O)c1ccc(O)cc1,-2.972,1.0,phys,True,False
CCCCOC(=O)c1ccccc1,-3.48,1.0,phys,True,False
CCCCOC(=O)c1ccccc1C(=O)OCCCC,-4.395,1.0,phys,True,False
CCCCOC(=O)c1ccccc1C(=O)OCc1ccccc1,-5.065,1.0,phys,True,False
CCCCOC(C)=O,-1.141,1.0,phys,True,False
CCCCOC=O,-1.131,1.0,phys,True,False
CCCCOCC1CO1,-0.814,1.0,phys,True,False
CCCCOCCCC,-2.638,1.0,phys,True,False
CCCCOCCO,0.927,1.0,phys,True,False
CCCCOCCOCCCC,-1.94,1.0,phys,True,False
CCCCOCCOCCOC(C)=O,-0.497,1.0,phys,True,False
CCCCOCCOCCOCCCC,-1.862,1.0,phys,True,False
CCCCOCN(C(=O)CCl)c1c(CC)cccc1CC,-4.193,1.0,phys,True,False
CCCCOP(=O)(OCCCC)OCCCC,-2.978,1.0,phys,True,False
CCCCOP(=O)(OCCCC)Oc1ccccc1,-3.475,1.0,phys,True,False
CCCCS,-2.179,1.0,phys,True,False
CCCCSP(=O)(SCCCC)SCCCC,-5.634,1.0,phys,True,False
CCCC[N+](=O)[O-],-1.351,1.0,phys,True,False
CCCCc1ccccc1,-4.056,1.0,phys,True,False
CCCCl,-1.461,1.0,phys,True,False
CCCI,-2.201,1.0,phys,True,False
CCCN,1.228,1.0,phys,True,False
CCCN(CCC)C(=O)SCC,-2.703,1.0,phys,True,False
CCCN(CCC)CCC,-2.282,1.0,phys,True,False
CCCNC(=O)NS(=O)(=O)c1ccc(Cl)cc1,-3.03,1.0,phys,True,False
CCCNCCC,-0.237,1.0,phys,True,False
CCCO,1.221,1.0,phys,True,False
CCCOC,-0.386,1.0,phys,True,False
CCCOC(=O)CC,-1.34,1.0,phys,True,False
CCCOC(=O)CCC,-1.905,1.0,phys,True,False
CCCOC(=O)Cn1cc(I)c(=O)c(I)c1,-3.504,1.0,phys,True,False
CCCOC(=O)c1cc(O)c(O)c(O)c1,-1.783,1.0,phys,True,False
CCCOC(=O)c1ccc(N)cc1,-2.328,1.0,phys,True,False
CCCOC(=O)c1ccc(O)cc1,-2.557,1.0,phys,True,False
CCCOC(C)=O,-0.733,1.0,phys,True,False
CCCOC(C)C,-1.337,1.0,phys,True,False
CCCOC=O,-0.603,1.0,phys,True,False
CCCOCC,-0.845,1.0,phys,True,False
CCCOCCC,-1.319,1.0,phys,True,False
CCCOP(=O)(OCCC)Oc1ccc(SC)cc1,-3.386,1.0,phys,True,False
CCCOP(=S)(OCCC)SCC(=O)N1CCCCC1C,-4.15,1.0,phys,True,False
CCCSP(=O)(OCC)Oc1ccc(Br)cc1Cl,-4.125,1.0,phys,True,False
CCCSP(=O)(OCC)SCCC,-2.509,1.0,phys,True,False
CCCc1ccccc1,-3.362,1.0,phys,True,False
CCCl,-1.055,1.0,phys,True,False
CCI,-1.601,1.0,phys,True,False
CCN,1.346,1.0,phys,True,False
CCN(C)N=O,0.532,1.0,phys,True,False
CCN(CC)C(=O)CC(C)C,-0.595,1.0,phys,True,False
CCN(CC)C(=O)CSc1ccc(Cl)nn1,-1.716,1.0,phys,True,False
CCN(CC)C(=O)SCc1ccc(Cl)cc1,-3.964,1.0,phys,True,False
CCN(CC)C(=O)c1cccnc1,0.749,1.0,phys,True,False
CCN(CC)C(=S)SSC(=S)N(CC)CC,-4.86,1.0,phys,True,False
CCN(CC)CC,-0.138,1.0,phys,True,False
CCN(CC)c1ccccc1,-3.028,1.0,phys,True,False
CCN(CC)c1nc(Cl)nc(NC(C)C)n1,-3.785,1.0,phys,True,False
CCNC(=O)CSP(=S)(OC)OC,-1.457,1.0,phys,True,False
CCNCC,1.136,1.0,phys,True,False
CCNc1nc(NC(C)C)nc(SC)n1,-3.037,1.0,phys,True,False
CCO,1.337,1.0,phys,True,False
CCOC(=O)C(C)N(C(=O)c1ccccc1)c1ccc(Cl)c(Cl)c1,-4.263,1.0,phys,True,False
CCOC(=O)C(O)(c1ccc(Cl)cc1)c1ccc(Cl)cc1,-4.512,1.0,phys,True,False
CCOC(=O)C(SP(=S)(OC)OC)c1ccccc1,-3.205,1.0,phys,True,False
CCOC(=O)C=Cc1ccccc1,-2.996,1.0,phys,True,False
CCOC(=O)CC,-0.726,1.0,phys,True,False
CCOC(=O)CC#N,-0.753,1.0,phys,True,False
CCOC(=O)CC(=O)OCC,-0.839,1.0,phys,True,False
CCOC(=O)CC(C)=O,-0.073,1.0,phys,True,False
CCOC(=O)CC(C)C,-1.652,1.0,phys,True,False
CCOC(=O)CC(O)(CC(=O)OCC)C(=O)OCC,-0.603,1.0,phys,True,False
CCOC(=O)CC(SP(=S)(OC)OC)C(=O)OCC,-3.364,1.0,phys,True,False
CCOC(=O)CCC(=O)OCC,-0.96,1.0,phys,True,False
CCOC(=O)CCCC(=O)OCC,-1.33,1.0,phys,True,False
CCOC(=O)CCCCCC(=O)OCC,-2.013,1.0,phys,True,False
CCOC(=O)CCCCCCC(=O)OCC,-2.53,1.0,phys,True,False
CCOC(=O)CCCCCCCCC(=O)OCC,-3.51,1.0,phys,True,False
CCOC(=O)CN(C(=O)CCl)c1c(CC)cccc1CC,-3.473,1.0,phys,True,False
CCOC(=O)NC,0.826,1.0,phys,True,False
CCOC(=O)c1ccc(N)cc1,-2.101,1.0,phys,True,False
CCOC(=O)c1ccc(O)cc1,-2.309,1.0,phys,True,False
CCOC(=O)c1ccccc1,-2.319,1.0,phys,True,False
CCOC(=O)c1ccccc1C(=O)OCC,-2.313,1.0,phys,True,False
CCOC(C)=O,-0.042,1.0,phys,True,False
CCOC(C)C,-0.551,1.0,phys,True,False
CCOC(C)OCC,-0.429,1.0,phys,True,False
CCOC=O,0.076,1.0,phys,True,False
CCOCC,-0.089,1.0,phys,True,False
CCOCCO,1.045,1.0,phys,True,False
CCOCCOC(C)=O,0.272,1.0,phys,True,False
CCOCCOCC,-0.15,1.0,phys,True,False
CCOCCOCCO,0.872,1.0,phys,True,False
CCOCCOCCOCC,0.79,1.0,phys,True,False
CCOCOCC,-0.173,1.0,phys,True,False
CCOP(=O)(OCC)OCC,0.439,1.0,phys,True,False
CCOP(=O)(OCC)SCC(=O)NC(C)(C)C#N,-0.624,1.0,phys,True,False
CCOP(=O)(OCC)SCCSCC,-2.111,1.0,phys,True,False
CCOP(=O)(Sc1ccccc1)Sc1ccccc1,-3.331,1.0,phys,True,False
CCOP(=S)(CC)Oc1cc(Cl)c(Cl)cc1Cl,-5.752,1.0,phys,True,False
CCOP(=S)(CC)Sc1ccccc1,-4.159,1.0,phys,True,False
CCOP(=S)(OCC)N1C(=O)c2ccccc2C1=O,-3.352,1.0,phys,True,False
CCOP(=S)(OCC)OCCSCC,-3.634,1.0,phys,True,False
CCOP(=S)(OCC)Oc1cc(Cl)c(Br)cc1Cl,-5.952,1.0,phys,True,False
CCOP(=S)(OCC)Oc1ccc2c(C)c(Cl)c(=O)oc2c1,-5.384,1.0,phys,True,False
CCOP(=S)(OCC)Oc1cnc2ccccc2n1,-4.132,1.0,phys,True,False
CCOP(=S)(OCC)Oc1cnccn1,-2.338,1.0,phys,True,False
CCOP(=S)(OCC)SC(CCl)N1C(=O)c2ccccc2C1=O,-6.34,1.0,phys,True,False
CCOP(=S)(OCC)SCC(=O)NC(C)C,-2.057,1.0,phys,True,False
CCOP(=S)(OCC)SCCS(=O)(=O)CC,-2.54,1.0,phys,True,False
CCOP(=S)(OCC)SCCSCC,-4.226,1.0,phys,True,False
CCOP(=S)(OCC)SCS(=O)(=O)C(C)(C)C,-2.895,1.0,phys,True,False
CCOP(=S)(OCC)SCSC(C)(C)C,-4.755,1.0,phys,True,False
CCOP(=S)(OCC)SCSCC,-3.717,1.0,phys,True,False
CCOP(=S)(OCC)SCSP(=S)(OCC)OCC,-5.284,1.0,phys,True,False
CCOP(=S)(OCC)SCn1nnc2ccccc2c1=O,-4.517,1.0,phys,True,False
CCOS(=O)(=O)OCC,-1.343,1.0,phys,True,False
CCOc1ccc(NC(C)=O)cc1,-2.369,1.0,phys,True,False
CCOc1ccc(NS(=O)(=O)c2ccc(N)cc2)nn1,-2.427,1.0,phys,True,False
CCOc1ccccc1,-2.332,1.0,phys,True,False
CCS,-0.6,1.0,phys,True,False
CCS(=O)(=O)C(C)(C)S(=O)(=O)CC,-1.927,1.0,phys,True,False
CCSC(=O)N1CCCCCC1,-2.286,1.0,phys,True,False
CCSCC,-1.46,1.0,phys,True,False
CCc1ccc(C)cc1,-3.103,1.0,phys,True,False
CCc1ccc(CC)cc1,-3.733,1.0,phys,True,False
CCc1ccc2cc3ccccc3cc2c1,-6.886,1.0,phys,True,False
CCc1ccc2ccccc2c1,-4.29,1.0,phys,True,False
CCc1cccc(CC)c1,-3.748,1.0,phys,True,False
CCc1cccc(CC)c1N,-2.348,1.0,phys,True,False
CCc1ccccc1,-2.798,1.0,phys,True,False
CCc1ccccc1C,-3.207,1.0,phys,True,False
CCc1ccccc1CC,-3.276,1.0,phys,True,False
CCc1ccccn1,0.501,1.0,phys,True,False
CCc1cccnc1,0.538,1.0,phys,True,False
CCc1nnc(NS(=O)(=O)c2ccc(N)cc2)s1,-1.942,1.0,phys,True,False
CN(C)C,1.178,1.0,phys,True,False
CN(C)C(=O)C(c1ccccc1)c1ccccc1,-2.964,1.0,phys,True,False
CN(C)C(=O)N(C)C,0.935,1.0,phys,True,False
CN(C)C(=O)Nc1ccc(Cl)cc1,-2.936,1.0,phys,True,False
CN(C)C(=O)OC1=CC(=O)CC(C)(C)C1,-0.848,1.0,phys,True,False
CN(C)C=O,1.136,1.0,phys,True,False
CN(C)CCc1ccc(O)cc1,-1.373,1.0,phys,True,False
CN(C)N,1.221,1.0,phys,True,False
CN(C)N=O,1.13,1.0,phys,True,False
CN(C)P(=O)(N(C)C)N(C)C,0.747,1.0,phys,True,False
CN1CCCC1=O,1.004,1.0,phys,True,False
CN1CCCCC1,0.226,1.0,phys,True,False
CN1CCOCC1,0.995,1.0,phys,True,False
CN=C=S,-0.983,1.0,phys,True,False
CNC,1.558,1.0,phys,True,False
CNC(=O)N(C)c1nc2ccccc2s1,-3.574,1.0,phys,True,False
CNC(=O)ON=C(C)SC,-0.447,1.0,phys,True,False
CNC(=O)Oc1cc(C)c(N(C)C)c(C)c1,-3.347,1.0,phys,True,False
CNC(=O)Oc1cc(C)cc(C)c1,-2.581,1.0,phys,True,False
CNC(=O)Oc1ccc(N(C)C)c(C)c1,-2.357,1.0,phys,True,False
CNC(=O)Oc1ccccc1C1OCCO1,-1.571,1.0,phys,True,False
CNC(C)=O,1.136,1.0,phys,True,False
CNC(N)=O,1.13,1.0,phys,True,False
CNCC(O)C(O)C(O)C(O)CO,0.709,1.0,phys,True,False
CNN,1.337,1.0,phys,True,False
COC,0.884,1.0,phys,True,False
COC(=O)C(C)Oc1ccc(Oc2ccc(Cl)cc2Cl)cc1,-3.834,1.0,phys,True,False
COC(=O)C(Cl)Cc1ccc(Cl)cc1,-3.765,1.0,phys,True,False
COC(=O)C1=CCCN(C)C1,0.809,1.0,phys,True,False
COC(=O)C=CC(=O)OC,-0.256,1.0,phys,True,False
COC(=O)CC(C)=O,0.634,1.0,phys,True,False
COC(=O)NS(=O)(=O)c1ccc(N)cc1,-1.663,1.0,phys,True,False
COC(=O)Nc1cccc(OC(=O)Nc2cccc(C)c2)c1,-4.779,1.0,phys,True,False
COC(=O)c1cc(O)c(O)c(O)c1,-1.24,1.0,phys,True,False
COC(=O)c1ccc(N)cc1,-1.597,1.0,phys,True,False
COC(=O)c1ccc(O)cc1,-1.784,1.0,phys,True,False
COC(=O)c1ccc(OC)cc1,-2.412,1.0,phys,True,False
COC(=O)c1ccccc1,-1.812,1.0,phys,True,False
COC(=O)c1ccccc1CS(=O)(=O)NC(=O)Nc1nc(OC)cc(OC)n1,-3.534,1.0,phys,True,False
COC(=O)c1ccccc1O,-1.313,1.0,phys,True,False
COC(=O)c1ccccc1S(=O)(=O)NC(=O)Nc1nc(C)cc(C)n1,-3.084,1.0,phys,True,False
COC(=O)c1ccccc1S(=O)(=O)NC(=O)Nc1nc(C)nc(OC)n1,-1.604,1.0,phys,True,False
COC(=O)c1cccnc1,-0.46,1.0,phys,True,False
COC(C)(C)C,-0.238,1.0,phys,True,False
COC(C)(C)CCCC(C)CC=CC(C)=CC(=O)OC(C)C,-5.346,1.0,phys,True,False
COC(C)=O,0.516,1.0,phys,True,False
COC(C)C,-0.057,1.0,phys,True,False
COC(N)=O,0.964,1.0,phys,True,False
COC=O,0.704,1.0,phys,True,False
COCC(C)OC(C)=O,0.176,1.0,phys,True,False
COCCCNc1nc(NC(C)C)nc(SC)n1,-2.928,1.0,phys,True,False
COCCN(C(=O)CCl)c1c(C)cccc1C,-2.086,1.0,phys,True,False
COCCO,1.119,1.0,phys,True,False
COCCOC,1.045,1.0,phys,True,False
COCCOCCOC,0.872,1.0,phys,True,False
COCCOc1c(OC)cc(Cc2cnc(N)nc2N)cc1OC,-2.101,1.0,phys,True,False
COCOC,0.506,1.0,phys,True,False
CON(C)C(=O)Nc1ccc(Br)c(Cl)c1,-3.924,1.0,phys,True,False
COP(=O)(OC)C(O)C(Cl)(Cl)Cl,-0.331,1.0,phys,True,False
COP(=O)(OC)OC,0.553,1.0,phys,True,False
COP(=O)(OC)OC(=CCl)c1cc(Cl)c(Cl)cc1Cl,-4.522,1.0,phys,True,False
COP(=O)(OC)OC(Br)C(Cl)(Cl)Br,-2.28,1.0,phys,True,False
COP(=O)(OC)OC(C)=CC(=O)N(C)C,0.625,1.0,phys,True,False
COP(=O)(OC)OC(C)=CC(=O)OC(C)c1ccccc1,-2.497,1.0,phys,True,False
COP(=O)(OC)OC1=C(Cl)C2C=CCC12,-2.001,1.0,phys,True,False
COP(=S)(OC)Oc1cc(Cl)c(Br)cc1Cl,-6.086,1.0,phys,True,False
COP(=S)(OC)Oc1cc(Cl)c(Cl)cc1Cl,-5.507,1.0,phys,True,False
COP(=S)(OC)Oc1cc(Cl)c(I)cc1Cl,-6.616,1.0,phys,True,False
COP(=S)(OC)Oc1ccc(Sc2ccc(OP(=S)(OC)OC)cc2)cc1,-6.237,1.0,phys,True,False
COP(=S)(Oc1cc(Cl)c(Br)cc1Cl)c1ccccc1,-7.138,1.0,phys,True,False
COP(C)(=O)OC,0.906,1.0,phys,True,False
COP(N)(=O)SC,0.85,1.0,phys,True,False
COS(=O)(=O)OC,-0.654,1.0,phys,True,False
COc1c(Cl)cc(Cl)cc1Cl,-4.325,1.0,phys,True,False
COc1c2occc2cc2ccc(=O)oc12,-3.657,1.0,phys,True,False
COc1cc(C(=O)O)ccc1O,-2.05,1.0,phys,True,False
COc1cc(C=O)ccc1O,-1.141,1.0,phys,True,False
COc1cc(Cl)c(OC)cc1Cl,-4.413,1.0,phys,True,False
COc1cc(Oc2ccc(Cl)cc2Cl)ccc1[N+](=O)[O-],-6.02,1.0,phys,True,False
COc1ccc(C=O)cc1,-1.502,1.0,phys,True,False
COc1ccc(NS(=O)(=O)c2ccc(N)cc2)nn1,-3.28,1.0,phys,True,False
COc1ccc(Oc2ccc(NC(=O)N(C)C)cc2)cc1,-4.156,1.0,phys,True,False
COc1ccc2ccc(=O)oc2c1CC=C(C)C,-4.309,1.0,phys,True,False
COc1ccccc1,-2.017,1.0,phys,True,False
COc1ccccc1O,-0.822,1.0,phys,True,False
COc1ccccc1OCC(O)CO,-0.598,1.0,phys,True,False
COc1ccccc1OCC(O)COC(N)=O,-0.985,1.0,phys,True,False
COc1coc(CSP(=O)(OC)OC)cc1=O,0.528,1.0,phys,True,False
COc1nn(CSP(=S)(OC)OC)c(=O)s1,-3.209,1.0,phys,True,False
CS(=O)(=O)F,-0.515,1.0,phys,True,False
CSC,-0.994,1.0,phys,True,False
CSc1ccccc1,-2.39,1.0,phys,True,False
CSc1nc2ccccc2s1,-3.161,1.0,phys,True,False
C[N+](C)(C)CCCl,0.799,1.0,phys,True,False
Cc1c(C)c(C)c(C)c(C)c1C,-5.839,1.0,phys,True,False
Cc1c2ccccc2c(C)c2ccccc12,-6.566,1.0,phys,True,False
Cc1c2ccccc2cc2ccccc12,-5.867,1.0,phys,True,False
Cc1c[nH]c(=O)[nH]c1=O,-1.519,1.0,phys,True,False
Cc1c[nH]c2ccccc12,-2.421,1.0,phys,True,False
Cc1cc(=O)[nH]o1,-0.067,1.0,phys,True,False
Cc1cc(C)c(C(=O)O)c(C)c1,-2.357,1.0,phys,True,False
Cc1cc(C)c(C)c(C)c1C,-3.981,1.0,phys,True,False
Cc1cc(C)c(C)cc1C,-4.586,1.0,phys,True,False
Cc1cc(C)c(N)cc1C,-1.955,1.0,phys,True,False
Cc1cc(C)c(O)c(C)c1,-2.055,1.0,phys,True,False
Cc1cc(C)c2ccccc2c1,-4.291,1.0,phys,True,False
Cc1cc(C)c2ccccc2n1,-1.944,1.0,phys,True,False
Cc1cc(C)cc(C)c1,-3.397,1.0,phys,True,False
Cc1cc(C)cc(O)c1,-1.399,1.0,phys,True,False
Cc1cc(Cl)ccc1O,-1.552,1.0,phys,True,False
Cc1cc(N)nc(C)n1,-1.284,1.0,phys,True,False
Cc1cc(O)c(Cl)c(C)c1Cl,-2.98,1.0,phys,True,False
Cc1cc(O)cc(C)c1Cl,-2.797,1.0,phys,True,False
Cc1cc(O)ccc1[N+](=O)[O-],-2.11,1.0,phys,True,False
Cc1ccc(Br)cc1,-3.192,1.0,phys,True,False
Cc1ccc(C)c(C)c1,-3.324,1.0,phys,True,False
Cc1ccc(C)c(O)c1,-1.538,1.0,phys,True,False
Cc1ccc(C)c(O)c1C,-1.936,1.0,phys,True,False
Cc1ccc(C)cc1,-2.816,1.0,phys,True,False
Cc1ccc(C=O)cc1,-1.724,1.0,phys,True,False
Cc1ccc(CO)cc1,-1.2,1.0,phys,True,False
Cc1ccc(Cl)c(Cl)c1,-3.792,1.0,phys,True,False
Cc1ccc(Cl)cc1,-3.077,1.0,phys,True,False
Cc1ccc(N)cc1,-1.217,1.0,phys,True,False
Cc1ccc(O)cc1,-0.702,1.0,phys,True,False
Cc1ccc(O)cc1C,-1.409,1.0,phys,True,False
Cc1ccc2cc(C)ccc2c1,-4.893,1.0,phys,True,False
Cc1ccc2cc3ccccc3cc2c1,-6.956,1.0,phys,True,False
Cc1ccc2ccccc2c1,-3.762,1.0,phys,True,False
Cc1cccc(Br)c1,-3.523,1.0,phys,True,False
Cc1cccc(C)c1O,-1.305,1.0,phys,True,False
Cc1cccc(N)c1,-0.854,1.0,phys,True,False
Cc1cccc(O)c1C,-1.427,1.0,phys,True,False
Cc1cccc(O)c1[N+](=O)[O-],-1.641,1.0,phys,True,False
Cc1cccc2c(C)cccc12,-4.756,1.0,phys,True,False
Cc1cccc2ccccc12,-3.741,1.0,phys,True,False
Cc1cccc2sc3nncn3c12,-2.073,1.0,phys,True,False
Cc1ccccc1,-2.243,1.0,phys,True,False
Cc1ccccc1C,-2.776,1.0,phys,True,False
Cc1ccccc1Cl,-2.53,1.0,phys,True,False
Cc1ccccc1N,-0.81,1.0,phys,True,False
Cc1ccccc1O,-0.621,1.0,phys,True,False
Cc1ccccc1OCC(O)CO,-1.189,1.0,phys,True,False
Cc1ccccn1,1.031,1.0,phys,True,False
Cc1cccnc1,1.031,1.0,phys,True,False
Cc1cccnc1C,0.385,1.0,phys,True,False
Cc1ccco1,-1.437,1.0,phys,True,False
Cc1ccnc(C)c1,0.514,1.0,phys,True,False
Cc1cnc(NS(=O)(=O)c2ccc(N)cc2)nc1,-2.82,1.0,phys,True,False
Cc1cnccn1,1.026,1.0,phys,True,False
Cc1occc1C(=O)Nc1ccccc1,-3.304,1.0,phys,True,False
ClC(Br)Br,-1.919,1.0,phys,True,False
ClC(Cl)(Cl)C(Cl)(Cl)Cl,-4.488,1.0,phys,True,False
ClC(Cl)(Cl)Cl,-2.288,1.0,phys,True,False
ClC(Cl)(Cl)c1ccccc1,-3.567,1.0,phys,True,False
ClC(Cl)=C(Cl)C(Cl)=C(Cl)Cl,-4.911,1.0,phys,True,False
ClC(Cl)=C(Cl)Cl,-2.919,1.0,phys,True,False
ClC(Cl)=C(c1ccc(Cl)cc1)c1ccc(Cl)cc1,-6.9,1.0,phys,True,False
ClC(Cl)Br,-1.733,1.0,phys,True,False
ClC(Cl)C(Cl)(Cl)Cl,-2.625,1.0,phys,True,False
ClC(Cl)Cl,-1.177,1.0,phys,True,False
ClC(Cl)c1ccccc1,-2.809,1.0,phys,True,False
ClC1=C(Cl)C(Cl)(Cl)C(Cl)=C1Cl,-5.181,1.0,phys,True,False
ClC1C(Cl)C(Cl)C(Cl)C(Cl)C1Cl,-5.0775,1.0,phys,True,False
ClC=C(Cl)Cl,-2.077,1.0,phys,True,False
ClC=CCCl,-2.045,1.0,phys,True,False
ClC=CCl,-1.442,1.0,phys,True,False
ClCBr,-0.889,1.0,phys,True,False
ClCC(Br)CBr,-2.374,1.0,phys,True,False
ClCC(Cl)Cl,-1.48,1.0,phys,True,False
ClCC1CO1,-0.147,1.0,phys,True,False
ClCCBr,-1.318,1.0,phys,True,False
ClCCCBr,-1.847,1.0,phys,True,False
ClCCCCl,-1.614,1.0,phys,True,False
ClCCCl,-1.065,1.0,phys,True,False
ClCCOCCCl,-0.92,1.0,phys,True,False
ClCCOCCOCCCl,-0.996,1.0,phys,True,False
ClCCSCCCl,-2.363,1.0,phys,True,False
ClCCl,-0.815,1.0,phys,True,False
ClCc1ccccc1,-2.382,1.0,phys,True,False
Clc1c(Cl)c(Cl)c2nccnc2c1Cl,-5.428,1.0,phys,True,False
Clc1cc(Cl)c(Cl)c(Cl)c1,-4.627,1.0,phys,True,False
Clc1cc(Cl)c(Cl)c(Cl)c1Cl,-5.479,1.0,phys,True,False
Clc1cc(Cl)c(Cl)cc1Cl,-5.56,1.0,phys,True,False
Clc1cc(Cl)c2cc(Cl)cc(Cl)c2c1,-7.823,1.0,phys,True,False
Clc1cc(Cl)cc(Cl)c1,-4.48,1.0,phys,True,False
Clc1cc2oc3cc(Cl)c(Cl)cc3c2cc1Cl,-8.646,1.0,phys,True,False
Clc1ccc(Br)cc1,-3.63,1.0,phys,True,False
Clc1ccc(Cl)c(Cl)c1,-3.569,1.0,phys,True,False
Clc1ccc(Cl)c(Cl)c1Cl,-4.562,1.0,phys,True,False
Clc1ccc(Cl)c2ccccc12,-5.803,1.0,phys,True,False
Clc1ccc(I)cc1,-4.076,1.0,phys,True,False
Clc1ccc(Oc2ccccc2)cc1,-4.793,1.0,phys,True,False
Clc1ccc2ccccc2c1,-4.143,1.0,phys,True,False
Clc1cccc(Cl)c1,-3.07,1.0,phys,True,False
Clc1cccc(Cl)c1Cl,-4.003,1.0,phys,True,False
Clc1cccc2c(Cl)cccc12,-5.716,1.0,phys,True,False
Clc1cccc2cccc(Cl)c12,-5.796,1.0,phys,True,False
Clc1cccc2ccccc12,-3.971,1.0,phys,True,False
Clc1ccccc1,-2.354,1.0,phys,True,False
Clc1ccccc1-c1ccccc1,-4.592,1.0,phys,True,False
Clc1ccccc1-c1ccccc1Cl,-5.081,1.0,phys,True,False
Clc1ccccc1Cl,-2.974,1.0,phys,True,False
Cn1ccccc1=O,0.962,1.0,phys,True,False
FC(Br)C(F)(F)F,-1.901,1.0,phys,True,True
FC(Cl)(Cl)C(F)(Cl)Cl,-3.189,1.0,phys,True,False
FC(Cl)(Cl)Cl,-2.096,1.0,phys,True,False
FC(Cl)Cl,-0.738,1.0,phys,True,False
FC(F)(Cl)C(F)(Cl)Cl,-3.042,1.0,phys,True,False
FC(F)(Cl)C(F)(F)Cl,-3.119,1.0,phys,True,True
FC(F)(Cl)Cl,-2.635,1.0,phys,True,False
FC(F)(F)Br,-2.668,1.0,phys,True,True
FC(F)(F)C(Cl)Br,-1.704,1.0,phys,True,True
FC(F)(F)C(F)(F)C(F)(F)F,-4.518,1.0,phys,True,True
FC(F)(F)C(F)(F)Cl,-3.411,1.0,phys,True,True
FC(F)(F)Cl,-3.065,1.0,phys,True,True
FC(F)F,-1.233,1.0,phys,True,False
FC(F)OC(Cl)C(F)(F)F,-1.616,1.0,phys,True,True
FC(F)OC(F)(F)C(F)Cl,-1.516,1.0,phys,True,True
FC1(F)C(F)(F)C(F)(F)C1(F)F,-3.638,1.0,phys,True,True
Fc1cccc(CCl)c1,-2.544,1.0,phys,True,False
Fc1ccccc1,-1.795,1.0,phys,True,False
ICCI,-3.216,1.0,phys,True,False
ICI,-2.334,1.0,phys,True,False
Ic1ccc(I)cc1,-5.372,1.0,phys,True,False
Ic1ccccc1,-2.778,1.0,phys,True,False
N#CCC#N,0.304,1.0,phys,True,False
N#CCCC#N,0.204,1.0,phys,True,False
N#CCCCC#N,1.026,1.0,phys,True,False
N#CCCCCC#N,-0.131,1.0,phys,True,False
NC(=O)CCl,-0.017,1.0,phys,True,False
NC(=O)CF,1.113,1.0,phys,True,False
NC(=O)NCc1ccccc1,-0.946,1.0,phys,True,False
NC(=O)NO,1.119,1.0,phys,True,False
NC(=O)OCC(Cl)(Cl)Cl,-1.284,1.0,phys,True,False
NC(=O)c1c(Cl)cccc1Cl,-1.843,1.0,phys,True,False
NC(=O)c1ccccc1,-0.953,1.0,phys,True,False
NC(=O)c1ccccc1O,-1.823,1.0,phys,True,False
NC(=O)c1cccnc1,0.612,1.0,phys,True,False
NC(=O)c1cnccn1,-0.914,1.0,phys,True,False
NC(=S)Nc1ccccc1,-1.79,1.0,phys,True,False
NC(=S)c1c(Cl)cccc1Cl,-2.336,1.0,phys,True,False
NC(Cc1c[nH]c2ccccc12)C(=O)O,-1.183,1.0,phys,True,False
NC(Cc1ccc(O)cc1)C(=O)O,-2.578,1.0,phys,True,False
NC(N)=O,0.958,1.0,phys,True,False
NC(N)=S,0.271,1.0,phys,True,False
NC1CCCCC1,1.004,1.0,phys,True,False
NC=O,1.346,1.0,phys,True,False
NCC(=O)NCC(=O)NCC(=O)O,-0.51,1.0,phys,True,False
NCCCCCCN,0.935,1.0,phys,True,False
NCCNCCNCCN,0.835,1.0,phys,True,False
NCCNCCNCCNCCN,0.723,1.0,phys,True,False
NCCO,1.214,1.0,phys,True,False
NCc1ccccc1,0.97,1.0,phys,True,False
NCc1ccco1,1.013,1.0,phys,True,False
NNC(=O)c1ccncc1,0.009,1.0,phys,True,False
NNc1ccccc1,0.07,1.0,phys,True,False
NS(=O)(=O)c1ccccc1,-1.563,1.0,phys,True,True
Nc1c(Cl)cc(Cl)cc1Cl,-3.691,1.0,phys,True,False
Nc1cc(Cl)cc(Cl)c1,-2.315,1.0,phys,True,False
Nc1cc2c3ccccc3ccc2c2ccccc12,-6.196,1.0,phys,True,False
Nc1ccc(Cc2ccc(N)cc2)cc1,-2.297,1.0,phys,True,False
Nc1ccc(Cl)c(Cl)c1,-3.246,1.0,phys,True,False
Nc1ccc(Cl)cc1Cl,-2.417,1.0,phys,True,False
Nc1ccc(N)cc1,-0.466,1.0,phys,True,False
Nc1ccc(O)cc1,-0.834,1.0,phys,True,False
Nc1ccc2ccccc2c1N=Nc1ccccc1,-5.916,1.0,phys,True,False
Nc1cccc(C(=O)O)c1,-1.366,1.0,phys,True,False
Nc1cccc(Cl)c1,-1.373,1.0,phys,True,False
Nc1cccc(N)c1,0.343,1.0,phys,True,False
Nc1cccc(O)c1,-0.607,1.0,phys,True,False
Nc1cccc2c(N)cccc12,-2.619,1.0,phys,True,False
Nc1cccc2cccc(N)c12,-2.27,1.0,phys,True,False
Nc1ccccc1,-0.413,1.0,phys,True,False
Nc1ccccc1N,-0.428,1.0,phys,True,False
Nc1ccccc1O,-0.737,1.0,phys,True,False
Nc1cnn(-c2ccccc2)c(=O)c1Cl,-2.744,1.0,phys,True,False
Nc1nc(N)nc(NC2CC2)n1,-1.179,1.0,phys,True,False
O=C(Cn1ccnc1[N+](=O)[O-])NCc1ccccc1,-2.813,1.0,phys,True,False
O=C(O)c1cccc(O)c1,-1.28,1.0,phys,True,False
O=C(OOC(=O)c1ccccc1)c1ccccc1,-4.425,1.0,phys,True,False
O=C(c1ccccc1)c1ccccc1,-3.124,1.0,phys,True,False
O=C1C=CC(=O)C=C1,-0.989,1.0,phys,True,False
O=C1CCC(=O)N1,0.296,1.0,phys,True,False
O=C1CCCCC1,-0.594,1.0,phys,True,False
O=C1CCCCCN1,0.834,1.0,phys,True,False
O=C1CCCN1,1.07,1.0,phys,True,False
O=C1CCCO1,1.065,1.0,phys,True,False
O=C1CCO1,0.711,1.0,phys,True,False
O=C1CNC(=O)N1,-0.402,1.0,phys,True,False
O=CC=Cc1ccccc1,-1.969,1.0,phys,True,False
O=CNc1ccccc1,-0.678,1.0,phys,True,False
O=Cc1ccc(C=O)cc1,-2.827,1.0,phys,True,False
O=Cc1ccc(O)cc1,-0.976,1.0,phys,True,False
O=Cc1ccccc1,-1.208,1.0,phys,True,False
O=Cc1ccco1,-0.096,1.0,phys,True,False
O=NN1CCCCC1,-0.174,1.0,phys,True,False
O=NN1CCCCCC1,-1.001,1.0,phys,True,False
O=NN1CCOCC1,0.935,1.0,phys,True,False
O=c1cc[nH]c(=O)[nH]1,-1.493,1.0,phys,True,False
O=c1ccc(=O)[nH][nH]1,-1.271,1.0,phys,True,False
O=c1ccc2ccccc2o1,-1.886,1.0,phys,True,False
OC(CCl)CCl,-0.115,1.0,phys,True,False
OC(CI)CI,-1.397,1.0,phys,True,False
OC(c1ccc(Cl)cc1)(c1ccc(Cl)cc1)C(Cl)(Cl)Cl,-5.448,1.0,phys,True,False
OC(c1ccc(F)cc1)(c1cncnc1)c1ccccc1Cl,-4.083,1.0,phys,True,False
OC1C(O)C(O)C(O)C(O)C1O,-0.1,1.0,phys,True,False
OC1CCCCC1,-0.377,1.0,phys,True,False
OCC(CO)(CBr)CBr,-0.838,1.0,phys,True,False
OCC(CO)(CO)CO,-0.275,1.0,phys,True,False
OCC(Cl)(Cl)Cl,-0.254,1.0,phys,True,False
OCC(F)(F)F,1.0,1.0,phys,True,True
OCC(O)C(O)C(O)CO,0.625,1.0,phys,True,False
OCC(O)C(O)CO,0.699,1.0,phys,True,False
OCC(O)CO,1.036,1.0,phys,True,False
OCC(O)COc1ccc(Cl)cc1,-1.307,1.0,phys,True,False
OCC(S)CS,-0.155,1.0,phys,True,False
OCC1CO1,1.13,1.0,phys,True,False
OCCBr,0.903,1.0,phys,True,False
OCCCBr,0.009,1.0,phys,True,False
OCCCCl,0.422,1.0,phys,True,False
OCCCc1ccccc1,-1.38,1.0,phys,True,False
OCCCl,1.094,1.0,phys,True,False
OCCNCCO,0.978,1.0,phys,True,False
OCCO,1.207,1.0,phys,True,False
OCCOc1ccccc1,-0.714,1.0,phys,True,False
OCCc1ccccc1,-0.741,1.0,phys,True,False
OCc1c(Cl)cccc1Cl,-2.102,1.0,phys,True,False
OCc1ccccc1,-0.432,1.0,phys,True,False
OCc1cccnc1,0.962,1.0,phys,True,False
OCc1ccco1,1.008,1.0,phys,True,False
ONc1ccccc1,-0.737,1.0,phys,True,False
Oc1c(Br)cc(Br)cc1Br,-3.674,1.0,phys,True,False
Oc1c(Cl)c(Cl)c(Cl)c(Cl)c1Cl,-4.279,1.0,phys,True,False
Oc1c(Cl)cc(Cl)c(Cl)c1Cl,-4.004,1.0,phys,True,False
Oc1c(Cl)cc(Cl)cc1Cl,-2.392,1.0,phys,True,False
Oc1c(Cl)ccc(Cl)c1Cl,-2.642,1.0,phys,True,False
Oc1cc(Cl)c(Cl)cc1Cl,-2.216,1.0,phys,True,False
Oc1cc(Cl)cc(Cl)c1,-1.559,1.0,phys,True,False
Oc1cc(Cl)ccc1Cl,-1.911,1.0,phys,True,False
Oc1cc(O)c2ccccc2c1,-1.949,1.0,phys,True,False
Oc1cc(O)cc(O)c1,-1.075,1.0,phys,True,False
Oc1cc2ccccc2cc1O,-2.738,1.0,phys,True,False
Oc1ccc(Br)cc1,-1.092,1.0,phys,True,False
Oc1ccc(Br)cc1Br,-2.123,1.0,phys,True,False
Oc1ccc(Cl)cc1,-0.729,1.0,phys,True,False
Oc1ccc(Cl)cc1Cc1cc(Cl)ccc1O,-3.953,1.0,phys,True,False
Oc1ccc(Cl)cc1Cc1ccccc1,-3.167,1.0,phys,True,False
Oc1ccc(Cl)cc1Cl,-1.559,1.0,phys,True,False
Oc1ccc(O)cc1,-0.184,1.0,phys,True,False
Oc1ccc2ccccc2c1,-2.281,1.0,phys,True,False
Oc1cccc(Cl)c1,-0.694,1.0,phys,True,False
Oc1cccc(Cl)c1Cl,-1.656,1.0,phys,True,False
Oc1cccc(O)c1,0.814,1.0,phys,True,False
Oc1cccc2c(O)cccc12,-2.987,1.0,phys,True,False
Oc1cccc2ccccc12,-2.221,1.0,phys,True,False
Oc1ccccc1,-0.056,1.0,phys,True,False
Oc1ccccc1Cl,-1.056,1.0,phys,True,False
Oc1ccccc1O,0.622,1.0,phys,True,False
S=C1NCCN1,-0.708,1.0,phys,True,False
S=C=S,-1.81,1.0,phys,True,False
Sc1ccccc1,-2.12,1.0,phys,True,False
c1cc2ccc3ccc4ccc5cccc6c(c1)c2c3c4c56,-9.026,1.0,phys,True,False
c1ccc2c(c1)cc1ccc3cccc4ccc2c1c34,-8.192,1.0,phys,True,False
c1ccc2ccccc2c1,-3.616,1.0,phys,True,False
c1ccc2cnncc2c1,-0.415,1.0,phys,True,False
c1ccc2nc3ccccc3cc2c1,-3.669,1.0,phys,True,False
c1ccccc1,-1.64,1.0,phys,True,False
c1ccncc1,1.102,1.0,phys,True,False
c1ccoc1,-0.833,1.0,phys,True,False
c1ccsc1,-1.446,1.0,phys,True,False
c1cnc2ncncc2n1,0.034,1.0,phys,True,False
c1cncnc1,1.096,1.0,phys,True,False
