task,design,cohort,seed,model,record_id,compound_id,study_id,endpoint,observed,predicted,transport_key,test_chemical_seen_in_bio_train
final_primary216_chemical_42_2,chemical,primary216,42,full_multitask,BIO_5694,CMP_cfdde373a2a8c04668f0,10.1021/acs.est.6b01197,BAF,4.32,3.771964156864997,b47dcb130edb4c7d,False
final_primary216_chemical_42_2,chemical,primary216,42,full_multitask,BIO_5695,CMP_cfdde373a2a8c04668f0,10.1021/acs.est.6b01197,BAF,2.4700000000000006,2.5530220000195967,b47dcb130edb4c7d,False
final_primary216_chemical_42_2,chemical,primary216,42,full_multitask,BIO_5696,CMP_cfdde373a2a8c04668f0,10.1021/acs.est.6b01197,BAF,4.35,3.781982728281132,b47dcb130edb4c7d,False
final_primary216_chemical_42_2,chemical,primary216,42,full_multitask,BIO_5789,CMP_5bc76544fcbe477197d1,10.1021/acs.est.6b01197,BAF,4.170000000000001,4.543135628288677,b47dcb130edb4c7d,False
final_primary216_chemical_42_2,chemical,primary216,42,full_multitask,BIO_5790,CMP_5bc76544fcbe477197d1,10.1021/acs.est.6b01197,BAF,1.84,3.9338346950323326,b47dcb130edb4c7d,False
final_primary216_chemical_42_2,chemical,primary216,42,full_multitask,BIO_5791,CMP_5bc76544fcbe477197d1,10.1021/acs.est.6b01197,BAF,4.03,4.557591079322856,b47dcb130edb4c7d,False
final_primary216_chemical_42_2,chemical,primary216,42,full_multitask,BIO_6095,CMP_8e58943e0a19095fb6f4,10.1021/acs.est.6b01197,BAF,3.5800000000000005,3.5955785005625565,b47dcb130edb4c7d,False
final_primary216_chemical_42_2,chemical,primary216,42,full_multitask,BIO_6096,CMP_8e58943e0a19095fb6f4,10.1021/acs.est.6b01197,BAF,3.3500000000000005,3.535020821191737,b47dcb130edb4c7d,False
final_primary216_chemical_42_2,chemical,primary216,42,full_multitask,BIO_6384,CMP_cfdde373a2a8c04668f0,10.1021/acs.est.5b04299,BAF,3.798000000000001,3.1062888722229185,b47dcb130edb4c7d,False
final_primary216_chemical_42_2,chemical,primary216,42,full_multitask,BIO_6385,CMP_cfdde373a2a8c04668f0,10.1021/acs.est.5b04299,BAF,3.3090000000000006,3.3127222644235927,b47dcb130edb4c7d,False
final_primary216_chemical_42_2,chemical,primary216,42,full_multitask,BIO_6386,CMP_cfdde373a2a8c04668f0,10.1021/acs.est.5b04299,BAF,3.984,3.4561773670574825,b47dcb130edb4c7d,False
final_primary216_chemical_42_2,chemical,primary216,42,full_multitask,BIO_6387,CMP_cfdde373a2a8c04668f0,10.1021/acs.est.5b04299,BAF,3.4720000000000004,3.1222108636657446,b47dcb130edb4c7d,False
final_primary216_chemical_42_2,chemical,primary216,42,full_multitask,BIO_6388,CMP_cfdde373a2a8c04668f0,10.1021/acs.est.5b04299,BAF,3.4600000000000004,3.0215130926167153,b47dcb130edb4c7d,False
final_primary216_chemical_42_2,chemical,primary216,42,full_multitask,BIO_6389,CMP_cfdde373a2a8c04668f0,10.1021/acs.est.5b04299,BAF,3.770000000000001,3.4441527018305576,b47dcb130edb4c7d,False
final_primary216_chemical_42_2,chemical,primary216,42,full_multitask,BIO_6390,CMP_cfdde373a2a8c04668f0,10.1021/acs.est.5b04299,BAF,3.700000000000001,3.294346004993612,b47dcb130edb4c7d,False
final_primary216_chemical_42_2,chemical,primary216,42,full_multitask,BIO_6391,CMP_cfdde373a2a8c04668f0,10.1021/acs.est.5b04299,BAF,3.755000000000001,3.2892365677882744,b47dcb130edb4c7d,False
final_primary216_chemical_42_2,chemical,primary216,42,full_multitask,BIO_6392,CMP_cfdde373a2a8c04668f0,10.1021/acs.est.5b04299,BAF,3.646000000000001,3.182389652472893,b47dcb130edb4c7d,False
final_primary216_chemical_42_2,chemical,primary216,42,full_multitask,BIO_6393,CMP_cfdde373a2a8c04668f0,10.1021/acs.est.5b04299,BAF,2.870000000000001,2.3046152008550247,b47dcb130edb4c7d,False
final_primary216_chemical_42_2,chemical,primary216,42,full_multitask,BIO_6395,CMP_cfdde373a2a8c04668f0,10.1021/acs.est.5b04299,BAF,4.03,3.084808604069959,b47dcb130edb4c7d,False
final_primary216_chemical_42_2,chemical,primary216,42,full_multitask,BIO_6396,CMP_cfdde373a2a8c04668f0,10.1021/acs.est.5b04299,BAF,3.873,3.324164431814134,b47dcb130edb4c7d,False
final_primary216_chemical_42_2,chemical,primary216,42,full_multitask,BIO_6397,CMP_cfdde373a2a8c04668f0,10.1021/acs.est.5b04299,BAF,4.301,3.354830526192055,b47dcb130edb4c7d,False
final_primary216_chemical_42_2,chemical,primary216,42,full_multitask,BIO_6398,CMP_cfdde373a2a8c04668f0,10.1021/acs.est.5b04299,BAF,3.838000000000001,3.1472960378029153,b47dcb130edb4c7d,False
final_primary216_chemical_42_2,chemical,primary216,42,full_multitask,BIO_6399,CMP_cfdde373a2a8c04668f0,10.1021/acs.est.5b04299,BAF,3.912000000000001,3.1168762714921385,b47dcb130edb4c7d,False
final_primary216_chemical_42_2,chemical,primary216,42,full_multitask,BIO_6400,CMP_cfdde373a2a8c04668f0,10.1021/acs.est.5b04299,BAF,4.0600000000000005,3.458638970430358,b47dcb130edb4c7d,False
final_primary216_chemical_42_2,chemical,primary216,42,full_multitask,BIO_6401,CMP_cfdde373a2a8c04668f0,10.1021/acs.est.5b04299,BAF,3.954,3.275085222165781,b47dcb130edb4c7d,False
final_primary216_chemical_42_2,chemical,primary216,42,full_multitask,BIO_6402,CMP_cfdde373a2a8c04668f0,10.1021/acs.est.5b04299,BAF,4.072000000000001,3.3253482020488305,b47dcb130edb4c7d,False
final_primary216_chemical_42_2,chemical,primary216,42,full_multitask,BIO_6403,CMP_cfdde373a2a8c04668f0,10.1021/acs.est.5b04299,BAF,3.9650000000000007,3.2085112014379304,b47dcb130edb4c7d,False
final_primary216_chemical_42_2,chemical,primary216,42,full_multitask,BIO_6404,CMP_cfdde373a2a8c04668f0,10.1021/acs.est.5b04299,BAF,3.1950000000000003,2.279455275111841,b47dcb130edb4c7d,False
final_primary216_chemical_42_2,chemical,primary216,42,full_multitask,BIO_6407,CMP_cfdde373a2a8c04668f0,10.1021/acs.est.9b04906,BAF,3.7848311781244695,3.13641293079682,b47dcb130edb4c7d,False
final_primary216_chemical_42_2,chemical,primary216,42,full_multitask,BIO_6567,CMP_8e58943e0a19095fb6f4,10.1021/acs.est.7b02399,BAF,1.6812412373755872,2.9707123708139713,b47dcb130edb4c7d,False
final_primary216_chemical_42_2,chemical,primary216,42,full_multitask,BIO_6568,CMP_8e58943e0a19095fb6f4,10.1021/acs.est.7b02399,BAF,2.6503075231319366,2.97026401772576,b47dcb130edb4c7d,False
final_primary216_chemical_42_2,chemical,primary216,42,full_multitask,BIO_6569,CMP_8e58943e0a19095fb6f4,10.1021/acs.est.7b02399,BAF,2.7860412102425545,2.9975750453316077,b47dcb130edb4c7d,False
final_primary216_chemical_42_2,chemical,primary216,42,full_multitask,BIO_6570,CMP_8e58943e0a19095fb6f4,10.1021/acs.est.7b02399,BAF,3.318063334962761,2.960151785957798,b47dcb130edb4c7d,False
final_primary216_chemical_42_2,chemical,primary216,42,full_multitask,BIO_6571,CMP_8e58943e0a19095fb6f4,10.1021/acs.est.7b02399,BAF,3.1398790864012365,2.99635781858155,b47dcb130edb4c7d,False
final_primary216_chemical_42_2,chemical,primary216,42,full_multitask,BIO_6572,CMP_8e58943e0a19095fb6f4,10.1021/acs.est.7b02399,BAF,3.752816431188272,2.9769753141969115,b47dcb130edb4c7d,False
final_primary216_chemical_42_2,chemical,primary216,42,full_multitask,BIO_6580,CMP_5bc76544fcbe477197d1,10.1021/acs.est.7b02399,BAF,1.9493900066449128,3.6798426705606957,b47dcb130edb4c7d,False
final_primary216_chemical_42_2,chemical,primary216,42,full_multitask,BIO_6581,CMP_5bc76544fcbe477197d1,10.1021/acs.est.7b02399,BAF,3.103803720955957,3.675279479178773,b47dcb130edb4c7d,False
final_primary216_chemical_42_2,chemical,primary216,42,full_multitask,BIO_6582,CMP_5bc76544fcbe477197d1,10.1021/acs.est.7b02399,BAF,3.3502480183341627,3.6926719023629144,b47dcb130edb4c7d,False
final_primary216_chemical_42_2,chemical,primary216,42,full_multitask,BIO_6583,CMP_5bc76544fcbe477197d1,10.1021/acs.est.7b02399,BAF,3.505149978319906,3.674455411212173,b47dcb130edb4c7d,False
final_primary216_chemical_42_2,chemical,primary216,42,full_multitask,BIO_6584,CMP_5bc76544fcbe477197d1,10.1021/acs.est.7b02399,BAF,3.45484486000851,3.6812821505525055,b47dcb130edb4c7d,False
final_primary216_chemical_42_2,chemical,primary216,42,full_multitask,BIO_6585,CMP_5bc76544fcbe477197d1,10.1021/acs.est.7b02399,BAF,3.8674674878590514,3.636801042460192,b47dcb130edb4c7d,False
final_primary216_chemical_42_2,chemical,primary216,42,full_multitask,BIO_6629,CMP_cfdde373a2a8c04668f0,10.1021/acs.est.7b02399,BAF,2.0863598306747484,2.9929008838766746,b47dcb130edb4c7d,False
final_primary216_chemical_42_2,chemical,primary216,42,full_multitask,BIO_6630,CMP_cfdde373a2a8c04668f0,10.1021/acs.est.7b02399,BAF,3.1398790864012365,2.960040681700903,b47dcb130edb4c7d,False
final_primary216_chemical_42_2,chemical,primary216,42,full_multitask,BIO_6631,CMP_cfdde373a2a8c04668f0,10.1021/acs.est.7b02399,BAF,3.551449997972876,2.957651940177658,b47dcb130edb4c7d,False
final_primary216_chemical_42_2,chemical,primary216,42,full_multitask,BIO_6632,CMP_cfdde373a2a8c04668f0,10.1021/acs.est.7b02399,BAF,3.376576957056512,3.0032461035971996,b47dcb130edb4c7d,False
final_primary216_chemical_42_2,chemical,primary216,42,full_multitask,BIO_6633,CMP_cfdde373a2a8c04668f0,10.1021/acs.est.7b02399,BAF,3.447623097760286,3.0441681742300375,b47dcb130edb4c7d,False
final_primary216_chemical_42_2,chemical,primary216,42,full_multitask,BIO_6634,CMP_cfdde373a2a8c04668f0,10.1021/acs.est.7b02399,BAF,3.851869600729766,3.0325893461434776,b47dcb130edb4c7d,False
final_primary216_chemical_42_2,chemical,primary216,42,full_multitask,BIO_6709,CMP_1e0abf78953775c0134f,10.1021/acs.est.7b02259,BAF,0.56,0.4214132539898867,b47dcb130edb4c7d,False
final_primary216_chemical_42_2,chemical,primary216,42,full_multitask,BIO_6710,CMP_1e0abf78953775c0134f,10.1021/acs.est.7b02259,BAF,0.0099999999999999,0.036408377952832804,b47dcb130edb4c7d,False
final_primary216_chemical_42_2,chemical,primary216,42,full_multitask,BIO_6719,CMP_8e58943e0a19095fb6f4,10.1021/acs.est.7b02259,BAF,3.01,2.4839549601167628,b47dcb130edb4c7d,False
final_primary216_chemical_42_2,chemical,primary216,42,full_multitask,BIO_6720,CMP_8e58943e0a19095fb6f4,10.1021/acs.est.7b02259,BAF,2.42,1.9208535832417457,b47dcb130edb4c7d,False
final_primary216_chemical_42_2,chemical,primary216,42,full_multitask,BIO_6721,CMP_8e58943e0a19095fb6f4,10.1021/acs.est.7b02259,BAF,1.6800000000000002,1.0819296714379392,b47dcb130edb4c7d,False
final_primary216_chemical_42_2,chemical,primary216,42,full_multitask,BIO_6722,CMP_5bc76544fcbe477197d1,10.1021/acs.est.7b02259,BAF,3.9,3.7895050768820258,b47dcb130edb4c7d,False
final_primary216_chemical_42_2,chemical,primary216,42,full_multitask,BIO_6723,CMP_5bc76544fcbe477197d1,10.1021/acs.est.7b02259,BAF,3.390000000000001,2.9567637323139615,b47dcb130edb4c7d,False
final_primary216_chemical_42_2,chemical,primary216,42,full_multitask,BIO_6724,CMP_5bc76544fcbe477197d1,10.1021/acs.est.7b02259,BAF,2.64,1.98707977138434,b47dcb130edb4c7d,False
final_primary216_chemical_42_2,chemical,primary216,42,full_multitask,BIO_6740,CMP_cfdde373a2a8c04668f0,10.1021/acs.est.7b02259,BAF,3.86,3.431008987729535,b47dcb130edb4c7d,False
final_primary216_chemical_42_2,chemical,primary216,42,full_multitask,BIO_6741,CMP_cfdde373a2a8c04668f0,10.1021/acs.est.7b02259,BAF,3.65,3.1621919362580737,b47dcb130edb4c7d,False
final_primary216_chemical_42_2,chemical,primary216,42,full_multitask,BIO_6742,CMP_cfdde373a2a8c04668f0,10.1021/acs.est.7b02259,BAF,2.7300000000000004,2.2931580440063146,b47dcb130edb4c7d,False
final_primary216_chemical_42_2,chemical,primary216,42,full_multitask,BIO_5771,CMP_5bc76544fcbe477197d1,10.1016/j.scitotenv.2016.05.215,BCF,4.04,3.7751184666862736,b47dcb130edb4c7d,False
final_primary216_chemical_42_2,chemical,primary216,42,full_multitask,BIO_5772,CMP_5bc76544fcbe477197d1,10.1016/j.scitotenv.2016.05.215,BCF,4.36,3.7505877470264224,b47dcb130edb4c7d,False
final_primary216_chemical_42_2,chemical,primary216,42,full_multitask,BIO_5773,CMP_5bc76544fcbe477197d1,10.1016/j.scitotenv.2016.05.215,BCF,3.41,2.881823793371617,b47dcb130edb4c7d,False
final_primary216_chemical_42_2,chemical,primary216,42,full_multitask,BIO_5774,CMP_5bc76544fcbe477197d1,10.1016/j.scitotenv.2016.05.215,BCF,3.79,2.787020233283962,b47dcb130edb4c7d,False
final_primary216_chemical_42_2,chemical,primary216,42,full_multitask,BIO_5775,CMP_5bc76544fcbe477197d1,10.1016/j.scitotenv.2016.05.215,BCF,4.0,3.427981401021021,b47dcb130edb4c7d,False
final_primary216_chemical_42_2,chemical,primary216,42,full_multitask,BIO_5776,CMP_5bc76544fcbe477197d1,10.1016/j.scitotenv.2016.05.215,BCF,3.99,3.4568976209477005,b47dcb130edb4c7d,False
final_primary216_chemical_42_2,chemical,primary216,42,full_multitask,BIO_6077,CMP_8e58943e0a19095fb6f4,10.1016/j.scitotenv.2016.05.215,BCF,3.18,3.043922708009665,b47dcb130edb4c7d,False
final_primary216_chemical_42_2,chemical,primary216,42,full_multitask,BIO_6078,CMP_8e58943e0a19095fb6f4,10.1016/j.scitotenv.2016.05.215,BCF,3.45,3.025712216722888,b47dcb130edb4c7d,False
final_primary216_chemical_42_2,chemical,primary216,42,full_multitask,BIO_6079,CMP_8e58943e0a19095fb6f4,10.1016/j.scitotenv.2016.05.215,BCF,2.64,1.9631537038397449,b47dcb130edb4c7d,False
final_primary216_chemical_42_2,chemical,primary216,42,full_multitask,BIO_6080,CMP_8e58943e0a19095fb6f4,10.1016/j.scitotenv.2016.05.215,BCF,2.85,1.9684920318653152,b47dcb130edb4c7d,False
final_primary216_chemical_42_2,chemical,primary216,42,full_multitask,BIO_6081,CMP_8e58943e0a19095fb6f4,10.1016/j.scitotenv.2016.05.215,BCF,3.33,2.6144567781749224,b47dcb130edb4c7d,False
final_primary216_chemical_42_2,chemical,primary216,42,full_multitask,BIO_6082,CMP_8e58943e0a19095fb6f4,10.1016/j.scitotenv.2016.05.215,BCF,3.37,2.6174158387108046,b47dcb130edb4c7d,False
final_primary216_chemical_42_2,chemical,primary216,42,full_multitask,BIO_6285,CMP_cfdde373a2a8c04668f0,10.1016/j.scitotenv.2016.05.215,BCF,3.64,3.3957922845405295,b47dcb130edb4c7d,False
final_primary216_chemical_42_2,chemical,primary216,42,full_multitask,BIO_6286,CMP_cfdde373a2a8c04668f0,10.1016/j.scitotenv.2016.05.215,BCF,3.55,3.4491816169157126,b47dcb130edb4c7d,False
final_primary216_chemical_42_2,chemical,primary216,42,full_multitask,BIO_6287,CMP_cfdde373a2a8c04668f0,10.1016/j.scitotenv.2016.05.215,BCF,2.86,2.481152682429834,b47dcb130edb4c7d,False
final_primary216_chemical_42_2,chemical,primary216,42,full_multitask,BIO_6288,CMP_cfdde373a2a8c04668f0,10.1016/j.scitotenv.2016.05.215,BCF,2.73,2.3886708274510347,b47dcb130edb4c7d,False
final_primary216_chemical_42_2,chemical,primary216,42,full_multitask,BIO_6289,CMP_cfdde373a2a8c04668f0,10.1016/j.scitotenv.2016.05.215,BCF,3.82,3.27584474576763,b47dcb130edb4c7d,False
final_primary216_chemical_42_2,chemical,primary216,42,full_multitask,BIO_6290,CMP_cfdde373a2a8c04668f0,10.1016/j.scitotenv.2016.05.215,BCF,3.51,3.328785235029963,b47dcb130edb4c7d,False
final_primary216_chemical_42_2,chemical,primary216,42,structure_context,BIO_5694,CMP_cfdde373a2a8c04668f0,10.1021/acs.est.6b01197,BAF,4.32,3.680317636786126,b47dcb130edb4c7d,False
final_primary216_chemical_42_2,chemical,primary216,42,structure_context,BIO_5695,CMP_cfdde373a2a8c04668f0,10.1021/acs.est.6b01197,BAF,2.4700000000000006,2.239041951497517,b47dcb130edb4c7d,False
final_primary216_chemical_42_2,chemical,primary216,42,structure_context,BIO_5696,CMP_cfdde373a2a8c04668f0,10.1021/acs.est.6b01197,BAF,4.35,3.680317636786126,b47dcb130edb4c7d,False
final_primary216_chemical_42_2,chemical,primary216,42,structure_context,BIO_5789,CMP_5bc76544fcbe477197d1,10.1021/acs.est.6b01197,BAF,4.170000000000001,4.624854151073881,b47dcb130edb4c7d,False
final_primary216_chemical_42_2,chemical,primary216,42,structure_context,BIO_5790,CMP_5bc76544fcbe477197d1,10.1021/acs.est.6b01197,BAF,1.84,3.9423271931227815,b47dcb130edb4c7d,False
final_primary216_chemical_42_2,chemical,primary216,42,structure_context,BIO_5791,CMP_5bc76544fcbe477197d1,10.1021/acs.est.6b01197,BAF,4.03,4.624854151073881,b47dcb130edb4c7d,False
final_primary216_chemical_42_2,chemical,primary216,42,structure_context,BIO_6095,CMP_8e58943e0a19095fb6f4,10.1021/acs.est.6b01197,BAF,3.5800000000000005,3.8571398827228474,b47dcb130edb4c7d,False
final_primary216_chemical_42_2,chemical,primary216,42,structure_context,BIO_6096,CMP_8e58943e0a19095fb6f4,10.1021/acs.est.6b01197,BAF,3.3500000000000005,3.8571398827228474,b47dcb130edb4c7d,False
final_primary216_chemical_42_2,chemical,primary216,42,structure_context,BIO_6384,CMP_cfdde373a2a8c04668f0,10.1021/acs.est.5b04299,BAF,3.798000000000001,3.0592660194323305,b47dcb130edb4c7d,False
final_primary216_chemical_42_2,chemical,primary216,42,structure_context,BIO_6385,CMP_cfdde373a2a8c04668f0,10.1021/acs.est.5b04299,BAF,3.3090000000000006,3.4508084014453,b47dcb130edb4c7d,False
final_primary216_chemical_42_2,chemical,primary216,42,structure_context,BIO_6386,CMP_cfdde373a2a8c04668f0,10.1021/acs.est.5b04299,BAF,3.984,3.3019075073339903,b47dcb130edb4c7d,False
final_primary216_chemical_42_2,chemical,primary216,42,structure_context,BIO_6387,CMP_cfdde373a2a8c04668f0,10.1021/acs.est.5b04299,BAF,3.4720000000000004,3.0351378112179996,b47dcb130edb4c7d,False
final_primary216_chemical_42_2,chemical,primary216,42,structure_context,BIO_6388,CMP_cfdde373a2a8c04668f0,10.1021/acs.est.5b04299,BAF,3.4600000000000004,2.9881209855202524,b47dcb130edb4c7d,False
final_primary216_chemical_42_2,chemical,primary216,42,structure_context,BIO_6389,CMP_cfdde373a2a8c04668f0,10.1021/acs.est.5b04299,BAF,3.770000000000001,3.591041497402217,b47dcb130edb4c7d,False
final_primary216_chemical_42_2,chemical,primary216,42,structure_context,BIO_6390,CMP_cfdde373a2a8c04668f0,10.1021/acs.est.5b04299,BAF,3.700000000000001,3.412960517166968,b47dcb130edb4c7d,False
final_primary216_chemical_42_2,chemical,primary216,42,structure_context,BIO_6391,CMP_cfdde373a2a8c04668f0,10.1021/acs.est.5b04299,BAF,3.755000000000001,3.313602303843282,b47dcb130edb4c7d,False
final_primary216_chemical_42_2,chemical,primary216,42,structure_context,BIO_6392,CMP_cfdde373a2a8c04668f0,10.1021/acs.est.5b04299,BAF,3.646000000000001,3.0811079355197197,b47dcb130edb4c7d,False
final_primary216_chemical_42_2,chemical,primary216,42,structure_context,BIO_6393,CMP_cfdde373a2a8c04668f0,10.1021/acs.est.5b04299,BAF,2.870000000000001,2.3140965447230246,b47dcb130edb4c7d,False
final_primary216_chemical_42_2,chemical,primary216,42,structure_context,BIO_6395,CMP_cfdde373a2a8c04668f0,10.1021/acs.est.5b04299,BAF,4.03,3.0592660194323305,b47dcb130edb4c7d,False
final_primary216_chemical_42_2,chemical,primary216,42,structure_context,BIO_6396,CMP_cfdde373a2a8c04668f0,10.1021/acs.est.5b04299,BAF,3.873,3.4508084014453,b47dcb130edb4c7d,False
final_primary216_chemical_42_2,chemical,primary216,42,structure_context,BIO_6397,CMP_cfdde373a2a8c04668f0,10.1021/acs.est.5b04299,BAF,4.301,3.3019075073339903,b47dcb130edb4c7d,False
final_primary216_chemical_42_2,chemical,primary216,42,structure_context,BIO_6398,CMP_cfdde373a2a8c04668f0,10.1021/acs.est.5b04299,BAF,3.838000000000001,3.0351378112179996,b47dcb130edb4c7d,False
final_primary216_chemical_42_2,chemical,primary216,42,structure_context,BIO_6399,CMP_cfdde373a2a8c04668f0,10.1021/acs.est.5b04299,BAF,3.912000000000001,2.9881209855202524,b47dcb130edb4c7d,False
final_primary216_chemical_42_2,chemical,primary216,42,structure_context,BIO_6400,CMP_cfdde373a2a8c04668f0,10.1021/acs.est.5b04299,BAF,4.0600000000000005,3.591041497402217,b47dcb130edb4c7d,False
final_primary216_chemical_42_2,chemical,primary216,42,structure_context,BIO_6401,CMP_cfdde373a2a8c04668f0,10.1021/acs.est.5b04299,BAF,3.954,3.412960517166968,b47dcb130edb4c7d,False
final_primary216_chemical_42_2,chemical,primary216,42,structure_context,BIO_6402,CMP_cfdde373a2a8c04668f0,10.1021/acs.est.5b04299,BAF,4.072000000000001,3.313602303843282,b47dcb130edb4c7d,False
final_primary216_chemical_42_2,chemical,primary216,42,structure_context,BIO_6403,CMP_cfdde373a2a8c04668f0,10.1021/acs.est.5b04299,BAF,3.9650000000000007,3.0811079355197197,b47dcb130edb4c7d,False
final_primary216_chemical_42_2,chemical,primary216,42,structure_context,BIO_6404,CMP_cfdde373a2a8c04668f0,10.1021/acs.est.5b04299,BAF,3.1950000000000003,2.3140965447230246,b47dcb130edb4c7d,False
final_primary216_chemical_42_2,chemical,primary216,42,structure_context,BIO_6407,CMP_cfdde373a2a8c04668f0,10.1021/acs.est.9b04906,BAF,3.7848311781244695,3.128110269357872,b47dcb130edb4c7d,False
final_primary216_chemical_42_2,chemical,primary216,42,structure_context,BIO_6567,CMP_8e58943e0a19095fb6f4,10.1021/acs.est.7b02399,BAF,1.6812412373755872,3.0372051823363364,b47dcb130edb4c7d,False
final_primary216_chemical_42_2,chemical,primary216,42,structure_context,BIO_6568,CMP_8e58943e0a19095fb6f4,10.1021/acs.est.7b02399,BAF,2.6503075231319366,3.0372051823363364,b47dcb130edb4c7d,False
final_primary216_chemical_42_2,chemical,primary216,42,structure_context,BIO_6569,CMP_8e58943e0a19095fb6f4,10.1021/acs.est.7b02399,BAF,2.7860412102425545,3.0372051823363364,b47dcb130edb4c7d,False
final_primary216_chemical_42_2,chemical,primary216,42,structure_context,BIO_6570,CMP_8e58943e0a19095fb6f4,10.1021/acs.est.7b02399,BAF,3.318063334962761,3.0372051823363364,b47dcb130edb4c7d,False
final_primary216_chemical_42_2,chemical,primary216,42,structure_context,BIO_6571,CMP_8e58943e0a19095fb6f4,10.1021/acs.est.7b02399,BAF,3.1398790864012365,3.0372051823363364,b47dcb130edb4c7d,False
final_primary216_chemical_42_2,chemical,primary216,42,structure_context,BIO_6572,CMP_8e58943e0a19095fb6f4,10.1021/acs.est.7b02399,BAF,3.752816431188272,3.0372051823363364,b47dcb130edb4c7d,False
final_primary216_chemical_42_2,chemical,primary216,42,structure_context,BIO_6580,CMP_5bc76544fcbe477197d1,10.1021/acs.est.7b02399,BAF,1.9493900066449128,3.6404588504411204,b47dcb130edb4c7d,False
final_primary216_chemical_42_2,chemical,primary216,42,structure_context,BIO_6581,CMP_5bc76544fcbe477197d1,10.1021/acs.est.7b02399,BAF,3.103803720955957,3.6404588504411204,b47dcb130edb4c7d,False
final_primary216_chemical_42_2,chemical,primary216,42,structure_context,BIO_6582,CMP_5bc76544fcbe477197d1,10.1021/acs.est.7b02399,BAF,3.3502480183341627,3.6404588504411204,b47dcb130edb4c7d,False
final_primary216_chemical_42_2,chemical,primary216,42,structure_context,BIO_6583,CMP_5bc76544fcbe477197d1,10.1021/acs.est.7b02399,BAF,3.505149978319906,3.6404588504411204,b47dcb130edb4c7d,False
final_primary216_chemical_42_2,chemical,primary216,42,structure_context,BIO_6584,CMP_5bc76544fcbe477197d1,10.1021/acs.est.7b02399,BAF,3.45484486000851,3.6404588504411204,b47dcb130edb4c7d,False
final_primary216_chemical_42_2,chemical,primary216,42,structure_context,BIO_6585,CMP_5bc76544fcbe477197d1,10.1021/acs.est.7b02399,BAF,3.8674674878590514,3.6404588504411204,b47dcb130edb4c7d,False
final_primary216_chemical_42_2,chemical,primary216,42,structure_context,BIO_6629,CMP_cfdde373a2a8c04668f0,10.1021/acs.est.7b02399,BAF,2.0863598306747484,2.9852661786359582,b47dcb130edb4c7d,False
final_primary216_chemical_42_2,chemical,primary216,42,structure_context,BIO_6630,CMP_cfdde373a2a8c04668f0,10.1021/acs.est.7b02399,BAF,3.1398790864012365,2.9852661786359582,b47dcb130edb4c7d,False
final_primary216_chemical_42_2,chemical,primary216,42,structure_context,BIO_6631,CMP_cfdde373a2a8c04668f0,10.1021/acs.est.7b02399,BAF,3.551449997972876,2.9852661786359582,b47dcb130edb4c7d,False
final_primary216_chemical_42_2,chemical,primary216,42,structure_context,BIO_6632,CMP_cfdde373a2a8c04668f0,10.1021/acs.est.7b02399,BAF,3.376576957056512,2.9852661786359582,b47dcb130edb4c7d,False
final_primary216_chemical_42_2,chemical,primary216,42,structure_context,BIO_6633,CMP_cfdde373a2a8c04668f0,10.1021/acs.est.7b02399,BAF,3.447623097760286,2.9852661786359582,b47dcb130edb4c7d,False
final_primary216_chemical_42_2,chemical,primary216,42,structure_context,BIO_6634,CMP_cfdde373a2a8c04668f0,10.1021/acs.est.7b02399,BAF,3.851869600729766,2.9852661786359582,b47dcb130edb4c7d,False
final_primary216_chemical_42_2,chemical,primary216,42,structure_context,BIO_6709,CMP_1e0abf78953775c0134f,10.1021/acs.est.7b02259,BAF,0.56,0.4068065329891932,b47dcb130edb4c7d,False
final_primary216_chemical_42_2,chemical,primary216,42,structure_context,BIO_6710,CMP_1e0abf78953775c0134f,10.1021/acs.est.7b02259,BAF,0.0099999999999999,0.050367795891615774,b47dcb130edb4c7d,False
final_primary216_chemical_42_2,chemical,primary216,42,structure_context,BIO_6719,CMP_8e58943e0a19095fb6f4,10.1021/acs.est.7b02259,BAF,3.01,2.778114930604766,b47dcb130edb4c7d,False
final_primary216_chemical_42_2,chemical,primary216,42,structure_context,BIO_6720,CMP_8e58943e0a19095fb6f4,10.1021/acs.est.7b02259,BAF,2.42,2.1056221094004766,b47dcb130edb4c7d,False
final_primary216_chemical_42_2,chemical,primary216,42,structure_context,BIO_6721,CMP_8e58943e0a19095fb6f4,10.1021/acs.est.7b02259,BAF,1.6800000000000002,1.1426251576587965,b47dcb130edb4c7d,False
final_primary216_chemical_42_2,chemical,primary216,42,structure_context,BIO_6722,CMP_5bc76544fcbe477197d1,10.1021/acs.est.7b02259,BAF,3.9,3.849466979802828,b47dcb130edb4c7d,False
final_primary216_chemical_42_2,chemical,primary216,42,structure_context,BIO_6723,CMP_5bc76544fcbe477197d1,10.1021/acs.est.7b02259,BAF,3.390000000000001,3.226255577770801,b47dcb130edb4c7d,False
final_primary216_chemical_42_2,chemical,primary216,42,structure_context,BIO_6724,CMP_5bc76544fcbe477197d1,10.1021/acs.est.7b02259,BAF,2.64,1.993209201801567,b47dcb130edb4c7d,False
final_primary216_chemical_42_2,chemical,primary216,42,structure_context,BIO_6740,CMP_cfdde373a2a8c04668f0,10.1021/acs.est.7b02259,BAF,3.86,3.3019075073339903,b47dcb130edb4c7d,False
final_primary216_chemical_42_2,chemical,primary216,42,structure_context,BIO_6741,CMP_cfdde373a2a8c04668f0,10.1021/acs.est.7b02259,BAF,3.65,3.0811079355197197,b47dcb130edb4c7d,False
final_primary216_chemical_42_2,chemical,primary216,42,structure_context,BIO_6742,CMP_cfdde373a2a8c04668f0,10.1021/acs.est.7b02259,BAF,2.7300000000000004,2.3140965447230246,b47dcb130edb4c7d,False
final_primary216_chemical_42_2,chemical,primary216,42,structure_context,BIO_5771,CMP_5bc76544fcbe477197d1,10.1016/j.scitotenv.2016.05.215,BCF,4.04,3.784566407991409,b47dcb130edb4c7d,False
final_primary216_chemical_42_2,chemical,primary216,42,structure_context,BIO_5772,CMP_5bc76544fcbe477197d1,10.1016/j.scitotenv.2016.05.215,BCF,4.36,3.784566407991409,b47dcb130edb4c7d,False
final_primary216_chemical_42_2,chemical,primary216,42,structure_context,BIO_5773,CMP_5bc76544fcbe477197d1,10.1016/j.scitotenv.2016.05.215,BCF,3.41,2.9517732040513525,b47dcb130edb4c7d,False
final_primary216_chemical_42_2,chemical,primary216,42,structure_context,BIO_5774,CMP_5bc76544fcbe477197d1,10.1016/j.scitotenv.2016.05.215,BCF,3.79,2.9517732040513525,b47dcb130edb4c7d,False
final_primary216_chemical_42_2,chemical,primary216,42,structure_context,BIO_5775,CMP_5bc76544fcbe477197d1,10.1016/j.scitotenv.2016.05.215,BCF,4.0,3.5411638806390586,b47dcb130edb4c7d,False
final_primary216_chemical_42_2,chemical,primary216,42,structure_context,BIO_5776,CMP_5bc76544fcbe477197d1,10.1016/j.scitotenv.2016.05.215,BCF,3.99,3.5411638806390586,b47dcb130edb4c7d,False
final_primary216_chemical_42_2,chemical,primary216,42,structure_context,BIO_6077,CMP_8e58943e0a19095fb6f4,10.1016/j.scitotenv.2016.05.215,BCF,3.18,3.234570209938862,b47dcb130edb4c7d,False
final_primary216_chemical_42_2,chemical,primary216,42,structure_context,BIO_6078,CMP_8e58943e0a19095fb6f4,10.1016/j.scitotenv.2016.05.215,BCF,3.45,3.234570209938862,b47dcb130edb4c7d,False
final_primary216_chemical_42_2,chemical,primary216,42,structure_context,BIO_6079,CMP_8e58943e0a19095fb6f4,10.1016/j.scitotenv.2016.05.215,BCF,2.64,2.0350024937649107,b47dcb130edb4c7d,False
final_primary216_chemical_42_2,chemical,primary216,42,structure_context,BIO_6080,CMP_8e58943e0a19095fb6f4,10.1016/j.scitotenv.2016.05.215,BCF,2.85,2.0350024937649107,b47dcb130edb4c7d,False
final_primary216_chemical_42_2,chemical,primary216,42,structure_context,BIO_6081,CMP_8e58943e0a19095fb6f4,10.1016/j.scitotenv.2016.05.215,BCF,3.33,2.86315204232038,b47dcb130edb4c7d,False
final_primary216_chemical_42_2,chemical,primary216,42,structure_context,BIO_6082,CMP_8e58943e0a19095fb6f4,10.1016/j.scitotenv.2016.05.215,BCF,3.37,2.86315204232038,b47dcb130edb4c7d,False
final_primary216_chemical_42_2,chemical,primary216,42,structure_context,BIO_6285,CMP_cfdde373a2a8c04668f0,10.1016/j.scitotenv.2016.05.215,BCF,3.64,3.1137259263810697,b47dcb130edb4c7d,False
final_primary216_chemical_42_2,chemical,primary216,42,structure_context,BIO_6286,CMP_cfdde373a2a8c04668f0,10.1016/j.scitotenv.2016.05.215,BCF,3.55,3.1137259263810697,b47dcb130edb4c7d,False
final_primary216_chemical_42_2,chemical,primary216,42,structure_context,BIO_6287,CMP_cfdde373a2a8c04668f0,10.1016/j.scitotenv.2016.05.215,BCF,2.86,2.267103786335774,b47dcb130edb4c7d,False
final_primary216_chemical_42_2,chemical,primary216,42,structure_context,BIO_6288,CMP_cfdde373a2a8c04668f0,10.1016/j.scitotenv.2016.05.215,BCF,2.73,2.267103786335774,b47dcb130edb4c7d,False
final_primary216_chemical_42_2,chemical,primary216,42,structure_context,BIO_6289,CMP_cfdde373a2a8c04668f0,10.1016/j.scitotenv.2016.05.215,BCF,3.82,3.1133589886185167,b47dcb130edb4c7d,False
final_primary216_chemical_42_2,chemical,primary216,42,structure_context,BIO_6290,CMP_cfdde373a2a8c04668f0,10.1016/j.scitotenv.2016.05.215,BCF,3.51,3.1133589886185167,b47dcb130edb4c7d,False
final_primary216_chemical_42_2,chemical,primary216,42,transport_context,BIO_5694,CMP_cfdde373a2a8c04668f0,10.1021/acs.est.6b01197,BAF,4.32,3.9234283769161076,b47dcb130edb4c7d,False
final_primary216_chemical_42_2,chemical,primary216,42,transport_context,BIO_5695,CMP_cfdde373a2a8c04668f0,10.1021/acs.est.6b01197,BAF,2.4700000000000006,2.8152714771428804,b47dcb130edb4c7d,False
final_primary216_chemical_42_2,chemical,primary216,42,transport_context,BIO_5696,CMP_cfdde373a2a8c04668f0,10.1021/acs.est.6b01197,BAF,4.35,4.108222755836708,b47dcb130edb4c7d,False
final_primary216_chemical_42_2,chemical,primary216,42,transport_context,BIO_5789,CMP_5bc76544fcbe477197d1,10.1021/acs.est.6b01197,BAF,4.170000000000001,3.920964045137568,b47dcb130edb4c7d,False
final_primary216_chemical_42_2,chemical,primary216,42,transport_context,BIO_5790,CMP_5bc76544fcbe477197d1,10.1021/acs.est.6b01197,BAF,1.84,2.8749204408795577,b47dcb130edb4c7d,False
final_primary216_chemical_42_2,chemical,primary216,42,transport_context,BIO_5791,CMP_5bc76544fcbe477197d1,10.1021/acs.est.6b01197,BAF,4.03,3.994246069240389,b47dcb130edb4c7d,False
final_primary216_chemical_42_2,chemical,primary216,42,transport_context,BIO_6095,CMP_8e58943e0a19095fb6f4,10.1021/acs.est.6b01197,BAF,3.5800000000000005,2.02303980021867,b47dcb130edb4c7d,False
final_primary216_chemical_42_2,chemical,primary216,42,transport_context,BIO_6096,CMP_8e58943e0a19095fb6f4,10.1021/acs.est.6b01197,BAF,3.3500000000000005,1.9721912642248547,b47dcb130edb4c7d,False
final_primary216_chemical_42_2,chemical,primary216,42,transport_context,BIO_6384,CMP_cfdde373a2a8c04668f0,10.1021/acs.est.5b04299,BAF,3.798000000000001,3.9658249383527866,b47dcb130edb4c7d,False
final_primary216_chemical_42_2,chemical,primary216,42,transport_context,BIO_6385,CMP_cfdde373a2a8c04668f0,10.1021/acs.est.5b04299,BAF,3.3090000000000006,3.630163502397905,b47dcb130edb4c7d,False
final_primary216_chemical_42_2,chemical,primary216,42,transport_context,BIO_6386,CMP_cfdde373a2a8c04668f0,10.1021/acs.est.5b04299,BAF,3.984,3.5305693826221543,b47dcb130edb4c7d,False
final_primary216_chemical_42_2,chemical,primary216,42,transport_context,BIO_6387,CMP_cfdde373a2a8c04668f0,10.1021/acs.est.5b04299,BAF,3.4720000000000004,3.905605089276785,b47dcb130edb4c7d,False
final_primary216_chemical_42_2,chemical,primary216,42,transport_context,BIO_6388,CMP_cfdde373a2a8c04668f0,10.1021/acs.est.5b04299,BAF,3.4600000000000004,3.813630892150405,b47dcb130edb4c7d,False
final_primary216_chemical_42_2,chemical,primary216,42,transport_context,BIO_6389,CMP_cfdde373a2a8c04668f0,10.1021/acs.est.5b04299,BAF,3.770000000000001,4.101780587511184,b47dcb130edb4c7d,False
final_primary216_chemical_42_2,chemical,primary216,42,transport_context,BIO_6390,CMP_cfdde373a2a8c04668f0,10.1021/acs.est.5b04299,BAF,3.700000000000001,4.065901069007937,b47dcb130edb4c7d,False
final_primary216_chemical_42_2,chemical,primary216,42,transport_context,BIO_6391,CMP_cfdde373a2a8c04668f0,10.1021/acs.est.5b04299,BAF,3.755000000000001,4.0522133287086,b47dcb130edb4c7d,False
final_primary216_chemical_42_2,chemical,primary216,42,transport_context,BIO_6392,CMP_cfdde373a2a8c04668f0,10.1021/acs.est.5b04299,BAF,3.646000000000001,3.608183645276593,b47dcb130edb4c7d,False
final_primary216_chemical_42_2,chemical,primary216,42,transport_context,BIO_6393,CMP_cfdde373a2a8c04668f0,10.1021/acs.est.5b04299,BAF,2.870000000000001,2.7323966470914707,b47dcb130edb4c7d,False
final_primary216_chemical_42_2,chemical,primary216,42,transport_context,BIO_6395,CMP_cfdde373a2a8c04668f0,10.1021/acs.est.5b04299,BAF,4.03,3.9487833165723605,b47dcb130edb4c7d,False
final_primary216_chemical_42_2,chemical,primary216,42,transport_context,BIO_6396,CMP_cfdde373a2a8c04668f0,10.1021/acs.est.5b04299,BAF,3.873,3.7026184170327294,b47dcb130edb4c7d,False
final_primary216_chemical_42_2,chemical,primary216,42,transport_context,BIO_6397,CMP_cfdde373a2a8c04668f0,10.1021/acs.est.5b04299,BAF,4.301,3.5305857530561413,b47dcb130edb4c7d,False
final_primary216_chemical_42_2,chemical,primary216,42,transport_context,BIO_6398,CMP_cfdde373a2a8c04668f0,10.1021/acs.est.5b04299,BAF,3.838000000000001,3.872781742941465,b47dcb130edb4c7d,False
final_primary216_chemical_42_2,chemical,primary216,42,transport_context,BIO_6399,CMP_cfdde373a2a8c04668f0,10.1021/acs.est.5b04299,BAF,3.912000000000001,3.826375856472756,b47dcb130edb4c7d,False
final_primary216_chemical_42_2,chemical,primary216,42,transport_context,BIO_6400,CMP_cfdde373a2a8c04668f0,10.1021/acs.est.5b04299,BAF,4.0600000000000005,4.135515936985833,b47dcb130edb4c7d,False
final_primary216_chemical_42_2,chemical,primary216,42,transport_context,BIO_6401,CMP_cfdde373a2a8c04668f0,10.1021/acs.est.5b04299,BAF,3.954,3.998432338088956,b47dcb130edb4c7d,False
final_primary216_chemical_42_2,chemical,primary216,42,transport_context,BIO_6402,CMP_cfdde373a2a8c04668f0,10.1021/acs.est.5b04299,BAF,4.072000000000001,4.083039034817894,b47dcb130edb4c7d,False
final_primary216_chemical_42_2,chemical,primary216,42,transport_context,BIO_6403,CMP_cfdde373a2a8c04668f0,10.1021/acs.est.5b04299,BAF,3.9650000000000007,3.6281846479157984,b47dcb130edb4c7d,False
final_primary216_chemical_42_2,chemical,primary216,42,transport_context,BIO_6404,CMP_cfdde373a2a8c04668f0,10.1021/acs.est.5b04299,BAF,3.1950000000000003,2.7294631189945617,b47dcb130edb4c7d,False
final_primary216_chemical_42_2,chemical,primary216,42,transport_context,BIO_6407,CMP_cfdde373a2a8c04668f0,10.1021/acs.est.9b04906,BAF,3.7848311781244695,3.53215288665068,b47dcb130edb4c7d,False
final_primary216_chemical_42_2,chemical,primary216,42,transport_context,BIO_6567,CMP_8e58943e0a19095fb6f4,10.1021/acs.est.7b02399,BAF,1.6812412373755872,2.4335592947352915,b47dcb130edb4c7d,False
final_primary216_chemical_42_2,chemical,primary216,42,transport_context,BIO_6568,CMP_8e58943e0a19095fb6f4,10.1021/acs.est.7b02399,BAF,2.6503075231319366,2.4351611819560812,b47dcb130edb4c7d,False
final_primary216_chemical_42_2,chemical,primary216,42,transport_context,BIO_6569,CMP_8e58943e0a19095fb6f4,10.1021/acs.est.7b02399,BAF,2.7860412102425545,2.4838183161937293,b47dcb130edb4c7d,False
final_primary216_chemical_42_2,chemical,primary216,42,transport_context,BIO_6570,CMP_8e58943e0a19095fb6f4,10.1021/acs.est.7b02399,BAF,3.318063334962761,2.3961342462430135,b47dcb130edb4c7d,False
final_primary216_chemical_42_2,chemical,primary216,42,transport_context,BIO_6571,CMP_8e58943e0a19095fb6f4,10.1021/acs.est.7b02399,BAF,3.1398790864012365,2.5083437310720527,b47dcb130edb4c7d,False
final_primary216_chemical_42_2,chemical,primary216,42,transport_context,BIO_6572,CMP_8e58943e0a19095fb6f4,10.1021/acs.est.7b02399,BAF,3.752816431188272,2.386841028181979,b47dcb130edb4c7d,False
final_primary216_chemical_42_2,chemical,primary216,42,transport_context,BIO_6580,CMP_5bc76544fcbe477197d1,10.1021/acs.est.7b02399,BAF,1.9493900066449128,3.405774433382233,b47dcb130edb4c7d,False
final_primary216_chemical_42_2,chemical,primary216,42,transport_context,BIO_6581,CMP_5bc76544fcbe477197d1,10.1021/acs.est.7b02399,BAF,3.103803720955957,3.4094909244489284,b47dcb130edb4c7d,False
final_primary216_chemical_42_2,chemical,primary216,42,transport_context,BIO_6582,CMP_5bc76544fcbe477197d1,10.1021/acs.est.7b02399,BAF,3.3502480183341627,3.459198807963139,b47dcb130edb4c7d,False
final_primary216_chemical_42_2,chemical,primary216,42,transport_context,BIO_6583,CMP_5bc76544fcbe477197d1,10.1021/acs.est.7b02399,BAF,3.505149978319906,3.4422185976741444,b47dcb130edb4c7d,False
final_primary216_chemical_42_2,chemical,primary216,42,transport_context,BIO_6584,CMP_5bc76544fcbe477197d1,10.1021/acs.est.7b02399,BAF,3.45484486000851,3.456337962804013,b47dcb130edb4c7d,False
final_primary216_chemical_42_2,chemical,primary216,42,transport_context,BIO_6585,CMP_5bc76544fcbe477197d1,10.1021/acs.est.7b02399,BAF,3.8674674878590514,3.1844540156358048,b47dcb130edb4c7d,False
final_primary216_chemical_42_2,chemical,primary216,42,transport_context,BIO_6629,CMP_cfdde373a2a8c04668f0,10.1021/acs.est.7b02399,BAF,2.0863598306747484,3.2423027292324904,b47dcb130edb4c7d,False
final_primary216_chemical_42_2,chemical,primary216,42,transport_context,BIO_6630,CMP_cfdde373a2a8c04668f0,10.1021/acs.est.7b02399,BAF,3.1398790864012365,3.153148602137139,b47dcb130edb4c7d,False
final_primary216_chemical_42_2,chemical,primary216,42,transport_context,BIO_6631,CMP_cfdde373a2a8c04668f0,10.1021/acs.est.7b02399,BAF,3.551449997972876,3.1281624557072005,b47dcb130edb4c7d,False
final_primary216_chemical_42_2,chemical,primary216,42,transport_context,BIO_6632,CMP_cfdde373a2a8c04668f0,10.1021/acs.est.7b02399,BAF,3.376576957056512,3.2274345006126466,b47dcb130edb4c7d,False
final_primary216_chemical_42_2,chemical,primary216,42,transport_context,BIO_6633,CMP_cfdde373a2a8c04668f0,10.1021/acs.est.7b02399,BAF,3.447623097760286,3.381719959212786,b47dcb130edb4c7d,False
final_primary216_chemical_42_2,chemical,primary216,42,transport_context,BIO_6634,CMP_cfdde373a2a8c04668f0,10.1021/acs.est.7b02399,BAF,3.851869600729766,3.3466414737758576,b47dcb130edb4c7d,False
final_primary216_chemical_42_2,chemical,primary216,42,transport_context,BIO_6709,CMP_1e0abf78953775c0134f,10.1021/acs.est.7b02259,BAF,0.56,0.5392333248802816,b47dcb130edb4c7d,False
final_primary216_chemical_42_2,chemical,primary216,42,transport_context,BIO_6710,CMP_1e0abf78953775c0134f,10.1021/acs.est.7b02259,BAF,0.0099999999999999,0.4550077103851389,b47dcb130edb4c7d,False
final_primary216_chemical_42_2,chemical,primary216,42,transport_context,BIO_6719,CMP_8e58943e0a19095fb6f4,10.1021/acs.est.7b02259,BAF,3.01,1.3550724199966175,b47dcb130edb4c7d,False
final_primary216_chemical_42_2,chemical,primary216,42,transport_context,BIO_6720,CMP_8e58943e0a19095fb6f4,10.1021/acs.est.7b02259,BAF,2.42,0.8273477746072313,b47dcb130edb4c7d,False
final_primary216_chemical_42_2,chemical,primary216,42,transport_context,BIO_6721,CMP_8e58943e0a19095fb6f4,10.1021/acs.est.7b02259,BAF,1.6800000000000002,0.3046015302683496,b47dcb130edb4c7d,False
final_primary216_chemical_42_2,chemical,primary216,42,transport_context,BIO_6722,CMP_5bc76544fcbe477197d1,10.1021/acs.est.7b02259,BAF,3.9,3.48523859980516,b47dcb130edb4c7d,False
final_primary216_chemical_42_2,chemical,primary216,42,transport_context,BIO_6723,CMP_5bc76544fcbe477197d1,10.1021/acs.est.7b02259,BAF,3.390000000000001,1.9943102253070943,b47dcb130edb4c7d,False
final_primary216_chemical_42_2,chemical,primary216,42,transport_context,BIO_6724,CMP_5bc76544fcbe477197d1,10.1021/acs.est.7b02259,BAF,2.64,1.3178317401625208,b47dcb130edb4c7d,False
final_primary216_chemical_42_2,chemical,primary216,42,transport_context,BIO_6740,CMP_cfdde373a2a8c04668f0,10.1021/acs.est.7b02259,BAF,3.86,3.6878729498948024,b47dcb130edb4c7d,False
final_primary216_chemical_42_2,chemical,primary216,42,transport_context,BIO_6741,CMP_cfdde373a2a8c04668f0,10.1021/acs.est.7b02259,BAF,3.65,3.5841731610574907,b47dcb130edb4c7d,False
final_primary216_chemical_42_2,chemical,primary216,42,transport_context,BIO_6742,CMP_cfdde373a2a8c04668f0,10.1021/acs.est.7b02259,BAF,2.7300000000000004,2.875636088266966,b47dcb130edb4c7d,False
final_primary216_chemical_42_2,chemical,primary216,42,transport_context,BIO_5771,CMP_5bc76544fcbe477197d1,10.1016/j.scitotenv.2016.05.215,BCF,4.04,3.5818950482147995,b47dcb130edb4c7d,False
final_primary216_chemical_42_2,chemical,primary216,42,transport_context,BIO_5772,CMP_5bc76544fcbe477197d1,10.1016/j.scitotenv.2016.05.215,BCF,4.36,3.3917764118671343,b47dcb130edb4c7d,False
final_primary216_chemical_42_2,chemical,primary216,42,transport_context,BIO_5773,CMP_5bc76544fcbe477197d1,10.1016/j.scitotenv.2016.05.215,BCF,3.41,2.448832974660117,b47dcb130edb4c7d,False
final_primary216_chemical_42_2,chemical,primary216,42,transport_context,BIO_5774,CMP_5bc76544fcbe477197d1,10.1016/j.scitotenv.2016.05.215,BCF,3.79,2.05270812621076,b47dcb130edb4c7d,False
final_primary216_chemical_42_2,chemical,primary216,42,transport_context,BIO_5775,CMP_5bc76544fcbe477197d1,10.1016/j.scitotenv.2016.05.215,BCF,4.0,3.04381791668163,b47dcb130edb4c7d,False
final_primary216_chemical_42_2,chemical,primary216,42,transport_context,BIO_5776,CMP_5bc76544fcbe477197d1,10.1016/j.scitotenv.2016.05.215,BCF,3.99,3.193886742030727,b47dcb130edb4c7d,False
final_primary216_chemical_42_2,chemical,primary216,42,transport_context,BIO_6077,CMP_8e58943e0a19095fb6f4,10.1016/j.scitotenv.2016.05.215,BCF,3.18,2.225730959603597,b47dcb130edb4c7d,False
final_primary216_chemical_42_2,chemical,primary216,42,transport_context,BIO_6078,CMP_8e58943e0a19095fb6f4,10.1016/j.scitotenv.2016.05.215,BCF,3.45,2.1516295259774214,b47dcb130edb4c7d,False
final_primary216_chemical_42_2,chemical,primary216,42,transport_context,BIO_6079,CMP_8e58943e0a19095fb6f4,10.1016/j.scitotenv.2016.05.215,BCF,2.64,1.3497906716523707,b47dcb130edb4c7d,False
final_primary216_chemical_42_2,chemical,primary216,42,transport_context,BIO_6080,CMP_8e58943e0a19095fb6f4,10.1016/j.scitotenv.2016.05.215,BCF,2.85,1.3414859084712554,b47dcb130edb4c7d,False
final_primary216_chemical_42_2,chemical,primary216,42,transport_context,BIO_6081,CMP_8e58943e0a19095fb6f4,10.1016/j.scitotenv.2016.05.215,BCF,3.33,1.9143432257411508,b47dcb130edb4c7d,False
final_primary216_chemical_42_2,chemical,primary216,42,transport_context,BIO_6082,CMP_8e58943e0a19095fb6f4,10.1016/j.scitotenv.2016.05.215,BCF,3.37,1.8843259683742388,b47dcb130edb4c7d,False
final_primary216_chemical_42_2,chemical,primary216,42,transport_context,BIO_6285,CMP_cfdde373a2a8c04668f0,10.1016/j.scitotenv.2016.05.215,BCF,3.64,3.979208846743652,b47dcb130edb4c7d,False
final_primary216_chemical_42_2,chemical,primary216,42,transport_context,BIO_6286,CMP_cfdde373a2a8c04668f0,10.1016/j.scitotenv.2016.05.215,BCF,3.55,4.043698169719979,b47dcb130edb4c7d,False
final_primary216_chemical_42_2,chemical,primary216,42,transport_context,BIO_6287,CMP_cfdde373a2a8c04668f0,10.1016/j.scitotenv.2016.05.215,BCF,2.86,3.4337263418146247,b47dcb130edb4c7d,False
final_primary216_chemical_42_2,chemical,primary216,42,transport_context,BIO_6288,CMP_cfdde373a2a8c04668f0,10.1016/j.scitotenv.2016.05.215,BCF,2.73,3.1463633031777207,b47dcb130edb4c7d,False
final_primary216_chemical_42_2,chemical,primary216,42,transport_context,BIO_6289,CMP_cfdde373a2a8c04668f0,10.1016/j.scitotenv.2016.05.215,BCF,3.82,3.6671896302516,b47dcb130edb4c7d,False
final_primary216_chemical_42_2,chemical,primary216,42,transport_context,BIO_6290,CMP_cfdde373a2a8c04668f0,10.1016/j.scitotenv.2016.05.215,BCF,3.51,3.6846426875778127,b47dcb130edb4c7d,False
final_primary216_chemical_42_2,chemical,primary216,42,full_single_task,BIO_5694,CMP_cfdde373a2a8c04668f0,10.1021/acs.est.6b01197,BAF,4.32,3.7130403004796304,b47dcb130edb4c7d,False
final_primary216_chemical_42_2,chemical,primary216,42,full_single_task,BIO_5695,CMP_cfdde373a2a8c04668f0,10.1021/acs.est.6b01197,BAF,2.4700000000000006,2.3382402511760887,b47dcb130edb4c7d,False
final_primary216_chemical_42_2,chemical,primary216,42,full_single_task,BIO_5696,CMP_cfdde373a2a8c04668f0,10.1021/acs.est.6b01197,BAF,4.35,3.6717183283231067,b47dcb130edb4c7d,False
final_primary216_chemical_42_2,chemical,primary216,42,full_single_task,BIO_5789,CMP_5bc76544fcbe477197d1,10.1021/acs.est.6b01197,BAF,4.170000000000001,4.812352066912264,b47dcb130edb4c7d,False
final_primary216_chemical_42_2,chemical,primary216,42,full_single_task,BIO_5790,CMP_5bc76544fcbe477197d1,10.1021/acs.est.6b01197,BAF,1.84,3.750613309069255,b47dcb130edb4c7d,False
final_primary216_chemical_42_2,chemical,primary216,42,full_single_task,BIO_5791,CMP_5bc76544fcbe477197d1,10.1021/acs.est.6b01197,BAF,4.03,4.813720205805141,b47dcb130edb4c7d,False
final_primary216_chemical_42_2,chemical,primary216,42,full_single_task,BIO_6095,CMP_8e58943e0a19095fb6f4,10.1021/acs.est.6b01197,BAF,3.5800000000000005,3.465213801890323,b47dcb130edb4c7d,False
final_primary216_chemical_42_2,chemical,primary216,42,full_single_task,BIO_6096,CMP_8e58943e0a19095fb6f4,10.1021/acs.est.6b01197,BAF,3.3500000000000005,3.413415601813417,b47dcb130edb4c7d,False
final_primary216_chemical_42_2,chemical,primary216,42,full_single_task,BIO_6384,CMP_cfdde373a2a8c04668f0,10.1021/acs.est.5b04299,BAF,3.798000000000001,3.3668946079352393,b47dcb130edb4c7d,False
final_primary216_chemical_42_2,chemical,primary216,42,full_single_task,BIO_6385,CMP_cfdde373a2a8c04668f0,10.1021/acs.est.5b04299,BAF,3.3090000000000006,3.335405407241895,b47dcb130edb4c7d,False
final_primary216_chemical_42_2,chemical,primary216,42,full_single_task,BIO_6386,CMP_cfdde373a2a8c04668f0,10.1021/acs.est.5b04299,BAF,3.984,3.414791299731824,b47dcb130edb4c7d,False
final_primary216_chemical_42_2,chemical,primary216,42,full_single_task,BIO_6387,CMP_cfdde373a2a8c04668f0,10.1021/acs.est.5b04299,BAF,3.4720000000000004,2.7332499224170697,b47dcb130edb4c7d,False
final_primary216_chemical_42_2,chemical,primary216,42,full_single_task,BIO_6388,CMP_cfdde373a2a8c04668f0,10.1021/acs.est.5b04299,BAF,3.4600000000000004,2.955518662407737,b47dcb130edb4c7d,False
final_primary216_chemical_42_2,chemical,primary216,42,full_single_task,BIO_6389,CMP_cfdde373a2a8c04668f0,10.1021/acs.est.5b04299,BAF,3.770000000000001,3.4670327539093058,b47dcb130edb4c7d,False
final_primary216_chemical_42_2,chemical,primary216,42,full_single_task,BIO_6390,CMP_cfdde373a2a8c04668f0,10.1021/acs.est.5b04299,BAF,3.700000000000001,3.2649321425867845,b47dcb130edb4c7d,False
final_primary216_chemical_42_2,chemical,primary216,42,full_single_task,BIO_6391,CMP_cfdde373a2a8c04668f0,10.1021/acs.est.5b04299,BAF,3.755000000000001,3.333566271730189,b47dcb130edb4c7d,False
final_primary216_chemical_42_2,chemical,primary216,42,full_single_task,BIO_6392,CMP_cfdde373a2a8c04668f0,10.1021/acs.est.5b04299,BAF,3.646000000000001,3.0860622281988612,b47dcb130edb4c7d,False
final_primary216_chemical_42_2,chemical,primary216,42,full_single_task,BIO_6393,CMP_cfdde373a2a8c04668f0,10.1021/acs.est.5b04299,BAF,2.870000000000001,2.61743294856403,b47dcb130edb4c7d,False
final_primary216_chemical_42_2,chemical,primary216,42,full_single_task,BIO_6395,CMP_cfdde373a2a8c04668f0,10.1021/acs.est.5b04299,BAF,4.03,3.364160946735245,b47dcb130edb4c7d,False
final_primary216_chemical_42_2,chemical,primary216,42,full_single_task,BIO_6396,CMP_cfdde373a2a8c04668f0,10.1021/acs.est.5b04299,BAF,3.873,3.297036162659846,b47dcb130edb4c7d,False
final_primary216_chemical_42_2,chemical,primary216,42,full_single_task,BIO_6397,CMP_cfdde373a2a8c04668f0,10.1021/acs.est.5b04299,BAF,4.301,3.370510069718416,b47dcb130edb4c7d,False
final_primary216_chemical_42_2,chemical,primary216,42,full_single_task,BIO_6398,CMP_cfdde373a2a8c04668f0,10.1021/acs.est.5b04299,BAF,3.838000000000001,2.777378350531276,b47dcb130edb4c7d,False
final_primary216_chemical_42_2,chemical,primary216,42,full_single_task,BIO_6399,CMP_cfdde373a2a8c04668f0,10.1021/acs.est.5b04299,BAF,3.912000000000001,3.0301195799175895,b47dcb130edb4c7d,False
final_primary216_chemical_42_2,chemical,primary216,42,full_single_task,BIO_6400,CMP_cfdde373a2a8c04668f0,10.1021/acs.est.5b04299,BAF,4.0600000000000005,3.4696914957734313,b47dcb130edb4c7d,False
final_primary216_chemical_42_2,chemical,primary216,42,full_single_task,BIO_6401,CMP_cfdde373a2a8c04668f0,10.1021/acs.est.5b04299,BAF,3.954,3.257119733154182,b47dcb130edb4c7d,False
final_primary216_chemical_42_2,chemical,primary216,42,full_single_task,BIO_6402,CMP_cfdde373a2a8c04668f0,10.1021/acs.est.5b04299,BAF,4.072000000000001,3.273679165143361,b47dcb130edb4c7d,False
final_primary216_chemical_42_2,chemical,primary216,42,full_single_task,BIO_6403,CMP_cfdde373a2a8c04668f0,10.1021/acs.est.5b04299,BAF,3.9650000000000007,3.094460439746019,b47dcb130edb4c7d,False
final_primary216_chemical_42_2,chemical,primary216,42,full_single_task,BIO_6404,CMP_cfdde373a2a8c04668f0,10.1021/acs.est.5b04299,BAF,3.1950000000000003,2.5890743026389407,b47dcb130edb4c7d,False
final_primary216_chemical_42_2,chemical,primary216,42,full_single_task,BIO_6407,CMP_cfdde373a2a8c04668f0,10.1021/acs.est.9b04906,BAF,3.7848311781244695,3.1355092526493658,b47dcb130edb4c7d,False
final_primary216_chemical_42_2,chemical,primary216,42,full_single_task,BIO_6567,CMP_8e58943e0a19095fb6f4,10.1021/acs.est.7b02399,BAF,1.6812412373755872,2.867759538937267,b47dcb130edb4c7d,False
final_primary216_chemical_42_2,chemical,primary216,42,full_single_task,BIO_6568,CMP_8e58943e0a19095fb6f4,10.1021/acs.est.7b02399,BAF,2.6503075231319366,2.8794858686595663,b47dcb130edb4c7d,False
final_primary216_chemical_42_2,chemical,primary216,42,full_single_task,BIO_6569,CMP_8e58943e0a19095fb6f4,10.1021/acs.est.7b02399,BAF,2.7860412102425545,2.9089052381966796,b47dcb130edb4c7d,False
final_primary216_chemical_42_2,chemical,primary216,42,full_single_task,BIO_6570,CMP_8e58943e0a19095fb6f4,10.1021/acs.est.7b02399,BAF,3.318063334962761,2.876743999878597,b47dcb130edb4c7d,False
final_primary216_chemical_42_2,chemical,primary216,42,full_single_task,BIO_6571,CMP_8e58943e0a19095fb6f4,10.1021/acs.est.7b02399,BAF,3.1398790864012365,2.9022937298081097,b47dcb130edb4c7d,False
final_primary216_chemical_42_2,chemical,primary216,42,full_single_task,BIO_6572,CMP_8e58943e0a19095fb6f4,10.1021/acs.est.7b02399,BAF,3.752816431188272,2.8851151957368804,b47dcb130edb4c7d,False
final_primary216_chemical_42_2,chemical,primary216,42,full_single_task,BIO_6580,CMP_5bc76544fcbe477197d1,10.1021/acs.est.7b02399,BAF,1.9493900066449128,3.755164066077821,b47dcb130edb4c7d,False
final_primary216_chemical_42_2,chemical,primary216,42,full_single_task,BIO_6581,CMP_5bc76544fcbe477197d1,10.1021/acs.est.7b02399,BAF,3.103803720955957,3.7574826741571004,b47dcb130edb4c7d,False
final_primary216_chemical_42_2,chemical,primary216,42,full_single_task,BIO_6582,CMP_5bc76544fcbe477197d1,10.1021/acs.est.7b02399,BAF,3.3502480183341627,3.7594091074680795,b47dcb130edb4c7d,False
final_primary216_chemical_42_2,chemical,primary216,42,full_single_task,BIO_6583,CMP_5bc76544fcbe477197d1,10.1021/acs.est.7b02399,BAF,3.505149978319906,3.76332495106013,b47dcb130edb4c7d,False
final_primary216_chemical_42_2,chemical,primary216,42,full_single_task,BIO_6584,CMP_5bc76544fcbe477197d1,10.1021/acs.est.7b02399,BAF,3.45484486000851,3.7650878589430863,b47dcb130edb4c7d,False
final_primary216_chemical_42_2,chemical,primary216,42,full_single_task,BIO_6585,CMP_5bc76544fcbe477197d1,10.1021/acs.est.7b02399,BAF,3.8674674878590514,3.73854006927591,b47dcb130edb4c7d,False
final_primary216_chemical_42_2,chemical,primary216,42,full_single_task,BIO_6629,CMP_cfdde373a2a8c04668f0,10.1021/acs.est.7b02399,BAF,2.0863598306747484,3.0537125957060436,b47dcb130edb4c7d,False
final_primary216_chemical_42_2,chemical,primary216,42,full_single_task,BIO_6630,CMP_cfdde373a2a8c04668f0,10.1021/acs.est.7b02399,BAF,3.1398790864012365,3.0601556585908023,b47dcb130edb4c7d,False
final_primary216_chemical_42_2,chemical,primary216,42,full_single_task,BIO_6631,CMP_cfdde373a2a8c04668f0,10.1021/acs.est.7b02399,BAF,3.551449997972876,3.064332914755084,b47dcb130edb4c7d,False
final_primary216_chemical_42_2,chemical,primary216,42,full_single_task,BIO_6632,CMP_cfdde373a2a8c04668f0,10.1021/acs.est.7b02399,BAF,3.376576957056512,3.112583829644455,b47dcb130edb4c7d,False
final_primary216_chemical_42_2,chemical,primary216,42,full_single_task,BIO_6633,CMP_cfdde373a2a8c04668f0,10.1021/acs.est.7b02399,BAF,3.447623097760286,3.104796288958565,b47dcb130edb4c7d,False
final_primary216_chemical_42_2,chemical,primary216,42,full_single_task,BIO_6634,CMP_cfdde373a2a8c04668f0,10.1021/acs.est.7b02399,BAF,3.851869600729766,3.142218178538547,b47dcb130edb4c7d,False
final_primary216_chemical_42_2,chemical,primary216,42,full_single_task,BIO_6709,CMP_1e0abf78953775c0134f,10.1021/acs.est.7b02259,BAF,0.56,0.3037839031282359,b47dcb130edb4c7d,False
final_primary216_chemical_42_2,chemical,primary216,42,full_single_task,BIO_6710,CMP_1e0abf78953775c0134f,10.1021/acs.est.7b02259,BAF,0.0099999999999999,-0.206539597124475,b47dcb130edb4c7d,False
final_primary216_chemical_42_2,chemical,primary216,42,full_single_task,BIO_6719,CMP_8e58943e0a19095fb6f4,10.1021/acs.est.7b02259,BAF,3.01,2.5247521390985077,b47dcb130edb4c7d,False
final_primary216_chemical_42_2,chemical,primary216,42,full_single_task,BIO_6720,CMP_8e58943e0a19095fb6f4,10.1021/acs.est.7b02259,BAF,2.42,1.8355807977069782,b47dcb130edb4c7d,False
final_primary216_chemical_42_2,chemical,primary216,42,full_single_task,BIO_6721,CMP_8e58943e0a19095fb6f4,10.1021/acs.est.7b02259,BAF,1.6800000000000002,1.0555027814512727,b47dcb130edb4c7d,False
final_primary216_chemical_42_2,chemical,primary216,42,full_single_task,BIO_6722,CMP_5bc76544fcbe477197d1,10.1021/acs.est.7b02259,BAF,3.9,4.116935404954709,b47dcb130edb4c7d,False
final_primary216_chemical_42_2,chemical,primary216,42,full_single_task,BIO_6723,CMP_5bc76544fcbe477197d1,10.1021/acs.est.7b02259,BAF,3.390000000000001,2.994898412282797,b47dcb130edb4c7d,False
final_primary216_chemical_42_2,chemical,primary216,42,full_single_task,BIO_6724,CMP_5bc76544fcbe477197d1,10.1021/acs.est.7b02259,BAF,2.64,2.0632380717930774,b47dcb130edb4c7d,False
final_primary216_chemical_42_2,chemical,primary216,42,full_single_task,BIO_6740,CMP_cfdde373a2a8c04668f0,10.1021/acs.est.7b02259,BAF,3.86,3.3251371531614877,b47dcb130edb4c7d,False
final_primary216_chemical_42_2,chemical,primary216,42,full_single_task,BIO_6741,CMP_cfdde373a2a8c04668f0,10.1021/acs.est.7b02259,BAF,3.65,3.0799626760600582,b47dcb130edb4c7d,False
final_primary216_chemical_42_2,chemical,primary216,42,full_single_task,BIO_6742,CMP_cfdde373a2a8c04668f0,10.1021/acs.est.7b02259,BAF,2.7300000000000004,2.6030238356981847,b47dcb130edb4c7d,False
final_primary216_chemical_42_2,chemical,primary216,42,full_single_task,BIO_5771,CMP_5bc76544fcbe477197d1,10.1016/j.scitotenv.2016.05.215,BCF,4.04,3.7659938430529203,b47dcb130edb4c7d,False
final_primary216_chemical_42_2,chemical,primary216,42,full_single_task,BIO_5772,CMP_5bc76544fcbe477197d1,10.1016/j.scitotenv.2016.05.215,BCF,4.36,3.741467427122477,b47dcb130edb4c7d,False
final_primary216_chemical_42_2,chemical,primary216,42,full_single_task,BIO_5773,CMP_5bc76544fcbe477197d1,10.1016/j.scitotenv.2016.05.215,BCF,3.41,2.986265308900825,b47dcb130edb4c7d,False
final_primary216_chemical_42_2,chemical,primary216,42,full_single_task,BIO_5774,CMP_5bc76544fcbe477197d1,10.1016/j.scitotenv.2016.05.215,BCF,3.79,2.9459015329965976,b47dcb130edb4c7d,False
final_primary216_chemical_42_2,chemical,primary216,42,full_single_task,BIO_5775,CMP_5bc76544fcbe477197d1,10.1016/j.scitotenv.2016.05.215,BCF,4.0,3.6036695430023817,b47dcb130edb4c7d,False
final_primary216_chemical_42_2,chemical,primary216,42,full_single_task,BIO_5776,CMP_5bc76544fcbe477197d1,10.1016/j.scitotenv.2016.05.215,BCF,3.99,3.6224157813546918,b47dcb130edb4c7d,False
final_primary216_chemical_42_2,chemical,primary216,42,full_single_task,BIO_6077,CMP_8e58943e0a19095fb6f4,10.1016/j.scitotenv.2016.05.215,BCF,3.18,3.0675554276302126,b47dcb130edb4c7d,False
final_primary216_chemical_42_2,chemical,primary216,42,full_single_task,BIO_6078,CMP_8e58943e0a19095fb6f4,10.1016/j.scitotenv.2016.05.215,BCF,3.45,3.054431137554516,b47dcb130edb4c7d,False
final_primary216_chemical_42_2,chemical,primary216,42,full_single_task,BIO_6079,CMP_8e58943e0a19095fb6f4,10.1016/j.scitotenv.2016.05.215,BCF,2.64,2.0393255899553218,b47dcb130edb4c7d,False
final_primary216_chemical_42_2,chemical,primary216,42,full_single_task,BIO_6080,CMP_8e58943e0a19095fb6f4,10.1016/j.scitotenv.2016.05.215,BCF,2.85,2.0505208454001354,b47dcb130edb4c7d,False
final_primary216_chemical_42_2,chemical,primary216,42,full_single_task,BIO_6081,CMP_8e58943e0a19095fb6f4,10.1016/j.scitotenv.2016.05.215,BCF,3.33,2.901294355547502,b47dcb130edb4c7d,False
final_primary216_chemical_42_2,chemical,primary216,42,full_single_task,BIO_6082,CMP_8e58943e0a19095fb6f4,10.1016/j.scitotenv.2016.05.215,BCF,3.37,2.8949790108986195,b47dcb130edb4c7d,False
final_primary216_chemical_42_2,chemical,primary216,42,full_single_task,BIO_6285,CMP_cfdde373a2a8c04668f0,10.1016/j.scitotenv.2016.05.215,BCF,3.64,3.4627797431161866,b47dcb130edb4c7d,False
final_primary216_chemical_42_2,chemical,primary216,42,full_single_task,BIO_6286,CMP_cfdde373a2a8c04668f0,10.1016/j.scitotenv.2016.05.215,BCF,3.55,3.51853832336103,b47dcb130edb4c7d,False
final_primary216_chemical_42_2,chemical,primary216,42,full_single_task,BIO_6287,CMP_cfdde373a2a8c04668f0,10.1016/j.scitotenv.2016.05.215,BCF,2.86,2.61274337831959,b47dcb130edb4c7d,False
final_primary216_chemical_42_2,chemical,primary216,42,full_single_task,BIO_6288,CMP_cfdde373a2a8c04668f0,10.1016/j.scitotenv.2016.05.215,BCF,2.73,2.4996572394775725,b47dcb130edb4c7d,False
final_primary216_chemical_42_2,chemical,primary216,42,full_single_task,BIO_6289,CMP_cfdde373a2a8c04668f0,10.1016/j.scitotenv.2016.05.215,BCF,3.82,3.236080056842347,b47dcb130edb4c7d,False
final_primary216_chemical_42_2,chemical,primary216,42,full_single_task,BIO_6290,CMP_cfdde373a2a8c04668f0,10.1016/j.scitotenv.2016.05.215,BCF,3.51,3.349067097831692,b47dcb130edb4c7d,False
final_primary216_chemical_42_2,chemical,primary216,42,shuffled_auxiliary_labels,BIO_5694,CMP_cfdde373a2a8c04668f0,10.1021/acs.est.6b01197,BAF,4.32,3.311067385750164,adf6351bef04aa49,False
final_primary216_chemical_42_2,chemical,primary216,42,shuffled_auxiliary_labels,BIO_5695,CMP_cfdde373a2a8c04668f0,10.1021/acs.est.6b01197,BAF,2.4700000000000006,2.302704064506951,adf6351bef04aa49,False
final_primary216_chemical_42_2,chemical,primary216,42,shuffled_auxiliary_labels,BIO_5696,CMP_cfdde373a2a8c04668f0,10.1021/acs.est.6b01197,BAF,4.35,3.322716721877369,adf6351bef04aa49,False
final_primary216_chemical_42_2,chemical,primary216,42,shuffled_auxiliary_labels,BIO_5789,CMP_5bc76544fcbe477197d1,10.1021/acs.est.6b01197,BAF,4.170000000000001,4.436220592287606,adf6351bef04aa49,False
final_primary216_chemical_42_2,chemical,primary216,42,shuffled_auxiliary_labels,BIO_5790,CMP_5bc76544fcbe477197d1,10.1021/acs.est.6b01197,BAF,1.84,3.6855741115746006,adf6351bef04aa49,False
final_primary216_chemical_42_2,chemical,primary216,42,shuffled_auxiliary_labels,BIO_5791,CMP_5bc76544fcbe477197d1,10.1021/acs.est.6b01197,BAF,4.03,4.562558566750703,adf6351bef04aa49,False
final_primary216_chemical_42_2,chemical,primary216,42,shuffled_auxiliary_labels,BIO_6095,CMP_8e58943e0a19095fb6f4,10.1021/acs.est.6b01197,BAF,3.5800000000000005,3.3859998660491994,adf6351bef04aa49,False
final_primary216_chemical_42_2,chemical,primary216,42,shuffled_auxiliary_labels,BIO_6096,CMP_8e58943e0a19095fb6f4,10.1021/acs.est.6b01197,BAF,3.3500000000000005,3.2081996991395756,adf6351bef04aa49,False
final_primary216_chemical_42_2,chemical,primary216,42,shuffled_auxiliary_labels,BIO_6384,CMP_cfdde373a2a8c04668f0,10.1021/acs.est.5b04299,BAF,3.798000000000001,3.162856207990459,adf6351bef04aa49,False
final_primary216_chemical_42_2,chemical,primary216,42,shuffled_auxiliary_labels,BIO_6385,CMP_cfdde373a2a8c04668f0,10.1021/acs.est.5b04299,BAF,3.3090000000000006,3.2877810304582096,adf6351bef04aa49,False
final_primary216_chemical_42_2,chemical,primary216,42,shuffled_auxiliary_labels,BIO_6386,CMP_cfdde373a2a8c04668f0,10.1021/acs.est.5b04299,BAF,3.984,3.1350875015163835,adf6351bef04aa49,False
final_primary216_chemical_42_2,chemical,primary216,42,shuffled_auxiliary_labels,BIO_6387,CMP_cfdde373a2a8c04668f0,10.1021/acs.est.5b04299,BAF,3.4720000000000004,2.7832960835057157,adf6351bef04aa49,False
final_primary216_chemical_42_2,chemical,primary216,42,shuffled_auxiliary_labels,BIO_6388,CMP_cfdde373a2a8c04668f0,10.1021/acs.est.5b04299,BAF,3.4600000000000004,2.8841345128123415,adf6351bef04aa49,False
final_primary216_chemical_42_2,chemical,primary216,42,shuffled_auxiliary_labels,BIO_6389,CMP_cfdde373a2a8c04668f0,10.1021/acs.est.5b04299,BAF,3.770000000000001,3.4730171315466976,adf6351bef04aa49,False
final_primary216_chemical_42_2,chemical,primary216,42,shuffled_auxiliary_labels,BIO_6390,CMP_cfdde373a2a8c04668f0,10.1021/acs.est.5b04299,BAF,3.700000000000001,3.1201468359625455,adf6351bef04aa49,False
final_primary216_chemical_42_2,chemical,primary216,42,shuffled_auxiliary_labels,BIO_6391,CMP_cfdde373a2a8c04668f0,10.1021/acs.est.5b04299,BAF,3.755000000000001,3.0836835728309824,adf6351bef04aa49,False
final_primary216_chemical_42_2,chemical,primary216,42,shuffled_auxiliary_labels,BIO_6392,CMP_cfdde373a2a8c04668f0,10.1021/acs.est.5b04299,BAF,3.646000000000001,2.805913045713668,adf6351bef04aa49,False
final_primary216_chemical_42_2,chemical,primary216,42,shuffled_auxiliary_labels,BIO_6393,CMP_cfdde373a2a8c04668f0,10.1021/acs.est.5b04299,BAF,2.870000000000001,2.2389477544101495,adf6351bef04aa49,False
final_primary216_chemical_42_2,chemical,primary216,42,shuffled_auxiliary_labels,BIO_6395,CMP_cfdde373a2a8c04668f0,10.1021/acs.est.5b04299,BAF,4.03,3.1193453332526295,adf6351bef04aa49,False
final_primary216_chemical_42_2,chemical,primary216,42,shuffled_auxiliary_labels,BIO_6396,CMP_cfdde373a2a8c04668f0,10.1021/acs.est.5b04299,BAF,3.873,3.3003271230807942,adf6351bef04aa49,False
final_primary216_chemical_42_2,chemical,primary216,42,shuffled_auxiliary_labels,BIO_6397,CMP_cfdde373a2a8c04668f0,10.1021/acs.est.5b04299,BAF,4.301,3.127035993173449,adf6351bef04aa49,False
final_primary216_chemical_42_2,chemical,primary216,42,shuffled_auxiliary_labels,BIO_6398,CMP_cfdde373a2a8c04668f0,10.1021/acs.est.5b04299,BAF,3.838000000000001,2.6998502562950777,adf6351bef04aa49,False
final_primary216_chemical_42_2,chemical,primary216,42,shuffled_auxiliary_labels,BIO_6399,CMP_cfdde373a2a8c04668f0,10.1021/acs.est.5b04299,BAF,3.912000000000001,2.939227575824855,adf6351bef04aa49,False
final_primary216_chemical_42_2,chemical,primary216,42,shuffled_auxiliary_labels,BIO_6400,CMP_cfdde373a2a8c04668f0,10.1021/acs.est.5b04299,BAF,4.0600000000000005,3.4229182361911925,adf6351bef04aa49,False
final_primary216_chemical_42_2,chemical,primary216,42,shuffled_auxiliary_labels,BIO_6401,CMP_cfdde373a2a8c04668f0,10.1021/acs.est.5b04299,BAF,3.954,3.1451891551214004,adf6351bef04aa49,False
final_primary216_chemical_42_2,chemical,primary216,42,shuffled_auxiliary_labels,BIO_6402,CMP_cfdde373a2a8c04668f0,10.1021/acs.est.5b04299,BAF,4.072000000000001,3.07177882326941,adf6351bef04aa49,False
final_primary216_chemical_42_2,chemical,primary216,42,shuffled_auxiliary_labels,BIO_6403,CMP_cfdde373a2a8c04668f0,10.1021/acs.est.5b04299,BAF,3.9650000000000007,2.8504968492060745,adf6351bef04aa49,False
final_primary216_chemical_42_2,chemical,primary216,42,shuffled_auxiliary_labels,BIO_6404,CMP_cfdde373a2a8c04668f0,10.1021/acs.est.5b04299,BAF,3.1950000000000003,2.12297986841429,adf6351bef04aa49,False
final_primary216_chemical_42_2,chemical,primary216,42,shuffled_auxiliary_labels,BIO_6407,CMP_cfdde373a2a8c04668f0,10.1021/acs.est.9b04906,BAF,3.7848311781244695,2.834067776861308,adf6351bef04aa49,False
final_primary216_chemical_42_2,chemical,primary216,42,shuffled_auxiliary_labels,BIO_6567,CMP_8e58943e0a19095fb6f4,10.1021/acs.est.7b02399,BAF,1.6812412373755872,3.0435485018664754,adf6351bef04aa49,False
final_primary216_chemical_42_2,chemical,primary216,42,shuffled_auxiliary_labels,BIO_6568,CMP_8e58943e0a19095fb6f4,10.1021/acs.est.7b02399,BAF,2.6503075231319366,3.052746538824985,adf6351bef04aa49,False
final_primary216_chemical_42_2,chemical,primary216,42,shuffled_auxiliary_labels,BIO_6569,CMP_8e58943e0a19095fb6f4,10.1021/acs.est.7b02399,BAF,2.7860412102425545,2.929330329004867,adf6351bef04aa49,False
final_primary216_chemical_42_2,chemical,primary216,42,shuffled_auxiliary_labels,BIO_6570,CMP_8e58943e0a19095fb6f4,10.1021/acs.est.7b02399,BAF,3.318063334962761,3.1098727113371636,adf6351bef04aa49,False
final_primary216_chemical_42_2,chemical,primary216,42,shuffled_auxiliary_labels,BIO_6571,CMP_8e58943e0a19095fb6f4,10.1021/acs.est.7b02399,BAF,3.1398790864012365,3.2333169935442516,adf6351bef04aa49,False
final_primary216_chemical_42_2,chemical,primary216,42,shuffled_auxiliary_labels,BIO_6572,CMP_8e58943e0a19095fb6f4,10.1021/acs.est.7b02399,BAF,3.752816431188272,3.2152432628653074,adf6351bef04aa49,False
final_primary216_chemical_42_2,chemical,primary216,42,shuffled_auxiliary_labels,BIO_6580,CMP_5bc76544fcbe477197d1,10.1021/acs.est.7b02399,BAF,1.9493900066449128,3.4525310765266957,adf6351bef04aa49,False
final_primary216_chemical_42_2,chemical,primary216,42,shuffled_auxiliary_labels,BIO_6581,CMP_5bc76544fcbe477197d1,10.1021/acs.est.7b02399,BAF,3.103803720955957,3.5527552120071553,adf6351bef04aa49,False
final_primary216_chemical_42_2,chemical,primary216,42,shuffled_auxiliary_labels,BIO_6582,CMP_5bc76544fcbe477197d1,10.1021/acs.est.7b02399,BAF,3.3502480183341627,3.5421719500743936,adf6351bef04aa49,False
final_primary216_chemical_42_2,chemical,primary216,42,shuffled_auxiliary_labels,BIO_6583,CMP_5bc76544fcbe477197d1,10.1021/acs.est.7b02399,BAF,3.505149978319906,3.5913076958663517,adf6351bef04aa49,False
final_primary216_chemical_42_2,chemical,primary216,42,shuffled_auxiliary_labels,BIO_6584,CMP_5bc76544fcbe477197d1,10.1021/acs.est.7b02399,BAF,3.45484486000851,3.6998577177798793,adf6351bef04aa49,False
final_primary216_chemical_42_2,chemical,primary216,42,shuffled_auxiliary_labels,BIO_6585,CMP_5bc76544fcbe477197d1,10.1021/acs.est.7b02399,BAF,3.8674674878590514,3.700080955036789,adf6351bef04aa49,False
final_primary216_chemical_42_2,chemical,primary216,42,shuffled_auxiliary_labels,BIO_6629,CMP_cfdde373a2a8c04668f0,10.1021/acs.est.7b02399,BAF,2.0863598306747484,3.0499437505601628,adf6351bef04aa49,False
final_primary216_chemical_42_2,chemical,primary216,42,shuffled_auxiliary_labels,BIO_6630,CMP_cfdde373a2a8c04668f0,10.1021/acs.est.7b02399,BAF,3.1398790864012365,3.037341781531408,adf6351bef04aa49,False
final_primary216_chemical_42_2,chemical,primary216,42,shuffled_auxiliary_labels,BIO_6631,CMP_cfdde373a2a8c04668f0,10.1021/acs.est.7b02399,BAF,3.551449997972876,3.069655072555334,adf6351bef04aa49,False
final_primary216_chemical_42_2,chemical,primary216,42,shuffled_auxiliary_labels,BIO_6632,CMP_cfdde373a2a8c04668f0,10.1021/acs.est.7b02399,BAF,3.376576957056512,3.0818533046376864,adf6351bef04aa49,False
final_primary216_chemical_42_2,chemical,primary216,42,shuffled_auxiliary_labels,BIO_6633,CMP_cfdde373a2a8c04668f0,10.1021/acs.est.7b02399,BAF,3.447623097760286,2.990307377744708,adf6351bef04aa49,False
final_primary216_chemical_42_2,chemical,primary216,42,shuffled_auxiliary_labels,BIO_6634,CMP_cfdde373a2a8c04668f0,10.1021/acs.est.7b02399,BAF,3.851869600729766,3.1161584659805777,adf6351bef04aa49,False
final_primary216_chemical_42_2,chemical,primary216,42,shuffled_auxiliary_labels,BIO_6709,CMP_1e0abf78953775c0134f,10.1021/acs.est.7b02259,BAF,0.56,0.5345338473990191,adf6351bef04aa49,False
final_primary216_chemical_42_2,chemical,primary216,42,shuffled_auxiliary_labels,BIO_6710,CMP_1e0abf78953775c0134f,10.1021/acs.est.7b02259,BAF,0.0099999999999999,0.17396296228654728,adf6351bef04aa49,False
final_primary216_chemical_42_2,chemical,primary216,42,shuffled_auxiliary_labels,BIO_6719,CMP_8e58943e0a19095fb6f4,10.1021/acs.est.7b02259,BAF,3.01,2.4146763122270642,adf6351bef04aa49,False
final_primary216_chemical_42_2,chemical,primary216,42,shuffled_auxiliary_labels,BIO_6720,CMP_8e58943e0a19095fb6f4,10.1021/acs.est.7b02259,BAF,2.42,1.8795295088710218,adf6351bef04aa49,False
final_primary216_chemical_42_2,chemical,primary216,42,shuffled_auxiliary_labels,BIO_6721,CMP_8e58943e0a19095fb6f4,10.1021/acs.est.7b02259,BAF,1.6800000000000002,1.0632968971475347,adf6351bef04aa49,False
final_primary216_chemical_42_2,chemical,primary216,42,shuffled_auxiliary_labels,BIO_6722,CMP_5bc76544fcbe477197d1,10.1021/acs.est.7b02259,BAF,3.9,3.9996661141848477,adf6351bef04aa49,False
final_primary216_chemical_42_2,chemical,primary216,42,shuffled_auxiliary_labels,BIO_6723,CMP_5bc76544fcbe477197d1,10.1021/acs.est.7b02259,BAF,3.390000000000001,2.8510045562994786,adf6351bef04aa49,False
final_primary216_chemical_42_2,chemical,primary216,42,shuffled_auxiliary_labels,BIO_6724,CMP_5bc76544fcbe477197d1,10.1021/acs.est.7b02259,BAF,2.64,1.779994407640751,adf6351bef04aa49,False
final_primary216_chemical_42_2,chemical,primary216,42,shuffled_auxiliary_labels,BIO_6740,CMP_cfdde373a2a8c04668f0,10.1021/acs.est.7b02259,BAF,3.86,3.137545582562274,adf6351bef04aa49,False
final_primary216_chemical_42_2,chemical,primary216,42,shuffled_auxiliary_labels,BIO_6741,CMP_cfdde373a2a8c04668f0,10.1021/acs.est.7b02259,BAF,3.65,2.8361077297391146,adf6351bef04aa49,False
final_primary216_chemical_42_2,chemical,primary216,42,shuffled_auxiliary_labels,BIO_6742,CMP_cfdde373a2a8c04668f0,10.1021/acs.est.7b02259,BAF,2.7300000000000004,2.1802983935258156,adf6351bef04aa49,False
final_primary216_chemical_42_2,chemical,primary216,42,shuffled_auxiliary_labels,BIO_5771,CMP_5bc76544fcbe477197d1,10.1016/j.scitotenv.2016.05.215,BCF,4.04,3.7831017950772234,adf6351bef04aa49,False
final_primary216_chemical_42_2,chemical,primary216,42,shuffled_auxiliary_labels,BIO_5772,CMP_5bc76544fcbe477197d1,10.1016/j.scitotenv.2016.05.215,BCF,4.36,3.7396552880585894,adf6351bef04aa49,False
final_primary216_chemical_42_2,chemical,primary216,42,shuffled_auxiliary_labels,BIO_5773,CMP_5bc76544fcbe477197d1,10.1016/j.scitotenv.2016.05.215,BCF,3.41,2.581107873864727,adf6351bef04aa49,False
final_primary216_chemical_42_2,chemical,primary216,42,shuffled_auxiliary_labels,BIO_5774,CMP_5bc76544fcbe477197d1,10.1016/j.scitotenv.2016.05.215,BCF,3.79,2.4203961274267765,adf6351bef04aa49,False
final_primary216_chemical_42_2,chemical,primary216,42,shuffled_auxiliary_labels,BIO_5775,CMP_5bc76544fcbe477197d1,10.1016/j.scitotenv.2016.05.215,BCF,4.0,3.250253874096923,adf6351bef04aa49,False
final_primary216_chemical_42_2,chemical,primary216,42,shuffled_auxiliary_labels,BIO_5776,CMP_5bc76544fcbe477197d1,10.1016/j.scitotenv.2016.05.215,BCF,3.99,3.3555933448349204,adf6351bef04aa49,False
final_primary216_chemical_42_2,chemical,primary216,42,shuffled_auxiliary_labels,BIO_6077,CMP_8e58943e0a19095fb6f4,10.1016/j.scitotenv.2016.05.215,BCF,3.18,2.879620857605175,adf6351bef04aa49,False
final_primary216_chemical_42_2,chemical,primary216,42,shuffled_auxiliary_labels,BIO_6078,CMP_8e58943e0a19095fb6f4,10.1016/j.scitotenv.2016.05.215,BCF,3.45,2.9105815402308544,adf6351bef04aa49,False
final_primary216_chemical_42_2,chemical,primary216,42,shuffled_auxiliary_labels,BIO_6079,CMP_8e58943e0a19095fb6f4,10.1016/j.scitotenv.2016.05.215,BCF,2.64,1.8817805814124506,adf6351bef04aa49,False
final_primary216_chemical_42_2,chemical,primary216,42,shuffled_auxiliary_labels,BIO_6080,CMP_8e58943e0a19095fb6f4,10.1016/j.scitotenv.2016.05.215,BCF,2.85,1.9433959994155074,adf6351bef04aa49,False
final_primary216_chemical_42_2,chemical,primary216,42,shuffled_auxiliary_labels,BIO_6081,CMP_8e58943e0a19095fb6f4,10.1016/j.scitotenv.2016.05.215,BCF,3.33,2.548083430404437,adf6351bef04aa49,False
final_primary216_chemical_42_2,chemical,primary216,42,shuffled_auxiliary_labels,BIO_6082,CMP_8e58943e0a19095fb6f4,10.1016/j.scitotenv.2016.05.215,BCF,3.37,2.451641113268371,adf6351bef04aa49,False
final_primary216_chemical_42_2,chemical,primary216,42,shuffled_auxiliary_labels,BIO_6285,CMP_cfdde373a2a8c04668f0,10.1016/j.scitotenv.2016.05.215,BCF,3.64,2.8040033603439882,adf6351bef04aa49,False
final_primary216_chemical_42_2,chemical,primary216,42,shuffled_auxiliary_labels,BIO_6286,CMP_cfdde373a2a8c04668f0,10.1016/j.scitotenv.2016.05.215,BCF,3.55,2.8195064752080405,adf6351bef04aa49,False
final_primary216_chemical_42_2,chemical,primary216,42,shuffled_auxiliary_labels,BIO_6287,CMP_cfdde373a2a8c04668f0,10.1016/j.scitotenv.2016.05.215,BCF,2.86,2.0433435696629063,adf6351bef04aa49,False
final_primary216_chemical_42_2,chemical,primary216,42,shuffled_auxiliary_labels,BIO_6288,CMP_cfdde373a2a8c04668f0,10.1016/j.scitotenv.2016.05.215,BCF,2.73,2.062623829105936,adf6351bef04aa49,False
final_primary216_chemical_42_2,chemical,primary216,42,shuffled_auxiliary_labels,BIO_6289,CMP_cfdde373a2a8c04668f0,10.1016/j.scitotenv.2016.05.215,BCF,3.82,2.853074071174505,adf6351bef04aa49,False
final_primary216_chemical_42_2,chemical,primary216,42,shuffled_auxiliary_labels,BIO_6290,CMP_cfdde373a2a8c04668f0,10.1016/j.scitotenv.2016.05.215,BCF,3.51,2.7766682286124142,adf6351bef04aa49,False
final_primary216_chemical_42_2,chemical,primary216,42,simple_graph_context,BIO_5694,CMP_cfdde373a2a8c04668f0,10.1021/acs.est.6b01197,BAF,4.32,3.4983162879943848,,False
final_primary216_chemical_42_2,chemical,primary216,42,simple_graph_context,BIO_5695,CMP_cfdde373a2a8c04668f0,10.1021/acs.est.6b01197,BAF,2.4700000000000006,3.3284049034118652,,False
final_primary216_chemical_42_2,chemical,primary216,42,simple_graph_context,BIO_5696,CMP_cfdde373a2a8c04668f0,10.1021/acs.est.6b01197,BAF,4.35,3.4983162879943848,,False
final_primary216_chemical_42_2,chemical,primary216,42,simple_graph_context,BIO_5789,CMP_5bc76544fcbe477197d1,10.1021/acs.est.6b01197,BAF,4.170000000000001,3.4965946674346924,,False
final_primary216_chemical_42_2,chemical,primary216,42,simple_graph_context,BIO_5790,CMP_5bc76544fcbe477197d1,10.1021/acs.est.6b01197,BAF,1.84,3.326683282852173,,False
final_primary216_chemical_42_2,chemical,primary216,42,simple_graph_context,BIO_5791,CMP_5bc76544fcbe477197d1,10.1021/acs.est.6b01197,BAF,4.03,3.4965946674346924,,False
final_primary216_chemical_42_2,chemical,primary216,42,simple_graph_context,BIO_6095,CMP_8e58943e0a19095fb6f4,10.1021/acs.est.6b01197,BAF,3.5800000000000005,3.0109007358551025,,False
final_primary216_chemical_42_2,chemical,primary216,42,simple_graph_context,BIO_6096,CMP_8e58943e0a19095fb6f4,10.1021/acs.est.6b01197,BAF,3.3500000000000005,3.0109007358551025,,False
final_primary216_chemical_42_2,chemical,primary216,42,simple_graph_context,BIO_6384,CMP_cfdde373a2a8c04668f0,10.1021/acs.est.5b04299,BAF,3.798000000000001,3.505432605743408,,False
final_primary216_chemical_42_2,chemical,primary216,42,simple_graph_context,BIO_6385,CMP_cfdde373a2a8c04668f0,10.1021/acs.est.5b04299,BAF,3.3090000000000006,3.3567440509796143,,False
final_primary216_chemical_42_2,chemical,primary216,42,simple_graph_context,BIO_6386,CMP_cfdde373a2a8c04668f0,10.1021/acs.est.5b04299,BAF,3.984,3.303314208984375,,False
final_primary216_chemical_42_2,chemical,primary216,42,simple_graph_context,BIO_6387,CMP_cfdde373a2a8c04668f0,10.1021/acs.est.5b04299,BAF,3.4720000000000004,3.366990089416504,,False
final_primary216_chemical_42_2,chemical,primary216,42,simple_graph_context,BIO_6388,CMP_cfdde373a2a8c04668f0,10.1021/acs.est.5b04299,BAF,3.4600000000000004,3.408689498901367,,False
final_primary216_chemical_42_2,chemical,primary216,42,simple_graph_context,BIO_6389,CMP_cfdde373a2a8c04668f0,10.1021/acs.est.5b04299,BAF,3.770000000000001,3.493518352508545,,False
final_primary216_chemical_42_2,chemical,primary216,42,simple_graph_context,BIO_6390,CMP_cfdde373a2a8c04668f0,10.1021/acs.est.5b04299,BAF,3.700000000000001,3.4970927238464355,,False
final_primary216_chemical_42_2,chemical,primary216,42,simple_graph_context,BIO_6391,CMP_cfdde373a2a8c04668f0,10.1021/acs.est.5b04299,BAF,3.755000000000001,3.560476064682007,,False
final_primary216_chemical_42_2,chemical,primary216,42,simple_graph_context,BIO_6392,CMP_cfdde373a2a8c04668f0,10.1021/acs.est.5b04299,BAF,3.646000000000001,3.0887768268585205,,False
final_primary216_chemical_42_2,chemical,primary216,42,simple_graph_context,BIO_6393,CMP_cfdde373a2a8c04668f0,10.1021/acs.est.5b04299,BAF,2.870000000000001,2.7684237957000732,,False
final_primary216_chemical_42_2,chemical,primary216,42,simple_graph_context,BIO_6395,CMP_cfdde373a2a8c04668f0,10.1021/acs.est.5b04299,BAF,4.03,3.505432605743408,,False
final_primary216_chemical_42_2,chemical,primary216,42,simple_graph_context,BIO_6396,CMP_cfdde373a2a8c04668f0,10.1021/acs.est.5b04299,BAF,3.873,3.3567440509796143,,False
final_primary216_chemical_42_2,chemical,primary216,42,simple_graph_context,BIO_6397,CMP_cfdde373a2a8c04668f0,10.1021/acs.est.5b04299,BAF,4.301,3.303314208984375,,False
final_primary216_chemical_42_2,chemical,primary216,42,simple_graph_context,BIO_6398,CMP_cfdde373a2a8c04668f0,10.1021/acs.est.5b04299,BAF,3.838000000000001,3.366990089416504,,False
final_primary216_chemical_42_2,chemical,primary216,42,simple_graph_context,BIO_6399,CMP_cfdde373a2a8c04668f0,10.1021/acs.est.5b04299,BAF,3.912000000000001,3.408689498901367,,False
final_primary216_chemical_42_2,chemical,primary216,42,simple_graph_context,BIO_6400,CMP_cfdde373a2a8c04668f0,10.1021/acs.est.5b04299,BAF,4.0600000000000005,3.493518352508545,,False
final_primary216_chemical_42_2,chemical,primary216,42,simple_graph_context,BIO_6401,CMP_cfdde373a2a8c04668f0,10.1021/acs.est.5b04299,BAF,3.954,3.4970927238464355,,False
final_primary216_chemical_42_2,chemical,primary216,42,simple_graph_context,BIO_6402,CMP_cfdde373a2a8c04668f0,10.1021/acs.est.5b04299,BAF,4.072000000000001,3.560476064682007,,False
final_primary216_chemical_42_2,chemical,primary216,42,simple_graph_context,BIO_6403,CMP_cfdde373a2a8c04668f0,10.1021/acs.est.5b04299,BAF,3.9650000000000007,3.0887768268585205,,False
final_primary216_chemical_42_2,chemical,primary216,42,simple_graph_context,BIO_6404,CMP_cfdde373a2a8c04668f0,10.1021/acs.est.5b04299,BAF,3.1950000000000003,2.7684237957000732,,False
final_primary216_chemical_42_2,chemical,primary216,42,simple_graph_context,BIO_6407,CMP_cfdde373a2a8c04668f0,10.1021/acs.est.9b04906,BAF,3.7848311781244695,3.2979326248168945,,False
final_primary216_chemical_42_2,chemical,primary216,42,simple_graph_context,BIO_6567,CMP_8e58943e0a19095fb6f4,10.1021/acs.est.7b02399,BAF,1.6812412373755872,3.080073833465576,,False
final_primary216_chemical_42_2,chemical,primary216,42,simple_graph_context,BIO_6568,CMP_8e58943e0a19095fb6f4,10.1021/acs.est.7b02399,BAF,2.6503075231319366,3.080073833465576,,False
final_primary216_chemical_42_2,chemical,primary216,42,simple_graph_context,BIO_6569,CMP_8e58943e0a19095fb6f4,10.1021/acs.est.7b02399,BAF,2.7860412102425545,3.080073833465576,,False
final_primary216_chemical_42_2,chemical,primary216,42,simple_graph_context,BIO_6570,CMP_8e58943e0a19095fb6f4,10.1021/acs.est.7b02399,BAF,3.318063334962761,3.080073833465576,,False
final_primary216_chemical_42_2,chemical,primary216,42,simple_graph_context,BIO_6571,CMP_8e58943e0a19095fb6f4,10.1021/acs.est.7b02399,BAF,3.1398790864012365,3.080073833465576,,False
final_primary216_chemical_42_2,chemical,primary216,42,simple_graph_context,BIO_6572,CMP_8e58943e0a19095fb6f4,10.1021/acs.est.7b02399,BAF,3.752816431188272,3.080073833465576,,False
final_primary216_chemical_42_2,chemical,primary216,42,simple_graph_context,BIO_6580,CMP_5bc76544fcbe477197d1,10.1021/acs.est.7b02399,BAF,1.9493900066449128,3.565767526626587,,False
final_primary216_chemical_42_2,chemical,primary216,42,simple_graph_context,BIO_6581,CMP_5bc76544fcbe477197d1,10.1021/acs.est.7b02399,BAF,3.103803720955957,3.565767526626587,,False
final_primary216_chemical_42_2,chemical,primary216,42,simple_graph_context,BIO_6582,CMP_5bc76544fcbe477197d1,10.1021/acs.est.7b02399,BAF,3.3502480183341627,3.565767526626587,,False
final_primary216_chemical_42_2,chemical,primary216,42,simple_graph_context,BIO_6583,CMP_5bc76544fcbe477197d1,10.1021/acs.est.7b02399,BAF,3.505149978319906,3.565767526626587,,False
final_primary216_chemical_42_2,chemical,primary216,42,simple_graph_context,BIO_6584,CMP_5bc76544fcbe477197d1,10.1021/acs.est.7b02399,BAF,3.45484486000851,3.565767526626587,,False
final_primary216_chemical_42_2,chemical,primary216,42,simple_graph_context,BIO_6585,CMP_5bc76544fcbe477197d1,10.1021/acs.est.7b02399,BAF,3.8674674878590514,3.565767526626587,,False
final_primary216_chemical_42_2,chemical,primary216,42,simple_graph_context,BIO_6629,CMP_cfdde373a2a8c04668f0,10.1021/acs.est.7b02399,BAF,2.0863598306747484,3.5674891471862793,,False
final_primary216_chemical_42_2,chemical,primary216,42,simple_graph_context,BIO_6630,CMP_cfdde373a2a8c04668f0,10.1021/acs.est.7b02399,BAF,3.1398790864012365,3.5674891471862793,,False
final_primary216_chemical_42_2,chemical,primary216,42,simple_graph_context,BIO_6631,CMP_cfdde373a2a8c04668f0,10.1021/acs.est.7b02399,BAF,3.551449997972876,3.5674891471862793,,False
final_primary216_chemical_42_2,chemical,primary216,42,simple_graph_context,BIO_6632,CMP_cfdde373a2a8c04668f0,10.1021/acs.est.7b02399,BAF,3.376576957056512,3.5674891471862793,,False
final_primary216_chemical_42_2,chemical,primary216,42,simple_graph_context,BIO_6633,CMP_cfdde373a2a8c04668f0,10.1021/acs.est.7b02399,BAF,3.447623097760286,3.5674891471862793,,False
final_primary216_chemical_42_2,chemical,primary216,42,simple_graph_context,BIO_6634,CMP_cfdde373a2a8c04668f0,10.1021/acs.est.7b02399,BAF,3.851869600729766,3.5674891471862793,,False
final_primary216_chemical_42_2,chemical,primary216,42,simple_graph_context,BIO_6709,CMP_1e0abf78953775c0134f,10.1021/acs.est.7b02259,BAF,0.56,0.8731231689453125,,False
final_primary216_chemical_42_2,chemical,primary216,42,simple_graph_context,BIO_6710,CMP_1e0abf78953775c0134f,10.1021/acs.est.7b02259,BAF,0.0099999999999999,0.6585855484008789,,False
final_primary216_chemical_42_2,chemical,primary216,42,simple_graph_context,BIO_6719,CMP_8e58943e0a19095fb6f4,10.1021/acs.est.7b02259,BAF,3.01,2.8158986568450928,,False
final_primary216_chemical_42_2,chemical,primary216,42,simple_graph_context,BIO_6720,CMP_8e58943e0a19095fb6f4,10.1021/acs.est.7b02259,BAF,2.42,2.6013612747192383,,False
final_primary216_chemical_42_2,chemical,primary216,42,simple_graph_context,BIO_6721,CMP_8e58943e0a19095fb6f4,10.1021/acs.est.7b02259,BAF,1.6800000000000002,2.281008243560791,,False
final_primary216_chemical_42_2,chemical,primary216,42,simple_graph_context,BIO_6722,CMP_5bc76544fcbe477197d1,10.1021/acs.est.7b02259,BAF,3.9,3.3015925884246826,,False
final_primary216_chemical_42_2,chemical,primary216,42,simple_graph_context,BIO_6723,CMP_5bc76544fcbe477197d1,10.1021/acs.est.7b02259,BAF,3.390000000000001,3.087055206298828,,False
final_primary216_chemical_42_2,chemical,primary216,42,simple_graph_context,BIO_6724,CMP_5bc76544fcbe477197d1,10.1021/acs.est.7b02259,BAF,2.64,2.766702175140381,,False
final_primary216_chemical_42_2,chemical,primary216,42,simple_graph_context,BIO_6740,CMP_cfdde373a2a8c04668f0,10.1021/acs.est.7b02259,BAF,3.86,3.303314208984375,,False
final_primary216_chemical_42_2,chemical,primary216,42,simple_graph_context,BIO_6741,CMP_cfdde373a2a8c04668f0,10.1021/acs.est.7b02259,BAF,3.65,3.0887768268585205,,False
final_primary216_chemical_42_2,chemical,primary216,42,simple_graph_context,BIO_6742,CMP_cfdde373a2a8c04668f0,10.1021/acs.est.7b02259,BAF,2.7300000000000004,2.7684237957000732,,False
final_primary216_chemical_42_2,chemical,primary216,42,extra_trees_structure_context,BIO_5694,CMP_cfdde373a2a8c04668f0,10.1021/acs.est.6b01197,BAF,4.32,3.4667627486815284,,False
final_primary216_chemical_42_2,chemical,primary216,42,extra_trees_structure_context,BIO_5695,CMP_cfdde373a2a8c04668f0,10.1021/acs.est.6b01197,BAF,2.4700000000000006,3.43502780891028,,False
final_primary216_chemical_42_2,chemical,primary216,42,extra_trees_structure_context,BIO_5696,CMP_cfdde373a2a8c04668f0,10.1021/acs.est.6b01197,BAF,4.35,3.4667627486815284,,False
final_primary216_chemical_42_2,chemical,primary216,42,extra_trees_structure_context,BIO_5789,CMP_5bc76544fcbe477197d1,10.1021/acs.est.6b01197,BAF,4.170000000000001,4.1108504703192565,,False
final_primary216_chemical_42_2,chemical,primary216,42,extra_trees_structure_context,BIO_5790,CMP_5bc76544fcbe477197d1,10.1021/acs.est.6b01197,BAF,1.84,4.087503001308434,,False
final_primary216_chemical_42_2,chemical,primary216,42,extra_trees_structure_context,BIO_5791,CMP_5bc76544fcbe477197d1,10.1021/acs.est.6b01197,BAF,4.03,4.1108504703192565,,False
final_primary216_chemical_42_2,chemical,primary216,42,extra_trees_structure_context,BIO_6095,CMP_8e58943e0a19095fb6f4,10.1021/acs.est.6b01197,BAF,3.5800000000000005,3.5551760574338833,,False
final_primary216_chemical_42_2,chemical,primary216,42,extra_trees_structure_context,BIO_6096,CMP_8e58943e0a19095fb6f4,10.1021/acs.est.6b01197,BAF,3.3500000000000005,3.5551760574338833,,False
final_primary216_chemical_42_2,chemical,primary216,42,extra_trees_structure_context,BIO_6384,CMP_cfdde373a2a8c04668f0,10.1021/acs.est.5b04299,BAF,3.798000000000001,3.5055582443982356,,False
final_primary216_chemical_42_2,chemical,primary216,42,extra_trees_structure_context,BIO_6385,CMP_cfdde373a2a8c04668f0,10.1021/acs.est.5b04299,BAF,3.3090000000000006,3.5055582443982356,,False
final_primary216_chemical_42_2,chemical,primary216,42,extra_trees_structure_context,BIO_6386,CMP_cfdde373a2a8c04668f0,10.1021/acs.est.5b04299,BAF,3.984,3.5055582443982356,,False
final_primary216_chemical_42_2,chemical,primary216,42,extra_trees_structure_context,BIO_6387,CMP_cfdde373a2a8c04668f0,10.1021/acs.est.5b04299,BAF,3.4720000000000004,3.5055582443982356,,False
final_primary216_chemical_42_2,chemical,primary216,42,extra_trees_structure_context,BIO_6388,CMP_cfdde373a2a8c04668f0,10.1021/acs.est.5b04299,BAF,3.4600000000000004,3.5055582443982356,,False
final_primary216_chemical_42_2,chemical,primary216,42,extra_trees_structure_context,BIO_6389,CMP_cfdde373a2a8c04668f0,10.1021/acs.est.5b04299,BAF,3.770000000000001,3.5055582443982356,,False
final_primary216_chemical_42_2,chemical,primary216,42,extra_trees_structure_context,BIO_6390,CMP_cfdde373a2a8c04668f0,10.1021/acs.est.5b04299,BAF,3.700000000000001,3.5055582443982356,,False
final_primary216_chemical_42_2,chemical,primary216,42,extra_trees_structure_context,BIO_6391,CMP_cfdde373a2a8c04668f0,10.1021/acs.est.5b04299,BAF,3.755000000000001,3.5055582443982356,,False
final_primary216_chemical_42_2,chemical,primary216,42,extra_trees_structure_context,BIO_6392,CMP_cfdde373a2a8c04668f0,10.1021/acs.est.5b04299,BAF,3.646000000000001,3.5055582443982356,,False
final_primary216_chemical_42_2,chemical,primary216,42,extra_trees_structure_context,BIO_6393,CMP_cfdde373a2a8c04668f0,10.1021/acs.est.5b04299,BAF,2.870000000000001,3.165715021930861,,False
final_primary216_chemical_42_2,chemical,primary216,42,extra_trees_structure_context,BIO_6395,CMP_cfdde373a2a8c04668f0,10.1021/acs.est.5b04299,BAF,4.03,3.5055582443982356,,False
final_primary216_chemical_42_2,chemical,primary216,42,extra_trees_structure_context,BIO_6396,CMP_cfdde373a2a8c04668f0,10.1021/acs.est.5b04299,BAF,3.873,3.5055582443982356,,False
final_primary216_chemical_42_2,chemical,primary216,42,extra_trees_structure_context,BIO_6397,CMP_cfdde373a2a8c04668f0,10.1021/acs.est.5b04299,BAF,4.301,3.5055582443982356,,False
final_primary216_chemical_42_2,chemical,primary216,42,extra_trees_structure_context,BIO_6398,CMP_cfdde373a2a8c04668f0,10.1021/acs.est.5b04299,BAF,3.838000000000001,3.5055582443982356,,False
final_primary216_chemical_42_2,chemical,primary216,42,extra_trees_structure_context,BIO_6399,CMP_cfdde373a2a8c04668f0,10.1021/acs.est.5b04299,BAF,3.912000000000001,3.5055582443982356,,False
final_primary216_chemical_42_2,chemical,primary216,42,extra_trees_structure_context,BIO_6400,CMP_cfdde373a2a8c04668f0,10.1021/acs.est.5b04299,BAF,4.0600000000000005,3.5055582443982356,,False
final_primary216_chemical_42_2,chemical,primary216,42,extra_trees_structure_context,BIO_6401,CMP_cfdde373a2a8c04668f0,10.1021/acs.est.5b04299,BAF,3.954,3.5055582443982356,,False
final_primary216_chemical_42_2,chemical,primary216,42,extra_trees_structure_context,BIO_6402,CMP_cfdde373a2a8c04668f0,10.1021/acs.est.5b04299,BAF,4.072000000000001,3.5055582443982356,,False
final_primary216_chemical_42_2,chemical,primary216,42,extra_trees_structure_context,BIO_6403,CMP_cfdde373a2a8c04668f0,10.1021/acs.est.5b04299,BAF,3.9650000000000007,3.5055582443982356,,False
final_primary216_chemical_42_2,chemical,primary216,42,extra_trees_structure_context,BIO_6404,CMP_cfdde373a2a8c04668f0,10.1021/acs.est.5b04299,BAF,3.1950000000000003,3.165715021930861,,False
final_primary216_chemical_42_2,chemical,primary216,42,extra_trees_structure_context,BIO_6407,CMP_cfdde373a2a8c04668f0,10.1021/acs.est.9b04906,BAF,3.7848311781244695,3.5355609005579782,,False
final_primary216_chemical_42_2,chemical,primary216,42,extra_trees_structure_context,BIO_6567,CMP_8e58943e0a19095fb6f4,10.1021/acs.est.7b02399,BAF,1.6812412373755872,3.5958072146039353,,False
final_primary216_chemical_42_2,chemical,primary216,42,extra_trees_structure_context,BIO_6568,CMP_8e58943e0a19095fb6f4,10.1021/acs.est.7b02399,BAF,2.6503075231319366,3.5958072146039353,,False
final_primary216_chemical_42_2,chemical,primary216,42,extra_trees_structure_context,BIO_6569,CMP_8e58943e0a19095fb6f4,10.1021/acs.est.7b02399,BAF,2.7860412102425545,3.5958072146039353,,False
final_primary216_chemical_42_2,chemical,primary216,42,extra_trees_structure_context,BIO_6570,CMP_8e58943e0a19095fb6f4,10.1021/acs.est.7b02399,BAF,3.318063334962761,3.5958072146039353,,False
final_primary216_chemical_42_2,chemical,primary216,42,extra_trees_structure_context,BIO_6571,CMP_8e58943e0a19095fb6f4,10.1021/acs.est.7b02399,BAF,3.1398790864012365,3.5958072146039353,,False
final_primary216_chemical_42_2,chemical,primary216,42,extra_trees_structure_context,BIO_6572,CMP_8e58943e0a19095fb6f4,10.1021/acs.est.7b02399,BAF,3.752816431188272,3.5958072146039353,,False
final_primary216_chemical_42_2,chemical,primary216,42,extra_trees_structure_context,BIO_6580,CMP_5bc76544fcbe477197d1,10.1021/acs.est.7b02399,BAF,1.9493900066449128,3.9529199828793598,,False
final_primary216_chemical_42_2,chemical,primary216,42,extra_trees_structure_context,BIO_6581,CMP_5bc76544fcbe477197d1,10.1021/acs.est.7b02399,BAF,3.103803720955957,3.9529199828793598,,False
final_primary216_chemical_42_2,chemical,primary216,42,extra_trees_structure_context,BIO_6582,CMP_5bc76544fcbe477197d1,10.1021/acs.est.7b02399,BAF,3.3502480183341627,3.9529199828793598,,False
final_primary216_chemical_42_2,chemical,primary216,42,extra_trees_structure_context,BIO_6583,CMP_5bc76544fcbe477197d1,10.1021/acs.est.7b02399,BAF,3.505149978319906,3.9529199828793598,,False
final_primary216_chemical_42_2,chemical,primary216,42,extra_trees_structure_context,BIO_6584,CMP_5bc76544fcbe477197d1,10.1021/acs.est.7b02399,BAF,3.45484486000851,3.9529199828793598,,False
final_primary216_chemical_42_2,chemical,primary216,42,extra_trees_structure_context,BIO_6585,CMP_5bc76544fcbe477197d1,10.1021/acs.est.7b02399,BAF,3.8674674878590514,3.9529199828793598,,False
final_primary216_chemical_42_2,chemical,primary216,42,extra_trees_structure_context,BIO_6629,CMP_cfdde373a2a8c04668f0,10.1021/acs.est.7b02399,BAF,2.0863598306747484,3.966972282214522,,False
final_primary216_chemical_42_2,chemical,primary216,42,extra_trees_structure_context,BIO_6630,CMP_cfdde373a2a8c04668f0,10.1021/acs.est.7b02399,BAF,3.1398790864012365,3.966972282214522,,False
final_primary216_chemical_42_2,chemical,primary216,42,extra_trees_structure_context,BIO_6631,CMP_cfdde373a2a8c04668f0,10.1021/acs.est.7b02399,BAF,3.551449997972876,3.966972282214522,,False
final_primary216_chemical_42_2,chemical,primary216,42,extra_trees_structure_context,BIO_6632,CMP_cfdde373a2a8c04668f0,10.1021/acs.est.7b02399,BAF,3.376576957056512,3.966972282214522,,False
final_primary216_chemical_42_2,chemical,primary216,42,extra_trees_structure_context,BIO_6633,CMP_cfdde373a2a8c04668f0,10.1021/acs.est.7b02399,BAF,3.447623097760286,3.966972282214522,,False
final_primary216_chemical_42_2,chemical,primary216,42,extra_trees_structure_context,BIO_6634,CMP_cfdde373a2a8c04668f0,10.1021/acs.est.7b02399,BAF,3.851869600729766,3.966972282214522,,False
final_primary216_chemical_42_2,chemical,primary216,42,extra_trees_structure_context,BIO_6709,CMP_1e0abf78953775c0134f,10.1021/acs.est.7b02259,BAF,0.56,0.74091796875,,False
final_primary216_chemical_42_2,chemical,primary216,42,extra_trees_structure_context,BIO_6710,CMP_1e0abf78953775c0134f,10.1021/acs.est.7b02259,BAF,0.0099999999999999,0.3605416666666665,,False
final_primary216_chemical_42_2,chemical,primary216,42,extra_trees_structure_context,BIO_6719,CMP_8e58943e0a19095fb6f4,10.1021/acs.est.7b02259,BAF,3.01,3.2329482553828166,,False
final_primary216_chemical_42_2,chemical,primary216,42,extra_trees_structure_context,BIO_6720,CMP_8e58943e0a19095fb6f4,10.1021/acs.est.7b02259,BAF,2.42,3.210540251153369,,False
final_primary216_chemical_42_2,chemical,primary216,42,extra_trees_structure_context,BIO_6721,CMP_8e58943e0a19095fb6f4,10.1021/acs.est.7b02259,BAF,1.6800000000000002,2.8994968260289378,,False
final_primary216_chemical_42_2,chemical,primary216,42,extra_trees_structure_context,BIO_6722,CMP_5bc76544fcbe477197d1,10.1021/acs.est.7b02259,BAF,3.9,3.9566230443173267,,False
final_primary216_chemical_42_2,chemical,primary216,42,extra_trees_structure_context,BIO_6723,CMP_5bc76544fcbe477197d1,10.1021/acs.est.7b02259,BAF,3.390000000000001,3.9525837214006603,,False
final_primary216_chemical_42_2,chemical,primary216,42,extra_trees_structure_context,BIO_6724,CMP_5bc76544fcbe477197d1,10.1021/acs.est.7b02259,BAF,2.64,3.545696454011347,,False
final_primary216_chemical_42_2,chemical,primary216,42,extra_trees_structure_context,BIO_6740,CMP_cfdde373a2a8c04668f0,10.1021/acs.est.7b02259,BAF,3.86,3.5055582443982356,,False
final_primary216_chemical_42_2,chemical,primary216,42,extra_trees_structure_context,BIO_6741,CMP_cfdde373a2a8c04668f0,10.1021/acs.est.7b02259,BAF,3.65,3.5055582443982356,,False
final_primary216_chemical_42_2,chemical,primary216,42,extra_trees_structure_context,BIO_6742,CMP_cfdde373a2a8c04668f0,10.1021/acs.est.7b02259,BAF,2.7300000000000004,3.165715021930861,,False
final_primary216_chemical_42_2,chemical,primary216,42,hist_gradient_structure_context,BIO_5694,CMP_cfdde373a2a8c04668f0,10.1021/acs.est.6b01197,BAF,4.32,4.124314305286084,,False
final_primary216_chemical_42_2,chemical,primary216,42,hist_gradient_structure_context,BIO_5695,CMP_cfdde373a2a8c04668f0,10.1021/acs.est.6b01197,BAF,2.4700000000000006,3.9540279534235934,,False
final_primary216_chemical_42_2,chemical,primary216,42,hist_gradient_structure_context,BIO_5696,CMP_cfdde373a2a8c04668f0,10.1021/acs.est.6b01197,BAF,4.35,4.124314305286084,,False
final_primary216_chemical_42_2,chemical,primary216,42,hist_gradient_structure_context,BIO_5789,CMP_5bc76544fcbe477197d1,10.1021/acs.est.6b01197,BAF,4.170000000000001,4.5248082114263575,,False
final_primary216_chemical_42_2,chemical,primary216,42,hist_gradient_structure_context,BIO_5790,CMP_5bc76544fcbe477197d1,10.1021/acs.est.6b01197,BAF,1.84,4.2912334032381345,,False
final_primary216_chemical_42_2,chemical,primary216,42,hist_gradient_structure_context,BIO_5791,CMP_5bc76544fcbe477197d1,10.1021/acs.est.6b01197,BAF,4.03,4.5248082114263575,,False
final_primary216_chemical_42_2,chemical,primary216,42,hist_gradient_structure_context,BIO_6095,CMP_8e58943e0a19095fb6f4,10.1021/acs.est.6b01197,BAF,3.5800000000000005,3.3367666562244116,,False
final_primary216_chemical_42_2,chemical,primary216,42,hist_gradient_structure_context,BIO_6096,CMP_8e58943e0a19095fb6f4,10.1021/acs.est.6b01197,BAF,3.3500000000000005,3.3367666562244116,,False
final_primary216_chemical_42_2,chemical,primary216,42,hist_gradient_structure_context,BIO_6384,CMP_cfdde373a2a8c04668f0,10.1021/acs.est.5b04299,BAF,3.798000000000001,3.7302327813232066,,False
final_primary216_chemical_42_2,chemical,primary216,42,hist_gradient_structure_context,BIO_6385,CMP_cfdde373a2a8c04668f0,10.1021/acs.est.5b04299,BAF,3.3090000000000006,3.7302327813232066,,False
final_primary216_chemical_42_2,chemical,primary216,42,hist_gradient_structure_context,BIO_6386,CMP_cfdde373a2a8c04668f0,10.1021/acs.est.5b04299,BAF,3.984,3.7302327813232066,,False
final_primary216_chemical_42_2,chemical,primary216,42,hist_gradient_structure_context,BIO_6387,CMP_cfdde373a2a8c04668f0,10.1021/acs.est.5b04299,BAF,3.4720000000000004,3.7302327813232066,,False
final_primary216_chemical_42_2,chemical,primary216,42,hist_gradient_structure_context,BIO_6388,CMP_cfdde373a2a8c04668f0,10.1021/acs.est.5b04299,BAF,3.4600000000000004,3.7302327813232066,,False
final_primary216_chemical_42_2,chemical,primary216,42,hist_gradient_structure_context,BIO_6389,CMP_cfdde373a2a8c04668f0,10.1021/acs.est.5b04299,BAF,3.770000000000001,3.7302327813232066,,False
final_primary216_chemical_42_2,chemical,primary216,42,hist_gradient_structure_context,BIO_6390,CMP_cfdde373a2a8c04668f0,10.1021/acs.est.5b04299,BAF,3.700000000000001,3.7302327813232066,,False
final_primary216_chemical_42_2,chemical,primary216,42,hist_gradient_structure_context,BIO_6391,CMP_cfdde373a2a8c04668f0,10.1021/acs.est.5b04299,BAF,3.755000000000001,3.7302327813232066,,False
final_primary216_chemical_42_2,chemical,primary216,42,hist_gradient_structure_context,BIO_6392,CMP_cfdde373a2a8c04668f0,10.1021/acs.est.5b04299,BAF,3.646000000000001,3.7302327813232066,,False
final_primary216_chemical_42_2,chemical,primary216,42,hist_gradient_structure_context,BIO_6393,CMP_cfdde373a2a8c04668f0,10.1021/acs.est.5b04299,BAF,2.870000000000001,3.7302327813232066,,False
final_primary216_chemical_42_2,chemical,primary216,42,hist_gradient_structure_context,BIO_6395,CMP_cfdde373a2a8c04668f0,10.1021/acs.est.5b04299,BAF,4.03,3.7302327813232066,,False
final_primary216_chemical_42_2,chemical,primary216,42,hist_gradient_structure_context,BIO_6396,CMP_cfdde373a2a8c04668f0,10.1021/acs.est.5b04299,BAF,3.873,3.7302327813232066,,False
final_primary216_chemical_42_2,chemical,primary216,42,hist_gradient_structure_context,BIO_6397,CMP_cfdde373a2a8c04668f0,10.1021/acs.est.5b04299,BAF,4.301,3.7302327813232066,,False
final_primary216_chemical_42_2,chemical,primary216,42,hist_gradient_structure_context,BIO_6398,CMP_cfdde373a2a8c04668f0,10.1021/acs.est.5b04299,BAF,3.838000000000001,3.7302327813232066,,False
final_primary216_chemical_42_2,chemical,primary216,42,hist_gradient_structure_context,BIO_6399,CMP_cfdde373a2a8c04668f0,10.1021/acs.est.5b04299,BAF,3.912000000000001,3.7302327813232066,,False
final_primary216_chemical_42_2,chemical,primary216,42,hist_gradient_structure_context,BIO_6400,CMP_cfdde373a2a8c04668f0,10.1021/acs.est.5b04299,BAF,4.0600000000000005,3.7302327813232066,,False
final_primary216_chemical_42_2,chemical,primary216,42,hist_gradient_structure_context,BIO_6401,CMP_cfdde373a2a8c04668f0,10.1021/acs.est.5b04299,BAF,3.954,3.7302327813232066,,False
final_primary216_chemical_42_2,chemical,primary216,42,hist_gradient_structure_context,BIO_6402,CMP_cfdde373a2a8c04668f0,10.1021/acs.est.5b04299,BAF,4.072000000000001,3.7302327813232066,,False
final_primary216_chemical_42_2,chemical,primary216,42,hist_gradient_structure_context,BIO_6403,CMP_cfdde373a2a8c04668f0,10.1021/acs.est.5b04299,BAF,3.9650000000000007,3.7302327813232066,,False
final_primary216_chemical_42_2,chemical,primary216,42,hist_gradient_structure_context,BIO_6404,CMP_cfdde373a2a8c04668f0,10.1021/acs.est.5b04299,BAF,3.1950000000000003,3.7302327813232066,,False
final_primary216_chemical_42_2,chemical,primary216,42,hist_gradient_structure_context,BIO_6407,CMP_cfdde373a2a8c04668f0,10.1021/acs.est.9b04906,BAF,3.7848311781244695,3.72013746004883,,False
final_primary216_chemical_42_2,chemical,primary216,42,hist_gradient_structure_context,BIO_6567,CMP_8e58943e0a19095fb6f4,10.1021/acs.est.7b02399,BAF,1.6812412373755872,3.3743794662237323,,False
final_primary216_chemical_42_2,chemical,primary216,42,hist_gradient_structure_context,BIO_6568,CMP_8e58943e0a19095fb6f4,10.1021/acs.est.7b02399,BAF,2.6503075231319366,3.3743794662237323,,False
final_primary216_chemical_42_2,chemical,primary216,42,hist_gradient_structure_context,BIO_6569,CMP_8e58943e0a19095fb6f4,10.1021/acs.est.7b02399,BAF,2.7860412102425545,3.3743794662237323,,False
final_primary216_chemical_42_2,chemical,primary216,42,hist_gradient_structure_context,BIO_6570,CMP_8e58943e0a19095fb6f4,10.1021/acs.est.7b02399,BAF,3.318063334962761,3.3743794662237323,,False
final_primary216_chemical_42_2,chemical,primary216,42,hist_gradient_structure_context,BIO_6571,CMP_8e58943e0a19095fb6f4,10.1021/acs.est.7b02399,BAF,3.1398790864012365,3.3743794662237323,,False
final_primary216_chemical_42_2,chemical,primary216,42,hist_gradient_structure_context,BIO_6572,CMP_8e58943e0a19095fb6f4,10.1021/acs.est.7b02399,BAF,3.752816431188272,3.3743794662237323,,False
final_primary216_chemical_42_2,chemical,primary216,42,hist_gradient_structure_context,BIO_6580,CMP_5bc76544fcbe477197d1,10.1021/acs.est.7b02399,BAF,1.9493900066449128,4.3075435751913895,,False
final_primary216_chemical_42_2,chemical,primary216,42,hist_gradient_structure_context,BIO_6581,CMP_5bc76544fcbe477197d1,10.1021/acs.est.7b02399,BAF,3.103803720955957,4.3075435751913895,,False
final_primary216_chemical_42_2,chemical,primary216,42,hist_gradient_structure_context,BIO_6582,CMP_5bc76544fcbe477197d1,10.1021/acs.est.7b02399,BAF,3.3502480183341627,4.3075435751913895,,False
final_primary216_chemical_42_2,chemical,primary216,42,hist_gradient_structure_context,BIO_6583,CMP_5bc76544fcbe477197d1,10.1021/acs.est.7b02399,BAF,3.505149978319906,4.3075435751913895,,False
final_primary216_chemical_42_2,chemical,primary216,42,hist_gradient_structure_context,BIO_6584,CMP_5bc76544fcbe477197d1,10.1021/acs.est.7b02399,BAF,3.45484486000851,4.3075435751913895,,False
final_primary216_chemical_42_2,chemical,primary216,42,hist_gradient_structure_context,BIO_6585,CMP_5bc76544fcbe477197d1,10.1021/acs.est.7b02399,BAF,3.8674674878590514,4.3075435751913895,,False
final_primary216_chemical_42_2,chemical,primary216,42,hist_gradient_structure_context,BIO_6629,CMP_cfdde373a2a8c04668f0,10.1021/acs.est.7b02399,BAF,2.0863598306747484,4.084821745654462,,False
final_primary216_chemical_42_2,chemical,primary216,42,hist_gradient_structure_context,BIO_6630,CMP_cfdde373a2a8c04668f0,10.1021/acs.est.7b02399,BAF,3.1398790864012365,4.084821745654462,,False
final_primary216_chemical_42_2,chemical,primary216,42,hist_gradient_structure_context,BIO_6631,CMP_cfdde373a2a8c04668f0,10.1021/acs.est.7b02399,BAF,3.551449997972876,4.084821745654462,,False
final_primary216_chemical_42_2,chemical,primary216,42,hist_gradient_structure_context,BIO_6632,CMP_cfdde373a2a8c04668f0,10.1021/acs.est.7b02399,BAF,3.376576957056512,4.084821745654462,,False
final_primary216_chemical_42_2,chemical,primary216,42,hist_gradient_structure_context,BIO_6633,CMP_cfdde373a2a8c04668f0,10.1021/acs.est.7b02399,BAF,3.447623097760286,4.084821745654462,,False
final_primary216_chemical_42_2,chemical,primary216,42,hist_gradient_structure_context,BIO_6634,CMP_cfdde373a2a8c04668f0,10.1021/acs.est.7b02399,BAF,3.851869600729766,4.084821745654462,,False
final_primary216_chemical_42_2,chemical,primary216,42,hist_gradient_structure_context,BIO_6709,CMP_1e0abf78953775c0134f,10.1021/acs.est.7b02259,BAF,0.56,0.5955894210094381,,False
final_primary216_chemical_42_2,chemical,primary216,42,hist_gradient_structure_context,BIO_6710,CMP_1e0abf78953775c0134f,10.1021/acs.est.7b02259,BAF,0.0099999999999999,0.5955894210094381,,False
final_primary216_chemical_42_2,chemical,primary216,42,hist_gradient_structure_context,BIO_6719,CMP_8e58943e0a19095fb6f4,10.1021/acs.est.7b02259,BAF,3.01,2.5832321987488105,,False
final_primary216_chemical_42_2,chemical,primary216,42,hist_gradient_structure_context,BIO_6720,CMP_8e58943e0a19095fb6f4,10.1021/acs.est.7b02259,BAF,2.42,2.5832321987488105,,False
final_primary216_chemical_42_2,chemical,primary216,42,hist_gradient_structure_context,BIO_6721,CMP_8e58943e0a19095fb6f4,10.1021/acs.est.7b02259,BAF,1.6800000000000002,2.5832321987488105,,False
final_primary216_chemical_42_2,chemical,primary216,42,hist_gradient_structure_context,BIO_6722,CMP_5bc76544fcbe477197d1,10.1021/acs.est.7b02259,BAF,3.9,3.7712737539507586,,False
final_primary216_chemical_42_2,chemical,primary216,42,hist_gradient_structure_context,BIO_6723,CMP_5bc76544fcbe477197d1,10.1021/acs.est.7b02259,BAF,3.390000000000001,3.7712737539507586,,False
final_primary216_chemical_42_2,chemical,primary216,42,hist_gradient_structure_context,BIO_6724,CMP_5bc76544fcbe477197d1,10.1021/acs.est.7b02259,BAF,2.64,3.7712737539507586,,False
final_primary216_chemical_42_2,chemical,primary216,42,hist_gradient_structure_context,BIO_6740,CMP_cfdde373a2a8c04668f0,10.1021/acs.est.7b02259,BAF,3.86,3.7302327813232066,,False
final_primary216_chemical_42_2,chemical,primary216,42,hist_gradient_structure_context,BIO_6741,CMP_cfdde373a2a8c04668f0,10.1021/acs.est.7b02259,BAF,3.65,3.7302327813232066,,False
final_primary216_chemical_42_2,chemical,primary216,42,hist_gradient_structure_context,BIO_6742,CMP_cfdde373a2a8c04668f0,10.1021/acs.est.7b02259,BAF,2.7300000000000004,3.7302327813232066,,False
final_primary216_chemical_42_2,chemical,primary216,42,nearest_chemical_context,BIO_5694,CMP_cfdde373a2a8c04668f0,10.1021/acs.est.6b01197,BAF,4.32,3.29,,False
final_primary216_chemical_42_2,chemical,primary216,42,nearest_chemical_context,BIO_5695,CMP_cfdde373a2a8c04668f0,10.1021/acs.est.6b01197,BAF,2.4700000000000006,1.3,,False
final_primary216_chemical_42_2,chemical,primary216,42,nearest_chemical_context,BIO_5696,CMP_cfdde373a2a8c04668f0,10.1021/acs.est.6b01197,BAF,4.35,3.29,,False
final_primary216_chemical_42_2,chemical,primary216,42,nearest_chemical_context,BIO_5789,CMP_5bc76544fcbe477197d1,10.1021/acs.est.6b01197,BAF,4.170000000000001,1.98,,False
final_primary216_chemical_42_2,chemical,primary216,42,nearest_chemical_context,BIO_5790,CMP_5bc76544fcbe477197d1,10.1021/acs.est.6b01197,BAF,1.84,2.3000000000000003,,False
final_primary216_chemical_42_2,chemical,primary216,42,nearest_chemical_context,BIO_5791,CMP_5bc76544fcbe477197d1,10.1021/acs.est.6b01197,BAF,4.03,1.98,,False
final_primary216_chemical_42_2,chemical,primary216,42,nearest_chemical_context,BIO_6095,CMP_8e58943e0a19095fb6f4,10.1021/acs.est.6b01197,BAF,3.5800000000000005,1.98,,False
final_primary216_chemical_42_2,chemical,primary216,42,nearest_chemical_context,BIO_6096,CMP_8e58943e0a19095fb6f4,10.1021/acs.est.6b01197,BAF,3.3500000000000005,1.98,,False
final_primary216_chemical_42_2,chemical,primary216,42,nearest_chemical_context,BIO_6384,CMP_cfdde373a2a8c04668f0,10.1021/acs.est.5b04299,BAF,3.798000000000001,2.56,,False
final_primary216_chemical_42_2,chemical,primary216,42,nearest_chemical_context,BIO_6385,CMP_cfdde373a2a8c04668f0,10.1021/acs.est.5b04299,BAF,3.3090000000000006,2.56,,False
final_primary216_chemical_42_2,chemical,primary216,42,nearest_chemical_context,BIO_6386,CMP_cfdde373a2a8c04668f0,10.1021/acs.est.5b04299,BAF,3.984,2.56,,False
final_primary216_chemical_42_2,chemical,primary216,42,nearest_chemical_context,BIO_6387,CMP_cfdde373a2a8c04668f0,10.1021/acs.est.5b04299,BAF,3.4720000000000004,2.56,,False
final_primary216_chemical_42_2,chemical,primary216,42,nearest_chemical_context,BIO_6388,CMP_cfdde373a2a8c04668f0,10.1021/acs.est.5b04299,BAF,3.4600000000000004,2.56,,False
final_primary216_chemical_42_2,chemical,primary216,42,nearest_chemical_context,BIO_6389,CMP_cfdde373a2a8c04668f0,10.1021/acs.est.5b04299,BAF,3.770000000000001,2.56,,False
final_primary216_chemical_42_2,chemical,primary216,42,nearest_chemical_context,BIO_6390,CMP_cfdde373a2a8c04668f0,10.1021/acs.est.5b04299,BAF,3.700000000000001,2.56,,False
final_primary216_chemical_42_2,chemical,primary216,42,nearest_chemical_context,BIO_6391,CMP_cfdde373a2a8c04668f0,10.1021/acs.est.5b04299,BAF,3.755000000000001,2.56,,False
final_primary216_chemical_42_2,chemical,primary216,42,nearest_chemical_context,BIO_6392,CMP_cfdde373a2a8c04668f0,10.1021/acs.est.5b04299,BAF,3.646000000000001,2.3000000000000003,,False
final_primary216_chemical_42_2,chemical,primary216,42,nearest_chemical_context,BIO_6393,CMP_cfdde373a2a8c04668f0,10.1021/acs.est.5b04299,BAF,2.870000000000001,2.56,,False
final_primary216_chemical_42_2,chemical,primary216,42,nearest_chemical_context,BIO_6395,CMP_cfdde373a2a8c04668f0,10.1021/acs.est.5b04299,BAF,4.03,2.56,,False
final_primary216_chemical_42_2,chemical,primary216,42,nearest_chemical_context,BIO_6396,CMP_cfdde373a2a8c04668f0,10.1021/acs.est.5b04299,BAF,3.873,2.56,,False
final_primary216_chemical_42_2,chemical,primary216,42,nearest_chemical_context,BIO_6397,CMP_cfdde373a2a8c04668f0,10.1021/acs.est.5b04299,BAF,4.301,2.56,,False
final_primary216_chemical_42_2,chemical,primary216,42,nearest_chemical_context,BIO_6398,CMP_cfdde373a2a8c04668f0,10.1021/acs.est.5b04299,BAF,3.838000000000001,2.56,,False
final_primary216_chemical_42_2,chemical,primary216,42,nearest_chemical_context,BIO_6399,CMP_cfdde373a2a8c04668f0,10.1021/acs.est.5b04299,BAF,3.912000000000001,2.56,,False
final_primary216_chemical_42_2,chemical,primary216,42,nearest_chemical_context,BIO_6400,CMP_cfdde373a2a8c04668f0,10.1021/acs.est.5b04299,BAF,4.0600000000000005,2.56,,False
final_primary216_chemical_42_2,chemical,primary216,42,nearest_chemical_context,BIO_6401,CMP_cfdde373a2a8c04668f0,10.1021/acs.est.5b04299,BAF,3.954,2.56,,False
final_primary216_chemical_42_2,chemical,primary216,42,nearest_chemical_context,BIO_6402,CMP_cfdde373a2a8c04668f0,10.1021/acs.est.5b04299,BAF,4.072000000000001,2.56,,False
final_primary216_chemical_42_2,chemical,primary216,42,nearest_chemical_context,BIO_6403,CMP_cfdde373a2a8c04668f0,10.1021/acs.est.5b04299,BAF,3.9650000000000007,2.3000000000000003,,False
final_primary216_chemical_42_2,chemical,primary216,42,nearest_chemical_context,BIO_6404,CMP_cfdde373a2a8c04668f0,10.1021/acs.est.5b04299,BAF,3.1950000000000003,2.56,,False
final_primary216_chemical_42_2,chemical,primary216,42,nearest_chemical_context,BIO_6407,CMP_cfdde373a2a8c04668f0,10.1021/acs.est.9b04906,BAF,3.7848311781244695,3.29,,False
final_primary216_chemical_42_2,chemical,primary216,42,nearest_chemical_context,BIO_6567,CMP_8e58943e0a19095fb6f4,10.1021/acs.est.7b02399,BAF,1.6812412373755872,1.3010299956639813,,False
final_primary216_chemical_42_2,chemical,primary216,42,nearest_chemical_context,BIO_6568,CMP_8e58943e0a19095fb6f4,10.1021/acs.est.7b02399,BAF,2.6503075231319366,1.3010299956639813,,False
final_primary216_chemical_42_2,chemical,primary216,42,nearest_chemical_context,BIO_6569,CMP_8e58943e0a19095fb6f4,10.1021/acs.est.7b02399,BAF,2.7860412102425545,1.3010299956639813,,False
final_primary216_chemical_42_2,chemical,primary216,42,nearest_chemical_context,BIO_6570,CMP_8e58943e0a19095fb6f4,10.1021/acs.est.7b02399,BAF,3.318063334962761,1.3010299956639813,,False
final_primary216_chemical_42_2,chemical,primary216,42,nearest_chemical_context,BIO_6571,CMP_8e58943e0a19095fb6f4,10.1021/acs.est.7b02399,BAF,3.1398790864012365,1.3010299956639813,,False
final_primary216_chemical_42_2,chemical,primary216,42,nearest_chemical_context,BIO_6572,CMP_8e58943e0a19095fb6f4,10.1021/acs.est.7b02399,BAF,3.752816431188272,1.3010299956639813,,False
final_primary216_chemical_42_2,chemical,primary216,42,nearest_chemical_context,BIO_6580,CMP_5bc76544fcbe477197d1,10.1021/acs.est.7b02399,BAF,1.9493900066449128,1.3010299956639813,,False
final_primary216_chemical_42_2,chemical,primary216,42,nearest_chemical_context,BIO_6581,CMP_5bc76544fcbe477197d1,10.1021/acs.est.7b02399,BAF,3.103803720955957,1.3010299956639813,,False
final_primary216_chemical_42_2,chemical,primary216,42,nearest_chemical_context,BIO_6582,CMP_5bc76544fcbe477197d1,10.1021/acs.est.7b02399,BAF,3.3502480183341627,1.3010299956639813,,False
final_primary216_chemical_42_2,chemical,primary216,42,nearest_chemical_context,BIO_6583,CMP_5bc76544fcbe477197d1,10.1021/acs.est.7b02399,BAF,3.505149978319906,1.3010299956639813,,False
final_primary216_chemical_42_2,chemical,primary216,42,nearest_chemical_context,BIO_6584,CMP_5bc76544fcbe477197d1,10.1021/acs.est.7b02399,BAF,3.45484486000851,1.3010299956639813,,False
final_primary216_chemical_42_2,chemical,primary216,42,nearest_chemical_context,BIO_6585,CMP_5bc76544fcbe477197d1,10.1021/acs.est.7b02399,BAF,3.8674674878590514,1.3010299956639813,,False
final_primary216_chemical_42_2,chemical,primary216,42,nearest_chemical_context,BIO_6629,CMP_cfdde373a2a8c04668f0,10.1021/acs.est.7b02399,BAF,2.0863598306747484,1.0,,False
final_primary216_chemical_42_2,chemical,primary216,42,nearest_chemical_context,BIO_6630,CMP_cfdde373a2a8c04668f0,10.1021/acs.est.7b02399,BAF,3.1398790864012365,1.0,,False
final_primary216_chemical_42_2,chemical,primary216,42,nearest_chemical_context,BIO_6631,CMP_cfdde373a2a8c04668f0,10.1021/acs.est.7b02399,BAF,3.551449997972876,1.0,,False
final_primary216_chemical_42_2,chemical,primary216,42,nearest_chemical_context,BIO_6632,CMP_cfdde373a2a8c04668f0,10.1021/acs.est.7b02399,BAF,3.376576957056512,1.0,,False
final_primary216_chemical_42_2,chemical,primary216,42,nearest_chemical_context,BIO_6633,CMP_cfdde373a2a8c04668f0,10.1021/acs.est.7b02399,BAF,3.447623097760286,1.0,,False
final_primary216_chemical_42_2,chemical,primary216,42,nearest_chemical_context,BIO_6634,CMP_cfdde373a2a8c04668f0,10.1021/acs.est.7b02399,BAF,3.851869600729766,1.0,,False
final_primary216_chemical_42_2,chemical,primary216,42,nearest_chemical_context,BIO_6709,CMP_1e0abf78953775c0134f,10.1021/acs.est.7b02259,BAF,0.56,0.4900000000000001,,False
final_primary216_chemical_42_2,chemical,primary216,42,nearest_chemical_context,BIO_6710,CMP_1e0abf78953775c0134f,10.1021/acs.est.7b02259,BAF,0.0099999999999999,-0.08,,False
final_primary216_chemical_42_2,chemical,primary216,42,nearest_chemical_context,BIO_6719,CMP_8e58943e0a19095fb6f4,10.1021/acs.est.7b02259,BAF,3.01,0.4900000000000001,,False
final_primary216_chemical_42_2,chemical,primary216,42,nearest_chemical_context,BIO_6720,CMP_8e58943e0a19095fb6f4,10.1021/acs.est.7b02259,BAF,2.42,-0.08,,False
final_primary216_chemical_42_2,chemical,primary216,42,nearest_chemical_context,BIO_6721,CMP_8e58943e0a19095fb6f4,10.1021/acs.est.7b02259,BAF,1.6800000000000002,-0.2700000000000001,,False
final_primary216_chemical_42_2,chemical,primary216,42,nearest_chemical_context,BIO_6722,CMP_5bc76544fcbe477197d1,10.1021/acs.est.7b02259,BAF,3.9,0.4900000000000001,,False
final_primary216_chemical_42_2,chemical,primary216,42,nearest_chemical_context,BIO_6723,CMP_5bc76544fcbe477197d1,10.1021/acs.est.7b02259,BAF,3.390000000000001,-0.08,,False
final_primary216_chemical_42_2,chemical,primary216,42,nearest_chemical_context,BIO_6724,CMP_5bc76544fcbe477197d1,10.1021/acs.est.7b02259,BAF,2.64,-0.2700000000000001,,False
final_primary216_chemical_42_2,chemical,primary216,42,nearest_chemical_context,BIO_6740,CMP_cfdde373a2a8c04668f0,10.1021/acs.est.7b02259,BAF,3.86,2.56,,False
final_primary216_chemical_42_2,chemical,primary216,42,nearest_chemical_context,BIO_6741,CMP_cfdde373a2a8c04668f0,10.1021/acs.est.7b02259,BAF,3.65,2.3000000000000003,,False
final_primary216_chemical_42_2,chemical,primary216,42,nearest_chemical_context,BIO_6742,CMP_cfdde373a2a8c04668f0,10.1021/acs.est.7b02259,BAF,2.7300000000000004,2.56,,False
final_primary216_chemical_42_2,chemical,primary216,42,simple_graph_context,BIO_5771,CMP_5bc76544fcbe477197d1,10.1016/j.scitotenv.2016.05.215,BCF,4.04,3.3591768741607666,,False
final_primary216_chemical_42_2,chemical,primary216,42,simple_graph_context,BIO_5772,CMP_5bc76544fcbe477197d1,10.1016/j.scitotenv.2016.05.215,BCF,4.36,3.3591768741607666,,False
final_primary216_chemical_42_2,chemical,primary216,42,simple_graph_context,BIO_5773,CMP_5bc76544fcbe477197d1,10.1016/j.scitotenv.2016.05.215,BCF,3.41,3.056703567504883,,False
final_primary216_chemical_42_2,chemical,primary216,42,simple_graph_context,BIO_5774,CMP_5bc76544fcbe477197d1,10.1016/j.scitotenv.2016.05.215,BCF,3.79,3.056703567504883,,False
final_primary216_chemical_42_2,chemical,primary216,42,simple_graph_context,BIO_5775,CMP_5bc76544fcbe477197d1,10.1016/j.scitotenv.2016.05.215,BCF,4.0,3.24448823928833,,False
final_primary216_chemical_42_2,chemical,primary216,42,simple_graph_context,BIO_5776,CMP_5bc76544fcbe477197d1,10.1016/j.scitotenv.2016.05.215,BCF,3.99,3.24448823928833,,False
final_primary216_chemical_42_2,chemical,primary216,42,simple_graph_context,BIO_6077,CMP_8e58943e0a19095fb6f4,10.1016/j.scitotenv.2016.05.215,BCF,3.18,3.049135684967041,,False
final_primary216_chemical_42_2,chemical,primary216,42,simple_graph_context,BIO_6078,CMP_8e58943e0a19095fb6f4,10.1016/j.scitotenv.2016.05.215,BCF,3.45,3.049135684967041,,False
final_primary216_chemical_42_2,chemical,primary216,42,simple_graph_context,BIO_6079,CMP_8e58943e0a19095fb6f4,10.1016/j.scitotenv.2016.05.215,BCF,2.64,2.7466626167297363,,False
final_primary216_chemical_42_2,chemical,primary216,42,simple_graph_context,BIO_6080,CMP_8e58943e0a19095fb6f4,10.1016/j.scitotenv.2016.05.215,BCF,2.85,2.7466626167297363,,False
final_primary216_chemical_42_2,chemical,primary216,42,simple_graph_context,BIO_6081,CMP_8e58943e0a19095fb6f4,10.1016/j.scitotenv.2016.05.215,BCF,3.33,2.9344472885131836,,False
final_primary216_chemical_42_2,chemical,primary216,42,simple_graph_context,BIO_6082,CMP_8e58943e0a19095fb6f4,10.1016/j.scitotenv.2016.05.215,BCF,3.37,2.9344472885131836,,False
final_primary216_chemical_42_2,chemical,primary216,42,simple_graph_context,BIO_6285,CMP_cfdde373a2a8c04668f0,10.1016/j.scitotenv.2016.05.215,BCF,3.64,2.9335148334503174,,False
final_primary216_chemical_42_2,chemical,primary216,42,simple_graph_context,BIO_6286,CMP_cfdde373a2a8c04668f0,10.1016/j.scitotenv.2016.05.215,BCF,3.55,2.9335148334503174,,False
final_primary216_chemical_42_2,chemical,primary216,42,simple_graph_context,BIO_6287,CMP_cfdde373a2a8c04668f0,10.1016/j.scitotenv.2016.05.215,BCF,2.86,2.6310415267944336,,False
final_primary216_chemical_42_2,chemical,primary216,42,simple_graph_context,BIO_6288,CMP_cfdde373a2a8c04668f0,10.1016/j.scitotenv.2016.05.215,BCF,2.73,2.6310415267944336,,False
final_primary216_chemical_42_2,chemical,primary216,42,simple_graph_context,BIO_6289,CMP_cfdde373a2a8c04668f0,10.1016/j.scitotenv.2016.05.215,BCF,3.82,2.81882643699646,,False
final_primary216_chemical_42_2,chemical,primary216,42,simple_graph_context,BIO_6290,CMP_cfdde373a2a8c04668f0,10.1016/j.scitotenv.2016.05.215,BCF,3.51,2.81882643699646,,False
final_primary216_chemical_42_2,chemical,primary216,42,extra_trees_structure_context,BIO_5771,CMP_5bc76544fcbe477197d1,10.1016/j.scitotenv.2016.05.215,BCF,4.04,3.7803945312500007,,False
final_primary216_chemical_42_2,chemical,primary216,42,extra_trees_structure_context,BIO_5772,CMP_5bc76544fcbe477197d1,10.1016/j.scitotenv.2016.05.215,BCF,4.36,3.7803945312500007,,False
final_primary216_chemical_42_2,chemical,primary216,42,extra_trees_structure_context,BIO_5773,CMP_5bc76544fcbe477197d1,10.1016/j.scitotenv.2016.05.215,BCF,3.41,3.1789804687500025,,False
final_primary216_chemical_42_2,chemical,primary216,42,extra_trees_structure_context,BIO_5774,CMP_5bc76544fcbe477197d1,10.1016/j.scitotenv.2016.05.215,BCF,3.79,3.1789804687500025,,False
final_primary216_chemical_42_2,chemical,primary216,42,extra_trees_structure_context,BIO_5775,CMP_5bc76544fcbe477197d1,10.1016/j.scitotenv.2016.05.215,BCF,4.0,3.4810247395833325,,False
final_primary216_chemical_42_2,chemical,primary216,42,extra_trees_structure_context,BIO_5776,CMP_5bc76544fcbe477197d1,10.1016/j.scitotenv.2016.05.215,BCF,3.99,3.4810247395833325,,False
final_primary216_chemical_42_2,chemical,primary216,42,extra_trees_structure_context,BIO_6077,CMP_8e58943e0a19095fb6f4,10.1016/j.scitotenv.2016.05.215,BCF,3.18,2.9694270833333336,,False
final_primary216_chemical_42_2,chemical,primary216,42,extra_trees_structure_context,BIO_6078,CMP_8e58943e0a19095fb6f4,10.1016/j.scitotenv.2016.05.215,BCF,3.45,2.9694270833333336,,False
final_primary216_chemical_42_2,chemical,primary216,42,extra_trees_structure_context,BIO_6079,CMP_8e58943e0a19095fb6f4,10.1016/j.scitotenv.2016.05.215,BCF,2.64,2.3873359375000014,,False
final_primary216_chemical_42_2,chemical,primary216,42,extra_trees_structure_context,BIO_6080,CMP_8e58943e0a19095fb6f4,10.1016/j.scitotenv.2016.05.215,BCF,2.85,2.3873359375000014,,False
final_primary216_chemical_42_2,chemical,primary216,42,extra_trees_structure_context,BIO_6081,CMP_8e58943e0a19095fb6f4,10.1016/j.scitotenv.2016.05.215,BCF,3.33,2.8212031249999994,,False
final_primary216_chemical_42_2,chemical,primary216,42,extra_trees_structure_context,BIO_6082,CMP_8e58943e0a19095fb6f4,10.1016/j.scitotenv.2016.05.215,BCF,3.37,2.8212031249999994,,False
final_primary216_chemical_42_2,chemical,primary216,42,extra_trees_structure_context,BIO_6285,CMP_cfdde373a2a8c04668f0,10.1016/j.scitotenv.2016.05.215,BCF,3.64,3.0931614583333324,,False
final_primary216_chemical_42_2,chemical,primary216,42,extra_trees_structure_context,BIO_6286,CMP_cfdde373a2a8c04668f0,10.1016/j.scitotenv.2016.05.215,BCF,3.55,3.0931614583333324,,False
final_primary216_chemical_42_2,chemical,primary216,42,extra_trees_structure_context,BIO_6287,CMP_cfdde373a2a8c04668f0,10.1016/j.scitotenv.2016.05.215,BCF,2.86,2.4593528645833334,,False
final_primary216_chemical_42_2,chemical,primary216,42,extra_trees_structure_context,BIO_6288,CMP_cfdde373a2a8c04668f0,10.1016/j.scitotenv.2016.05.215,BCF,2.73,2.4593528645833334,,False
final_primary216_chemical_42_2,chemical,primary216,42,extra_trees_structure_context,BIO_6289,CMP_cfdde373a2a8c04668f0,10.1016/j.scitotenv.2016.05.215,BCF,3.82,2.9422825520833307,,False
final_primary216_chemical_42_2,chemical,primary216,42,extra_trees_structure_context,BIO_6290,CMP_cfdde373a2a8c04668f0,10.1016/j.scitotenv.2016.05.215,BCF,3.51,2.9422825520833307,,False
final_primary216_chemical_42_2,chemical,primary216,42,hist_gradient_structure_context,BIO_5771,CMP_5bc76544fcbe477197d1,10.1016/j.scitotenv.2016.05.215,BCF,4.04,4.000215323376438,,False
final_primary216_chemical_42_2,chemical,primary216,42,hist_gradient_structure_context,BIO_5772,CMP_5bc76544fcbe477197d1,10.1016/j.scitotenv.2016.05.215,BCF,4.36,4.000215323376438,,False
final_primary216_chemical_42_2,chemical,primary216,42,hist_gradient_structure_context,BIO_5773,CMP_5bc76544fcbe477197d1,10.1016/j.scitotenv.2016.05.215,BCF,3.41,4.000215323376438,,False
final_primary216_chemical_42_2,chemical,primary216,42,hist_gradient_structure_context,BIO_5774,CMP_5bc76544fcbe477197d1,10.1016/j.scitotenv.2016.05.215,BCF,3.79,4.000215323376438,,False
final_primary216_chemical_42_2,chemical,primary216,42,hist_gradient_structure_context,BIO_5775,CMP_5bc76544fcbe477197d1,10.1016/j.scitotenv.2016.05.215,BCF,4.0,4.000215323376438,,False
final_primary216_chemical_42_2,chemical,primary216,42,hist_gradient_structure_context,BIO_5776,CMP_5bc76544fcbe477197d1,10.1016/j.scitotenv.2016.05.215,BCF,3.99,4.000215323376438,,False
final_primary216_chemical_42_2,chemical,primary216,42,hist_gradient_structure_context,BIO_6077,CMP_8e58943e0a19095fb6f4,10.1016/j.scitotenv.2016.05.215,BCF,3.18,2.0837644049671544,,False
final_primary216_chemical_42_2,chemical,primary216,42,hist_gradient_structure_context,BIO_6078,CMP_8e58943e0a19095fb6f4,10.1016/j.scitotenv.2016.05.215,BCF,3.45,2.0837644049671544,,False
final_primary216_chemical_42_2,chemical,primary216,42,hist_gradient_structure_context,BIO_6079,CMP_8e58943e0a19095fb6f4,10.1016/j.scitotenv.2016.05.215,BCF,2.64,2.0837644049671544,,False
final_primary216_chemical_42_2,chemical,primary216,42,hist_gradient_structure_context,BIO_6080,CMP_8e58943e0a19095fb6f4,10.1016/j.scitotenv.2016.05.215,BCF,2.85,2.0837644049671544,,False
final_primary216_chemical_42_2,chemical,primary216,42,hist_gradient_structure_context,BIO_6081,CMP_8e58943e0a19095fb6f4,10.1016/j.scitotenv.2016.05.215,BCF,3.33,2.0837644049671544,,False
final_primary216_chemical_42_2,chemical,primary216,42,hist_gradient_structure_context,BIO_6082,CMP_8e58943e0a19095fb6f4,10.1016/j.scitotenv.2016.05.215,BCF,3.37,2.0837644049671544,,False
final_primary216_chemical_42_2,chemical,primary216,42,hist_gradient_structure_context,BIO_6285,CMP_cfdde373a2a8c04668f0,10.1016/j.scitotenv.2016.05.215,BCF,3.64,4.654514695559294,,False
final_primary216_chemical_42_2,chemical,primary216,42,hist_gradient_structure_context,BIO_6286,CMP_cfdde373a2a8c04668f0,10.1016/j.scitotenv.2016.05.215,BCF,3.55,4.654514695559294,,False
final_primary216_chemical_42_2,chemical,primary216,42,hist_gradient_structure_context,BIO_6287,CMP_cfdde373a2a8c04668f0,10.1016/j.scitotenv.2016.05.215,BCF,2.86,4.654514695559294,,False
final_primary216_chemical_42_2,chemical,primary216,42,hist_gradient_structure_context,BIO_6288,CMP_cfdde373a2a8c04668f0,10.1016/j.scitotenv.2016.05.215,BCF,2.73,4.654514695559294,,False
final_primary216_chemical_42_2,chemical,primary216,42,hist_gradient_structure_context,BIO_6289,CMP_cfdde373a2a8c04668f0,10.1016/j.scitotenv.2016.05.215,BCF,3.82,4.654514695559294,,False
final_primary216_chemical_42_2,chemical,primary216,42,hist_gradient_structure_context,BIO_6290,CMP_cfdde373a2a8c04668f0,10.1016/j.scitotenv.2016.05.215,BCF,3.51,4.654514695559294,,False
final_primary216_chemical_42_2,chemical,primary216,42,nearest_chemical_context,BIO_5771,CMP_5bc76544fcbe477197d1,10.1016/j.scitotenv.2016.05.215,BCF,4.04,4.95,,False
final_primary216_chemical_42_2,chemical,primary216,42,nearest_chemical_context,BIO_5772,CMP_5bc76544fcbe477197d1,10.1016/j.scitotenv.2016.05.215,BCF,4.36,4.95,,False
final_primary216_chemical_42_2,chemical,primary216,42,nearest_chemical_context,BIO_5773,CMP_5bc76544fcbe477197d1,10.1016/j.scitotenv.2016.05.215,BCF,3.41,3.77,,False
final_primary216_chemical_42_2,chemical,primary216,42,nearest_chemical_context,BIO_5774,CMP_5bc76544fcbe477197d1,10.1016/j.scitotenv.2016.05.215,BCF,3.79,3.77,,False
final_primary216_chemical_42_2,chemical,primary216,42,nearest_chemical_context,BIO_5775,CMP_5bc76544fcbe477197d1,10.1016/j.scitotenv.2016.05.215,BCF,4.0,4.33,,False
final_primary216_chemical_42_2,chemical,primary216,42,nearest_chemical_context,BIO_5776,CMP_5bc76544fcbe477197d1,10.1016/j.scitotenv.2016.05.215,BCF,3.99,4.33,,False
final_primary216_chemical_42_2,chemical,primary216,42,nearest_chemical_context,BIO_6077,CMP_8e58943e0a19095fb6f4,10.1016/j.scitotenv.2016.05.215,BCF,3.18,4.95,,False
final_primary216_chemical_42_2,chemical,primary216,42,nearest_chemical_context,BIO_6078,CMP_8e58943e0a19095fb6f4,10.1016/j.scitotenv.2016.05.215,BCF,3.45,4.95,,False
final_primary216_chemical_42_2,chemical,primary216,42,nearest_chemical_context,BIO_6079,CMP_8e58943e0a19095fb6f4,10.1016/j.scitotenv.2016.05.215,BCF,2.64,3.77,,False
final_primary216_chemical_42_2,chemical,primary216,42,nearest_chemical_context,BIO_6080,CMP_8e58943e0a19095fb6f4,10.1016/j.scitotenv.2016.05.215,BCF,2.85,3.77,,False
final_primary216_chemical_42_2,chemical,primary216,42,nearest_chemical_context,BIO_6081,CMP_8e58943e0a19095fb6f4,10.1016/j.scitotenv.2016.05.215,BCF,3.33,4.33,,False
final_primary216_chemical_42_2,chemical,primary216,42,nearest_chemical_context,BIO_6082,CMP_8e58943e0a19095fb6f4,10.1016/j.scitotenv.2016.05.215,BCF,3.37,4.33,,False
final_primary216_chemical_42_2,chemical,primary216,42,nearest_chemical_context,BIO_6285,CMP_cfdde373a2a8c04668f0,10.1016/j.scitotenv.2016.05.215,BCF,3.64,2.56,,False
final_primary216_chemical_42_2,chemical,primary216,42,nearest_chemical_context,BIO_6286,CMP_cfdde373a2a8c04668f0,10.1016/j.scitotenv.2016.05.215,BCF,3.55,2.56,,False
final_primary216_chemical_42_2,chemical,primary216,42,nearest_chemical_context,BIO_6287,CMP_cfdde373a2a8c04668f0,10.1016/j.scitotenv.2016.05.215,BCF,2.86,1.69,,False
final_primary216_chemical_42_2,chemical,primary216,42,nearest_chemical_context,BIO_6288,CMP_cfdde373a2a8c04668f0,10.1016/j.scitotenv.2016.05.215,BCF,2.73,1.69,,False
final_primary216_chemical_42_2,chemical,primary216,42,nearest_chemical_context,BIO_6289,CMP_cfdde373a2a8c04668f0,10.1016/j.scitotenv.2016.05.215,BCF,3.82,2.74,,False
final_primary216_chemical_42_2,chemical,primary216,42,nearest_chemical_context,BIO_6290,CMP_cfdde373a2a8c04668f0,10.1016/j.scitotenv.2016.05.215,BCF,3.51,2.74,,False
