task,design,cohort,seed,model,record_id,compound_id,study_id,endpoint,observed,predicted,transport_key,test_chemical_seen_in_bio_train
final_primary216_chemical_43_3,chemical,primary216,43,full_multitask,BIO_5694,CMP_cfdde373a2a8c04668f0,10.1021/acs.est.6b01197,BAF,4.32,3.5755465596180107,e2f03ed3e2e68670,False
final_primary216_chemical_43_3,chemical,primary216,43,full_multitask,BIO_5695,CMP_cfdde373a2a8c04668f0,10.1021/acs.est.6b01197,BAF,2.4700000000000006,2.0985381651156008,e2f03ed3e2e68670,False
final_primary216_chemical_43_3,chemical,primary216,43,full_multitask,BIO_5696,CMP_cfdde373a2a8c04668f0,10.1021/acs.est.6b01197,BAF,4.35,3.5350464590721566,e2f03ed3e2e68670,False
final_primary216_chemical_43_3,chemical,primary216,43,full_multitask,BIO_5907,CMP_a97661d9260d026cb14f,10.1021/acs.est.6b01197,BAF,1.98,1.5263274531352105,e2f03ed3e2e68670,False
final_primary216_chemical_43_3,chemical,primary216,43,full_multitask,BIO_5908,CMP_a97661d9260d026cb14f,10.1021/acs.est.6b01197,BAF,2.01,1.5383199986634926,e2f03ed3e2e68670,False
final_primary216_chemical_43_3,chemical,primary216,43,full_multitask,BIO_6384,CMP_cfdde373a2a8c04668f0,10.1021/acs.est.5b04299,BAF,3.798000000000001,3.336863782054932,e2f03ed3e2e68670,False
final_primary216_chemical_43_3,chemical,primary216,43,full_multitask,BIO_6385,CMP_cfdde373a2a8c04668f0,10.1021/acs.est.5b04299,BAF,3.3090000000000006,3.252786927572196,e2f03ed3e2e68670,False
final_primary216_chemical_43_3,chemical,primary216,43,full_multitask,BIO_6386,CMP_cfdde373a2a8c04668f0,10.1021/acs.est.5b04299,BAF,3.984,3.437550596107424,e2f03ed3e2e68670,False
final_primary216_chemical_43_3,chemical,primary216,43,full_multitask,BIO_6387,CMP_cfdde373a2a8c04668f0,10.1021/acs.est.5b04299,BAF,3.4720000000000004,3.246103855771689,e2f03ed3e2e68670,False
final_primary216_chemical_43_3,chemical,primary216,43,full_multitask,BIO_6388,CMP_cfdde373a2a8c04668f0,10.1021/acs.est.5b04299,BAF,3.4600000000000004,3.159162375861432,e2f03ed3e2e68670,False
final_primary216_chemical_43_3,chemical,primary216,43,full_multitask,BIO_6389,CMP_cfdde373a2a8c04668f0,10.1021/acs.est.5b04299,BAF,3.770000000000001,3.375945718864947,e2f03ed3e2e68670,False
final_primary216_chemical_43_3,chemical,primary216,43,full_multitask,BIO_6390,CMP_cfdde373a2a8c04668f0,10.1021/acs.est.5b04299,BAF,3.700000000000001,3.436089809738316,e2f03ed3e2e68670,False
final_primary216_chemical_43_3,chemical,primary216,43,full_multitask,BIO_6391,CMP_cfdde373a2a8c04668f0,10.1021/acs.est.5b04299,BAF,3.755000000000001,3.4493613236520826,e2f03ed3e2e68670,False
final_primary216_chemical_43_3,chemical,primary216,43,full_multitask,BIO_6392,CMP_cfdde373a2a8c04668f0,10.1021/acs.est.5b04299,BAF,3.646000000000001,3.4707575961655612,e2f03ed3e2e68670,False
final_primary216_chemical_43_3,chemical,primary216,43,full_multitask,BIO_6393,CMP_cfdde373a2a8c04668f0,10.1021/acs.est.5b04299,BAF,2.870000000000001,2.76916408256182,e2f03ed3e2e68670,False
final_primary216_chemical_43_3,chemical,primary216,43,full_multitask,BIO_6395,CMP_cfdde373a2a8c04668f0,10.1021/acs.est.5b04299,BAF,4.03,3.3584953678841876,e2f03ed3e2e68670,False
final_primary216_chemical_43_3,chemical,primary216,43,full_multitask,BIO_6396,CMP_cfdde373a2a8c04668f0,10.1021/acs.est.5b04299,BAF,3.873,3.2750511659839625,e2f03ed3e2e68670,False
final_primary216_chemical_43_3,chemical,primary216,43,full_multitask,BIO_6397,CMP_cfdde373a2a8c04668f0,10.1021/acs.est.5b04299,BAF,4.301,3.417985525864206,e2f03ed3e2e68670,False
final_primary216_chemical_43_3,chemical,primary216,43,full_multitask,BIO_6398,CMP_cfdde373a2a8c04668f0,10.1021/acs.est.5b04299,BAF,3.838000000000001,3.290239334139829,e2f03ed3e2e68670,False
final_primary216_chemical_43_3,chemical,primary216,43,full_multitask,BIO_6399,CMP_cfdde373a2a8c04668f0,10.1021/acs.est.5b04299,BAF,3.912000000000001,3.2551968220058853,e2f03ed3e2e68670,False
final_primary216_chemical_43_3,chemical,primary216,43,full_multitask,BIO_6400,CMP_cfdde373a2a8c04668f0,10.1021/acs.est.5b04299,BAF,4.0600000000000005,3.384781585044538,e2f03ed3e2e68670,False
final_primary216_chemical_43_3,chemical,primary216,43,full_multitask,BIO_6401,CMP_cfdde373a2a8c04668f0,10.1021/acs.est.5b04299,BAF,3.954,3.4419274981947763,e2f03ed3e2e68670,False
final_primary216_chemical_43_3,chemical,primary216,43,full_multitask,BIO_6402,CMP_cfdde373a2a8c04668f0,10.1021/acs.est.5b04299,BAF,4.072000000000001,3.4735275712353038,e2f03ed3e2e68670,False
final_primary216_chemical_43_3,chemical,primary216,43,full_multitask,BIO_6403,CMP_cfdde373a2a8c04668f0,10.1021/acs.est.5b04299,BAF,3.9650000000000007,3.441159257269429,e2f03ed3e2e68670,False
final_primary216_chemical_43_3,chemical,primary216,43,full_multitask,BIO_6404,CMP_cfdde373a2a8c04668f0,10.1021/acs.est.5b04299,BAF,3.1950000000000003,2.73762738536688,e2f03ed3e2e68670,False
final_primary216_chemical_43_3,chemical,primary216,43,full_multitask,BIO_6407,CMP_cfdde373a2a8c04668f0,10.1021/acs.est.9b04906,BAF,3.7848311781244695,3.4213370869716053,e2f03ed3e2e68670,False
final_primary216_chemical_43_3,chemical,primary216,43,full_multitask,BIO_6506,CMP_ba6c40d3726d16919ab2,10.1021/acs.est.6b01197,BAF,5.340000000000001,4.2420963725323215,e2f03ed3e2e68670,False
final_primary216_chemical_43_3,chemical,primary216,43,full_multitask,BIO_6507,CMP_ba6c40d3726d16919ab2,10.1021/acs.est.6b01197,BAF,5.200000000000001,4.239712068215018,e2f03ed3e2e68670,False
final_primary216_chemical_43_3,chemical,primary216,43,full_multitask,BIO_6593,CMP_ba6c40d3726d16919ab2,10.1021/acs.est.7b02399,BAF,3.012837224705172,3.5643678542046926,e2f03ed3e2e68670,False
final_primary216_chemical_43_3,chemical,primary216,43,full_multitask,BIO_6594,CMP_ba6c40d3726d16919ab2,10.1021/acs.est.7b02399,BAF,3.840733234611807,3.630308912590032,e2f03ed3e2e68670,False
final_primary216_chemical_43_3,chemical,primary216,43,full_multitask,BIO_6595,CMP_ba6c40d3726d16919ab2,10.1021/acs.est.7b02399,BAF,3.99563519459755,3.597652864843798,e2f03ed3e2e68670,False
final_primary216_chemical_43_3,chemical,primary216,43,full_multitask,BIO_6596,CMP_ba6c40d3726d16919ab2,10.1021/acs.est.7b02399,BAF,4.44870631990508,3.622438318829637,e2f03ed3e2e68670,False
final_primary216_chemical_43_3,chemical,primary216,43,full_multitask,BIO_6597,CMP_ba6c40d3726d16919ab2,10.1021/acs.est.7b02399,BAF,4.429752280002408,3.602793005588189,e2f03ed3e2e68670,False
final_primary216_chemical_43_3,chemical,primary216,43,full_multitask,BIO_6598,CMP_ba6c40d3726d16919ab2,10.1021/acs.est.7b02399,BAF,4.515476441382376,3.5761851963190145,e2f03ed3e2e68670,False
final_primary216_chemical_43_3,chemical,primary216,43,full_multitask,BIO_6629,CMP_cfdde373a2a8c04668f0,10.1021/acs.est.7b02399,BAF,2.0863598306747484,3.1730082721330817,e2f03ed3e2e68670,False
final_primary216_chemical_43_3,chemical,primary216,43,full_multitask,BIO_6630,CMP_cfdde373a2a8c04668f0,10.1021/acs.est.7b02399,BAF,3.1398790864012365,3.086404538350999,e2f03ed3e2e68670,False
final_primary216_chemical_43_3,chemical,primary216,43,full_multitask,BIO_6631,CMP_cfdde373a2a8c04668f0,10.1021/acs.est.7b02399,BAF,3.551449997972876,3.099416420070211,e2f03ed3e2e68670,False
final_primary216_chemical_43_3,chemical,primary216,43,full_multitask,BIO_6632,CMP_cfdde373a2a8c04668f0,10.1021/acs.est.7b02399,BAF,3.376576957056512,3.0627389878531366,e2f03ed3e2e68670,False
final_primary216_chemical_43_3,chemical,primary216,43,full_multitask,BIO_6633,CMP_cfdde373a2a8c04668f0,10.1021/acs.est.7b02399,BAF,3.447623097760286,3.0983500480878146,e2f03ed3e2e68670,False
final_primary216_chemical_43_3,chemical,primary216,43,full_multitask,BIO_6634,CMP_cfdde373a2a8c04668f0,10.1021/acs.est.7b02399,BAF,3.851869600729766,3.1144531972629053,e2f03ed3e2e68670,False
final_primary216_chemical_43_3,chemical,primary216,43,full_multitask,BIO_6713,CMP_a97661d9260d026cb14f,10.1021/acs.est.7b02259,BAF,1.1000000000000003,1.0382355464785937,e2f03ed3e2e68670,False
final_primary216_chemical_43_3,chemical,primary216,43,full_multitask,BIO_6714,CMP_a97661d9260d026cb14f,10.1021/acs.est.7b02259,BAF,0.6100000000000001,0.5409768384539126,e2f03ed3e2e68670,False
final_primary216_chemical_43_3,chemical,primary216,43,full_multitask,BIO_6715,CMP_a97661d9260d026cb14f,10.1021/acs.est.7b02259,BAF,-0.2700000000000001,0.17404367359386264,e2f03ed3e2e68670,False
final_primary216_chemical_43_3,chemical,primary216,43,full_multitask,BIO_6725,CMP_ba6c40d3726d16919ab2,10.1021/acs.est.7b02259,BAF,4.430000000000001,4.185296401375481,e2f03ed3e2e68670,False
final_primary216_chemical_43_3,chemical,primary216,43,full_multitask,BIO_6726,CMP_ba6c40d3726d16919ab2,10.1021/acs.est.7b02259,BAF,3.9100000000000006,4.0590780925612355,e2f03ed3e2e68670,False
final_primary216_chemical_43_3,chemical,primary216,43,full_multitask,BIO_6727,CMP_ba6c40d3726d16919ab2,10.1021/acs.est.7b02259,BAF,3.1700000000000004,3.6458269410668014,e2f03ed3e2e68670,False
final_primary216_chemical_43_3,chemical,primary216,43,full_multitask,BIO_6728,CMP_812738d2ca27e93d42c8,10.1021/acs.est.7b02259,BAF,4.7700000000000005,4.394978507752579,e2f03ed3e2e68670,False
final_primary216_chemical_43_3,chemical,primary216,43,full_multitask,BIO_6729,CMP_812738d2ca27e93d42c8,10.1021/acs.est.7b02259,BAF,4.32,4.323712472741816,e2f03ed3e2e68670,False
final_primary216_chemical_43_3,chemical,primary216,43,full_multitask,BIO_6730,CMP_812738d2ca27e93d42c8,10.1021/acs.est.7b02259,BAF,3.620000000000001,3.966558618400664,e2f03ed3e2e68670,False
final_primary216_chemical_43_3,chemical,primary216,43,full_multitask,BIO_6740,CMP_cfdde373a2a8c04668f0,10.1021/acs.est.7b02259,BAF,3.86,3.4153807910128675,e2f03ed3e2e68670,False
final_primary216_chemical_43_3,chemical,primary216,43,full_multitask,BIO_6741,CMP_cfdde373a2a8c04668f0,10.1021/acs.est.7b02259,BAF,3.65,3.3892498922164265,e2f03ed3e2e68670,False
final_primary216_chemical_43_3,chemical,primary216,43,full_multitask,BIO_6742,CMP_cfdde373a2a8c04668f0,10.1021/acs.est.7b02259,BAF,2.7300000000000004,2.740983907401527,e2f03ed3e2e68670,False
final_primary216_chemical_43_3,chemical,primary216,43,full_multitask,BIO_5862,CMP_812738d2ca27e93d42c8,10.1016/j.scitotenv.2016.05.215,BCF,4.95,4.429967094094539,e2f03ed3e2e68670,False
final_primary216_chemical_43_3,chemical,primary216,43,full_multitask,BIO_5863,CMP_812738d2ca27e93d42c8,10.1016/j.scitotenv.2016.05.215,BCF,4.66,4.440153495379591,e2f03ed3e2e68670,False
final_primary216_chemical_43_3,chemical,primary216,43,full_multitask,BIO_5864,CMP_812738d2ca27e93d42c8,10.1016/j.scitotenv.2016.05.215,BCF,3.77,4.069035847487286,e2f03ed3e2e68670,False
final_primary216_chemical_43_3,chemical,primary216,43,full_multitask,BIO_5865,CMP_812738d2ca27e93d42c8,10.1016/j.scitotenv.2016.05.215,BCF,3.66,4.065116909243891,e2f03ed3e2e68670,False
final_primary216_chemical_43_3,chemical,primary216,43,full_multitask,BIO_5866,CMP_812738d2ca27e93d42c8,10.1016/j.scitotenv.2016.05.215,BCF,4.33,4.17533297918596,e2f03ed3e2e68670,False
final_primary216_chemical_43_3,chemical,primary216,43,full_multitask,BIO_5867,CMP_812738d2ca27e93d42c8,10.1016/j.scitotenv.2016.05.215,BCF,3.65,4.191530305544438,e2f03ed3e2e68670,False
final_primary216_chemical_43_3,chemical,primary216,43,full_multitask,BIO_6285,CMP_cfdde373a2a8c04668f0,10.1016/j.scitotenv.2016.05.215,BCF,3.64,3.1653340759425137,e2f03ed3e2e68670,False
final_primary216_chemical_43_3,chemical,primary216,43,full_multitask,BIO_6286,CMP_cfdde373a2a8c04668f0,10.1016/j.scitotenv.2016.05.215,BCF,3.55,3.1995537256596958,e2f03ed3e2e68670,False
final_primary216_chemical_43_3,chemical,primary216,43,full_multitask,BIO_6287,CMP_cfdde373a2a8c04668f0,10.1016/j.scitotenv.2016.05.215,BCF,2.86,2.713431716876237,e2f03ed3e2e68670,False
final_primary216_chemical_43_3,chemical,primary216,43,full_multitask,BIO_6288,CMP_cfdde373a2a8c04668f0,10.1016/j.scitotenv.2016.05.215,BCF,2.73,2.688732948282736,e2f03ed3e2e68670,False
final_primary216_chemical_43_3,chemical,primary216,43,full_multitask,BIO_6289,CMP_cfdde373a2a8c04668f0,10.1016/j.scitotenv.2016.05.215,BCF,3.82,3.056107533870613,e2f03ed3e2e68670,False
final_primary216_chemical_43_3,chemical,primary216,43,full_multitask,BIO_6290,CMP_cfdde373a2a8c04668f0,10.1016/j.scitotenv.2016.05.215,BCF,3.51,3.0520249347703734,e2f03ed3e2e68670,False
final_primary216_chemical_43_3,chemical,primary216,43,full_multitask,BIO_6495,CMP_ba6c40d3726d16919ab2,10.1016/j.scitotenv.2016.05.215,BCF,4.14,4.227035789158692,e2f03ed3e2e68670,False
final_primary216_chemical_43_3,chemical,primary216,43,full_multitask,BIO_6497,CMP_ba6c40d3726d16919ab2,10.1016/j.scitotenv.2016.05.215,BCF,3.64,3.8788565784422473,e2f03ed3e2e68670,False
final_primary216_chemical_43_3,chemical,primary216,43,full_multitask,BIO_6498,CMP_ba6c40d3726d16919ab2,10.1016/j.scitotenv.2016.05.215,BCF,3.63,3.8654951905242187,e2f03ed3e2e68670,False
final_primary216_chemical_43_3,chemical,primary216,43,full_multitask,BIO_6499,CMP_ba6c40d3726d16919ab2,10.1016/j.scitotenv.2016.05.215,BCF,4.31,4.0047533298779925,e2f03ed3e2e68670,False
final_primary216_chemical_43_3,chemical,primary216,43,full_multitask,BIO_6500,CMP_ba6c40d3726d16919ab2,10.1016/j.scitotenv.2016.05.215,BCF,3.81,4.026775827087124,e2f03ed3e2e68670,False
final_primary216_chemical_43_3,chemical,primary216,43,structure_context,BIO_5694,CMP_cfdde373a2a8c04668f0,10.1021/acs.est.6b01197,BAF,4.32,3.5673310987317888,e2f03ed3e2e68670,False
final_primary216_chemical_43_3,chemical,primary216,43,structure_context,BIO_5695,CMP_cfdde373a2a8c04668f0,10.1021/acs.est.6b01197,BAF,2.4700000000000006,2.1015200131198752,e2f03ed3e2e68670,False
final_primary216_chemical_43_3,chemical,primary216,43,structure_context,BIO_5696,CMP_cfdde373a2a8c04668f0,10.1021/acs.est.6b01197,BAF,4.35,3.5673310987317888,e2f03ed3e2e68670,False
final_primary216_chemical_43_3,chemical,primary216,43,structure_context,BIO_5907,CMP_a97661d9260d026cb14f,10.1021/acs.est.6b01197,BAF,1.98,1.5257743097471061,e2f03ed3e2e68670,False
final_primary216_chemical_43_3,chemical,primary216,43,structure_context,BIO_5908,CMP_a97661d9260d026cb14f,10.1021/acs.est.6b01197,BAF,2.01,1.5257743097471061,e2f03ed3e2e68670,False
final_primary216_chemical_43_3,chemical,primary216,43,structure_context,BIO_6384,CMP_cfdde373a2a8c04668f0,10.1021/acs.est.5b04299,BAF,3.798000000000001,3.3616029753941876,e2f03ed3e2e68670,False
final_primary216_chemical_43_3,chemical,primary216,43,structure_context,BIO_6385,CMP_cfdde373a2a8c04668f0,10.1021/acs.est.5b04299,BAF,3.3090000000000006,3.224639287826435,e2f03ed3e2e68670,False
final_primary216_chemical_43_3,chemical,primary216,43,structure_context,BIO_6386,CMP_cfdde373a2a8c04668f0,10.1021/acs.est.5b04299,BAF,3.984,3.434748209646331,e2f03ed3e2e68670,False
final_primary216_chemical_43_3,chemical,primary216,43,structure_context,BIO_6387,CMP_cfdde373a2a8c04668f0,10.1021/acs.est.5b04299,BAF,3.4720000000000004,3.3299441153657763,e2f03ed3e2e68670,False
final_primary216_chemical_43_3,chemical,primary216,43,structure_context,BIO_6388,CMP_cfdde373a2a8c04668f0,10.1021/acs.est.5b04299,BAF,3.4600000000000004,3.2448693290261303,e2f03ed3e2e68670,False
final_primary216_chemical_43_3,chemical,primary216,43,structure_context,BIO_6389,CMP_cfdde373a2a8c04668f0,10.1021/acs.est.5b04299,BAF,3.770000000000001,3.3022014113065987,e2f03ed3e2e68670,False
final_primary216_chemical_43_3,chemical,primary216,43,structure_context,BIO_6390,CMP_cfdde373a2a8c04668f0,10.1021/acs.est.5b04299,BAF,3.700000000000001,3.4035607203885596,e2f03ed3e2e68670,False
final_primary216_chemical_43_3,chemical,primary216,43,structure_context,BIO_6391,CMP_cfdde373a2a8c04668f0,10.1021/acs.est.5b04299,BAF,3.755000000000001,3.4223238154011475,e2f03ed3e2e68670,False
final_primary216_chemical_43_3,chemical,primary216,43,structure_context,BIO_6392,CMP_cfdde373a2a8c04668f0,10.1021/acs.est.5b04299,BAF,3.646000000000001,3.418446809416109,e2f03ed3e2e68670,False
final_primary216_chemical_43_3,chemical,primary216,43,structure_context,BIO_6393,CMP_cfdde373a2a8c04668f0,10.1021/acs.est.5b04299,BAF,2.870000000000001,2.863724089451969,e2f03ed3e2e68670,False
final_primary216_chemical_43_3,chemical,primary216,43,structure_context,BIO_6395,CMP_cfdde373a2a8c04668f0,10.1021/acs.est.5b04299,BAF,4.03,3.3616029753941876,e2f03ed3e2e68670,False
final_primary216_chemical_43_3,chemical,primary216,43,structure_context,BIO_6396,CMP_cfdde373a2a8c04668f0,10.1021/acs.est.5b04299,BAF,3.873,3.224639287826435,e2f03ed3e2e68670,False
final_primary216_chemical_43_3,chemical,primary216,43,structure_context,BIO_6397,CMP_cfdde373a2a8c04668f0,10.1021/acs.est.5b04299,BAF,4.301,3.434748209646331,e2f03ed3e2e68670,False
final_primary216_chemical_43_3,chemical,primary216,43,structure_context,BIO_6398,CMP_cfdde373a2a8c04668f0,10.1021/acs.est.5b04299,BAF,3.838000000000001,3.3299441153657763,e2f03ed3e2e68670,False
final_primary216_chemical_43_3,chemical,primary216,43,structure_context,BIO_6399,CMP_cfdde373a2a8c04668f0,10.1021/acs.est.5b04299,BAF,3.912000000000001,3.2448693290261303,e2f03ed3e2e68670,False
final_primary216_chemical_43_3,chemical,primary216,43,structure_context,BIO_6400,CMP_cfdde373a2a8c04668f0,10.1021/acs.est.5b04299,BAF,4.0600000000000005,3.3022014113065987,e2f03ed3e2e68670,False
final_primary216_chemical_43_3,chemical,primary216,43,structure_context,BIO_6401,CMP_cfdde373a2a8c04668f0,10.1021/acs.est.5b04299,BAF,3.954,3.4035607203885596,e2f03ed3e2e68670,False
final_primary216_chemical_43_3,chemical,primary216,43,structure_context,BIO_6402,CMP_cfdde373a2a8c04668f0,10.1021/acs.est.5b04299,BAF,4.072000000000001,3.4223238154011475,e2f03ed3e2e68670,False
final_primary216_chemical_43_3,chemical,primary216,43,structure_context,BIO_6403,CMP_cfdde373a2a8c04668f0,10.1021/acs.est.5b04299,BAF,3.9650000000000007,3.418446809416109,e2f03ed3e2e68670,False
final_primary216_chemical_43_3,chemical,primary216,43,structure_context,BIO_6404,CMP_cfdde373a2a8c04668f0,10.1021/acs.est.5b04299,BAF,3.1950000000000003,2.863724089451969,e2f03ed3e2e68670,False
final_primary216_chemical_43_3,chemical,primary216,43,structure_context,BIO_6407,CMP_cfdde373a2a8c04668f0,10.1021/acs.est.9b04906,BAF,3.7848311781244695,3.364983227197502,e2f03ed3e2e68670,False
final_primary216_chemical_43_3,chemical,primary216,43,structure_context,BIO_6506,CMP_ba6c40d3726d16919ab2,10.1021/acs.est.6b01197,BAF,5.340000000000001,4.150043390897263,e2f03ed3e2e68670,False
final_primary216_chemical_43_3,chemical,primary216,43,structure_context,BIO_6507,CMP_ba6c40d3726d16919ab2,10.1021/acs.est.6b01197,BAF,5.200000000000001,4.150043390897263,e2f03ed3e2e68670,False
final_primary216_chemical_43_3,chemical,primary216,43,structure_context,BIO_6593,CMP_ba6c40d3726d16919ab2,10.1021/acs.est.7b02399,BAF,3.012837224705172,3.451936375622056,e2f03ed3e2e68670,False
final_primary216_chemical_43_3,chemical,primary216,43,structure_context,BIO_6594,CMP_ba6c40d3726d16919ab2,10.1021/acs.est.7b02399,BAF,3.840733234611807,3.451936375622056,e2f03ed3e2e68670,False
final_primary216_chemical_43_3,chemical,primary216,43,structure_context,BIO_6595,CMP_ba6c40d3726d16919ab2,10.1021/acs.est.7b02399,BAF,3.99563519459755,3.451936375622056,e2f03ed3e2e68670,False
final_primary216_chemical_43_3,chemical,primary216,43,structure_context,BIO_6596,CMP_ba6c40d3726d16919ab2,10.1021/acs.est.7b02399,BAF,4.44870631990508,3.451936375622056,e2f03ed3e2e68670,False
final_primary216_chemical_43_3,chemical,primary216,43,structure_context,BIO_6597,CMP_ba6c40d3726d16919ab2,10.1021/acs.est.7b02399,BAF,4.429752280002408,3.451936375622056,e2f03ed3e2e68670,False
final_primary216_chemical_43_3,chemical,primary216,43,structure_context,BIO_6598,CMP_ba6c40d3726d16919ab2,10.1021/acs.est.7b02399,BAF,4.515476441382376,3.451936375622056,e2f03ed3e2e68670,False
final_primary216_chemical_43_3,chemical,primary216,43,structure_context,BIO_6629,CMP_cfdde373a2a8c04668f0,10.1021/acs.est.7b02399,BAF,2.0863598306747484,3.009551517409285,e2f03ed3e2e68670,False
final_primary216_chemical_43_3,chemical,primary216,43,structure_context,BIO_6630,CMP_cfdde373a2a8c04668f0,10.1021/acs.est.7b02399,BAF,3.1398790864012365,3.009551517409285,e2f03ed3e2e68670,False
final_primary216_chemical_43_3,chemical,primary216,43,structure_context,BIO_6631,CMP_cfdde373a2a8c04668f0,10.1021/acs.est.7b02399,BAF,3.551449997972876,3.009551517409285,e2f03ed3e2e68670,False
final_primary216_chemical_43_3,chemical,primary216,43,structure_context,BIO_6632,CMP_cfdde373a2a8c04668f0,10.1021/acs.est.7b02399,BAF,3.376576957056512,3.009551517409285,e2f03ed3e2e68670,False
final_primary216_chemical_43_3,chemical,primary216,43,structure_context,BIO_6633,CMP_cfdde373a2a8c04668f0,10.1021/acs.est.7b02399,BAF,3.447623097760286,3.009551517409285,e2f03ed3e2e68670,False
final_primary216_chemical_43_3,chemical,primary216,43,structure_context,BIO_6634,CMP_cfdde373a2a8c04668f0,10.1021/acs.est.7b02399,BAF,3.851869600729766,3.009551517409285,e2f03ed3e2e68670,False
final_primary216_chemical_43_3,chemical,primary216,43,structure_context,BIO_6713,CMP_a97661d9260d026cb14f,10.1021/acs.est.7b02259,BAF,1.1000000000000003,0.9769434556990761,e2f03ed3e2e68670,False
final_primary216_chemical_43_3,chemical,primary216,43,structure_context,BIO_6714,CMP_a97661d9260d026cb14f,10.1021/acs.est.7b02259,BAF,0.6100000000000001,0.5354632639109602,e2f03ed3e2e68670,False
final_primary216_chemical_43_3,chemical,primary216,43,structure_context,BIO_6715,CMP_a97661d9260d026cb14f,10.1021/acs.est.7b02259,BAF,-0.2700000000000001,0.2085330320044365,e2f03ed3e2e68670,False
final_primary216_chemical_43_3,chemical,primary216,43,structure_context,BIO_6725,CMP_ba6c40d3726d16919ab2,10.1021/acs.est.7b02259,BAF,4.430000000000001,4.085649811084684,e2f03ed3e2e68670,False
final_primary216_chemical_43_3,chemical,primary216,43,structure_context,BIO_6726,CMP_ba6c40d3726d16919ab2,10.1021/acs.est.7b02259,BAF,3.9100000000000006,3.950992468929593,e2f03ed3e2e68670,False
final_primary216_chemical_43_3,chemical,primary216,43,structure_context,BIO_6727,CMP_ba6c40d3726d16919ab2,10.1021/acs.est.7b02259,BAF,3.1700000000000004,3.5810300378689943,e2f03ed3e2e68670,False
final_primary216_chemical_43_3,chemical,primary216,43,structure_context,BIO_6728,CMP_812738d2ca27e93d42c8,10.1021/acs.est.7b02259,BAF,4.7700000000000005,4.314119610405306,e2f03ed3e2e68670,False
final_primary216_chemical_43_3,chemical,primary216,43,structure_context,BIO_6729,CMP_812738d2ca27e93d42c8,10.1021/acs.est.7b02259,BAF,4.32,4.220178003767097,e2f03ed3e2e68670,False
final_primary216_chemical_43_3,chemical,primary216,43,structure_context,BIO_6730,CMP_812738d2ca27e93d42c8,10.1021/acs.est.7b02259,BAF,3.620000000000001,3.9066723717209877,e2f03ed3e2e68670,False
final_primary216_chemical_43_3,chemical,primary216,43,structure_context,BIO_6740,CMP_cfdde373a2a8c04668f0,10.1021/acs.est.7b02259,BAF,3.86,3.434748209646331,e2f03ed3e2e68670,False
final_primary216_chemical_43_3,chemical,primary216,43,structure_context,BIO_6741,CMP_cfdde373a2a8c04668f0,10.1021/acs.est.7b02259,BAF,3.65,3.418446809416109,e2f03ed3e2e68670,False
final_primary216_chemical_43_3,chemical,primary216,43,structure_context,BIO_6742,CMP_cfdde373a2a8c04668f0,10.1021/acs.est.7b02259,BAF,2.7300000000000004,2.863724089451969,e2f03ed3e2e68670,False
final_primary216_chemical_43_3,chemical,primary216,43,structure_context,BIO_5862,CMP_812738d2ca27e93d42c8,10.1016/j.scitotenv.2016.05.215,BCF,4.95,4.385073374526662,e2f03ed3e2e68670,False
final_primary216_chemical_43_3,chemical,primary216,43,structure_context,BIO_5863,CMP_812738d2ca27e93d42c8,10.1016/j.scitotenv.2016.05.215,BCF,4.66,4.385073374526662,e2f03ed3e2e68670,False
final_primary216_chemical_43_3,chemical,primary216,43,structure_context,BIO_5864,CMP_812738d2ca27e93d42c8,10.1016/j.scitotenv.2016.05.215,BCF,3.77,4.028830340169559,e2f03ed3e2e68670,False
final_primary216_chemical_43_3,chemical,primary216,43,structure_context,BIO_5865,CMP_812738d2ca27e93d42c8,10.1016/j.scitotenv.2016.05.215,BCF,3.66,4.028830340169559,e2f03ed3e2e68670,False
final_primary216_chemical_43_3,chemical,primary216,43,structure_context,BIO_5866,CMP_812738d2ca27e93d42c8,10.1016/j.scitotenv.2016.05.215,BCF,4.33,4.168556603957576,e2f03ed3e2e68670,False
final_primary216_chemical_43_3,chemical,primary216,43,structure_context,BIO_5867,CMP_812738d2ca27e93d42c8,10.1016/j.scitotenv.2016.05.215,BCF,3.65,4.168556603957576,e2f03ed3e2e68670,False
final_primary216_chemical_43_3,chemical,primary216,43,structure_context,BIO_6285,CMP_cfdde373a2a8c04668f0,10.1016/j.scitotenv.2016.05.215,BCF,3.64,3.2198299122411025,e2f03ed3e2e68670,False
final_primary216_chemical_43_3,chemical,primary216,43,structure_context,BIO_6286,CMP_cfdde373a2a8c04668f0,10.1016/j.scitotenv.2016.05.215,BCF,3.55,3.2198299122411025,e2f03ed3e2e68670,False
final_primary216_chemical_43_3,chemical,primary216,43,structure_context,BIO_6287,CMP_cfdde373a2a8c04668f0,10.1016/j.scitotenv.2016.05.215,BCF,2.86,2.865456465244883,e2f03ed3e2e68670,False
final_primary216_chemical_43_3,chemical,primary216,43,structure_context,BIO_6288,CMP_cfdde373a2a8c04668f0,10.1016/j.scitotenv.2016.05.215,BCF,2.73,2.865456465244883,e2f03ed3e2e68670,False
final_primary216_chemical_43_3,chemical,primary216,43,structure_context,BIO_6289,CMP_cfdde373a2a8c04668f0,10.1016/j.scitotenv.2016.05.215,BCF,3.82,3.1643818518709703,e2f03ed3e2e68670,False
final_primary216_chemical_43_3,chemical,primary216,43,structure_context,BIO_6290,CMP_cfdde373a2a8c04668f0,10.1016/j.scitotenv.2016.05.215,BCF,3.51,3.1643818518709703,e2f03ed3e2e68670,False
final_primary216_chemical_43_3,chemical,primary216,43,structure_context,BIO_6495,CMP_ba6c40d3726d16919ab2,10.1016/j.scitotenv.2016.05.215,BCF,4.14,4.165080467752089,e2f03ed3e2e68670,False
final_primary216_chemical_43_3,chemical,primary216,43,structure_context,BIO_6497,CMP_ba6c40d3726d16919ab2,10.1016/j.scitotenv.2016.05.215,BCF,3.64,3.8275076022223176,e2f03ed3e2e68670,False
final_primary216_chemical_43_3,chemical,primary216,43,structure_context,BIO_6498,CMP_ba6c40d3726d16919ab2,10.1016/j.scitotenv.2016.05.215,BCF,3.63,3.8275076022223176,e2f03ed3e2e68670,False
final_primary216_chemical_43_3,chemical,primary216,43,structure_context,BIO_6499,CMP_ba6c40d3726d16919ab2,10.1016/j.scitotenv.2016.05.215,BCF,4.31,3.9664088487418523,e2f03ed3e2e68670,False
final_primary216_chemical_43_3,chemical,primary216,43,structure_context,BIO_6500,CMP_ba6c40d3726d16919ab2,10.1016/j.scitotenv.2016.05.215,BCF,3.81,3.9664088487418523,e2f03ed3e2e68670,False
final_primary216_chemical_43_3,chemical,primary216,43,transport_context,BIO_5694,CMP_cfdde373a2a8c04668f0,10.1021/acs.est.6b01197,BAF,4.32,3.867189095896644,e2f03ed3e2e68670,False
final_primary216_chemical_43_3,chemical,primary216,43,transport_context,BIO_5695,CMP_cfdde373a2a8c04668f0,10.1021/acs.est.6b01197,BAF,2.4700000000000006,2.9663181526553206,e2f03ed3e2e68670,False
final_primary216_chemical_43_3,chemical,primary216,43,transport_context,BIO_5696,CMP_cfdde373a2a8c04668f0,10.1021/acs.est.6b01197,BAF,4.35,3.840009415739006,e2f03ed3e2e68670,False
final_primary216_chemical_43_3,chemical,primary216,43,transport_context,BIO_5907,CMP_a97661d9260d026cb14f,10.1021/acs.est.6b01197,BAF,1.98,1.9044026125469462,e2f03ed3e2e68670,False
final_primary216_chemical_43_3,chemical,primary216,43,transport_context,BIO_5908,CMP_a97661d9260d026cb14f,10.1021/acs.est.6b01197,BAF,2.01,1.9204149147418157,e2f03ed3e2e68670,False
final_primary216_chemical_43_3,chemical,primary216,43,transport_context,BIO_6384,CMP_cfdde373a2a8c04668f0,10.1021/acs.est.5b04299,BAF,3.798000000000001,4.214177679579037,e2f03ed3e2e68670,False
final_primary216_chemical_43_3,chemical,primary216,43,transport_context,BIO_6385,CMP_cfdde373a2a8c04668f0,10.1021/acs.est.5b04299,BAF,3.3090000000000006,4.049008650480475,e2f03ed3e2e68670,False
final_primary216_chemical_43_3,chemical,primary216,43,transport_context,BIO_6386,CMP_cfdde373a2a8c04668f0,10.1021/acs.est.5b04299,BAF,3.984,4.0491675655166395,e2f03ed3e2e68670,False
final_primary216_chemical_43_3,chemical,primary216,43,transport_context,BIO_6387,CMP_cfdde373a2a8c04668f0,10.1021/acs.est.5b04299,BAF,3.4720000000000004,4.236205767518554,e2f03ed3e2e68670,False
final_primary216_chemical_43_3,chemical,primary216,43,transport_context,BIO_6388,CMP_cfdde373a2a8c04668f0,10.1021/acs.est.5b04299,BAF,3.4600000000000004,3.927983605673231,e2f03ed3e2e68670,False
final_primary216_chemical_43_3,chemical,primary216,43,transport_context,BIO_6389,CMP_cfdde373a2a8c04668f0,10.1021/acs.est.5b04299,BAF,3.770000000000001,4.190940530987165,e2f03ed3e2e68670,False
final_primary216_chemical_43_3,chemical,primary216,43,transport_context,BIO_6390,CMP_cfdde373a2a8c04668f0,10.1021/acs.est.5b04299,BAF,3.700000000000001,4.110375899307794,e2f03ed3e2e68670,False
final_primary216_chemical_43_3,chemical,primary216,43,transport_context,BIO_6391,CMP_cfdde373a2a8c04668f0,10.1021/acs.est.5b04299,BAF,3.755000000000001,4.332871005897801,e2f03ed3e2e68670,False
final_primary216_chemical_43_3,chemical,primary216,43,transport_context,BIO_6392,CMP_cfdde373a2a8c04668f0,10.1021/acs.est.5b04299,BAF,3.646000000000001,3.888383996104932,e2f03ed3e2e68670,False
final_primary216_chemical_43_3,chemical,primary216,43,transport_context,BIO_6393,CMP_cfdde373a2a8c04668f0,10.1021/acs.est.5b04299,BAF,2.870000000000001,3.4527087506534424,e2f03ed3e2e68670,False
final_primary216_chemical_43_3,chemical,primary216,43,transport_context,BIO_6395,CMP_cfdde373a2a8c04668f0,10.1021/acs.est.5b04299,BAF,4.03,4.397460790383022,e2f03ed3e2e68670,False
final_primary216_chemical_43_3,chemical,primary216,43,transport_context,BIO_6396,CMP_cfdde373a2a8c04668f0,10.1021/acs.est.5b04299,BAF,3.873,4.134195708804893,e2f03ed3e2e68670,False
final_primary216_chemical_43_3,chemical,primary216,43,transport_context,BIO_6397,CMP_cfdde373a2a8c04668f0,10.1021/acs.est.5b04299,BAF,4.301,4.115079519795459,e2f03ed3e2e68670,False
final_primary216_chemical_43_3,chemical,primary216,43,transport_context,BIO_6398,CMP_cfdde373a2a8c04668f0,10.1021/acs.est.5b04299,BAF,3.838000000000001,4.161238963463223,e2f03ed3e2e68670,False
final_primary216_chemical_43_3,chemical,primary216,43,transport_context,BIO_6399,CMP_cfdde373a2a8c04668f0,10.1021/acs.est.5b04299,BAF,3.912000000000001,4.167437724741186,e2f03ed3e2e68670,False
final_primary216_chemical_43_3,chemical,primary216,43,transport_context,BIO_6400,CMP_cfdde373a2a8c04668f0,10.1021/acs.est.5b04299,BAF,4.0600000000000005,3.9008681695234486,e2f03ed3e2e68670,False
final_primary216_chemical_43_3,chemical,primary216,43,transport_context,BIO_6401,CMP_cfdde373a2a8c04668f0,10.1021/acs.est.5b04299,BAF,3.954,4.2447489803315985,e2f03ed3e2e68670,False
final_primary216_chemical_43_3,chemical,primary216,43,transport_context,BIO_6402,CMP_cfdde373a2a8c04668f0,10.1021/acs.est.5b04299,BAF,4.072000000000001,4.454839867113897,e2f03ed3e2e68670,False
final_primary216_chemical_43_3,chemical,primary216,43,transport_context,BIO_6403,CMP_cfdde373a2a8c04668f0,10.1021/acs.est.5b04299,BAF,3.9650000000000007,3.933968716351065,e2f03ed3e2e68670,False
final_primary216_chemical_43_3,chemical,primary216,43,transport_context,BIO_6404,CMP_cfdde373a2a8c04668f0,10.1021/acs.est.5b04299,BAF,3.1950000000000003,3.6350560652142945,e2f03ed3e2e68670,False
final_primary216_chemical_43_3,chemical,primary216,43,transport_context,BIO_6407,CMP_cfdde373a2a8c04668f0,10.1021/acs.est.9b04906,BAF,3.7848311781244695,3.693769466010524,e2f03ed3e2e68670,False
final_primary216_chemical_43_3,chemical,primary216,43,transport_context,BIO_6506,CMP_ba6c40d3726d16919ab2,10.1021/acs.est.6b01197,BAF,5.340000000000001,3.86716569685646,e2f03ed3e2e68670,False
final_primary216_chemical_43_3,chemical,primary216,43,transport_context,BIO_6507,CMP_ba6c40d3726d16919ab2,10.1021/acs.est.6b01197,BAF,5.200000000000001,3.809297224652613,e2f03ed3e2e68670,False
final_primary216_chemical_43_3,chemical,primary216,43,transport_context,BIO_6593,CMP_ba6c40d3726d16919ab2,10.1021/acs.est.7b02399,BAF,3.012837224705172,3.472813156370593,e2f03ed3e2e68670,False
final_primary216_chemical_43_3,chemical,primary216,43,transport_context,BIO_6594,CMP_ba6c40d3726d16919ab2,10.1021/acs.est.7b02399,BAF,3.840733234611807,3.5096411372267333,e2f03ed3e2e68670,False
final_primary216_chemical_43_3,chemical,primary216,43,transport_context,BIO_6595,CMP_ba6c40d3726d16919ab2,10.1021/acs.est.7b02399,BAF,3.99563519459755,3.565135888424738,e2f03ed3e2e68670,False
final_primary216_chemical_43_3,chemical,primary216,43,transport_context,BIO_6596,CMP_ba6c40d3726d16919ab2,10.1021/acs.est.7b02399,BAF,4.44870631990508,3.566925294882937,e2f03ed3e2e68670,False
final_primary216_chemical_43_3,chemical,primary216,43,transport_context,BIO_6597,CMP_ba6c40d3726d16919ab2,10.1021/acs.est.7b02399,BAF,4.429752280002408,3.4946847270554495,e2f03ed3e2e68670,False
final_primary216_chemical_43_3,chemical,primary216,43,transport_context,BIO_6598,CMP_ba6c40d3726d16919ab2,10.1021/acs.est.7b02399,BAF,4.515476441382376,3.4304452253749673,e2f03ed3e2e68670,False
final_primary216_chemical_43_3,chemical,primary216,43,transport_context,BIO_6629,CMP_cfdde373a2a8c04668f0,10.1021/acs.est.7b02399,BAF,2.0863598306747484,3.7197371089594595,e2f03ed3e2e68670,False
final_primary216_chemical_43_3,chemical,primary216,43,transport_context,BIO_6630,CMP_cfdde373a2a8c04668f0,10.1021/acs.est.7b02399,BAF,3.1398790864012365,3.5372610996775937,e2f03ed3e2e68670,False
final_primary216_chemical_43_3,chemical,primary216,43,transport_context,BIO_6631,CMP_cfdde373a2a8c04668f0,10.1021/acs.est.7b02399,BAF,3.551449997972876,3.401626578877912,e2f03ed3e2e68670,False
final_primary216_chemical_43_3,chemical,primary216,43,transport_context,BIO_6632,CMP_cfdde373a2a8c04668f0,10.1021/acs.est.7b02399,BAF,3.376576957056512,3.4876605501656113,e2f03ed3e2e68670,False
final_primary216_chemical_43_3,chemical,primary216,43,transport_context,BIO_6633,CMP_cfdde373a2a8c04668f0,10.1021/acs.est.7b02399,BAF,3.447623097760286,3.458101071866252,e2f03ed3e2e68670,False
final_primary216_chemical_43_3,chemical,primary216,43,transport_context,BIO_6634,CMP_cfdde373a2a8c04668f0,10.1021/acs.est.7b02399,BAF,3.851869600729766,3.644593695894115,e2f03ed3e2e68670,False
final_primary216_chemical_43_3,chemical,primary216,43,transport_context,BIO_6713,CMP_a97661d9260d026cb14f,10.1021/acs.est.7b02259,BAF,1.1000000000000003,0.9828400138255406,e2f03ed3e2e68670,False
final_primary216_chemical_43_3,chemical,primary216,43,transport_context,BIO_6714,CMP_a97661d9260d026cb14f,10.1021/acs.est.7b02259,BAF,0.6100000000000001,0.6368707353282828,e2f03ed3e2e68670,False
final_primary216_chemical_43_3,chemical,primary216,43,transport_context,BIO_6715,CMP_a97661d9260d026cb14f,10.1021/acs.est.7b02259,BAF,-0.2700000000000001,0.4635463552453163,e2f03ed3e2e68670,False
final_primary216_chemical_43_3,chemical,primary216,43,transport_context,BIO_6725,CMP_ba6c40d3726d16919ab2,10.1021/acs.est.7b02259,BAF,4.430000000000001,4.140723875652094,e2f03ed3e2e68670,False
final_primary216_chemical_43_3,chemical,primary216,43,transport_context,BIO_6726,CMP_ba6c40d3726d16919ab2,10.1021/acs.est.7b02259,BAF,3.9100000000000006,4.004375353398306,e2f03ed3e2e68670,False
final_primary216_chemical_43_3,chemical,primary216,43,transport_context,BIO_6727,CMP_ba6c40d3726d16919ab2,10.1021/acs.est.7b02259,BAF,3.1700000000000004,3.392762146025587,e2f03ed3e2e68670,False
final_primary216_chemical_43_3,chemical,primary216,43,transport_context,BIO_6728,CMP_812738d2ca27e93d42c8,10.1021/acs.est.7b02259,BAF,4.7700000000000005,4.13703600501837,e2f03ed3e2e68670,False
final_primary216_chemical_43_3,chemical,primary216,43,transport_context,BIO_6729,CMP_812738d2ca27e93d42c8,10.1021/acs.est.7b02259,BAF,4.32,4.007412185012908,e2f03ed3e2e68670,False
final_primary216_chemical_43_3,chemical,primary216,43,transport_context,BIO_6730,CMP_812738d2ca27e93d42c8,10.1021/acs.est.7b02259,BAF,3.620000000000001,3.916099539087429,e2f03ed3e2e68670,False
final_primary216_chemical_43_3,chemical,primary216,43,transport_context,BIO_6740,CMP_cfdde373a2a8c04668f0,10.1021/acs.est.7b02259,BAF,3.86,3.8664605010482176,e2f03ed3e2e68670,False
final_primary216_chemical_43_3,chemical,primary216,43,transport_context,BIO_6741,CMP_cfdde373a2a8c04668f0,10.1021/acs.est.7b02259,BAF,3.65,3.821838118005993,e2f03ed3e2e68670,False
final_primary216_chemical_43_3,chemical,primary216,43,transport_context,BIO_6742,CMP_cfdde373a2a8c04668f0,10.1021/acs.est.7b02259,BAF,2.7300000000000004,3.347485127291985,e2f03ed3e2e68670,False
final_primary216_chemical_43_3,chemical,primary216,43,transport_context,BIO_5862,CMP_812738d2ca27e93d42c8,10.1016/j.scitotenv.2016.05.215,BCF,4.95,4.52110681717412,e2f03ed3e2e68670,False
final_primary216_chemical_43_3,chemical,primary216,43,transport_context,BIO_5863,CMP_812738d2ca27e93d42c8,10.1016/j.scitotenv.2016.05.215,BCF,4.66,4.4971367047838555,e2f03ed3e2e68670,False
final_primary216_chemical_43_3,chemical,primary216,43,transport_context,BIO_5864,CMP_812738d2ca27e93d42c8,10.1016/j.scitotenv.2016.05.215,BCF,3.77,4.049462399891392,e2f03ed3e2e68670,False
final_primary216_chemical_43_3,chemical,primary216,43,transport_context,BIO_5865,CMP_812738d2ca27e93d42c8,10.1016/j.scitotenv.2016.05.215,BCF,3.66,4.068694674932651,e2f03ed3e2e68670,False
final_primary216_chemical_43_3,chemical,primary216,43,transport_context,BIO_5866,CMP_812738d2ca27e93d42c8,10.1016/j.scitotenv.2016.05.215,BCF,4.33,4.104172711788462,e2f03ed3e2e68670,False
final_primary216_chemical_43_3,chemical,primary216,43,transport_context,BIO_5867,CMP_812738d2ca27e93d42c8,10.1016/j.scitotenv.2016.05.215,BCF,3.65,4.146454485656616,e2f03ed3e2e68670,False
final_primary216_chemical_43_3,chemical,primary216,43,transport_context,BIO_6285,CMP_cfdde373a2a8c04668f0,10.1016/j.scitotenv.2016.05.215,BCF,3.64,3.2490516177127065,e2f03ed3e2e68670,False
final_primary216_chemical_43_3,chemical,primary216,43,transport_context,BIO_6286,CMP_cfdde373a2a8c04668f0,10.1016/j.scitotenv.2016.05.215,BCF,3.55,3.367166575821326,e2f03ed3e2e68670,False
final_primary216_chemical_43_3,chemical,primary216,43,transport_context,BIO_6287,CMP_cfdde373a2a8c04668f0,10.1016/j.scitotenv.2016.05.215,BCF,2.86,3.0349451271483763,e2f03ed3e2e68670,False
final_primary216_chemical_43_3,chemical,primary216,43,transport_context,BIO_6288,CMP_cfdde373a2a8c04668f0,10.1016/j.scitotenv.2016.05.215,BCF,2.73,3.0561837347394474,e2f03ed3e2e68670,False
final_primary216_chemical_43_3,chemical,primary216,43,transport_context,BIO_6289,CMP_cfdde373a2a8c04668f0,10.1016/j.scitotenv.2016.05.215,BCF,3.82,3.2197887845906807,e2f03ed3e2e68670,False
final_primary216_chemical_43_3,chemical,primary216,43,transport_context,BIO_6290,CMP_cfdde373a2a8c04668f0,10.1016/j.scitotenv.2016.05.215,BCF,3.51,3.1752245110986004,e2f03ed3e2e68670,False
final_primary216_chemical_43_3,chemical,primary216,43,transport_context,BIO_6495,CMP_ba6c40d3726d16919ab2,10.1016/j.scitotenv.2016.05.215,BCF,4.14,4.234793449732265,e2f03ed3e2e68670,False
final_primary216_chemical_43_3,chemical,primary216,43,transport_context,BIO_6497,CMP_ba6c40d3726d16919ab2,10.1016/j.scitotenv.2016.05.215,BCF,3.64,3.777177470069655,e2f03ed3e2e68670,False
final_primary216_chemical_43_3,chemical,primary216,43,transport_context,BIO_6498,CMP_ba6c40d3726d16919ab2,10.1016/j.scitotenv.2016.05.215,BCF,3.63,3.7923545927691165,e2f03ed3e2e68670,False
final_primary216_chemical_43_3,chemical,primary216,43,transport_context,BIO_6499,CMP_ba6c40d3726d16919ab2,10.1016/j.scitotenv.2016.05.215,BCF,4.31,4.120469118395683,e2f03ed3e2e68670,False
final_primary216_chemical_43_3,chemical,primary216,43,transport_context,BIO_6500,CMP_ba6c40d3726d16919ab2,10.1016/j.scitotenv.2016.05.215,BCF,3.81,4.147569010993253,e2f03ed3e2e68670,False
final_primary216_chemical_43_3,chemical,primary216,43,full_single_task,BIO_5694,CMP_cfdde373a2a8c04668f0,10.1021/acs.est.6b01197,BAF,4.32,3.738706785250849,e2f03ed3e2e68670,False
final_primary216_chemical_43_3,chemical,primary216,43,full_single_task,BIO_5695,CMP_cfdde373a2a8c04668f0,10.1021/acs.est.6b01197,BAF,2.4700000000000006,2.117750513431517,e2f03ed3e2e68670,False
final_primary216_chemical_43_3,chemical,primary216,43,full_single_task,BIO_5696,CMP_cfdde373a2a8c04668f0,10.1021/acs.est.6b01197,BAF,4.35,3.686334524344587,e2f03ed3e2e68670,False
final_primary216_chemical_43_3,chemical,primary216,43,full_single_task,BIO_5907,CMP_a97661d9260d026cb14f,10.1021/acs.est.6b01197,BAF,1.98,1.5254910408012698,e2f03ed3e2e68670,False
final_primary216_chemical_43_3,chemical,primary216,43,full_single_task,BIO_5908,CMP_a97661d9260d026cb14f,10.1021/acs.est.6b01197,BAF,2.01,1.5462978311345557,e2f03ed3e2e68670,False
final_primary216_chemical_43_3,chemical,primary216,43,full_single_task,BIO_6384,CMP_cfdde373a2a8c04668f0,10.1021/acs.est.5b04299,BAF,3.798000000000001,3.6145352723368314,e2f03ed3e2e68670,False
final_primary216_chemical_43_3,chemical,primary216,43,full_single_task,BIO_6385,CMP_cfdde373a2a8c04668f0,10.1021/acs.est.5b04299,BAF,3.3090000000000006,3.4863237869776924,e2f03ed3e2e68670,False
final_primary216_chemical_43_3,chemical,primary216,43,full_single_task,BIO_6386,CMP_cfdde373a2a8c04668f0,10.1021/acs.est.5b04299,BAF,3.984,3.6462094285575892,e2f03ed3e2e68670,False
final_primary216_chemical_43_3,chemical,primary216,43,full_single_task,BIO_6387,CMP_cfdde373a2a8c04668f0,10.1021/acs.est.5b04299,BAF,3.4720000000000004,3.612617212498678,e2f03ed3e2e68670,False
final_primary216_chemical_43_3,chemical,primary216,43,full_single_task,BIO_6388,CMP_cfdde373a2a8c04668f0,10.1021/acs.est.5b04299,BAF,3.4600000000000004,3.2538097880885246,e2f03ed3e2e68670,False
final_primary216_chemical_43_3,chemical,primary216,43,full_single_task,BIO_6389,CMP_cfdde373a2a8c04668f0,10.1021/acs.est.5b04299,BAF,3.770000000000001,3.6612510013132895,e2f03ed3e2e68670,False
final_primary216_chemical_43_3,chemical,primary216,43,full_single_task,BIO_6390,CMP_cfdde373a2a8c04668f0,10.1021/acs.est.5b04299,BAF,3.700000000000001,3.626065955538364,e2f03ed3e2e68670,False
final_primary216_chemical_43_3,chemical,primary216,43,full_single_task,BIO_6391,CMP_cfdde373a2a8c04668f0,10.1021/acs.est.5b04299,BAF,3.755000000000001,3.6924842551249197,e2f03ed3e2e68670,False
final_primary216_chemical_43_3,chemical,primary216,43,full_single_task,BIO_6392,CMP_cfdde373a2a8c04668f0,10.1021/acs.est.5b04299,BAF,3.646000000000001,3.530869937104546,e2f03ed3e2e68670,False
final_primary216_chemical_43_3,chemical,primary216,43,full_single_task,BIO_6393,CMP_cfdde373a2a8c04668f0,10.1021/acs.est.5b04299,BAF,2.870000000000001,3.234901978694019,e2f03ed3e2e68670,False
final_primary216_chemical_43_3,chemical,primary216,43,full_single_task,BIO_6395,CMP_cfdde373a2a8c04668f0,10.1021/acs.est.5b04299,BAF,4.03,3.71965682462017,e2f03ed3e2e68670,False
final_primary216_chemical_43_3,chemical,primary216,43,full_single_task,BIO_6396,CMP_cfdde373a2a8c04668f0,10.1021/acs.est.5b04299,BAF,3.873,3.5101214790074797,e2f03ed3e2e68670,False
final_primary216_chemical_43_3,chemical,primary216,43,full_single_task,BIO_6397,CMP_cfdde373a2a8c04668f0,10.1021/acs.est.5b04299,BAF,4.301,3.6308067416393257,e2f03ed3e2e68670,False
final_primary216_chemical_43_3,chemical,primary216,43,full_single_task,BIO_6398,CMP_cfdde373a2a8c04668f0,10.1021/acs.est.5b04299,BAF,3.838000000000001,3.6304061881051446,e2f03ed3e2e68670,False
final_primary216_chemical_43_3,chemical,primary216,43,full_single_task,BIO_6399,CMP_cfdde373a2a8c04668f0,10.1021/acs.est.5b04299,BAF,3.912000000000001,3.3954661821039975,e2f03ed3e2e68670,False
final_primary216_chemical_43_3,chemical,primary216,43,full_single_task,BIO_6400,CMP_cfdde373a2a8c04668f0,10.1021/acs.est.5b04299,BAF,4.0600000000000005,3.587041028050636,e2f03ed3e2e68670,False
final_primary216_chemical_43_3,chemical,primary216,43,full_single_task,BIO_6401,CMP_cfdde373a2a8c04668f0,10.1021/acs.est.5b04299,BAF,3.954,3.622683264612486,e2f03ed3e2e68670,False
final_primary216_chemical_43_3,chemical,primary216,43,full_single_task,BIO_6402,CMP_cfdde373a2a8c04668f0,10.1021/acs.est.5b04299,BAF,4.072000000000001,3.684301867087015,e2f03ed3e2e68670,False
final_primary216_chemical_43_3,chemical,primary216,43,full_single_task,BIO_6403,CMP_cfdde373a2a8c04668f0,10.1021/acs.est.5b04299,BAF,3.9650000000000007,3.5244958897305025,e2f03ed3e2e68670,False
final_primary216_chemical_43_3,chemical,primary216,43,full_single_task,BIO_6404,CMP_cfdde373a2a8c04668f0,10.1021/acs.est.5b04299,BAF,3.1950000000000003,3.2959759023625597,e2f03ed3e2e68670,False
final_primary216_chemical_43_3,chemical,primary216,43,full_single_task,BIO_6407,CMP_cfdde373a2a8c04668f0,10.1021/acs.est.9b04906,BAF,3.7848311781244695,3.467553622643777,e2f03ed3e2e68670,False
final_primary216_chemical_43_3,chemical,primary216,43,full_single_task,BIO_6506,CMP_ba6c40d3726d16919ab2,10.1021/acs.est.6b01197,BAF,5.340000000000001,4.160944449748959,e2f03ed3e2e68670,False
final_primary216_chemical_43_3,chemical,primary216,43,full_single_task,BIO_6507,CMP_ba6c40d3726d16919ab2,10.1021/acs.est.6b01197,BAF,5.200000000000001,4.167890161306165,e2f03ed3e2e68670,False
final_primary216_chemical_43_3,chemical,primary216,43,full_single_task,BIO_6593,CMP_ba6c40d3726d16919ab2,10.1021/acs.est.7b02399,BAF,3.012837224705172,3.433565193862026,e2f03ed3e2e68670,False
final_primary216_chemical_43_3,chemical,primary216,43,full_single_task,BIO_6594,CMP_ba6c40d3726d16919ab2,10.1021/acs.est.7b02399,BAF,3.840733234611807,3.5484351335510866,e2f03ed3e2e68670,False
final_primary216_chemical_43_3,chemical,primary216,43,full_single_task,BIO_6595,CMP_ba6c40d3726d16919ab2,10.1021/acs.est.7b02399,BAF,3.99563519459755,3.5055538706085185,e2f03ed3e2e68670,False
final_primary216_chemical_43_3,chemical,primary216,43,full_single_task,BIO_6596,CMP_ba6c40d3726d16919ab2,10.1021/acs.est.7b02399,BAF,4.44870631990508,3.521886400657219,e2f03ed3e2e68670,False
final_primary216_chemical_43_3,chemical,primary216,43,full_single_task,BIO_6597,CMP_ba6c40d3726d16919ab2,10.1021/acs.est.7b02399,BAF,4.429752280002408,3.49216118604673,e2f03ed3e2e68670,False
final_primary216_chemical_43_3,chemical,primary216,43,full_single_task,BIO_6598,CMP_ba6c40d3726d16919ab2,10.1021/acs.est.7b02399,BAF,4.515476441382376,3.4199642330379603,e2f03ed3e2e68670,False
final_primary216_chemical_43_3,chemical,primary216,43,full_single_task,BIO_6629,CMP_cfdde373a2a8c04668f0,10.1021/acs.est.7b02399,BAF,2.0863598306747484,3.2677467793867576,e2f03ed3e2e68670,False
final_primary216_chemical_43_3,chemical,primary216,43,full_single_task,BIO_6630,CMP_cfdde373a2a8c04668f0,10.1021/acs.est.7b02399,BAF,3.1398790864012365,3.1646050608210694,e2f03ed3e2e68670,False
final_primary216_chemical_43_3,chemical,primary216,43,full_single_task,BIO_6631,CMP_cfdde373a2a8c04668f0,10.1021/acs.est.7b02399,BAF,3.551449997972876,3.1656769104939677,e2f03ed3e2e68670,False
final_primary216_chemical_43_3,chemical,primary216,43,full_single_task,BIO_6632,CMP_cfdde373a2a8c04668f0,10.1021/acs.est.7b02399,BAF,3.376576957056512,3.1086240354001515,e2f03ed3e2e68670,False
final_primary216_chemical_43_3,chemical,primary216,43,full_single_task,BIO_6633,CMP_cfdde373a2a8c04668f0,10.1021/acs.est.7b02399,BAF,3.447623097760286,3.1568223168140173,e2f03ed3e2e68670,False
final_primary216_chemical_43_3,chemical,primary216,43,full_single_task,BIO_6634,CMP_cfdde373a2a8c04668f0,10.1021/acs.est.7b02399,BAF,3.851869600729766,3.2035609900789956,e2f03ed3e2e68670,False
final_primary216_chemical_43_3,chemical,primary216,43,full_single_task,BIO_6713,CMP_a97661d9260d026cb14f,10.1021/acs.est.7b02259,BAF,1.1000000000000003,1.0214948974816602,e2f03ed3e2e68670,False
final_primary216_chemical_43_3,chemical,primary216,43,full_single_task,BIO_6714,CMP_a97661d9260d026cb14f,10.1021/acs.est.7b02259,BAF,0.6100000000000001,0.4993546588467783,e2f03ed3e2e68670,False
final_primary216_chemical_43_3,chemical,primary216,43,full_single_task,BIO_6715,CMP_a97661d9260d026cb14f,10.1021/acs.est.7b02259,BAF,-0.2700000000000001,0.3108564559559026,e2f03ed3e2e68670,False
final_primary216_chemical_43_3,chemical,primary216,43,full_single_task,BIO_6725,CMP_ba6c40d3726d16919ab2,10.1021/acs.est.7b02259,BAF,4.430000000000001,4.08942334039555,e2f03ed3e2e68670,False
final_primary216_chemical_43_3,chemical,primary216,43,full_single_task,BIO_6726,CMP_ba6c40d3726d16919ab2,10.1021/acs.est.7b02259,BAF,3.9100000000000006,3.859828072046696,e2f03ed3e2e68670,False
final_primary216_chemical_43_3,chemical,primary216,43,full_single_task,BIO_6727,CMP_ba6c40d3726d16919ab2,10.1021/acs.est.7b02259,BAF,3.1700000000000004,3.5739665042896585,e2f03ed3e2e68670,False
final_primary216_chemical_43_3,chemical,primary216,43,full_single_task,BIO_6728,CMP_812738d2ca27e93d42c8,10.1021/acs.est.7b02259,BAF,4.7700000000000005,4.230510374991979,e2f03ed3e2e68670,False
final_primary216_chemical_43_3,chemical,primary216,43,full_single_task,BIO_6729,CMP_812738d2ca27e93d42c8,10.1021/acs.est.7b02259,BAF,4.32,4.050779453461496,e2f03ed3e2e68670,False
final_primary216_chemical_43_3,chemical,primary216,43,full_single_task,BIO_6730,CMP_812738d2ca27e93d42c8,10.1021/acs.est.7b02259,BAF,3.620000000000001,3.9843646265240142,e2f03ed3e2e68670,False
final_primary216_chemical_43_3,chemical,primary216,43,full_single_task,BIO_6740,CMP_cfdde373a2a8c04668f0,10.1021/acs.est.7b02259,BAF,3.86,3.625496317067162,e2f03ed3e2e68670,False
final_primary216_chemical_43_3,chemical,primary216,43,full_single_task,BIO_6741,CMP_cfdde373a2a8c04668f0,10.1021/acs.est.7b02259,BAF,3.65,3.478423882405477,e2f03ed3e2e68670,False
final_primary216_chemical_43_3,chemical,primary216,43,full_single_task,BIO_6742,CMP_cfdde373a2a8c04668f0,10.1021/acs.est.7b02259,BAF,2.7300000000000004,3.2511340913070157,e2f03ed3e2e68670,False
final_primary216_chemical_43_3,chemical,primary216,43,full_single_task,BIO_5862,CMP_812738d2ca27e93d42c8,10.1016/j.scitotenv.2016.05.215,BCF,4.95,4.524896849124768,e2f03ed3e2e68670,False
final_primary216_chemical_43_3,chemical,primary216,43,full_single_task,BIO_5863,CMP_812738d2ca27e93d42c8,10.1016/j.scitotenv.2016.05.215,BCF,4.66,4.4615838903818235,e2f03ed3e2e68670,False
final_primary216_chemical_43_3,chemical,primary216,43,full_single_task,BIO_5864,CMP_812738d2ca27e93d42c8,10.1016/j.scitotenv.2016.05.215,BCF,3.77,3.9071347272397112,e2f03ed3e2e68670,False
final_primary216_chemical_43_3,chemical,primary216,43,full_single_task,BIO_5865,CMP_812738d2ca27e93d42c8,10.1016/j.scitotenv.2016.05.215,BCF,3.66,3.878358458015031,e2f03ed3e2e68670,False
final_primary216_chemical_43_3,chemical,primary216,43,full_single_task,BIO_5866,CMP_812738d2ca27e93d42c8,10.1016/j.scitotenv.2016.05.215,BCF,4.33,4.05546023889423,e2f03ed3e2e68670,False
final_primary216_chemical_43_3,chemical,primary216,43,full_single_task,BIO_5867,CMP_812738d2ca27e93d42c8,10.1016/j.scitotenv.2016.05.215,BCF,3.65,4.167976653101938,e2f03ed3e2e68670,False
final_primary216_chemical_43_3,chemical,primary216,43,full_single_task,BIO_6285,CMP_cfdde373a2a8c04668f0,10.1016/j.scitotenv.2016.05.215,BCF,3.64,3.071772750008138,e2f03ed3e2e68670,False
final_primary216_chemical_43_3,chemical,primary216,43,full_single_task,BIO_6286,CMP_cfdde373a2a8c04668f0,10.1016/j.scitotenv.2016.05.215,BCF,3.55,3.133826131969672,e2f03ed3e2e68670,False
final_primary216_chemical_43_3,chemical,primary216,43,full_single_task,BIO_6287,CMP_cfdde373a2a8c04668f0,10.1016/j.scitotenv.2016.05.215,BCF,2.86,2.190920447354119,e2f03ed3e2e68670,False
final_primary216_chemical_43_3,chemical,primary216,43,full_single_task,BIO_6288,CMP_cfdde373a2a8c04668f0,10.1016/j.scitotenv.2016.05.215,BCF,2.73,2.157513196194494,e2f03ed3e2e68670,False
final_primary216_chemical_43_3,chemical,primary216,43,full_single_task,BIO_6289,CMP_cfdde373a2a8c04668f0,10.1016/j.scitotenv.2016.05.215,BCF,3.82,3.0727263336714303,e2f03ed3e2e68670,False
final_primary216_chemical_43_3,chemical,primary216,43,full_single_task,BIO_6290,CMP_cfdde373a2a8c04668f0,10.1016/j.scitotenv.2016.05.215,BCF,3.51,3.0380418310376522,e2f03ed3e2e68670,False
final_primary216_chemical_43_3,chemical,primary216,43,full_single_task,BIO_6495,CMP_ba6c40d3726d16919ab2,10.1016/j.scitotenv.2016.05.215,BCF,4.14,4.296438019449627,e2f03ed3e2e68670,False
final_primary216_chemical_43_3,chemical,primary216,43,full_single_task,BIO_6497,CMP_ba6c40d3726d16919ab2,10.1016/j.scitotenv.2016.05.215,BCF,3.64,3.720408226416965,e2f03ed3e2e68670,False
final_primary216_chemical_43_3,chemical,primary216,43,full_single_task,BIO_6498,CMP_ba6c40d3726d16919ab2,10.1016/j.scitotenv.2016.05.215,BCF,3.63,3.6502403760221043,e2f03ed3e2e68670,False
final_primary216_chemical_43_3,chemical,primary216,43,full_single_task,BIO_6499,CMP_ba6c40d3726d16919ab2,10.1016/j.scitotenv.2016.05.215,BCF,4.31,3.9586441352860797,e2f03ed3e2e68670,False
final_primary216_chemical_43_3,chemical,primary216,43,full_single_task,BIO_6500,CMP_ba6c40d3726d16919ab2,10.1016/j.scitotenv.2016.05.215,BCF,3.81,4.058845282452501,e2f03ed3e2e68670,False
final_primary216_chemical_43_3,chemical,primary216,43,shuffled_auxiliary_labels,BIO_5694,CMP_cfdde373a2a8c04668f0,10.1021/acs.est.6b01197,BAF,4.32,3.12931477104164,cca36a8546bdf331,False
final_primary216_chemical_43_3,chemical,primary216,43,shuffled_auxiliary_labels,BIO_5695,CMP_cfdde373a2a8c04668f0,10.1021/acs.est.6b01197,BAF,2.4700000000000006,1.2837303386095558,cca36a8546bdf331,False
final_primary216_chemical_43_3,chemical,primary216,43,shuffled_auxiliary_labels,BIO_5696,CMP_cfdde373a2a8c04668f0,10.1021/acs.est.6b01197,BAF,4.35,2.9783025539947046,cca36a8546bdf331,False
final_primary216_chemical_43_3,chemical,primary216,43,shuffled_auxiliary_labels,BIO_5907,CMP_a97661d9260d026cb14f,10.1021/acs.est.6b01197,BAF,1.98,1.4619169234878686,cca36a8546bdf331,False
final_primary216_chemical_43_3,chemical,primary216,43,shuffled_auxiliary_labels,BIO_5908,CMP_a97661d9260d026cb14f,10.1021/acs.est.6b01197,BAF,2.01,1.5122440421363184,cca36a8546bdf331,False
final_primary216_chemical_43_3,chemical,primary216,43,shuffled_auxiliary_labels,BIO_6384,CMP_cfdde373a2a8c04668f0,10.1021/acs.est.5b04299,BAF,3.798000000000001,2.920989498937283,cca36a8546bdf331,False
final_primary216_chemical_43_3,chemical,primary216,43,shuffled_auxiliary_labels,BIO_6385,CMP_cfdde373a2a8c04668f0,10.1021/acs.est.5b04299,BAF,3.3090000000000006,2.3459162079118623,cca36a8546bdf331,False
final_primary216_chemical_43_3,chemical,primary216,43,shuffled_auxiliary_labels,BIO_6386,CMP_cfdde373a2a8c04668f0,10.1021/acs.est.5b04299,BAF,3.984,2.8136742452955983,cca36a8546bdf331,False
final_primary216_chemical_43_3,chemical,primary216,43,shuffled_auxiliary_labels,BIO_6387,CMP_cfdde373a2a8c04668f0,10.1021/acs.est.5b04299,BAF,3.4720000000000004,2.5258487084528376,cca36a8546bdf331,False
final_primary216_chemical_43_3,chemical,primary216,43,shuffled_auxiliary_labels,BIO_6388,CMP_cfdde373a2a8c04668f0,10.1021/acs.est.5b04299,BAF,3.4600000000000004,2.599404542116838,cca36a8546bdf331,False
final_primary216_chemical_43_3,chemical,primary216,43,shuffled_auxiliary_labels,BIO_6389,CMP_cfdde373a2a8c04668f0,10.1021/acs.est.5b04299,BAF,3.770000000000001,2.689671176532166,cca36a8546bdf331,False
final_primary216_chemical_43_3,chemical,primary216,43,shuffled_auxiliary_labels,BIO_6390,CMP_cfdde373a2a8c04668f0,10.1021/acs.est.5b04299,BAF,3.700000000000001,3.072133449273172,cca36a8546bdf331,False
final_primary216_chemical_43_3,chemical,primary216,43,shuffled_auxiliary_labels,BIO_6391,CMP_cfdde373a2a8c04668f0,10.1021/acs.est.5b04299,BAF,3.755000000000001,3.0379353696388858,cca36a8546bdf331,False
final_primary216_chemical_43_3,chemical,primary216,43,shuffled_auxiliary_labels,BIO_6392,CMP_cfdde373a2a8c04668f0,10.1021/acs.est.5b04299,BAF,3.646000000000001,2.5642119722689203,cca36a8546bdf331,False
final_primary216_chemical_43_3,chemical,primary216,43,shuffled_auxiliary_labels,BIO_6393,CMP_cfdde373a2a8c04668f0,10.1021/acs.est.5b04299,BAF,2.870000000000001,1.5340878316285884,cca36a8546bdf331,False
final_primary216_chemical_43_3,chemical,primary216,43,shuffled_auxiliary_labels,BIO_6395,CMP_cfdde373a2a8c04668f0,10.1021/acs.est.5b04299,BAF,4.03,2.625931033520213,cca36a8546bdf331,False
final_primary216_chemical_43_3,chemical,primary216,43,shuffled_auxiliary_labels,BIO_6396,CMP_cfdde373a2a8c04668f0,10.1021/acs.est.5b04299,BAF,3.873,2.392122532342116,cca36a8546bdf331,False
final_primary216_chemical_43_3,chemical,primary216,43,shuffled_auxiliary_labels,BIO_6397,CMP_cfdde373a2a8c04668f0,10.1021/acs.est.5b04299,BAF,4.301,2.630988781531234,cca36a8546bdf331,False
final_primary216_chemical_43_3,chemical,primary216,43,shuffled_auxiliary_labels,BIO_6398,CMP_cfdde373a2a8c04668f0,10.1021/acs.est.5b04299,BAF,3.838000000000001,2.5718073172491955,cca36a8546bdf331,False
final_primary216_chemical_43_3,chemical,primary216,43,shuffled_auxiliary_labels,BIO_6399,CMP_cfdde373a2a8c04668f0,10.1021/acs.est.5b04299,BAF,3.912000000000001,2.4484567551125305,cca36a8546bdf331,False
final_primary216_chemical_43_3,chemical,primary216,43,shuffled_auxiliary_labels,BIO_6400,CMP_cfdde373a2a8c04668f0,10.1021/acs.est.5b04299,BAF,4.0600000000000005,2.9287275945991076,cca36a8546bdf331,False
final_primary216_chemical_43_3,chemical,primary216,43,shuffled_auxiliary_labels,BIO_6401,CMP_cfdde373a2a8c04668f0,10.1021/acs.est.5b04299,BAF,3.954,2.980296516019745,cca36a8546bdf331,False
final_primary216_chemical_43_3,chemical,primary216,43,shuffled_auxiliary_labels,BIO_6402,CMP_cfdde373a2a8c04668f0,10.1021/acs.est.5b04299,BAF,4.072000000000001,2.9444106359184494,cca36a8546bdf331,False
final_primary216_chemical_43_3,chemical,primary216,43,shuffled_auxiliary_labels,BIO_6403,CMP_cfdde373a2a8c04668f0,10.1021/acs.est.5b04299,BAF,3.9650000000000007,2.1549961630208427,cca36a8546bdf331,False
final_primary216_chemical_43_3,chemical,primary216,43,shuffled_auxiliary_labels,BIO_6404,CMP_cfdde373a2a8c04668f0,10.1021/acs.est.5b04299,BAF,3.1950000000000003,1.8574857179705988,cca36a8546bdf331,False
final_primary216_chemical_43_3,chemical,primary216,43,shuffled_auxiliary_labels,BIO_6407,CMP_cfdde373a2a8c04668f0,10.1021/acs.est.9b04906,BAF,3.7848311781244695,2.182101015859163,cca36a8546bdf331,False
final_primary216_chemical_43_3,chemical,primary216,43,shuffled_auxiliary_labels,BIO_6506,CMP_ba6c40d3726d16919ab2,10.1021/acs.est.6b01197,BAF,5.340000000000001,4.286645829944007,cca36a8546bdf331,False
final_primary216_chemical_43_3,chemical,primary216,43,shuffled_auxiliary_labels,BIO_6507,CMP_ba6c40d3726d16919ab2,10.1021/acs.est.6b01197,BAF,5.200000000000001,4.181598691569382,cca36a8546bdf331,False
final_primary216_chemical_43_3,chemical,primary216,43,shuffled_auxiliary_labels,BIO_6593,CMP_ba6c40d3726d16919ab2,10.1021/acs.est.7b02399,BAF,3.012837224705172,3.3868088886347887,cca36a8546bdf331,False
final_primary216_chemical_43_3,chemical,primary216,43,shuffled_auxiliary_labels,BIO_6594,CMP_ba6c40d3726d16919ab2,10.1021/acs.est.7b02399,BAF,3.840733234611807,3.6613641104545342,cca36a8546bdf331,False
final_primary216_chemical_43_3,chemical,primary216,43,shuffled_auxiliary_labels,BIO_6595,CMP_ba6c40d3726d16919ab2,10.1021/acs.est.7b02399,BAF,3.99563519459755,3.6537351138510963,cca36a8546bdf331,False
final_primary216_chemical_43_3,chemical,primary216,43,shuffled_auxiliary_labels,BIO_6596,CMP_ba6c40d3726d16919ab2,10.1021/acs.est.7b02399,BAF,4.44870631990508,3.5323995149981537,cca36a8546bdf331,False
final_primary216_chemical_43_3,chemical,primary216,43,shuffled_auxiliary_labels,BIO_6597,CMP_ba6c40d3726d16919ab2,10.1021/acs.est.7b02399,BAF,4.429752280002408,3.603779072560765,cca36a8546bdf331,False
final_primary216_chemical_43_3,chemical,primary216,43,shuffled_auxiliary_labels,BIO_6598,CMP_ba6c40d3726d16919ab2,10.1021/acs.est.7b02399,BAF,4.515476441382376,3.718306542905501,cca36a8546bdf331,False
final_primary216_chemical_43_3,chemical,primary216,43,shuffled_auxiliary_labels,BIO_6629,CMP_cfdde373a2a8c04668f0,10.1021/acs.est.7b02399,BAF,2.0863598306747484,1.778330899132867,cca36a8546bdf331,False
final_primary216_chemical_43_3,chemical,primary216,43,shuffled_auxiliary_labels,BIO_6630,CMP_cfdde373a2a8c04668f0,10.1021/acs.est.7b02399,BAF,3.1398790864012365,1.84132227285892,cca36a8546bdf331,False
final_primary216_chemical_43_3,chemical,primary216,43,shuffled_auxiliary_labels,BIO_6631,CMP_cfdde373a2a8c04668f0,10.1021/acs.est.7b02399,BAF,3.551449997972876,1.9590104326352058,cca36a8546bdf331,False
final_primary216_chemical_43_3,chemical,primary216,43,shuffled_auxiliary_labels,BIO_6632,CMP_cfdde373a2a8c04668f0,10.1021/acs.est.7b02399,BAF,3.376576957056512,1.8301719274130344,cca36a8546bdf331,False
final_primary216_chemical_43_3,chemical,primary216,43,shuffled_auxiliary_labels,BIO_6633,CMP_cfdde373a2a8c04668f0,10.1021/acs.est.7b02399,BAF,3.447623097760286,1.9410852795757931,cca36a8546bdf331,False
final_primary216_chemical_43_3,chemical,primary216,43,shuffled_auxiliary_labels,BIO_6634,CMP_cfdde373a2a8c04668f0,10.1021/acs.est.7b02399,BAF,3.851869600729766,1.7874333738109547,cca36a8546bdf331,False
final_primary216_chemical_43_3,chemical,primary216,43,shuffled_auxiliary_labels,BIO_6713,CMP_a97661d9260d026cb14f,10.1021/acs.est.7b02259,BAF,1.1000000000000003,1.0472287153929933,cca36a8546bdf331,False
final_primary216_chemical_43_3,chemical,primary216,43,shuffled_auxiliary_labels,BIO_6714,CMP_a97661d9260d026cb14f,10.1021/acs.est.7b02259,BAF,0.6100000000000001,0.7670720899474834,cca36a8546bdf331,False
final_primary216_chemical_43_3,chemical,primary216,43,shuffled_auxiliary_labels,BIO_6715,CMP_a97661d9260d026cb14f,10.1021/acs.est.7b02259,BAF,-0.2700000000000001,0.2338893233522299,cca36a8546bdf331,False
final_primary216_chemical_43_3,chemical,primary216,43,shuffled_auxiliary_labels,BIO_6725,CMP_ba6c40d3726d16919ab2,10.1021/acs.est.7b02259,BAF,4.430000000000001,4.109843839860492,cca36a8546bdf331,False
final_primary216_chemical_43_3,chemical,primary216,43,shuffled_auxiliary_labels,BIO_6726,CMP_ba6c40d3726d16919ab2,10.1021/acs.est.7b02259,BAF,3.9100000000000006,3.9322513260200758,cca36a8546bdf331,False
final_primary216_chemical_43_3,chemical,primary216,43,shuffled_auxiliary_labels,BIO_6727,CMP_ba6c40d3726d16919ab2,10.1021/acs.est.7b02259,BAF,3.1700000000000004,3.524945391080193,cca36a8546bdf331,False
final_primary216_chemical_43_3,chemical,primary216,43,shuffled_auxiliary_labels,BIO_6728,CMP_812738d2ca27e93d42c8,10.1021/acs.est.7b02259,BAF,4.7700000000000005,4.268184731377615,cca36a8546bdf331,False
final_primary216_chemical_43_3,chemical,primary216,43,shuffled_auxiliary_labels,BIO_6729,CMP_812738d2ca27e93d42c8,10.1021/acs.est.7b02259,BAF,4.32,4.15387322673239,cca36a8546bdf331,False
final_primary216_chemical_43_3,chemical,primary216,43,shuffled_auxiliary_labels,BIO_6730,CMP_812738d2ca27e93d42c8,10.1021/acs.est.7b02259,BAF,3.620000000000001,3.8715230446222444,cca36a8546bdf331,False
final_primary216_chemical_43_3,chemical,primary216,43,shuffled_auxiliary_labels,BIO_6740,CMP_cfdde373a2a8c04668f0,10.1021/acs.est.7b02259,BAF,3.86,2.634671195144986,cca36a8546bdf331,False
final_primary216_chemical_43_3,chemical,primary216,43,shuffled_auxiliary_labels,BIO_6741,CMP_cfdde373a2a8c04668f0,10.1021/acs.est.7b02259,BAF,3.65,2.4456995544304503,cca36a8546bdf331,False
final_primary216_chemical_43_3,chemical,primary216,43,shuffled_auxiliary_labels,BIO_6742,CMP_cfdde373a2a8c04668f0,10.1021/acs.est.7b02259,BAF,2.7300000000000004,1.4858021345425148,cca36a8546bdf331,False
final_primary216_chemical_43_3,chemical,primary216,43,shuffled_auxiliary_labels,BIO_5862,CMP_812738d2ca27e93d42c8,10.1016/j.scitotenv.2016.05.215,BCF,4.95,4.357705132507539,cca36a8546bdf331,False
final_primary216_chemical_43_3,chemical,primary216,43,shuffled_auxiliary_labels,BIO_5863,CMP_812738d2ca27e93d42c8,10.1016/j.scitotenv.2016.05.215,BCF,4.66,4.360367043204055,cca36a8546bdf331,False
final_primary216_chemical_43_3,chemical,primary216,43,shuffled_auxiliary_labels,BIO_5864,CMP_812738d2ca27e93d42c8,10.1016/j.scitotenv.2016.05.215,BCF,3.77,3.8776883492315055,cca36a8546bdf331,False
final_primary216_chemical_43_3,chemical,primary216,43,shuffled_auxiliary_labels,BIO_5865,CMP_812738d2ca27e93d42c8,10.1016/j.scitotenv.2016.05.215,BCF,3.66,3.9546144752895858,cca36a8546bdf331,False
final_primary216_chemical_43_3,chemical,primary216,43,shuffled_auxiliary_labels,BIO_5866,CMP_812738d2ca27e93d42c8,10.1016/j.scitotenv.2016.05.215,BCF,4.33,4.146413103082741,cca36a8546bdf331,False
final_primary216_chemical_43_3,chemical,primary216,43,shuffled_auxiliary_labels,BIO_5867,CMP_812738d2ca27e93d42c8,10.1016/j.scitotenv.2016.05.215,BCF,3.65,4.176336527846046,cca36a8546bdf331,False
final_primary216_chemical_43_3,chemical,primary216,43,shuffled_auxiliary_labels,BIO_6285,CMP_cfdde373a2a8c04668f0,10.1016/j.scitotenv.2016.05.215,BCF,3.64,3.017127103693653,cca36a8546bdf331,False
final_primary216_chemical_43_3,chemical,primary216,43,shuffled_auxiliary_labels,BIO_6286,CMP_cfdde373a2a8c04668f0,10.1016/j.scitotenv.2016.05.215,BCF,3.55,3.1634351086536676,cca36a8546bdf331,False
final_primary216_chemical_43_3,chemical,primary216,43,shuffled_auxiliary_labels,BIO_6287,CMP_cfdde373a2a8c04668f0,10.1016/j.scitotenv.2016.05.215,BCF,2.86,2.2807104782116436,cca36a8546bdf331,False
final_primary216_chemical_43_3,chemical,primary216,43,shuffled_auxiliary_labels,BIO_6288,CMP_cfdde373a2a8c04668f0,10.1016/j.scitotenv.2016.05.215,BCF,2.73,2.0221058880349156,cca36a8546bdf331,False
final_primary216_chemical_43_3,chemical,primary216,43,shuffled_auxiliary_labels,BIO_6289,CMP_cfdde373a2a8c04668f0,10.1016/j.scitotenv.2016.05.215,BCF,3.82,2.957407503457346,cca36a8546bdf331,False
final_primary216_chemical_43_3,chemical,primary216,43,shuffled_auxiliary_labels,BIO_6290,CMP_cfdde373a2a8c04668f0,10.1016/j.scitotenv.2016.05.215,BCF,3.51,2.9452638954962413,cca36a8546bdf331,False
final_primary216_chemical_43_3,chemical,primary216,43,shuffled_auxiliary_labels,BIO_6495,CMP_ba6c40d3726d16919ab2,10.1016/j.scitotenv.2016.05.215,BCF,4.14,4.145991459691433,cca36a8546bdf331,False
final_primary216_chemical_43_3,chemical,primary216,43,shuffled_auxiliary_labels,BIO_6497,CMP_ba6c40d3726d16919ab2,10.1016/j.scitotenv.2016.05.215,BCF,3.64,3.807295231478652,cca36a8546bdf331,False
final_primary216_chemical_43_3,chemical,primary216,43,shuffled_auxiliary_labels,BIO_6498,CMP_ba6c40d3726d16919ab2,10.1016/j.scitotenv.2016.05.215,BCF,3.63,3.8742719500885117,cca36a8546bdf331,False
final_primary216_chemical_43_3,chemical,primary216,43,shuffled_auxiliary_labels,BIO_6499,CMP_ba6c40d3726d16919ab2,10.1016/j.scitotenv.2016.05.215,BCF,4.31,4.110078353475787,cca36a8546bdf331,False
final_primary216_chemical_43_3,chemical,primary216,43,shuffled_auxiliary_labels,BIO_6500,CMP_ba6c40d3726d16919ab2,10.1016/j.scitotenv.2016.05.215,BCF,3.81,3.915309187658984,cca36a8546bdf331,False
final_primary216_chemical_43_3,chemical,primary216,43,simple_graph_context,BIO_5694,CMP_cfdde373a2a8c04668f0,10.1021/acs.est.6b01197,BAF,4.32,3.408643960952759,,False
final_primary216_chemical_43_3,chemical,primary216,43,simple_graph_context,BIO_5695,CMP_cfdde373a2a8c04668f0,10.1021/acs.est.6b01197,BAF,2.4700000000000006,3.130856990814209,,False
final_primary216_chemical_43_3,chemical,primary216,43,simple_graph_context,BIO_5696,CMP_cfdde373a2a8c04668f0,10.1021/acs.est.6b01197,BAF,4.35,3.408643960952759,,False
final_primary216_chemical_43_3,chemical,primary216,43,simple_graph_context,BIO_5907,CMP_a97661d9260d026cb14f,10.1021/acs.est.6b01197,BAF,1.98,2.0281476974487305,,False
final_primary216_chemical_43_3,chemical,primary216,43,simple_graph_context,BIO_5908,CMP_a97661d9260d026cb14f,10.1021/acs.est.6b01197,BAF,2.01,2.0281476974487305,,False
final_primary216_chemical_43_3,chemical,primary216,43,simple_graph_context,BIO_6384,CMP_cfdde373a2a8c04668f0,10.1021/acs.est.5b04299,BAF,3.798000000000001,3.4470396041870117,,False
final_primary216_chemical_43_3,chemical,primary216,43,simple_graph_context,BIO_6385,CMP_cfdde373a2a8c04668f0,10.1021/acs.est.5b04299,BAF,3.3090000000000006,3.2933807373046875,,False
final_primary216_chemical_43_3,chemical,primary216,43,simple_graph_context,BIO_6386,CMP_cfdde373a2a8c04668f0,10.1021/acs.est.5b04299,BAF,3.984,3.2337191104888916,,False
final_primary216_chemical_43_3,chemical,primary216,43,simple_graph_context,BIO_6387,CMP_cfdde373a2a8c04668f0,10.1021/acs.est.5b04299,BAF,3.4720000000000004,3.303969383239746,,False
final_primary216_chemical_43_3,chemical,primary216,43,simple_graph_context,BIO_6388,CMP_cfdde373a2a8c04668f0,10.1021/acs.est.5b04299,BAF,3.4600000000000004,3.347062587738037,,False
final_primary216_chemical_43_3,chemical,primary216,43,simple_graph_context,BIO_6389,CMP_cfdde373a2a8c04668f0,10.1021/acs.est.5b04299,BAF,3.770000000000001,3.434727191925049,,False
final_primary216_chemical_43_3,chemical,primary216,43,simple_graph_context,BIO_6390,CMP_cfdde373a2a8c04668f0,10.1021/acs.est.5b04299,BAF,3.700000000000001,3.4384210109710693,,False
final_primary216_chemical_43_3,chemical,primary216,43,simple_graph_context,BIO_6391,CMP_cfdde373a2a8c04668f0,10.1021/acs.est.5b04299,BAF,3.755000000000001,3.503923177719116,,False
final_primary216_chemical_43_3,chemical,primary216,43,simple_graph_context,BIO_6392,CMP_cfdde373a2a8c04668f0,10.1021/acs.est.5b04299,BAF,3.646000000000001,3.009429454803467,,False
final_primary216_chemical_43_3,chemical,primary216,43,simple_graph_context,BIO_6393,CMP_cfdde373a2a8c04668f0,10.1021/acs.est.5b04299,BAF,2.870000000000001,2.749238967895508,,False
final_primary216_chemical_43_3,chemical,primary216,43,simple_graph_context,BIO_6395,CMP_cfdde373a2a8c04668f0,10.1021/acs.est.5b04299,BAF,4.03,3.4470396041870117,,False
final_primary216_chemical_43_3,chemical,primary216,43,simple_graph_context,BIO_6396,CMP_cfdde373a2a8c04668f0,10.1021/acs.est.5b04299,BAF,3.873,3.2933807373046875,,False
final_primary216_chemical_43_3,chemical,primary216,43,simple_graph_context,BIO_6397,CMP_cfdde373a2a8c04668f0,10.1021/acs.est.5b04299,BAF,4.301,3.2337191104888916,,False
final_primary216_chemical_43_3,chemical,primary216,43,simple_graph_context,BIO_6398,CMP_cfdde373a2a8c04668f0,10.1021/acs.est.5b04299,BAF,3.838000000000001,3.303969383239746,,False
final_primary216_chemical_43_3,chemical,primary216,43,simple_graph_context,BIO_6399,CMP_cfdde373a2a8c04668f0,10.1021/acs.est.5b04299,BAF,3.912000000000001,3.347062587738037,,False
final_primary216_chemical_43_3,chemical,primary216,43,simple_graph_context,BIO_6400,CMP_cfdde373a2a8c04668f0,10.1021/acs.est.5b04299,BAF,4.0600000000000005,3.434727191925049,,False
final_primary216_chemical_43_3,chemical,primary216,43,simple_graph_context,BIO_6401,CMP_cfdde373a2a8c04668f0,10.1021/acs.est.5b04299,BAF,3.954,3.4384210109710693,,False
final_primary216_chemical_43_3,chemical,primary216,43,simple_graph_context,BIO_6402,CMP_cfdde373a2a8c04668f0,10.1021/acs.est.5b04299,BAF,4.072000000000001,3.503923177719116,,False
final_primary216_chemical_43_3,chemical,primary216,43,simple_graph_context,BIO_6403,CMP_cfdde373a2a8c04668f0,10.1021/acs.est.5b04299,BAF,3.9650000000000007,3.009429454803467,,False
final_primary216_chemical_43_3,chemical,primary216,43,simple_graph_context,BIO_6404,CMP_cfdde373a2a8c04668f0,10.1021/acs.est.5b04299,BAF,3.1950000000000003,2.749238967895508,,False
final_primary216_chemical_43_3,chemical,primary216,43,simple_graph_context,BIO_6407,CMP_cfdde373a2a8c04668f0,10.1021/acs.est.9b04906,BAF,3.7848311781244695,3.231823444366455,,False
final_primary216_chemical_43_3,chemical,primary216,43,simple_graph_context,BIO_6506,CMP_ba6c40d3726d16919ab2,10.1021/acs.est.6b01197,BAF,5.340000000000001,3.777639389038086,,False
final_primary216_chemical_43_3,chemical,primary216,43,simple_graph_context,BIO_6507,CMP_ba6c40d3726d16919ab2,10.1021/acs.est.6b01197,BAF,5.200000000000001,3.777639389038086,,False
final_primary216_chemical_43_3,chemical,primary216,43,simple_graph_context,BIO_6593,CMP_ba6c40d3726d16919ab2,10.1021/acs.est.7b02399,BAF,3.012837224705172,3.8068079948425293,,False
final_primary216_chemical_43_3,chemical,primary216,43,simple_graph_context,BIO_6594,CMP_ba6c40d3726d16919ab2,10.1021/acs.est.7b02399,BAF,3.840733234611807,3.8068079948425293,,False
final_primary216_chemical_43_3,chemical,primary216,43,simple_graph_context,BIO_6595,CMP_ba6c40d3726d16919ab2,10.1021/acs.est.7b02399,BAF,3.99563519459755,3.8068079948425293,,False
final_primary216_chemical_43_3,chemical,primary216,43,simple_graph_context,BIO_6596,CMP_ba6c40d3726d16919ab2,10.1021/acs.est.7b02399,BAF,4.44870631990508,3.8068079948425293,,False
final_primary216_chemical_43_3,chemical,primary216,43,simple_graph_context,BIO_6597,CMP_ba6c40d3726d16919ab2,10.1021/acs.est.7b02399,BAF,4.429752280002408,3.8068079948425293,,False
final_primary216_chemical_43_3,chemical,primary216,43,simple_graph_context,BIO_6598,CMP_ba6c40d3726d16919ab2,10.1021/acs.est.7b02399,BAF,4.515476441382376,3.8068079948425293,,False
final_primary216_chemical_43_3,chemical,primary216,43,simple_graph_context,BIO_6629,CMP_cfdde373a2a8c04668f0,10.1021/acs.est.7b02399,BAF,2.0863598306747484,3.437812566757202,,False
final_primary216_chemical_43_3,chemical,primary216,43,simple_graph_context,BIO_6630,CMP_cfdde373a2a8c04668f0,10.1021/acs.est.7b02399,BAF,3.1398790864012365,3.437812566757202,,False
final_primary216_chemical_43_3,chemical,primary216,43,simple_graph_context,BIO_6631,CMP_cfdde373a2a8c04668f0,10.1021/acs.est.7b02399,BAF,3.551449997972876,3.437812566757202,,False
final_primary216_chemical_43_3,chemical,primary216,43,simple_graph_context,BIO_6632,CMP_cfdde373a2a8c04668f0,10.1021/acs.est.7b02399,BAF,3.376576957056512,3.437812566757202,,False
final_primary216_chemical_43_3,chemical,primary216,43,simple_graph_context,BIO_6633,CMP_cfdde373a2a8c04668f0,10.1021/acs.est.7b02399,BAF,3.447623097760286,3.437812566757202,,False
final_primary216_chemical_43_3,chemical,primary216,43,simple_graph_context,BIO_6634,CMP_cfdde373a2a8c04668f0,10.1021/acs.est.7b02399,BAF,3.851869600729766,3.437812566757202,,False
final_primary216_chemical_43_3,chemical,primary216,43,simple_graph_context,BIO_6713,CMP_a97661d9260d026cb14f,10.1021/acs.est.7b02259,BAF,1.1000000000000003,1.8532229661941528,,False
final_primary216_chemical_43_3,chemical,primary216,43,simple_graph_context,BIO_6714,CMP_a97661d9260d026cb14f,10.1021/acs.est.7b02259,BAF,0.6100000000000001,1.6289335489273071,,False
final_primary216_chemical_43_3,chemical,primary216,43,simple_graph_context,BIO_6715,CMP_a97661d9260d026cb14f,10.1021/acs.est.7b02259,BAF,-0.2700000000000001,1.3687429428100586,,False
final_primary216_chemical_43_3,chemical,primary216,43,simple_graph_context,BIO_6725,CMP_ba6c40d3726d16919ab2,10.1021/acs.est.7b02259,BAF,4.430000000000001,3.6027145385742188,,False
final_primary216_chemical_43_3,chemical,primary216,43,simple_graph_context,BIO_6726,CMP_ba6c40d3726d16919ab2,10.1021/acs.est.7b02259,BAF,3.9100000000000006,3.378424882888794,,False
final_primary216_chemical_43_3,chemical,primary216,43,simple_graph_context,BIO_6727,CMP_ba6c40d3726d16919ab2,10.1021/acs.est.7b02259,BAF,3.1700000000000004,3.118234395980835,,False
final_primary216_chemical_43_3,chemical,primary216,43,simple_graph_context,BIO_6728,CMP_812738d2ca27e93d42c8,10.1021/acs.est.7b02259,BAF,4.7700000000000005,4.0400872230529785,,False
final_primary216_chemical_43_3,chemical,primary216,43,simple_graph_context,BIO_6729,CMP_812738d2ca27e93d42c8,10.1021/acs.est.7b02259,BAF,4.32,3.815797805786133,,False
final_primary216_chemical_43_3,chemical,primary216,43,simple_graph_context,BIO_6730,CMP_812738d2ca27e93d42c8,10.1021/acs.est.7b02259,BAF,3.620000000000001,3.555607318878174,,False
final_primary216_chemical_43_3,chemical,primary216,43,simple_graph_context,BIO_6740,CMP_cfdde373a2a8c04668f0,10.1021/acs.est.7b02259,BAF,3.86,3.2337191104888916,,False
final_primary216_chemical_43_3,chemical,primary216,43,simple_graph_context,BIO_6741,CMP_cfdde373a2a8c04668f0,10.1021/acs.est.7b02259,BAF,3.65,3.009429454803467,,False
final_primary216_chemical_43_3,chemical,primary216,43,simple_graph_context,BIO_6742,CMP_cfdde373a2a8c04668f0,10.1021/acs.est.7b02259,BAF,2.7300000000000004,2.749238967895508,,False
final_primary216_chemical_43_3,chemical,primary216,43,extra_trees_structure_context,BIO_5694,CMP_cfdde373a2a8c04668f0,10.1021/acs.est.6b01197,BAF,4.32,3.4365972774929494,,False
final_primary216_chemical_43_3,chemical,primary216,43,extra_trees_structure_context,BIO_5695,CMP_cfdde373a2a8c04668f0,10.1021/acs.est.6b01197,BAF,2.4700000000000006,3.41537865727921,,False
final_primary216_chemical_43_3,chemical,primary216,43,extra_trees_structure_context,BIO_5696,CMP_cfdde373a2a8c04668f0,10.1021/acs.est.6b01197,BAF,4.35,3.4365972774929494,,False
final_primary216_chemical_43_3,chemical,primary216,43,extra_trees_structure_context,BIO_5907,CMP_a97661d9260d026cb14f,10.1021/acs.est.6b01197,BAF,1.98,2.1035828104474854,,False
final_primary216_chemical_43_3,chemical,primary216,43,extra_trees_structure_context,BIO_5908,CMP_a97661d9260d026cb14f,10.1021/acs.est.6b01197,BAF,2.01,2.1035828104474854,,False
final_primary216_chemical_43_3,chemical,primary216,43,extra_trees_structure_context,BIO_6384,CMP_cfdde373a2a8c04668f0,10.1021/acs.est.5b04299,BAF,3.798000000000001,3.6620977144458147,,False
final_primary216_chemical_43_3,chemical,primary216,43,extra_trees_structure_context,BIO_6385,CMP_cfdde373a2a8c04668f0,10.1021/acs.est.5b04299,BAF,3.3090000000000006,3.6620977144458147,,False
final_primary216_chemical_43_3,chemical,primary216,43,extra_trees_structure_context,BIO_6386,CMP_cfdde373a2a8c04668f0,10.1021/acs.est.5b04299,BAF,3.984,3.701409871834747,,False
final_primary216_chemical_43_3,chemical,primary216,43,extra_trees_structure_context,BIO_6387,CMP_cfdde373a2a8c04668f0,10.1021/acs.est.5b04299,BAF,3.4720000000000004,3.6620977144458147,,False
final_primary216_chemical_43_3,chemical,primary216,43,extra_trees_structure_context,BIO_6388,CMP_cfdde373a2a8c04668f0,10.1021/acs.est.5b04299,BAF,3.4600000000000004,3.6620977144458147,,False
final_primary216_chemical_43_3,chemical,primary216,43,extra_trees_structure_context,BIO_6389,CMP_cfdde373a2a8c04668f0,10.1021/acs.est.5b04299,BAF,3.770000000000001,3.6620977144458147,,False
final_primary216_chemical_43_3,chemical,primary216,43,extra_trees_structure_context,BIO_6390,CMP_cfdde373a2a8c04668f0,10.1021/acs.est.5b04299,BAF,3.700000000000001,3.6620977144458147,,False
final_primary216_chemical_43_3,chemical,primary216,43,extra_trees_structure_context,BIO_6391,CMP_cfdde373a2a8c04668f0,10.1021/acs.est.5b04299,BAF,3.755000000000001,3.6620977144458147,,False
final_primary216_chemical_43_3,chemical,primary216,43,extra_trees_structure_context,BIO_6392,CMP_cfdde373a2a8c04668f0,10.1021/acs.est.5b04299,BAF,3.646000000000001,3.637100131075894,,False
final_primary216_chemical_43_3,chemical,primary216,43,extra_trees_structure_context,BIO_6393,CMP_cfdde373a2a8c04668f0,10.1021/acs.est.5b04299,BAF,2.870000000000001,3.3542376782078507,,False
final_primary216_chemical_43_3,chemical,primary216,43,extra_trees_structure_context,BIO_6395,CMP_cfdde373a2a8c04668f0,10.1021/acs.est.5b04299,BAF,4.03,3.6620977144458147,,False
final_primary216_chemical_43_3,chemical,primary216,43,extra_trees_structure_context,BIO_6396,CMP_cfdde373a2a8c04668f0,10.1021/acs.est.5b04299,BAF,3.873,3.6620977144458147,,False
final_primary216_chemical_43_3,chemical,primary216,43,extra_trees_structure_context,BIO_6397,CMP_cfdde373a2a8c04668f0,10.1021/acs.est.5b04299,BAF,4.301,3.701409871834747,,False
final_primary216_chemical_43_3,chemical,primary216,43,extra_trees_structure_context,BIO_6398,CMP_cfdde373a2a8c04668f0,10.1021/acs.est.5b04299,BAF,3.838000000000001,3.6620977144458147,,False
final_primary216_chemical_43_3,chemical,primary216,43,extra_trees_structure_context,BIO_6399,CMP_cfdde373a2a8c04668f0,10.1021/acs.est.5b04299,BAF,3.912000000000001,3.6620977144458147,,False
final_primary216_chemical_43_3,chemical,primary216,43,extra_trees_structure_context,BIO_6400,CMP_cfdde373a2a8c04668f0,10.1021/acs.est.5b04299,BAF,4.0600000000000005,3.6620977144458147,,False
final_primary216_chemical_43_3,chemical,primary216,43,extra_trees_structure_context,BIO_6401,CMP_cfdde373a2a8c04668f0,10.1021/acs.est.5b04299,BAF,3.954,3.6620977144458147,,False
final_primary216_chemical_43_3,chemical,primary216,43,extra_trees_structure_context,BIO_6402,CMP_cfdde373a2a8c04668f0,10.1021/acs.est.5b04299,BAF,4.072000000000001,3.6620977144458147,,False
final_primary216_chemical_43_3,chemical,primary216,43,extra_trees_structure_context,BIO_6403,CMP_cfdde373a2a8c04668f0,10.1021/acs.est.5b04299,BAF,3.9650000000000007,3.637100131075894,,False
final_primary216_chemical_43_3,chemical,primary216,43,extra_trees_structure_context,BIO_6404,CMP_cfdde373a2a8c04668f0,10.1021/acs.est.5b04299,BAF,3.1950000000000003,3.3542376782078507,,False
final_primary216_chemical_43_3,chemical,primary216,43,extra_trees_structure_context,BIO_6407,CMP_cfdde373a2a8c04668f0,10.1021/acs.est.9b04906,BAF,3.7848311781244695,3.7087985260261633,,False
final_primary216_chemical_43_3,chemical,primary216,43,extra_trees_structure_context,BIO_6506,CMP_ba6c40d3726d16919ab2,10.1021/acs.est.6b01197,BAF,5.340000000000001,3.511989688206657,,False
final_primary216_chemical_43_3,chemical,primary216,43,extra_trees_structure_context,BIO_6507,CMP_ba6c40d3726d16919ab2,10.1021/acs.est.6b01197,BAF,5.200000000000001,3.511989688206657,,False
final_primary216_chemical_43_3,chemical,primary216,43,extra_trees_structure_context,BIO_6593,CMP_ba6c40d3726d16919ab2,10.1021/acs.est.7b02399,BAF,3.012837224705172,3.1813100684592666,,False
final_primary216_chemical_43_3,chemical,primary216,43,extra_trees_structure_context,BIO_6594,CMP_ba6c40d3726d16919ab2,10.1021/acs.est.7b02399,BAF,3.840733234611807,3.1813100684592666,,False
final_primary216_chemical_43_3,chemical,primary216,43,extra_trees_structure_context,BIO_6595,CMP_ba6c40d3726d16919ab2,10.1021/acs.est.7b02399,BAF,3.99563519459755,3.1813100684592666,,False
final_primary216_chemical_43_3,chemical,primary216,43,extra_trees_structure_context,BIO_6596,CMP_ba6c40d3726d16919ab2,10.1021/acs.est.7b02399,BAF,4.44870631990508,3.1813100684592666,,False
final_primary216_chemical_43_3,chemical,primary216,43,extra_trees_structure_context,BIO_6597,CMP_ba6c40d3726d16919ab2,10.1021/acs.est.7b02399,BAF,4.429752280002408,3.1813100684592666,,False
final_primary216_chemical_43_3,chemical,primary216,43,extra_trees_structure_context,BIO_6598,CMP_ba6c40d3726d16919ab2,10.1021/acs.est.7b02399,BAF,4.515476441382376,3.1813100684592666,,False
final_primary216_chemical_43_3,chemical,primary216,43,extra_trees_structure_context,BIO_6629,CMP_cfdde373a2a8c04668f0,10.1021/acs.est.7b02399,BAF,2.0863598306747484,3.992863145425058,,False
final_primary216_chemical_43_3,chemical,primary216,43,extra_trees_structure_context,BIO_6630,CMP_cfdde373a2a8c04668f0,10.1021/acs.est.7b02399,BAF,3.1398790864012365,3.992863145425058,,False
final_primary216_chemical_43_3,chemical,primary216,43,extra_trees_structure_context,BIO_6631,CMP_cfdde373a2a8c04668f0,10.1021/acs.est.7b02399,BAF,3.551449997972876,3.992863145425058,,False
final_primary216_chemical_43_3,chemical,primary216,43,extra_trees_structure_context,BIO_6632,CMP_cfdde373a2a8c04668f0,10.1021/acs.est.7b02399,BAF,3.376576957056512,3.992863145425058,,False
final_primary216_chemical_43_3,chemical,primary216,43,extra_trees_structure_context,BIO_6633,CMP_cfdde373a2a8c04668f0,10.1021/acs.est.7b02399,BAF,3.447623097760286,3.992863145425058,,False
final_primary216_chemical_43_3,chemical,primary216,43,extra_trees_structure_context,BIO_6634,CMP_cfdde373a2a8c04668f0,10.1021/acs.est.7b02399,BAF,3.851869600729766,3.992863145425058,,False
final_primary216_chemical_43_3,chemical,primary216,43,extra_trees_structure_context,BIO_6713,CMP_a97661d9260d026cb14f,10.1021/acs.est.7b02259,BAF,1.1000000000000003,1.399745054185382,,False
final_primary216_chemical_43_3,chemical,primary216,43,extra_trees_structure_context,BIO_6714,CMP_a97661d9260d026cb14f,10.1021/acs.est.7b02259,BAF,0.6100000000000001,1.2772229616982267,,False
final_primary216_chemical_43_3,chemical,primary216,43,extra_trees_structure_context,BIO_6715,CMP_a97661d9260d026cb14f,10.1021/acs.est.7b02259,BAF,-0.2700000000000001,1.3211710500829412,,False
final_primary216_chemical_43_3,chemical,primary216,43,extra_trees_structure_context,BIO_6725,CMP_ba6c40d3726d16919ab2,10.1021/acs.est.7b02259,BAF,4.430000000000001,3.4914076276179413,,False
final_primary216_chemical_43_3,chemical,primary216,43,extra_trees_structure_context,BIO_6726,CMP_ba6c40d3726d16919ab2,10.1021/acs.est.7b02259,BAF,3.9100000000000006,3.4883837305591183,,False
final_primary216_chemical_43_3,chemical,primary216,43,extra_trees_structure_context,BIO_6727,CMP_ba6c40d3726d16919ab2,10.1021/acs.est.7b02259,BAF,3.1700000000000004,3.467593136196373,,False
final_primary216_chemical_43_3,chemical,primary216,43,extra_trees_structure_context,BIO_6728,CMP_812738d2ca27e93d42c8,10.1021/acs.est.7b02259,BAF,4.7700000000000005,3.4914076276179413,,False
final_primary216_chemical_43_3,chemical,primary216,43,extra_trees_structure_context,BIO_6729,CMP_812738d2ca27e93d42c8,10.1021/acs.est.7b02259,BAF,4.32,3.4883837305591183,,False
final_primary216_chemical_43_3,chemical,primary216,43,extra_trees_structure_context,BIO_6730,CMP_812738d2ca27e93d42c8,10.1021/acs.est.7b02259,BAF,3.620000000000001,3.467593136196373,,False
final_primary216_chemical_43_3,chemical,primary216,43,extra_trees_structure_context,BIO_6740,CMP_cfdde373a2a8c04668f0,10.1021/acs.est.7b02259,BAF,3.86,3.701409871834747,,False
final_primary216_chemical_43_3,chemical,primary216,43,extra_trees_structure_context,BIO_6741,CMP_cfdde373a2a8c04668f0,10.1021/acs.est.7b02259,BAF,3.65,3.637100131075894,,False
final_primary216_chemical_43_3,chemical,primary216,43,extra_trees_structure_context,BIO_6742,CMP_cfdde373a2a8c04668f0,10.1021/acs.est.7b02259,BAF,2.7300000000000004,3.3542376782078507,,False
final_primary216_chemical_43_3,chemical,primary216,43,hist_gradient_structure_context,BIO_5694,CMP_cfdde373a2a8c04668f0,10.1021/acs.est.6b01197,BAF,4.32,3.5376497667661937,,False
final_primary216_chemical_43_3,chemical,primary216,43,hist_gradient_structure_context,BIO_5695,CMP_cfdde373a2a8c04668f0,10.1021/acs.est.6b01197,BAF,2.4700000000000006,3.284935680717378,,False
final_primary216_chemical_43_3,chemical,primary216,43,hist_gradient_structure_context,BIO_5696,CMP_cfdde373a2a8c04668f0,10.1021/acs.est.6b01197,BAF,4.35,3.5376497667661937,,False
final_primary216_chemical_43_3,chemical,primary216,43,hist_gradient_structure_context,BIO_5907,CMP_a97661d9260d026cb14f,10.1021/acs.est.6b01197,BAF,1.98,1.5969146945382282,,False
final_primary216_chemical_43_3,chemical,primary216,43,hist_gradient_structure_context,BIO_5908,CMP_a97661d9260d026cb14f,10.1021/acs.est.6b01197,BAF,2.01,1.5969146945382282,,False
final_primary216_chemical_43_3,chemical,primary216,43,hist_gradient_structure_context,BIO_6384,CMP_cfdde373a2a8c04668f0,10.1021/acs.est.5b04299,BAF,3.798000000000001,3.1523692713255325,,False
final_primary216_chemical_43_3,chemical,primary216,43,hist_gradient_structure_context,BIO_6385,CMP_cfdde373a2a8c04668f0,10.1021/acs.est.5b04299,BAF,3.3090000000000006,3.1523692713255325,,False
final_primary216_chemical_43_3,chemical,primary216,43,hist_gradient_structure_context,BIO_6386,CMP_cfdde373a2a8c04668f0,10.1021/acs.est.5b04299,BAF,3.984,3.1523692713255325,,False
final_primary216_chemical_43_3,chemical,primary216,43,hist_gradient_structure_context,BIO_6387,CMP_cfdde373a2a8c04668f0,10.1021/acs.est.5b04299,BAF,3.4720000000000004,3.1523692713255325,,False
final_primary216_chemical_43_3,chemical,primary216,43,hist_gradient_structure_context,BIO_6388,CMP_cfdde373a2a8c04668f0,10.1021/acs.est.5b04299,BAF,3.4600000000000004,3.1523692713255325,,False
final_primary216_chemical_43_3,chemical,primary216,43,hist_gradient_structure_context,BIO_6389,CMP_cfdde373a2a8c04668f0,10.1021/acs.est.5b04299,BAF,3.770000000000001,3.1523692713255325,,False
final_primary216_chemical_43_3,chemical,primary216,43,hist_gradient_structure_context,BIO_6390,CMP_cfdde373a2a8c04668f0,10.1021/acs.est.5b04299,BAF,3.700000000000001,3.1523692713255325,,False
final_primary216_chemical_43_3,chemical,primary216,43,hist_gradient_structure_context,BIO_6391,CMP_cfdde373a2a8c04668f0,10.1021/acs.est.5b04299,BAF,3.755000000000001,3.1523692713255325,,False
final_primary216_chemical_43_3,chemical,primary216,43,hist_gradient_structure_context,BIO_6392,CMP_cfdde373a2a8c04668f0,10.1021/acs.est.5b04299,BAF,3.646000000000001,3.1523692713255325,,False
final_primary216_chemical_43_3,chemical,primary216,43,hist_gradient_structure_context,BIO_6393,CMP_cfdde373a2a8c04668f0,10.1021/acs.est.5b04299,BAF,2.870000000000001,3.1523692713255325,,False
final_primary216_chemical_43_3,chemical,primary216,43,hist_gradient_structure_context,BIO_6395,CMP_cfdde373a2a8c04668f0,10.1021/acs.est.5b04299,BAF,4.03,3.1523692713255325,,False
final_primary216_chemical_43_3,chemical,primary216,43,hist_gradient_structure_context,BIO_6396,CMP_cfdde373a2a8c04668f0,10.1021/acs.est.5b04299,BAF,3.873,3.1523692713255325,,False
final_primary216_chemical_43_3,chemical,primary216,43,hist_gradient_structure_context,BIO_6397,CMP_cfdde373a2a8c04668f0,10.1021/acs.est.5b04299,BAF,4.301,3.1523692713255325,,False
final_primary216_chemical_43_3,chemical,primary216,43,hist_gradient_structure_context,BIO_6398,CMP_cfdde373a2a8c04668f0,10.1021/acs.est.5b04299,BAF,3.838000000000001,3.1523692713255325,,False
final_primary216_chemical_43_3,chemical,primary216,43,hist_gradient_structure_context,BIO_6399,CMP_cfdde373a2a8c04668f0,10.1021/acs.est.5b04299,BAF,3.912000000000001,3.1523692713255325,,False
final_primary216_chemical_43_3,chemical,primary216,43,hist_gradient_structure_context,BIO_6400,CMP_cfdde373a2a8c04668f0,10.1021/acs.est.5b04299,BAF,4.0600000000000005,3.1523692713255325,,False
final_primary216_chemical_43_3,chemical,primary216,43,hist_gradient_structure_context,BIO_6401,CMP_cfdde373a2a8c04668f0,10.1021/acs.est.5b04299,BAF,3.954,3.1523692713255325,,False
final_primary216_chemical_43_3,chemical,primary216,43,hist_gradient_structure_context,BIO_6402,CMP_cfdde373a2a8c04668f0,10.1021/acs.est.5b04299,BAF,4.072000000000001,3.1523692713255325,,False
final_primary216_chemical_43_3,chemical,primary216,43,hist_gradient_structure_context,BIO_6403,CMP_cfdde373a2a8c04668f0,10.1021/acs.est.5b04299,BAF,3.9650000000000007,3.1523692713255325,,False
final_primary216_chemical_43_3,chemical,primary216,43,hist_gradient_structure_context,BIO_6404,CMP_cfdde373a2a8c04668f0,10.1021/acs.est.5b04299,BAF,3.1950000000000003,3.1523692713255325,,False
final_primary216_chemical_43_3,chemical,primary216,43,hist_gradient_structure_context,BIO_6407,CMP_cfdde373a2a8c04668f0,10.1021/acs.est.9b04906,BAF,3.7848311781244695,3.129989514472653,,False
final_primary216_chemical_43_3,chemical,primary216,43,hist_gradient_structure_context,BIO_6506,CMP_ba6c40d3726d16919ab2,10.1021/acs.est.6b01197,BAF,5.340000000000001,3.820735363800597,,False
final_primary216_chemical_43_3,chemical,primary216,43,hist_gradient_structure_context,BIO_6507,CMP_ba6c40d3726d16919ab2,10.1021/acs.est.6b01197,BAF,5.200000000000001,3.820735363800597,,False
final_primary216_chemical_43_3,chemical,primary216,43,hist_gradient_structure_context,BIO_6593,CMP_ba6c40d3726d16919ab2,10.1021/acs.est.7b02399,BAF,3.012837224705172,3.5525949142914075,,False
final_primary216_chemical_43_3,chemical,primary216,43,hist_gradient_structure_context,BIO_6594,CMP_ba6c40d3726d16919ab2,10.1021/acs.est.7b02399,BAF,3.840733234611807,3.5525949142914075,,False
final_primary216_chemical_43_3,chemical,primary216,43,hist_gradient_structure_context,BIO_6595,CMP_ba6c40d3726d16919ab2,10.1021/acs.est.7b02399,BAF,3.99563519459755,3.5525949142914075,,False
final_primary216_chemical_43_3,chemical,primary216,43,hist_gradient_structure_context,BIO_6596,CMP_ba6c40d3726d16919ab2,10.1021/acs.est.7b02399,BAF,4.44870631990508,3.5525949142914075,,False
final_primary216_chemical_43_3,chemical,primary216,43,hist_gradient_structure_context,BIO_6597,CMP_ba6c40d3726d16919ab2,10.1021/acs.est.7b02399,BAF,4.429752280002408,3.5525949142914075,,False
final_primary216_chemical_43_3,chemical,primary216,43,hist_gradient_structure_context,BIO_6598,CMP_ba6c40d3726d16919ab2,10.1021/acs.est.7b02399,BAF,4.515476441382376,3.5525949142914075,,False
final_primary216_chemical_43_3,chemical,primary216,43,hist_gradient_structure_context,BIO_6629,CMP_cfdde373a2a8c04668f0,10.1021/acs.est.7b02399,BAF,2.0863598306747484,3.5984374928081064,,False
final_primary216_chemical_43_3,chemical,primary216,43,hist_gradient_structure_context,BIO_6630,CMP_cfdde373a2a8c04668f0,10.1021/acs.est.7b02399,BAF,3.1398790864012365,3.5984374928081064,,False
final_primary216_chemical_43_3,chemical,primary216,43,hist_gradient_structure_context,BIO_6631,CMP_cfdde373a2a8c04668f0,10.1021/acs.est.7b02399,BAF,3.551449997972876,3.5984374928081064,,False
final_primary216_chemical_43_3,chemical,primary216,43,hist_gradient_structure_context,BIO_6632,CMP_cfdde373a2a8c04668f0,10.1021/acs.est.7b02399,BAF,3.376576957056512,3.5984374928081064,,False
final_primary216_chemical_43_3,chemical,primary216,43,hist_gradient_structure_context,BIO_6633,CMP_cfdde373a2a8c04668f0,10.1021/acs.est.7b02399,BAF,3.447623097760286,3.5984374928081064,,False
final_primary216_chemical_43_3,chemical,primary216,43,hist_gradient_structure_context,BIO_6634,CMP_cfdde373a2a8c04668f0,10.1021/acs.est.7b02399,BAF,3.851869600729766,3.5984374928081064,,False
final_primary216_chemical_43_3,chemical,primary216,43,hist_gradient_structure_context,BIO_6713,CMP_a97661d9260d026cb14f,10.1021/acs.est.7b02259,BAF,1.1000000000000003,1.0070203002579428,,False
final_primary216_chemical_43_3,chemical,primary216,43,hist_gradient_structure_context,BIO_6714,CMP_a97661d9260d026cb14f,10.1021/acs.est.7b02259,BAF,0.6100000000000001,1.0070203002579428,,False
final_primary216_chemical_43_3,chemical,primary216,43,hist_gradient_structure_context,BIO_6715,CMP_a97661d9260d026cb14f,10.1021/acs.est.7b02259,BAF,-0.2700000000000001,1.0070203002579428,,False
final_primary216_chemical_43_3,chemical,primary216,43,hist_gradient_structure_context,BIO_6725,CMP_ba6c40d3726d16919ab2,10.1021/acs.est.7b02259,BAF,4.430000000000001,3.877442749233948,,False
final_primary216_chemical_43_3,chemical,primary216,43,hist_gradient_structure_context,BIO_6726,CMP_ba6c40d3726d16919ab2,10.1021/acs.est.7b02259,BAF,3.9100000000000006,3.877442749233948,,False
final_primary216_chemical_43_3,chemical,primary216,43,hist_gradient_structure_context,BIO_6727,CMP_ba6c40d3726d16919ab2,10.1021/acs.est.7b02259,BAF,3.1700000000000004,3.877442749233948,,False
final_primary216_chemical_43_3,chemical,primary216,43,hist_gradient_structure_context,BIO_6728,CMP_812738d2ca27e93d42c8,10.1021/acs.est.7b02259,BAF,4.7700000000000005,3.8970873436361235,,False
final_primary216_chemical_43_3,chemical,primary216,43,hist_gradient_structure_context,BIO_6729,CMP_812738d2ca27e93d42c8,10.1021/acs.est.7b02259,BAF,4.32,3.8970873436361235,,False
final_primary216_chemical_43_3,chemical,primary216,43,hist_gradient_structure_context,BIO_6730,CMP_812738d2ca27e93d42c8,10.1021/acs.est.7b02259,BAF,3.620000000000001,3.8970873436361235,,False
final_primary216_chemical_43_3,chemical,primary216,43,hist_gradient_structure_context,BIO_6740,CMP_cfdde373a2a8c04668f0,10.1021/acs.est.7b02259,BAF,3.86,3.1523692713255325,,False
final_primary216_chemical_43_3,chemical,primary216,43,hist_gradient_structure_context,BIO_6741,CMP_cfdde373a2a8c04668f0,10.1021/acs.est.7b02259,BAF,3.65,3.1523692713255325,,False
final_primary216_chemical_43_3,chemical,primary216,43,hist_gradient_structure_context,BIO_6742,CMP_cfdde373a2a8c04668f0,10.1021/acs.est.7b02259,BAF,2.7300000000000004,3.1523692713255325,,False
final_primary216_chemical_43_3,chemical,primary216,43,nearest_chemical_context,BIO_5694,CMP_cfdde373a2a8c04668f0,10.1021/acs.est.6b01197,BAF,4.32,3.29,,False
final_primary216_chemical_43_3,chemical,primary216,43,nearest_chemical_context,BIO_5695,CMP_cfdde373a2a8c04668f0,10.1021/acs.est.6b01197,BAF,2.4700000000000006,1.3,,False
final_primary216_chemical_43_3,chemical,primary216,43,nearest_chemical_context,BIO_5696,CMP_cfdde373a2a8c04668f0,10.1021/acs.est.6b01197,BAF,4.35,3.29,,False
final_primary216_chemical_43_3,chemical,primary216,43,nearest_chemical_context,BIO_5907,CMP_a97661d9260d026cb14f,10.1021/acs.est.6b01197,BAF,1.98,4.170000000000001,,False
final_primary216_chemical_43_3,chemical,primary216,43,nearest_chemical_context,BIO_5908,CMP_a97661d9260d026cb14f,10.1021/acs.est.6b01197,BAF,2.01,4.170000000000001,,False
final_primary216_chemical_43_3,chemical,primary216,43,nearest_chemical_context,BIO_6384,CMP_cfdde373a2a8c04668f0,10.1021/acs.est.5b04299,BAF,3.798000000000001,2.56,,False
final_primary216_chemical_43_3,chemical,primary216,43,nearest_chemical_context,BIO_6385,CMP_cfdde373a2a8c04668f0,10.1021/acs.est.5b04299,BAF,3.3090000000000006,2.56,,False
final_primary216_chemical_43_3,chemical,primary216,43,nearest_chemical_context,BIO_6386,CMP_cfdde373a2a8c04668f0,10.1021/acs.est.5b04299,BAF,3.984,2.56,,False
final_primary216_chemical_43_3,chemical,primary216,43,nearest_chemical_context,BIO_6387,CMP_cfdde373a2a8c04668f0,10.1021/acs.est.5b04299,BAF,3.4720000000000004,2.56,,False
final_primary216_chemical_43_3,chemical,primary216,43,nearest_chemical_context,BIO_6388,CMP_cfdde373a2a8c04668f0,10.1021/acs.est.5b04299,BAF,3.4600000000000004,2.56,,False
final_primary216_chemical_43_3,chemical,primary216,43,nearest_chemical_context,BIO_6389,CMP_cfdde373a2a8c04668f0,10.1021/acs.est.5b04299,BAF,3.770000000000001,2.56,,False
final_primary216_chemical_43_3,chemical,primary216,43,nearest_chemical_context,BIO_6390,CMP_cfdde373a2a8c04668f0,10.1021/acs.est.5b04299,BAF,3.700000000000001,2.56,,False
final_primary216_chemical_43_3,chemical,primary216,43,nearest_chemical_context,BIO_6391,CMP_cfdde373a2a8c04668f0,10.1021/acs.est.5b04299,BAF,3.755000000000001,2.56,,False
final_primary216_chemical_43_3,chemical,primary216,43,nearest_chemical_context,BIO_6392,CMP_cfdde373a2a8c04668f0,10.1021/acs.est.5b04299,BAF,3.646000000000001,2.3000000000000003,,False
final_primary216_chemical_43_3,chemical,primary216,43,nearest_chemical_context,BIO_6393,CMP_cfdde373a2a8c04668f0,10.1021/acs.est.5b04299,BAF,2.870000000000001,2.56,,False
final_primary216_chemical_43_3,chemical,primary216,43,nearest_chemical_context,BIO_6395,CMP_cfdde373a2a8c04668f0,10.1021/acs.est.5b04299,BAF,4.03,2.56,,False
final_primary216_chemical_43_3,chemical,primary216,43,nearest_chemical_context,BIO_6396,CMP_cfdde373a2a8c04668f0,10.1021/acs.est.5b04299,BAF,3.873,2.56,,False
final_primary216_chemical_43_3,chemical,primary216,43,nearest_chemical_context,BIO_6397,CMP_cfdde373a2a8c04668f0,10.1021/acs.est.5b04299,BAF,4.301,2.56,,False
final_primary216_chemical_43_3,chemical,primary216,43,nearest_chemical_context,BIO_6398,CMP_cfdde373a2a8c04668f0,10.1021/acs.est.5b04299,BAF,3.838000000000001,2.56,,False
final_primary216_chemical_43_3,chemical,primary216,43,nearest_chemical_context,BIO_6399,CMP_cfdde373a2a8c04668f0,10.1021/acs.est.5b04299,BAF,3.912000000000001,2.56,,False
final_primary216_chemical_43_3,chemical,primary216,43,nearest_chemical_context,BIO_6400,CMP_cfdde373a2a8c04668f0,10.1021/acs.est.5b04299,BAF,4.0600000000000005,2.56,,False
final_primary216_chemical_43_3,chemical,primary216,43,nearest_chemical_context,BIO_6401,CMP_cfdde373a2a8c04668f0,10.1021/acs.est.5b04299,BAF,3.954,2.56,,False
final_primary216_chemical_43_3,chemical,primary216,43,nearest_chemical_context,BIO_6402,CMP_cfdde373a2a8c04668f0,10.1021/acs.est.5b04299,BAF,4.072000000000001,2.56,,False
final_primary216_chemical_43_3,chemical,primary216,43,nearest_chemical_context,BIO_6403,CMP_cfdde373a2a8c04668f0,10.1021/acs.est.5b04299,BAF,3.9650000000000007,2.3000000000000003,,False
final_primary216_chemical_43_3,chemical,primary216,43,nearest_chemical_context,BIO_6404,CMP_cfdde373a2a8c04668f0,10.1021/acs.est.5b04299,BAF,3.1950000000000003,2.56,,False
final_primary216_chemical_43_3,chemical,primary216,43,nearest_chemical_context,BIO_6407,CMP_cfdde373a2a8c04668f0,10.1021/acs.est.9b04906,BAF,3.7848311781244695,3.29,,False
final_primary216_chemical_43_3,chemical,primary216,43,nearest_chemical_context,BIO_6506,CMP_ba6c40d3726d16919ab2,10.1021/acs.est.6b01197,BAF,5.340000000000001,4.170000000000001,,False
final_primary216_chemical_43_3,chemical,primary216,43,nearest_chemical_context,BIO_6507,CMP_ba6c40d3726d16919ab2,10.1021/acs.est.6b01197,BAF,5.200000000000001,4.170000000000001,,False
final_primary216_chemical_43_3,chemical,primary216,43,nearest_chemical_context,BIO_6593,CMP_ba6c40d3726d16919ab2,10.1021/acs.est.7b02399,BAF,3.012837224705172,1.3010299956639813,,False
final_primary216_chemical_43_3,chemical,primary216,43,nearest_chemical_context,BIO_6594,CMP_ba6c40d3726d16919ab2,10.1021/acs.est.7b02399,BAF,3.840733234611807,1.3010299956639813,,False
final_primary216_chemical_43_3,chemical,primary216,43,nearest_chemical_context,BIO_6595,CMP_ba6c40d3726d16919ab2,10.1021/acs.est.7b02399,BAF,3.99563519459755,1.3010299956639813,,False
final_primary216_chemical_43_3,chemical,primary216,43,nearest_chemical_context,BIO_6596,CMP_ba6c40d3726d16919ab2,10.1021/acs.est.7b02399,BAF,4.44870631990508,1.3010299956639813,,False
final_primary216_chemical_43_3,chemical,primary216,43,nearest_chemical_context,BIO_6597,CMP_ba6c40d3726d16919ab2,10.1021/acs.est.7b02399,BAF,4.429752280002408,1.3010299956639813,,False
final_primary216_chemical_43_3,chemical,primary216,43,nearest_chemical_context,BIO_6598,CMP_ba6c40d3726d16919ab2,10.1021/acs.est.7b02399,BAF,4.515476441382376,1.3010299956639813,,False
final_primary216_chemical_43_3,chemical,primary216,43,nearest_chemical_context,BIO_6629,CMP_cfdde373a2a8c04668f0,10.1021/acs.est.7b02399,BAF,2.0863598306747484,1.0,,False
final_primary216_chemical_43_3,chemical,primary216,43,nearest_chemical_context,BIO_6630,CMP_cfdde373a2a8c04668f0,10.1021/acs.est.7b02399,BAF,3.1398790864012365,1.0,,False
final_primary216_chemical_43_3,chemical,primary216,43,nearest_chemical_context,BIO_6631,CMP_cfdde373a2a8c04668f0,10.1021/acs.est.7b02399,BAF,3.551449997972876,1.0,,False
final_primary216_chemical_43_3,chemical,primary216,43,nearest_chemical_context,BIO_6632,CMP_cfdde373a2a8c04668f0,10.1021/acs.est.7b02399,BAF,3.376576957056512,1.0,,False
final_primary216_chemical_43_3,chemical,primary216,43,nearest_chemical_context,BIO_6633,CMP_cfdde373a2a8c04668f0,10.1021/acs.est.7b02399,BAF,3.447623097760286,1.0,,False
final_primary216_chemical_43_3,chemical,primary216,43,nearest_chemical_context,BIO_6634,CMP_cfdde373a2a8c04668f0,10.1021/acs.est.7b02399,BAF,3.851869600729766,1.0,,False
final_primary216_chemical_43_3,chemical,primary216,43,nearest_chemical_context,BIO_6713,CMP_a97661d9260d026cb14f,10.1021/acs.est.7b02259,BAF,1.1000000000000003,0.4900000000000001,,False
final_primary216_chemical_43_3,chemical,primary216,43,nearest_chemical_context,BIO_6714,CMP_a97661d9260d026cb14f,10.1021/acs.est.7b02259,BAF,0.6100000000000001,-0.08,,False
final_primary216_chemical_43_3,chemical,primary216,43,nearest_chemical_context,BIO_6715,CMP_a97661d9260d026cb14f,10.1021/acs.est.7b02259,BAF,-0.2700000000000001,0.4599999999999999,,False
final_primary216_chemical_43_3,chemical,primary216,43,nearest_chemical_context,BIO_6725,CMP_ba6c40d3726d16919ab2,10.1021/acs.est.7b02259,BAF,4.430000000000001,0.4900000000000001,,False
final_primary216_chemical_43_3,chemical,primary216,43,nearest_chemical_context,BIO_6726,CMP_ba6c40d3726d16919ab2,10.1021/acs.est.7b02259,BAF,3.9100000000000006,-0.08,,False
final_primary216_chemical_43_3,chemical,primary216,43,nearest_chemical_context,BIO_6727,CMP_ba6c40d3726d16919ab2,10.1021/acs.est.7b02259,BAF,3.1700000000000004,0.4599999999999999,,False
final_primary216_chemical_43_3,chemical,primary216,43,nearest_chemical_context,BIO_6728,CMP_812738d2ca27e93d42c8,10.1021/acs.est.7b02259,BAF,4.7700000000000005,0.4900000000000001,,False
final_primary216_chemical_43_3,chemical,primary216,43,nearest_chemical_context,BIO_6729,CMP_812738d2ca27e93d42c8,10.1021/acs.est.7b02259,BAF,4.32,-0.08,,False
final_primary216_chemical_43_3,chemical,primary216,43,nearest_chemical_context,BIO_6730,CMP_812738d2ca27e93d42c8,10.1021/acs.est.7b02259,BAF,3.620000000000001,0.4599999999999999,,False
final_primary216_chemical_43_3,chemical,primary216,43,nearest_chemical_context,BIO_6740,CMP_cfdde373a2a8c04668f0,10.1021/acs.est.7b02259,BAF,3.86,2.56,,False
final_primary216_chemical_43_3,chemical,primary216,43,nearest_chemical_context,BIO_6741,CMP_cfdde373a2a8c04668f0,10.1021/acs.est.7b02259,BAF,3.65,2.3000000000000003,,False
final_primary216_chemical_43_3,chemical,primary216,43,nearest_chemical_context,BIO_6742,CMP_cfdde373a2a8c04668f0,10.1021/acs.est.7b02259,BAF,2.7300000000000004,2.56,,False
final_primary216_chemical_43_3,chemical,primary216,43,simple_graph_context,BIO_5862,CMP_812738d2ca27e93d42c8,10.1016/j.scitotenv.2016.05.215,BCF,4.95,4.014284610748291,,False
final_primary216_chemical_43_3,chemical,primary216,43,simple_graph_context,BIO_5863,CMP_812738d2ca27e93d42c8,10.1016/j.scitotenv.2016.05.215,BCF,4.66,4.014284610748291,,False
final_primary216_chemical_43_3,chemical,primary216,43,simple_graph_context,BIO_5864,CMP_812738d2ca27e93d42c8,10.1016/j.scitotenv.2016.05.215,BCF,3.77,3.7223732471466064,,False
final_primary216_chemical_43_3,chemical,primary216,43,simple_graph_context,BIO_5865,CMP_812738d2ca27e93d42c8,10.1016/j.scitotenv.2016.05.215,BCF,3.66,3.7223732471466064,,False
final_primary216_chemical_43_3,chemical,primary216,43,simple_graph_context,BIO_5866,CMP_812738d2ca27e93d42c8,10.1016/j.scitotenv.2016.05.215,BCF,4.33,3.92519474029541,,False
final_primary216_chemical_43_3,chemical,primary216,43,simple_graph_context,BIO_5867,CMP_812738d2ca27e93d42c8,10.1016/j.scitotenv.2016.05.215,BCF,3.65,3.92519474029541,,False
final_primary216_chemical_43_3,chemical,primary216,43,simple_graph_context,BIO_6285,CMP_cfdde373a2a8c04668f0,10.1016/j.scitotenv.2016.05.215,BCF,3.64,2.939664602279663,,False
final_primary216_chemical_43_3,chemical,primary216,43,simple_graph_context,BIO_6286,CMP_cfdde373a2a8c04668f0,10.1016/j.scitotenv.2016.05.215,BCF,3.55,2.939664602279663,,False
final_primary216_chemical_43_3,chemical,primary216,43,simple_graph_context,BIO_6287,CMP_cfdde373a2a8c04668f0,10.1016/j.scitotenv.2016.05.215,BCF,2.86,2.6477534770965576,,False
final_primary216_chemical_43_3,chemical,primary216,43,simple_graph_context,BIO_6288,CMP_cfdde373a2a8c04668f0,10.1016/j.scitotenv.2016.05.215,BCF,2.73,2.6477534770965576,,False
final_primary216_chemical_43_3,chemical,primary216,43,simple_graph_context,BIO_6289,CMP_cfdde373a2a8c04668f0,10.1016/j.scitotenv.2016.05.215,BCF,3.82,2.8505749702453613,,False
final_primary216_chemical_43_3,chemical,primary216,43,simple_graph_context,BIO_6290,CMP_cfdde373a2a8c04668f0,10.1016/j.scitotenv.2016.05.215,BCF,3.51,2.8505749702453613,,False
final_primary216_chemical_43_3,chemical,primary216,43,simple_graph_context,BIO_6495,CMP_ba6c40d3726d16919ab2,10.1016/j.scitotenv.2016.05.215,BCF,4.14,3.7008538246154785,,False
final_primary216_chemical_43_3,chemical,primary216,43,simple_graph_context,BIO_6497,CMP_ba6c40d3726d16919ab2,10.1016/j.scitotenv.2016.05.215,BCF,3.64,3.408942461013794,,False
final_primary216_chemical_43_3,chemical,primary216,43,simple_graph_context,BIO_6498,CMP_ba6c40d3726d16919ab2,10.1016/j.scitotenv.2016.05.215,BCF,3.63,3.408942461013794,,False
final_primary216_chemical_43_3,chemical,primary216,43,simple_graph_context,BIO_6499,CMP_ba6c40d3726d16919ab2,10.1016/j.scitotenv.2016.05.215,BCF,4.31,3.6117639541625977,,False
final_primary216_chemical_43_3,chemical,primary216,43,simple_graph_context,BIO_6500,CMP_ba6c40d3726d16919ab2,10.1016/j.scitotenv.2016.05.215,BCF,3.81,3.6117639541625977,,False
final_primary216_chemical_43_3,chemical,primary216,43,extra_trees_structure_context,BIO_5862,CMP_812738d2ca27e93d42c8,10.1016/j.scitotenv.2016.05.215,BCF,4.95,4.24744791666666,,False
final_primary216_chemical_43_3,chemical,primary216,43,extra_trees_structure_context,BIO_5863,CMP_812738d2ca27e93d42c8,10.1016/j.scitotenv.2016.05.215,BCF,4.66,4.24744791666666,,False
final_primary216_chemical_43_3,chemical,primary216,43,extra_trees_structure_context,BIO_5864,CMP_812738d2ca27e93d42c8,10.1016/j.scitotenv.2016.05.215,BCF,3.77,4.24744791666666,,False
final_primary216_chemical_43_3,chemical,primary216,43,extra_trees_structure_context,BIO_5865,CMP_812738d2ca27e93d42c8,10.1016/j.scitotenv.2016.05.215,BCF,3.66,4.24744791666666,,False
final_primary216_chemical_43_3,chemical,primary216,43,extra_trees_structure_context,BIO_5866,CMP_812738d2ca27e93d42c8,10.1016/j.scitotenv.2016.05.215,BCF,4.33,4.24744791666666,,False
final_primary216_chemical_43_3,chemical,primary216,43,extra_trees_structure_context,BIO_5867,CMP_812738d2ca27e93d42c8,10.1016/j.scitotenv.2016.05.215,BCF,3.65,4.24744791666666,,False
final_primary216_chemical_43_3,chemical,primary216,43,extra_trees_structure_context,BIO_6285,CMP_cfdde373a2a8c04668f0,10.1016/j.scitotenv.2016.05.215,BCF,3.64,3.3370638020833288,,False
final_primary216_chemical_43_3,chemical,primary216,43,extra_trees_structure_context,BIO_6286,CMP_cfdde373a2a8c04668f0,10.1016/j.scitotenv.2016.05.215,BCF,3.55,3.3370638020833288,,False
final_primary216_chemical_43_3,chemical,primary216,43,extra_trees_structure_context,BIO_6287,CMP_cfdde373a2a8c04668f0,10.1016/j.scitotenv.2016.05.215,BCF,2.86,3.3304036458333286,,False
final_primary216_chemical_43_3,chemical,primary216,43,extra_trees_structure_context,BIO_6288,CMP_cfdde373a2a8c04668f0,10.1016/j.scitotenv.2016.05.215,BCF,2.73,3.3304036458333286,,False
final_primary216_chemical_43_3,chemical,primary216,43,extra_trees_structure_context,BIO_6289,CMP_cfdde373a2a8c04668f0,10.1016/j.scitotenv.2016.05.215,BCF,3.82,3.3366927083333286,,False
final_primary216_chemical_43_3,chemical,primary216,43,extra_trees_structure_context,BIO_6290,CMP_cfdde373a2a8c04668f0,10.1016/j.scitotenv.2016.05.215,BCF,3.51,3.3366927083333286,,False
final_primary216_chemical_43_3,chemical,primary216,43,extra_trees_structure_context,BIO_6495,CMP_ba6c40d3726d16919ab2,10.1016/j.scitotenv.2016.05.215,BCF,4.14,4.089557291666665,,False
final_primary216_chemical_43_3,chemical,primary216,43,extra_trees_structure_context,BIO_6497,CMP_ba6c40d3726d16919ab2,10.1016/j.scitotenv.2016.05.215,BCF,3.64,4.089557291666665,,False
final_primary216_chemical_43_3,chemical,primary216,43,extra_trees_structure_context,BIO_6498,CMP_ba6c40d3726d16919ab2,10.1016/j.scitotenv.2016.05.215,BCF,3.63,4.089557291666665,,False
final_primary216_chemical_43_3,chemical,primary216,43,extra_trees_structure_context,BIO_6499,CMP_ba6c40d3726d16919ab2,10.1016/j.scitotenv.2016.05.215,BCF,4.31,4.089557291666665,,False
final_primary216_chemical_43_3,chemical,primary216,43,extra_trees_structure_context,BIO_6500,CMP_ba6c40d3726d16919ab2,10.1016/j.scitotenv.2016.05.215,BCF,3.81,4.089557291666665,,False
final_primary216_chemical_43_3,chemical,primary216,43,hist_gradient_structure_context,BIO_5862,CMP_812738d2ca27e93d42c8,10.1016/j.scitotenv.2016.05.215,BCF,4.95,4.50088544138796,,False
final_primary216_chemical_43_3,chemical,primary216,43,hist_gradient_structure_context,BIO_5863,CMP_812738d2ca27e93d42c8,10.1016/j.scitotenv.2016.05.215,BCF,4.66,4.50088544138796,,False
final_primary216_chemical_43_3,chemical,primary216,43,hist_gradient_structure_context,BIO_5864,CMP_812738d2ca27e93d42c8,10.1016/j.scitotenv.2016.05.215,BCF,3.77,4.50088544138796,,False
final_primary216_chemical_43_3,chemical,primary216,43,hist_gradient_structure_context,BIO_5865,CMP_812738d2ca27e93d42c8,10.1016/j.scitotenv.2016.05.215,BCF,3.66,4.50088544138796,,False
final_primary216_chemical_43_3,chemical,primary216,43,hist_gradient_structure_context,BIO_5866,CMP_812738d2ca27e93d42c8,10.1016/j.scitotenv.2016.05.215,BCF,4.33,4.50088544138796,,False
final_primary216_chemical_43_3,chemical,primary216,43,hist_gradient_structure_context,BIO_5867,CMP_812738d2ca27e93d42c8,10.1016/j.scitotenv.2016.05.215,BCF,3.65,4.50088544138796,,False
final_primary216_chemical_43_3,chemical,primary216,43,hist_gradient_structure_context,BIO_6285,CMP_cfdde373a2a8c04668f0,10.1016/j.scitotenv.2016.05.215,BCF,3.64,4.50088544138796,,False
final_primary216_chemical_43_3,chemical,primary216,43,hist_gradient_structure_context,BIO_6286,CMP_cfdde373a2a8c04668f0,10.1016/j.scitotenv.2016.05.215,BCF,3.55,4.50088544138796,,False
final_primary216_chemical_43_3,chemical,primary216,43,hist_gradient_structure_context,BIO_6287,CMP_cfdde373a2a8c04668f0,10.1016/j.scitotenv.2016.05.215,BCF,2.86,4.50088544138796,,False
final_primary216_chemical_43_3,chemical,primary216,43,hist_gradient_structure_context,BIO_6288,CMP_cfdde373a2a8c04668f0,10.1016/j.scitotenv.2016.05.215,BCF,2.73,4.50088544138796,,False
final_primary216_chemical_43_3,chemical,primary216,43,hist_gradient_structure_context,BIO_6289,CMP_cfdde373a2a8c04668f0,10.1016/j.scitotenv.2016.05.215,BCF,3.82,4.50088544138796,,False
final_primary216_chemical_43_3,chemical,primary216,43,hist_gradient_structure_context,BIO_6290,CMP_cfdde373a2a8c04668f0,10.1016/j.scitotenv.2016.05.215,BCF,3.51,4.50088544138796,,False
final_primary216_chemical_43_3,chemical,primary216,43,hist_gradient_structure_context,BIO_6495,CMP_ba6c40d3726d16919ab2,10.1016/j.scitotenv.2016.05.215,BCF,4.14,3.9397994529867604,,False
final_primary216_chemical_43_3,chemical,primary216,43,hist_gradient_structure_context,BIO_6497,CMP_ba6c40d3726d16919ab2,10.1016/j.scitotenv.2016.05.215,BCF,3.64,3.9397994529867604,,False
final_primary216_chemical_43_3,chemical,primary216,43,hist_gradient_structure_context,BIO_6498,CMP_ba6c40d3726d16919ab2,10.1016/j.scitotenv.2016.05.215,BCF,3.63,3.9397994529867604,,False
final_primary216_chemical_43_3,chemical,primary216,43,hist_gradient_structure_context,BIO_6499,CMP_ba6c40d3726d16919ab2,10.1016/j.scitotenv.2016.05.215,BCF,4.31,3.9397994529867604,,False
final_primary216_chemical_43_3,chemical,primary216,43,hist_gradient_structure_context,BIO_6500,CMP_ba6c40d3726d16919ab2,10.1016/j.scitotenv.2016.05.215,BCF,3.81,3.9397994529867604,,False
final_primary216_chemical_43_3,chemical,primary216,43,nearest_chemical_context,BIO_5862,CMP_812738d2ca27e93d42c8,10.1016/j.scitotenv.2016.05.215,BCF,4.95,4.04,,False
final_primary216_chemical_43_3,chemical,primary216,43,nearest_chemical_context,BIO_5863,CMP_812738d2ca27e93d42c8,10.1016/j.scitotenv.2016.05.215,BCF,4.66,4.04,,False
final_primary216_chemical_43_3,chemical,primary216,43,nearest_chemical_context,BIO_5864,CMP_812738d2ca27e93d42c8,10.1016/j.scitotenv.2016.05.215,BCF,3.77,3.41,,False
final_primary216_chemical_43_3,chemical,primary216,43,nearest_chemical_context,BIO_5865,CMP_812738d2ca27e93d42c8,10.1016/j.scitotenv.2016.05.215,BCF,3.66,3.41,,False
final_primary216_chemical_43_3,chemical,primary216,43,nearest_chemical_context,BIO_5866,CMP_812738d2ca27e93d42c8,10.1016/j.scitotenv.2016.05.215,BCF,4.33,4.0,,False
final_primary216_chemical_43_3,chemical,primary216,43,nearest_chemical_context,BIO_5867,CMP_812738d2ca27e93d42c8,10.1016/j.scitotenv.2016.05.215,BCF,3.65,4.0,,False
final_primary216_chemical_43_3,chemical,primary216,43,nearest_chemical_context,BIO_6285,CMP_cfdde373a2a8c04668f0,10.1016/j.scitotenv.2016.05.215,BCF,3.64,2.56,,False
final_primary216_chemical_43_3,chemical,primary216,43,nearest_chemical_context,BIO_6286,CMP_cfdde373a2a8c04668f0,10.1016/j.scitotenv.2016.05.215,BCF,3.55,2.56,,False
final_primary216_chemical_43_3,chemical,primary216,43,nearest_chemical_context,BIO_6287,CMP_cfdde373a2a8c04668f0,10.1016/j.scitotenv.2016.05.215,BCF,2.86,1.69,,False
final_primary216_chemical_43_3,chemical,primary216,43,nearest_chemical_context,BIO_6288,CMP_cfdde373a2a8c04668f0,10.1016/j.scitotenv.2016.05.215,BCF,2.73,1.69,,False
final_primary216_chemical_43_3,chemical,primary216,43,nearest_chemical_context,BIO_6289,CMP_cfdde373a2a8c04668f0,10.1016/j.scitotenv.2016.05.215,BCF,3.82,2.74,,False
final_primary216_chemical_43_3,chemical,primary216,43,nearest_chemical_context,BIO_6290,CMP_cfdde373a2a8c04668f0,10.1016/j.scitotenv.2016.05.215,BCF,3.51,2.74,,False
final_primary216_chemical_43_3,chemical,primary216,43,nearest_chemical_context,BIO_6495,CMP_ba6c40d3726d16919ab2,10.1016/j.scitotenv.2016.05.215,BCF,4.14,4.04,,False
final_primary216_chemical_43_3,chemical,primary216,43,nearest_chemical_context,BIO_6497,CMP_ba6c40d3726d16919ab2,10.1016/j.scitotenv.2016.05.215,BCF,3.64,3.41,,False
final_primary216_chemical_43_3,chemical,primary216,43,nearest_chemical_context,BIO_6498,CMP_ba6c40d3726d16919ab2,10.1016/j.scitotenv.2016.05.215,BCF,3.63,3.41,,False
final_primary216_chemical_43_3,chemical,primary216,43,nearest_chemical_context,BIO_6499,CMP_ba6c40d3726d16919ab2,10.1016/j.scitotenv.2016.05.215,BCF,4.31,4.0,,False
final_primary216_chemical_43_3,chemical,primary216,43,nearest_chemical_context,BIO_6500,CMP_ba6c40d3726d16919ab2,10.1016/j.scitotenv.2016.05.215,BCF,3.81,4.0,,False
