task,design,cohort,seed,model,record_id,compound_id,study_id,endpoint,observed,predicted,transport_key,test_chemical_seen_in_bio_train
final_primary216_chemical_44_0,chemical,primary216,44,full_multitask,BIO_5672,CMP_b7e2eb89ae6c3db4e807,10.1021/acs.est.5b04299,BAF,4.659000000000001,2.93407293903069,66039e29ad8e4408,False
final_primary216_chemical_44_0,chemical,primary216,44,full_multitask,BIO_5673,CMP_b7e2eb89ae6c3db4e807,10.1021/acs.est.5b04299,BAF,4.313,2.799985890571586,66039e29ad8e4408,False
final_primary216_chemical_44_0,chemical,primary216,44,full_multitask,BIO_5674,CMP_b7e2eb89ae6c3db4e807,10.1021/acs.est.5b04299,BAF,5.217,2.7912291424693674,66039e29ad8e4408,False
final_primary216_chemical_44_0,chemical,primary216,44,full_multitask,BIO_5675,CMP_b7e2eb89ae6c3db4e807,10.1021/acs.est.5b04299,BAF,4.398000000000001,2.8151762689066326,66039e29ad8e4408,False
final_primary216_chemical_44_0,chemical,primary216,44,full_multitask,BIO_5676,CMP_b7e2eb89ae6c3db4e807,10.1021/acs.est.5b04299,BAF,4.4830000000000005,2.7957498042692634,66039e29ad8e4408,False
final_primary216_chemical_44_0,chemical,primary216,44,full_multitask,BIO_5677,CMP_b7e2eb89ae6c3db4e807,10.1021/acs.est.5b04299,BAF,4.693,3.012718228964221,66039e29ad8e4408,False
final_primary216_chemical_44_0,chemical,primary216,44,full_multitask,BIO_5678,CMP_b7e2eb89ae6c3db4e807,10.1021/acs.est.5b04299,BAF,4.814000000000001,2.9330172568268646,66039e29ad8e4408,False
final_primary216_chemical_44_0,chemical,primary216,44,full_multitask,BIO_5679,CMP_b7e2eb89ae6c3db4e807,10.1021/acs.est.5b04299,BAF,4.958,3.08376875350837,66039e29ad8e4408,False
final_primary216_chemical_44_0,chemical,primary216,44,full_multitask,BIO_5680,CMP_b7e2eb89ae6c3db4e807,10.1021/acs.est.5b04299,BAF,4.802,2.700159152058901,66039e29ad8e4408,False
final_primary216_chemical_44_0,chemical,primary216,44,full_multitask,BIO_5681,CMP_b7e2eb89ae6c3db4e807,10.1021/acs.est.5b04299,BAF,3.835,2.6189487499860635,66039e29ad8e4408,False
final_primary216_chemical_44_0,chemical,primary216,44,full_multitask,BIO_5683,CMP_b7e2eb89ae6c3db4e807,10.1021/acs.est.5b04299,BAF,4.882000000000001,2.9318720048750535,66039e29ad8e4408,False
final_primary216_chemical_44_0,chemical,primary216,44,full_multitask,BIO_5684,CMP_b7e2eb89ae6c3db4e807,10.1021/acs.est.5b04299,BAF,4.604000000000001,2.748674901004613,66039e29ad8e4408,False
final_primary216_chemical_44_0,chemical,primary216,44,full_multitask,BIO_5685,CMP_b7e2eb89ae6c3db4e807,10.1021/acs.est.5b04299,BAF,5.052,2.8035437284340192,66039e29ad8e4408,False
final_primary216_chemical_44_0,chemical,primary216,44,full_multitask,BIO_5686,CMP_b7e2eb89ae6c3db4e807,10.1021/acs.est.5b04299,BAF,4.562000000000001,2.8543304535865937,66039e29ad8e4408,False
final_primary216_chemical_44_0,chemical,primary216,44,full_multitask,BIO_5687,CMP_b7e2eb89ae6c3db4e807,10.1021/acs.est.5b04299,BAF,4.652000000000001,2.804340973776039,66039e29ad8e4408,False
final_primary216_chemical_44_0,chemical,primary216,44,full_multitask,BIO_5688,CMP_b7e2eb89ae6c3db4e807,10.1021/acs.est.5b04299,BAF,4.798,2.9815158851356607,66039e29ad8e4408,False
final_primary216_chemical_44_0,chemical,primary216,44,full_multitask,BIO_5689,CMP_b7e2eb89ae6c3db4e807,10.1021/acs.est.5b04299,BAF,4.692,2.9201667949267374,66039e29ad8e4408,False
final_primary216_chemical_44_0,chemical,primary216,44,full_multitask,BIO_5690,CMP_b7e2eb89ae6c3db4e807,10.1021/acs.est.5b04299,BAF,4.814000000000001,3.046249115022383,66039e29ad8e4408,False
final_primary216_chemical_44_0,chemical,primary216,44,full_multitask,BIO_5691,CMP_b7e2eb89ae6c3db4e807,10.1021/acs.est.5b04299,BAF,4.710000000000001,2.695551564886623,66039e29ad8e4408,False
final_primary216_chemical_44_0,chemical,primary216,44,full_multitask,BIO_5692,CMP_b7e2eb89ae6c3db4e807,10.1021/acs.est.5b04299,BAF,3.9300000000000006,2.603243328648977,66039e29ad8e4408,False
final_primary216_chemical_44_0,chemical,primary216,44,full_multitask,BIO_6195,CMP_d156c7f61581a866704b,10.1021/acs.est.6b01197,BAF,2.34,2.819397506022878,66039e29ad8e4408,False
final_primary216_chemical_44_0,chemical,primary216,44,full_multitask,BIO_6196,CMP_d156c7f61581a866704b,10.1021/acs.est.6b01197,BAF,2.3000000000000003,1.2170086822971,66039e29ad8e4408,False
final_primary216_chemical_44_0,chemical,primary216,44,full_multitask,BIO_6197,CMP_d156c7f61581a866704b,10.1021/acs.est.6b01197,BAF,2.5200000000000005,2.812194362489609,66039e29ad8e4408,False
final_primary216_chemical_44_0,chemical,primary216,44,full_multitask,BIO_6251,CMP_d156c7f61581a866704b,10.1021/acs.est.9b04906,BAF,0.9405164849325672,1.9250689990802095,66039e29ad8e4408,False
final_primary216_chemical_44_0,chemical,primary216,44,full_multitask,BIO_6558,CMP_d156c7f61581a866704b,10.1021/acs.est.7b02399,BAF,1.3010299956639813,2.4536461866737613,66039e29ad8e4408,False
final_primary216_chemical_44_0,chemical,primary216,44,full_multitask,BIO_6559,CMP_d156c7f61581a866704b,10.1021/acs.est.7b02399,BAF,2.5538830266438746,2.441057195886933,66039e29ad8e4408,False
final_primary216_chemical_44_0,chemical,primary216,44,full_multitask,BIO_6560,CMP_d156c7f61581a866704b,10.1021/acs.est.7b02399,BAF,2.03342375548695,2.4671108726121624,66039e29ad8e4408,False
final_primary216_chemical_44_0,chemical,primary216,44,full_multitask,BIO_6561,CMP_d156c7f61581a866704b,10.1021/acs.est.7b02399,BAF,3.096910013008056,2.4613347426414176,66039e29ad8e4408,False
final_primary216_chemical_44_0,chemical,primary216,44,full_multitask,BIO_6562,CMP_d156c7f61581a866704b,10.1021/acs.est.7b02399,BAF,2.576341350205793,2.459940478653668,66039e29ad8e4408,False
final_primary216_chemical_44_0,chemical,primary216,44,full_multitask,BIO_6563,CMP_d156c7f61581a866704b,10.1021/acs.est.7b02399,BAF,2.660865478003869,2.4565493720632223,66039e29ad8e4408,False
final_primary216_chemical_44_0,chemical,primary216,44,full_multitask,BIO_6709,CMP_1e0abf78953775c0134f,10.1021/acs.est.7b02259,BAF,0.56,0.45379577624104384,66039e29ad8e4408,False
final_primary216_chemical_44_0,chemical,primary216,44,full_multitask,BIO_6710,CMP_1e0abf78953775c0134f,10.1021/acs.est.7b02259,BAF,0.0099999999999999,0.24769449784179365,66039e29ad8e4408,False
final_primary216_chemical_44_0,chemical,primary216,44,full_multitask,BIO_6711,CMP_d645aa79f55e85d0da2e,10.1021/acs.est.7b02259,BAF,0.4900000000000001,0.6234540329983225,66039e29ad8e4408,False
final_primary216_chemical_44_0,chemical,primary216,44,full_multitask,BIO_6712,CMP_d645aa79f55e85d0da2e,10.1021/acs.est.7b02259,BAF,-0.08,0.3881366080662936,66039e29ad8e4408,False
final_primary216_chemical_44_0,chemical,primary216,44,full_multitask,BIO_6716,CMP_d156c7f61581a866704b,10.1021/acs.est.7b02259,BAF,1.93,2.1001301898257125,66039e29ad8e4408,False
final_primary216_chemical_44_0,chemical,primary216,44,full_multitask,BIO_6717,CMP_d156c7f61581a866704b,10.1021/acs.est.7b02259,BAF,1.2400000000000002,1.6609760212735447,66039e29ad8e4408,False
final_primary216_chemical_44_0,chemical,primary216,44,full_multitask,BIO_6718,CMP_d156c7f61581a866704b,10.1021/acs.est.7b02259,BAF,0.4599999999999999,0.9744498720923138,66039e29ad8e4408,False
final_primary216_chemical_44_0,chemical,primary216,44,full_multitask,BIO_6728,CMP_812738d2ca27e93d42c8,10.1021/acs.est.7b02259,BAF,4.7700000000000005,4.637412920287529,66039e29ad8e4408,False
final_primary216_chemical_44_0,chemical,primary216,44,full_multitask,BIO_6729,CMP_812738d2ca27e93d42c8,10.1021/acs.est.7b02259,BAF,4.32,4.322415644320715,66039e29ad8e4408,False
final_primary216_chemical_44_0,chemical,primary216,44,full_multitask,BIO_6730,CMP_812738d2ca27e93d42c8,10.1021/acs.est.7b02259,BAF,3.620000000000001,3.8994265438290183,66039e29ad8e4408,False
final_primary216_chemical_44_0,chemical,primary216,44,full_multitask,BIO_6745,CMP_b7e2eb89ae6c3db4e807,10.1021/acs.est.7b02259,BAF,4.03,2.8154793550334256,66039e29ad8e4408,False
final_primary216_chemical_44_0,chemical,primary216,44,full_multitask,BIO_6746,CMP_b7e2eb89ae6c3db4e807,10.1021/acs.est.7b02259,BAF,3.8,2.701271078097665,66039e29ad8e4408,False
final_primary216_chemical_44_0,chemical,primary216,44,full_multitask,BIO_6747,CMP_b7e2eb89ae6c3db4e807,10.1021/acs.est.7b02259,BAF,2.91,2.6558133800254393,66039e29ad8e4408,False
final_primary216_chemical_44_0,chemical,primary216,44,full_multitask,BIO_5862,CMP_812738d2ca27e93d42c8,10.1016/j.scitotenv.2016.05.215,BCF,4.95,4.431426398850804,66039e29ad8e4408,False
final_primary216_chemical_44_0,chemical,primary216,44,full_multitask,BIO_5863,CMP_812738d2ca27e93d42c8,10.1016/j.scitotenv.2016.05.215,BCF,4.66,4.505076999892394,66039e29ad8e4408,False
final_primary216_chemical_44_0,chemical,primary216,44,full_multitask,BIO_5864,CMP_812738d2ca27e93d42c8,10.1016/j.scitotenv.2016.05.215,BCF,3.77,4.062034416077109,66039e29ad8e4408,False
final_primary216_chemical_44_0,chemical,primary216,44,full_multitask,BIO_5865,CMP_812738d2ca27e93d42c8,10.1016/j.scitotenv.2016.05.215,BCF,3.66,4.062805988967891,66039e29ad8e4408,False
final_primary216_chemical_44_0,chemical,primary216,44,full_multitask,BIO_5866,CMP_812738d2ca27e93d42c8,10.1016/j.scitotenv.2016.05.215,BCF,4.33,4.3234714917276165,66039e29ad8e4408,False
final_primary216_chemical_44_0,chemical,primary216,44,full_multitask,BIO_5867,CMP_812738d2ca27e93d42c8,10.1016/j.scitotenv.2016.05.215,BCF,3.65,4.325773443145188,66039e29ad8e4408,False
final_primary216_chemical_44_0,chemical,primary216,44,full_multitask,BIO_5944,CMP_d645aa79f55e85d0da2e,10.1016/j.scitotenv.2016.05.215,BCF,1.73,2.0158063430901265,66039e29ad8e4408,False
final_primary216_chemical_44_0,chemical,primary216,44,full_multitask,BIO_5945,CMP_d645aa79f55e85d0da2e,10.1016/j.scitotenv.2016.05.215,BCF,1.7,2.0308502455033692,66039e29ad8e4408,False
final_primary216_chemical_44_0,chemical,primary216,44,full_multitask,BIO_5946,CMP_d645aa79f55e85d0da2e,10.1016/j.scitotenv.2016.05.215,BCF,0.75,1.474000275742022,66039e29ad8e4408,False
final_primary216_chemical_44_0,chemical,primary216,44,full_multitask,BIO_5947,CMP_d645aa79f55e85d0da2e,10.1016/j.scitotenv.2016.05.215,BCF,0.67,1.4594777541727388,66039e29ad8e4408,False
final_primary216_chemical_44_0,chemical,primary216,44,full_multitask,BIO_5948,CMP_d645aa79f55e85d0da2e,10.1016/j.scitotenv.2016.05.215,BCF,1.02,1.9924825683127458,66039e29ad8e4408,False
final_primary216_chemical_44_0,chemical,primary216,44,full_multitask,BIO_5949,CMP_d645aa79f55e85d0da2e,10.1016/j.scitotenv.2016.05.215,BCF,1.06,1.994075706356968,66039e29ad8e4408,False
final_primary216_chemical_44_0,chemical,primary216,44,full_multitask,BIO_6177,CMP_d156c7f61581a866704b,10.1016/j.scitotenv.2016.05.215,BCF,2.39,2.825542942630091,66039e29ad8e4408,False
final_primary216_chemical_44_0,chemical,primary216,44,full_multitask,BIO_6178,CMP_d156c7f61581a866704b,10.1016/j.scitotenv.2016.05.215,BCF,2.43,2.822653697493022,66039e29ad8e4408,False
final_primary216_chemical_44_0,chemical,primary216,44,full_multitask,BIO_6179,CMP_d156c7f61581a866704b,10.1016/j.scitotenv.2016.05.215,BCF,1.52,2.2623609528801962,66039e29ad8e4408,False
final_primary216_chemical_44_0,chemical,primary216,44,full_multitask,BIO_6181,CMP_d156c7f61581a866704b,10.1016/j.scitotenv.2016.05.215,BCF,2.24,2.831137076821773,66039e29ad8e4408,False
final_primary216_chemical_44_0,chemical,primary216,44,full_multitask,BIO_6182,CMP_d156c7f61581a866704b,10.1016/j.scitotenv.2016.05.215,BCF,2.02,2.8218147504144095,66039e29ad8e4408,False
final_primary216_chemical_44_0,chemical,primary216,44,structure_context,BIO_5672,CMP_b7e2eb89ae6c3db4e807,10.1021/acs.est.5b04299,BAF,4.659000000000001,2.756195369610229,66039e29ad8e4408,False
final_primary216_chemical_44_0,chemical,primary216,44,structure_context,BIO_5673,CMP_b7e2eb89ae6c3db4e807,10.1021/acs.est.5b04299,BAF,4.313,2.57677773957022,66039e29ad8e4408,False
final_primary216_chemical_44_0,chemical,primary216,44,structure_context,BIO_5674,CMP_b7e2eb89ae6c3db4e807,10.1021/acs.est.5b04299,BAF,5.217,2.6404345051730584,66039e29ad8e4408,False
final_primary216_chemical_44_0,chemical,primary216,44,structure_context,BIO_5675,CMP_b7e2eb89ae6c3db4e807,10.1021/acs.est.5b04299,BAF,4.398000000000001,2.618334848019177,66039e29ad8e4408,False
final_primary216_chemical_44_0,chemical,primary216,44,structure_context,BIO_5676,CMP_b7e2eb89ae6c3db4e807,10.1021/acs.est.5b04299,BAF,4.4830000000000005,2.5616253995611538,66039e29ad8e4408,False
final_primary216_chemical_44_0,chemical,primary216,44,structure_context,BIO_5677,CMP_b7e2eb89ae6c3db4e807,10.1021/acs.est.5b04299,BAF,4.693,2.982048252188125,66039e29ad8e4408,False
final_primary216_chemical_44_0,chemical,primary216,44,structure_context,BIO_5678,CMP_b7e2eb89ae6c3db4e807,10.1021/acs.est.5b04299,BAF,4.814000000000001,2.823985023062375,66039e29ad8e4408,False
final_primary216_chemical_44_0,chemical,primary216,44,structure_context,BIO_5679,CMP_b7e2eb89ae6c3db4e807,10.1021/acs.est.5b04299,BAF,4.958,2.95826768751159,66039e29ad8e4408,False
final_primary216_chemical_44_0,chemical,primary216,44,structure_context,BIO_5680,CMP_b7e2eb89ae6c3db4e807,10.1021/acs.est.5b04299,BAF,4.802,2.56723039096724,66039e29ad8e4408,False
final_primary216_chemical_44_0,chemical,primary216,44,structure_context,BIO_5681,CMP_b7e2eb89ae6c3db4e807,10.1021/acs.est.5b04299,BAF,3.835,2.4785002661383153,66039e29ad8e4408,False
final_primary216_chemical_44_0,chemical,primary216,44,structure_context,BIO_5683,CMP_b7e2eb89ae6c3db4e807,10.1021/acs.est.5b04299,BAF,4.882000000000001,2.756195369610229,66039e29ad8e4408,False
final_primary216_chemical_44_0,chemical,primary216,44,structure_context,BIO_5684,CMP_b7e2eb89ae6c3db4e807,10.1021/acs.est.5b04299,BAF,4.604000000000001,2.57677773957022,66039e29ad8e4408,False
final_primary216_chemical_44_0,chemical,primary216,44,structure_context,BIO_5685,CMP_b7e2eb89ae6c3db4e807,10.1021/acs.est.5b04299,BAF,5.052,2.6404345051730584,66039e29ad8e4408,False
final_primary216_chemical_44_0,chemical,primary216,44,structure_context,BIO_5686,CMP_b7e2eb89ae6c3db4e807,10.1021/acs.est.5b04299,BAF,4.562000000000001,2.618334848019177,66039e29ad8e4408,False
final_primary216_chemical_44_0,chemical,primary216,44,structure_context,BIO_5687,CMP_b7e2eb89ae6c3db4e807,10.1021/acs.est.5b04299,BAF,4.652000000000001,2.5616253995611538,66039e29ad8e4408,False
final_primary216_chemical_44_0,chemical,primary216,44,structure_context,BIO_5688,CMP_b7e2eb89ae6c3db4e807,10.1021/acs.est.5b04299,BAF,4.798,2.982048252188125,66039e29ad8e4408,False
final_primary216_chemical_44_0,chemical,primary216,44,structure_context,BIO_5689,CMP_b7e2eb89ae6c3db4e807,10.1021/acs.est.5b04299,BAF,4.692,2.823985023062375,66039e29ad8e4408,False
final_primary216_chemical_44_0,chemical,primary216,44,structure_context,BIO_5690,CMP_b7e2eb89ae6c3db4e807,10.1021/acs.est.5b04299,BAF,4.814000000000001,2.95826768751159,66039e29ad8e4408,False
final_primary216_chemical_44_0,chemical,primary216,44,structure_context,BIO_5691,CMP_b7e2eb89ae6c3db4e807,10.1021/acs.est.5b04299,BAF,4.710000000000001,2.56723039096724,66039e29ad8e4408,False
final_primary216_chemical_44_0,chemical,primary216,44,structure_context,BIO_5692,CMP_b7e2eb89ae6c3db4e807,10.1021/acs.est.5b04299,BAF,3.9300000000000006,2.4785002661383153,66039e29ad8e4408,False
final_primary216_chemical_44_0,chemical,primary216,44,structure_context,BIO_6195,CMP_d156c7f61581a866704b,10.1021/acs.est.6b01197,BAF,2.34,2.8457483698831707,66039e29ad8e4408,False
final_primary216_chemical_44_0,chemical,primary216,44,structure_context,BIO_6196,CMP_d156c7f61581a866704b,10.1021/acs.est.6b01197,BAF,2.3000000000000003,1.27201074557419,66039e29ad8e4408,False
final_primary216_chemical_44_0,chemical,primary216,44,structure_context,BIO_6197,CMP_d156c7f61581a866704b,10.1021/acs.est.6b01197,BAF,2.5200000000000005,2.8457483698831707,66039e29ad8e4408,False
final_primary216_chemical_44_0,chemical,primary216,44,structure_context,BIO_6251,CMP_d156c7f61581a866704b,10.1021/acs.est.9b04906,BAF,0.9405164849325672,1.921952839747962,66039e29ad8e4408,False
final_primary216_chemical_44_0,chemical,primary216,44,structure_context,BIO_6558,CMP_d156c7f61581a866704b,10.1021/acs.est.7b02399,BAF,1.3010299956639813,2.446027808366336,66039e29ad8e4408,False
final_primary216_chemical_44_0,chemical,primary216,44,structure_context,BIO_6559,CMP_d156c7f61581a866704b,10.1021/acs.est.7b02399,BAF,2.5538830266438746,2.446027808366336,66039e29ad8e4408,False
final_primary216_chemical_44_0,chemical,primary216,44,structure_context,BIO_6560,CMP_d156c7f61581a866704b,10.1021/acs.est.7b02399,BAF,2.03342375548695,2.446027808366336,66039e29ad8e4408,False
final_primary216_chemical_44_0,chemical,primary216,44,structure_context,BIO_6561,CMP_d156c7f61581a866704b,10.1021/acs.est.7b02399,BAF,3.096910013008056,2.446027808366336,66039e29ad8e4408,False
final_primary216_chemical_44_0,chemical,primary216,44,structure_context,BIO_6562,CMP_d156c7f61581a866704b,10.1021/acs.est.7b02399,BAF,2.576341350205793,2.446027808366336,66039e29ad8e4408,False
final_primary216_chemical_44_0,chemical,primary216,44,structure_context,BIO_6563,CMP_d156c7f61581a866704b,10.1021/acs.est.7b02399,BAF,2.660865478003869,2.446027808366336,66039e29ad8e4408,False
final_primary216_chemical_44_0,chemical,primary216,44,structure_context,BIO_6709,CMP_1e0abf78953775c0134f,10.1021/acs.est.7b02259,BAF,0.56,0.2132107551080562,66039e29ad8e4408,False
final_primary216_chemical_44_0,chemical,primary216,44,structure_context,BIO_6710,CMP_1e0abf78953775c0134f,10.1021/acs.est.7b02259,BAF,0.0099999999999999,-0.04689789451458104,66039e29ad8e4408,False
final_primary216_chemical_44_0,chemical,primary216,44,structure_context,BIO_6711,CMP_d645aa79f55e85d0da2e,10.1021/acs.est.7b02259,BAF,0.4900000000000001,0.647720450838511,66039e29ad8e4408,False
final_primary216_chemical_44_0,chemical,primary216,44,structure_context,BIO_6712,CMP_d645aa79f55e85d0da2e,10.1021/acs.est.7b02259,BAF,-0.08,0.40631852105773847,66039e29ad8e4408,False
final_primary216_chemical_44_0,chemical,primary216,44,structure_context,BIO_6716,CMP_d156c7f61581a866704b,10.1021/acs.est.7b02259,BAF,1.93,2.136300637367078,66039e29ad8e4408,False
final_primary216_chemical_44_0,chemical,primary216,44,structure_context,BIO_6717,CMP_d156c7f61581a866704b,10.1021/acs.est.7b02259,BAF,1.2400000000000002,1.6722452652210227,66039e29ad8e4408,False
final_primary216_chemical_44_0,chemical,primary216,44,structure_context,BIO_6718,CMP_d156c7f61581a866704b,10.1021/acs.est.7b02259,BAF,0.4599999999999999,0.966942015124189,66039e29ad8e4408,False
final_primary216_chemical_44_0,chemical,primary216,44,structure_context,BIO_6728,CMP_812738d2ca27e93d42c8,10.1021/acs.est.7b02259,BAF,4.7700000000000005,4.673306861067136,66039e29ad8e4408,False
final_primary216_chemical_44_0,chemical,primary216,44,structure_context,BIO_6729,CMP_812738d2ca27e93d42c8,10.1021/acs.est.7b02259,BAF,4.32,4.388826832234226,66039e29ad8e4408,False
final_primary216_chemical_44_0,chemical,primary216,44,structure_context,BIO_6730,CMP_812738d2ca27e93d42c8,10.1021/acs.est.7b02259,BAF,3.620000000000001,4.047161435139275,66039e29ad8e4408,False
final_primary216_chemical_44_0,chemical,primary216,44,structure_context,BIO_6745,CMP_b7e2eb89ae6c3db4e807,10.1021/acs.est.7b02259,BAF,4.03,2.6404345051730584,66039e29ad8e4408,False
final_primary216_chemical_44_0,chemical,primary216,44,structure_context,BIO_6746,CMP_b7e2eb89ae6c3db4e807,10.1021/acs.est.7b02259,BAF,3.8,2.56723039096724,66039e29ad8e4408,False
final_primary216_chemical_44_0,chemical,primary216,44,structure_context,BIO_6747,CMP_b7e2eb89ae6c3db4e807,10.1021/acs.est.7b02259,BAF,2.91,2.4785002661383153,66039e29ad8e4408,False
final_primary216_chemical_44_0,chemical,primary216,44,structure_context,BIO_5862,CMP_812738d2ca27e93d42c8,10.1016/j.scitotenv.2016.05.215,BCF,4.95,4.469751851807273,66039e29ad8e4408,False
final_primary216_chemical_44_0,chemical,primary216,44,structure_context,BIO_5863,CMP_812738d2ca27e93d42c8,10.1016/j.scitotenv.2016.05.215,BCF,4.66,4.469751851807273,66039e29ad8e4408,False
final_primary216_chemical_44_0,chemical,primary216,44,structure_context,BIO_5864,CMP_812738d2ca27e93d42c8,10.1016/j.scitotenv.2016.05.215,BCF,3.77,4.020285492973667,66039e29ad8e4408,False
final_primary216_chemical_44_0,chemical,primary216,44,structure_context,BIO_5865,CMP_812738d2ca27e93d42c8,10.1016/j.scitotenv.2016.05.215,BCF,3.66,4.020285492973667,66039e29ad8e4408,False
final_primary216_chemical_44_0,chemical,primary216,44,structure_context,BIO_5866,CMP_812738d2ca27e93d42c8,10.1016/j.scitotenv.2016.05.215,BCF,4.33,4.238213379496877,66039e29ad8e4408,False
final_primary216_chemical_44_0,chemical,primary216,44,structure_context,BIO_5867,CMP_812738d2ca27e93d42c8,10.1016/j.scitotenv.2016.05.215,BCF,3.65,4.238213379496877,66039e29ad8e4408,False
final_primary216_chemical_44_0,chemical,primary216,44,structure_context,BIO_5944,CMP_d645aa79f55e85d0da2e,10.1016/j.scitotenv.2016.05.215,BCF,1.73,2.1674786378867976,66039e29ad8e4408,False
final_primary216_chemical_44_0,chemical,primary216,44,structure_context,BIO_5945,CMP_d645aa79f55e85d0da2e,10.1016/j.scitotenv.2016.05.215,BCF,1.7,2.1674786378867976,66039e29ad8e4408,False
final_primary216_chemical_44_0,chemical,primary216,44,structure_context,BIO_5946,CMP_d645aa79f55e85d0da2e,10.1016/j.scitotenv.2016.05.215,BCF,0.75,1.5996414455491537,66039e29ad8e4408,False
final_primary216_chemical_44_0,chemical,primary216,44,structure_context,BIO_5947,CMP_d645aa79f55e85d0da2e,10.1016/j.scitotenv.2016.05.215,BCF,0.67,1.5996414455491537,66039e29ad8e4408,False
final_primary216_chemical_44_0,chemical,primary216,44,structure_context,BIO_5948,CMP_d645aa79f55e85d0da2e,10.1016/j.scitotenv.2016.05.215,BCF,1.02,2.0915220860466244,66039e29ad8e4408,False
final_primary216_chemical_44_0,chemical,primary216,44,structure_context,BIO_5949,CMP_d645aa79f55e85d0da2e,10.1016/j.scitotenv.2016.05.215,BCF,1.06,2.0915220860466244,66039e29ad8e4408,False
final_primary216_chemical_44_0,chemical,primary216,44,structure_context,BIO_6177,CMP_d156c7f61581a866704b,10.1016/j.scitotenv.2016.05.215,BCF,2.39,2.8885432497179204,66039e29ad8e4408,False
final_primary216_chemical_44_0,chemical,primary216,44,structure_context,BIO_6178,CMP_d156c7f61581a866704b,10.1016/j.scitotenv.2016.05.215,BCF,2.43,2.8885432497179204,66039e29ad8e4408,False
final_primary216_chemical_44_0,chemical,primary216,44,structure_context,BIO_6179,CMP_d156c7f61581a866704b,10.1016/j.scitotenv.2016.05.215,BCF,1.52,2.360224575685132,66039e29ad8e4408,False
final_primary216_chemical_44_0,chemical,primary216,44,structure_context,BIO_6181,CMP_d156c7f61581a866704b,10.1016/j.scitotenv.2016.05.215,BCF,2.24,2.800649718449872,66039e29ad8e4408,False
final_primary216_chemical_44_0,chemical,primary216,44,structure_context,BIO_6182,CMP_d156c7f61581a866704b,10.1016/j.scitotenv.2016.05.215,BCF,2.02,2.800649718449872,66039e29ad8e4408,False
final_primary216_chemical_44_0,chemical,primary216,44,transport_context,BIO_5672,CMP_b7e2eb89ae6c3db4e807,10.1021/acs.est.5b04299,BAF,4.659000000000001,3.8264667292462056,66039e29ad8e4408,False
final_primary216_chemical_44_0,chemical,primary216,44,transport_context,BIO_5673,CMP_b7e2eb89ae6c3db4e807,10.1021/acs.est.5b04299,BAF,4.313,3.530994370054592,66039e29ad8e4408,False
final_primary216_chemical_44_0,chemical,primary216,44,transport_context,BIO_5674,CMP_b7e2eb89ae6c3db4e807,10.1021/acs.est.5b04299,BAF,5.217,3.94545725775304,66039e29ad8e4408,False
final_primary216_chemical_44_0,chemical,primary216,44,transport_context,BIO_5675,CMP_b7e2eb89ae6c3db4e807,10.1021/acs.est.5b04299,BAF,4.398000000000001,3.622955718456741,66039e29ad8e4408,False
final_primary216_chemical_44_0,chemical,primary216,44,transport_context,BIO_5676,CMP_b7e2eb89ae6c3db4e807,10.1021/acs.est.5b04299,BAF,4.4830000000000005,3.685159331861288,66039e29ad8e4408,False
final_primary216_chemical_44_0,chemical,primary216,44,transport_context,BIO_5677,CMP_b7e2eb89ae6c3db4e807,10.1021/acs.est.5b04299,BAF,4.693,3.952399760778168,66039e29ad8e4408,False
final_primary216_chemical_44_0,chemical,primary216,44,transport_context,BIO_5678,CMP_b7e2eb89ae6c3db4e807,10.1021/acs.est.5b04299,BAF,4.814000000000001,3.752138958822666,66039e29ad8e4408,False
final_primary216_chemical_44_0,chemical,primary216,44,transport_context,BIO_5679,CMP_b7e2eb89ae6c3db4e807,10.1021/acs.est.5b04299,BAF,4.958,3.8582579551801786,66039e29ad8e4408,False
final_primary216_chemical_44_0,chemical,primary216,44,transport_context,BIO_5680,CMP_b7e2eb89ae6c3db4e807,10.1021/acs.est.5b04299,BAF,4.802,3.6458466880586617,66039e29ad8e4408,False
final_primary216_chemical_44_0,chemical,primary216,44,transport_context,BIO_5681,CMP_b7e2eb89ae6c3db4e807,10.1021/acs.est.5b04299,BAF,3.835,3.294069334267262,66039e29ad8e4408,False
final_primary216_chemical_44_0,chemical,primary216,44,transport_context,BIO_5683,CMP_b7e2eb89ae6c3db4e807,10.1021/acs.est.5b04299,BAF,4.882000000000001,3.807692069292697,66039e29ad8e4408,False
final_primary216_chemical_44_0,chemical,primary216,44,transport_context,BIO_5684,CMP_b7e2eb89ae6c3db4e807,10.1021/acs.est.5b04299,BAF,4.604000000000001,3.468445496122611,66039e29ad8e4408,False
final_primary216_chemical_44_0,chemical,primary216,44,transport_context,BIO_5685,CMP_b7e2eb89ae6c3db4e807,10.1021/acs.est.5b04299,BAF,5.052,3.9541828835885475,66039e29ad8e4408,False
final_primary216_chemical_44_0,chemical,primary216,44,transport_context,BIO_5686,CMP_b7e2eb89ae6c3db4e807,10.1021/acs.est.5b04299,BAF,4.562000000000001,3.693418835643409,66039e29ad8e4408,False
final_primary216_chemical_44_0,chemical,primary216,44,transport_context,BIO_5687,CMP_b7e2eb89ae6c3db4e807,10.1021/acs.est.5b04299,BAF,4.652000000000001,3.7166623547567976,66039e29ad8e4408,False
final_primary216_chemical_44_0,chemical,primary216,44,transport_context,BIO_5688,CMP_b7e2eb89ae6c3db4e807,10.1021/acs.est.5b04299,BAF,4.798,3.893441711599153,66039e29ad8e4408,False
final_primary216_chemical_44_0,chemical,primary216,44,transport_context,BIO_5689,CMP_b7e2eb89ae6c3db4e807,10.1021/acs.est.5b04299,BAF,4.692,3.732556476024726,66039e29ad8e4408,False
final_primary216_chemical_44_0,chemical,primary216,44,transport_context,BIO_5690,CMP_b7e2eb89ae6c3db4e807,10.1021/acs.est.5b04299,BAF,4.814000000000001,3.8605047929841017,66039e29ad8e4408,False
final_primary216_chemical_44_0,chemical,primary216,44,transport_context,BIO_5691,CMP_b7e2eb89ae6c3db4e807,10.1021/acs.est.5b04299,BAF,4.710000000000001,3.633023839542234,66039e29ad8e4408,False
final_primary216_chemical_44_0,chemical,primary216,44,transport_context,BIO_5692,CMP_b7e2eb89ae6c3db4e807,10.1021/acs.est.5b04299,BAF,3.9300000000000006,3.203544110657679,66039e29ad8e4408,False
final_primary216_chemical_44_0,chemical,primary216,44,transport_context,BIO_6195,CMP_d156c7f61581a866704b,10.1021/acs.est.6b01197,BAF,2.34,2.6915298086171395,66039e29ad8e4408,False
final_primary216_chemical_44_0,chemical,primary216,44,transport_context,BIO_6196,CMP_d156c7f61581a866704b,10.1021/acs.est.6b01197,BAF,2.3000000000000003,1.2777361577769617,66039e29ad8e4408,False
final_primary216_chemical_44_0,chemical,primary216,44,transport_context,BIO_6197,CMP_d156c7f61581a866704b,10.1021/acs.est.6b01197,BAF,2.5200000000000005,2.8175450870108016,66039e29ad8e4408,False
final_primary216_chemical_44_0,chemical,primary216,44,transport_context,BIO_6251,CMP_d156c7f61581a866704b,10.1021/acs.est.9b04906,BAF,0.9405164849325672,2.084573395958409,66039e29ad8e4408,False
final_primary216_chemical_44_0,chemical,primary216,44,transport_context,BIO_6558,CMP_d156c7f61581a866704b,10.1021/acs.est.7b02399,BAF,1.3010299956639813,2.709500510582866,66039e29ad8e4408,False
final_primary216_chemical_44_0,chemical,primary216,44,transport_context,BIO_6559,CMP_d156c7f61581a866704b,10.1021/acs.est.7b02399,BAF,2.5538830266438746,2.63155903138672,66039e29ad8e4408,False
final_primary216_chemical_44_0,chemical,primary216,44,transport_context,BIO_6560,CMP_d156c7f61581a866704b,10.1021/acs.est.7b02399,BAF,2.03342375548695,2.653180192165484,66039e29ad8e4408,False
final_primary216_chemical_44_0,chemical,primary216,44,transport_context,BIO_6561,CMP_d156c7f61581a866704b,10.1021/acs.est.7b02399,BAF,3.096910013008056,2.6858556566183625,66039e29ad8e4408,False
final_primary216_chemical_44_0,chemical,primary216,44,transport_context,BIO_6562,CMP_d156c7f61581a866704b,10.1021/acs.est.7b02399,BAF,2.576341350205793,2.597301213255774,66039e29ad8e4408,False
final_primary216_chemical_44_0,chemical,primary216,44,transport_context,BIO_6563,CMP_d156c7f61581a866704b,10.1021/acs.est.7b02399,BAF,2.660865478003869,2.685818974382435,66039e29ad8e4408,False
final_primary216_chemical_44_0,chemical,primary216,44,transport_context,BIO_6709,CMP_1e0abf78953775c0134f,10.1021/acs.est.7b02259,BAF,0.56,0.4264225560899719,66039e29ad8e4408,False
final_primary216_chemical_44_0,chemical,primary216,44,transport_context,BIO_6710,CMP_1e0abf78953775c0134f,10.1021/acs.est.7b02259,BAF,0.0099999999999999,0.1474382178048952,66039e29ad8e4408,False
final_primary216_chemical_44_0,chemical,primary216,44,transport_context,BIO_6711,CMP_d645aa79f55e85d0da2e,10.1021/acs.est.7b02259,BAF,0.4900000000000001,0.7582808455323353,66039e29ad8e4408,False
final_primary216_chemical_44_0,chemical,primary216,44,transport_context,BIO_6712,CMP_d645aa79f55e85d0da2e,10.1021/acs.est.7b02259,BAF,-0.08,0.5681559352627139,66039e29ad8e4408,False
final_primary216_chemical_44_0,chemical,primary216,44,transport_context,BIO_6716,CMP_d156c7f61581a866704b,10.1021/acs.est.7b02259,BAF,1.93,2.5758440037643893,66039e29ad8e4408,False
final_primary216_chemical_44_0,chemical,primary216,44,transport_context,BIO_6717,CMP_d156c7f61581a866704b,10.1021/acs.est.7b02259,BAF,1.2400000000000002,1.5796475037571116,66039e29ad8e4408,False
final_primary216_chemical_44_0,chemical,primary216,44,transport_context,BIO_6718,CMP_d156c7f61581a866704b,10.1021/acs.est.7b02259,BAF,0.4599999999999999,1.2892299702371777,66039e29ad8e4408,False
final_primary216_chemical_44_0,chemical,primary216,44,transport_context,BIO_6728,CMP_812738d2ca27e93d42c8,10.1021/acs.est.7b02259,BAF,4.7700000000000005,4.39351836138077,66039e29ad8e4408,False
final_primary216_chemical_44_0,chemical,primary216,44,transport_context,BIO_6729,CMP_812738d2ca27e93d42c8,10.1021/acs.est.7b02259,BAF,4.32,4.052266300533901,66039e29ad8e4408,False
final_primary216_chemical_44_0,chemical,primary216,44,transport_context,BIO_6730,CMP_812738d2ca27e93d42c8,10.1021/acs.est.7b02259,BAF,3.620000000000001,3.539513056548048,66039e29ad8e4408,False
final_primary216_chemical_44_0,chemical,primary216,44,transport_context,BIO_6745,CMP_b7e2eb89ae6c3db4e807,10.1021/acs.est.7b02259,BAF,4.03,3.9936995511396125,66039e29ad8e4408,False
final_primary216_chemical_44_0,chemical,primary216,44,transport_context,BIO_6746,CMP_b7e2eb89ae6c3db4e807,10.1021/acs.est.7b02259,BAF,3.8,3.5931528934648846,66039e29ad8e4408,False
final_primary216_chemical_44_0,chemical,primary216,44,transport_context,BIO_6747,CMP_b7e2eb89ae6c3db4e807,10.1021/acs.est.7b02259,BAF,2.91,3.314692700936327,66039e29ad8e4408,False
final_primary216_chemical_44_0,chemical,primary216,44,transport_context,BIO_5862,CMP_812738d2ca27e93d42c8,10.1016/j.scitotenv.2016.05.215,BCF,4.95,4.132160024222938,66039e29ad8e4408,False
final_primary216_chemical_44_0,chemical,primary216,44,transport_context,BIO_5863,CMP_812738d2ca27e93d42c8,10.1016/j.scitotenv.2016.05.215,BCF,4.66,4.370326547628004,66039e29ad8e4408,False
final_primary216_chemical_44_0,chemical,primary216,44,transport_context,BIO_5864,CMP_812738d2ca27e93d42c8,10.1016/j.scitotenv.2016.05.215,BCF,3.77,4.009734510572461,66039e29ad8e4408,False
final_primary216_chemical_44_0,chemical,primary216,44,transport_context,BIO_5865,CMP_812738d2ca27e93d42c8,10.1016/j.scitotenv.2016.05.215,BCF,3.66,4.141491426148754,66039e29ad8e4408,False
final_primary216_chemical_44_0,chemical,primary216,44,transport_context,BIO_5866,CMP_812738d2ca27e93d42c8,10.1016/j.scitotenv.2016.05.215,BCF,4.33,4.239753987209719,66039e29ad8e4408,False
final_primary216_chemical_44_0,chemical,primary216,44,transport_context,BIO_5867,CMP_812738d2ca27e93d42c8,10.1016/j.scitotenv.2016.05.215,BCF,3.65,4.210969057659332,66039e29ad8e4408,False
final_primary216_chemical_44_0,chemical,primary216,44,transport_context,BIO_5944,CMP_d645aa79f55e85d0da2e,10.1016/j.scitotenv.2016.05.215,BCF,1.73,2.5775718597609227,66039e29ad8e4408,False
final_primary216_chemical_44_0,chemical,primary216,44,transport_context,BIO_5945,CMP_d645aa79f55e85d0da2e,10.1016/j.scitotenv.2016.05.215,BCF,1.7,2.5871467624614812,66039e29ad8e4408,False
final_primary216_chemical_44_0,chemical,primary216,44,transport_context,BIO_5946,CMP_d645aa79f55e85d0da2e,10.1016/j.scitotenv.2016.05.215,BCF,0.75,2.0386744960767387,66039e29ad8e4408,False
final_primary216_chemical_44_0,chemical,primary216,44,transport_context,BIO_5947,CMP_d645aa79f55e85d0da2e,10.1016/j.scitotenv.2016.05.215,BCF,0.67,2.112673043266444,66039e29ad8e4408,False
final_primary216_chemical_44_0,chemical,primary216,44,transport_context,BIO_5948,CMP_d645aa79f55e85d0da2e,10.1016/j.scitotenv.2016.05.215,BCF,1.02,2.5422071793327143,66039e29ad8e4408,False
final_primary216_chemical_44_0,chemical,primary216,44,transport_context,BIO_5949,CMP_d645aa79f55e85d0da2e,10.1016/j.scitotenv.2016.05.215,BCF,1.06,2.6634406467078513,66039e29ad8e4408,False
final_primary216_chemical_44_0,chemical,primary216,44,transport_context,BIO_6177,CMP_d156c7f61581a866704b,10.1016/j.scitotenv.2016.05.215,BCF,2.39,3.2299062868985664,66039e29ad8e4408,False
final_primary216_chemical_44_0,chemical,primary216,44,transport_context,BIO_6178,CMP_d156c7f61581a866704b,10.1016/j.scitotenv.2016.05.215,BCF,2.43,3.2238354668685223,66039e29ad8e4408,False
final_primary216_chemical_44_0,chemical,primary216,44,transport_context,BIO_6179,CMP_d156c7f61581a866704b,10.1016/j.scitotenv.2016.05.215,BCF,1.52,2.5807182189504125,66039e29ad8e4408,False
final_primary216_chemical_44_0,chemical,primary216,44,transport_context,BIO_6181,CMP_d156c7f61581a866704b,10.1016/j.scitotenv.2016.05.215,BCF,2.24,3.3518646468892257,66039e29ad8e4408,False
final_primary216_chemical_44_0,chemical,primary216,44,transport_context,BIO_6182,CMP_d156c7f61581a866704b,10.1016/j.scitotenv.2016.05.215,BCF,2.02,3.18570339263653,66039e29ad8e4408,False
final_primary216_chemical_44_0,chemical,primary216,44,full_single_task,BIO_5672,CMP_b7e2eb89ae6c3db4e807,10.1021/acs.est.5b04299,BAF,4.659000000000001,2.927289251101867,66039e29ad8e4408,False
final_primary216_chemical_44_0,chemical,primary216,44,full_single_task,BIO_5673,CMP_b7e2eb89ae6c3db4e807,10.1021/acs.est.5b04299,BAF,4.313,2.7144088107243447,66039e29ad8e4408,False
final_primary216_chemical_44_0,chemical,primary216,44,full_single_task,BIO_5674,CMP_b7e2eb89ae6c3db4e807,10.1021/acs.est.5b04299,BAF,5.217,2.8582197876624247,66039e29ad8e4408,False
final_primary216_chemical_44_0,chemical,primary216,44,full_single_task,BIO_5675,CMP_b7e2eb89ae6c3db4e807,10.1021/acs.est.5b04299,BAF,4.398000000000001,2.88851090678003,66039e29ad8e4408,False
final_primary216_chemical_44_0,chemical,primary216,44,full_single_task,BIO_5676,CMP_b7e2eb89ae6c3db4e807,10.1021/acs.est.5b04299,BAF,4.4830000000000005,2.8263786576145096,66039e29ad8e4408,False
final_primary216_chemical_44_0,chemical,primary216,44,full_single_task,BIO_5677,CMP_b7e2eb89ae6c3db4e807,10.1021/acs.est.5b04299,BAF,4.693,3.007073554972966,66039e29ad8e4408,False
final_primary216_chemical_44_0,chemical,primary216,44,full_single_task,BIO_5678,CMP_b7e2eb89ae6c3db4e807,10.1021/acs.est.5b04299,BAF,4.814000000000001,2.861572279588618,66039e29ad8e4408,False
final_primary216_chemical_44_0,chemical,primary216,44,full_single_task,BIO_5679,CMP_b7e2eb89ae6c3db4e807,10.1021/acs.est.5b04299,BAF,4.958,3.07425791763006,66039e29ad8e4408,False
final_primary216_chemical_44_0,chemical,primary216,44,full_single_task,BIO_5680,CMP_b7e2eb89ae6c3db4e807,10.1021/acs.est.5b04299,BAF,4.802,2.6972174537119415,66039e29ad8e4408,False
final_primary216_chemical_44_0,chemical,primary216,44,full_single_task,BIO_5681,CMP_b7e2eb89ae6c3db4e807,10.1021/acs.est.5b04299,BAF,3.835,2.545699952613006,66039e29ad8e4408,False
final_primary216_chemical_44_0,chemical,primary216,44,full_single_task,BIO_5683,CMP_b7e2eb89ae6c3db4e807,10.1021/acs.est.5b04299,BAF,4.882000000000001,2.9059183567423412,66039e29ad8e4408,False
final_primary216_chemical_44_0,chemical,primary216,44,full_single_task,BIO_5684,CMP_b7e2eb89ae6c3db4e807,10.1021/acs.est.5b04299,BAF,4.604000000000001,2.708984382708784,66039e29ad8e4408,False
final_primary216_chemical_44_0,chemical,primary216,44,full_single_task,BIO_5685,CMP_b7e2eb89ae6c3db4e807,10.1021/acs.est.5b04299,BAF,5.052,2.856540405741081,66039e29ad8e4408,False
final_primary216_chemical_44_0,chemical,primary216,44,full_single_task,BIO_5686,CMP_b7e2eb89ae6c3db4e807,10.1021/acs.est.5b04299,BAF,4.562000000000001,2.920471033730075,66039e29ad8e4408,False
final_primary216_chemical_44_0,chemical,primary216,44,full_single_task,BIO_5687,CMP_b7e2eb89ae6c3db4e807,10.1021/acs.est.5b04299,BAF,4.652000000000001,2.8521250782360337,66039e29ad8e4408,False
final_primary216_chemical_44_0,chemical,primary216,44,full_single_task,BIO_5688,CMP_b7e2eb89ae6c3db4e807,10.1021/acs.est.5b04299,BAF,4.798,2.9946021710959636,66039e29ad8e4408,False
final_primary216_chemical_44_0,chemical,primary216,44,full_single_task,BIO_5689,CMP_b7e2eb89ae6c3db4e807,10.1021/acs.est.5b04299,BAF,4.692,2.852751896960673,66039e29ad8e4408,False
final_primary216_chemical_44_0,chemical,primary216,44,full_single_task,BIO_5690,CMP_b7e2eb89ae6c3db4e807,10.1021/acs.est.5b04299,BAF,4.814000000000001,3.0692962553450056,66039e29ad8e4408,False
final_primary216_chemical_44_0,chemical,primary216,44,full_single_task,BIO_5691,CMP_b7e2eb89ae6c3db4e807,10.1021/acs.est.5b04299,BAF,4.710000000000001,2.6864399280175957,66039e29ad8e4408,False
final_primary216_chemical_44_0,chemical,primary216,44,full_single_task,BIO_5692,CMP_b7e2eb89ae6c3db4e807,10.1021/acs.est.5b04299,BAF,3.9300000000000006,2.5379513896605155,66039e29ad8e4408,False
final_primary216_chemical_44_0,chemical,primary216,44,full_single_task,BIO_6195,CMP_d156c7f61581a866704b,10.1021/acs.est.6b01197,BAF,2.34,2.7016484101548466,66039e29ad8e4408,False
final_primary216_chemical_44_0,chemical,primary216,44,full_single_task,BIO_6196,CMP_d156c7f61581a866704b,10.1021/acs.est.6b01197,BAF,2.3000000000000003,1.1690435059128101,66039e29ad8e4408,False
final_primary216_chemical_44_0,chemical,primary216,44,full_single_task,BIO_6197,CMP_d156c7f61581a866704b,10.1021/acs.est.6b01197,BAF,2.5200000000000005,2.698803536637655,66039e29ad8e4408,False
final_primary216_chemical_44_0,chemical,primary216,44,full_single_task,BIO_6251,CMP_d156c7f61581a866704b,10.1021/acs.est.9b04906,BAF,0.9405164849325672,1.991684346351164,66039e29ad8e4408,False
final_primary216_chemical_44_0,chemical,primary216,44,full_single_task,BIO_6558,CMP_d156c7f61581a866704b,10.1021/acs.est.7b02399,BAF,1.3010299956639813,2.3917610171158548,66039e29ad8e4408,False
final_primary216_chemical_44_0,chemical,primary216,44,full_single_task,BIO_6559,CMP_d156c7f61581a866704b,10.1021/acs.est.7b02399,BAF,2.5538830266438746,2.3654786358032265,66039e29ad8e4408,False
final_primary216_chemical_44_0,chemical,primary216,44,full_single_task,BIO_6560,CMP_d156c7f61581a866704b,10.1021/acs.est.7b02399,BAF,2.03342375548695,2.4280183900296026,66039e29ad8e4408,False
final_primary216_chemical_44_0,chemical,primary216,44,full_single_task,BIO_6561,CMP_d156c7f61581a866704b,10.1021/acs.est.7b02399,BAF,3.096910013008056,2.40899739631801,66039e29ad8e4408,False
final_primary216_chemical_44_0,chemical,primary216,44,full_single_task,BIO_6562,CMP_d156c7f61581a866704b,10.1021/acs.est.7b02399,BAF,2.576341350205793,2.4121974298200204,66039e29ad8e4408,False
final_primary216_chemical_44_0,chemical,primary216,44,full_single_task,BIO_6563,CMP_d156c7f61581a866704b,10.1021/acs.est.7b02399,BAF,2.660865478003869,2.390697571296477,66039e29ad8e4408,False
final_primary216_chemical_44_0,chemical,primary216,44,full_single_task,BIO_6709,CMP_1e0abf78953775c0134f,10.1021/acs.est.7b02259,BAF,0.56,0.8891372976098642,66039e29ad8e4408,False
final_primary216_chemical_44_0,chemical,primary216,44,full_single_task,BIO_6710,CMP_1e0abf78953775c0134f,10.1021/acs.est.7b02259,BAF,0.0099999999999999,0.44148708926812175,66039e29ad8e4408,False
final_primary216_chemical_44_0,chemical,primary216,44,full_single_task,BIO_6711,CMP_d645aa79f55e85d0da2e,10.1021/acs.est.7b02259,BAF,0.4900000000000001,0.887510531982568,66039e29ad8e4408,False
final_primary216_chemical_44_0,chemical,primary216,44,full_single_task,BIO_6712,CMP_d645aa79f55e85d0da2e,10.1021/acs.est.7b02259,BAF,-0.08,0.4472453188501704,66039e29ad8e4408,False
final_primary216_chemical_44_0,chemical,primary216,44,full_single_task,BIO_6716,CMP_d156c7f61581a866704b,10.1021/acs.est.7b02259,BAF,1.93,2.241482100866612,66039e29ad8e4408,False
final_primary216_chemical_44_0,chemical,primary216,44,full_single_task,BIO_6717,CMP_d156c7f61581a866704b,10.1021/acs.est.7b02259,BAF,1.2400000000000002,1.643892541224839,66039e29ad8e4408,False
final_primary216_chemical_44_0,chemical,primary216,44,full_single_task,BIO_6718,CMP_d156c7f61581a866704b,10.1021/acs.est.7b02259,BAF,0.4599999999999999,0.9364531780768903,66039e29ad8e4408,False
final_primary216_chemical_44_0,chemical,primary216,44,full_single_task,BIO_6728,CMP_812738d2ca27e93d42c8,10.1021/acs.est.7b02259,BAF,4.7700000000000005,5.008322806197361,66039e29ad8e4408,False
final_primary216_chemical_44_0,chemical,primary216,44,full_single_task,BIO_6729,CMP_812738d2ca27e93d42c8,10.1021/acs.est.7b02259,BAF,4.32,4.643593300703003,66039e29ad8e4408,False
final_primary216_chemical_44_0,chemical,primary216,44,full_single_task,BIO_6730,CMP_812738d2ca27e93d42c8,10.1021/acs.est.7b02259,BAF,3.620000000000001,3.9973317027369366,66039e29ad8e4408,False
final_primary216_chemical_44_0,chemical,primary216,44,full_single_task,BIO_6745,CMP_b7e2eb89ae6c3db4e807,10.1021/acs.est.7b02259,BAF,4.03,2.872312139881748,66039e29ad8e4408,False
final_primary216_chemical_44_0,chemical,primary216,44,full_single_task,BIO_6746,CMP_b7e2eb89ae6c3db4e807,10.1021/acs.est.7b02259,BAF,3.8,2.686605574417541,66039e29ad8e4408,False
final_primary216_chemical_44_0,chemical,primary216,44,full_single_task,BIO_6747,CMP_b7e2eb89ae6c3db4e807,10.1021/acs.est.7b02259,BAF,2.91,2.5572142420330186,66039e29ad8e4408,False
final_primary216_chemical_44_0,chemical,primary216,44,full_single_task,BIO_5862,CMP_812738d2ca27e93d42c8,10.1016/j.scitotenv.2016.05.215,BCF,4.95,4.265807954817736,66039e29ad8e4408,False
final_primary216_chemical_44_0,chemical,primary216,44,full_single_task,BIO_5863,CMP_812738d2ca27e93d42c8,10.1016/j.scitotenv.2016.05.215,BCF,4.66,4.282122122169589,66039e29ad8e4408,False
final_primary216_chemical_44_0,chemical,primary216,44,full_single_task,BIO_5864,CMP_812738d2ca27e93d42c8,10.1016/j.scitotenv.2016.05.215,BCF,3.77,3.7713609422888075,66039e29ad8e4408,False
final_primary216_chemical_44_0,chemical,primary216,44,full_single_task,BIO_5865,CMP_812738d2ca27e93d42c8,10.1016/j.scitotenv.2016.05.215,BCF,3.66,3.822949342529041,66039e29ad8e4408,False
final_primary216_chemical_44_0,chemical,primary216,44,full_single_task,BIO_5866,CMP_812738d2ca27e93d42c8,10.1016/j.scitotenv.2016.05.215,BCF,4.33,3.9876101655430594,66039e29ad8e4408,False
final_primary216_chemical_44_0,chemical,primary216,44,full_single_task,BIO_5867,CMP_812738d2ca27e93d42c8,10.1016/j.scitotenv.2016.05.215,BCF,3.65,4.0411837969891184,66039e29ad8e4408,False
final_primary216_chemical_44_0,chemical,primary216,44,full_single_task,BIO_5944,CMP_d645aa79f55e85d0da2e,10.1016/j.scitotenv.2016.05.215,BCF,1.73,2.3006253383650463,66039e29ad8e4408,False
final_primary216_chemical_44_0,chemical,primary216,44,full_single_task,BIO_5945,CMP_d645aa79f55e85d0da2e,10.1016/j.scitotenv.2016.05.215,BCF,1.7,2.332917263596636,66039e29ad8e4408,False
final_primary216_chemical_44_0,chemical,primary216,44,full_single_task,BIO_5946,CMP_d645aa79f55e85d0da2e,10.1016/j.scitotenv.2016.05.215,BCF,0.75,1.7436376206922766,66039e29ad8e4408,False
final_primary216_chemical_44_0,chemical,primary216,44,full_single_task,BIO_5947,CMP_d645aa79f55e85d0da2e,10.1016/j.scitotenv.2016.05.215,BCF,0.67,1.7472361406697348,66039e29ad8e4408,False
final_primary216_chemical_44_0,chemical,primary216,44,full_single_task,BIO_5948,CMP_d645aa79f55e85d0da2e,10.1016/j.scitotenv.2016.05.215,BCF,1.02,2.249075547533821,66039e29ad8e4408,False
final_primary216_chemical_44_0,chemical,primary216,44,full_single_task,BIO_5949,CMP_d645aa79f55e85d0da2e,10.1016/j.scitotenv.2016.05.215,BCF,1.06,2.2574281778679226,66039e29ad8e4408,False
final_primary216_chemical_44_0,chemical,primary216,44,full_single_task,BIO_6177,CMP_d156c7f61581a866704b,10.1016/j.scitotenv.2016.05.215,BCF,2.39,2.8084329753678596,66039e29ad8e4408,False
final_primary216_chemical_44_0,chemical,primary216,44,full_single_task,BIO_6178,CMP_d156c7f61581a866704b,10.1016/j.scitotenv.2016.05.215,BCF,2.43,2.799637259764242,66039e29ad8e4408,False
final_primary216_chemical_44_0,chemical,primary216,44,full_single_task,BIO_6179,CMP_d156c7f61581a866704b,10.1016/j.scitotenv.2016.05.215,BCF,1.52,2.374628807869844,66039e29ad8e4408,False
final_primary216_chemical_44_0,chemical,primary216,44,full_single_task,BIO_6181,CMP_d156c7f61581a866704b,10.1016/j.scitotenv.2016.05.215,BCF,2.24,2.863957920192308,66039e29ad8e4408,False
final_primary216_chemical_44_0,chemical,primary216,44,full_single_task,BIO_6182,CMP_d156c7f61581a866704b,10.1016/j.scitotenv.2016.05.215,BCF,2.02,2.8538124134968634,66039e29ad8e4408,False
final_primary216_chemical_44_0,chemical,primary216,44,shuffled_auxiliary_labels,BIO_5672,CMP_b7e2eb89ae6c3db4e807,10.1021/acs.est.5b04299,BAF,4.659000000000001,2.869174418717661,909e16b503678db6,False
final_primary216_chemical_44_0,chemical,primary216,44,shuffled_auxiliary_labels,BIO_5673,CMP_b7e2eb89ae6c3db4e807,10.1021/acs.est.5b04299,BAF,4.313,2.7500824885771316,909e16b503678db6,False
final_primary216_chemical_44_0,chemical,primary216,44,shuffled_auxiliary_labels,BIO_5674,CMP_b7e2eb89ae6c3db4e807,10.1021/acs.est.5b04299,BAF,5.217,2.885945116595697,909e16b503678db6,False
final_primary216_chemical_44_0,chemical,primary216,44,shuffled_auxiliary_labels,BIO_5675,CMP_b7e2eb89ae6c3db4e807,10.1021/acs.est.5b04299,BAF,4.398000000000001,2.807153402838719,909e16b503678db6,False
final_primary216_chemical_44_0,chemical,primary216,44,shuffled_auxiliary_labels,BIO_5676,CMP_b7e2eb89ae6c3db4e807,10.1021/acs.est.5b04299,BAF,4.4830000000000005,2.8014663679844407,909e16b503678db6,False
final_primary216_chemical_44_0,chemical,primary216,44,shuffled_auxiliary_labels,BIO_5677,CMP_b7e2eb89ae6c3db4e807,10.1021/acs.est.5b04299,BAF,4.693,2.934605865470301,909e16b503678db6,False
final_primary216_chemical_44_0,chemical,primary216,44,shuffled_auxiliary_labels,BIO_5678,CMP_b7e2eb89ae6c3db4e807,10.1021/acs.est.5b04299,BAF,4.814000000000001,2.9361952708166434,909e16b503678db6,False
final_primary216_chemical_44_0,chemical,primary216,44,shuffled_auxiliary_labels,BIO_5679,CMP_b7e2eb89ae6c3db4e807,10.1021/acs.est.5b04299,BAF,4.958,3.0677234621018092,909e16b503678db6,False
final_primary216_chemical_44_0,chemical,primary216,44,shuffled_auxiliary_labels,BIO_5680,CMP_b7e2eb89ae6c3db4e807,10.1021/acs.est.5b04299,BAF,4.802,2.7706508488434314,909e16b503678db6,False
final_primary216_chemical_44_0,chemical,primary216,44,shuffled_auxiliary_labels,BIO_5681,CMP_b7e2eb89ae6c3db4e807,10.1021/acs.est.5b04299,BAF,3.835,2.5529770708586534,909e16b503678db6,False
final_primary216_chemical_44_0,chemical,primary216,44,shuffled_auxiliary_labels,BIO_5683,CMP_b7e2eb89ae6c3db4e807,10.1021/acs.est.5b04299,BAF,4.882000000000001,2.8444962919374532,909e16b503678db6,False
final_primary216_chemical_44_0,chemical,primary216,44,shuffled_auxiliary_labels,BIO_5684,CMP_b7e2eb89ae6c3db4e807,10.1021/acs.est.5b04299,BAF,4.604000000000001,2.7677370859515587,909e16b503678db6,False
final_primary216_chemical_44_0,chemical,primary216,44,shuffled_auxiliary_labels,BIO_5685,CMP_b7e2eb89ae6c3db4e807,10.1021/acs.est.5b04299,BAF,5.052,2.8640225648027062,909e16b503678db6,False
final_primary216_chemical_44_0,chemical,primary216,44,shuffled_auxiliary_labels,BIO_5686,CMP_b7e2eb89ae6c3db4e807,10.1021/acs.est.5b04299,BAF,4.562000000000001,2.7179431543266133,909e16b503678db6,False
final_primary216_chemical_44_0,chemical,primary216,44,shuffled_auxiliary_labels,BIO_5687,CMP_b7e2eb89ae6c3db4e807,10.1021/acs.est.5b04299,BAF,4.652000000000001,2.728210518943109,909e16b503678db6,False
final_primary216_chemical_44_0,chemical,primary216,44,shuffled_auxiliary_labels,BIO_5688,CMP_b7e2eb89ae6c3db4e807,10.1021/acs.est.5b04299,BAF,4.798,3.0178934584814603,909e16b503678db6,False
final_primary216_chemical_44_0,chemical,primary216,44,shuffled_auxiliary_labels,BIO_5689,CMP_b7e2eb89ae6c3db4e807,10.1021/acs.est.5b04299,BAF,4.692,2.9200947865449356,909e16b503678db6,False
final_primary216_chemical_44_0,chemical,primary216,44,shuffled_auxiliary_labels,BIO_5690,CMP_b7e2eb89ae6c3db4e807,10.1021/acs.est.5b04299,BAF,4.814000000000001,3.028691461135603,909e16b503678db6,False
final_primary216_chemical_44_0,chemical,primary216,44,shuffled_auxiliary_labels,BIO_5691,CMP_b7e2eb89ae6c3db4e807,10.1021/acs.est.5b04299,BAF,4.710000000000001,2.7002947949664287,909e16b503678db6,False
final_primary216_chemical_44_0,chemical,primary216,44,shuffled_auxiliary_labels,BIO_5692,CMP_b7e2eb89ae6c3db4e807,10.1021/acs.est.5b04299,BAF,3.9300000000000006,2.563731814240113,909e16b503678db6,False
final_primary216_chemical_44_0,chemical,primary216,44,shuffled_auxiliary_labels,BIO_6195,CMP_d156c7f61581a866704b,10.1021/acs.est.6b01197,BAF,2.34,2.8161517383838377,909e16b503678db6,False
final_primary216_chemical_44_0,chemical,primary216,44,shuffled_auxiliary_labels,BIO_6196,CMP_d156c7f61581a866704b,10.1021/acs.est.6b01197,BAF,2.3000000000000003,1.4103968876696937,909e16b503678db6,False
final_primary216_chemical_44_0,chemical,primary216,44,shuffled_auxiliary_labels,BIO_6197,CMP_d156c7f61581a866704b,10.1021/acs.est.6b01197,BAF,2.5200000000000005,2.8165033047300168,909e16b503678db6,False
final_primary216_chemical_44_0,chemical,primary216,44,shuffled_auxiliary_labels,BIO_6251,CMP_d156c7f61581a866704b,10.1021/acs.est.9b04906,BAF,0.9405164849325672,1.8697734779157011,909e16b503678db6,False
final_primary216_chemical_44_0,chemical,primary216,44,shuffled_auxiliary_labels,BIO_6558,CMP_d156c7f61581a866704b,10.1021/acs.est.7b02399,BAF,1.3010299956639813,2.2819038907233944,909e16b503678db6,False
final_primary216_chemical_44_0,chemical,primary216,44,shuffled_auxiliary_labels,BIO_6559,CMP_d156c7f61581a866704b,10.1021/acs.est.7b02399,BAF,2.5538830266438746,2.1505996577104423,909e16b503678db6,False
final_primary216_chemical_44_0,chemical,primary216,44,shuffled_auxiliary_labels,BIO_6560,CMP_d156c7f61581a866704b,10.1021/acs.est.7b02399,BAF,2.03342375548695,2.2583765419619626,909e16b503678db6,False
final_primary216_chemical_44_0,chemical,primary216,44,shuffled_auxiliary_labels,BIO_6561,CMP_d156c7f61581a866704b,10.1021/acs.est.7b02399,BAF,3.096910013008056,2.2208337990917015,909e16b503678db6,False
final_primary216_chemical_44_0,chemical,primary216,44,shuffled_auxiliary_labels,BIO_6562,CMP_d156c7f61581a866704b,10.1021/acs.est.7b02399,BAF,2.576341350205793,2.171559792392986,909e16b503678db6,False
final_primary216_chemical_44_0,chemical,primary216,44,shuffled_auxiliary_labels,BIO_6563,CMP_d156c7f61581a866704b,10.1021/acs.est.7b02399,BAF,2.660865478003869,2.171572132812466,909e16b503678db6,False
final_primary216_chemical_44_0,chemical,primary216,44,shuffled_auxiliary_labels,BIO_6709,CMP_1e0abf78953775c0134f,10.1021/acs.est.7b02259,BAF,0.56,0.7449106112661092,909e16b503678db6,False
final_primary216_chemical_44_0,chemical,primary216,44,shuffled_auxiliary_labels,BIO_6710,CMP_1e0abf78953775c0134f,10.1021/acs.est.7b02259,BAF,0.0099999999999999,0.3343014602796073,909e16b503678db6,False
final_primary216_chemical_44_0,chemical,primary216,44,shuffled_auxiliary_labels,BIO_6711,CMP_d645aa79f55e85d0da2e,10.1021/acs.est.7b02259,BAF,0.4900000000000001,0.9263736319327025,909e16b503678db6,False
final_primary216_chemical_44_0,chemical,primary216,44,shuffled_auxiliary_labels,BIO_6712,CMP_d645aa79f55e85d0da2e,10.1021/acs.est.7b02259,BAF,-0.08,0.7981924743112674,909e16b503678db6,False
final_primary216_chemical_44_0,chemical,primary216,44,shuffled_auxiliary_labels,BIO_6716,CMP_d156c7f61581a866704b,10.1021/acs.est.7b02259,BAF,1.93,2.0522025771358843,909e16b503678db6,False
final_primary216_chemical_44_0,chemical,primary216,44,shuffled_auxiliary_labels,BIO_6717,CMP_d156c7f61581a866704b,10.1021/acs.est.7b02259,BAF,1.2400000000000002,1.6287658991222724,909e16b503678db6,False
final_primary216_chemical_44_0,chemical,primary216,44,shuffled_auxiliary_labels,BIO_6718,CMP_d156c7f61581a866704b,10.1021/acs.est.7b02259,BAF,0.4599999999999999,0.7542863466729122,909e16b503678db6,False
final_primary216_chemical_44_0,chemical,primary216,44,shuffled_auxiliary_labels,BIO_6728,CMP_812738d2ca27e93d42c8,10.1021/acs.est.7b02259,BAF,4.7700000000000005,3.9079358733011103,909e16b503678db6,False
final_primary216_chemical_44_0,chemical,primary216,44,shuffled_auxiliary_labels,BIO_6729,CMP_812738d2ca27e93d42c8,10.1021/acs.est.7b02259,BAF,4.32,3.625621079553198,909e16b503678db6,False
final_primary216_chemical_44_0,chemical,primary216,44,shuffled_auxiliary_labels,BIO_6730,CMP_812738d2ca27e93d42c8,10.1021/acs.est.7b02259,BAF,3.620000000000001,3.145886043305496,909e16b503678db6,False
final_primary216_chemical_44_0,chemical,primary216,44,shuffled_auxiliary_labels,BIO_6745,CMP_b7e2eb89ae6c3db4e807,10.1021/acs.est.7b02259,BAF,4.03,2.8835965381355653,909e16b503678db6,False
final_primary216_chemical_44_0,chemical,primary216,44,shuffled_auxiliary_labels,BIO_6746,CMP_b7e2eb89ae6c3db4e807,10.1021/acs.est.7b02259,BAF,3.8,2.7164111793940053,909e16b503678db6,False
final_primary216_chemical_44_0,chemical,primary216,44,shuffled_auxiliary_labels,BIO_6747,CMP_b7e2eb89ae6c3db4e807,10.1021/acs.est.7b02259,BAF,2.91,2.5862435871610296,909e16b503678db6,False
final_primary216_chemical_44_0,chemical,primary216,44,shuffled_auxiliary_labels,BIO_5862,CMP_812738d2ca27e93d42c8,10.1016/j.scitotenv.2016.05.215,BCF,4.95,4.185209813667491,909e16b503678db6,False
final_primary216_chemical_44_0,chemical,primary216,44,shuffled_auxiliary_labels,BIO_5863,CMP_812738d2ca27e93d42c8,10.1016/j.scitotenv.2016.05.215,BCF,4.66,4.186377094545021,909e16b503678db6,False
final_primary216_chemical_44_0,chemical,primary216,44,shuffled_auxiliary_labels,BIO_5864,CMP_812738d2ca27e93d42c8,10.1016/j.scitotenv.2016.05.215,BCF,3.77,3.826218798051435,909e16b503678db6,False
final_primary216_chemical_44_0,chemical,primary216,44,shuffled_auxiliary_labels,BIO_5865,CMP_812738d2ca27e93d42c8,10.1016/j.scitotenv.2016.05.215,BCF,3.66,3.8252792511581157,909e16b503678db6,False
final_primary216_chemical_44_0,chemical,primary216,44,shuffled_auxiliary_labels,BIO_5866,CMP_812738d2ca27e93d42c8,10.1016/j.scitotenv.2016.05.215,BCF,4.33,3.9432731045461082,909e16b503678db6,False
final_primary216_chemical_44_0,chemical,primary216,44,shuffled_auxiliary_labels,BIO_5867,CMP_812738d2ca27e93d42c8,10.1016/j.scitotenv.2016.05.215,BCF,3.65,4.100751500728141,909e16b503678db6,False
final_primary216_chemical_44_0,chemical,primary216,44,shuffled_auxiliary_labels,BIO_5944,CMP_d645aa79f55e85d0da2e,10.1016/j.scitotenv.2016.05.215,BCF,1.73,2.411772366825851,909e16b503678db6,False
final_primary216_chemical_44_0,chemical,primary216,44,shuffled_auxiliary_labels,BIO_5945,CMP_d645aa79f55e85d0da2e,10.1016/j.scitotenv.2016.05.215,BCF,1.7,2.537392924438532,909e16b503678db6,False
final_primary216_chemical_44_0,chemical,primary216,44,shuffled_auxiliary_labels,BIO_5946,CMP_d645aa79f55e85d0da2e,10.1016/j.scitotenv.2016.05.215,BCF,0.75,1.7518260456713326,909e16b503678db6,False
final_primary216_chemical_44_0,chemical,primary216,44,shuffled_auxiliary_labels,BIO_5947,CMP_d645aa79f55e85d0da2e,10.1016/j.scitotenv.2016.05.215,BCF,0.67,1.756227825942981,909e16b503678db6,False
final_primary216_chemical_44_0,chemical,primary216,44,shuffled_auxiliary_labels,BIO_5948,CMP_d645aa79f55e85d0da2e,10.1016/j.scitotenv.2016.05.215,BCF,1.02,2.3019581320875684,909e16b503678db6,False
final_primary216_chemical_44_0,chemical,primary216,44,shuffled_auxiliary_labels,BIO_5949,CMP_d645aa79f55e85d0da2e,10.1016/j.scitotenv.2016.05.215,BCF,1.06,2.2189379042670216,909e16b503678db6,False
final_primary216_chemical_44_0,chemical,primary216,44,shuffled_auxiliary_labels,BIO_6177,CMP_d156c7f61581a866704b,10.1016/j.scitotenv.2016.05.215,BCF,2.39,3.0282646826199318,909e16b503678db6,False
final_primary216_chemical_44_0,chemical,primary216,44,shuffled_auxiliary_labels,BIO_6178,CMP_d156c7f61581a866704b,10.1016/j.scitotenv.2016.05.215,BCF,2.43,2.9967069899044745,909e16b503678db6,False
final_primary216_chemical_44_0,chemical,primary216,44,shuffled_auxiliary_labels,BIO_6179,CMP_d156c7f61581a866704b,10.1016/j.scitotenv.2016.05.215,BCF,1.52,2.4458964700283525,909e16b503678db6,False
final_primary216_chemical_44_0,chemical,primary216,44,shuffled_auxiliary_labels,BIO_6181,CMP_d156c7f61581a866704b,10.1016/j.scitotenv.2016.05.215,BCF,2.24,2.9565662409796385,909e16b503678db6,False
final_primary216_chemical_44_0,chemical,primary216,44,shuffled_auxiliary_labels,BIO_6182,CMP_d156c7f61581a866704b,10.1016/j.scitotenv.2016.05.215,BCF,2.02,2.9893094425207036,909e16b503678db6,False
final_primary216_chemical_44_0,chemical,primary216,44,simple_graph_context,BIO_5672,CMP_b7e2eb89ae6c3db4e807,10.1021/acs.est.5b04299,BAF,4.659000000000001,2.544799327850342,,False
final_primary216_chemical_44_0,chemical,primary216,44,simple_graph_context,BIO_5673,CMP_b7e2eb89ae6c3db4e807,10.1021/acs.est.5b04299,BAF,4.313,2.3785653114318848,,False
final_primary216_chemical_44_0,chemical,primary216,44,simple_graph_context,BIO_5674,CMP_b7e2eb89ae6c3db4e807,10.1021/acs.est.5b04299,BAF,5.217,2.4150450229644775,,False
final_primary216_chemical_44_0,chemical,primary216,44,simple_graph_context,BIO_5675,CMP_b7e2eb89ae6c3db4e807,10.1021/acs.est.5b04299,BAF,4.398000000000001,2.411503314971924,,False
final_primary216_chemical_44_0,chemical,primary216,44,simple_graph_context,BIO_5676,CMP_b7e2eb89ae6c3db4e807,10.1021/acs.est.5b04299,BAF,4.4830000000000005,2.427457571029663,,False
final_primary216_chemical_44_0,chemical,primary216,44,simple_graph_context,BIO_5677,CMP_b7e2eb89ae6c3db4e807,10.1021/acs.est.5b04299,BAF,4.693,2.545313835144043,,False
final_primary216_chemical_44_0,chemical,primary216,44,simple_graph_context,BIO_5678,CMP_b7e2eb89ae6c3db4e807,10.1021/acs.est.5b04299,BAF,4.814000000000001,2.5000240802764893,,False
final_primary216_chemical_44_0,chemical,primary216,44,simple_graph_context,BIO_5679,CMP_b7e2eb89ae6c3db4e807,10.1021/acs.est.5b04299,BAF,4.958,2.544541835784912,,False
final_primary216_chemical_44_0,chemical,primary216,44,simple_graph_context,BIO_5680,CMP_b7e2eb89ae6c3db4e807,10.1021/acs.est.5b04299,BAF,4.802,2.2163126468658447,,False
final_primary216_chemical_44_0,chemical,primary216,44,simple_graph_context,BIO_5681,CMP_b7e2eb89ae6c3db4e807,10.1021/acs.est.5b04299,BAF,3.835,1.8501828908920288,,False
final_primary216_chemical_44_0,chemical,primary216,44,simple_graph_context,BIO_5683,CMP_b7e2eb89ae6c3db4e807,10.1021/acs.est.5b04299,BAF,4.882000000000001,2.544799327850342,,False
final_primary216_chemical_44_0,chemical,primary216,44,simple_graph_context,BIO_5684,CMP_b7e2eb89ae6c3db4e807,10.1021/acs.est.5b04299,BAF,4.604000000000001,2.3785653114318848,,False
final_primary216_chemical_44_0,chemical,primary216,44,simple_graph_context,BIO_5685,CMP_b7e2eb89ae6c3db4e807,10.1021/acs.est.5b04299,BAF,5.052,2.4150450229644775,,False
final_primary216_chemical_44_0,chemical,primary216,44,simple_graph_context,BIO_5686,CMP_b7e2eb89ae6c3db4e807,10.1021/acs.est.5b04299,BAF,4.562000000000001,2.411503314971924,,False
final_primary216_chemical_44_0,chemical,primary216,44,simple_graph_context,BIO_5687,CMP_b7e2eb89ae6c3db4e807,10.1021/acs.est.5b04299,BAF,4.652000000000001,2.427457571029663,,False
final_primary216_chemical_44_0,chemical,primary216,44,simple_graph_context,BIO_5688,CMP_b7e2eb89ae6c3db4e807,10.1021/acs.est.5b04299,BAF,4.798,2.545313835144043,,False
final_primary216_chemical_44_0,chemical,primary216,44,simple_graph_context,BIO_5689,CMP_b7e2eb89ae6c3db4e807,10.1021/acs.est.5b04299,BAF,4.692,2.5000240802764893,,False
final_primary216_chemical_44_0,chemical,primary216,44,simple_graph_context,BIO_5690,CMP_b7e2eb89ae6c3db4e807,10.1021/acs.est.5b04299,BAF,4.814000000000001,2.544541835784912,,False
final_primary216_chemical_44_0,chemical,primary216,44,simple_graph_context,BIO_5691,CMP_b7e2eb89ae6c3db4e807,10.1021/acs.est.5b04299,BAF,4.710000000000001,2.2163126468658447,,False
final_primary216_chemical_44_0,chemical,primary216,44,simple_graph_context,BIO_5692,CMP_b7e2eb89ae6c3db4e807,10.1021/acs.est.5b04299,BAF,3.9300000000000006,1.8501828908920288,,False
final_primary216_chemical_44_0,chemical,primary216,44,simple_graph_context,BIO_6195,CMP_d156c7f61581a866704b,10.1021/acs.est.6b01197,BAF,2.34,2.6835813522338867,,False
final_primary216_chemical_44_0,chemical,primary216,44,simple_graph_context,BIO_6196,CMP_d156c7f61581a866704b,10.1021/acs.est.6b01197,BAF,2.3000000000000003,2.18339204788208,,False
final_primary216_chemical_44_0,chemical,primary216,44,simple_graph_context,BIO_6197,CMP_d156c7f61581a866704b,10.1021/acs.est.6b01197,BAF,2.5200000000000005,2.6835813522338867,,False
final_primary216_chemical_44_0,chemical,primary216,44,simple_graph_context,BIO_6251,CMP_d156c7f61581a866704b,10.1021/acs.est.9b04906,BAF,0.9405164849325672,2.549891948699951,,False
final_primary216_chemical_44_0,chemical,primary216,44,simple_graph_context,BIO_6558,CMP_d156c7f61581a866704b,10.1021/acs.est.7b02399,BAF,1.3010299956639813,2.5155601501464844,,False
final_primary216_chemical_44_0,chemical,primary216,44,simple_graph_context,BIO_6559,CMP_d156c7f61581a866704b,10.1021/acs.est.7b02399,BAF,2.5538830266438746,2.5155601501464844,,False
final_primary216_chemical_44_0,chemical,primary216,44,simple_graph_context,BIO_6560,CMP_d156c7f61581a866704b,10.1021/acs.est.7b02399,BAF,2.03342375548695,2.5155601501464844,,False
final_primary216_chemical_44_0,chemical,primary216,44,simple_graph_context,BIO_6561,CMP_d156c7f61581a866704b,10.1021/acs.est.7b02399,BAF,3.096910013008056,2.5155601501464844,,False
final_primary216_chemical_44_0,chemical,primary216,44,simple_graph_context,BIO_6562,CMP_d156c7f61581a866704b,10.1021/acs.est.7b02399,BAF,2.576341350205793,2.5155601501464844,,False
final_primary216_chemical_44_0,chemical,primary216,44,simple_graph_context,BIO_6563,CMP_d156c7f61581a866704b,10.1021/acs.est.7b02399,BAF,2.660865478003869,2.5155601501464844,,False
final_primary216_chemical_44_0,chemical,primary216,44,simple_graph_context,BIO_6709,CMP_1e0abf78953775c0134f,10.1021/acs.est.7b02259,BAF,0.56,1.0864129066467285,,False
final_primary216_chemical_44_0,chemical,primary216,44,simple_graph_context,BIO_6710,CMP_1e0abf78953775c0134f,10.1021/acs.est.7b02259,BAF,0.0099999999999999,0.8876807689666748,,False
final_primary216_chemical_44_0,chemical,primary216,44,simple_graph_context,BIO_6711,CMP_d645aa79f55e85d0da2e,10.1021/acs.est.7b02259,BAF,0.4900000000000001,1.5807408094406128,,False
final_primary216_chemical_44_0,chemical,primary216,44,simple_graph_context,BIO_6712,CMP_d645aa79f55e85d0da2e,10.1021/acs.est.7b02259,BAF,-0.08,1.38200843334198,,False
final_primary216_chemical_44_0,chemical,primary216,44,simple_graph_context,BIO_6716,CMP_d156c7f61581a866704b,10.1021/acs.est.7b02259,BAF,1.93,2.569396495819092,,False
final_primary216_chemical_44_0,chemical,primary216,44,simple_graph_context,BIO_6717,CMP_d156c7f61581a866704b,10.1021/acs.est.7b02259,BAF,1.2400000000000002,2.370664358139038,,False
final_primary216_chemical_44_0,chemical,primary216,44,simple_graph_context,BIO_6718,CMP_d156c7f61581a866704b,10.1021/acs.est.7b02259,BAF,0.4599999999999999,2.0045347213745117,,False
final_primary216_chemical_44_0,chemical,primary216,44,simple_graph_context,BIO_6728,CMP_812738d2ca27e93d42c8,10.1021/acs.est.7b02259,BAF,4.7700000000000005,4.546708106994629,,False
final_primary216_chemical_44_0,chemical,primary216,44,simple_graph_context,BIO_6729,CMP_812738d2ca27e93d42c8,10.1021/acs.est.7b02259,BAF,4.32,4.347975730895996,,False
final_primary216_chemical_44_0,chemical,primary216,44,simple_graph_context,BIO_6730,CMP_812738d2ca27e93d42c8,10.1021/acs.est.7b02259,BAF,3.620000000000001,3.9818460941314697,,False
final_primary216_chemical_44_0,chemical,primary216,44,simple_graph_context,BIO_6745,CMP_b7e2eb89ae6c3db4e807,10.1021/acs.est.7b02259,BAF,4.03,2.4150450229644775,,False
final_primary216_chemical_44_0,chemical,primary216,44,simple_graph_context,BIO_6746,CMP_b7e2eb89ae6c3db4e807,10.1021/acs.est.7b02259,BAF,3.8,2.216312885284424,,False
final_primary216_chemical_44_0,chemical,primary216,44,simple_graph_context,BIO_6747,CMP_b7e2eb89ae6c3db4e807,10.1021/acs.est.7b02259,BAF,2.91,1.8501828908920288,,False
final_primary216_chemical_44_0,chemical,primary216,44,extra_trees_structure_context,BIO_5672,CMP_b7e2eb89ae6c3db4e807,10.1021/acs.est.5b04299,BAF,4.659000000000001,3.1913943009222585,,False
final_primary216_chemical_44_0,chemical,primary216,44,extra_trees_structure_context,BIO_5673,CMP_b7e2eb89ae6c3db4e807,10.1021/acs.est.5b04299,BAF,4.313,3.1913943009222585,,False
final_primary216_chemical_44_0,chemical,primary216,44,extra_trees_structure_context,BIO_5674,CMP_b7e2eb89ae6c3db4e807,10.1021/acs.est.5b04299,BAF,5.217,3.2645473132493485,,False
final_primary216_chemical_44_0,chemical,primary216,44,extra_trees_structure_context,BIO_5675,CMP_b7e2eb89ae6c3db4e807,10.1021/acs.est.5b04299,BAF,4.398000000000001,3.1913943009222585,,False
final_primary216_chemical_44_0,chemical,primary216,44,extra_trees_structure_context,BIO_5676,CMP_b7e2eb89ae6c3db4e807,10.1021/acs.est.5b04299,BAF,4.4830000000000005,3.1913943009222585,,False
final_primary216_chemical_44_0,chemical,primary216,44,extra_trees_structure_context,BIO_5677,CMP_b7e2eb89ae6c3db4e807,10.1021/acs.est.5b04299,BAF,4.693,3.1913943009222585,,False
final_primary216_chemical_44_0,chemical,primary216,44,extra_trees_structure_context,BIO_5678,CMP_b7e2eb89ae6c3db4e807,10.1021/acs.est.5b04299,BAF,4.814000000000001,3.1913943009222585,,False
final_primary216_chemical_44_0,chemical,primary216,44,extra_trees_structure_context,BIO_5679,CMP_b7e2eb89ae6c3db4e807,10.1021/acs.est.5b04299,BAF,4.958,3.1913943009222585,,False
final_primary216_chemical_44_0,chemical,primary216,44,extra_trees_structure_context,BIO_5680,CMP_b7e2eb89ae6c3db4e807,10.1021/acs.est.5b04299,BAF,4.802,3.1519280067438595,,False
final_primary216_chemical_44_0,chemical,primary216,44,extra_trees_structure_context,BIO_5681,CMP_b7e2eb89ae6c3db4e807,10.1021/acs.est.5b04299,BAF,3.835,2.669381345006881,,False
final_primary216_chemical_44_0,chemical,primary216,44,extra_trees_structure_context,BIO_5683,CMP_b7e2eb89ae6c3db4e807,10.1021/acs.est.5b04299,BAF,4.882000000000001,3.1913943009222585,,False
final_primary216_chemical_44_0,chemical,primary216,44,extra_trees_structure_context,BIO_5684,CMP_b7e2eb89ae6c3db4e807,10.1021/acs.est.5b04299,BAF,4.604000000000001,3.1913943009222585,,False
final_primary216_chemical_44_0,chemical,primary216,44,extra_trees_structure_context,BIO_5685,CMP_b7e2eb89ae6c3db4e807,10.1021/acs.est.5b04299,BAF,5.052,3.2645473132493485,,False
final_primary216_chemical_44_0,chemical,primary216,44,extra_trees_structure_context,BIO_5686,CMP_b7e2eb89ae6c3db4e807,10.1021/acs.est.5b04299,BAF,4.562000000000001,3.1913943009222585,,False
final_primary216_chemical_44_0,chemical,primary216,44,extra_trees_structure_context,BIO_5687,CMP_b7e2eb89ae6c3db4e807,10.1021/acs.est.5b04299,BAF,4.652000000000001,3.1913943009222585,,False
final_primary216_chemical_44_0,chemical,primary216,44,extra_trees_structure_context,BIO_5688,CMP_b7e2eb89ae6c3db4e807,10.1021/acs.est.5b04299,BAF,4.798,3.1913943009222585,,False
final_primary216_chemical_44_0,chemical,primary216,44,extra_trees_structure_context,BIO_5689,CMP_b7e2eb89ae6c3db4e807,10.1021/acs.est.5b04299,BAF,4.692,3.1913943009222585,,False
final_primary216_chemical_44_0,chemical,primary216,44,extra_trees_structure_context,BIO_5690,CMP_b7e2eb89ae6c3db4e807,10.1021/acs.est.5b04299,BAF,4.814000000000001,3.1913943009222585,,False
final_primary216_chemical_44_0,chemical,primary216,44,extra_trees_structure_context,BIO_5691,CMP_b7e2eb89ae6c3db4e807,10.1021/acs.est.5b04299,BAF,4.710000000000001,3.1519280067438595,,False
final_primary216_chemical_44_0,chemical,primary216,44,extra_trees_structure_context,BIO_5692,CMP_b7e2eb89ae6c3db4e807,10.1021/acs.est.5b04299,BAF,3.9300000000000006,2.669381345006881,,False
final_primary216_chemical_44_0,chemical,primary216,44,extra_trees_structure_context,BIO_6195,CMP_d156c7f61581a866704b,10.1021/acs.est.6b01197,BAF,2.34,2.253502299655443,,False
final_primary216_chemical_44_0,chemical,primary216,44,extra_trees_structure_context,BIO_6196,CMP_d156c7f61581a866704b,10.1021/acs.est.6b01197,BAF,2.3000000000000003,2.185899755986765,,False
final_primary216_chemical_44_0,chemical,primary216,44,extra_trees_structure_context,BIO_6197,CMP_d156c7f61581a866704b,10.1021/acs.est.6b01197,BAF,2.5200000000000005,2.253502299655443,,False
final_primary216_chemical_44_0,chemical,primary216,44,extra_trees_structure_context,BIO_6251,CMP_d156c7f61581a866704b,10.1021/acs.est.9b04906,BAF,0.9405164849325672,2.1571460901557113,,False
final_primary216_chemical_44_0,chemical,primary216,44,extra_trees_structure_context,BIO_6558,CMP_d156c7f61581a866704b,10.1021/acs.est.7b02399,BAF,1.3010299956639813,2.1696182858682747,,False
final_primary216_chemical_44_0,chemical,primary216,44,extra_trees_structure_context,BIO_6559,CMP_d156c7f61581a866704b,10.1021/acs.est.7b02399,BAF,2.5538830266438746,2.1696182858682747,,False
final_primary216_chemical_44_0,chemical,primary216,44,extra_trees_structure_context,BIO_6560,CMP_d156c7f61581a866704b,10.1021/acs.est.7b02399,BAF,2.03342375548695,2.1696182858682747,,False
final_primary216_chemical_44_0,chemical,primary216,44,extra_trees_structure_context,BIO_6561,CMP_d156c7f61581a866704b,10.1021/acs.est.7b02399,BAF,3.096910013008056,2.1696182858682747,,False
final_primary216_chemical_44_0,chemical,primary216,44,extra_trees_structure_context,BIO_6562,CMP_d156c7f61581a866704b,10.1021/acs.est.7b02399,BAF,2.576341350205793,2.1696182858682747,,False
final_primary216_chemical_44_0,chemical,primary216,44,extra_trees_structure_context,BIO_6563,CMP_d156c7f61581a866704b,10.1021/acs.est.7b02399,BAF,2.660865478003869,2.1696182858682747,,False
final_primary216_chemical_44_0,chemical,primary216,44,extra_trees_structure_context,BIO_6709,CMP_1e0abf78953775c0134f,10.1021/acs.est.7b02259,BAF,0.56,0.9385455729166675,,False
final_primary216_chemical_44_0,chemical,primary216,44,extra_trees_structure_context,BIO_6710,CMP_1e0abf78953775c0134f,10.1021/acs.est.7b02259,BAF,0.0099999999999999,0.6642083333333341,,False
final_primary216_chemical_44_0,chemical,primary216,44,extra_trees_structure_context,BIO_6711,CMP_d645aa79f55e85d0da2e,10.1021/acs.est.7b02259,BAF,0.4900000000000001,1.0331015625,,False
final_primary216_chemical_44_0,chemical,primary216,44,extra_trees_structure_context,BIO_6712,CMP_d645aa79f55e85d0da2e,10.1021/acs.est.7b02259,BAF,-0.08,0.7184843750000007,,False
final_primary216_chemical_44_0,chemical,primary216,44,extra_trees_structure_context,BIO_6716,CMP_d156c7f61581a866704b,10.1021/acs.est.7b02259,BAF,1.93,2.085098352337125,,False
final_primary216_chemical_44_0,chemical,primary216,44,extra_trees_structure_context,BIO_6717,CMP_d156c7f61581a866704b,10.1021/acs.est.7b02259,BAF,1.2400000000000002,1.9461009565037908,,False
final_primary216_chemical_44_0,chemical,primary216,44,extra_trees_structure_context,BIO_6718,CMP_d156c7f61581a866704b,10.1021/acs.est.7b02259,BAF,0.4599999999999999,2.0023170781340487,,False
final_primary216_chemical_44_0,chemical,primary216,44,extra_trees_structure_context,BIO_6728,CMP_812738d2ca27e93d42c8,10.1021/acs.est.7b02259,BAF,4.7700000000000005,4.37127441892026,,False
final_primary216_chemical_44_0,chemical,primary216,44,extra_trees_structure_context,BIO_6729,CMP_812738d2ca27e93d42c8,10.1021/acs.est.7b02259,BAF,4.32,4.37127441892026,,False
final_primary216_chemical_44_0,chemical,primary216,44,extra_trees_structure_context,BIO_6730,CMP_812738d2ca27e93d42c8,10.1021/acs.est.7b02259,BAF,3.620000000000001,3.361855750081073,,False
final_primary216_chemical_44_0,chemical,primary216,44,extra_trees_structure_context,BIO_6745,CMP_b7e2eb89ae6c3db4e807,10.1021/acs.est.7b02259,BAF,4.03,3.2645473132493485,,False
final_primary216_chemical_44_0,chemical,primary216,44,extra_trees_structure_context,BIO_6746,CMP_b7e2eb89ae6c3db4e807,10.1021/acs.est.7b02259,BAF,3.8,3.1519280067438595,,False
final_primary216_chemical_44_0,chemical,primary216,44,extra_trees_structure_context,BIO_6747,CMP_b7e2eb89ae6c3db4e807,10.1021/acs.est.7b02259,BAF,2.91,2.669381345006881,,False
final_primary216_chemical_44_0,chemical,primary216,44,hist_gradient_structure_context,BIO_5672,CMP_b7e2eb89ae6c3db4e807,10.1021/acs.est.5b04299,BAF,4.659000000000001,3.5291215428622817,,False
final_primary216_chemical_44_0,chemical,primary216,44,hist_gradient_structure_context,BIO_5673,CMP_b7e2eb89ae6c3db4e807,10.1021/acs.est.5b04299,BAF,4.313,3.5291215428622817,,False
final_primary216_chemical_44_0,chemical,primary216,44,hist_gradient_structure_context,BIO_5674,CMP_b7e2eb89ae6c3db4e807,10.1021/acs.est.5b04299,BAF,5.217,3.5291215428622817,,False
final_primary216_chemical_44_0,chemical,primary216,44,hist_gradient_structure_context,BIO_5675,CMP_b7e2eb89ae6c3db4e807,10.1021/acs.est.5b04299,BAF,4.398000000000001,3.5291215428622817,,False
final_primary216_chemical_44_0,chemical,primary216,44,hist_gradient_structure_context,BIO_5676,CMP_b7e2eb89ae6c3db4e807,10.1021/acs.est.5b04299,BAF,4.4830000000000005,3.5291215428622817,,False
final_primary216_chemical_44_0,chemical,primary216,44,hist_gradient_structure_context,BIO_5677,CMP_b7e2eb89ae6c3db4e807,10.1021/acs.est.5b04299,BAF,4.693,3.5291215428622817,,False
final_primary216_chemical_44_0,chemical,primary216,44,hist_gradient_structure_context,BIO_5678,CMP_b7e2eb89ae6c3db4e807,10.1021/acs.est.5b04299,BAF,4.814000000000001,3.5291215428622817,,False
final_primary216_chemical_44_0,chemical,primary216,44,hist_gradient_structure_context,BIO_5679,CMP_b7e2eb89ae6c3db4e807,10.1021/acs.est.5b04299,BAF,4.958,3.5291215428622817,,False
final_primary216_chemical_44_0,chemical,primary216,44,hist_gradient_structure_context,BIO_5680,CMP_b7e2eb89ae6c3db4e807,10.1021/acs.est.5b04299,BAF,4.802,3.5291215428622817,,False
final_primary216_chemical_44_0,chemical,primary216,44,hist_gradient_structure_context,BIO_5681,CMP_b7e2eb89ae6c3db4e807,10.1021/acs.est.5b04299,BAF,3.835,3.5291215428622817,,False
final_primary216_chemical_44_0,chemical,primary216,44,hist_gradient_structure_context,BIO_5683,CMP_b7e2eb89ae6c3db4e807,10.1021/acs.est.5b04299,BAF,4.882000000000001,3.5291215428622817,,False
final_primary216_chemical_44_0,chemical,primary216,44,hist_gradient_structure_context,BIO_5684,CMP_b7e2eb89ae6c3db4e807,10.1021/acs.est.5b04299,BAF,4.604000000000001,3.5291215428622817,,False
final_primary216_chemical_44_0,chemical,primary216,44,hist_gradient_structure_context,BIO_5685,CMP_b7e2eb89ae6c3db4e807,10.1021/acs.est.5b04299,BAF,5.052,3.5291215428622817,,False
final_primary216_chemical_44_0,chemical,primary216,44,hist_gradient_structure_context,BIO_5686,CMP_b7e2eb89ae6c3db4e807,10.1021/acs.est.5b04299,BAF,4.562000000000001,3.5291215428622817,,False
final_primary216_chemical_44_0,chemical,primary216,44,hist_gradient_structure_context,BIO_5687,CMP_b7e2eb89ae6c3db4e807,10.1021/acs.est.5b04299,BAF,4.652000000000001,3.5291215428622817,,False
final_primary216_chemical_44_0,chemical,primary216,44,hist_gradient_structure_context,BIO_5688,CMP_b7e2eb89ae6c3db4e807,10.1021/acs.est.5b04299,BAF,4.798,3.5291215428622817,,False
final_primary216_chemical_44_0,chemical,primary216,44,hist_gradient_structure_context,BIO_5689,CMP_b7e2eb89ae6c3db4e807,10.1021/acs.est.5b04299,BAF,4.692,3.5291215428622817,,False
final_primary216_chemical_44_0,chemical,primary216,44,hist_gradient_structure_context,BIO_5690,CMP_b7e2eb89ae6c3db4e807,10.1021/acs.est.5b04299,BAF,4.814000000000001,3.5291215428622817,,False
final_primary216_chemical_44_0,chemical,primary216,44,hist_gradient_structure_context,BIO_5691,CMP_b7e2eb89ae6c3db4e807,10.1021/acs.est.5b04299,BAF,4.710000000000001,3.5291215428622817,,False
final_primary216_chemical_44_0,chemical,primary216,44,hist_gradient_structure_context,BIO_5692,CMP_b7e2eb89ae6c3db4e807,10.1021/acs.est.5b04299,BAF,3.9300000000000006,3.5291215428622817,,False
final_primary216_chemical_44_0,chemical,primary216,44,hist_gradient_structure_context,BIO_6195,CMP_d156c7f61581a866704b,10.1021/acs.est.6b01197,BAF,2.34,1.6317489488132244,,False
final_primary216_chemical_44_0,chemical,primary216,44,hist_gradient_structure_context,BIO_6196,CMP_d156c7f61581a866704b,10.1021/acs.est.6b01197,BAF,2.3000000000000003,1.7052190292576728,,False
final_primary216_chemical_44_0,chemical,primary216,44,hist_gradient_structure_context,BIO_6197,CMP_d156c7f61581a866704b,10.1021/acs.est.6b01197,BAF,2.5200000000000005,1.6317489488132244,,False
final_primary216_chemical_44_0,chemical,primary216,44,hist_gradient_structure_context,BIO_6251,CMP_d156c7f61581a866704b,10.1021/acs.est.9b04906,BAF,0.9405164849325672,1.1602654908834251,,False
final_primary216_chemical_44_0,chemical,primary216,44,hist_gradient_structure_context,BIO_6558,CMP_d156c7f61581a866704b,10.1021/acs.est.7b02399,BAF,1.3010299956639813,1.8683327053309446,,False
final_primary216_chemical_44_0,chemical,primary216,44,hist_gradient_structure_context,BIO_6559,CMP_d156c7f61581a866704b,10.1021/acs.est.7b02399,BAF,2.5538830266438746,1.8683327053309446,,False
final_primary216_chemical_44_0,chemical,primary216,44,hist_gradient_structure_context,BIO_6560,CMP_d156c7f61581a866704b,10.1021/acs.est.7b02399,BAF,2.03342375548695,1.8683327053309446,,False
final_primary216_chemical_44_0,chemical,primary216,44,hist_gradient_structure_context,BIO_6561,CMP_d156c7f61581a866704b,10.1021/acs.est.7b02399,BAF,3.096910013008056,1.8683327053309446,,False
final_primary216_chemical_44_0,chemical,primary216,44,hist_gradient_structure_context,BIO_6562,CMP_d156c7f61581a866704b,10.1021/acs.est.7b02399,BAF,2.576341350205793,1.8683327053309446,,False
final_primary216_chemical_44_0,chemical,primary216,44,hist_gradient_structure_context,BIO_6563,CMP_d156c7f61581a866704b,10.1021/acs.est.7b02399,BAF,2.660865478003869,1.8683327053309446,,False
final_primary216_chemical_44_0,chemical,primary216,44,hist_gradient_structure_context,BIO_6709,CMP_1e0abf78953775c0134f,10.1021/acs.est.7b02259,BAF,0.56,0.8264914781833002,,False
final_primary216_chemical_44_0,chemical,primary216,44,hist_gradient_structure_context,BIO_6710,CMP_1e0abf78953775c0134f,10.1021/acs.est.7b02259,BAF,0.0099999999999999,0.8264914781833002,,False
final_primary216_chemical_44_0,chemical,primary216,44,hist_gradient_structure_context,BIO_6711,CMP_d645aa79f55e85d0da2e,10.1021/acs.est.7b02259,BAF,0.4900000000000001,0.8264914781833002,,False
final_primary216_chemical_44_0,chemical,primary216,44,hist_gradient_structure_context,BIO_6712,CMP_d645aa79f55e85d0da2e,10.1021/acs.est.7b02259,BAF,-0.08,0.8264914781833002,,False
final_primary216_chemical_44_0,chemical,primary216,44,hist_gradient_structure_context,BIO_6716,CMP_d156c7f61581a866704b,10.1021/acs.est.7b02259,BAF,1.93,0.8264914781833002,,False
final_primary216_chemical_44_0,chemical,primary216,44,hist_gradient_structure_context,BIO_6717,CMP_d156c7f61581a866704b,10.1021/acs.est.7b02259,BAF,1.2400000000000002,0.8264914781833002,,False
final_primary216_chemical_44_0,chemical,primary216,44,hist_gradient_structure_context,BIO_6718,CMP_d156c7f61581a866704b,10.1021/acs.est.7b02259,BAF,0.4599999999999999,0.8264914781833002,,False
final_primary216_chemical_44_0,chemical,primary216,44,hist_gradient_structure_context,BIO_6728,CMP_812738d2ca27e93d42c8,10.1021/acs.est.7b02259,BAF,4.7700000000000005,3.9443652165155982,,False
final_primary216_chemical_44_0,chemical,primary216,44,hist_gradient_structure_context,BIO_6729,CMP_812738d2ca27e93d42c8,10.1021/acs.est.7b02259,BAF,4.32,3.9443652165155982,,False
final_primary216_chemical_44_0,chemical,primary216,44,hist_gradient_structure_context,BIO_6730,CMP_812738d2ca27e93d42c8,10.1021/acs.est.7b02259,BAF,3.620000000000001,3.9443652165155982,,False
final_primary216_chemical_44_0,chemical,primary216,44,hist_gradient_structure_context,BIO_6745,CMP_b7e2eb89ae6c3db4e807,10.1021/acs.est.7b02259,BAF,4.03,3.5291215428622817,,False
final_primary216_chemical_44_0,chemical,primary216,44,hist_gradient_structure_context,BIO_6746,CMP_b7e2eb89ae6c3db4e807,10.1021/acs.est.7b02259,BAF,3.8,3.5291215428622817,,False
final_primary216_chemical_44_0,chemical,primary216,44,hist_gradient_structure_context,BIO_6747,CMP_b7e2eb89ae6c3db4e807,10.1021/acs.est.7b02259,BAF,2.91,3.5291215428622817,,False
final_primary216_chemical_44_0,chemical,primary216,44,nearest_chemical_context,BIO_5672,CMP_b7e2eb89ae6c3db4e807,10.1021/acs.est.5b04299,BAF,4.659000000000001,3.798000000000001,,False
final_primary216_chemical_44_0,chemical,primary216,44,nearest_chemical_context,BIO_5673,CMP_b7e2eb89ae6c3db4e807,10.1021/acs.est.5b04299,BAF,4.313,3.3090000000000006,,False
final_primary216_chemical_44_0,chemical,primary216,44,nearest_chemical_context,BIO_5674,CMP_b7e2eb89ae6c3db4e807,10.1021/acs.est.5b04299,BAF,5.217,3.984,,False
final_primary216_chemical_44_0,chemical,primary216,44,nearest_chemical_context,BIO_5675,CMP_b7e2eb89ae6c3db4e807,10.1021/acs.est.5b04299,BAF,4.398000000000001,3.4720000000000004,,False
final_primary216_chemical_44_0,chemical,primary216,44,nearest_chemical_context,BIO_5676,CMP_b7e2eb89ae6c3db4e807,10.1021/acs.est.5b04299,BAF,4.4830000000000005,3.4600000000000004,,False
final_primary216_chemical_44_0,chemical,primary216,44,nearest_chemical_context,BIO_5677,CMP_b7e2eb89ae6c3db4e807,10.1021/acs.est.5b04299,BAF,4.693,3.770000000000001,,False
final_primary216_chemical_44_0,chemical,primary216,44,nearest_chemical_context,BIO_5678,CMP_b7e2eb89ae6c3db4e807,10.1021/acs.est.5b04299,BAF,4.814000000000001,3.700000000000001,,False
final_primary216_chemical_44_0,chemical,primary216,44,nearest_chemical_context,BIO_5679,CMP_b7e2eb89ae6c3db4e807,10.1021/acs.est.5b04299,BAF,4.958,3.755000000000001,,False
final_primary216_chemical_44_0,chemical,primary216,44,nearest_chemical_context,BIO_5680,CMP_b7e2eb89ae6c3db4e807,10.1021/acs.est.5b04299,BAF,4.802,3.646000000000001,,False
final_primary216_chemical_44_0,chemical,primary216,44,nearest_chemical_context,BIO_5681,CMP_b7e2eb89ae6c3db4e807,10.1021/acs.est.5b04299,BAF,3.835,2.870000000000001,,False
final_primary216_chemical_44_0,chemical,primary216,44,nearest_chemical_context,BIO_5683,CMP_b7e2eb89ae6c3db4e807,10.1021/acs.est.5b04299,BAF,4.882000000000001,3.798000000000001,,False
final_primary216_chemical_44_0,chemical,primary216,44,nearest_chemical_context,BIO_5684,CMP_b7e2eb89ae6c3db4e807,10.1021/acs.est.5b04299,BAF,4.604000000000001,3.3090000000000006,,False
final_primary216_chemical_44_0,chemical,primary216,44,nearest_chemical_context,BIO_5685,CMP_b7e2eb89ae6c3db4e807,10.1021/acs.est.5b04299,BAF,5.052,3.984,,False
final_primary216_chemical_44_0,chemical,primary216,44,nearest_chemical_context,BIO_5686,CMP_b7e2eb89ae6c3db4e807,10.1021/acs.est.5b04299,BAF,4.562000000000001,3.4720000000000004,,False
final_primary216_chemical_44_0,chemical,primary216,44,nearest_chemical_context,BIO_5687,CMP_b7e2eb89ae6c3db4e807,10.1021/acs.est.5b04299,BAF,4.652000000000001,3.4600000000000004,,False
final_primary216_chemical_44_0,chemical,primary216,44,nearest_chemical_context,BIO_5688,CMP_b7e2eb89ae6c3db4e807,10.1021/acs.est.5b04299,BAF,4.798,3.770000000000001,,False
final_primary216_chemical_44_0,chemical,primary216,44,nearest_chemical_context,BIO_5689,CMP_b7e2eb89ae6c3db4e807,10.1021/acs.est.5b04299,BAF,4.692,3.700000000000001,,False
final_primary216_chemical_44_0,chemical,primary216,44,nearest_chemical_context,BIO_5690,CMP_b7e2eb89ae6c3db4e807,10.1021/acs.est.5b04299,BAF,4.814000000000001,3.755000000000001,,False
final_primary216_chemical_44_0,chemical,primary216,44,nearest_chemical_context,BIO_5691,CMP_b7e2eb89ae6c3db4e807,10.1021/acs.est.5b04299,BAF,4.710000000000001,3.646000000000001,,False
final_primary216_chemical_44_0,chemical,primary216,44,nearest_chemical_context,BIO_5692,CMP_b7e2eb89ae6c3db4e807,10.1021/acs.est.5b04299,BAF,3.9300000000000006,2.870000000000001,,False
final_primary216_chemical_44_0,chemical,primary216,44,nearest_chemical_context,BIO_6195,CMP_d156c7f61581a866704b,10.1021/acs.est.6b01197,BAF,2.34,4.170000000000001,,False
final_primary216_chemical_44_0,chemical,primary216,44,nearest_chemical_context,BIO_6196,CMP_d156c7f61581a866704b,10.1021/acs.est.6b01197,BAF,2.3000000000000003,1.84,,False
final_primary216_chemical_44_0,chemical,primary216,44,nearest_chemical_context,BIO_6197,CMP_d156c7f61581a866704b,10.1021/acs.est.6b01197,BAF,2.5200000000000005,4.170000000000001,,False
final_primary216_chemical_44_0,chemical,primary216,44,nearest_chemical_context,BIO_6251,CMP_d156c7f61581a866704b,10.1021/acs.est.9b04906,BAF,0.9405164849325672,4.170000000000001,,False
final_primary216_chemical_44_0,chemical,primary216,44,nearest_chemical_context,BIO_6558,CMP_d156c7f61581a866704b,10.1021/acs.est.7b02399,BAF,1.3010299956639813,1.6812412373755872,,False
final_primary216_chemical_44_0,chemical,primary216,44,nearest_chemical_context,BIO_6559,CMP_d156c7f61581a866704b,10.1021/acs.est.7b02399,BAF,2.5538830266438746,1.6812412373755872,,False
final_primary216_chemical_44_0,chemical,primary216,44,nearest_chemical_context,BIO_6560,CMP_d156c7f61581a866704b,10.1021/acs.est.7b02399,BAF,2.03342375548695,1.6812412373755872,,False
final_primary216_chemical_44_0,chemical,primary216,44,nearest_chemical_context,BIO_6561,CMP_d156c7f61581a866704b,10.1021/acs.est.7b02399,BAF,3.096910013008056,1.6812412373755872,,False
final_primary216_chemical_44_0,chemical,primary216,44,nearest_chemical_context,BIO_6562,CMP_d156c7f61581a866704b,10.1021/acs.est.7b02399,BAF,2.576341350205793,1.6812412373755872,,False
final_primary216_chemical_44_0,chemical,primary216,44,nearest_chemical_context,BIO_6563,CMP_d156c7f61581a866704b,10.1021/acs.est.7b02399,BAF,2.660865478003869,1.6812412373755872,,False
final_primary216_chemical_44_0,chemical,primary216,44,nearest_chemical_context,BIO_6709,CMP_1e0abf78953775c0134f,10.1021/acs.est.7b02259,BAF,0.56,1.1000000000000003,,False
final_primary216_chemical_44_0,chemical,primary216,44,nearest_chemical_context,BIO_6710,CMP_1e0abf78953775c0134f,10.1021/acs.est.7b02259,BAF,0.0099999999999999,0.6100000000000001,,False
final_primary216_chemical_44_0,chemical,primary216,44,nearest_chemical_context,BIO_6711,CMP_d645aa79f55e85d0da2e,10.1021/acs.est.7b02259,BAF,0.4900000000000001,1.1000000000000003,,False
final_primary216_chemical_44_0,chemical,primary216,44,nearest_chemical_context,BIO_6712,CMP_d645aa79f55e85d0da2e,10.1021/acs.est.7b02259,BAF,-0.08,0.6100000000000001,,False
final_primary216_chemical_44_0,chemical,primary216,44,nearest_chemical_context,BIO_6716,CMP_d156c7f61581a866704b,10.1021/acs.est.7b02259,BAF,1.93,1.1000000000000003,,False
final_primary216_chemical_44_0,chemical,primary216,44,nearest_chemical_context,BIO_6717,CMP_d156c7f61581a866704b,10.1021/acs.est.7b02259,BAF,1.2400000000000002,0.6100000000000001,,False
final_primary216_chemical_44_0,chemical,primary216,44,nearest_chemical_context,BIO_6718,CMP_d156c7f61581a866704b,10.1021/acs.est.7b02259,BAF,0.4599999999999999,-0.2700000000000001,,False
final_primary216_chemical_44_0,chemical,primary216,44,nearest_chemical_context,BIO_6728,CMP_812738d2ca27e93d42c8,10.1021/acs.est.7b02259,BAF,4.7700000000000005,1.1000000000000003,,False
final_primary216_chemical_44_0,chemical,primary216,44,nearest_chemical_context,BIO_6729,CMP_812738d2ca27e93d42c8,10.1021/acs.est.7b02259,BAF,4.32,0.6100000000000001,,False
final_primary216_chemical_44_0,chemical,primary216,44,nearest_chemical_context,BIO_6730,CMP_812738d2ca27e93d42c8,10.1021/acs.est.7b02259,BAF,3.620000000000001,-0.2700000000000001,,False
final_primary216_chemical_44_0,chemical,primary216,44,nearest_chemical_context,BIO_6745,CMP_b7e2eb89ae6c3db4e807,10.1021/acs.est.7b02259,BAF,4.03,3.984,,False
final_primary216_chemical_44_0,chemical,primary216,44,nearest_chemical_context,BIO_6746,CMP_b7e2eb89ae6c3db4e807,10.1021/acs.est.7b02259,BAF,3.8,3.646000000000001,,False
final_primary216_chemical_44_0,chemical,primary216,44,nearest_chemical_context,BIO_6747,CMP_b7e2eb89ae6c3db4e807,10.1021/acs.est.7b02259,BAF,2.91,2.870000000000001,,False
final_primary216_chemical_44_0,chemical,primary216,44,simple_graph_context,BIO_5862,CMP_812738d2ca27e93d42c8,10.1016/j.scitotenv.2016.05.215,BCF,4.95,4.192890644073486,,False
final_primary216_chemical_44_0,chemical,primary216,44,simple_graph_context,BIO_5863,CMP_812738d2ca27e93d42c8,10.1016/j.scitotenv.2016.05.215,BCF,4.66,4.192890644073486,,False
final_primary216_chemical_44_0,chemical,primary216,44,simple_graph_context,BIO_5864,CMP_812738d2ca27e93d42c8,10.1016/j.scitotenv.2016.05.215,BCF,3.77,3.920949935913086,,False
final_primary216_chemical_44_0,chemical,primary216,44,simple_graph_context,BIO_5865,CMP_812738d2ca27e93d42c8,10.1016/j.scitotenv.2016.05.215,BCF,3.66,3.920949935913086,,False
final_primary216_chemical_44_0,chemical,primary216,44,simple_graph_context,BIO_5866,CMP_812738d2ca27e93d42c8,10.1016/j.scitotenv.2016.05.215,BCF,4.33,4.154510498046875,,False
final_primary216_chemical_44_0,chemical,primary216,44,simple_graph_context,BIO_5867,CMP_812738d2ca27e93d42c8,10.1016/j.scitotenv.2016.05.215,BCF,3.65,4.154510498046875,,False
final_primary216_chemical_44_0,chemical,primary216,44,simple_graph_context,BIO_5944,CMP_d645aa79f55e85d0da2e,10.1016/j.scitotenv.2016.05.215,BCF,1.73,2.4647183418273926,,False
final_primary216_chemical_44_0,chemical,primary216,44,simple_graph_context,BIO_5945,CMP_d645aa79f55e85d0da2e,10.1016/j.scitotenv.2016.05.215,BCF,1.7,2.4647183418273926,,False
final_primary216_chemical_44_0,chemical,primary216,44,simple_graph_context,BIO_5946,CMP_d645aa79f55e85d0da2e,10.1016/j.scitotenv.2016.05.215,BCF,0.75,2.192777633666992,,False
final_primary216_chemical_44_0,chemical,primary216,44,simple_graph_context,BIO_5947,CMP_d645aa79f55e85d0da2e,10.1016/j.scitotenv.2016.05.215,BCF,0.67,2.192777633666992,,False
final_primary216_chemical_44_0,chemical,primary216,44,simple_graph_context,BIO_5948,CMP_d645aa79f55e85d0da2e,10.1016/j.scitotenv.2016.05.215,BCF,1.02,2.4263381958007812,,False
final_primary216_chemical_44_0,chemical,primary216,44,simple_graph_context,BIO_5949,CMP_d645aa79f55e85d0da2e,10.1016/j.scitotenv.2016.05.215,BCF,1.06,2.4263381958007812,,False
final_primary216_chemical_44_0,chemical,primary216,44,simple_graph_context,BIO_6177,CMP_d156c7f61581a866704b,10.1016/j.scitotenv.2016.05.215,BCF,2.39,3.040775775909424,,False
final_primary216_chemical_44_0,chemical,primary216,44,simple_graph_context,BIO_6178,CMP_d156c7f61581a866704b,10.1016/j.scitotenv.2016.05.215,BCF,2.43,3.040775775909424,,False
final_primary216_chemical_44_0,chemical,primary216,44,simple_graph_context,BIO_6179,CMP_d156c7f61581a866704b,10.1016/j.scitotenv.2016.05.215,BCF,1.52,2.7688350677490234,,False
final_primary216_chemical_44_0,chemical,primary216,44,simple_graph_context,BIO_6181,CMP_d156c7f61581a866704b,10.1016/j.scitotenv.2016.05.215,BCF,2.24,3.0023956298828125,,False
final_primary216_chemical_44_0,chemical,primary216,44,simple_graph_context,BIO_6182,CMP_d156c7f61581a866704b,10.1016/j.scitotenv.2016.05.215,BCF,2.02,3.0023956298828125,,False
final_primary216_chemical_44_0,chemical,primary216,44,extra_trees_structure_context,BIO_5862,CMP_812738d2ca27e93d42c8,10.1016/j.scitotenv.2016.05.215,BCF,4.95,4.252999999999996,,False
final_primary216_chemical_44_0,chemical,primary216,44,extra_trees_structure_context,BIO_5863,CMP_812738d2ca27e93d42c8,10.1016/j.scitotenv.2016.05.215,BCF,4.66,4.252999999999996,,False
final_primary216_chemical_44_0,chemical,primary216,44,extra_trees_structure_context,BIO_5864,CMP_812738d2ca27e93d42c8,10.1016/j.scitotenv.2016.05.215,BCF,3.77,3.972381510416664,,False
final_primary216_chemical_44_0,chemical,primary216,44,extra_trees_structure_context,BIO_5865,CMP_812738d2ca27e93d42c8,10.1016/j.scitotenv.2016.05.215,BCF,3.66,3.972381510416664,,False
final_primary216_chemical_44_0,chemical,primary216,44,extra_trees_structure_context,BIO_5866,CMP_812738d2ca27e93d42c8,10.1016/j.scitotenv.2016.05.215,BCF,4.33,4.188794270833325,,False
final_primary216_chemical_44_0,chemical,primary216,44,extra_trees_structure_context,BIO_5867,CMP_812738d2ca27e93d42c8,10.1016/j.scitotenv.2016.05.215,BCF,3.65,4.188794270833325,,False
final_primary216_chemical_44_0,chemical,primary216,44,extra_trees_structure_context,BIO_5944,CMP_d645aa79f55e85d0da2e,10.1016/j.scitotenv.2016.05.215,BCF,1.73,2.0058880208333334,,False
final_primary216_chemical_44_0,chemical,primary216,44,extra_trees_structure_context,BIO_5945,CMP_d645aa79f55e85d0da2e,10.1016/j.scitotenv.2016.05.215,BCF,1.7,2.0058880208333334,,False
final_primary216_chemical_44_0,chemical,primary216,44,extra_trees_structure_context,BIO_5946,CMP_d645aa79f55e85d0da2e,10.1016/j.scitotenv.2016.05.215,BCF,0.75,1.704833333333333,,False
final_primary216_chemical_44_0,chemical,primary216,44,extra_trees_structure_context,BIO_5947,CMP_d645aa79f55e85d0da2e,10.1016/j.scitotenv.2016.05.215,BCF,0.67,1.704833333333333,,False
final_primary216_chemical_44_0,chemical,primary216,44,extra_trees_structure_context,BIO_5948,CMP_d645aa79f55e85d0da2e,10.1016/j.scitotenv.2016.05.215,BCF,1.02,1.9423723958333312,,False
final_primary216_chemical_44_0,chemical,primary216,44,extra_trees_structure_context,BIO_5949,CMP_d645aa79f55e85d0da2e,10.1016/j.scitotenv.2016.05.215,BCF,1.06,1.9423723958333312,,False
final_primary216_chemical_44_0,chemical,primary216,44,extra_trees_structure_context,BIO_6177,CMP_d156c7f61581a866704b,10.1016/j.scitotenv.2016.05.215,BCF,2.39,2.84179036458333,,False
final_primary216_chemical_44_0,chemical,primary216,44,extra_trees_structure_context,BIO_6178,CMP_d156c7f61581a866704b,10.1016/j.scitotenv.2016.05.215,BCF,2.43,2.84179036458333,,False
final_primary216_chemical_44_0,chemical,primary216,44,extra_trees_structure_context,BIO_6179,CMP_d156c7f61581a866704b,10.1016/j.scitotenv.2016.05.215,BCF,1.52,2.6292708333333303,,False
final_primary216_chemical_44_0,chemical,primary216,44,extra_trees_structure_context,BIO_6181,CMP_d156c7f61581a866704b,10.1016/j.scitotenv.2016.05.215,BCF,2.24,2.8732356770833296,,False
final_primary216_chemical_44_0,chemical,primary216,44,extra_trees_structure_context,BIO_6182,CMP_d156c7f61581a866704b,10.1016/j.scitotenv.2016.05.215,BCF,2.02,2.8732356770833296,,False
final_primary216_chemical_44_0,chemical,primary216,44,hist_gradient_structure_context,BIO_5862,CMP_812738d2ca27e93d42c8,10.1016/j.scitotenv.2016.05.215,BCF,4.95,4.408405270966226,,False
final_primary216_chemical_44_0,chemical,primary216,44,hist_gradient_structure_context,BIO_5863,CMP_812738d2ca27e93d42c8,10.1016/j.scitotenv.2016.05.215,BCF,4.66,4.408405270966226,,False
final_primary216_chemical_44_0,chemical,primary216,44,hist_gradient_structure_context,BIO_5864,CMP_812738d2ca27e93d42c8,10.1016/j.scitotenv.2016.05.215,BCF,3.77,4.408405270966226,,False
final_primary216_chemical_44_0,chemical,primary216,44,hist_gradient_structure_context,BIO_5865,CMP_812738d2ca27e93d42c8,10.1016/j.scitotenv.2016.05.215,BCF,3.66,4.408405270966226,,False
final_primary216_chemical_44_0,chemical,primary216,44,hist_gradient_structure_context,BIO_5866,CMP_812738d2ca27e93d42c8,10.1016/j.scitotenv.2016.05.215,BCF,4.33,4.408405270966226,,False
final_primary216_chemical_44_0,chemical,primary216,44,hist_gradient_structure_context,BIO_5867,CMP_812738d2ca27e93d42c8,10.1016/j.scitotenv.2016.05.215,BCF,3.65,4.408405270966226,,False
final_primary216_chemical_44_0,chemical,primary216,44,hist_gradient_structure_context,BIO_5944,CMP_d645aa79f55e85d0da2e,10.1016/j.scitotenv.2016.05.215,BCF,1.73,1.3165358302968184,,False
final_primary216_chemical_44_0,chemical,primary216,44,hist_gradient_structure_context,BIO_5945,CMP_d645aa79f55e85d0da2e,10.1016/j.scitotenv.2016.05.215,BCF,1.7,1.3165358302968184,,False
final_primary216_chemical_44_0,chemical,primary216,44,hist_gradient_structure_context,BIO_5946,CMP_d645aa79f55e85d0da2e,10.1016/j.scitotenv.2016.05.215,BCF,0.75,1.3165358302968184,,False
final_primary216_chemical_44_0,chemical,primary216,44,hist_gradient_structure_context,BIO_5947,CMP_d645aa79f55e85d0da2e,10.1016/j.scitotenv.2016.05.215,BCF,0.67,1.3165358302968184,,False
final_primary216_chemical_44_0,chemical,primary216,44,hist_gradient_structure_context,BIO_5948,CMP_d645aa79f55e85d0da2e,10.1016/j.scitotenv.2016.05.215,BCF,1.02,1.3165358302968184,,False
final_primary216_chemical_44_0,chemical,primary216,44,hist_gradient_structure_context,BIO_5949,CMP_d645aa79f55e85d0da2e,10.1016/j.scitotenv.2016.05.215,BCF,1.06,1.3165358302968184,,False
final_primary216_chemical_44_0,chemical,primary216,44,hist_gradient_structure_context,BIO_6177,CMP_d156c7f61581a866704b,10.1016/j.scitotenv.2016.05.215,BCF,2.39,1.3165358302968184,,False
final_primary216_chemical_44_0,chemical,primary216,44,hist_gradient_structure_context,BIO_6178,CMP_d156c7f61581a866704b,10.1016/j.scitotenv.2016.05.215,BCF,2.43,1.3165358302968184,,False
final_primary216_chemical_44_0,chemical,primary216,44,hist_gradient_structure_context,BIO_6179,CMP_d156c7f61581a866704b,10.1016/j.scitotenv.2016.05.215,BCF,1.52,1.3165358302968184,,False
final_primary216_chemical_44_0,chemical,primary216,44,hist_gradient_structure_context,BIO_6181,CMP_d156c7f61581a866704b,10.1016/j.scitotenv.2016.05.215,BCF,2.24,1.3165358302968184,,False
final_primary216_chemical_44_0,chemical,primary216,44,hist_gradient_structure_context,BIO_6182,CMP_d156c7f61581a866704b,10.1016/j.scitotenv.2016.05.215,BCF,2.02,1.3165358302968184,,False
final_primary216_chemical_44_0,chemical,primary216,44,nearest_chemical_context,BIO_5862,CMP_812738d2ca27e93d42c8,10.1016/j.scitotenv.2016.05.215,BCF,4.95,4.04,,False
final_primary216_chemical_44_0,chemical,primary216,44,nearest_chemical_context,BIO_5863,CMP_812738d2ca27e93d42c8,10.1016/j.scitotenv.2016.05.215,BCF,4.66,4.04,,False
final_primary216_chemical_44_0,chemical,primary216,44,nearest_chemical_context,BIO_5864,CMP_812738d2ca27e93d42c8,10.1016/j.scitotenv.2016.05.215,BCF,3.77,3.41,,False
final_primary216_chemical_44_0,chemical,primary216,44,nearest_chemical_context,BIO_5865,CMP_812738d2ca27e93d42c8,10.1016/j.scitotenv.2016.05.215,BCF,3.66,3.41,,False
final_primary216_chemical_44_0,chemical,primary216,44,nearest_chemical_context,BIO_5866,CMP_812738d2ca27e93d42c8,10.1016/j.scitotenv.2016.05.215,BCF,4.33,4.0,,False
final_primary216_chemical_44_0,chemical,primary216,44,nearest_chemical_context,BIO_5867,CMP_812738d2ca27e93d42c8,10.1016/j.scitotenv.2016.05.215,BCF,3.65,4.0,,False
final_primary216_chemical_44_0,chemical,primary216,44,nearest_chemical_context,BIO_5944,CMP_d645aa79f55e85d0da2e,10.1016/j.scitotenv.2016.05.215,BCF,1.73,4.04,,False
final_primary216_chemical_44_0,chemical,primary216,44,nearest_chemical_context,BIO_5945,CMP_d645aa79f55e85d0da2e,10.1016/j.scitotenv.2016.05.215,BCF,1.7,4.04,,False
final_primary216_chemical_44_0,chemical,primary216,44,nearest_chemical_context,BIO_5946,CMP_d645aa79f55e85d0da2e,10.1016/j.scitotenv.2016.05.215,BCF,0.75,3.41,,False
final_primary216_chemical_44_0,chemical,primary216,44,nearest_chemical_context,BIO_5947,CMP_d645aa79f55e85d0da2e,10.1016/j.scitotenv.2016.05.215,BCF,0.67,3.41,,False
final_primary216_chemical_44_0,chemical,primary216,44,nearest_chemical_context,BIO_5948,CMP_d645aa79f55e85d0da2e,10.1016/j.scitotenv.2016.05.215,BCF,1.02,4.0,,False
final_primary216_chemical_44_0,chemical,primary216,44,nearest_chemical_context,BIO_5949,CMP_d645aa79f55e85d0da2e,10.1016/j.scitotenv.2016.05.215,BCF,1.06,4.0,,False
final_primary216_chemical_44_0,chemical,primary216,44,nearest_chemical_context,BIO_6177,CMP_d156c7f61581a866704b,10.1016/j.scitotenv.2016.05.215,BCF,2.39,4.04,,False
final_primary216_chemical_44_0,chemical,primary216,44,nearest_chemical_context,BIO_6178,CMP_d156c7f61581a866704b,10.1016/j.scitotenv.2016.05.215,BCF,2.43,4.04,,False
final_primary216_chemical_44_0,chemical,primary216,44,nearest_chemical_context,BIO_6179,CMP_d156c7f61581a866704b,10.1016/j.scitotenv.2016.05.215,BCF,1.52,3.41,,False
final_primary216_chemical_44_0,chemical,primary216,44,nearest_chemical_context,BIO_6181,CMP_d156c7f61581a866704b,10.1016/j.scitotenv.2016.05.215,BCF,2.24,4.0,,False
final_primary216_chemical_44_0,chemical,primary216,44,nearest_chemical_context,BIO_6182,CMP_d156c7f61581a866704b,10.1016/j.scitotenv.2016.05.215,BCF,2.02,4.0,,False
