task,design,cohort,seed,model,record_id,compound_id,study_id,endpoint,observed,predicted,transport_key,test_chemical_seen_in_bio_train
final_similarity70_0,similarity70_cluster_0,primary216,42,full_multitask,BIO_5789,CMP_5bc76544fcbe477197d1,10.1021/acs.est.6b01197,BAF,4.170000000000001,3.1920644734866963,1000f6946cc5198d,False
final_similarity70_0,similarity70_cluster_0,primary216,42,full_multitask,BIO_5790,CMP_5bc76544fcbe477197d1,10.1021/acs.est.6b01197,BAF,1.84,2.743059564693684,1000f6946cc5198d,False
final_similarity70_0,similarity70_cluster_0,primary216,42,full_multitask,BIO_5791,CMP_5bc76544fcbe477197d1,10.1021/acs.est.6b01197,BAF,4.03,3.189189104087035,1000f6946cc5198d,False
final_similarity70_0,similarity70_cluster_0,primary216,42,full_multitask,BIO_5907,CMP_a97661d9260d026cb14f,10.1021/acs.est.6b01197,BAF,1.98,2.3858336089850587,1000f6946cc5198d,False
final_similarity70_0,similarity70_cluster_0,primary216,42,full_multitask,BIO_5908,CMP_a97661d9260d026cb14f,10.1021/acs.est.6b01197,BAF,2.01,2.3776089304127126,1000f6946cc5198d,False
final_similarity70_0,similarity70_cluster_0,primary216,42,full_multitask,BIO_6095,CMP_8e58943e0a19095fb6f4,10.1021/acs.est.6b01197,BAF,3.5800000000000005,2.8807149467701034,1000f6946cc5198d,False
final_similarity70_0,similarity70_cluster_0,primary216,42,full_multitask,BIO_6096,CMP_8e58943e0a19095fb6f4,10.1021/acs.est.6b01197,BAF,3.3500000000000005,2.928138193899389,1000f6946cc5198d,False
final_similarity70_0,similarity70_cluster_0,primary216,42,full_multitask,BIO_6195,CMP_d156c7f61581a866704b,10.1021/acs.est.6b01197,BAF,2.34,2.638947818671782,1000f6946cc5198d,False
final_similarity70_0,similarity70_cluster_0,primary216,42,full_multitask,BIO_6196,CMP_d156c7f61581a866704b,10.1021/acs.est.6b01197,BAF,2.3000000000000003,2.0074591277442515,1000f6946cc5198d,False
final_similarity70_0,similarity70_cluster_0,primary216,42,full_multitask,BIO_6197,CMP_d156c7f61581a866704b,10.1021/acs.est.6b01197,BAF,2.5200000000000005,2.6365377497633595,1000f6946cc5198d,False
final_similarity70_0,similarity70_cluster_0,primary216,42,full_multitask,BIO_6251,CMP_d156c7f61581a866704b,10.1021/acs.est.9b04906,BAF,0.9405164849325672,2.6356880435918826,1000f6946cc5198d,False
final_similarity70_0,similarity70_cluster_0,primary216,42,full_multitask,BIO_6506,CMP_ba6c40d3726d16919ab2,10.1021/acs.est.6b01197,BAF,5.340000000000001,3.4497619458236395,1000f6946cc5198d,False
final_similarity70_0,similarity70_cluster_0,primary216,42,full_multitask,BIO_6507,CMP_ba6c40d3726d16919ab2,10.1021/acs.est.6b01197,BAF,5.200000000000001,3.4932241897158294,1000f6946cc5198d,False
final_similarity70_0,similarity70_cluster_0,primary216,42,full_multitask,BIO_6558,CMP_d156c7f61581a866704b,10.1021/acs.est.7b02399,BAF,1.3010299956639813,2.6197389667991,1000f6946cc5198d,False
final_similarity70_0,similarity70_cluster_0,primary216,42,full_multitask,BIO_6559,CMP_d156c7f61581a866704b,10.1021/acs.est.7b02399,BAF,2.5538830266438746,2.571686641358451,1000f6946cc5198d,False
final_similarity70_0,similarity70_cluster_0,primary216,42,full_multitask,BIO_6560,CMP_d156c7f61581a866704b,10.1021/acs.est.7b02399,BAF,2.03342375548695,2.6149670427866623,1000f6946cc5198d,False
final_similarity70_0,similarity70_cluster_0,primary216,42,full_multitask,BIO_6561,CMP_d156c7f61581a866704b,10.1021/acs.est.7b02399,BAF,3.096910013008056,2.6255002679009354,1000f6946cc5198d,False
final_similarity70_0,similarity70_cluster_0,primary216,42,full_multitask,BIO_6562,CMP_d156c7f61581a866704b,10.1021/acs.est.7b02399,BAF,2.576341350205793,2.582629932334946,1000f6946cc5198d,False
final_similarity70_0,similarity70_cluster_0,primary216,42,full_multitask,BIO_6563,CMP_d156c7f61581a866704b,10.1021/acs.est.7b02399,BAF,2.660865478003869,2.5670807318890216,1000f6946cc5198d,False
final_similarity70_0,similarity70_cluster_0,primary216,42,full_multitask,BIO_6567,CMP_8e58943e0a19095fb6f4,10.1021/acs.est.7b02399,BAF,1.6812412373755872,2.903829116799727,1000f6946cc5198d,False
final_similarity70_0,similarity70_cluster_0,primary216,42,full_multitask,BIO_6568,CMP_8e58943e0a19095fb6f4,10.1021/acs.est.7b02399,BAF,2.6503075231319366,2.9360725334150444,1000f6946cc5198d,False
final_similarity70_0,similarity70_cluster_0,primary216,42,full_multitask,BIO_6569,CMP_8e58943e0a19095fb6f4,10.1021/acs.est.7b02399,BAF,2.7860412102425545,2.9071061643507927,1000f6946cc5198d,False
final_similarity70_0,similarity70_cluster_0,primary216,42,full_multitask,BIO_6570,CMP_8e58943e0a19095fb6f4,10.1021/acs.est.7b02399,BAF,3.318063334962761,2.924923898851482,1000f6946cc5198d,False
final_similarity70_0,similarity70_cluster_0,primary216,42,full_multitask,BIO_6571,CMP_8e58943e0a19095fb6f4,10.1021/acs.est.7b02399,BAF,3.1398790864012365,2.889410331247328,1000f6946cc5198d,False
final_similarity70_0,similarity70_cluster_0,primary216,42,full_multitask,BIO_6572,CMP_8e58943e0a19095fb6f4,10.1021/acs.est.7b02399,BAF,3.752816431188272,2.9169538339008607,1000f6946cc5198d,False
final_similarity70_0,similarity70_cluster_0,primary216,42,full_multitask,BIO_6580,CMP_5bc76544fcbe477197d1,10.1021/acs.est.7b02399,BAF,1.9493900066449128,3.2598549464182494,1000f6946cc5198d,False
final_similarity70_0,similarity70_cluster_0,primary216,42,full_multitask,BIO_6581,CMP_5bc76544fcbe477197d1,10.1021/acs.est.7b02399,BAF,3.103803720955957,3.2625861714542213,1000f6946cc5198d,False
final_similarity70_0,similarity70_cluster_0,primary216,42,full_multitask,BIO_6582,CMP_5bc76544fcbe477197d1,10.1021/acs.est.7b02399,BAF,3.3502480183341627,3.276046676578442,1000f6946cc5198d,False
final_similarity70_0,similarity70_cluster_0,primary216,42,full_multitask,BIO_6583,CMP_5bc76544fcbe477197d1,10.1021/acs.est.7b02399,BAF,3.505149978319906,3.2535221004881447,1000f6946cc5198d,False
final_similarity70_0,similarity70_cluster_0,primary216,42,full_multitask,BIO_6584,CMP_5bc76544fcbe477197d1,10.1021/acs.est.7b02399,BAF,3.45484486000851,3.169946825633463,1000f6946cc5198d,False
final_similarity70_0,similarity70_cluster_0,primary216,42,full_multitask,BIO_6585,CMP_5bc76544fcbe477197d1,10.1021/acs.est.7b02399,BAF,3.8674674878590514,3.2604413716668224,1000f6946cc5198d,False
final_similarity70_0,similarity70_cluster_0,primary216,42,full_multitask,BIO_6593,CMP_ba6c40d3726d16919ab2,10.1021/acs.est.7b02399,BAF,3.012837224705172,3.643180141940704,1000f6946cc5198d,False
final_similarity70_0,similarity70_cluster_0,primary216,42,full_multitask,BIO_6594,CMP_ba6c40d3726d16919ab2,10.1021/acs.est.7b02399,BAF,3.840733234611807,3.6789998901137175,1000f6946cc5198d,False
final_similarity70_0,similarity70_cluster_0,primary216,42,full_multitask,BIO_6595,CMP_ba6c40d3726d16919ab2,10.1021/acs.est.7b02399,BAF,3.99563519459755,3.65093378065302,1000f6946cc5198d,False
final_similarity70_0,similarity70_cluster_0,primary216,42,full_multitask,BIO_6596,CMP_ba6c40d3726d16919ab2,10.1021/acs.est.7b02399,BAF,4.44870631990508,3.6475648333037034,1000f6946cc5198d,False
final_similarity70_0,similarity70_cluster_0,primary216,42,full_multitask,BIO_6597,CMP_ba6c40d3726d16919ab2,10.1021/acs.est.7b02399,BAF,4.429752280002408,3.615929836378659,1000f6946cc5198d,False
final_similarity70_0,similarity70_cluster_0,primary216,42,full_multitask,BIO_6598,CMP_ba6c40d3726d16919ab2,10.1021/acs.est.7b02399,BAF,4.515476441382376,3.50255991378283,1000f6946cc5198d,False
final_similarity70_0,similarity70_cluster_0,primary216,42,full_multitask,BIO_6707,CMP_622f8f0fcc1502149461,10.1021/acs.est.7b02259,BAF,0.9500000000000002,1.2508652447159854,1000f6946cc5198d,False
final_similarity70_0,similarity70_cluster_0,primary216,42,full_multitask,BIO_6708,CMP_622f8f0fcc1502149461,10.1021/acs.est.7b02259,BAF,0.37,1.208090653315706,1000f6946cc5198d,False
final_similarity70_0,similarity70_cluster_0,primary216,42,full_multitask,BIO_6709,CMP_1e0abf78953775c0134f,10.1021/acs.est.7b02259,BAF,0.56,1.6668092146792692,1000f6946cc5198d,False
final_similarity70_0,similarity70_cluster_0,primary216,42,full_multitask,BIO_6710,CMP_1e0abf78953775c0134f,10.1021/acs.est.7b02259,BAF,0.0099999999999999,1.619404358382592,1000f6946cc5198d,False
final_similarity70_0,similarity70_cluster_0,primary216,42,full_multitask,BIO_6711,CMP_d645aa79f55e85d0da2e,10.1021/acs.est.7b02259,BAF,0.4900000000000001,2.0382806720479096,1000f6946cc5198d,False
final_similarity70_0,similarity70_cluster_0,primary216,42,full_multitask,BIO_6712,CMP_d645aa79f55e85d0da2e,10.1021/acs.est.7b02259,BAF,-0.08,1.9381823524557171,1000f6946cc5198d,False
final_similarity70_0,similarity70_cluster_0,primary216,42,full_multitask,BIO_6713,CMP_a97661d9260d026cb14f,10.1021/acs.est.7b02259,BAF,1.1000000000000003,2.3351422611962467,1000f6946cc5198d,False
final_similarity70_0,similarity70_cluster_0,primary216,42,full_multitask,BIO_6714,CMP_a97661d9260d026cb14f,10.1021/acs.est.7b02259,BAF,0.6100000000000001,2.247399101770418,1000f6946cc5198d,False
final_similarity70_0,similarity70_cluster_0,primary216,42,full_multitask,BIO_6715,CMP_a97661d9260d026cb14f,10.1021/acs.est.7b02259,BAF,-0.2700000000000001,1.885132007597687,1000f6946cc5198d,False
final_similarity70_0,similarity70_cluster_0,primary216,42,full_multitask,BIO_6716,CMP_d156c7f61581a866704b,10.1021/acs.est.7b02259,BAF,1.93,2.700249247858438,1000f6946cc5198d,False
final_similarity70_0,similarity70_cluster_0,primary216,42,full_multitask,BIO_6717,CMP_d156c7f61581a866704b,10.1021/acs.est.7b02259,BAF,1.2400000000000002,2.5144901578462093,1000f6946cc5198d,False
final_similarity70_0,similarity70_cluster_0,primary216,42,full_multitask,BIO_6718,CMP_d156c7f61581a866704b,10.1021/acs.est.7b02259,BAF,0.4599999999999999,2.2206826895347485,1000f6946cc5198d,False
final_similarity70_0,similarity70_cluster_0,primary216,42,full_multitask,BIO_6719,CMP_8e58943e0a19095fb6f4,10.1021/acs.est.7b02259,BAF,3.01,2.9696295276756794,1000f6946cc5198d,False
final_similarity70_0,similarity70_cluster_0,primary216,42,full_multitask,BIO_6720,CMP_8e58943e0a19095fb6f4,10.1021/acs.est.7b02259,BAF,2.42,2.760688047585839,1000f6946cc5198d,False
final_similarity70_0,similarity70_cluster_0,primary216,42,full_multitask,BIO_6721,CMP_8e58943e0a19095fb6f4,10.1021/acs.est.7b02259,BAF,1.6800000000000002,2.6034294669659013,1000f6946cc5198d,False
final_similarity70_0,similarity70_cluster_0,primary216,42,full_multitask,BIO_6722,CMP_5bc76544fcbe477197d1,10.1021/acs.est.7b02259,BAF,3.9,3.280475046168887,1000f6946cc5198d,False
final_similarity70_0,similarity70_cluster_0,primary216,42,full_multitask,BIO_6723,CMP_5bc76544fcbe477197d1,10.1021/acs.est.7b02259,BAF,3.390000000000001,3.18152012688919,1000f6946cc5198d,False
final_similarity70_0,similarity70_cluster_0,primary216,42,full_multitask,BIO_6724,CMP_5bc76544fcbe477197d1,10.1021/acs.est.7b02259,BAF,2.64,2.970967150092009,1000f6946cc5198d,False
final_similarity70_0,similarity70_cluster_0,primary216,42,full_multitask,BIO_6725,CMP_ba6c40d3726d16919ab2,10.1021/acs.est.7b02259,BAF,4.430000000000001,3.701655126157605,1000f6946cc5198d,False
final_similarity70_0,similarity70_cluster_0,primary216,42,full_multitask,BIO_6726,CMP_ba6c40d3726d16919ab2,10.1021/acs.est.7b02259,BAF,3.9100000000000006,3.3667670073607887,1000f6946cc5198d,False
final_similarity70_0,similarity70_cluster_0,primary216,42,full_multitask,BIO_6727,CMP_ba6c40d3726d16919ab2,10.1021/acs.est.7b02259,BAF,3.1700000000000004,3.2083934203827558,1000f6946cc5198d,False
final_similarity70_0,similarity70_cluster_0,primary216,42,full_multitask,BIO_6728,CMP_812738d2ca27e93d42c8,10.1021/acs.est.7b02259,BAF,4.7700000000000005,4.068677613562703,1000f6946cc5198d,False
final_similarity70_0,similarity70_cluster_0,primary216,42,full_multitask,BIO_6729,CMP_812738d2ca27e93d42c8,10.1021/acs.est.7b02259,BAF,4.32,3.96196956038662,1000f6946cc5198d,False
final_similarity70_0,similarity70_cluster_0,primary216,42,full_multitask,BIO_6730,CMP_812738d2ca27e93d42c8,10.1021/acs.est.7b02259,BAF,3.620000000000001,3.662944935946253,1000f6946cc5198d,False
final_similarity70_0,similarity70_cluster_0,primary216,42,full_multitask,BIO_5705,CMP_622f8f0fcc1502149461,10.1016/j.scitotenv.2016.05.215,BCF,2.15,1.4693149958716791,1000f6946cc5198d,False
final_similarity70_0,similarity70_cluster_0,primary216,42,full_multitask,BIO_5706,CMP_622f8f0fcc1502149461,10.1016/j.scitotenv.2016.05.215,BCF,1.8,1.4482705702523528,1000f6946cc5198d,False
final_similarity70_0,similarity70_cluster_0,primary216,42,full_multitask,BIO_5707,CMP_622f8f0fcc1502149461,10.1016/j.scitotenv.2016.05.215,BCF,0.44,1.0841203224904572,1000f6946cc5198d,False
final_similarity70_0,similarity70_cluster_0,primary216,42,full_multitask,BIO_5708,CMP_622f8f0fcc1502149461,10.1016/j.scitotenv.2016.05.215,BCF,1.05,1.079680686295862,1000f6946cc5198d,False
final_similarity70_0,similarity70_cluster_0,primary216,42,full_multitask,BIO_5709,CMP_622f8f0fcc1502149461,10.1016/j.scitotenv.2016.05.215,BCF,1.06,1.7265738455058135,1000f6946cc5198d,False
final_similarity70_0,similarity70_cluster_0,primary216,42,full_multitask,BIO_5710,CMP_622f8f0fcc1502149461,10.1016/j.scitotenv.2016.05.215,BCF,1.3,1.7463343138004437,1000f6946cc5198d,False
final_similarity70_0,similarity70_cluster_0,primary216,42,full_multitask,BIO_5771,CMP_5bc76544fcbe477197d1,10.1016/j.scitotenv.2016.05.215,BCF,4.04,2.9670529886269232,1000f6946cc5198d,False
final_similarity70_0,similarity70_cluster_0,primary216,42,full_multitask,BIO_5772,CMP_5bc76544fcbe477197d1,10.1016/j.scitotenv.2016.05.215,BCF,4.36,2.971278004388945,1000f6946cc5198d,False
final_similarity70_0,similarity70_cluster_0,primary216,42,full_multitask,BIO_5773,CMP_5bc76544fcbe477197d1,10.1016/j.scitotenv.2016.05.215,BCF,3.41,2.579469755721344,1000f6946cc5198d,False
final_similarity70_0,similarity70_cluster_0,primary216,42,full_multitask,BIO_5774,CMP_5bc76544fcbe477197d1,10.1016/j.scitotenv.2016.05.215,BCF,3.79,2.5572846031308427,1000f6946cc5198d,False
final_similarity70_0,similarity70_cluster_0,primary216,42,full_multitask,BIO_5775,CMP_5bc76544fcbe477197d1,10.1016/j.scitotenv.2016.05.215,BCF,4.0,3.049824553472252,1000f6946cc5198d,False
final_similarity70_0,similarity70_cluster_0,primary216,42,full_multitask,BIO_5776,CMP_5bc76544fcbe477197d1,10.1016/j.scitotenv.2016.05.215,BCF,3.99,3.097035919139222,1000f6946cc5198d,False
final_similarity70_0,similarity70_cluster_0,primary216,42,full_multitask,BIO_5862,CMP_812738d2ca27e93d42c8,10.1016/j.scitotenv.2016.05.215,BCF,4.95,3.592349100524013,1000f6946cc5198d,False
final_similarity70_0,similarity70_cluster_0,primary216,42,full_multitask,BIO_5863,CMP_812738d2ca27e93d42c8,10.1016/j.scitotenv.2016.05.215,BCF,4.66,3.683420195201791,1000f6946cc5198d,False
final_similarity70_0,similarity70_cluster_0,primary216,42,full_multitask,BIO_5864,CMP_812738d2ca27e93d42c8,10.1016/j.scitotenv.2016.05.215,BCF,3.77,3.206281211744356,1000f6946cc5198d,False
final_similarity70_0,similarity70_cluster_0,primary216,42,full_multitask,BIO_5865,CMP_812738d2ca27e93d42c8,10.1016/j.scitotenv.2016.05.215,BCF,3.66,3.1931033643907254,1000f6946cc5198d,False
final_similarity70_0,similarity70_cluster_0,primary216,42,full_multitask,BIO_5866,CMP_812738d2ca27e93d42c8,10.1016/j.scitotenv.2016.05.215,BCF,4.33,3.720488030614869,1000f6946cc5198d,False
final_similarity70_0,similarity70_cluster_0,primary216,42,full_multitask,BIO_5867,CMP_812738d2ca27e93d42c8,10.1016/j.scitotenv.2016.05.215,BCF,3.65,3.617625526755442,1000f6946cc5198d,False
final_similarity70_0,similarity70_cluster_0,primary216,42,full_multitask,BIO_5944,CMP_d645aa79f55e85d0da2e,10.1016/j.scitotenv.2016.05.215,BCF,1.73,1.921984412420349,1000f6946cc5198d,False
final_similarity70_0,similarity70_cluster_0,primary216,42,full_multitask,BIO_5945,CMP_d645aa79f55e85d0da2e,10.1016/j.scitotenv.2016.05.215,BCF,1.7,1.9307592394731687,1000f6946cc5198d,False
final_similarity70_0,similarity70_cluster_0,primary216,42,full_multitask,BIO_5946,CMP_d645aa79f55e85d0da2e,10.1016/j.scitotenv.2016.05.215,BCF,0.75,1.5389045661086418,1000f6946cc5198d,False
final_similarity70_0,similarity70_cluster_0,primary216,42,full_multitask,BIO_5947,CMP_d645aa79f55e85d0da2e,10.1016/j.scitotenv.2016.05.215,BCF,0.67,1.5184740978976268,1000f6946cc5198d,False
final_similarity70_0,similarity70_cluster_0,primary216,42,full_multitask,BIO_5948,CMP_d645aa79f55e85d0da2e,10.1016/j.scitotenv.2016.05.215,BCF,1.02,2.1113601507184194,1000f6946cc5198d,False
final_similarity70_0,similarity70_cluster_0,primary216,42,full_multitask,BIO_5949,CMP_d645aa79f55e85d0da2e,10.1016/j.scitotenv.2016.05.215,BCF,1.06,2.127361787424808,1000f6946cc5198d,False
final_similarity70_0,similarity70_cluster_0,primary216,42,full_multitask,BIO_6077,CMP_8e58943e0a19095fb6f4,10.1016/j.scitotenv.2016.05.215,BCF,3.18,2.6637072523351844,1000f6946cc5198d,False
final_similarity70_0,similarity70_cluster_0,primary216,42,full_multitask,BIO_6078,CMP_8e58943e0a19095fb6f4,10.1016/j.scitotenv.2016.05.215,BCF,3.45,2.6560304382582185,1000f6946cc5198d,False
final_similarity70_0,similarity70_cluster_0,primary216,42,full_multitask,BIO_6079,CMP_8e58943e0a19095fb6f4,10.1016/j.scitotenv.2016.05.215,BCF,2.64,2.2145396740039933,1000f6946cc5198d,False
final_similarity70_0,similarity70_cluster_0,primary216,42,full_multitask,BIO_6080,CMP_8e58943e0a19095fb6f4,10.1016/j.scitotenv.2016.05.215,BCF,2.85,2.2372094278534504,1000f6946cc5198d,False
final_similarity70_0,similarity70_cluster_0,primary216,42,full_multitask,BIO_6081,CMP_8e58943e0a19095fb6f4,10.1016/j.scitotenv.2016.05.215,BCF,3.33,2.766554695111623,1000f6946cc5198d,False
final_similarity70_0,similarity70_cluster_0,primary216,42,full_multitask,BIO_6082,CMP_8e58943e0a19095fb6f4,10.1016/j.scitotenv.2016.05.215,BCF,3.37,2.788287101179379,1000f6946cc5198d,False
final_similarity70_0,similarity70_cluster_0,primary216,42,full_multitask,BIO_6177,CMP_d156c7f61581a866704b,10.1016/j.scitotenv.2016.05.215,BCF,2.39,2.366614646804233,1000f6946cc5198d,False
final_similarity70_0,similarity70_cluster_0,primary216,42,full_multitask,BIO_6178,CMP_d156c7f61581a866704b,10.1016/j.scitotenv.2016.05.215,BCF,2.43,2.360039368823305,1000f6946cc5198d,False
final_similarity70_0,similarity70_cluster_0,primary216,42,full_multitask,BIO_6179,CMP_d156c7f61581a866704b,10.1016/j.scitotenv.2016.05.215,BCF,1.52,2.0060042463719903,1000f6946cc5198d,False
final_similarity70_0,similarity70_cluster_0,primary216,42,full_multitask,BIO_6181,CMP_d156c7f61581a866704b,10.1016/j.scitotenv.2016.05.215,BCF,2.24,2.5203733265840387,1000f6946cc5198d,False
final_similarity70_0,similarity70_cluster_0,primary216,42,full_multitask,BIO_6182,CMP_d156c7f61581a866704b,10.1016/j.scitotenv.2016.05.215,BCF,2.02,2.4975595238439414,1000f6946cc5198d,False
final_similarity70_0,similarity70_cluster_0,primary216,42,full_multitask,BIO_6460,CMP_3626e8f507f7fd0a557c,10.1016/j.scitotenv.2016.05.215,BCF,5.56,4.096294028673242,1000f6946cc5198d,False
final_similarity70_0,similarity70_cluster_0,primary216,42,full_multitask,BIO_6461,CMP_3626e8f507f7fd0a557c,10.1016/j.scitotenv.2016.05.215,BCF,4.74,4.092136514938958,1000f6946cc5198d,False
final_similarity70_0,similarity70_cluster_0,primary216,42,full_multitask,BIO_6462,CMP_3626e8f507f7fd0a557c,10.1016/j.scitotenv.2016.05.215,BCF,5.22,3.689864810784545,1000f6946cc5198d,False
final_similarity70_0,similarity70_cluster_0,primary216,42,full_multitask,BIO_6463,CMP_3626e8f507f7fd0a557c,10.1016/j.scitotenv.2016.05.215,BCF,4.52,3.6479423954267354,1000f6946cc5198d,False
final_similarity70_0,similarity70_cluster_0,primary216,42,full_multitask,BIO_6464,CMP_3626e8f507f7fd0a557c,10.1016/j.scitotenv.2016.05.215,BCF,5.5,4.209297989159193,1000f6946cc5198d,False
final_similarity70_0,similarity70_cluster_0,primary216,42,full_multitask,BIO_6465,CMP_3626e8f507f7fd0a557c,10.1016/j.scitotenv.2016.05.215,BCF,4.34,4.008558418185814,1000f6946cc5198d,False
final_similarity70_0,similarity70_cluster_0,primary216,42,full_multitask,BIO_6472,CMP_277ba9982a59f21d5d1a,10.1016/j.scitotenv.2016.05.215,BCF,5.02,3.8985289124516393,1000f6946cc5198d,False
final_similarity70_0,similarity70_cluster_0,primary216,42,full_multitask,BIO_6473,CMP_277ba9982a59f21d5d1a,10.1016/j.scitotenv.2016.05.215,BCF,4.45,3.874223162104935,1000f6946cc5198d,False
final_similarity70_0,similarity70_cluster_0,primary216,42,full_multitask,BIO_6474,CMP_277ba9982a59f21d5d1a,10.1016/j.scitotenv.2016.05.215,BCF,4.28,3.4046281987192097,1000f6946cc5198d,False
final_similarity70_0,similarity70_cluster_0,primary216,42,full_multitask,BIO_6475,CMP_277ba9982a59f21d5d1a,10.1016/j.scitotenv.2016.05.215,BCF,3.91,3.4129127766069542,1000f6946cc5198d,False
final_similarity70_0,similarity70_cluster_0,primary216,42,full_multitask,BIO_6476,CMP_277ba9982a59f21d5d1a,10.1016/j.scitotenv.2016.05.215,BCF,4.84,3.991029500353852,1000f6946cc5198d,False
final_similarity70_0,similarity70_cluster_0,primary216,42,full_multitask,BIO_6477,CMP_277ba9982a59f21d5d1a,10.1016/j.scitotenv.2016.05.215,BCF,3.91,3.860691761285084,1000f6946cc5198d,False
final_similarity70_0,similarity70_cluster_0,primary216,42,full_multitask,BIO_6495,CMP_ba6c40d3726d16919ab2,10.1016/j.scitotenv.2016.05.215,BCF,4.14,3.3476699113170216,1000f6946cc5198d,False
final_similarity70_0,similarity70_cluster_0,primary216,42,full_multitask,BIO_6497,CMP_ba6c40d3726d16919ab2,10.1016/j.scitotenv.2016.05.215,BCF,3.64,2.820662399712694,1000f6946cc5198d,False
final_similarity70_0,similarity70_cluster_0,primary216,42,full_multitask,BIO_6498,CMP_ba6c40d3726d16919ab2,10.1016/j.scitotenv.2016.05.215,BCF,3.63,2.9364533972347653,1000f6946cc5198d,False
final_similarity70_0,similarity70_cluster_0,primary216,42,full_multitask,BIO_6499,CMP_ba6c40d3726d16919ab2,10.1016/j.scitotenv.2016.05.215,BCF,4.31,3.336348560718183,1000f6946cc5198d,False
final_similarity70_0,similarity70_cluster_0,primary216,42,full_multitask,BIO_6500,CMP_ba6c40d3726d16919ab2,10.1016/j.scitotenv.2016.05.215,BCF,3.81,3.300751691076898,1000f6946cc5198d,False
final_similarity70_0,similarity70_cluster_0,primary216,42,structure_context,BIO_5789,CMP_5bc76544fcbe477197d1,10.1021/acs.est.6b01197,BAF,4.170000000000001,3.1522186532449545,1000f6946cc5198d,False
final_similarity70_0,similarity70_cluster_0,primary216,42,structure_context,BIO_5790,CMP_5bc76544fcbe477197d1,10.1021/acs.est.6b01197,BAF,1.84,2.653235818066609,1000f6946cc5198d,False
final_similarity70_0,similarity70_cluster_0,primary216,42,structure_context,BIO_5791,CMP_5bc76544fcbe477197d1,10.1021/acs.est.6b01197,BAF,4.03,3.1522186532449545,1000f6946cc5198d,False
final_similarity70_0,similarity70_cluster_0,primary216,42,structure_context,BIO_5907,CMP_a97661d9260d026cb14f,10.1021/acs.est.6b01197,BAF,1.98,2.298681565712742,1000f6946cc5198d,False
final_similarity70_0,similarity70_cluster_0,primary216,42,structure_context,BIO_5908,CMP_a97661d9260d026cb14f,10.1021/acs.est.6b01197,BAF,2.01,2.298681565712742,1000f6946cc5198d,False
final_similarity70_0,similarity70_cluster_0,primary216,42,structure_context,BIO_6095,CMP_8e58943e0a19095fb6f4,10.1021/acs.est.6b01197,BAF,3.5800000000000005,2.881333897697293,1000f6946cc5198d,False
final_similarity70_0,similarity70_cluster_0,primary216,42,structure_context,BIO_6096,CMP_8e58943e0a19095fb6f4,10.1021/acs.est.6b01197,BAF,3.3500000000000005,2.881333897697293,1000f6946cc5198d,False
final_similarity70_0,similarity70_cluster_0,primary216,42,structure_context,BIO_6195,CMP_d156c7f61581a866704b,10.1021/acs.est.6b01197,BAF,2.34,2.600790631011312,1000f6946cc5198d,False
final_similarity70_0,similarity70_cluster_0,primary216,42,structure_context,BIO_6196,CMP_d156c7f61581a866704b,10.1021/acs.est.6b01197,BAF,2.3000000000000003,1.9769631508827208,1000f6946cc5198d,False
final_similarity70_0,similarity70_cluster_0,primary216,42,structure_context,BIO_6197,CMP_d156c7f61581a866704b,10.1021/acs.est.6b01197,BAF,2.5200000000000005,2.600790631011312,1000f6946cc5198d,False
final_similarity70_0,similarity70_cluster_0,primary216,42,structure_context,BIO_6251,CMP_d156c7f61581a866704b,10.1021/acs.est.9b04906,BAF,0.9405164849325672,2.489145975100393,1000f6946cc5198d,False
final_similarity70_0,similarity70_cluster_0,primary216,42,structure_context,BIO_6506,CMP_ba6c40d3726d16919ab2,10.1021/acs.est.6b01197,BAF,5.340000000000001,3.397945899210897,1000f6946cc5198d,False
final_similarity70_0,similarity70_cluster_0,primary216,42,structure_context,BIO_6507,CMP_ba6c40d3726d16919ab2,10.1021/acs.est.6b01197,BAF,5.200000000000001,3.397945899210897,1000f6946cc5198d,False
final_similarity70_0,similarity70_cluster_0,primary216,42,structure_context,BIO_6558,CMP_d156c7f61581a866704b,10.1021/acs.est.7b02399,BAF,1.3010299956639813,2.4554000398871803,1000f6946cc5198d,False
final_similarity70_0,similarity70_cluster_0,primary216,42,structure_context,BIO_6559,CMP_d156c7f61581a866704b,10.1021/acs.est.7b02399,BAF,2.5538830266438746,2.4554000398871803,1000f6946cc5198d,False
final_similarity70_0,similarity70_cluster_0,primary216,42,structure_context,BIO_6560,CMP_d156c7f61581a866704b,10.1021/acs.est.7b02399,BAF,2.03342375548695,2.4554000398871803,1000f6946cc5198d,False
final_similarity70_0,similarity70_cluster_0,primary216,42,structure_context,BIO_6561,CMP_d156c7f61581a866704b,10.1021/acs.est.7b02399,BAF,3.096910013008056,2.4554000398871803,1000f6946cc5198d,False
final_similarity70_0,similarity70_cluster_0,primary216,42,structure_context,BIO_6562,CMP_d156c7f61581a866704b,10.1021/acs.est.7b02399,BAF,2.576341350205793,2.4554000398871803,1000f6946cc5198d,False
final_similarity70_0,similarity70_cluster_0,primary216,42,structure_context,BIO_6563,CMP_d156c7f61581a866704b,10.1021/acs.est.7b02399,BAF,2.660865478003869,2.4554000398871803,1000f6946cc5198d,False
final_similarity70_0,similarity70_cluster_0,primary216,42,structure_context,BIO_6567,CMP_8e58943e0a19095fb6f4,10.1021/acs.est.7b02399,BAF,1.6812412373755872,2.819518457165461,1000f6946cc5198d,False
final_similarity70_0,similarity70_cluster_0,primary216,42,structure_context,BIO_6568,CMP_8e58943e0a19095fb6f4,10.1021/acs.est.7b02399,BAF,2.6503075231319366,2.819518457165461,1000f6946cc5198d,False
final_similarity70_0,similarity70_cluster_0,primary216,42,structure_context,BIO_6569,CMP_8e58943e0a19095fb6f4,10.1021/acs.est.7b02399,BAF,2.7860412102425545,2.819518457165461,1000f6946cc5198d,False
final_similarity70_0,similarity70_cluster_0,primary216,42,structure_context,BIO_6570,CMP_8e58943e0a19095fb6f4,10.1021/acs.est.7b02399,BAF,3.318063334962761,2.819518457165461,1000f6946cc5198d,False
final_similarity70_0,similarity70_cluster_0,primary216,42,structure_context,BIO_6571,CMP_8e58943e0a19095fb6f4,10.1021/acs.est.7b02399,BAF,3.1398790864012365,2.819518457165461,1000f6946cc5198d,False
final_similarity70_0,similarity70_cluster_0,primary216,42,structure_context,BIO_6572,CMP_8e58943e0a19095fb6f4,10.1021/acs.est.7b02399,BAF,3.752816431188272,2.819518457165461,1000f6946cc5198d,False
final_similarity70_0,similarity70_cluster_0,primary216,42,structure_context,BIO_6580,CMP_5bc76544fcbe477197d1,10.1021/acs.est.7b02399,BAF,1.9493900066449128,3.1571126650481904,1000f6946cc5198d,False
final_similarity70_0,similarity70_cluster_0,primary216,42,structure_context,BIO_6581,CMP_5bc76544fcbe477197d1,10.1021/acs.est.7b02399,BAF,3.103803720955957,3.1571126650481904,1000f6946cc5198d,False
final_similarity70_0,similarity70_cluster_0,primary216,42,structure_context,BIO_6582,CMP_5bc76544fcbe477197d1,10.1021/acs.est.7b02399,BAF,3.3502480183341627,3.1571126650481904,1000f6946cc5198d,False
final_similarity70_0,similarity70_cluster_0,primary216,42,structure_context,BIO_6583,CMP_5bc76544fcbe477197d1,10.1021/acs.est.7b02399,BAF,3.505149978319906,3.1571126650481904,1000f6946cc5198d,False
final_similarity70_0,similarity70_cluster_0,primary216,42,structure_context,BIO_6584,CMP_5bc76544fcbe477197d1,10.1021/acs.est.7b02399,BAF,3.45484486000851,3.1571126650481904,1000f6946cc5198d,False
final_similarity70_0,similarity70_cluster_0,primary216,42,structure_context,BIO_6585,CMP_5bc76544fcbe477197d1,10.1021/acs.est.7b02399,BAF,3.8674674878590514,3.1571126650481904,1000f6946cc5198d,False
final_similarity70_0,similarity70_cluster_0,primary216,42,structure_context,BIO_6593,CMP_ba6c40d3726d16919ab2,10.1021/acs.est.7b02399,BAF,3.012837224705172,3.4447724073138635,1000f6946cc5198d,False
final_similarity70_0,similarity70_cluster_0,primary216,42,structure_context,BIO_6594,CMP_ba6c40d3726d16919ab2,10.1021/acs.est.7b02399,BAF,3.840733234611807,3.4447724073138635,1000f6946cc5198d,False
final_similarity70_0,similarity70_cluster_0,primary216,42,structure_context,BIO_6595,CMP_ba6c40d3726d16919ab2,10.1021/acs.est.7b02399,BAF,3.99563519459755,3.4447724073138635,1000f6946cc5198d,False
final_similarity70_0,similarity70_cluster_0,primary216,42,structure_context,BIO_6596,CMP_ba6c40d3726d16919ab2,10.1021/acs.est.7b02399,BAF,4.44870631990508,3.4447724073138635,1000f6946cc5198d,False
final_similarity70_0,similarity70_cluster_0,primary216,42,structure_context,BIO_6597,CMP_ba6c40d3726d16919ab2,10.1021/acs.est.7b02399,BAF,4.429752280002408,3.4447724073138635,1000f6946cc5198d,False
final_similarity70_0,similarity70_cluster_0,primary216,42,structure_context,BIO_6598,CMP_ba6c40d3726d16919ab2,10.1021/acs.est.7b02399,BAF,4.515476441382376,3.4447724073138635,1000f6946cc5198d,False
final_similarity70_0,similarity70_cluster_0,primary216,42,structure_context,BIO_6707,CMP_622f8f0fcc1502149461,10.1021/acs.est.7b02259,BAF,0.9500000000000002,0.7398048825993584,1000f6946cc5198d,False
final_similarity70_0,similarity70_cluster_0,primary216,42,structure_context,BIO_6708,CMP_622f8f0fcc1502149461,10.1021/acs.est.7b02259,BAF,0.37,0.6935757969658156,1000f6946cc5198d,False
final_similarity70_0,similarity70_cluster_0,primary216,42,structure_context,BIO_6709,CMP_1e0abf78953775c0134f,10.1021/acs.est.7b02259,BAF,0.56,1.2381748246416602,1000f6946cc5198d,False
final_similarity70_0,similarity70_cluster_0,primary216,42,structure_context,BIO_6710,CMP_1e0abf78953775c0134f,10.1021/acs.est.7b02259,BAF,0.0099999999999999,1.1701968397749272,1000f6946cc5198d,False
final_similarity70_0,similarity70_cluster_0,primary216,42,structure_context,BIO_6711,CMP_d645aa79f55e85d0da2e,10.1021/acs.est.7b02259,BAF,0.4900000000000001,1.8179657046133884,1000f6946cc5198d,False
final_similarity70_0,similarity70_cluster_0,primary216,42,structure_context,BIO_6712,CMP_d645aa79f55e85d0da2e,10.1021/acs.est.7b02259,BAF,-0.08,1.7287977527099123,1000f6946cc5198d,False
final_similarity70_0,similarity70_cluster_0,primary216,42,structure_context,BIO_6713,CMP_a97661d9260d026cb14f,10.1021/acs.est.7b02259,BAF,1.1000000000000003,2.209802896635706,1000f6946cc5198d,False
final_similarity70_0,similarity70_cluster_0,primary216,42,structure_context,BIO_6714,CMP_a97661d9260d026cb14f,10.1021/acs.est.7b02259,BAF,0.6100000000000001,2.1198048720171867,1000f6946cc5198d,False
final_similarity70_0,similarity70_cluster_0,primary216,42,structure_context,BIO_6715,CMP_a97661d9260d026cb14f,10.1021/acs.est.7b02259,BAF,-0.2700000000000001,1.836785118179341,1000f6946cc5198d,False
final_similarity70_0,similarity70_cluster_0,primary216,42,structure_context,BIO_6716,CMP_d156c7f61581a866704b,10.1021/acs.est.7b02259,BAF,1.93,2.5377504604376435,1000f6946cc5198d,False
final_similarity70_0,similarity70_cluster_0,primary216,42,structure_context,BIO_6717,CMP_d156c7f61581a866704b,10.1021/acs.est.7b02259,BAF,1.2400000000000002,2.4608854784998844,1000f6946cc5198d,False
final_similarity70_0,similarity70_cluster_0,primary216,42,structure_context,BIO_6718,CMP_d156c7f61581a866704b,10.1021/acs.est.7b02259,BAF,0.4599999999999999,2.249766672944028,1000f6946cc5198d,False
final_similarity70_0,similarity70_cluster_0,primary216,42,structure_context,BIO_6719,CMP_8e58943e0a19095fb6f4,10.1021/acs.est.7b02259,BAF,3.01,2.836104937849233,1000f6946cc5198d,False
final_similarity70_0,similarity70_cluster_0,primary216,42,structure_context,BIO_6720,CMP_8e58943e0a19095fb6f4,10.1021/acs.est.7b02259,BAF,2.42,2.760860461641545,1000f6946cc5198d,False
final_similarity70_0,similarity70_cluster_0,primary216,42,structure_context,BIO_6721,CMP_8e58943e0a19095fb6f4,10.1021/acs.est.7b02259,BAF,1.6800000000000002,2.600753476558947,1000f6946cc5198d,False
final_similarity70_0,similarity70_cluster_0,primary216,42,structure_context,BIO_6722,CMP_5bc76544fcbe477197d1,10.1021/acs.est.7b02259,BAF,3.9,3.114131207846658,1000f6946cc5198d,False
final_similarity70_0,similarity70_cluster_0,primary216,42,structure_context,BIO_6723,CMP_5bc76544fcbe477197d1,10.1021/acs.est.7b02259,BAF,3.390000000000001,3.042094192255841,1000f6946cc5198d,False
final_similarity70_0,similarity70_cluster_0,primary216,42,structure_context,BIO_6724,CMP_5bc76544fcbe477197d1,10.1021/acs.est.7b02259,BAF,2.64,2.8767804890844664,1000f6946cc5198d,False
final_similarity70_0,similarity70_cluster_0,primary216,42,structure_context,BIO_6725,CMP_ba6c40d3726d16919ab2,10.1021/acs.est.7b02259,BAF,4.430000000000001,3.394168198520773,1000f6946cc5198d,False
final_similarity70_0,similarity70_cluster_0,primary216,42,structure_context,BIO_6726,CMP_ba6c40d3726d16919ab2,10.1021/acs.est.7b02259,BAF,3.9100000000000006,3.288185154215336,1000f6946cc5198d,False
final_similarity70_0,similarity70_cluster_0,primary216,42,structure_context,BIO_6727,CMP_ba6c40d3726d16919ab2,10.1021/acs.est.7b02259,BAF,3.1700000000000004,3.1546994895802056,1000f6946cc5198d,False
final_similarity70_0,similarity70_cluster_0,primary216,42,structure_context,BIO_6728,CMP_812738d2ca27e93d42c8,10.1021/acs.est.7b02259,BAF,4.7700000000000005,3.6708949946532936,1000f6946cc5198d,False
final_similarity70_0,similarity70_cluster_0,primary216,42,structure_context,BIO_6729,CMP_812738d2ca27e93d42c8,10.1021/acs.est.7b02259,BAF,4.32,3.509962612227793,1000f6946cc5198d,False
final_similarity70_0,similarity70_cluster_0,primary216,42,structure_context,BIO_6730,CMP_812738d2ca27e93d42c8,10.1021/acs.est.7b02259,BAF,3.620000000000001,3.4034112383832333,1000f6946cc5198d,False
final_similarity70_0,similarity70_cluster_0,primary216,42,structure_context,BIO_5705,CMP_622f8f0fcc1502149461,10.1016/j.scitotenv.2016.05.215,BCF,2.15,1.2078223448437804,1000f6946cc5198d,False
final_similarity70_0,similarity70_cluster_0,primary216,42,structure_context,BIO_5706,CMP_622f8f0fcc1502149461,10.1016/j.scitotenv.2016.05.215,BCF,1.8,1.2078223448437804,1000f6946cc5198d,False
final_similarity70_0,similarity70_cluster_0,primary216,42,structure_context,BIO_5707,CMP_622f8f0fcc1502149461,10.1016/j.scitotenv.2016.05.215,BCF,0.44,0.638504895124987,1000f6946cc5198d,False
final_similarity70_0,similarity70_cluster_0,primary216,42,structure_context,BIO_5708,CMP_622f8f0fcc1502149461,10.1016/j.scitotenv.2016.05.215,BCF,1.05,0.638504895124987,1000f6946cc5198d,False
final_similarity70_0,similarity70_cluster_0,primary216,42,structure_context,BIO_5709,CMP_622f8f0fcc1502149461,10.1016/j.scitotenv.2016.05.215,BCF,1.06,1.5208042547985512,1000f6946cc5198d,False
final_similarity70_0,similarity70_cluster_0,primary216,42,structure_context,BIO_5710,CMP_622f8f0fcc1502149461,10.1016/j.scitotenv.2016.05.215,BCF,1.3,1.5208042547985512,1000f6946cc5198d,False
final_similarity70_0,similarity70_cluster_0,primary216,42,structure_context,BIO_5771,CMP_5bc76544fcbe477197d1,10.1016/j.scitotenv.2016.05.215,BCF,4.04,3.041036684394671,1000f6946cc5198d,False
final_similarity70_0,similarity70_cluster_0,primary216,42,structure_context,BIO_5772,CMP_5bc76544fcbe477197d1,10.1016/j.scitotenv.2016.05.215,BCF,4.36,3.041036684394671,1000f6946cc5198d,False
final_similarity70_0,similarity70_cluster_0,primary216,42,structure_context,BIO_5773,CMP_5bc76544fcbe477197d1,10.1016/j.scitotenv.2016.05.215,BCF,3.41,2.6819952542066368,1000f6946cc5198d,False
final_similarity70_0,similarity70_cluster_0,primary216,42,structure_context,BIO_5774,CMP_5bc76544fcbe477197d1,10.1016/j.scitotenv.2016.05.215,BCF,3.79,2.6819952542066368,1000f6946cc5198d,False
final_similarity70_0,similarity70_cluster_0,primary216,42,structure_context,BIO_5775,CMP_5bc76544fcbe477197d1,10.1016/j.scitotenv.2016.05.215,BCF,4.0,3.0929118562885307,1000f6946cc5198d,False
final_similarity70_0,similarity70_cluster_0,primary216,42,structure_context,BIO_5776,CMP_5bc76544fcbe477197d1,10.1016/j.scitotenv.2016.05.215,BCF,3.99,3.0929118562885307,1000f6946cc5198d,False
final_similarity70_0,similarity70_cluster_0,primary216,42,structure_context,BIO_5862,CMP_812738d2ca27e93d42c8,10.1016/j.scitotenv.2016.05.215,BCF,4.95,3.4750394165161174,1000f6946cc5198d,False
final_similarity70_0,similarity70_cluster_0,primary216,42,structure_context,BIO_5863,CMP_812738d2ca27e93d42c8,10.1016/j.scitotenv.2016.05.215,BCF,4.66,3.4750394165161174,1000f6946cc5198d,False
final_similarity70_0,similarity70_cluster_0,primary216,42,structure_context,BIO_5864,CMP_812738d2ca27e93d42c8,10.1016/j.scitotenv.2016.05.215,BCF,3.77,3.141046750102177,1000f6946cc5198d,False
final_similarity70_0,similarity70_cluster_0,primary216,42,structure_context,BIO_5865,CMP_812738d2ca27e93d42c8,10.1016/j.scitotenv.2016.05.215,BCF,3.66,3.141046750102177,1000f6946cc5198d,False
final_similarity70_0,similarity70_cluster_0,primary216,42,structure_context,BIO_5866,CMP_812738d2ca27e93d42c8,10.1016/j.scitotenv.2016.05.215,BCF,4.33,3.519493621751807,1000f6946cc5198d,False
final_similarity70_0,similarity70_cluster_0,primary216,42,structure_context,BIO_5867,CMP_812738d2ca27e93d42c8,10.1016/j.scitotenv.2016.05.215,BCF,3.65,3.519493621751807,1000f6946cc5198d,False
final_similarity70_0,similarity70_cluster_0,primary216,42,structure_context,BIO_5944,CMP_d645aa79f55e85d0da2e,10.1016/j.scitotenv.2016.05.215,BCF,1.73,1.9870220158854333,1000f6946cc5198d,False
final_similarity70_0,similarity70_cluster_0,primary216,42,structure_context,BIO_5945,CMP_d645aa79f55e85d0da2e,10.1016/j.scitotenv.2016.05.215,BCF,1.7,1.9870220158854333,1000f6946cc5198d,False
final_similarity70_0,similarity70_cluster_0,primary216,42,structure_context,BIO_5946,CMP_d645aa79f55e85d0da2e,10.1016/j.scitotenv.2016.05.215,BCF,0.75,1.455719258034283,1000f6946cc5198d,False
final_similarity70_0,similarity70_cluster_0,primary216,42,structure_context,BIO_5947,CMP_d645aa79f55e85d0da2e,10.1016/j.scitotenv.2016.05.215,BCF,0.67,1.455719258034283,1000f6946cc5198d,False
final_similarity70_0,similarity70_cluster_0,primary216,42,structure_context,BIO_5948,CMP_d645aa79f55e85d0da2e,10.1016/j.scitotenv.2016.05.215,BCF,1.02,2.152565582129221,1000f6946cc5198d,False
final_similarity70_0,similarity70_cluster_0,primary216,42,structure_context,BIO_5949,CMP_d645aa79f55e85d0da2e,10.1016/j.scitotenv.2016.05.215,BCF,1.06,2.152565582129221,1000f6946cc5198d,False
final_similarity70_0,similarity70_cluster_0,primary216,42,structure_context,BIO_6077,CMP_8e58943e0a19095fb6f4,10.1016/j.scitotenv.2016.05.215,BCF,3.18,2.749037918913592,1000f6946cc5198d,False
final_similarity70_0,similarity70_cluster_0,primary216,42,structure_context,BIO_6078,CMP_8e58943e0a19095fb6f4,10.1016/j.scitotenv.2016.05.215,BCF,3.45,2.749037918913592,1000f6946cc5198d,False
final_similarity70_0,similarity70_cluster_0,primary216,42,structure_context,BIO_6079,CMP_8e58943e0a19095fb6f4,10.1016/j.scitotenv.2016.05.215,BCF,2.64,2.3122861094149134,1000f6946cc5198d,False
final_similarity70_0,similarity70_cluster_0,primary216,42,structure_context,BIO_6080,CMP_8e58943e0a19095fb6f4,10.1016/j.scitotenv.2016.05.215,BCF,2.85,2.3122861094149134,1000f6946cc5198d,False
final_similarity70_0,similarity70_cluster_0,primary216,42,structure_context,BIO_6081,CMP_8e58943e0a19095fb6f4,10.1016/j.scitotenv.2016.05.215,BCF,3.33,2.8727632422902327,1000f6946cc5198d,False
final_similarity70_0,similarity70_cluster_0,primary216,42,structure_context,BIO_6082,CMP_8e58943e0a19095fb6f4,10.1016/j.scitotenv.2016.05.215,BCF,3.37,2.8727632422902327,1000f6946cc5198d,False
final_similarity70_0,similarity70_cluster_0,primary216,42,structure_context,BIO_6177,CMP_d156c7f61581a866704b,10.1016/j.scitotenv.2016.05.215,BCF,2.39,2.403821215732536,1000f6946cc5198d,False
final_similarity70_0,similarity70_cluster_0,primary216,42,structure_context,BIO_6178,CMP_d156c7f61581a866704b,10.1016/j.scitotenv.2016.05.215,BCF,2.43,2.403821215732536,1000f6946cc5198d,False
final_similarity70_0,similarity70_cluster_0,primary216,42,structure_context,BIO_6179,CMP_d156c7f61581a866704b,10.1016/j.scitotenv.2016.05.215,BCF,1.52,2.030408657726092,1000f6946cc5198d,False
final_similarity70_0,similarity70_cluster_0,primary216,42,structure_context,BIO_6181,CMP_d156c7f61581a866704b,10.1016/j.scitotenv.2016.05.215,BCF,2.24,2.584716633222592,1000f6946cc5198d,False
final_similarity70_0,similarity70_cluster_0,primary216,42,structure_context,BIO_6182,CMP_d156c7f61581a866704b,10.1016/j.scitotenv.2016.05.215,BCF,2.02,2.584716633222592,1000f6946cc5198d,False
final_similarity70_0,similarity70_cluster_0,primary216,42,structure_context,BIO_6460,CMP_3626e8f507f7fd0a557c,10.1016/j.scitotenv.2016.05.215,BCF,5.56,3.838464112975826,1000f6946cc5198d,False
final_similarity70_0,similarity70_cluster_0,primary216,42,structure_context,BIO_6461,CMP_3626e8f507f7fd0a557c,10.1016/j.scitotenv.2016.05.215,BCF,4.74,3.838464112975826,1000f6946cc5198d,False
final_similarity70_0,similarity70_cluster_0,primary216,42,structure_context,BIO_6462,CMP_3626e8f507f7fd0a557c,10.1016/j.scitotenv.2016.05.215,BCF,5.22,3.4864755805881664,1000f6946cc5198d,False
final_similarity70_0,similarity70_cluster_0,primary216,42,structure_context,BIO_6463,CMP_3626e8f507f7fd0a557c,10.1016/j.scitotenv.2016.05.215,BCF,4.52,3.4864755805881664,1000f6946cc5198d,False
final_similarity70_0,similarity70_cluster_0,primary216,42,structure_context,BIO_6464,CMP_3626e8f507f7fd0a557c,10.1016/j.scitotenv.2016.05.215,BCF,5.5,3.87259874790792,1000f6946cc5198d,False
final_similarity70_0,similarity70_cluster_0,primary216,42,structure_context,BIO_6465,CMP_3626e8f507f7fd0a557c,10.1016/j.scitotenv.2016.05.215,BCF,4.34,3.87259874790792,1000f6946cc5198d,False
final_similarity70_0,similarity70_cluster_0,primary216,42,structure_context,BIO_6472,CMP_277ba9982a59f21d5d1a,10.1016/j.scitotenv.2016.05.215,BCF,5.02,3.677931958388752,1000f6946cc5198d,False
final_similarity70_0,similarity70_cluster_0,primary216,42,structure_context,BIO_6473,CMP_277ba9982a59f21d5d1a,10.1016/j.scitotenv.2016.05.215,BCF,4.45,3.677931958388752,1000f6946cc5198d,False
final_similarity70_0,similarity70_cluster_0,primary216,42,structure_context,BIO_6474,CMP_277ba9982a59f21d5d1a,10.1016/j.scitotenv.2016.05.215,BCF,4.28,3.328662497171773,1000f6946cc5198d,False
final_similarity70_0,similarity70_cluster_0,primary216,42,structure_context,BIO_6475,CMP_277ba9982a59f21d5d1a,10.1016/j.scitotenv.2016.05.215,BCF,3.91,3.328662497171773,1000f6946cc5198d,False
final_similarity70_0,similarity70_cluster_0,primary216,42,structure_context,BIO_6476,CMP_277ba9982a59f21d5d1a,10.1016/j.scitotenv.2016.05.215,BCF,4.84,3.714526788485392,1000f6946cc5198d,False
final_similarity70_0,similarity70_cluster_0,primary216,42,structure_context,BIO_6477,CMP_277ba9982a59f21d5d1a,10.1016/j.scitotenv.2016.05.215,BCF,3.91,3.714526788485392,1000f6946cc5198d,False
final_similarity70_0,similarity70_cluster_0,primary216,42,structure_context,BIO_6495,CMP_ba6c40d3726d16919ab2,10.1016/j.scitotenv.2016.05.215,BCF,4.14,3.261060553336049,1000f6946cc5198d,False
final_similarity70_0,similarity70_cluster_0,primary216,42,structure_context,BIO_6497,CMP_ba6c40d3726d16919ab2,10.1016/j.scitotenv.2016.05.215,BCF,3.64,2.9670188283444947,1000f6946cc5198d,False
final_similarity70_0,similarity70_cluster_0,primary216,42,structure_context,BIO_6498,CMP_ba6c40d3726d16919ab2,10.1016/j.scitotenv.2016.05.215,BCF,3.63,2.9670188283444947,1000f6946cc5198d,False
final_similarity70_0,similarity70_cluster_0,primary216,42,structure_context,BIO_6499,CMP_ba6c40d3726d16919ab2,10.1016/j.scitotenv.2016.05.215,BCF,4.31,3.2972265245515304,1000f6946cc5198d,False
final_similarity70_0,similarity70_cluster_0,primary216,42,structure_context,BIO_6500,CMP_ba6c40d3726d16919ab2,10.1016/j.scitotenv.2016.05.215,BCF,3.81,3.2972265245515304,1000f6946cc5198d,False
final_similarity70_0,similarity70_cluster_0,primary216,42,transport_context,BIO_5789,CMP_5bc76544fcbe477197d1,10.1021/acs.est.6b01197,BAF,4.170000000000001,3.982607895641888,1000f6946cc5198d,False
final_similarity70_0,similarity70_cluster_0,primary216,42,transport_context,BIO_5790,CMP_5bc76544fcbe477197d1,10.1021/acs.est.6b01197,BAF,1.84,4.239827796577321,1000f6946cc5198d,False
final_similarity70_0,similarity70_cluster_0,primary216,42,transport_context,BIO_5791,CMP_5bc76544fcbe477197d1,10.1021/acs.est.6b01197,BAF,4.03,3.97190287778382,1000f6946cc5198d,False
final_similarity70_0,similarity70_cluster_0,primary216,42,transport_context,BIO_5907,CMP_a97661d9260d026cb14f,10.1021/acs.est.6b01197,BAF,1.98,4.123683537665194,1000f6946cc5198d,False
final_similarity70_0,similarity70_cluster_0,primary216,42,transport_context,BIO_5908,CMP_a97661d9260d026cb14f,10.1021/acs.est.6b01197,BAF,2.01,4.1048964323186885,1000f6946cc5198d,False
final_similarity70_0,similarity70_cluster_0,primary216,42,transport_context,BIO_6095,CMP_8e58943e0a19095fb6f4,10.1021/acs.est.6b01197,BAF,3.5800000000000005,3.916688752059465,1000f6946cc5198d,False
final_similarity70_0,similarity70_cluster_0,primary216,42,transport_context,BIO_6096,CMP_8e58943e0a19095fb6f4,10.1021/acs.est.6b01197,BAF,3.3500000000000005,4.068458507916775,1000f6946cc5198d,False
final_similarity70_0,similarity70_cluster_0,primary216,42,transport_context,BIO_6195,CMP_d156c7f61581a866704b,10.1021/acs.est.6b01197,BAF,2.34,4.079459021720408,1000f6946cc5198d,False
final_similarity70_0,similarity70_cluster_0,primary216,42,transport_context,BIO_6196,CMP_d156c7f61581a866704b,10.1021/acs.est.6b01197,BAF,2.3000000000000003,3.284871293933457,1000f6946cc5198d,False
final_similarity70_0,similarity70_cluster_0,primary216,42,transport_context,BIO_6197,CMP_d156c7f61581a866704b,10.1021/acs.est.6b01197,BAF,2.5200000000000005,4.123022865643082,1000f6946cc5198d,False
final_similarity70_0,similarity70_cluster_0,primary216,42,transport_context,BIO_6251,CMP_d156c7f61581a866704b,10.1021/acs.est.9b04906,BAF,0.9405164849325672,4.005610540183225,1000f6946cc5198d,False
final_similarity70_0,similarity70_cluster_0,primary216,42,transport_context,BIO_6506,CMP_ba6c40d3726d16919ab2,10.1021/acs.est.6b01197,BAF,5.340000000000001,3.737944995813979,1000f6946cc5198d,False
final_similarity70_0,similarity70_cluster_0,primary216,42,transport_context,BIO_6507,CMP_ba6c40d3726d16919ab2,10.1021/acs.est.6b01197,BAF,5.200000000000001,3.733691665322071,1000f6946cc5198d,False
final_similarity70_0,similarity70_cluster_0,primary216,42,transport_context,BIO_6558,CMP_d156c7f61581a866704b,10.1021/acs.est.7b02399,BAF,1.3010299956639813,3.907156398304969,1000f6946cc5198d,False
final_similarity70_0,similarity70_cluster_0,primary216,42,transport_context,BIO_6559,CMP_d156c7f61581a866704b,10.1021/acs.est.7b02399,BAF,2.5538830266438746,3.5478627243180845,1000f6946cc5198d,False
final_similarity70_0,similarity70_cluster_0,primary216,42,transport_context,BIO_6560,CMP_d156c7f61581a866704b,10.1021/acs.est.7b02399,BAF,2.03342375548695,3.995722796014804,1000f6946cc5198d,False
final_similarity70_0,similarity70_cluster_0,primary216,42,transport_context,BIO_6561,CMP_d156c7f61581a866704b,10.1021/acs.est.7b02399,BAF,3.096910013008056,3.9093689210908256,1000f6946cc5198d,False
final_similarity70_0,similarity70_cluster_0,primary216,42,transport_context,BIO_6562,CMP_d156c7f61581a866704b,10.1021/acs.est.7b02399,BAF,2.576341350205793,3.3964101093600894,1000f6946cc5198d,False
final_similarity70_0,similarity70_cluster_0,primary216,42,transport_context,BIO_6563,CMP_d156c7f61581a866704b,10.1021/acs.est.7b02399,BAF,2.660865478003869,3.3459424649253573,1000f6946cc5198d,False
final_similarity70_0,similarity70_cluster_0,primary216,42,transport_context,BIO_6567,CMP_8e58943e0a19095fb6f4,10.1021/acs.est.7b02399,BAF,1.6812412373755872,4.1613927905023775,1000f6946cc5198d,False
final_similarity70_0,similarity70_cluster_0,primary216,42,transport_context,BIO_6568,CMP_8e58943e0a19095fb6f4,10.1021/acs.est.7b02399,BAF,2.6503075231319366,4.454118399446272,1000f6946cc5198d,False
final_similarity70_0,similarity70_cluster_0,primary216,42,transport_context,BIO_6569,CMP_8e58943e0a19095fb6f4,10.1021/acs.est.7b02399,BAF,2.7860412102425545,4.515042630170876,1000f6946cc5198d,False
final_similarity70_0,similarity70_cluster_0,primary216,42,transport_context,BIO_6570,CMP_8e58943e0a19095fb6f4,10.1021/acs.est.7b02399,BAF,3.318063334962761,4.473789010332292,1000f6946cc5198d,False
final_similarity70_0,similarity70_cluster_0,primary216,42,transport_context,BIO_6571,CMP_8e58943e0a19095fb6f4,10.1021/acs.est.7b02399,BAF,3.1398790864012365,4.427447840029742,1000f6946cc5198d,False
final_similarity70_0,similarity70_cluster_0,primary216,42,transport_context,BIO_6572,CMP_8e58943e0a19095fb6f4,10.1021/acs.est.7b02399,BAF,3.752816431188272,4.347102517283161,1000f6946cc5198d,False
final_similarity70_0,similarity70_cluster_0,primary216,42,transport_context,BIO_6580,CMP_5bc76544fcbe477197d1,10.1021/acs.est.7b02399,BAF,1.9493900066449128,4.499955002344716,1000f6946cc5198d,False
final_similarity70_0,similarity70_cluster_0,primary216,42,transport_context,BIO_6581,CMP_5bc76544fcbe477197d1,10.1021/acs.est.7b02399,BAF,3.103803720955957,4.725779266769379,1000f6946cc5198d,False
final_similarity70_0,similarity70_cluster_0,primary216,42,transport_context,BIO_6582,CMP_5bc76544fcbe477197d1,10.1021/acs.est.7b02399,BAF,3.3502480183341627,4.724945590445244,1000f6946cc5198d,False
final_similarity70_0,similarity70_cluster_0,primary216,42,transport_context,BIO_6583,CMP_5bc76544fcbe477197d1,10.1021/acs.est.7b02399,BAF,3.505149978319906,4.640781871078273,1000f6946cc5198d,False
final_similarity70_0,similarity70_cluster_0,primary216,42,transport_context,BIO_6584,CMP_5bc76544fcbe477197d1,10.1021/acs.est.7b02399,BAF,3.45484486000851,4.640117999299813,1000f6946cc5198d,False
final_similarity70_0,similarity70_cluster_0,primary216,42,transport_context,BIO_6585,CMP_5bc76544fcbe477197d1,10.1021/acs.est.7b02399,BAF,3.8674674878590514,4.704693555871546,1000f6946cc5198d,False
final_similarity70_0,similarity70_cluster_0,primary216,42,transport_context,BIO_6593,CMP_ba6c40d3726d16919ab2,10.1021/acs.est.7b02399,BAF,3.012837224705172,4.655313362611593,1000f6946cc5198d,False
final_similarity70_0,similarity70_cluster_0,primary216,42,transport_context,BIO_6594,CMP_ba6c40d3726d16919ab2,10.1021/acs.est.7b02399,BAF,3.840733234611807,4.813105898689097,1000f6946cc5198d,False
final_similarity70_0,similarity70_cluster_0,primary216,42,transport_context,BIO_6595,CMP_ba6c40d3726d16919ab2,10.1021/acs.est.7b02399,BAF,3.99563519459755,4.660904299987032,1000f6946cc5198d,False
final_similarity70_0,similarity70_cluster_0,primary216,42,transport_context,BIO_6596,CMP_ba6c40d3726d16919ab2,10.1021/acs.est.7b02399,BAF,4.44870631990508,4.777252224944062,1000f6946cc5198d,False
final_similarity70_0,similarity70_cluster_0,primary216,42,transport_context,BIO_6597,CMP_ba6c40d3726d16919ab2,10.1021/acs.est.7b02399,BAF,4.429752280002408,4.756469465734744,1000f6946cc5198d,False
final_similarity70_0,similarity70_cluster_0,primary216,42,transport_context,BIO_6598,CMP_ba6c40d3726d16919ab2,10.1021/acs.est.7b02399,BAF,4.515476441382376,4.714715938331397,1000f6946cc5198d,False
final_similarity70_0,similarity70_cluster_0,primary216,42,transport_context,BIO_6707,CMP_622f8f0fcc1502149461,10.1021/acs.est.7b02259,BAF,0.9500000000000002,0.8594486808584016,1000f6946cc5198d,False
final_similarity70_0,similarity70_cluster_0,primary216,42,transport_context,BIO_6708,CMP_622f8f0fcc1502149461,10.1021/acs.est.7b02259,BAF,0.37,0.5998697828537503,1000f6946cc5198d,False
final_similarity70_0,similarity70_cluster_0,primary216,42,transport_context,BIO_6709,CMP_1e0abf78953775c0134f,10.1021/acs.est.7b02259,BAF,0.56,2.069587336692815,1000f6946cc5198d,False
final_similarity70_0,similarity70_cluster_0,primary216,42,transport_context,BIO_6710,CMP_1e0abf78953775c0134f,10.1021/acs.est.7b02259,BAF,0.0099999999999999,1.510993879500779,1000f6946cc5198d,False
final_similarity70_0,similarity70_cluster_0,primary216,42,transport_context,BIO_6711,CMP_d645aa79f55e85d0da2e,10.1021/acs.est.7b02259,BAF,0.4900000000000001,3.6313819646046617,1000f6946cc5198d,False
final_similarity70_0,similarity70_cluster_0,primary216,42,transport_context,BIO_6712,CMP_d645aa79f55e85d0da2e,10.1021/acs.est.7b02259,BAF,-0.08,2.381867650785461,1000f6946cc5198d,False
final_similarity70_0,similarity70_cluster_0,primary216,42,transport_context,BIO_6713,CMP_a97661d9260d026cb14f,10.1021/acs.est.7b02259,BAF,1.1000000000000003,4.197423196420909,1000f6946cc5198d,False
final_similarity70_0,similarity70_cluster_0,primary216,42,transport_context,BIO_6714,CMP_a97661d9260d026cb14f,10.1021/acs.est.7b02259,BAF,0.6100000000000001,3.217283151226196,1000f6946cc5198d,False
final_similarity70_0,similarity70_cluster_0,primary216,42,transport_context,BIO_6715,CMP_a97661d9260d026cb14f,10.1021/acs.est.7b02259,BAF,-0.2700000000000001,2.593563530845607,1000f6946cc5198d,False
final_similarity70_0,similarity70_cluster_0,primary216,42,transport_context,BIO_6716,CMP_d156c7f61581a866704b,10.1021/acs.est.7b02259,BAF,1.93,4.395081217262184,1000f6946cc5198d,False
final_similarity70_0,similarity70_cluster_0,primary216,42,transport_context,BIO_6717,CMP_d156c7f61581a866704b,10.1021/acs.est.7b02259,BAF,1.2400000000000002,3.644282768658944,1000f6946cc5198d,False
final_similarity70_0,similarity70_cluster_0,primary216,42,transport_context,BIO_6718,CMP_d156c7f61581a866704b,10.1021/acs.est.7b02259,BAF,0.4599999999999999,2.8182722297314537,1000f6946cc5198d,False
final_similarity70_0,similarity70_cluster_0,primary216,42,transport_context,BIO_6719,CMP_8e58943e0a19095fb6f4,10.1021/acs.est.7b02259,BAF,3.01,4.778345236860458,1000f6946cc5198d,False
final_similarity70_0,similarity70_cluster_0,primary216,42,transport_context,BIO_6720,CMP_8e58943e0a19095fb6f4,10.1021/acs.est.7b02259,BAF,2.42,4.356223811076375,1000f6946cc5198d,False
final_similarity70_0,similarity70_cluster_0,primary216,42,transport_context,BIO_6721,CMP_8e58943e0a19095fb6f4,10.1021/acs.est.7b02259,BAF,1.6800000000000002,3.5284527693121386,1000f6946cc5198d,False
final_similarity70_0,similarity70_cluster_0,primary216,42,transport_context,BIO_6722,CMP_5bc76544fcbe477197d1,10.1021/acs.est.7b02259,BAF,3.9,4.825237386566975,1000f6946cc5198d,False
final_similarity70_0,similarity70_cluster_0,primary216,42,transport_context,BIO_6723,CMP_5bc76544fcbe477197d1,10.1021/acs.est.7b02259,BAF,3.390000000000001,4.47581784225123,1000f6946cc5198d,False
final_similarity70_0,similarity70_cluster_0,primary216,42,transport_context,BIO_6724,CMP_5bc76544fcbe477197d1,10.1021/acs.est.7b02259,BAF,2.64,3.9754962973607086,1000f6946cc5198d,False
final_similarity70_0,similarity70_cluster_0,primary216,42,transport_context,BIO_6725,CMP_ba6c40d3726d16919ab2,10.1021/acs.est.7b02259,BAF,4.430000000000001,4.864793582260726,1000f6946cc5198d,False
final_similarity70_0,similarity70_cluster_0,primary216,42,transport_context,BIO_6726,CMP_ba6c40d3726d16919ab2,10.1021/acs.est.7b02259,BAF,3.9100000000000006,4.550520907258402,1000f6946cc5198d,False
final_similarity70_0,similarity70_cluster_0,primary216,42,transport_context,BIO_6727,CMP_ba6c40d3726d16919ab2,10.1021/acs.est.7b02259,BAF,3.1700000000000004,4.165022929613292,1000f6946cc5198d,False
final_similarity70_0,similarity70_cluster_0,primary216,42,transport_context,BIO_6728,CMP_812738d2ca27e93d42c8,10.1021/acs.est.7b02259,BAF,4.7700000000000005,5.109447946816236,1000f6946cc5198d,False
final_similarity70_0,similarity70_cluster_0,primary216,42,transport_context,BIO_6729,CMP_812738d2ca27e93d42c8,10.1021/acs.est.7b02259,BAF,4.32,4.759850520899954,1000f6946cc5198d,False
final_similarity70_0,similarity70_cluster_0,primary216,42,transport_context,BIO_6730,CMP_812738d2ca27e93d42c8,10.1021/acs.est.7b02259,BAF,3.620000000000001,4.484776725110527,1000f6946cc5198d,False
final_similarity70_0,similarity70_cluster_0,primary216,42,transport_context,BIO_5705,CMP_622f8f0fcc1502149461,10.1016/j.scitotenv.2016.05.215,BCF,2.15,2.840908669787387,1000f6946cc5198d,False
final_similarity70_0,similarity70_cluster_0,primary216,42,transport_context,BIO_5706,CMP_622f8f0fcc1502149461,10.1016/j.scitotenv.2016.05.215,BCF,1.8,2.717361896640948,1000f6946cc5198d,False
final_similarity70_0,similarity70_cluster_0,primary216,42,transport_context,BIO_5707,CMP_622f8f0fcc1502149461,10.1016/j.scitotenv.2016.05.215,BCF,0.44,1.7588892544065955,1000f6946cc5198d,False
final_similarity70_0,similarity70_cluster_0,primary216,42,transport_context,BIO_5708,CMP_622f8f0fcc1502149461,10.1016/j.scitotenv.2016.05.215,BCF,1.05,1.7559965442284264,1000f6946cc5198d,False
final_similarity70_0,similarity70_cluster_0,primary216,42,transport_context,BIO_5709,CMP_622f8f0fcc1502149461,10.1016/j.scitotenv.2016.05.215,BCF,1.06,2.925058869417497,1000f6946cc5198d,False
final_similarity70_0,similarity70_cluster_0,primary216,42,transport_context,BIO_5710,CMP_622f8f0fcc1502149461,10.1016/j.scitotenv.2016.05.215,BCF,1.3,3.045031363811436,1000f6946cc5198d,False
final_similarity70_0,similarity70_cluster_0,primary216,42,transport_context,BIO_5771,CMP_5bc76544fcbe477197d1,10.1016/j.scitotenv.2016.05.215,BCF,4.04,3.116360107149482,1000f6946cc5198d,False
final_similarity70_0,similarity70_cluster_0,primary216,42,transport_context,BIO_5772,CMP_5bc76544fcbe477197d1,10.1016/j.scitotenv.2016.05.215,BCF,4.36,3.0493266646274,1000f6946cc5198d,False
final_similarity70_0,similarity70_cluster_0,primary216,42,transport_context,BIO_5773,CMP_5bc76544fcbe477197d1,10.1016/j.scitotenv.2016.05.215,BCF,3.41,2.462665723018645,1000f6946cc5198d,False
final_similarity70_0,similarity70_cluster_0,primary216,42,transport_context,BIO_5774,CMP_5bc76544fcbe477197d1,10.1016/j.scitotenv.2016.05.215,BCF,3.79,2.500640633982309,1000f6946cc5198d,False
final_similarity70_0,similarity70_cluster_0,primary216,42,transport_context,BIO_5775,CMP_5bc76544fcbe477197d1,10.1016/j.scitotenv.2016.05.215,BCF,4.0,3.235144031077646,1000f6946cc5198d,False
final_similarity70_0,similarity70_cluster_0,primary216,42,transport_context,BIO_5776,CMP_5bc76544fcbe477197d1,10.1016/j.scitotenv.2016.05.215,BCF,3.99,3.36262436620264,1000f6946cc5198d,False
final_similarity70_0,similarity70_cluster_0,primary216,42,transport_context,BIO_5862,CMP_812738d2ca27e93d42c8,10.1016/j.scitotenv.2016.05.215,BCF,4.95,3.0858374582465,1000f6946cc5198d,False
final_similarity70_0,similarity70_cluster_0,primary216,42,transport_context,BIO_5863,CMP_812738d2ca27e93d42c8,10.1016/j.scitotenv.2016.05.215,BCF,4.66,3.1103180481218,1000f6946cc5198d,False
final_similarity70_0,similarity70_cluster_0,primary216,42,transport_context,BIO_5864,CMP_812738d2ca27e93d42c8,10.1016/j.scitotenv.2016.05.215,BCF,3.77,2.530860178590165,1000f6946cc5198d,False
final_similarity70_0,similarity70_cluster_0,primary216,42,transport_context,BIO_5865,CMP_812738d2ca27e93d42c8,10.1016/j.scitotenv.2016.05.215,BCF,3.66,2.605024116231493,1000f6946cc5198d,False
final_similarity70_0,similarity70_cluster_0,primary216,42,transport_context,BIO_5866,CMP_812738d2ca27e93d42c8,10.1016/j.scitotenv.2016.05.215,BCF,4.33,3.3771678063162907,1000f6946cc5198d,False
final_similarity70_0,similarity70_cluster_0,primary216,42,transport_context,BIO_5867,CMP_812738d2ca27e93d42c8,10.1016/j.scitotenv.2016.05.215,BCF,3.65,3.3037301839451274,1000f6946cc5198d,False
final_similarity70_0,similarity70_cluster_0,primary216,42,transport_context,BIO_5944,CMP_d645aa79f55e85d0da2e,10.1016/j.scitotenv.2016.05.215,BCF,1.73,3.053407836133061,1000f6946cc5198d,False
final_similarity70_0,similarity70_cluster_0,primary216,42,transport_context,BIO_5945,CMP_d645aa79f55e85d0da2e,10.1016/j.scitotenv.2016.05.215,BCF,1.7,3.076306084619257,1000f6946cc5198d,False
final_similarity70_0,similarity70_cluster_0,primary216,42,transport_context,BIO_5946,CMP_d645aa79f55e85d0da2e,10.1016/j.scitotenv.2016.05.215,BCF,0.75,2.0229432172177946,1000f6946cc5198d,False
final_similarity70_0,similarity70_cluster_0,primary216,42,transport_context,BIO_5947,CMP_d645aa79f55e85d0da2e,10.1016/j.scitotenv.2016.05.215,BCF,0.67,2.019439660072366,1000f6946cc5198d,False
final_similarity70_0,similarity70_cluster_0,primary216,42,transport_context,BIO_5948,CMP_d645aa79f55e85d0da2e,10.1016/j.scitotenv.2016.05.215,BCF,1.02,3.0960973299095578,1000f6946cc5198d,False
final_similarity70_0,similarity70_cluster_0,primary216,42,transport_context,BIO_5949,CMP_d645aa79f55e85d0da2e,10.1016/j.scitotenv.2016.05.215,BCF,1.06,3.1526984077130606,1000f6946cc5198d,False
final_similarity70_0,similarity70_cluster_0,primary216,42,transport_context,BIO_6077,CMP_8e58943e0a19095fb6f4,10.1016/j.scitotenv.2016.05.215,BCF,3.18,3.0711438438561025,1000f6946cc5198d,False
final_similarity70_0,similarity70_cluster_0,primary216,42,transport_context,BIO_6078,CMP_8e58943e0a19095fb6f4,10.1016/j.scitotenv.2016.05.215,BCF,3.45,3.0517235050189435,1000f6946cc5198d,False
final_similarity70_0,similarity70_cluster_0,primary216,42,transport_context,BIO_6079,CMP_8e58943e0a19095fb6f4,10.1016/j.scitotenv.2016.05.215,BCF,2.64,2.348671405946116,1000f6946cc5198d,False
final_similarity70_0,similarity70_cluster_0,primary216,42,transport_context,BIO_6080,CMP_8e58943e0a19095fb6f4,10.1016/j.scitotenv.2016.05.215,BCF,2.85,2.2435204718206863,1000f6946cc5198d,False
final_similarity70_0,similarity70_cluster_0,primary216,42,transport_context,BIO_6081,CMP_8e58943e0a19095fb6f4,10.1016/j.scitotenv.2016.05.215,BCF,3.33,3.175273770590424,1000f6946cc5198d,False
final_similarity70_0,similarity70_cluster_0,primary216,42,transport_context,BIO_6082,CMP_8e58943e0a19095fb6f4,10.1016/j.scitotenv.2016.05.215,BCF,3.37,3.186073221922256,1000f6946cc5198d,False
final_similarity70_0,similarity70_cluster_0,primary216,42,transport_context,BIO_6177,CMP_d156c7f61581a866704b,10.1016/j.scitotenv.2016.05.215,BCF,2.39,3.105729056187577,1000f6946cc5198d,False
final_similarity70_0,similarity70_cluster_0,primary216,42,transport_context,BIO_6178,CMP_d156c7f61581a866704b,10.1016/j.scitotenv.2016.05.215,BCF,2.43,3.0580631295739145,1000f6946cc5198d,False
final_similarity70_0,similarity70_cluster_0,primary216,42,transport_context,BIO_6179,CMP_d156c7f61581a866704b,10.1016/j.scitotenv.2016.05.215,BCF,1.52,2.0228681027948507,1000f6946cc5198d,False
final_similarity70_0,similarity70_cluster_0,primary216,42,transport_context,BIO_6181,CMP_d156c7f61581a866704b,10.1016/j.scitotenv.2016.05.215,BCF,2.24,3.213353754435584,1000f6946cc5198d,False
final_similarity70_0,similarity70_cluster_0,primary216,42,transport_context,BIO_6182,CMP_d156c7f61581a866704b,10.1016/j.scitotenv.2016.05.215,BCF,2.02,3.1701608057618267,1000f6946cc5198d,False
final_similarity70_0,similarity70_cluster_0,primary216,42,transport_context,BIO_6460,CMP_3626e8f507f7fd0a557c,10.1016/j.scitotenv.2016.05.215,BCF,5.56,3.05522307861706,1000f6946cc5198d,False
final_similarity70_0,similarity70_cluster_0,primary216,42,transport_context,BIO_6461,CMP_3626e8f507f7fd0a557c,10.1016/j.scitotenv.2016.05.215,BCF,4.74,2.9704277080298382,1000f6946cc5198d,False
final_similarity70_0,similarity70_cluster_0,primary216,42,transport_context,BIO_6462,CMP_3626e8f507f7fd0a557c,10.1016/j.scitotenv.2016.05.215,BCF,5.22,2.595109694517179,1000f6946cc5198d,False
final_similarity70_0,similarity70_cluster_0,primary216,42,transport_context,BIO_6463,CMP_3626e8f507f7fd0a557c,10.1016/j.scitotenv.2016.05.215,BCF,4.52,2.528688408621747,1000f6946cc5198d,False
final_similarity70_0,similarity70_cluster_0,primary216,42,transport_context,BIO_6464,CMP_3626e8f507f7fd0a557c,10.1016/j.scitotenv.2016.05.215,BCF,5.5,3.396536140761829,1000f6946cc5198d,False
final_similarity70_0,similarity70_cluster_0,primary216,42,transport_context,BIO_6465,CMP_3626e8f507f7fd0a557c,10.1016/j.scitotenv.2016.05.215,BCF,4.34,3.291712203688969,1000f6946cc5198d,False
final_similarity70_0,similarity70_cluster_0,primary216,42,transport_context,BIO_6472,CMP_277ba9982a59f21d5d1a,10.1016/j.scitotenv.2016.05.215,BCF,5.02,3.0235560602527243,1000f6946cc5198d,False
final_similarity70_0,similarity70_cluster_0,primary216,42,transport_context,BIO_6473,CMP_277ba9982a59f21d5d1a,10.1016/j.scitotenv.2016.05.215,BCF,4.45,2.939463703912349,1000f6946cc5198d,False
final_similarity70_0,similarity70_cluster_0,primary216,42,transport_context,BIO_6474,CMP_277ba9982a59f21d5d1a,10.1016/j.scitotenv.2016.05.215,BCF,4.28,2.626585639033395,1000f6946cc5198d,False
final_similarity70_0,similarity70_cluster_0,primary216,42,transport_context,BIO_6475,CMP_277ba9982a59f21d5d1a,10.1016/j.scitotenv.2016.05.215,BCF,3.91,2.5029951560048067,1000f6946cc5198d,False
final_similarity70_0,similarity70_cluster_0,primary216,42,transport_context,BIO_6476,CMP_277ba9982a59f21d5d1a,10.1016/j.scitotenv.2016.05.215,BCF,4.84,3.293523244349092,1000f6946cc5198d,False
final_similarity70_0,similarity70_cluster_0,primary216,42,transport_context,BIO_6477,CMP_277ba9982a59f21d5d1a,10.1016/j.scitotenv.2016.05.215,BCF,3.91,3.29762291479364,1000f6946cc5198d,False
final_similarity70_0,similarity70_cluster_0,primary216,42,transport_context,BIO_6495,CMP_ba6c40d3726d16919ab2,10.1016/j.scitotenv.2016.05.215,BCF,4.14,3.1085908256626515,1000f6946cc5198d,False
final_similarity70_0,similarity70_cluster_0,primary216,42,transport_context,BIO_6497,CMP_ba6c40d3726d16919ab2,10.1016/j.scitotenv.2016.05.215,BCF,3.64,2.513800773649601,1000f6946cc5198d,False
final_similarity70_0,similarity70_cluster_0,primary216,42,transport_context,BIO_6498,CMP_ba6c40d3726d16919ab2,10.1016/j.scitotenv.2016.05.215,BCF,3.63,2.696842371591397,1000f6946cc5198d,False
final_similarity70_0,similarity70_cluster_0,primary216,42,transport_context,BIO_6499,CMP_ba6c40d3726d16919ab2,10.1016/j.scitotenv.2016.05.215,BCF,4.31,3.3974371864223074,1000f6946cc5198d,False
final_similarity70_0,similarity70_cluster_0,primary216,42,transport_context,BIO_6500,CMP_ba6c40d3726d16919ab2,10.1016/j.scitotenv.2016.05.215,BCF,3.81,3.257288024893352,1000f6946cc5198d,False
final_similarity70_0,similarity70_cluster_0,primary216,42,full_single_task,BIO_5789,CMP_5bc76544fcbe477197d1,10.1021/acs.est.6b01197,BAF,4.170000000000001,3.202696580391837,1000f6946cc5198d,False
final_similarity70_0,similarity70_cluster_0,primary216,42,full_single_task,BIO_5790,CMP_5bc76544fcbe477197d1,10.1021/acs.est.6b01197,BAF,1.84,2.7606129931068137,1000f6946cc5198d,False
final_similarity70_0,similarity70_cluster_0,primary216,42,full_single_task,BIO_5791,CMP_5bc76544fcbe477197d1,10.1021/acs.est.6b01197,BAF,4.03,3.2080604593288693,1000f6946cc5198d,False
final_similarity70_0,similarity70_cluster_0,primary216,42,full_single_task,BIO_5907,CMP_a97661d9260d026cb14f,10.1021/acs.est.6b01197,BAF,1.98,2.30663000900881,1000f6946cc5198d,False
final_similarity70_0,similarity70_cluster_0,primary216,42,full_single_task,BIO_5908,CMP_a97661d9260d026cb14f,10.1021/acs.est.6b01197,BAF,2.01,2.29020376466726,1000f6946cc5198d,False
final_similarity70_0,similarity70_cluster_0,primary216,42,full_single_task,BIO_6095,CMP_8e58943e0a19095fb6f4,10.1021/acs.est.6b01197,BAF,3.5800000000000005,2.8542455681508265,1000f6946cc5198d,False
final_similarity70_0,similarity70_cluster_0,primary216,42,full_single_task,BIO_6096,CMP_8e58943e0a19095fb6f4,10.1021/acs.est.6b01197,BAF,3.3500000000000005,2.899804755280358,1000f6946cc5198d,False
final_similarity70_0,similarity70_cluster_0,primary216,42,full_single_task,BIO_6195,CMP_d156c7f61581a866704b,10.1021/acs.est.6b01197,BAF,2.34,2.5351759923971846,1000f6946cc5198d,False
final_similarity70_0,similarity70_cluster_0,primary216,42,full_single_task,BIO_6196,CMP_d156c7f61581a866704b,10.1021/acs.est.6b01197,BAF,2.3000000000000003,1.9885888908638591,1000f6946cc5198d,False
final_similarity70_0,similarity70_cluster_0,primary216,42,full_single_task,BIO_6197,CMP_d156c7f61581a866704b,10.1021/acs.est.6b01197,BAF,2.5200000000000005,2.559519490176797,1000f6946cc5198d,False
final_similarity70_0,similarity70_cluster_0,primary216,42,full_single_task,BIO_6251,CMP_d156c7f61581a866704b,10.1021/acs.est.9b04906,BAF,0.9405164849325672,2.4765829239681216,1000f6946cc5198d,False
final_similarity70_0,similarity70_cluster_0,primary216,42,full_single_task,BIO_6506,CMP_ba6c40d3726d16919ab2,10.1021/acs.est.6b01197,BAF,5.340000000000001,3.485408582906645,1000f6946cc5198d,False
final_similarity70_0,similarity70_cluster_0,primary216,42,full_single_task,BIO_6507,CMP_ba6c40d3726d16919ab2,10.1021/acs.est.6b01197,BAF,5.200000000000001,3.5472575121505585,1000f6946cc5198d,False
final_similarity70_0,similarity70_cluster_0,primary216,42,full_single_task,BIO_6558,CMP_d156c7f61581a866704b,10.1021/acs.est.7b02399,BAF,1.3010299956639813,2.3330536590713296,1000f6946cc5198d,False
final_similarity70_0,similarity70_cluster_0,primary216,42,full_single_task,BIO_6559,CMP_d156c7f61581a866704b,10.1021/acs.est.7b02399,BAF,2.5538830266438746,2.2956838599975176,1000f6946cc5198d,False
final_similarity70_0,similarity70_cluster_0,primary216,42,full_single_task,BIO_6560,CMP_d156c7f61581a866704b,10.1021/acs.est.7b02399,BAF,2.03342375548695,2.3563690098982075,1000f6946cc5198d,False
final_similarity70_0,similarity70_cluster_0,primary216,42,full_single_task,BIO_6561,CMP_d156c7f61581a866704b,10.1021/acs.est.7b02399,BAF,3.096910013008056,2.344928669391746,1000f6946cc5198d,False
final_similarity70_0,similarity70_cluster_0,primary216,42,full_single_task,BIO_6562,CMP_d156c7f61581a866704b,10.1021/acs.est.7b02399,BAF,2.576341350205793,2.307071140466655,1000f6946cc5198d,False
final_similarity70_0,similarity70_cluster_0,primary216,42,full_single_task,BIO_6563,CMP_d156c7f61581a866704b,10.1021/acs.est.7b02399,BAF,2.660865478003869,2.285962316765678,1000f6946cc5198d,False
final_similarity70_0,similarity70_cluster_0,primary216,42,full_single_task,BIO_6567,CMP_8e58943e0a19095fb6f4,10.1021/acs.est.7b02399,BAF,1.6812412373755872,2.7138531828376498,1000f6946cc5198d,False
final_similarity70_0,similarity70_cluster_0,primary216,42,full_single_task,BIO_6568,CMP_8e58943e0a19095fb6f4,10.1021/acs.est.7b02399,BAF,2.6503075231319366,2.800360925656748,1000f6946cc5198d,False
final_similarity70_0,similarity70_cluster_0,primary216,42,full_single_task,BIO_6569,CMP_8e58943e0a19095fb6f4,10.1021/acs.est.7b02399,BAF,2.7860412102425545,2.738692611785786,1000f6946cc5198d,False
final_similarity70_0,similarity70_cluster_0,primary216,42,full_single_task,BIO_6570,CMP_8e58943e0a19095fb6f4,10.1021/acs.est.7b02399,BAF,3.318063334962761,2.77877269768412,1000f6946cc5198d,False
final_similarity70_0,similarity70_cluster_0,primary216,42,full_single_task,BIO_6571,CMP_8e58943e0a19095fb6f4,10.1021/acs.est.7b02399,BAF,3.1398790864012365,2.689994929661667,1000f6946cc5198d,False
final_similarity70_0,similarity70_cluster_0,primary216,42,full_single_task,BIO_6572,CMP_8e58943e0a19095fb6f4,10.1021/acs.est.7b02399,BAF,3.752816431188272,2.8057152053247325,1000f6946cc5198d,False
final_similarity70_0,similarity70_cluster_0,primary216,42,full_single_task,BIO_6580,CMP_5bc76544fcbe477197d1,10.1021/acs.est.7b02399,BAF,1.9493900066449128,3.4260216642470347,1000f6946cc5198d,False
final_similarity70_0,similarity70_cluster_0,primary216,42,full_single_task,BIO_6581,CMP_5bc76544fcbe477197d1,10.1021/acs.est.7b02399,BAF,3.103803720955957,3.4521482029530173,1000f6946cc5198d,False
final_similarity70_0,similarity70_cluster_0,primary216,42,full_single_task,BIO_6582,CMP_5bc76544fcbe477197d1,10.1021/acs.est.7b02399,BAF,3.3502480183341627,3.513512912757957,1000f6946cc5198d,False
final_similarity70_0,similarity70_cluster_0,primary216,42,full_single_task,BIO_6583,CMP_5bc76544fcbe477197d1,10.1021/acs.est.7b02399,BAF,3.505149978319906,3.386986360927891,1000f6946cc5198d,False
final_similarity70_0,similarity70_cluster_0,primary216,42,full_single_task,BIO_6584,CMP_5bc76544fcbe477197d1,10.1021/acs.est.7b02399,BAF,3.45484486000851,3.2958510248536186,1000f6946cc5198d,False
final_similarity70_0,similarity70_cluster_0,primary216,42,full_single_task,BIO_6585,CMP_5bc76544fcbe477197d1,10.1021/acs.est.7b02399,BAF,3.8674674878590514,3.455670109528782,1000f6946cc5198d,False
final_similarity70_0,similarity70_cluster_0,primary216,42,full_single_task,BIO_6593,CMP_ba6c40d3726d16919ab2,10.1021/acs.est.7b02399,BAF,3.012837224705172,4.032563082011224,1000f6946cc5198d,False
final_similarity70_0,similarity70_cluster_0,primary216,42,full_single_task,BIO_6594,CMP_ba6c40d3726d16919ab2,10.1021/acs.est.7b02399,BAF,3.840733234611807,4.13587153386151,1000f6946cc5198d,False
final_similarity70_0,similarity70_cluster_0,primary216,42,full_single_task,BIO_6595,CMP_ba6c40d3726d16919ab2,10.1021/acs.est.7b02399,BAF,3.99563519459755,4.100445198449865,1000f6946cc5198d,False
final_similarity70_0,similarity70_cluster_0,primary216,42,full_single_task,BIO_6596,CMP_ba6c40d3726d16919ab2,10.1021/acs.est.7b02399,BAF,4.44870631990508,4.096924410235543,1000f6946cc5198d,False
final_similarity70_0,similarity70_cluster_0,primary216,42,full_single_task,BIO_6597,CMP_ba6c40d3726d16919ab2,10.1021/acs.est.7b02399,BAF,4.429752280002408,4.037449141021981,1000f6946cc5198d,False
final_similarity70_0,similarity70_cluster_0,primary216,42,full_single_task,BIO_6598,CMP_ba6c40d3726d16919ab2,10.1021/acs.est.7b02399,BAF,4.515476441382376,3.827899163577877,1000f6946cc5198d,False
final_similarity70_0,similarity70_cluster_0,primary216,42,full_single_task,BIO_6707,CMP_622f8f0fcc1502149461,10.1021/acs.est.7b02259,BAF,0.9500000000000002,1.389146909200162,1000f6946cc5198d,False
final_similarity70_0,similarity70_cluster_0,primary216,42,full_single_task,BIO_6708,CMP_622f8f0fcc1502149461,10.1021/acs.est.7b02259,BAF,0.37,1.2849496706591053,1000f6946cc5198d,False
final_similarity70_0,similarity70_cluster_0,primary216,42,full_single_task,BIO_6709,CMP_1e0abf78953775c0134f,10.1021/acs.est.7b02259,BAF,0.56,1.6267236612361056,1000f6946cc5198d,False
final_similarity70_0,similarity70_cluster_0,primary216,42,full_single_task,BIO_6710,CMP_1e0abf78953775c0134f,10.1021/acs.est.7b02259,BAF,0.0099999999999999,1.514644459773614,1000f6946cc5198d,False
final_similarity70_0,similarity70_cluster_0,primary216,42,full_single_task,BIO_6711,CMP_d645aa79f55e85d0da2e,10.1021/acs.est.7b02259,BAF,0.4900000000000001,1.8933043717070048,1000f6946cc5198d,False
final_similarity70_0,similarity70_cluster_0,primary216,42,full_single_task,BIO_6712,CMP_d645aa79f55e85d0da2e,10.1021/acs.est.7b02259,BAF,-0.08,1.7337191643684875,1000f6946cc5198d,False
final_similarity70_0,similarity70_cluster_0,primary216,42,full_single_task,BIO_6713,CMP_a97661d9260d026cb14f,10.1021/acs.est.7b02259,BAF,1.1000000000000003,2.1598654487214697,1000f6946cc5198d,False
final_similarity70_0,similarity70_cluster_0,primary216,42,full_single_task,BIO_6714,CMP_a97661d9260d026cb14f,10.1021/acs.est.7b02259,BAF,0.6100000000000001,2.0740686109926054,1000f6946cc5198d,False
final_similarity70_0,similarity70_cluster_0,primary216,42,full_single_task,BIO_6715,CMP_a97661d9260d026cb14f,10.1021/acs.est.7b02259,BAF,-0.2700000000000001,1.911929190381976,1000f6946cc5198d,False
final_similarity70_0,similarity70_cluster_0,primary216,42,full_single_task,BIO_6716,CMP_d156c7f61581a866704b,10.1021/acs.est.7b02259,BAF,1.93,2.533792827817672,1000f6946cc5198d,False
final_similarity70_0,similarity70_cluster_0,primary216,42,full_single_task,BIO_6717,CMP_d156c7f61581a866704b,10.1021/acs.est.7b02259,BAF,1.2400000000000002,2.338468516650779,1000f6946cc5198d,False
final_similarity70_0,similarity70_cluster_0,primary216,42,full_single_task,BIO_6718,CMP_d156c7f61581a866704b,10.1021/acs.est.7b02259,BAF,0.4599999999999999,2.223372224541394,1000f6946cc5198d,False
final_similarity70_0,similarity70_cluster_0,primary216,42,full_single_task,BIO_6719,CMP_8e58943e0a19095fb6f4,10.1021/acs.est.7b02259,BAF,3.01,2.9059462371414257,1000f6946cc5198d,False
final_similarity70_0,similarity70_cluster_0,primary216,42,full_single_task,BIO_6720,CMP_8e58943e0a19095fb6f4,10.1021/acs.est.7b02259,BAF,2.42,2.705995078293653,1000f6946cc5198d,False
final_similarity70_0,similarity70_cluster_0,primary216,42,full_single_task,BIO_6721,CMP_8e58943e0a19095fb6f4,10.1021/acs.est.7b02259,BAF,1.6800000000000002,2.582900203016865,1000f6946cc5198d,False
final_similarity70_0,similarity70_cluster_0,primary216,42,full_single_task,BIO_6722,CMP_5bc76544fcbe477197d1,10.1021/acs.est.7b02259,BAF,3.9,3.239965944395001,1000f6946cc5198d,False
final_similarity70_0,similarity70_cluster_0,primary216,42,full_single_task,BIO_6723,CMP_5bc76544fcbe477197d1,10.1021/acs.est.7b02259,BAF,3.390000000000001,3.1991829061989123,1000f6946cc5198d,False
final_similarity70_0,similarity70_cluster_0,primary216,42,full_single_task,BIO_6724,CMP_5bc76544fcbe477197d1,10.1021/acs.est.7b02259,BAF,2.64,3.021011339392805,1000f6946cc5198d,False
final_similarity70_0,similarity70_cluster_0,primary216,42,full_single_task,BIO_6725,CMP_ba6c40d3726d16919ab2,10.1021/acs.est.7b02259,BAF,4.430000000000001,3.717280421780008,1000f6946cc5198d,False
final_similarity70_0,similarity70_cluster_0,primary216,42,full_single_task,BIO_6726,CMP_ba6c40d3726d16919ab2,10.1021/acs.est.7b02259,BAF,3.9100000000000006,3.388718578539822,1000f6946cc5198d,False
final_similarity70_0,similarity70_cluster_0,primary216,42,full_single_task,BIO_6727,CMP_ba6c40d3726d16919ab2,10.1021/acs.est.7b02259,BAF,3.1700000000000004,3.1925535702241827,1000f6946cc5198d,False
final_similarity70_0,similarity70_cluster_0,primary216,42,full_single_task,BIO_6728,CMP_812738d2ca27e93d42c8,10.1021/acs.est.7b02259,BAF,4.7700000000000005,4.107270216611423,1000f6946cc5198d,False
final_similarity70_0,similarity70_cluster_0,primary216,42,full_single_task,BIO_6729,CMP_812738d2ca27e93d42c8,10.1021/acs.est.7b02259,BAF,4.32,4.050767552111823,1000f6946cc5198d,False
final_similarity70_0,similarity70_cluster_0,primary216,42,full_single_task,BIO_6730,CMP_812738d2ca27e93d42c8,10.1021/acs.est.7b02259,BAF,3.620000000000001,3.7723431920392887,1000f6946cc5198d,False
final_similarity70_0,similarity70_cluster_0,primary216,42,full_single_task,BIO_5705,CMP_622f8f0fcc1502149461,10.1016/j.scitotenv.2016.05.215,BCF,2.15,1.5541467640761213,1000f6946cc5198d,False
final_similarity70_0,similarity70_cluster_0,primary216,42,full_single_task,BIO_5706,CMP_622f8f0fcc1502149461,10.1016/j.scitotenv.2016.05.215,BCF,1.8,1.5210845764772016,1000f6946cc5198d,False
final_similarity70_0,similarity70_cluster_0,primary216,42,full_single_task,BIO_5707,CMP_622f8f0fcc1502149461,10.1016/j.scitotenv.2016.05.215,BCF,0.44,0.99132669829968,1000f6946cc5198d,False
final_similarity70_0,similarity70_cluster_0,primary216,42,full_single_task,BIO_5708,CMP_622f8f0fcc1502149461,10.1016/j.scitotenv.2016.05.215,BCF,1.05,0.9781235854336464,1000f6946cc5198d,False
final_similarity70_0,similarity70_cluster_0,primary216,42,full_single_task,BIO_5709,CMP_622f8f0fcc1502149461,10.1016/j.scitotenv.2016.05.215,BCF,1.06,1.8385873215087625,1000f6946cc5198d,False
final_similarity70_0,similarity70_cluster_0,primary216,42,full_single_task,BIO_5710,CMP_622f8f0fcc1502149461,10.1016/j.scitotenv.2016.05.215,BCF,1.3,1.827541708780708,1000f6946cc5198d,False
final_similarity70_0,similarity70_cluster_0,primary216,42,full_single_task,BIO_5771,CMP_5bc76544fcbe477197d1,10.1016/j.scitotenv.2016.05.215,BCF,4.04,3.6956730410419305,1000f6946cc5198d,False
final_similarity70_0,similarity70_cluster_0,primary216,42,full_single_task,BIO_5772,CMP_5bc76544fcbe477197d1,10.1016/j.scitotenv.2016.05.215,BCF,4.36,3.5752918783490992,1000f6946cc5198d,False
final_similarity70_0,similarity70_cluster_0,primary216,42,full_single_task,BIO_5773,CMP_5bc76544fcbe477197d1,10.1016/j.scitotenv.2016.05.215,BCF,3.41,2.912178423883732,1000f6946cc5198d,False
final_similarity70_0,similarity70_cluster_0,primary216,42,full_single_task,BIO_5774,CMP_5bc76544fcbe477197d1,10.1016/j.scitotenv.2016.05.215,BCF,3.79,2.937116084886221,1000f6946cc5198d,False
final_similarity70_0,similarity70_cluster_0,primary216,42,full_single_task,BIO_5775,CMP_5bc76544fcbe477197d1,10.1016/j.scitotenv.2016.05.215,BCF,4.0,3.529786344037903,1000f6946cc5198d,False
final_similarity70_0,similarity70_cluster_0,primary216,42,full_single_task,BIO_5776,CMP_5bc76544fcbe477197d1,10.1016/j.scitotenv.2016.05.215,BCF,3.99,3.636869552697192,1000f6946cc5198d,False
final_similarity70_0,similarity70_cluster_0,primary216,42,full_single_task,BIO_5862,CMP_812738d2ca27e93d42c8,10.1016/j.scitotenv.2016.05.215,BCF,4.95,4.4567024704189695,1000f6946cc5198d,False
final_similarity70_0,similarity70_cluster_0,primary216,42,full_single_task,BIO_5863,CMP_812738d2ca27e93d42c8,10.1016/j.scitotenv.2016.05.215,BCF,4.66,4.416398794067482,1000f6946cc5198d,False
final_similarity70_0,similarity70_cluster_0,primary216,42,full_single_task,BIO_5864,CMP_812738d2ca27e93d42c8,10.1016/j.scitotenv.2016.05.215,BCF,3.77,3.681082998881644,1000f6946cc5198d,False
final_similarity70_0,similarity70_cluster_0,primary216,42,full_single_task,BIO_5865,CMP_812738d2ca27e93d42c8,10.1016/j.scitotenv.2016.05.215,BCF,3.66,3.711812519399141,1000f6946cc5198d,False
final_similarity70_0,similarity70_cluster_0,primary216,42,full_single_task,BIO_5866,CMP_812738d2ca27e93d42c8,10.1016/j.scitotenv.2016.05.215,BCF,4.33,4.315520315045971,1000f6946cc5198d,False
final_similarity70_0,similarity70_cluster_0,primary216,42,full_single_task,BIO_5867,CMP_812738d2ca27e93d42c8,10.1016/j.scitotenv.2016.05.215,BCF,3.65,4.177538203254716,1000f6946cc5198d,False
final_similarity70_0,similarity70_cluster_0,primary216,42,full_single_task,BIO_5944,CMP_d645aa79f55e85d0da2e,10.1016/j.scitotenv.2016.05.215,BCF,1.73,2.216579086520287,1000f6946cc5198d,False
final_similarity70_0,similarity70_cluster_0,primary216,42,full_single_task,BIO_5945,CMP_d645aa79f55e85d0da2e,10.1016/j.scitotenv.2016.05.215,BCF,1.7,2.233615572421522,1000f6946cc5198d,False
final_similarity70_0,similarity70_cluster_0,primary216,42,full_single_task,BIO_5946,CMP_d645aa79f55e85d0da2e,10.1016/j.scitotenv.2016.05.215,BCF,0.75,1.63629231173292,1000f6946cc5198d,False
final_similarity70_0,similarity70_cluster_0,primary216,42,full_single_task,BIO_5947,CMP_d645aa79f55e85d0da2e,10.1016/j.scitotenv.2016.05.215,BCF,0.67,1.633106783542752,1000f6946cc5198d,False
final_similarity70_0,similarity70_cluster_0,primary216,42,full_single_task,BIO_5948,CMP_d645aa79f55e85d0da2e,10.1016/j.scitotenv.2016.05.215,BCF,1.02,2.5191045667651832,1000f6946cc5198d,False
final_similarity70_0,similarity70_cluster_0,primary216,42,full_single_task,BIO_5949,CMP_d645aa79f55e85d0da2e,10.1016/j.scitotenv.2016.05.215,BCF,1.06,2.526390392945024,1000f6946cc5198d,False
final_similarity70_0,similarity70_cluster_0,primary216,42,full_single_task,BIO_6077,CMP_8e58943e0a19095fb6f4,10.1016/j.scitotenv.2016.05.215,BCF,3.18,3.2425921185990223,1000f6946cc5198d,False
final_similarity70_0,similarity70_cluster_0,primary216,42,full_single_task,BIO_6078,CMP_8e58943e0a19095fb6f4,10.1016/j.scitotenv.2016.05.215,BCF,3.45,3.249223251506601,1000f6946cc5198d,False
final_similarity70_0,similarity70_cluster_0,primary216,42,full_single_task,BIO_6079,CMP_8e58943e0a19095fb6f4,10.1016/j.scitotenv.2016.05.215,BCF,2.64,2.6363082229316115,1000f6946cc5198d,False
final_similarity70_0,similarity70_cluster_0,primary216,42,full_single_task,BIO_6080,CMP_8e58943e0a19095fb6f4,10.1016/j.scitotenv.2016.05.215,BCF,2.85,2.5930044716165264,1000f6946cc5198d,False
final_similarity70_0,similarity70_cluster_0,primary216,42,full_single_task,BIO_6081,CMP_8e58943e0a19095fb6f4,10.1016/j.scitotenv.2016.05.215,BCF,3.33,3.1971570876183333,1000f6946cc5198d,False
final_similarity70_0,similarity70_cluster_0,primary216,42,full_single_task,BIO_6082,CMP_8e58943e0a19095fb6f4,10.1016/j.scitotenv.2016.05.215,BCF,3.37,3.199800034836957,1000f6946cc5198d,False
final_similarity70_0,similarity70_cluster_0,primary216,42,full_single_task,BIO_6177,CMP_d156c7f61581a866704b,10.1016/j.scitotenv.2016.05.215,BCF,2.39,2.938110389209112,1000f6946cc5198d,False
final_similarity70_0,similarity70_cluster_0,primary216,42,full_single_task,BIO_6178,CMP_d156c7f61581a866704b,10.1016/j.scitotenv.2016.05.215,BCF,2.43,2.9263972321760297,1000f6946cc5198d,False
final_similarity70_0,similarity70_cluster_0,primary216,42,full_single_task,BIO_6179,CMP_d156c7f61581a866704b,10.1016/j.scitotenv.2016.05.215,BCF,1.52,2.1489247563089533,1000f6946cc5198d,False
final_similarity70_0,similarity70_cluster_0,primary216,42,full_single_task,BIO_6181,CMP_d156c7f61581a866704b,10.1016/j.scitotenv.2016.05.215,BCF,2.24,2.988148600100751,1000f6946cc5198d,False
final_similarity70_0,similarity70_cluster_0,primary216,42,full_single_task,BIO_6182,CMP_d156c7f61581a866704b,10.1016/j.scitotenv.2016.05.215,BCF,2.02,2.954567623675877,1000f6946cc5198d,False
final_similarity70_0,similarity70_cluster_0,primary216,42,full_single_task,BIO_6460,CMP_3626e8f507f7fd0a557c,10.1016/j.scitotenv.2016.05.215,BCF,5.56,5.322049435237979,1000f6946cc5198d,False
final_similarity70_0,similarity70_cluster_0,primary216,42,full_single_task,BIO_6461,CMP_3626e8f507f7fd0a557c,10.1016/j.scitotenv.2016.05.215,BCF,4.74,5.200877129135167,1000f6946cc5198d,False
final_similarity70_0,similarity70_cluster_0,primary216,42,full_single_task,BIO_6462,CMP_3626e8f507f7fd0a557c,10.1016/j.scitotenv.2016.05.215,BCF,5.22,4.549943234153227,1000f6946cc5198d,False
final_similarity70_0,similarity70_cluster_0,primary216,42,full_single_task,BIO_6463,CMP_3626e8f507f7fd0a557c,10.1016/j.scitotenv.2016.05.215,BCF,4.52,4.60568648505613,1000f6946cc5198d,False
final_similarity70_0,similarity70_cluster_0,primary216,42,full_single_task,BIO_6464,CMP_3626e8f507f7fd0a557c,10.1016/j.scitotenv.2016.05.215,BCF,5.5,5.206527872850877,1000f6946cc5198d,False
final_similarity70_0,similarity70_cluster_0,primary216,42,full_single_task,BIO_6465,CMP_3626e8f507f7fd0a557c,10.1016/j.scitotenv.2016.05.215,BCF,4.34,4.978413146473226,1000f6946cc5198d,False
final_similarity70_0,similarity70_cluster_0,primary216,42,full_single_task,BIO_6472,CMP_277ba9982a59f21d5d1a,10.1016/j.scitotenv.2016.05.215,BCF,5.02,4.745907132160135,1000f6946cc5198d,False
final_similarity70_0,similarity70_cluster_0,primary216,42,full_single_task,BIO_6473,CMP_277ba9982a59f21d5d1a,10.1016/j.scitotenv.2016.05.215,BCF,4.45,4.809316256027181,1000f6946cc5198d,False
final_similarity70_0,similarity70_cluster_0,primary216,42,full_single_task,BIO_6474,CMP_277ba9982a59f21d5d1a,10.1016/j.scitotenv.2016.05.215,BCF,4.28,4.071149441487096,1000f6946cc5198d,False
final_similarity70_0,similarity70_cluster_0,primary216,42,full_single_task,BIO_6475,CMP_277ba9982a59f21d5d1a,10.1016/j.scitotenv.2016.05.215,BCF,3.91,4.033207735845887,1000f6946cc5198d,False
final_similarity70_0,similarity70_cluster_0,primary216,42,full_single_task,BIO_6476,CMP_277ba9982a59f21d5d1a,10.1016/j.scitotenv.2016.05.215,BCF,4.84,4.932253546434892,1000f6946cc5198d,False
final_similarity70_0,similarity70_cluster_0,primary216,42,full_single_task,BIO_6477,CMP_277ba9982a59f21d5d1a,10.1016/j.scitotenv.2016.05.215,BCF,3.91,4.673740752503754,1000f6946cc5198d,False
final_similarity70_0,similarity70_cluster_0,primary216,42,full_single_task,BIO_6495,CMP_ba6c40d3726d16919ab2,10.1016/j.scitotenv.2016.05.215,BCF,4.14,4.011722009581195,1000f6946cc5198d,False
final_similarity70_0,similarity70_cluster_0,primary216,42,full_single_task,BIO_6497,CMP_ba6c40d3726d16919ab2,10.1016/j.scitotenv.2016.05.215,BCF,3.64,3.253438390254055,1000f6946cc5198d,False
final_similarity70_0,similarity70_cluster_0,primary216,42,full_single_task,BIO_6498,CMP_ba6c40d3726d16919ab2,10.1016/j.scitotenv.2016.05.215,BCF,3.63,3.3239988000831664,1000f6946cc5198d,False
final_similarity70_0,similarity70_cluster_0,primary216,42,full_single_task,BIO_6499,CMP_ba6c40d3726d16919ab2,10.1016/j.scitotenv.2016.05.215,BCF,4.31,3.9253440793283048,1000f6946cc5198d,False
final_similarity70_0,similarity70_cluster_0,primary216,42,full_single_task,BIO_6500,CMP_ba6c40d3726d16919ab2,10.1016/j.scitotenv.2016.05.215,BCF,3.81,3.9683715197966216,1000f6946cc5198d,False
final_similarity70_0,similarity70_cluster_0,primary216,42,shuffled_auxiliary_labels,BIO_5789,CMP_5bc76544fcbe477197d1,10.1021/acs.est.6b01197,BAF,4.170000000000001,3.216221608758167,aaafb6427989d3d9,False
final_similarity70_0,similarity70_cluster_0,primary216,42,shuffled_auxiliary_labels,BIO_5790,CMP_5bc76544fcbe477197d1,10.1021/acs.est.6b01197,BAF,1.84,3.0452691582596896,aaafb6427989d3d9,False
final_similarity70_0,similarity70_cluster_0,primary216,42,shuffled_auxiliary_labels,BIO_5791,CMP_5bc76544fcbe477197d1,10.1021/acs.est.6b01197,BAF,4.03,3.335187742114293,aaafb6427989d3d9,False
final_similarity70_0,similarity70_cluster_0,primary216,42,shuffled_auxiliary_labels,BIO_5907,CMP_a97661d9260d026cb14f,10.1021/acs.est.6b01197,BAF,1.98,2.5456759151929504,aaafb6427989d3d9,False
final_similarity70_0,similarity70_cluster_0,primary216,42,shuffled_auxiliary_labels,BIO_5908,CMP_a97661d9260d026cb14f,10.1021/acs.est.6b01197,BAF,2.01,2.532196428989804,aaafb6427989d3d9,False
final_similarity70_0,similarity70_cluster_0,primary216,42,shuffled_auxiliary_labels,BIO_6095,CMP_8e58943e0a19095fb6f4,10.1021/acs.est.6b01197,BAF,3.5800000000000005,3.047352354970968,aaafb6427989d3d9,False
final_similarity70_0,similarity70_cluster_0,primary216,42,shuffled_auxiliary_labels,BIO_6096,CMP_8e58943e0a19095fb6f4,10.1021/acs.est.6b01197,BAF,3.3500000000000005,3.0878138021211687,aaafb6427989d3d9,False
final_similarity70_0,similarity70_cluster_0,primary216,42,shuffled_auxiliary_labels,BIO_6195,CMP_d156c7f61581a866704b,10.1021/acs.est.6b01197,BAF,2.34,2.797253371995401,aaafb6427989d3d9,False
final_similarity70_0,similarity70_cluster_0,primary216,42,shuffled_auxiliary_labels,BIO_6196,CMP_d156c7f61581a866704b,10.1021/acs.est.6b01197,BAF,2.3000000000000003,2.154600948624836,aaafb6427989d3d9,False
final_similarity70_0,similarity70_cluster_0,primary216,42,shuffled_auxiliary_labels,BIO_6197,CMP_d156c7f61581a866704b,10.1021/acs.est.6b01197,BAF,2.5200000000000005,2.7031743843422875,aaafb6427989d3d9,False
final_similarity70_0,similarity70_cluster_0,primary216,42,shuffled_auxiliary_labels,BIO_6251,CMP_d156c7f61581a866704b,10.1021/acs.est.9b04906,BAF,0.9405164849325672,2.668958240273727,aaafb6427989d3d9,False
final_similarity70_0,similarity70_cluster_0,primary216,42,shuffled_auxiliary_labels,BIO_6506,CMP_ba6c40d3726d16919ab2,10.1021/acs.est.6b01197,BAF,5.340000000000001,3.517534804562475,aaafb6427989d3d9,False
final_similarity70_0,similarity70_cluster_0,primary216,42,shuffled_auxiliary_labels,BIO_6507,CMP_ba6c40d3726d16919ab2,10.1021/acs.est.6b01197,BAF,5.200000000000001,3.471578940842435,aaafb6427989d3d9,False
final_similarity70_0,similarity70_cluster_0,primary216,42,shuffled_auxiliary_labels,BIO_6558,CMP_d156c7f61581a866704b,10.1021/acs.est.7b02399,BAF,1.3010299956639813,2.5612522048382584,aaafb6427989d3d9,False
final_similarity70_0,similarity70_cluster_0,primary216,42,shuffled_auxiliary_labels,BIO_6559,CMP_d156c7f61581a866704b,10.1021/acs.est.7b02399,BAF,2.5538830266438746,2.418432975195022,aaafb6427989d3d9,False
final_similarity70_0,similarity70_cluster_0,primary216,42,shuffled_auxiliary_labels,BIO_6560,CMP_d156c7f61581a866704b,10.1021/acs.est.7b02399,BAF,2.03342375548695,2.5881546378605176,aaafb6427989d3d9,False
final_similarity70_0,similarity70_cluster_0,primary216,42,shuffled_auxiliary_labels,BIO_6561,CMP_d156c7f61581a866704b,10.1021/acs.est.7b02399,BAF,3.096910013008056,2.5817338762948,aaafb6427989d3d9,False
final_similarity70_0,similarity70_cluster_0,primary216,42,shuffled_auxiliary_labels,BIO_6562,CMP_d156c7f61581a866704b,10.1021/acs.est.7b02399,BAF,2.576341350205793,2.656182327680247,aaafb6427989d3d9,False
final_similarity70_0,similarity70_cluster_0,primary216,42,shuffled_auxiliary_labels,BIO_6563,CMP_d156c7f61581a866704b,10.1021/acs.est.7b02399,BAF,2.660865478003869,2.612602764566188,aaafb6427989d3d9,False
final_similarity70_0,similarity70_cluster_0,primary216,42,shuffled_auxiliary_labels,BIO_6567,CMP_8e58943e0a19095fb6f4,10.1021/acs.est.7b02399,BAF,1.6812412373755872,2.872582657279139,aaafb6427989d3d9,False
final_similarity70_0,similarity70_cluster_0,primary216,42,shuffled_auxiliary_labels,BIO_6568,CMP_8e58943e0a19095fb6f4,10.1021/acs.est.7b02399,BAF,2.6503075231319366,2.727380013008526,aaafb6427989d3d9,False
final_similarity70_0,similarity70_cluster_0,primary216,42,shuffled_auxiliary_labels,BIO_6569,CMP_8e58943e0a19095fb6f4,10.1021/acs.est.7b02399,BAF,2.7860412102425545,2.970313529960104,aaafb6427989d3d9,False
final_similarity70_0,similarity70_cluster_0,primary216,42,shuffled_auxiliary_labels,BIO_6570,CMP_8e58943e0a19095fb6f4,10.1021/acs.est.7b02399,BAF,3.318063334962761,3.04064678402458,aaafb6427989d3d9,False
final_similarity70_0,similarity70_cluster_0,primary216,42,shuffled_auxiliary_labels,BIO_6571,CMP_8e58943e0a19095fb6f4,10.1021/acs.est.7b02399,BAF,3.1398790864012365,3.0424927017164918,aaafb6427989d3d9,False
final_similarity70_0,similarity70_cluster_0,primary216,42,shuffled_auxiliary_labels,BIO_6572,CMP_8e58943e0a19095fb6f4,10.1021/acs.est.7b02399,BAF,3.752816431188272,2.722053071064689,aaafb6427989d3d9,False
final_similarity70_0,similarity70_cluster_0,primary216,42,shuffled_auxiliary_labels,BIO_6580,CMP_5bc76544fcbe477197d1,10.1021/acs.est.7b02399,BAF,1.9493900066449128,3.3570561196282487,aaafb6427989d3d9,False
final_similarity70_0,similarity70_cluster_0,primary216,42,shuffled_auxiliary_labels,BIO_6581,CMP_5bc76544fcbe477197d1,10.1021/acs.est.7b02399,BAF,3.103803720955957,3.238995175597382,aaafb6427989d3d9,False
final_similarity70_0,similarity70_cluster_0,primary216,42,shuffled_auxiliary_labels,BIO_6582,CMP_5bc76544fcbe477197d1,10.1021/acs.est.7b02399,BAF,3.3502480183341627,3.177065103017701,aaafb6427989d3d9,False
final_similarity70_0,similarity70_cluster_0,primary216,42,shuffled_auxiliary_labels,BIO_6583,CMP_5bc76544fcbe477197d1,10.1021/acs.est.7b02399,BAF,3.505149978319906,3.2582979698312267,aaafb6427989d3d9,False
final_similarity70_0,similarity70_cluster_0,primary216,42,shuffled_auxiliary_labels,BIO_6584,CMP_5bc76544fcbe477197d1,10.1021/acs.est.7b02399,BAF,3.45484486000851,3.185050327978986,aaafb6427989d3d9,False
final_similarity70_0,similarity70_cluster_0,primary216,42,shuffled_auxiliary_labels,BIO_6585,CMP_5bc76544fcbe477197d1,10.1021/acs.est.7b02399,BAF,3.8674674878590514,3.3044874468303504,aaafb6427989d3d9,False
final_similarity70_0,similarity70_cluster_0,primary216,42,shuffled_auxiliary_labels,BIO_6593,CMP_ba6c40d3726d16919ab2,10.1021/acs.est.7b02399,BAF,3.012837224705172,3.56164009075126,aaafb6427989d3d9,False
final_similarity70_0,similarity70_cluster_0,primary216,42,shuffled_auxiliary_labels,BIO_6594,CMP_ba6c40d3726d16919ab2,10.1021/acs.est.7b02399,BAF,3.840733234611807,3.499286563037644,aaafb6427989d3d9,False
final_similarity70_0,similarity70_cluster_0,primary216,42,shuffled_auxiliary_labels,BIO_6595,CMP_ba6c40d3726d16919ab2,10.1021/acs.est.7b02399,BAF,3.99563519459755,3.472979315761923,aaafb6427989d3d9,False
final_similarity70_0,similarity70_cluster_0,primary216,42,shuffled_auxiliary_labels,BIO_6596,CMP_ba6c40d3726d16919ab2,10.1021/acs.est.7b02399,BAF,4.44870631990508,3.51853795924353,aaafb6427989d3d9,False
final_similarity70_0,similarity70_cluster_0,primary216,42,shuffled_auxiliary_labels,BIO_6597,CMP_ba6c40d3726d16919ab2,10.1021/acs.est.7b02399,BAF,4.429752280002408,3.760606843004935,aaafb6427989d3d9,False
final_similarity70_0,similarity70_cluster_0,primary216,42,shuffled_auxiliary_labels,BIO_6598,CMP_ba6c40d3726d16919ab2,10.1021/acs.est.7b02399,BAF,4.515476441382376,3.4627705241955367,aaafb6427989d3d9,False
final_similarity70_0,similarity70_cluster_0,primary216,42,shuffled_auxiliary_labels,BIO_6707,CMP_622f8f0fcc1502149461,10.1021/acs.est.7b02259,BAF,0.9500000000000002,1.2893291740676354,aaafb6427989d3d9,False
final_similarity70_0,similarity70_cluster_0,primary216,42,shuffled_auxiliary_labels,BIO_6708,CMP_622f8f0fcc1502149461,10.1021/acs.est.7b02259,BAF,0.37,1.0096873688354386,aaafb6427989d3d9,False
final_similarity70_0,similarity70_cluster_0,primary216,42,shuffled_auxiliary_labels,BIO_6709,CMP_1e0abf78953775c0134f,10.1021/acs.est.7b02259,BAF,0.56,1.5878301568281827,aaafb6427989d3d9,False
final_similarity70_0,similarity70_cluster_0,primary216,42,shuffled_auxiliary_labels,BIO_6710,CMP_1e0abf78953775c0134f,10.1021/acs.est.7b02259,BAF,0.0099999999999999,1.5156919916580174,aaafb6427989d3d9,False
final_similarity70_0,similarity70_cluster_0,primary216,42,shuffled_auxiliary_labels,BIO_6711,CMP_d645aa79f55e85d0da2e,10.1021/acs.est.7b02259,BAF,0.4900000000000001,2.195229280154722,aaafb6427989d3d9,False
final_similarity70_0,similarity70_cluster_0,primary216,42,shuffled_auxiliary_labels,BIO_6712,CMP_d645aa79f55e85d0da2e,10.1021/acs.est.7b02259,BAF,-0.08,2.2851039122274277,aaafb6427989d3d9,False
final_similarity70_0,similarity70_cluster_0,primary216,42,shuffled_auxiliary_labels,BIO_6713,CMP_a97661d9260d026cb14f,10.1021/acs.est.7b02259,BAF,1.1000000000000003,2.476441637639229,aaafb6427989d3d9,False
final_similarity70_0,similarity70_cluster_0,primary216,42,shuffled_auxiliary_labels,BIO_6714,CMP_a97661d9260d026cb14f,10.1021/acs.est.7b02259,BAF,0.6100000000000001,2.4654789617310646,aaafb6427989d3d9,False
final_similarity70_0,similarity70_cluster_0,primary216,42,shuffled_auxiliary_labels,BIO_6715,CMP_a97661d9260d026cb14f,10.1021/acs.est.7b02259,BAF,-0.2700000000000001,2.358021823847727,aaafb6427989d3d9,False
final_similarity70_0,similarity70_cluster_0,primary216,42,shuffled_auxiliary_labels,BIO_6716,CMP_d156c7f61581a866704b,10.1021/acs.est.7b02259,BAF,1.93,2.868221420440835,aaafb6427989d3d9,False
final_similarity70_0,similarity70_cluster_0,primary216,42,shuffled_auxiliary_labels,BIO_6717,CMP_d156c7f61581a866704b,10.1021/acs.est.7b02259,BAF,1.2400000000000002,2.6874773737923894,aaafb6427989d3d9,False
final_similarity70_0,similarity70_cluster_0,primary216,42,shuffled_auxiliary_labels,BIO_6718,CMP_d156c7f61581a866704b,10.1021/acs.est.7b02259,BAF,0.4599999999999999,2.4806968786652672,aaafb6427989d3d9,False
final_similarity70_0,similarity70_cluster_0,primary216,42,shuffled_auxiliary_labels,BIO_6719,CMP_8e58943e0a19095fb6f4,10.1021/acs.est.7b02259,BAF,3.01,3.081942715204402,aaafb6427989d3d9,False
final_similarity70_0,similarity70_cluster_0,primary216,42,shuffled_auxiliary_labels,BIO_6720,CMP_8e58943e0a19095fb6f4,10.1021/acs.est.7b02259,BAF,2.42,2.8217189575658117,aaafb6427989d3d9,False
final_similarity70_0,similarity70_cluster_0,primary216,42,shuffled_auxiliary_labels,BIO_6721,CMP_8e58943e0a19095fb6f4,10.1021/acs.est.7b02259,BAF,1.6800000000000002,2.678774347178642,aaafb6427989d3d9,False
final_similarity70_0,similarity70_cluster_0,primary216,42,shuffled_auxiliary_labels,BIO_6722,CMP_5bc76544fcbe477197d1,10.1021/acs.est.7b02259,BAF,3.9,3.2754770578171013,aaafb6427989d3d9,False
final_similarity70_0,similarity70_cluster_0,primary216,42,shuffled_auxiliary_labels,BIO_6723,CMP_5bc76544fcbe477197d1,10.1021/acs.est.7b02259,BAF,3.390000000000001,3.219281973779763,aaafb6427989d3d9,False
final_similarity70_0,similarity70_cluster_0,primary216,42,shuffled_auxiliary_labels,BIO_6724,CMP_5bc76544fcbe477197d1,10.1021/acs.est.7b02259,BAF,2.64,2.989086096607857,aaafb6427989d3d9,False
final_similarity70_0,similarity70_cluster_0,primary216,42,shuffled_auxiliary_labels,BIO_6725,CMP_ba6c40d3726d16919ab2,10.1021/acs.est.7b02259,BAF,4.430000000000001,3.549176962107309,aaafb6427989d3d9,False
final_similarity70_0,similarity70_cluster_0,primary216,42,shuffled_auxiliary_labels,BIO_6726,CMP_ba6c40d3726d16919ab2,10.1021/acs.est.7b02259,BAF,3.9100000000000006,3.394299668121449,aaafb6427989d3d9,False
final_similarity70_0,similarity70_cluster_0,primary216,42,shuffled_auxiliary_labels,BIO_6727,CMP_ba6c40d3726d16919ab2,10.1021/acs.est.7b02259,BAF,3.1700000000000004,3.275640276456504,aaafb6427989d3d9,False
final_similarity70_0,similarity70_cluster_0,primary216,42,shuffled_auxiliary_labels,BIO_6728,CMP_812738d2ca27e93d42c8,10.1021/acs.est.7b02259,BAF,4.7700000000000005,3.654496476355837,aaafb6427989d3d9,False
final_similarity70_0,similarity70_cluster_0,primary216,42,shuffled_auxiliary_labels,BIO_6729,CMP_812738d2ca27e93d42c8,10.1021/acs.est.7b02259,BAF,4.32,3.5808224747364705,aaafb6427989d3d9,False
final_similarity70_0,similarity70_cluster_0,primary216,42,shuffled_auxiliary_labels,BIO_6730,CMP_812738d2ca27e93d42c8,10.1021/acs.est.7b02259,BAF,3.620000000000001,3.4282417515054253,aaafb6427989d3d9,False
final_similarity70_0,similarity70_cluster_0,primary216,42,shuffled_auxiliary_labels,BIO_5705,CMP_622f8f0fcc1502149461,10.1016/j.scitotenv.2016.05.215,BCF,2.15,1.2812901985192011,aaafb6427989d3d9,False
final_similarity70_0,similarity70_cluster_0,primary216,42,shuffled_auxiliary_labels,BIO_5706,CMP_622f8f0fcc1502149461,10.1016/j.scitotenv.2016.05.215,BCF,1.8,1.3078751927580343,aaafb6427989d3d9,False
final_similarity70_0,similarity70_cluster_0,primary216,42,shuffled_auxiliary_labels,BIO_5707,CMP_622f8f0fcc1502149461,10.1016/j.scitotenv.2016.05.215,BCF,0.44,0.9940319089084816,aaafb6427989d3d9,False
final_similarity70_0,similarity70_cluster_0,primary216,42,shuffled_auxiliary_labels,BIO_5708,CMP_622f8f0fcc1502149461,10.1016/j.scitotenv.2016.05.215,BCF,1.05,0.9248263417185624,aaafb6427989d3d9,False
final_similarity70_0,similarity70_cluster_0,primary216,42,shuffled_auxiliary_labels,BIO_5709,CMP_622f8f0fcc1502149461,10.1016/j.scitotenv.2016.05.215,BCF,1.06,1.6080429586856702,aaafb6427989d3d9,False
final_similarity70_0,similarity70_cluster_0,primary216,42,shuffled_auxiliary_labels,BIO_5710,CMP_622f8f0fcc1502149461,10.1016/j.scitotenv.2016.05.215,BCF,1.3,1.5998788694618271,aaafb6427989d3d9,False
final_similarity70_0,similarity70_cluster_0,primary216,42,shuffled_auxiliary_labels,BIO_5771,CMP_5bc76544fcbe477197d1,10.1016/j.scitotenv.2016.05.215,BCF,4.04,2.809035161792525,aaafb6427989d3d9,False
final_similarity70_0,similarity70_cluster_0,primary216,42,shuffled_auxiliary_labels,BIO_5772,CMP_5bc76544fcbe477197d1,10.1016/j.scitotenv.2016.05.215,BCF,4.36,2.7720267521742787,aaafb6427989d3d9,False
final_similarity70_0,similarity70_cluster_0,primary216,42,shuffled_auxiliary_labels,BIO_5773,CMP_5bc76544fcbe477197d1,10.1016/j.scitotenv.2016.05.215,BCF,3.41,2.4706317876499995,aaafb6427989d3d9,False
final_similarity70_0,similarity70_cluster_0,primary216,42,shuffled_auxiliary_labels,BIO_5774,CMP_5bc76544fcbe477197d1,10.1016/j.scitotenv.2016.05.215,BCF,3.79,2.4854876974876454,aaafb6427989d3d9,False
final_similarity70_0,similarity70_cluster_0,primary216,42,shuffled_auxiliary_labels,BIO_5775,CMP_5bc76544fcbe477197d1,10.1016/j.scitotenv.2016.05.215,BCF,4.0,2.8579287303771035,aaafb6427989d3d9,False
final_similarity70_0,similarity70_cluster_0,primary216,42,shuffled_auxiliary_labels,BIO_5776,CMP_5bc76544fcbe477197d1,10.1016/j.scitotenv.2016.05.215,BCF,3.99,2.900817128673491,aaafb6427989d3d9,False
final_similarity70_0,similarity70_cluster_0,primary216,42,shuffled_auxiliary_labels,BIO_5862,CMP_812738d2ca27e93d42c8,10.1016/j.scitotenv.2016.05.215,BCF,4.95,2.8355268427998044,aaafb6427989d3d9,False
final_similarity70_0,similarity70_cluster_0,primary216,42,shuffled_auxiliary_labels,BIO_5863,CMP_812738d2ca27e93d42c8,10.1016/j.scitotenv.2016.05.215,BCF,4.66,2.833302331756358,aaafb6427989d3d9,False
final_similarity70_0,similarity70_cluster_0,primary216,42,shuffled_auxiliary_labels,BIO_5864,CMP_812738d2ca27e93d42c8,10.1016/j.scitotenv.2016.05.215,BCF,3.77,2.6067037543994624,aaafb6427989d3d9,False
final_similarity70_0,similarity70_cluster_0,primary216,42,shuffled_auxiliary_labels,BIO_5865,CMP_812738d2ca27e93d42c8,10.1016/j.scitotenv.2016.05.215,BCF,3.66,2.650803642200953,aaafb6427989d3d9,False
final_similarity70_0,similarity70_cluster_0,primary216,42,shuffled_auxiliary_labels,BIO_5866,CMP_812738d2ca27e93d42c8,10.1016/j.scitotenv.2016.05.215,BCF,4.33,2.897146644524949,aaafb6427989d3d9,False
final_similarity70_0,similarity70_cluster_0,primary216,42,shuffled_auxiliary_labels,BIO_5867,CMP_812738d2ca27e93d42c8,10.1016/j.scitotenv.2016.05.215,BCF,3.65,3.010925814231633,aaafb6427989d3d9,False
final_similarity70_0,similarity70_cluster_0,primary216,42,shuffled_auxiliary_labels,BIO_5944,CMP_d645aa79f55e85d0da2e,10.1016/j.scitotenv.2016.05.215,BCF,1.73,1.8797856043620589,aaafb6427989d3d9,False
final_similarity70_0,similarity70_cluster_0,primary216,42,shuffled_auxiliary_labels,BIO_5945,CMP_d645aa79f55e85d0da2e,10.1016/j.scitotenv.2016.05.215,BCF,1.7,1.9022963573761704,aaafb6427989d3d9,False
final_similarity70_0,similarity70_cluster_0,primary216,42,shuffled_auxiliary_labels,BIO_5946,CMP_d645aa79f55e85d0da2e,10.1016/j.scitotenv.2016.05.215,BCF,0.75,1.5986913358097363,aaafb6427989d3d9,False
final_similarity70_0,similarity70_cluster_0,primary216,42,shuffled_auxiliary_labels,BIO_5947,CMP_d645aa79f55e85d0da2e,10.1016/j.scitotenv.2016.05.215,BCF,0.67,1.5426980491015825,aaafb6427989d3d9,False
final_similarity70_0,similarity70_cluster_0,primary216,42,shuffled_auxiliary_labels,BIO_5948,CMP_d645aa79f55e85d0da2e,10.1016/j.scitotenv.2016.05.215,BCF,1.02,2.097633474226571,aaafb6427989d3d9,False
final_similarity70_0,similarity70_cluster_0,primary216,42,shuffled_auxiliary_labels,BIO_5949,CMP_d645aa79f55e85d0da2e,10.1016/j.scitotenv.2016.05.215,BCF,1.06,2.0943143607785992,aaafb6427989d3d9,False
final_similarity70_0,similarity70_cluster_0,primary216,42,shuffled_auxiliary_labels,BIO_6077,CMP_8e58943e0a19095fb6f4,10.1016/j.scitotenv.2016.05.215,BCF,3.18,2.5974966715364403,aaafb6427989d3d9,False
final_similarity70_0,similarity70_cluster_0,primary216,42,shuffled_auxiliary_labels,BIO_6078,CMP_8e58943e0a19095fb6f4,10.1016/j.scitotenv.2016.05.215,BCF,3.45,2.60304451149402,aaafb6427989d3d9,False
final_similarity70_0,similarity70_cluster_0,primary216,42,shuffled_auxiliary_labels,BIO_6079,CMP_8e58943e0a19095fb6f4,10.1016/j.scitotenv.2016.05.215,BCF,2.64,2.3116975744052866,aaafb6427989d3d9,False
final_similarity70_0,similarity70_cluster_0,primary216,42,shuffled_auxiliary_labels,BIO_6080,CMP_8e58943e0a19095fb6f4,10.1016/j.scitotenv.2016.05.215,BCF,2.85,2.3119365122114344,aaafb6427989d3d9,False
final_similarity70_0,similarity70_cluster_0,primary216,42,shuffled_auxiliary_labels,BIO_6081,CMP_8e58943e0a19095fb6f4,10.1016/j.scitotenv.2016.05.215,BCF,3.33,2.748253378369703,aaafb6427989d3d9,False
final_similarity70_0,similarity70_cluster_0,primary216,42,shuffled_auxiliary_labels,BIO_6082,CMP_8e58943e0a19095fb6f4,10.1016/j.scitotenv.2016.05.215,BCF,3.37,2.6967234654325924,aaafb6427989d3d9,False
final_similarity70_0,similarity70_cluster_0,primary216,42,shuffled_auxiliary_labels,BIO_6177,CMP_d156c7f61581a866704b,10.1016/j.scitotenv.2016.05.215,BCF,2.39,2.390281803480633,aaafb6427989d3d9,False
final_similarity70_0,similarity70_cluster_0,primary216,42,shuffled_auxiliary_labels,BIO_6178,CMP_d156c7f61581a866704b,10.1016/j.scitotenv.2016.05.215,BCF,2.43,2.337694592968191,aaafb6427989d3d9,False
final_similarity70_0,similarity70_cluster_0,primary216,42,shuffled_auxiliary_labels,BIO_6179,CMP_d156c7f61581a866704b,10.1016/j.scitotenv.2016.05.215,BCF,1.52,2.072289163983415,aaafb6427989d3d9,False
final_similarity70_0,similarity70_cluster_0,primary216,42,shuffled_auxiliary_labels,BIO_6181,CMP_d156c7f61581a866704b,10.1016/j.scitotenv.2016.05.215,BCF,2.24,2.540196426610549,aaafb6427989d3d9,False
final_similarity70_0,similarity70_cluster_0,primary216,42,shuffled_auxiliary_labels,BIO_6182,CMP_d156c7f61581a866704b,10.1016/j.scitotenv.2016.05.215,BCF,2.02,2.5357708146852573,aaafb6427989d3d9,False
final_similarity70_0,similarity70_cluster_0,primary216,42,shuffled_auxiliary_labels,BIO_6460,CMP_3626e8f507f7fd0a557c,10.1016/j.scitotenv.2016.05.215,BCF,5.56,2.726893652252179,aaafb6427989d3d9,False
final_similarity70_0,similarity70_cluster_0,primary216,42,shuffled_auxiliary_labels,BIO_6461,CMP_3626e8f507f7fd0a557c,10.1016/j.scitotenv.2016.05.215,BCF,4.74,2.730225644017488,aaafb6427989d3d9,False
final_similarity70_0,similarity70_cluster_0,primary216,42,shuffled_auxiliary_labels,BIO_6462,CMP_3626e8f507f7fd0a557c,10.1016/j.scitotenv.2016.05.215,BCF,5.22,2.5807660865988207,aaafb6427989d3d9,False
final_similarity70_0,similarity70_cluster_0,primary216,42,shuffled_auxiliary_labels,BIO_6463,CMP_3626e8f507f7fd0a557c,10.1016/j.scitotenv.2016.05.215,BCF,4.52,2.516158542536003,aaafb6427989d3d9,False
final_similarity70_0,similarity70_cluster_0,primary216,42,shuffled_auxiliary_labels,BIO_6464,CMP_3626e8f507f7fd0a557c,10.1016/j.scitotenv.2016.05.215,BCF,5.5,2.844258505661888,aaafb6427989d3d9,False
final_similarity70_0,similarity70_cluster_0,primary216,42,shuffled_auxiliary_labels,BIO_6465,CMP_3626e8f507f7fd0a557c,10.1016/j.scitotenv.2016.05.215,BCF,4.34,2.846657255973376,aaafb6427989d3d9,False
final_similarity70_0,similarity70_cluster_0,primary216,42,shuffled_auxiliary_labels,BIO_6472,CMP_277ba9982a59f21d5d1a,10.1016/j.scitotenv.2016.05.215,BCF,5.02,2.7981220429394487,aaafb6427989d3d9,False
final_similarity70_0,similarity70_cluster_0,primary216,42,shuffled_auxiliary_labels,BIO_6473,CMP_277ba9982a59f21d5d1a,10.1016/j.scitotenv.2016.05.215,BCF,4.45,2.732800870931809,aaafb6427989d3d9,False
final_similarity70_0,similarity70_cluster_0,primary216,42,shuffled_auxiliary_labels,BIO_6474,CMP_277ba9982a59f21d5d1a,10.1016/j.scitotenv.2016.05.215,BCF,4.28,2.561150813146797,aaafb6427989d3d9,False
final_similarity70_0,similarity70_cluster_0,primary216,42,shuffled_auxiliary_labels,BIO_6475,CMP_277ba9982a59f21d5d1a,10.1016/j.scitotenv.2016.05.215,BCF,3.91,2.5797901584342493,aaafb6427989d3d9,False
final_similarity70_0,similarity70_cluster_0,primary216,42,shuffled_auxiliary_labels,BIO_6476,CMP_277ba9982a59f21d5d1a,10.1016/j.scitotenv.2016.05.215,BCF,4.84,2.799180793418167,aaafb6427989d3d9,False
final_similarity70_0,similarity70_cluster_0,primary216,42,shuffled_auxiliary_labels,BIO_6477,CMP_277ba9982a59f21d5d1a,10.1016/j.scitotenv.2016.05.215,BCF,3.91,2.7992398372290097,aaafb6427989d3d9,False
final_similarity70_0,similarity70_cluster_0,primary216,42,shuffled_auxiliary_labels,BIO_6495,CMP_ba6c40d3726d16919ab2,10.1016/j.scitotenv.2016.05.215,BCF,4.14,2.7896037999888312,aaafb6427989d3d9,False
final_similarity70_0,similarity70_cluster_0,primary216,42,shuffled_auxiliary_labels,BIO_6497,CMP_ba6c40d3726d16919ab2,10.1016/j.scitotenv.2016.05.215,BCF,3.64,2.583870688752501,aaafb6427989d3d9,False
final_similarity70_0,similarity70_cluster_0,primary216,42,shuffled_auxiliary_labels,BIO_6498,CMP_ba6c40d3726d16919ab2,10.1016/j.scitotenv.2016.05.215,BCF,3.63,2.59993795849354,aaafb6427989d3d9,False
final_similarity70_0,similarity70_cluster_0,primary216,42,shuffled_auxiliary_labels,BIO_6499,CMP_ba6c40d3726d16919ab2,10.1016/j.scitotenv.2016.05.215,BCF,4.31,2.9469374934992585,aaafb6427989d3d9,False
final_similarity70_0,similarity70_cluster_0,primary216,42,shuffled_auxiliary_labels,BIO_6500,CMP_ba6c40d3726d16919ab2,10.1016/j.scitotenv.2016.05.215,BCF,3.81,2.9173610189365764,aaafb6427989d3d9,False
final_similarity70_0,similarity70_cluster_0,primary216,42,simple_graph_context,BIO_5789,CMP_5bc76544fcbe477197d1,10.1021/acs.est.6b01197,BAF,4.170000000000001,3.636283874511719,,False
final_similarity70_0,similarity70_cluster_0,primary216,42,simple_graph_context,BIO_5790,CMP_5bc76544fcbe477197d1,10.1021/acs.est.6b01197,BAF,1.84,3.3012359142303467,,False
final_similarity70_0,similarity70_cluster_0,primary216,42,simple_graph_context,BIO_5791,CMP_5bc76544fcbe477197d1,10.1021/acs.est.6b01197,BAF,4.03,3.636283874511719,,False
final_similarity70_0,similarity70_cluster_0,primary216,42,simple_graph_context,BIO_5907,CMP_a97661d9260d026cb14f,10.1021/acs.est.6b01197,BAF,1.98,2.1321909427642822,,False
final_similarity70_0,similarity70_cluster_0,primary216,42,simple_graph_context,BIO_5908,CMP_a97661d9260d026cb14f,10.1021/acs.est.6b01197,BAF,2.01,2.1321909427642822,,False
final_similarity70_0,similarity70_cluster_0,primary216,42,simple_graph_context,BIO_6095,CMP_8e58943e0a19095fb6f4,10.1021/acs.est.6b01197,BAF,3.5800000000000005,3.1349196434021,,False
final_similarity70_0,similarity70_cluster_0,primary216,42,simple_graph_context,BIO_6096,CMP_8e58943e0a19095fb6f4,10.1021/acs.est.6b01197,BAF,3.3500000000000005,3.1349196434021,,False
final_similarity70_0,similarity70_cluster_0,primary216,42,simple_graph_context,BIO_6195,CMP_d156c7f61581a866704b,10.1021/acs.est.6b01197,BAF,2.34,2.6335551738739014,,False
final_similarity70_0,similarity70_cluster_0,primary216,42,simple_graph_context,BIO_6196,CMP_d156c7f61581a866704b,10.1021/acs.est.6b01197,BAF,2.3000000000000003,2.2985072135925293,,False
final_similarity70_0,similarity70_cluster_0,primary216,42,simple_graph_context,BIO_6197,CMP_d156c7f61581a866704b,10.1021/acs.est.6b01197,BAF,2.5200000000000005,2.6335551738739014,,False
final_similarity70_0,similarity70_cluster_0,primary216,42,simple_graph_context,BIO_6251,CMP_d156c7f61581a866704b,10.1021/acs.est.9b04906,BAF,0.9405164849325672,2.7009153366088867,,False
final_similarity70_0,similarity70_cluster_0,primary216,42,simple_graph_context,BIO_6506,CMP_ba6c40d3726d16919ab2,10.1021/acs.est.6b01197,BAF,5.340000000000001,4.137648105621338,,False
final_similarity70_0,similarity70_cluster_0,primary216,42,simple_graph_context,BIO_6507,CMP_ba6c40d3726d16919ab2,10.1021/acs.est.6b01197,BAF,5.200000000000001,4.137648105621338,,False
final_similarity70_0,similarity70_cluster_0,primary216,42,simple_graph_context,BIO_6558,CMP_d156c7f61581a866704b,10.1021/acs.est.7b02399,BAF,1.3010299956639813,2.649945974349976,,False
final_similarity70_0,similarity70_cluster_0,primary216,42,simple_graph_context,BIO_6559,CMP_d156c7f61581a866704b,10.1021/acs.est.7b02399,BAF,2.5538830266438746,2.649945974349976,,False
final_similarity70_0,similarity70_cluster_0,primary216,42,simple_graph_context,BIO_6560,CMP_d156c7f61581a866704b,10.1021/acs.est.7b02399,BAF,2.03342375548695,2.649945974349976,,False
final_similarity70_0,similarity70_cluster_0,primary216,42,simple_graph_context,BIO_6561,CMP_d156c7f61581a866704b,10.1021/acs.est.7b02399,BAF,3.096910013008056,2.649945974349976,,False
final_similarity70_0,similarity70_cluster_0,primary216,42,simple_graph_context,BIO_6562,CMP_d156c7f61581a866704b,10.1021/acs.est.7b02399,BAF,2.576341350205793,2.649945974349976,,False
final_similarity70_0,similarity70_cluster_0,primary216,42,simple_graph_context,BIO_6563,CMP_d156c7f61581a866704b,10.1021/acs.est.7b02399,BAF,2.660865478003869,2.649945974349976,,False
final_similarity70_0,similarity70_cluster_0,primary216,42,simple_graph_context,BIO_6567,CMP_8e58943e0a19095fb6f4,10.1021/acs.est.7b02399,BAF,1.6812412373755872,3.1513102054595947,,False
final_similarity70_0,similarity70_cluster_0,primary216,42,simple_graph_context,BIO_6568,CMP_8e58943e0a19095fb6f4,10.1021/acs.est.7b02399,BAF,2.6503075231319366,3.1513102054595947,,False
final_similarity70_0,similarity70_cluster_0,primary216,42,simple_graph_context,BIO_6569,CMP_8e58943e0a19095fb6f4,10.1021/acs.est.7b02399,BAF,2.7860412102425545,3.1513102054595947,,False
final_similarity70_0,similarity70_cluster_0,primary216,42,simple_graph_context,BIO_6570,CMP_8e58943e0a19095fb6f4,10.1021/acs.est.7b02399,BAF,3.318063334962761,3.1513102054595947,,False
final_similarity70_0,similarity70_cluster_0,primary216,42,simple_graph_context,BIO_6571,CMP_8e58943e0a19095fb6f4,10.1021/acs.est.7b02399,BAF,3.1398790864012365,3.1513102054595947,,False
final_similarity70_0,similarity70_cluster_0,primary216,42,simple_graph_context,BIO_6572,CMP_8e58943e0a19095fb6f4,10.1021/acs.est.7b02399,BAF,3.752816431188272,3.1513102054595947,,False
final_similarity70_0,similarity70_cluster_0,primary216,42,simple_graph_context,BIO_6580,CMP_5bc76544fcbe477197d1,10.1021/acs.est.7b02399,BAF,1.9493900066449128,3.652674674987793,,False
final_similarity70_0,similarity70_cluster_0,primary216,42,simple_graph_context,BIO_6581,CMP_5bc76544fcbe477197d1,10.1021/acs.est.7b02399,BAF,3.103803720955957,3.652674674987793,,False
final_similarity70_0,similarity70_cluster_0,primary216,42,simple_graph_context,BIO_6582,CMP_5bc76544fcbe477197d1,10.1021/acs.est.7b02399,BAF,3.3502480183341627,3.652674674987793,,False
final_similarity70_0,similarity70_cluster_0,primary216,42,simple_graph_context,BIO_6583,CMP_5bc76544fcbe477197d1,10.1021/acs.est.7b02399,BAF,3.505149978319906,3.652674674987793,,False
final_similarity70_0,similarity70_cluster_0,primary216,42,simple_graph_context,BIO_6584,CMP_5bc76544fcbe477197d1,10.1021/acs.est.7b02399,BAF,3.45484486000851,3.652674674987793,,False
final_similarity70_0,similarity70_cluster_0,primary216,42,simple_graph_context,BIO_6585,CMP_5bc76544fcbe477197d1,10.1021/acs.est.7b02399,BAF,3.8674674878590514,3.652674674987793,,False
final_similarity70_0,similarity70_cluster_0,primary216,42,simple_graph_context,BIO_6593,CMP_ba6c40d3726d16919ab2,10.1021/acs.est.7b02399,BAF,3.012837224705172,4.154038906097412,,False
final_similarity70_0,similarity70_cluster_0,primary216,42,simple_graph_context,BIO_6594,CMP_ba6c40d3726d16919ab2,10.1021/acs.est.7b02399,BAF,3.840733234611807,4.154038906097412,,False
final_similarity70_0,similarity70_cluster_0,primary216,42,simple_graph_context,BIO_6595,CMP_ba6c40d3726d16919ab2,10.1021/acs.est.7b02399,BAF,3.99563519459755,4.154038906097412,,False
final_similarity70_0,similarity70_cluster_0,primary216,42,simple_graph_context,BIO_6596,CMP_ba6c40d3726d16919ab2,10.1021/acs.est.7b02399,BAF,4.44870631990508,4.154038906097412,,False
final_similarity70_0,similarity70_cluster_0,primary216,42,simple_graph_context,BIO_6597,CMP_ba6c40d3726d16919ab2,10.1021/acs.est.7b02399,BAF,4.429752280002408,4.154038906097412,,False
final_similarity70_0,similarity70_cluster_0,primary216,42,simple_graph_context,BIO_6598,CMP_ba6c40d3726d16919ab2,10.1021/acs.est.7b02399,BAF,4.515476441382376,4.154038906097412,,False
final_similarity70_0,similarity70_cluster_0,primary216,42,simple_graph_context,BIO_6707,CMP_622f8f0fcc1502149461,10.1021/acs.est.7b02259,BAF,0.9500000000000002,0.7673957347869873,,False
final_similarity70_0,similarity70_cluster_0,primary216,42,simple_graph_context,BIO_6708,CMP_622f8f0fcc1502149461,10.1021/acs.est.7b02259,BAF,0.37,0.6517329216003418,,False
final_similarity70_0,similarity70_cluster_0,primary216,42,simple_graph_context,BIO_6709,CMP_1e0abf78953775c0134f,10.1021/acs.est.7b02259,BAF,0.56,1.2687599658966064,,False
final_similarity70_0,similarity70_cluster_0,primary216,42,simple_graph_context,BIO_6710,CMP_1e0abf78953775c0134f,10.1021/acs.est.7b02259,BAF,0.0099999999999999,1.153097152709961,,False
final_similarity70_0,similarity70_cluster_0,primary216,42,simple_graph_context,BIO_6711,CMP_d645aa79f55e85d0da2e,10.1021/acs.est.7b02259,BAF,0.4900000000000001,1.7701243162155151,,False
final_similarity70_0,similarity70_cluster_0,primary216,42,simple_graph_context,BIO_6712,CMP_d645aa79f55e85d0da2e,10.1021/acs.est.7b02259,BAF,-0.08,1.65446138381958,,False
final_similarity70_0,similarity70_cluster_0,primary216,42,simple_graph_context,BIO_6713,CMP_a97661d9260d026cb14f,10.1021/acs.est.7b02259,BAF,1.1000000000000003,2.271488666534424,,False
final_similarity70_0,similarity70_cluster_0,primary216,42,simple_graph_context,BIO_6714,CMP_a97661d9260d026cb14f,10.1021/acs.est.7b02259,BAF,0.6100000000000001,2.155825614929199,,False
final_similarity70_0,similarity70_cluster_0,primary216,42,simple_graph_context,BIO_6715,CMP_a97661d9260d026cb14f,10.1021/acs.est.7b02259,BAF,-0.2700000000000001,1.828718423843384,,False
final_similarity70_0,similarity70_cluster_0,primary216,42,simple_graph_context,BIO_6716,CMP_d156c7f61581a866704b,10.1021/acs.est.7b02259,BAF,1.93,2.772852897644043,,False
final_similarity70_0,similarity70_cluster_0,primary216,42,simple_graph_context,BIO_6717,CMP_d156c7f61581a866704b,10.1021/acs.est.7b02259,BAF,1.2400000000000002,2.6571898460388184,,False
final_similarity70_0,similarity70_cluster_0,primary216,42,simple_graph_context,BIO_6718,CMP_d156c7f61581a866704b,10.1021/acs.est.7b02259,BAF,0.4599999999999999,2.330082893371582,,False
final_similarity70_0,similarity70_cluster_0,primary216,42,simple_graph_context,BIO_6719,CMP_8e58943e0a19095fb6f4,10.1021/acs.est.7b02259,BAF,3.01,3.274217128753662,,False
final_similarity70_0,similarity70_cluster_0,primary216,42,simple_graph_context,BIO_6720,CMP_8e58943e0a19095fb6f4,10.1021/acs.est.7b02259,BAF,2.42,3.1585543155670166,,False
final_similarity70_0,similarity70_cluster_0,primary216,42,simple_graph_context,BIO_6721,CMP_8e58943e0a19095fb6f4,10.1021/acs.est.7b02259,BAF,1.6800000000000002,2.831447124481201,,False
final_similarity70_0,similarity70_cluster_0,primary216,42,simple_graph_context,BIO_6722,CMP_5bc76544fcbe477197d1,10.1021/acs.est.7b02259,BAF,3.9,3.775581359863281,,False
final_similarity70_0,similarity70_cluster_0,primary216,42,simple_graph_context,BIO_6723,CMP_5bc76544fcbe477197d1,10.1021/acs.est.7b02259,BAF,3.390000000000001,3.659918546676636,,False
final_similarity70_0,similarity70_cluster_0,primary216,42,simple_graph_context,BIO_6724,CMP_5bc76544fcbe477197d1,10.1021/acs.est.7b02259,BAF,2.64,3.3328113555908203,,False
final_similarity70_0,similarity70_cluster_0,primary216,42,simple_graph_context,BIO_6725,CMP_ba6c40d3726d16919ab2,10.1021/acs.est.7b02259,BAF,4.430000000000001,4.2769455909729,,False
final_similarity70_0,similarity70_cluster_0,primary216,42,simple_graph_context,BIO_6726,CMP_ba6c40d3726d16919ab2,10.1021/acs.est.7b02259,BAF,3.9100000000000006,4.161282539367676,,False
final_similarity70_0,similarity70_cluster_0,primary216,42,simple_graph_context,BIO_6727,CMP_ba6c40d3726d16919ab2,10.1021/acs.est.7b02259,BAF,3.1700000000000004,3.83417558670044,,False
final_similarity70_0,similarity70_cluster_0,primary216,42,simple_graph_context,BIO_6728,CMP_812738d2ca27e93d42c8,10.1021/acs.est.7b02259,BAF,4.7700000000000005,4.77830982208252,,False
final_similarity70_0,similarity70_cluster_0,primary216,42,simple_graph_context,BIO_6729,CMP_812738d2ca27e93d42c8,10.1021/acs.est.7b02259,BAF,4.32,4.662647247314453,,False
final_similarity70_0,similarity70_cluster_0,primary216,42,simple_graph_context,BIO_6730,CMP_812738d2ca27e93d42c8,10.1021/acs.est.7b02259,BAF,3.620000000000001,4.335539817810059,,False
final_similarity70_0,similarity70_cluster_0,primary216,42,extra_trees_structure_context,BIO_5789,CMP_5bc76544fcbe477197d1,10.1021/acs.est.6b01197,BAF,4.170000000000001,3.761130521935364,,False
final_similarity70_0,similarity70_cluster_0,primary216,42,extra_trees_structure_context,BIO_5790,CMP_5bc76544fcbe477197d1,10.1021/acs.est.6b01197,BAF,1.84,3.543396210098103,,False
final_similarity70_0,similarity70_cluster_0,primary216,42,extra_trees_structure_context,BIO_5791,CMP_5bc76544fcbe477197d1,10.1021/acs.est.6b01197,BAF,4.03,3.761130521935364,,False
final_similarity70_0,similarity70_cluster_0,primary216,42,extra_trees_structure_context,BIO_5907,CMP_a97661d9260d026cb14f,10.1021/acs.est.6b01197,BAF,1.98,2.3547587160872747,,False
final_similarity70_0,similarity70_cluster_0,primary216,42,extra_trees_structure_context,BIO_5908,CMP_a97661d9260d026cb14f,10.1021/acs.est.6b01197,BAF,2.01,2.3547587160872747,,False
final_similarity70_0,similarity70_cluster_0,primary216,42,extra_trees_structure_context,BIO_6095,CMP_8e58943e0a19095fb6f4,10.1021/acs.est.6b01197,BAF,3.5800000000000005,3.635834639586728,,False
final_similarity70_0,similarity70_cluster_0,primary216,42,extra_trees_structure_context,BIO_6096,CMP_8e58943e0a19095fb6f4,10.1021/acs.est.6b01197,BAF,3.3500000000000005,3.635834639586728,,False
final_similarity70_0,similarity70_cluster_0,primary216,42,extra_trees_structure_context,BIO_6195,CMP_d156c7f61581a866704b,10.1021/acs.est.6b01197,BAF,2.34,3.1625866387896093,,False
final_similarity70_0,similarity70_cluster_0,primary216,42,extra_trees_structure_context,BIO_6196,CMP_d156c7f61581a866704b,10.1021/acs.est.6b01197,BAF,2.3000000000000003,2.930230565287568,,False
final_similarity70_0,similarity70_cluster_0,primary216,42,extra_trees_structure_context,BIO_6197,CMP_d156c7f61581a866704b,10.1021/acs.est.6b01197,BAF,2.5200000000000005,3.1625866387896093,,False
final_similarity70_0,similarity70_cluster_0,primary216,42,extra_trees_structure_context,BIO_6251,CMP_d156c7f61581a866704b,10.1021/acs.est.9b04906,BAF,0.9405164849325672,3.3413515838450127,,False
final_similarity70_0,similarity70_cluster_0,primary216,42,extra_trees_structure_context,BIO_6506,CMP_ba6c40d3726d16919ab2,10.1021/acs.est.6b01197,BAF,5.340000000000001,3.778670024075665,,False
final_similarity70_0,similarity70_cluster_0,primary216,42,extra_trees_structure_context,BIO_6507,CMP_ba6c40d3726d16919ab2,10.1021/acs.est.6b01197,BAF,5.200000000000001,3.778670024075665,,False
final_similarity70_0,similarity70_cluster_0,primary216,42,extra_trees_structure_context,BIO_6558,CMP_d156c7f61581a866704b,10.1021/acs.est.7b02399,BAF,1.3010299956639813,3.149470932639642,,False
final_similarity70_0,similarity70_cluster_0,primary216,42,extra_trees_structure_context,BIO_6559,CMP_d156c7f61581a866704b,10.1021/acs.est.7b02399,BAF,2.5538830266438746,3.149470932639642,,False
final_similarity70_0,similarity70_cluster_0,primary216,42,extra_trees_structure_context,BIO_6560,CMP_d156c7f61581a866704b,10.1021/acs.est.7b02399,BAF,2.03342375548695,3.149470932639642,,False
final_similarity70_0,similarity70_cluster_0,primary216,42,extra_trees_structure_context,BIO_6561,CMP_d156c7f61581a866704b,10.1021/acs.est.7b02399,BAF,3.096910013008056,3.149470932639642,,False
final_similarity70_0,similarity70_cluster_0,primary216,42,extra_trees_structure_context,BIO_6562,CMP_d156c7f61581a866704b,10.1021/acs.est.7b02399,BAF,2.576341350205793,3.149470932639642,,False
final_similarity70_0,similarity70_cluster_0,primary216,42,extra_trees_structure_context,BIO_6563,CMP_d156c7f61581a866704b,10.1021/acs.est.7b02399,BAF,2.660865478003869,3.149470932639642,,False
final_similarity70_0,similarity70_cluster_0,primary216,42,extra_trees_structure_context,BIO_6567,CMP_8e58943e0a19095fb6f4,10.1021/acs.est.7b02399,BAF,1.6812412373755872,3.75716090354089,,False
final_similarity70_0,similarity70_cluster_0,primary216,42,extra_trees_structure_context,BIO_6568,CMP_8e58943e0a19095fb6f4,10.1021/acs.est.7b02399,BAF,2.6503075231319366,3.75716090354089,,False
final_similarity70_0,similarity70_cluster_0,primary216,42,extra_trees_structure_context,BIO_6569,CMP_8e58943e0a19095fb6f4,10.1021/acs.est.7b02399,BAF,2.7860412102425545,3.75716090354089,,False
final_similarity70_0,similarity70_cluster_0,primary216,42,extra_trees_structure_context,BIO_6570,CMP_8e58943e0a19095fb6f4,10.1021/acs.est.7b02399,BAF,3.318063334962761,3.75716090354089,,False
final_similarity70_0,similarity70_cluster_0,primary216,42,extra_trees_structure_context,BIO_6571,CMP_8e58943e0a19095fb6f4,10.1021/acs.est.7b02399,BAF,3.1398790864012365,3.75716090354089,,False
final_similarity70_0,similarity70_cluster_0,primary216,42,extra_trees_structure_context,BIO_6572,CMP_8e58943e0a19095fb6f4,10.1021/acs.est.7b02399,BAF,3.752816431188272,3.75716090354089,,False
final_similarity70_0,similarity70_cluster_0,primary216,42,extra_trees_structure_context,BIO_6580,CMP_5bc76544fcbe477197d1,10.1021/acs.est.7b02399,BAF,1.9493900066449128,3.948988287508111,,False
final_similarity70_0,similarity70_cluster_0,primary216,42,extra_trees_structure_context,BIO_6581,CMP_5bc76544fcbe477197d1,10.1021/acs.est.7b02399,BAF,3.103803720955957,3.948988287508111,,False
final_similarity70_0,similarity70_cluster_0,primary216,42,extra_trees_structure_context,BIO_6582,CMP_5bc76544fcbe477197d1,10.1021/acs.est.7b02399,BAF,3.3502480183341627,3.948988287508111,,False
final_similarity70_0,similarity70_cluster_0,primary216,42,extra_trees_structure_context,BIO_6583,CMP_5bc76544fcbe477197d1,10.1021/acs.est.7b02399,BAF,3.505149978319906,3.948988287508111,,False
final_similarity70_0,similarity70_cluster_0,primary216,42,extra_trees_structure_context,BIO_6584,CMP_5bc76544fcbe477197d1,10.1021/acs.est.7b02399,BAF,3.45484486000851,3.948988287508111,,False
final_similarity70_0,similarity70_cluster_0,primary216,42,extra_trees_structure_context,BIO_6585,CMP_5bc76544fcbe477197d1,10.1021/acs.est.7b02399,BAF,3.8674674878590514,3.948988287508111,,False
final_similarity70_0,similarity70_cluster_0,primary216,42,extra_trees_structure_context,BIO_6593,CMP_ba6c40d3726d16919ab2,10.1021/acs.est.7b02399,BAF,3.012837224705172,3.9618280109860953,,False
final_similarity70_0,similarity70_cluster_0,primary216,42,extra_trees_structure_context,BIO_6594,CMP_ba6c40d3726d16919ab2,10.1021/acs.est.7b02399,BAF,3.840733234611807,3.9618280109860953,,False
final_similarity70_0,similarity70_cluster_0,primary216,42,extra_trees_structure_context,BIO_6595,CMP_ba6c40d3726d16919ab2,10.1021/acs.est.7b02399,BAF,3.99563519459755,3.9618280109860953,,False
final_similarity70_0,similarity70_cluster_0,primary216,42,extra_trees_structure_context,BIO_6596,CMP_ba6c40d3726d16919ab2,10.1021/acs.est.7b02399,BAF,4.44870631990508,3.9618280109860953,,False
final_similarity70_0,similarity70_cluster_0,primary216,42,extra_trees_structure_context,BIO_6597,CMP_ba6c40d3726d16919ab2,10.1021/acs.est.7b02399,BAF,4.429752280002408,3.9618280109860953,,False
final_similarity70_0,similarity70_cluster_0,primary216,42,extra_trees_structure_context,BIO_6598,CMP_ba6c40d3726d16919ab2,10.1021/acs.est.7b02399,BAF,4.515476441382376,3.9618280109860953,,False
final_similarity70_0,similarity70_cluster_0,primary216,42,extra_trees_structure_context,BIO_6707,CMP_622f8f0fcc1502149461,10.1021/acs.est.7b02259,BAF,0.9500000000000002,0.8091666666666688,,False
final_similarity70_0,similarity70_cluster_0,primary216,42,extra_trees_structure_context,BIO_6708,CMP_622f8f0fcc1502149461,10.1021/acs.est.7b02259,BAF,0.37,0.8091666666666688,,False
final_similarity70_0,similarity70_cluster_0,primary216,42,extra_trees_structure_context,BIO_6709,CMP_1e0abf78953775c0134f,10.1021/acs.est.7b02259,BAF,0.56,0.8091666666666688,,False
final_similarity70_0,similarity70_cluster_0,primary216,42,extra_trees_structure_context,BIO_6710,CMP_1e0abf78953775c0134f,10.1021/acs.est.7b02259,BAF,0.0099999999999999,0.8091666666666688,,False
final_similarity70_0,similarity70_cluster_0,primary216,42,extra_trees_structure_context,BIO_6711,CMP_d645aa79f55e85d0da2e,10.1021/acs.est.7b02259,BAF,0.4900000000000001,1.2722314051061914,,False
final_similarity70_0,similarity70_cluster_0,primary216,42,extra_trees_structure_context,BIO_6712,CMP_d645aa79f55e85d0da2e,10.1021/acs.est.7b02259,BAF,-0.08,1.2722314051061914,,False
final_similarity70_0,similarity70_cluster_0,primary216,42,extra_trees_structure_context,BIO_6713,CMP_a97661d9260d026cb14f,10.1021/acs.est.7b02259,BAF,1.1000000000000003,2.3033156149117677,,False
final_similarity70_0,similarity70_cluster_0,primary216,42,extra_trees_structure_context,BIO_6714,CMP_a97661d9260d026cb14f,10.1021/acs.est.7b02259,BAF,0.6100000000000001,2.3033156149117677,,False
final_similarity70_0,similarity70_cluster_0,primary216,42,extra_trees_structure_context,BIO_6715,CMP_a97661d9260d026cb14f,10.1021/acs.est.7b02259,BAF,-0.2700000000000001,2.3033156149117677,,False
final_similarity70_0,similarity70_cluster_0,primary216,42,extra_trees_structure_context,BIO_6716,CMP_d156c7f61581a866704b,10.1021/acs.est.7b02259,BAF,1.93,3.408796364663216,,False
final_similarity70_0,similarity70_cluster_0,primary216,42,extra_trees_structure_context,BIO_6717,CMP_d156c7f61581a866704b,10.1021/acs.est.7b02259,BAF,1.2400000000000002,3.3258150484410867,,False
final_similarity70_0,similarity70_cluster_0,primary216,42,extra_trees_structure_context,BIO_6718,CMP_d156c7f61581a866704b,10.1021/acs.est.7b02259,BAF,0.4599999999999999,3.030678957455302,,False
final_similarity70_0,similarity70_cluster_0,primary216,42,extra_trees_structure_context,BIO_6719,CMP_8e58943e0a19095fb6f4,10.1021/acs.est.7b02259,BAF,3.01,4.0324474789647375,,False
final_similarity70_0,similarity70_cluster_0,primary216,42,extra_trees_structure_context,BIO_6720,CMP_8e58943e0a19095fb6f4,10.1021/acs.est.7b02259,BAF,2.42,3.8748277797534345,,False
final_similarity70_0,similarity70_cluster_0,primary216,42,extra_trees_structure_context,BIO_6721,CMP_8e58943e0a19095fb6f4,10.1021/acs.est.7b02259,BAF,1.6800000000000002,3.2834119273097486,,False
final_similarity70_0,similarity70_cluster_0,primary216,42,extra_trees_structure_context,BIO_6722,CMP_5bc76544fcbe477197d1,10.1021/acs.est.7b02259,BAF,3.9,4.219149837099566,,False
final_similarity70_0,similarity70_cluster_0,primary216,42,extra_trees_structure_context,BIO_6723,CMP_5bc76544fcbe477197d1,10.1021/acs.est.7b02259,BAF,3.390000000000001,4.037099664342054,,False
final_similarity70_0,similarity70_cluster_0,primary216,42,extra_trees_structure_context,BIO_6724,CMP_5bc76544fcbe477197d1,10.1021/acs.est.7b02259,BAF,2.64,3.370748882564674,,False
final_similarity70_0,similarity70_cluster_0,primary216,42,extra_trees_structure_context,BIO_6725,CMP_ba6c40d3726d16919ab2,10.1021/acs.est.7b02259,BAF,4.430000000000001,4.231907793238326,,False
final_similarity70_0,similarity70_cluster_0,primary216,42,extra_trees_structure_context,BIO_6726,CMP_ba6c40d3726d16919ab2,10.1021/acs.est.7b02259,BAF,3.9100000000000006,4.047457957490619,,False
final_similarity70_0,similarity70_cluster_0,primary216,42,extra_trees_structure_context,BIO_6727,CMP_ba6c40d3726d16919ab2,10.1021/acs.est.7b02259,BAF,3.1700000000000004,3.3790301325646737,,False
final_similarity70_0,similarity70_cluster_0,primary216,42,extra_trees_structure_context,BIO_6728,CMP_812738d2ca27e93d42c8,10.1021/acs.est.7b02259,BAF,4.7700000000000005,4.239980709904993,,False
final_similarity70_0,similarity70_cluster_0,primary216,42,extra_trees_structure_context,BIO_6729,CMP_812738d2ca27e93d42c8,10.1021/acs.est.7b02259,BAF,4.32,4.055530874157285,,False
final_similarity70_0,similarity70_cluster_0,primary216,42,extra_trees_structure_context,BIO_6730,CMP_812738d2ca27e93d42c8,10.1021/acs.est.7b02259,BAF,3.620000000000001,3.3871030492313405,,False
final_similarity70_0,similarity70_cluster_0,primary216,42,hist_gradient_structure_context,BIO_5789,CMP_5bc76544fcbe477197d1,10.1021/acs.est.6b01197,BAF,4.170000000000001,4.516596824904172,,False
final_similarity70_0,similarity70_cluster_0,primary216,42,hist_gradient_structure_context,BIO_5790,CMP_5bc76544fcbe477197d1,10.1021/acs.est.6b01197,BAF,1.84,4.388362426331151,,False
final_similarity70_0,similarity70_cluster_0,primary216,42,hist_gradient_structure_context,BIO_5791,CMP_5bc76544fcbe477197d1,10.1021/acs.est.6b01197,BAF,4.03,4.516596824904172,,False
final_similarity70_0,similarity70_cluster_0,primary216,42,hist_gradient_structure_context,BIO_5907,CMP_a97661d9260d026cb14f,10.1021/acs.est.6b01197,BAF,1.98,2.3652236800183024,,False
final_similarity70_0,similarity70_cluster_0,primary216,42,hist_gradient_structure_context,BIO_5908,CMP_a97661d9260d026cb14f,10.1021/acs.est.6b01197,BAF,2.01,2.3652236800183024,,False
final_similarity70_0,similarity70_cluster_0,primary216,42,hist_gradient_structure_context,BIO_6095,CMP_8e58943e0a19095fb6f4,10.1021/acs.est.6b01197,BAF,3.5800000000000005,3.125996304129296,,False
final_similarity70_0,similarity70_cluster_0,primary216,42,hist_gradient_structure_context,BIO_6096,CMP_8e58943e0a19095fb6f4,10.1021/acs.est.6b01197,BAF,3.3500000000000005,3.125996304129296,,False
final_similarity70_0,similarity70_cluster_0,primary216,42,hist_gradient_structure_context,BIO_6195,CMP_d156c7f61581a866704b,10.1021/acs.est.6b01197,BAF,2.34,2.5483771387395477,,False
final_similarity70_0,similarity70_cluster_0,primary216,42,hist_gradient_structure_context,BIO_6196,CMP_d156c7f61581a866704b,10.1021/acs.est.6b01197,BAF,2.3000000000000003,2.420142740166526,,False
final_similarity70_0,similarity70_cluster_0,primary216,42,hist_gradient_structure_context,BIO_6197,CMP_d156c7f61581a866704b,10.1021/acs.est.6b01197,BAF,2.5200000000000005,2.5483771387395477,,False
final_similarity70_0,similarity70_cluster_0,primary216,42,hist_gradient_structure_context,BIO_6251,CMP_d156c7f61581a866704b,10.1021/acs.est.9b04906,BAF,0.9405164849325672,2.580578625081203,,False
final_similarity70_0,similarity70_cluster_0,primary216,42,hist_gradient_structure_context,BIO_6506,CMP_ba6c40d3726d16919ab2,10.1021/acs.est.6b01197,BAF,5.340000000000001,4.516596824904172,,False
final_similarity70_0,similarity70_cluster_0,primary216,42,hist_gradient_structure_context,BIO_6507,CMP_ba6c40d3726d16919ab2,10.1021/acs.est.6b01197,BAF,5.200000000000001,4.516596824904172,,False
final_similarity70_0,similarity70_cluster_0,primary216,42,hist_gradient_structure_context,BIO_6558,CMP_d156c7f61581a866704b,10.1021/acs.est.7b02399,BAF,1.3010299956639813,2.420142740166526,,False
final_similarity70_0,similarity70_cluster_0,primary216,42,hist_gradient_structure_context,BIO_6559,CMP_d156c7f61581a866704b,10.1021/acs.est.7b02399,BAF,2.5538830266438746,2.420142740166526,,False
final_similarity70_0,similarity70_cluster_0,primary216,42,hist_gradient_structure_context,BIO_6560,CMP_d156c7f61581a866704b,10.1021/acs.est.7b02399,BAF,2.03342375548695,2.420142740166526,,False
final_similarity70_0,similarity70_cluster_0,primary216,42,hist_gradient_structure_context,BIO_6561,CMP_d156c7f61581a866704b,10.1021/acs.est.7b02399,BAF,3.096910013008056,2.420142740166526,,False
final_similarity70_0,similarity70_cluster_0,primary216,42,hist_gradient_structure_context,BIO_6562,CMP_d156c7f61581a866704b,10.1021/acs.est.7b02399,BAF,2.576341350205793,2.420142740166526,,False
final_similarity70_0,similarity70_cluster_0,primary216,42,hist_gradient_structure_context,BIO_6563,CMP_d156c7f61581a866704b,10.1021/acs.est.7b02399,BAF,2.660865478003869,2.420142740166526,,False
final_similarity70_0,similarity70_cluster_0,primary216,42,hist_gradient_structure_context,BIO_6567,CMP_8e58943e0a19095fb6f4,10.1021/acs.est.7b02399,BAF,1.6812412373755872,2.9977619055562745,,False
final_similarity70_0,similarity70_cluster_0,primary216,42,hist_gradient_structure_context,BIO_6568,CMP_8e58943e0a19095fb6f4,10.1021/acs.est.7b02399,BAF,2.6503075231319366,2.9977619055562745,,False
final_similarity70_0,similarity70_cluster_0,primary216,42,hist_gradient_structure_context,BIO_6569,CMP_8e58943e0a19095fb6f4,10.1021/acs.est.7b02399,BAF,2.7860412102425545,2.9977619055562745,,False
final_similarity70_0,similarity70_cluster_0,primary216,42,hist_gradient_structure_context,BIO_6570,CMP_8e58943e0a19095fb6f4,10.1021/acs.est.7b02399,BAF,3.318063334962761,2.9977619055562745,,False
final_similarity70_0,similarity70_cluster_0,primary216,42,hist_gradient_structure_context,BIO_6571,CMP_8e58943e0a19095fb6f4,10.1021/acs.est.7b02399,BAF,3.1398790864012365,2.9977619055562745,,False
final_similarity70_0,similarity70_cluster_0,primary216,42,hist_gradient_structure_context,BIO_6572,CMP_8e58943e0a19095fb6f4,10.1021/acs.est.7b02399,BAF,3.752816431188272,2.9977619055562745,,False
final_similarity70_0,similarity70_cluster_0,primary216,42,hist_gradient_structure_context,BIO_6580,CMP_5bc76544fcbe477197d1,10.1021/acs.est.7b02399,BAF,1.9493900066449128,4.388362426331151,,False
final_similarity70_0,similarity70_cluster_0,primary216,42,hist_gradient_structure_context,BIO_6581,CMP_5bc76544fcbe477197d1,10.1021/acs.est.7b02399,BAF,3.103803720955957,4.388362426331151,,False
final_similarity70_0,similarity70_cluster_0,primary216,42,hist_gradient_structure_context,BIO_6582,CMP_5bc76544fcbe477197d1,10.1021/acs.est.7b02399,BAF,3.3502480183341627,4.388362426331151,,False
final_similarity70_0,similarity70_cluster_0,primary216,42,hist_gradient_structure_context,BIO_6583,CMP_5bc76544fcbe477197d1,10.1021/acs.est.7b02399,BAF,3.505149978319906,4.388362426331151,,False
final_similarity70_0,similarity70_cluster_0,primary216,42,hist_gradient_structure_context,BIO_6584,CMP_5bc76544fcbe477197d1,10.1021/acs.est.7b02399,BAF,3.45484486000851,4.388362426331151,,False
final_similarity70_0,similarity70_cluster_0,primary216,42,hist_gradient_structure_context,BIO_6585,CMP_5bc76544fcbe477197d1,10.1021/acs.est.7b02399,BAF,3.8674674878590514,4.388362426331151,,False
final_similarity70_0,similarity70_cluster_0,primary216,42,hist_gradient_structure_context,BIO_6593,CMP_ba6c40d3726d16919ab2,10.1021/acs.est.7b02399,BAF,3.012837224705172,4.388362426331151,,False
final_similarity70_0,similarity70_cluster_0,primary216,42,hist_gradient_structure_context,BIO_6594,CMP_ba6c40d3726d16919ab2,10.1021/acs.est.7b02399,BAF,3.840733234611807,4.388362426331151,,False
final_similarity70_0,similarity70_cluster_0,primary216,42,hist_gradient_structure_context,BIO_6595,CMP_ba6c40d3726d16919ab2,10.1021/acs.est.7b02399,BAF,3.99563519459755,4.388362426331151,,False
final_similarity70_0,similarity70_cluster_0,primary216,42,hist_gradient_structure_context,BIO_6596,CMP_ba6c40d3726d16919ab2,10.1021/acs.est.7b02399,BAF,4.44870631990508,4.388362426331151,,False
final_similarity70_0,similarity70_cluster_0,primary216,42,hist_gradient_structure_context,BIO_6597,CMP_ba6c40d3726d16919ab2,10.1021/acs.est.7b02399,BAF,4.429752280002408,4.388362426331151,,False
final_similarity70_0,similarity70_cluster_0,primary216,42,hist_gradient_structure_context,BIO_6598,CMP_ba6c40d3726d16919ab2,10.1021/acs.est.7b02399,BAF,4.515476441382376,4.388362426331151,,False
final_similarity70_0,similarity70_cluster_0,primary216,42,hist_gradient_structure_context,BIO_6707,CMP_622f8f0fcc1502149461,10.1021/acs.est.7b02259,BAF,0.9500000000000002,1.6827716940710713,,False
final_similarity70_0,similarity70_cluster_0,primary216,42,hist_gradient_structure_context,BIO_6708,CMP_622f8f0fcc1502149461,10.1021/acs.est.7b02259,BAF,0.37,1.6827716940710713,,False
final_similarity70_0,similarity70_cluster_0,primary216,42,hist_gradient_structure_context,BIO_6709,CMP_1e0abf78953775c0134f,10.1021/acs.est.7b02259,BAF,0.56,1.6827716940710713,,False
final_similarity70_0,similarity70_cluster_0,primary216,42,hist_gradient_structure_context,BIO_6710,CMP_1e0abf78953775c0134f,10.1021/acs.est.7b02259,BAF,0.0099999999999999,1.6827716940710713,,False
final_similarity70_0,similarity70_cluster_0,primary216,42,hist_gradient_structure_context,BIO_6711,CMP_d645aa79f55e85d0da2e,10.1021/acs.est.7b02259,BAF,0.4900000000000001,1.6827716940710713,,False
final_similarity70_0,similarity70_cluster_0,primary216,42,hist_gradient_structure_context,BIO_6712,CMP_d645aa79f55e85d0da2e,10.1021/acs.est.7b02259,BAF,-0.08,1.6827716940710713,,False
final_similarity70_0,similarity70_cluster_0,primary216,42,hist_gradient_structure_context,BIO_6713,CMP_a97661d9260d026cb14f,10.1021/acs.est.7b02259,BAF,1.1000000000000003,2.353496975649863,,False
final_similarity70_0,similarity70_cluster_0,primary216,42,hist_gradient_structure_context,BIO_6714,CMP_a97661d9260d026cb14f,10.1021/acs.est.7b02259,BAF,0.6100000000000001,2.353496975649863,,False
final_similarity70_0,similarity70_cluster_0,primary216,42,hist_gradient_structure_context,BIO_6715,CMP_a97661d9260d026cb14f,10.1021/acs.est.7b02259,BAF,-0.2700000000000001,2.353496975649863,,False
final_similarity70_0,similarity70_cluster_0,primary216,42,hist_gradient_structure_context,BIO_6716,CMP_d156c7f61581a866704b,10.1021/acs.est.7b02259,BAF,1.93,2.568851920712764,,False
final_similarity70_0,similarity70_cluster_0,primary216,42,hist_gradient_structure_context,BIO_6717,CMP_d156c7f61581a866704b,10.1021/acs.est.7b02259,BAF,1.2400000000000002,2.568851920712764,,False
final_similarity70_0,similarity70_cluster_0,primary216,42,hist_gradient_structure_context,BIO_6718,CMP_d156c7f61581a866704b,10.1021/acs.est.7b02259,BAF,0.4599999999999999,2.568851920712764,,False
final_similarity70_0,similarity70_cluster_0,primary216,42,hist_gradient_structure_context,BIO_6719,CMP_8e58943e0a19095fb6f4,10.1021/acs.est.7b02259,BAF,3.01,3.146471086102512,,False
final_similarity70_0,similarity70_cluster_0,primary216,42,hist_gradient_structure_context,BIO_6720,CMP_8e58943e0a19095fb6f4,10.1021/acs.est.7b02259,BAF,2.42,3.146471086102512,,False
final_similarity70_0,similarity70_cluster_0,primary216,42,hist_gradient_structure_context,BIO_6721,CMP_8e58943e0a19095fb6f4,10.1021/acs.est.7b02259,BAF,1.6800000000000002,3.146471086102512,,False
final_similarity70_0,similarity70_cluster_0,primary216,42,hist_gradient_structure_context,BIO_6722,CMP_5bc76544fcbe477197d1,10.1021/acs.est.7b02259,BAF,3.9,4.537071606877387,,False
final_similarity70_0,similarity70_cluster_0,primary216,42,hist_gradient_structure_context,BIO_6723,CMP_5bc76544fcbe477197d1,10.1021/acs.est.7b02259,BAF,3.390000000000001,4.537071606877387,,False
final_similarity70_0,similarity70_cluster_0,primary216,42,hist_gradient_structure_context,BIO_6724,CMP_5bc76544fcbe477197d1,10.1021/acs.est.7b02259,BAF,2.64,4.537071606877387,,False
final_similarity70_0,similarity70_cluster_0,primary216,42,hist_gradient_structure_context,BIO_6725,CMP_ba6c40d3726d16919ab2,10.1021/acs.est.7b02259,BAF,4.430000000000001,4.537071606877387,,False
final_similarity70_0,similarity70_cluster_0,primary216,42,hist_gradient_structure_context,BIO_6726,CMP_ba6c40d3726d16919ab2,10.1021/acs.est.7b02259,BAF,3.9100000000000006,4.537071606877387,,False
final_similarity70_0,similarity70_cluster_0,primary216,42,hist_gradient_structure_context,BIO_6727,CMP_ba6c40d3726d16919ab2,10.1021/acs.est.7b02259,BAF,3.1700000000000004,4.537071606877387,,False
final_similarity70_0,similarity70_cluster_0,primary216,42,hist_gradient_structure_context,BIO_6728,CMP_812738d2ca27e93d42c8,10.1021/acs.est.7b02259,BAF,4.7700000000000005,4.537071606877387,,False
final_similarity70_0,similarity70_cluster_0,primary216,42,hist_gradient_structure_context,BIO_6729,CMP_812738d2ca27e93d42c8,10.1021/acs.est.7b02259,BAF,4.32,4.537071606877387,,False
final_similarity70_0,similarity70_cluster_0,primary216,42,hist_gradient_structure_context,BIO_6730,CMP_812738d2ca27e93d42c8,10.1021/acs.est.7b02259,BAF,3.620000000000001,4.537071606877387,,False
final_similarity70_0,similarity70_cluster_0,primary216,42,nearest_chemical_context,BIO_5789,CMP_5bc76544fcbe477197d1,10.1021/acs.est.6b01197,BAF,4.170000000000001,0.8600000000000001,,False
final_similarity70_0,similarity70_cluster_0,primary216,42,nearest_chemical_context,BIO_5790,CMP_5bc76544fcbe477197d1,10.1021/acs.est.6b01197,BAF,1.84,0.8600000000000001,,False
final_similarity70_0,similarity70_cluster_0,primary216,42,nearest_chemical_context,BIO_5791,CMP_5bc76544fcbe477197d1,10.1021/acs.est.6b01197,BAF,4.03,0.8600000000000001,,False
final_similarity70_0,similarity70_cluster_0,primary216,42,nearest_chemical_context,BIO_5907,CMP_a97661d9260d026cb14f,10.1021/acs.est.6b01197,BAF,1.98,0.8600000000000001,,False
final_similarity70_0,similarity70_cluster_0,primary216,42,nearest_chemical_context,BIO_5908,CMP_a97661d9260d026cb14f,10.1021/acs.est.6b01197,BAF,2.01,0.8600000000000001,,False
final_similarity70_0,similarity70_cluster_0,primary216,42,nearest_chemical_context,BIO_6095,CMP_8e58943e0a19095fb6f4,10.1021/acs.est.6b01197,BAF,3.5800000000000005,0.8600000000000001,,False
final_similarity70_0,similarity70_cluster_0,primary216,42,nearest_chemical_context,BIO_6096,CMP_8e58943e0a19095fb6f4,10.1021/acs.est.6b01197,BAF,3.3500000000000005,0.8600000000000001,,False
final_similarity70_0,similarity70_cluster_0,primary216,42,nearest_chemical_context,BIO_6195,CMP_d156c7f61581a866704b,10.1021/acs.est.6b01197,BAF,2.34,0.8600000000000001,,False
final_similarity70_0,similarity70_cluster_0,primary216,42,nearest_chemical_context,BIO_6196,CMP_d156c7f61581a866704b,10.1021/acs.est.6b01197,BAF,2.3000000000000003,0.8600000000000001,,False
final_similarity70_0,similarity70_cluster_0,primary216,42,nearest_chemical_context,BIO_6197,CMP_d156c7f61581a866704b,10.1021/acs.est.6b01197,BAF,2.5200000000000005,0.8600000000000001,,False
final_similarity70_0,similarity70_cluster_0,primary216,42,nearest_chemical_context,BIO_6251,CMP_d156c7f61581a866704b,10.1021/acs.est.9b04906,BAF,0.9405164849325672,0.8600000000000001,,False
final_similarity70_0,similarity70_cluster_0,primary216,42,nearest_chemical_context,BIO_6506,CMP_ba6c40d3726d16919ab2,10.1021/acs.est.6b01197,BAF,5.340000000000001,0.8600000000000001,,False
final_similarity70_0,similarity70_cluster_0,primary216,42,nearest_chemical_context,BIO_6507,CMP_ba6c40d3726d16919ab2,10.1021/acs.est.6b01197,BAF,5.200000000000001,0.8600000000000001,,False
final_similarity70_0,similarity70_cluster_0,primary216,42,nearest_chemical_context,BIO_6558,CMP_d156c7f61581a866704b,10.1021/acs.est.7b02399,BAF,1.3010299956639813,0.8600000000000001,,False
final_similarity70_0,similarity70_cluster_0,primary216,42,nearest_chemical_context,BIO_6559,CMP_d156c7f61581a866704b,10.1021/acs.est.7b02399,BAF,2.5538830266438746,0.8600000000000001,,False
final_similarity70_0,similarity70_cluster_0,primary216,42,nearest_chemical_context,BIO_6560,CMP_d156c7f61581a866704b,10.1021/acs.est.7b02399,BAF,2.03342375548695,0.8600000000000001,,False
final_similarity70_0,similarity70_cluster_0,primary216,42,nearest_chemical_context,BIO_6561,CMP_d156c7f61581a866704b,10.1021/acs.est.7b02399,BAF,3.096910013008056,0.8600000000000001,,False
final_similarity70_0,similarity70_cluster_0,primary216,42,nearest_chemical_context,BIO_6562,CMP_d156c7f61581a866704b,10.1021/acs.est.7b02399,BAF,2.576341350205793,0.8600000000000001,,False
final_similarity70_0,similarity70_cluster_0,primary216,42,nearest_chemical_context,BIO_6563,CMP_d156c7f61581a866704b,10.1021/acs.est.7b02399,BAF,2.660865478003869,0.8600000000000001,,False
final_similarity70_0,similarity70_cluster_0,primary216,42,nearest_chemical_context,BIO_6567,CMP_8e58943e0a19095fb6f4,10.1021/acs.est.7b02399,BAF,1.6812412373755872,0.8600000000000001,,False
final_similarity70_0,similarity70_cluster_0,primary216,42,nearest_chemical_context,BIO_6568,CMP_8e58943e0a19095fb6f4,10.1021/acs.est.7b02399,BAF,2.6503075231319366,0.8600000000000001,,False
final_similarity70_0,similarity70_cluster_0,primary216,42,nearest_chemical_context,BIO_6569,CMP_8e58943e0a19095fb6f4,10.1021/acs.est.7b02399,BAF,2.7860412102425545,0.8600000000000001,,False
final_similarity70_0,similarity70_cluster_0,primary216,42,nearest_chemical_context,BIO_6570,CMP_8e58943e0a19095fb6f4,10.1021/acs.est.7b02399,BAF,3.318063334962761,0.8600000000000001,,False
final_similarity70_0,similarity70_cluster_0,primary216,42,nearest_chemical_context,BIO_6571,CMP_8e58943e0a19095fb6f4,10.1021/acs.est.7b02399,BAF,3.1398790864012365,0.8600000000000001,,False
final_similarity70_0,similarity70_cluster_0,primary216,42,nearest_chemical_context,BIO_6572,CMP_8e58943e0a19095fb6f4,10.1021/acs.est.7b02399,BAF,3.752816431188272,0.8600000000000001,,False
final_similarity70_0,similarity70_cluster_0,primary216,42,nearest_chemical_context,BIO_6580,CMP_5bc76544fcbe477197d1,10.1021/acs.est.7b02399,BAF,1.9493900066449128,0.8600000000000001,,False
final_similarity70_0,similarity70_cluster_0,primary216,42,nearest_chemical_context,BIO_6581,CMP_5bc76544fcbe477197d1,10.1021/acs.est.7b02399,BAF,3.103803720955957,0.8600000000000001,,False
final_similarity70_0,similarity70_cluster_0,primary216,42,nearest_chemical_context,BIO_6582,CMP_5bc76544fcbe477197d1,10.1021/acs.est.7b02399,BAF,3.3502480183341627,0.8600000000000001,,False
final_similarity70_0,similarity70_cluster_0,primary216,42,nearest_chemical_context,BIO_6583,CMP_5bc76544fcbe477197d1,10.1021/acs.est.7b02399,BAF,3.505149978319906,0.8600000000000001,,False
final_similarity70_0,similarity70_cluster_0,primary216,42,nearest_chemical_context,BIO_6584,CMP_5bc76544fcbe477197d1,10.1021/acs.est.7b02399,BAF,3.45484486000851,0.8600000000000001,,False
final_similarity70_0,similarity70_cluster_0,primary216,42,nearest_chemical_context,BIO_6585,CMP_5bc76544fcbe477197d1,10.1021/acs.est.7b02399,BAF,3.8674674878590514,0.8600000000000001,,False
final_similarity70_0,similarity70_cluster_0,primary216,42,nearest_chemical_context,BIO_6593,CMP_ba6c40d3726d16919ab2,10.1021/acs.est.7b02399,BAF,3.012837224705172,0.8600000000000001,,False
final_similarity70_0,similarity70_cluster_0,primary216,42,nearest_chemical_context,BIO_6594,CMP_ba6c40d3726d16919ab2,10.1021/acs.est.7b02399,BAF,3.840733234611807,0.8600000000000001,,False
final_similarity70_0,similarity70_cluster_0,primary216,42,nearest_chemical_context,BIO_6595,CMP_ba6c40d3726d16919ab2,10.1021/acs.est.7b02399,BAF,3.99563519459755,0.8600000000000001,,False
final_similarity70_0,similarity70_cluster_0,primary216,42,nearest_chemical_context,BIO_6596,CMP_ba6c40d3726d16919ab2,10.1021/acs.est.7b02399,BAF,4.44870631990508,0.8600000000000001,,False
final_similarity70_0,similarity70_cluster_0,primary216,42,nearest_chemical_context,BIO_6597,CMP_ba6c40d3726d16919ab2,10.1021/acs.est.7b02399,BAF,4.429752280002408,0.8600000000000001,,False
final_similarity70_0,similarity70_cluster_0,primary216,42,nearest_chemical_context,BIO_6598,CMP_ba6c40d3726d16919ab2,10.1021/acs.est.7b02399,BAF,4.515476441382376,0.8600000000000001,,False
final_similarity70_0,similarity70_cluster_0,primary216,42,nearest_chemical_context,BIO_6707,CMP_622f8f0fcc1502149461,10.1021/acs.est.7b02259,BAF,0.9500000000000002,0.8600000000000001,,False
final_similarity70_0,similarity70_cluster_0,primary216,42,nearest_chemical_context,BIO_6708,CMP_622f8f0fcc1502149461,10.1021/acs.est.7b02259,BAF,0.37,0.5000000000000001,,False
final_similarity70_0,similarity70_cluster_0,primary216,42,nearest_chemical_context,BIO_6709,CMP_1e0abf78953775c0134f,10.1021/acs.est.7b02259,BAF,0.56,0.8600000000000001,,False
final_similarity70_0,similarity70_cluster_0,primary216,42,nearest_chemical_context,BIO_6710,CMP_1e0abf78953775c0134f,10.1021/acs.est.7b02259,BAF,0.0099999999999999,0.5000000000000001,,False
final_similarity70_0,similarity70_cluster_0,primary216,42,nearest_chemical_context,BIO_6711,CMP_d645aa79f55e85d0da2e,10.1021/acs.est.7b02259,BAF,0.4900000000000001,0.8600000000000001,,False
final_similarity70_0,similarity70_cluster_0,primary216,42,nearest_chemical_context,BIO_6712,CMP_d645aa79f55e85d0da2e,10.1021/acs.est.7b02259,BAF,-0.08,0.5000000000000001,,False
final_similarity70_0,similarity70_cluster_0,primary216,42,nearest_chemical_context,BIO_6713,CMP_a97661d9260d026cb14f,10.1021/acs.est.7b02259,BAF,1.1000000000000003,0.8600000000000001,,False
final_similarity70_0,similarity70_cluster_0,primary216,42,nearest_chemical_context,BIO_6714,CMP_a97661d9260d026cb14f,10.1021/acs.est.7b02259,BAF,0.6100000000000001,0.5000000000000001,,False
final_similarity70_0,similarity70_cluster_0,primary216,42,nearest_chemical_context,BIO_6715,CMP_a97661d9260d026cb14f,10.1021/acs.est.7b02259,BAF,-0.2700000000000001,0.6100000000000001,,False
final_similarity70_0,similarity70_cluster_0,primary216,42,nearest_chemical_context,BIO_6716,CMP_d156c7f61581a866704b,10.1021/acs.est.7b02259,BAF,1.93,0.8600000000000001,,False
final_similarity70_0,similarity70_cluster_0,primary216,42,nearest_chemical_context,BIO_6717,CMP_d156c7f61581a866704b,10.1021/acs.est.7b02259,BAF,1.2400000000000002,0.5000000000000001,,False
final_similarity70_0,similarity70_cluster_0,primary216,42,nearest_chemical_context,BIO_6718,CMP_d156c7f61581a866704b,10.1021/acs.est.7b02259,BAF,0.4599999999999999,0.6100000000000001,,False
final_similarity70_0,similarity70_cluster_0,primary216,42,nearest_chemical_context,BIO_6719,CMP_8e58943e0a19095fb6f4,10.1021/acs.est.7b02259,BAF,3.01,0.8600000000000001,,False
final_similarity70_0,similarity70_cluster_0,primary216,42,nearest_chemical_context,BIO_6720,CMP_8e58943e0a19095fb6f4,10.1021/acs.est.7b02259,BAF,2.42,0.5000000000000001,,False
final_similarity70_0,similarity70_cluster_0,primary216,42,nearest_chemical_context,BIO_6721,CMP_8e58943e0a19095fb6f4,10.1021/acs.est.7b02259,BAF,1.6800000000000002,0.6100000000000001,,False
final_similarity70_0,similarity70_cluster_0,primary216,42,nearest_chemical_context,BIO_6722,CMP_5bc76544fcbe477197d1,10.1021/acs.est.7b02259,BAF,3.9,0.8600000000000001,,False
final_similarity70_0,similarity70_cluster_0,primary216,42,nearest_chemical_context,BIO_6723,CMP_5bc76544fcbe477197d1,10.1021/acs.est.7b02259,BAF,3.390000000000001,0.5000000000000001,,False
final_similarity70_0,similarity70_cluster_0,primary216,42,nearest_chemical_context,BIO_6724,CMP_5bc76544fcbe477197d1,10.1021/acs.est.7b02259,BAF,2.64,0.6100000000000001,,False
final_similarity70_0,similarity70_cluster_0,primary216,42,nearest_chemical_context,BIO_6725,CMP_ba6c40d3726d16919ab2,10.1021/acs.est.7b02259,BAF,4.430000000000001,0.8600000000000001,,False
final_similarity70_0,similarity70_cluster_0,primary216,42,nearest_chemical_context,BIO_6726,CMP_ba6c40d3726d16919ab2,10.1021/acs.est.7b02259,BAF,3.9100000000000006,0.5000000000000001,,False
final_similarity70_0,similarity70_cluster_0,primary216,42,nearest_chemical_context,BIO_6727,CMP_ba6c40d3726d16919ab2,10.1021/acs.est.7b02259,BAF,3.1700000000000004,0.6100000000000001,,False
final_similarity70_0,similarity70_cluster_0,primary216,42,nearest_chemical_context,BIO_6728,CMP_812738d2ca27e93d42c8,10.1021/acs.est.7b02259,BAF,4.7700000000000005,0.8600000000000001,,False
final_similarity70_0,similarity70_cluster_0,primary216,42,nearest_chemical_context,BIO_6729,CMP_812738d2ca27e93d42c8,10.1021/acs.est.7b02259,BAF,4.32,0.5000000000000001,,False
final_similarity70_0,similarity70_cluster_0,primary216,42,nearest_chemical_context,BIO_6730,CMP_812738d2ca27e93d42c8,10.1021/acs.est.7b02259,BAF,3.620000000000001,0.6100000000000001,,False
final_similarity70_0,similarity70_cluster_0,primary216,42,simple_graph_context,BIO_5705,CMP_622f8f0fcc1502149461,10.1016/j.scitotenv.2016.05.215,BCF,2.15,1.5160162448883057,,False
final_similarity70_0,similarity70_cluster_0,primary216,42,simple_graph_context,BIO_5706,CMP_622f8f0fcc1502149461,10.1016/j.scitotenv.2016.05.215,BCF,1.8,1.5160162448883057,,False
final_similarity70_0,similarity70_cluster_0,primary216,42,simple_graph_context,BIO_5707,CMP_622f8f0fcc1502149461,10.1016/j.scitotenv.2016.05.215,BCF,0.44,1.3879605531692505,,False
final_similarity70_0,similarity70_cluster_0,primary216,42,simple_graph_context,BIO_5708,CMP_622f8f0fcc1502149461,10.1016/j.scitotenv.2016.05.215,BCF,1.05,1.3879605531692505,,False
final_similarity70_0,similarity70_cluster_0,primary216,42,simple_graph_context,BIO_5709,CMP_622f8f0fcc1502149461,10.1016/j.scitotenv.2016.05.215,BCF,1.06,1.569419264793396,,False
final_similarity70_0,similarity70_cluster_0,primary216,42,simple_graph_context,BIO_5710,CMP_622f8f0fcc1502149461,10.1016/j.scitotenv.2016.05.215,BCF,1.3,1.569419264793396,,False
final_similarity70_0,similarity70_cluster_0,primary216,42,simple_graph_context,BIO_5771,CMP_5bc76544fcbe477197d1,10.1016/j.scitotenv.2016.05.215,BCF,4.04,3.175224781036377,,False
final_similarity70_0,similarity70_cluster_0,primary216,42,simple_graph_context,BIO_5772,CMP_5bc76544fcbe477197d1,10.1016/j.scitotenv.2016.05.215,BCF,4.36,3.175224781036377,,False
final_similarity70_0,similarity70_cluster_0,primary216,42,simple_graph_context,BIO_5773,CMP_5bc76544fcbe477197d1,10.1016/j.scitotenv.2016.05.215,BCF,3.41,3.047168970108032,,False
final_similarity70_0,similarity70_cluster_0,primary216,42,simple_graph_context,BIO_5774,CMP_5bc76544fcbe477197d1,10.1016/j.scitotenv.2016.05.215,BCF,3.79,3.047168970108032,,False
final_similarity70_0,similarity70_cluster_0,primary216,42,simple_graph_context,BIO_5775,CMP_5bc76544fcbe477197d1,10.1016/j.scitotenv.2016.05.215,BCF,4.0,3.2286276817321777,,False
final_similarity70_0,similarity70_cluster_0,primary216,42,simple_graph_context,BIO_5776,CMP_5bc76544fcbe477197d1,10.1016/j.scitotenv.2016.05.215,BCF,3.99,3.2286276817321777,,False
final_similarity70_0,similarity70_cluster_0,primary216,42,simple_graph_context,BIO_5862,CMP_812738d2ca27e93d42c8,10.1016/j.scitotenv.2016.05.215,BCF,4.95,3.728294134140015,,False
final_similarity70_0,similarity70_cluster_0,primary216,42,simple_graph_context,BIO_5863,CMP_812738d2ca27e93d42c8,10.1016/j.scitotenv.2016.05.215,BCF,4.66,3.728294134140015,,False
final_similarity70_0,similarity70_cluster_0,primary216,42,simple_graph_context,BIO_5864,CMP_812738d2ca27e93d42c8,10.1016/j.scitotenv.2016.05.215,BCF,3.77,3.60023832321167,,False
final_similarity70_0,similarity70_cluster_0,primary216,42,simple_graph_context,BIO_5865,CMP_812738d2ca27e93d42c8,10.1016/j.scitotenv.2016.05.215,BCF,3.66,3.60023832321167,,False
final_similarity70_0,similarity70_cluster_0,primary216,42,simple_graph_context,BIO_5866,CMP_812738d2ca27e93d42c8,10.1016/j.scitotenv.2016.05.215,BCF,4.33,3.7816972732543945,,False
final_similarity70_0,similarity70_cluster_0,primary216,42,simple_graph_context,BIO_5867,CMP_812738d2ca27e93d42c8,10.1016/j.scitotenv.2016.05.215,BCF,3.65,3.7816972732543945,,False
final_similarity70_0,similarity70_cluster_0,primary216,42,simple_graph_context,BIO_5944,CMP_d645aa79f55e85d0da2e,10.1016/j.scitotenv.2016.05.215,BCF,1.73,2.0690858364105225,,False
final_similarity70_0,similarity70_cluster_0,primary216,42,simple_graph_context,BIO_5945,CMP_d645aa79f55e85d0da2e,10.1016/j.scitotenv.2016.05.215,BCF,1.7,2.0690858364105225,,False
final_similarity70_0,similarity70_cluster_0,primary216,42,simple_graph_context,BIO_5946,CMP_d645aa79f55e85d0da2e,10.1016/j.scitotenv.2016.05.215,BCF,0.75,1.9410300254821775,,False
final_similarity70_0,similarity70_cluster_0,primary216,42,simple_graph_context,BIO_5947,CMP_d645aa79f55e85d0da2e,10.1016/j.scitotenv.2016.05.215,BCF,0.67,1.9410300254821775,,False
final_similarity70_0,similarity70_cluster_0,primary216,42,simple_graph_context,BIO_5948,CMP_d645aa79f55e85d0da2e,10.1016/j.scitotenv.2016.05.215,BCF,1.02,2.1224887371063232,,False
final_similarity70_0,similarity70_cluster_0,primary216,42,simple_graph_context,BIO_5949,CMP_d645aa79f55e85d0da2e,10.1016/j.scitotenv.2016.05.215,BCF,1.06,2.1224887371063232,,False
final_similarity70_0,similarity70_cluster_0,primary216,42,simple_graph_context,BIO_6077,CMP_8e58943e0a19095fb6f4,10.1016/j.scitotenv.2016.05.215,BCF,3.18,2.898689985275269,,False
final_similarity70_0,similarity70_cluster_0,primary216,42,simple_graph_context,BIO_6078,CMP_8e58943e0a19095fb6f4,10.1016/j.scitotenv.2016.05.215,BCF,3.45,2.898689985275269,,False
final_similarity70_0,similarity70_cluster_0,primary216,42,simple_graph_context,BIO_6079,CMP_8e58943e0a19095fb6f4,10.1016/j.scitotenv.2016.05.215,BCF,2.64,2.770634174346924,,False
final_similarity70_0,similarity70_cluster_0,primary216,42,simple_graph_context,BIO_6080,CMP_8e58943e0a19095fb6f4,10.1016/j.scitotenv.2016.05.215,BCF,2.85,2.770634174346924,,False
final_similarity70_0,similarity70_cluster_0,primary216,42,simple_graph_context,BIO_6081,CMP_8e58943e0a19095fb6f4,10.1016/j.scitotenv.2016.05.215,BCF,3.33,2.9520928859710693,,False
final_similarity70_0,similarity70_cluster_0,primary216,42,simple_graph_context,BIO_6082,CMP_8e58943e0a19095fb6f4,10.1016/j.scitotenv.2016.05.215,BCF,3.37,2.9520928859710693,,False
final_similarity70_0,similarity70_cluster_0,primary216,42,simple_graph_context,BIO_6177,CMP_d156c7f61581a866704b,10.1016/j.scitotenv.2016.05.215,BCF,2.39,2.62215518951416,,False
final_similarity70_0,similarity70_cluster_0,primary216,42,simple_graph_context,BIO_6178,CMP_d156c7f61581a866704b,10.1016/j.scitotenv.2016.05.215,BCF,2.43,2.62215518951416,,False
final_similarity70_0,similarity70_cluster_0,primary216,42,simple_graph_context,BIO_6179,CMP_d156c7f61581a866704b,10.1016/j.scitotenv.2016.05.215,BCF,1.52,2.4940993785858154,,False
final_similarity70_0,similarity70_cluster_0,primary216,42,simple_graph_context,BIO_6181,CMP_d156c7f61581a866704b,10.1016/j.scitotenv.2016.05.215,BCF,2.24,2.675558090209961,,False
final_similarity70_0,similarity70_cluster_0,primary216,42,simple_graph_context,BIO_6182,CMP_d156c7f61581a866704b,10.1016/j.scitotenv.2016.05.215,BCF,2.02,2.675558090209961,,False
final_similarity70_0,similarity70_cluster_0,primary216,42,simple_graph_context,BIO_6460,CMP_3626e8f507f7fd0a557c,10.1016/j.scitotenv.2016.05.215,BCF,5.56,4.281363487243652,,False
final_similarity70_0,similarity70_cluster_0,primary216,42,simple_graph_context,BIO_6461,CMP_3626e8f507f7fd0a557c,10.1016/j.scitotenv.2016.05.215,BCF,4.74,4.281363487243652,,False
final_similarity70_0,similarity70_cluster_0,primary216,42,simple_graph_context,BIO_6462,CMP_3626e8f507f7fd0a557c,10.1016/j.scitotenv.2016.05.215,BCF,5.22,4.153307914733887,,False
final_similarity70_0,similarity70_cluster_0,primary216,42,simple_graph_context,BIO_6463,CMP_3626e8f507f7fd0a557c,10.1016/j.scitotenv.2016.05.215,BCF,4.52,4.153307914733887,,False
final_similarity70_0,similarity70_cluster_0,primary216,42,simple_graph_context,BIO_6464,CMP_3626e8f507f7fd0a557c,10.1016/j.scitotenv.2016.05.215,BCF,5.5,4.334766387939453,,False
final_similarity70_0,similarity70_cluster_0,primary216,42,simple_graph_context,BIO_6465,CMP_3626e8f507f7fd0a557c,10.1016/j.scitotenv.2016.05.215,BCF,4.34,4.334766387939453,,False
final_similarity70_0,similarity70_cluster_0,primary216,42,simple_graph_context,BIO_6472,CMP_277ba9982a59f21d5d1a,10.1016/j.scitotenv.2016.05.215,BCF,5.02,4.004828929901123,,False
final_similarity70_0,similarity70_cluster_0,primary216,42,simple_graph_context,BIO_6473,CMP_277ba9982a59f21d5d1a,10.1016/j.scitotenv.2016.05.215,BCF,4.45,4.004828929901123,,False
final_similarity70_0,similarity70_cluster_0,primary216,42,simple_graph_context,BIO_6474,CMP_277ba9982a59f21d5d1a,10.1016/j.scitotenv.2016.05.215,BCF,4.28,3.8767731189727774,,False
final_similarity70_0,similarity70_cluster_0,primary216,42,simple_graph_context,BIO_6475,CMP_277ba9982a59f21d5d1a,10.1016/j.scitotenv.2016.05.215,BCF,3.91,3.8767731189727774,,False
final_similarity70_0,similarity70_cluster_0,primary216,42,simple_graph_context,BIO_6476,CMP_277ba9982a59f21d5d1a,10.1016/j.scitotenv.2016.05.215,BCF,4.84,4.058231830596924,,False
final_similarity70_0,similarity70_cluster_0,primary216,42,simple_graph_context,BIO_6477,CMP_277ba9982a59f21d5d1a,10.1016/j.scitotenv.2016.05.215,BCF,3.91,4.058231830596924,,False
final_similarity70_0,similarity70_cluster_0,primary216,42,simple_graph_context,BIO_6495,CMP_ba6c40d3726d16919ab2,10.1016/j.scitotenv.2016.05.215,BCF,4.14,3.4517593383789062,,False
final_similarity70_0,similarity70_cluster_0,primary216,42,simple_graph_context,BIO_6497,CMP_ba6c40d3726d16919ab2,10.1016/j.scitotenv.2016.05.215,BCF,3.64,3.323703527450561,,False
final_similarity70_0,similarity70_cluster_0,primary216,42,simple_graph_context,BIO_6498,CMP_ba6c40d3726d16919ab2,10.1016/j.scitotenv.2016.05.215,BCF,3.63,3.323703527450561,,False
final_similarity70_0,similarity70_cluster_0,primary216,42,simple_graph_context,BIO_6499,CMP_ba6c40d3726d16919ab2,10.1016/j.scitotenv.2016.05.215,BCF,4.31,3.505162239074707,,False
final_similarity70_0,similarity70_cluster_0,primary216,42,simple_graph_context,BIO_6500,CMP_ba6c40d3726d16919ab2,10.1016/j.scitotenv.2016.05.215,BCF,3.81,3.505162239074707,,False
final_similarity70_0,similarity70_cluster_0,primary216,42,extra_trees_structure_context,BIO_5705,CMP_622f8f0fcc1502149461,10.1016/j.scitotenv.2016.05.215,BCF,2.15,1.3420000000000023,,False
final_similarity70_0,similarity70_cluster_0,primary216,42,extra_trees_structure_context,BIO_5706,CMP_622f8f0fcc1502149461,10.1016/j.scitotenv.2016.05.215,BCF,1.8,1.3420000000000023,,False
final_similarity70_0,similarity70_cluster_0,primary216,42,extra_trees_structure_context,BIO_5707,CMP_622f8f0fcc1502149461,10.1016/j.scitotenv.2016.05.215,BCF,0.44,1.3420000000000023,,False
final_similarity70_0,similarity70_cluster_0,primary216,42,extra_trees_structure_context,BIO_5708,CMP_622f8f0fcc1502149461,10.1016/j.scitotenv.2016.05.215,BCF,1.05,1.3420000000000023,,False
final_similarity70_0,similarity70_cluster_0,primary216,42,extra_trees_structure_context,BIO_5709,CMP_622f8f0fcc1502149461,10.1016/j.scitotenv.2016.05.215,BCF,1.06,1.3420000000000023,,False
final_similarity70_0,similarity70_cluster_0,primary216,42,extra_trees_structure_context,BIO_5710,CMP_622f8f0fcc1502149461,10.1016/j.scitotenv.2016.05.215,BCF,1.3,1.3420000000000023,,False
final_similarity70_0,similarity70_cluster_0,primary216,42,extra_trees_structure_context,BIO_5771,CMP_5bc76544fcbe477197d1,10.1016/j.scitotenv.2016.05.215,BCF,4.04,3.3516666666666723,,False
final_similarity70_0,similarity70_cluster_0,primary216,42,extra_trees_structure_context,BIO_5772,CMP_5bc76544fcbe477197d1,10.1016/j.scitotenv.2016.05.215,BCF,4.36,3.3516666666666723,,False
final_similarity70_0,similarity70_cluster_0,primary216,42,extra_trees_structure_context,BIO_5773,CMP_5bc76544fcbe477197d1,10.1016/j.scitotenv.2016.05.215,BCF,3.41,3.3516666666666723,,False
final_similarity70_0,similarity70_cluster_0,primary216,42,extra_trees_structure_context,BIO_5774,CMP_5bc76544fcbe477197d1,10.1016/j.scitotenv.2016.05.215,BCF,3.79,3.3516666666666723,,False
final_similarity70_0,similarity70_cluster_0,primary216,42,extra_trees_structure_context,BIO_5775,CMP_5bc76544fcbe477197d1,10.1016/j.scitotenv.2016.05.215,BCF,4.0,3.3516666666666723,,False
final_similarity70_0,similarity70_cluster_0,primary216,42,extra_trees_structure_context,BIO_5776,CMP_5bc76544fcbe477197d1,10.1016/j.scitotenv.2016.05.215,BCF,3.99,3.3516666666666723,,False
final_similarity70_0,similarity70_cluster_0,primary216,42,extra_trees_structure_context,BIO_5862,CMP_812738d2ca27e93d42c8,10.1016/j.scitotenv.2016.05.215,BCF,4.95,3.3516666666666723,,False
final_similarity70_0,similarity70_cluster_0,primary216,42,extra_trees_structure_context,BIO_5863,CMP_812738d2ca27e93d42c8,10.1016/j.scitotenv.2016.05.215,BCF,4.66,3.3516666666666723,,False
final_similarity70_0,similarity70_cluster_0,primary216,42,extra_trees_structure_context,BIO_5864,CMP_812738d2ca27e93d42c8,10.1016/j.scitotenv.2016.05.215,BCF,3.77,3.3516666666666723,,False
final_similarity70_0,similarity70_cluster_0,primary216,42,extra_trees_structure_context,BIO_5865,CMP_812738d2ca27e93d42c8,10.1016/j.scitotenv.2016.05.215,BCF,3.66,3.3516666666666723,,False
final_similarity70_0,similarity70_cluster_0,primary216,42,extra_trees_structure_context,BIO_5866,CMP_812738d2ca27e93d42c8,10.1016/j.scitotenv.2016.05.215,BCF,4.33,3.3516666666666723,,False
final_similarity70_0,similarity70_cluster_0,primary216,42,extra_trees_structure_context,BIO_5867,CMP_812738d2ca27e93d42c8,10.1016/j.scitotenv.2016.05.215,BCF,3.65,3.3516666666666723,,False
final_similarity70_0,similarity70_cluster_0,primary216,42,extra_trees_structure_context,BIO_5944,CMP_d645aa79f55e85d0da2e,10.1016/j.scitotenv.2016.05.215,BCF,1.73,1.762067708333336,,False
final_similarity70_0,similarity70_cluster_0,primary216,42,extra_trees_structure_context,BIO_5945,CMP_d645aa79f55e85d0da2e,10.1016/j.scitotenv.2016.05.215,BCF,1.7,1.762067708333336,,False
final_similarity70_0,similarity70_cluster_0,primary216,42,extra_trees_structure_context,BIO_5946,CMP_d645aa79f55e85d0da2e,10.1016/j.scitotenv.2016.05.215,BCF,0.75,1.762067708333336,,False
final_similarity70_0,similarity70_cluster_0,primary216,42,extra_trees_structure_context,BIO_5947,CMP_d645aa79f55e85d0da2e,10.1016/j.scitotenv.2016.05.215,BCF,0.67,1.762067708333336,,False
final_similarity70_0,similarity70_cluster_0,primary216,42,extra_trees_structure_context,BIO_5948,CMP_d645aa79f55e85d0da2e,10.1016/j.scitotenv.2016.05.215,BCF,1.02,1.762067708333336,,False
final_similarity70_0,similarity70_cluster_0,primary216,42,extra_trees_structure_context,BIO_5949,CMP_d645aa79f55e85d0da2e,10.1016/j.scitotenv.2016.05.215,BCF,1.06,1.762067708333336,,False
final_similarity70_0,similarity70_cluster_0,primary216,42,extra_trees_structure_context,BIO_6077,CMP_8e58943e0a19095fb6f4,10.1016/j.scitotenv.2016.05.215,BCF,3.18,3.2401171875000045,,False
final_similarity70_0,similarity70_cluster_0,primary216,42,extra_trees_structure_context,BIO_6078,CMP_8e58943e0a19095fb6f4,10.1016/j.scitotenv.2016.05.215,BCF,3.45,3.2401171875000045,,False
final_similarity70_0,similarity70_cluster_0,primary216,42,extra_trees_structure_context,BIO_6079,CMP_8e58943e0a19095fb6f4,10.1016/j.scitotenv.2016.05.215,BCF,2.64,3.2401171875000045,,False
final_similarity70_0,similarity70_cluster_0,primary216,42,extra_trees_structure_context,BIO_6080,CMP_8e58943e0a19095fb6f4,10.1016/j.scitotenv.2016.05.215,BCF,2.85,3.2401171875000045,,False
final_similarity70_0,similarity70_cluster_0,primary216,42,extra_trees_structure_context,BIO_6081,CMP_8e58943e0a19095fb6f4,10.1016/j.scitotenv.2016.05.215,BCF,3.33,3.2401171875000045,,False
final_similarity70_0,similarity70_cluster_0,primary216,42,extra_trees_structure_context,BIO_6082,CMP_8e58943e0a19095fb6f4,10.1016/j.scitotenv.2016.05.215,BCF,3.37,3.2401171875000045,,False
final_similarity70_0,similarity70_cluster_0,primary216,42,extra_trees_structure_context,BIO_6177,CMP_d156c7f61581a866704b,10.1016/j.scitotenv.2016.05.215,BCF,2.39,2.7338541666666663,,False
final_similarity70_0,similarity70_cluster_0,primary216,42,extra_trees_structure_context,BIO_6178,CMP_d156c7f61581a866704b,10.1016/j.scitotenv.2016.05.215,BCF,2.43,2.7338541666666663,,False
final_similarity70_0,similarity70_cluster_0,primary216,42,extra_trees_structure_context,BIO_6179,CMP_d156c7f61581a866704b,10.1016/j.scitotenv.2016.05.215,BCF,1.52,2.7338541666666663,,False
final_similarity70_0,similarity70_cluster_0,primary216,42,extra_trees_structure_context,BIO_6181,CMP_d156c7f61581a866704b,10.1016/j.scitotenv.2016.05.215,BCF,2.24,2.7338541666666663,,False
final_similarity70_0,similarity70_cluster_0,primary216,42,extra_trees_structure_context,BIO_6182,CMP_d156c7f61581a866704b,10.1016/j.scitotenv.2016.05.215,BCF,2.02,2.7338541666666663,,False
final_similarity70_0,similarity70_cluster_0,primary216,42,extra_trees_structure_context,BIO_6460,CMP_3626e8f507f7fd0a557c,10.1016/j.scitotenv.2016.05.215,BCF,5.56,3.3516666666666723,,False
final_similarity70_0,similarity70_cluster_0,primary216,42,extra_trees_structure_context,BIO_6461,CMP_3626e8f507f7fd0a557c,10.1016/j.scitotenv.2016.05.215,BCF,4.74,3.3516666666666723,,False
final_similarity70_0,similarity70_cluster_0,primary216,42,extra_trees_structure_context,BIO_6462,CMP_3626e8f507f7fd0a557c,10.1016/j.scitotenv.2016.05.215,BCF,5.22,3.3516666666666723,,False
final_similarity70_0,similarity70_cluster_0,primary216,42,extra_trees_structure_context,BIO_6463,CMP_3626e8f507f7fd0a557c,10.1016/j.scitotenv.2016.05.215,BCF,4.52,3.3516666666666723,,False
final_similarity70_0,similarity70_cluster_0,primary216,42,extra_trees_structure_context,BIO_6464,CMP_3626e8f507f7fd0a557c,10.1016/j.scitotenv.2016.05.215,BCF,5.5,3.3516666666666723,,False
final_similarity70_0,similarity70_cluster_0,primary216,42,extra_trees_structure_context,BIO_6465,CMP_3626e8f507f7fd0a557c,10.1016/j.scitotenv.2016.05.215,BCF,4.34,3.3516666666666723,,False
final_similarity70_0,similarity70_cluster_0,primary216,42,extra_trees_structure_context,BIO_6472,CMP_277ba9982a59f21d5d1a,10.1016/j.scitotenv.2016.05.215,BCF,5.02,3.3516666666666723,,False
final_similarity70_0,similarity70_cluster_0,primary216,42,extra_trees_structure_context,BIO_6473,CMP_277ba9982a59f21d5d1a,10.1016/j.scitotenv.2016.05.215,BCF,4.45,3.3516666666666723,,False
final_similarity70_0,similarity70_cluster_0,primary216,42,extra_trees_structure_context,BIO_6474,CMP_277ba9982a59f21d5d1a,10.1016/j.scitotenv.2016.05.215,BCF,4.28,3.3516666666666723,,False
final_similarity70_0,similarity70_cluster_0,primary216,42,extra_trees_structure_context,BIO_6475,CMP_277ba9982a59f21d5d1a,10.1016/j.scitotenv.2016.05.215,BCF,3.91,3.3516666666666723,,False
final_similarity70_0,similarity70_cluster_0,primary216,42,extra_trees_structure_context,BIO_6476,CMP_277ba9982a59f21d5d1a,10.1016/j.scitotenv.2016.05.215,BCF,4.84,3.3516666666666723,,False
final_similarity70_0,similarity70_cluster_0,primary216,42,extra_trees_structure_context,BIO_6477,CMP_277ba9982a59f21d5d1a,10.1016/j.scitotenv.2016.05.215,BCF,3.91,3.3516666666666723,,False
final_similarity70_0,similarity70_cluster_0,primary216,42,extra_trees_structure_context,BIO_6495,CMP_ba6c40d3726d16919ab2,10.1016/j.scitotenv.2016.05.215,BCF,4.14,3.3516666666666723,,False
final_similarity70_0,similarity70_cluster_0,primary216,42,extra_trees_structure_context,BIO_6497,CMP_ba6c40d3726d16919ab2,10.1016/j.scitotenv.2016.05.215,BCF,3.64,3.3516666666666723,,False
final_similarity70_0,similarity70_cluster_0,primary216,42,extra_trees_structure_context,BIO_6498,CMP_ba6c40d3726d16919ab2,10.1016/j.scitotenv.2016.05.215,BCF,3.63,3.3516666666666723,,False
final_similarity70_0,similarity70_cluster_0,primary216,42,extra_trees_structure_context,BIO_6499,CMP_ba6c40d3726d16919ab2,10.1016/j.scitotenv.2016.05.215,BCF,4.31,3.3516666666666723,,False
final_similarity70_0,similarity70_cluster_0,primary216,42,extra_trees_structure_context,BIO_6500,CMP_ba6c40d3726d16919ab2,10.1016/j.scitotenv.2016.05.215,BCF,3.81,3.3516666666666723,,False
final_similarity70_0,similarity70_cluster_0,primary216,42,hist_gradient_structure_context,BIO_5705,CMP_622f8f0fcc1502149461,10.1016/j.scitotenv.2016.05.215,BCF,2.15,2.372941176470588,,False
final_similarity70_0,similarity70_cluster_0,primary216,42,hist_gradient_structure_context,BIO_5706,CMP_622f8f0fcc1502149461,10.1016/j.scitotenv.2016.05.215,BCF,1.8,2.372941176470588,,False
final_similarity70_0,similarity70_cluster_0,primary216,42,hist_gradient_structure_context,BIO_5707,CMP_622f8f0fcc1502149461,10.1016/j.scitotenv.2016.05.215,BCF,0.44,2.372941176470588,,False
final_similarity70_0,similarity70_cluster_0,primary216,42,hist_gradient_structure_context,BIO_5708,CMP_622f8f0fcc1502149461,10.1016/j.scitotenv.2016.05.215,BCF,1.05,2.372941176470588,,False
final_similarity70_0,similarity70_cluster_0,primary216,42,hist_gradient_structure_context,BIO_5709,CMP_622f8f0fcc1502149461,10.1016/j.scitotenv.2016.05.215,BCF,1.06,2.372941176470588,,False
final_similarity70_0,similarity70_cluster_0,primary216,42,hist_gradient_structure_context,BIO_5710,CMP_622f8f0fcc1502149461,10.1016/j.scitotenv.2016.05.215,BCF,1.3,2.372941176470588,,False
final_similarity70_0,similarity70_cluster_0,primary216,42,hist_gradient_structure_context,BIO_5771,CMP_5bc76544fcbe477197d1,10.1016/j.scitotenv.2016.05.215,BCF,4.04,2.372941176470588,,False
final_similarity70_0,similarity70_cluster_0,primary216,42,hist_gradient_structure_context,BIO_5772,CMP_5bc76544fcbe477197d1,10.1016/j.scitotenv.2016.05.215,BCF,4.36,2.372941176470588,,False
final_similarity70_0,similarity70_cluster_0,primary216,42,hist_gradient_structure_context,BIO_5773,CMP_5bc76544fcbe477197d1,10.1016/j.scitotenv.2016.05.215,BCF,3.41,2.372941176470588,,False
final_similarity70_0,similarity70_cluster_0,primary216,42,hist_gradient_structure_context,BIO_5774,CMP_5bc76544fcbe477197d1,10.1016/j.scitotenv.2016.05.215,BCF,3.79,2.372941176470588,,False
final_similarity70_0,similarity70_cluster_0,primary216,42,hist_gradient_structure_context,BIO_5775,CMP_5bc76544fcbe477197d1,10.1016/j.scitotenv.2016.05.215,BCF,4.0,2.372941176470588,,False
final_similarity70_0,similarity70_cluster_0,primary216,42,hist_gradient_structure_context,BIO_5776,CMP_5bc76544fcbe477197d1,10.1016/j.scitotenv.2016.05.215,BCF,3.99,2.372941176470588,,False
final_similarity70_0,similarity70_cluster_0,primary216,42,hist_gradient_structure_context,BIO_5862,CMP_812738d2ca27e93d42c8,10.1016/j.scitotenv.2016.05.215,BCF,4.95,2.372941176470588,,False
final_similarity70_0,similarity70_cluster_0,primary216,42,hist_gradient_structure_context,BIO_5863,CMP_812738d2ca27e93d42c8,10.1016/j.scitotenv.2016.05.215,BCF,4.66,2.372941176470588,,False
final_similarity70_0,similarity70_cluster_0,primary216,42,hist_gradient_structure_context,BIO_5864,CMP_812738d2ca27e93d42c8,10.1016/j.scitotenv.2016.05.215,BCF,3.77,2.372941176470588,,False
final_similarity70_0,similarity70_cluster_0,primary216,42,hist_gradient_structure_context,BIO_5865,CMP_812738d2ca27e93d42c8,10.1016/j.scitotenv.2016.05.215,BCF,3.66,2.372941176470588,,False
final_similarity70_0,similarity70_cluster_0,primary216,42,hist_gradient_structure_context,BIO_5866,CMP_812738d2ca27e93d42c8,10.1016/j.scitotenv.2016.05.215,BCF,4.33,2.372941176470588,,False
final_similarity70_0,similarity70_cluster_0,primary216,42,hist_gradient_structure_context,BIO_5867,CMP_812738d2ca27e93d42c8,10.1016/j.scitotenv.2016.05.215,BCF,3.65,2.372941176470588,,False
final_similarity70_0,similarity70_cluster_0,primary216,42,hist_gradient_structure_context,BIO_5944,CMP_d645aa79f55e85d0da2e,10.1016/j.scitotenv.2016.05.215,BCF,1.73,2.372941176470588,,False
final_similarity70_0,similarity70_cluster_0,primary216,42,hist_gradient_structure_context,BIO_5945,CMP_d645aa79f55e85d0da2e,10.1016/j.scitotenv.2016.05.215,BCF,1.7,2.372941176470588,,False
final_similarity70_0,similarity70_cluster_0,primary216,42,hist_gradient_structure_context,BIO_5946,CMP_d645aa79f55e85d0da2e,10.1016/j.scitotenv.2016.05.215,BCF,0.75,2.372941176470588,,False
final_similarity70_0,similarity70_cluster_0,primary216,42,hist_gradient_structure_context,BIO_5947,CMP_d645aa79f55e85d0da2e,10.1016/j.scitotenv.2016.05.215,BCF,0.67,2.372941176470588,,False
final_similarity70_0,similarity70_cluster_0,primary216,42,hist_gradient_structure_context,BIO_5948,CMP_d645aa79f55e85d0da2e,10.1016/j.scitotenv.2016.05.215,BCF,1.02,2.372941176470588,,False
final_similarity70_0,similarity70_cluster_0,primary216,42,hist_gradient_structure_context,BIO_5949,CMP_d645aa79f55e85d0da2e,10.1016/j.scitotenv.2016.05.215,BCF,1.06,2.372941176470588,,False
final_similarity70_0,similarity70_cluster_0,primary216,42,hist_gradient_structure_context,BIO_6077,CMP_8e58943e0a19095fb6f4,10.1016/j.scitotenv.2016.05.215,BCF,3.18,2.372941176470588,,False
final_similarity70_0,similarity70_cluster_0,primary216,42,hist_gradient_structure_context,BIO_6078,CMP_8e58943e0a19095fb6f4,10.1016/j.scitotenv.2016.05.215,BCF,3.45,2.372941176470588,,False
final_similarity70_0,similarity70_cluster_0,primary216,42,hist_gradient_structure_context,BIO_6079,CMP_8e58943e0a19095fb6f4,10.1016/j.scitotenv.2016.05.215,BCF,2.64,2.372941176470588,,False
final_similarity70_0,similarity70_cluster_0,primary216,42,hist_gradient_structure_context,BIO_6080,CMP_8e58943e0a19095fb6f4,10.1016/j.scitotenv.2016.05.215,BCF,2.85,2.372941176470588,,False
final_similarity70_0,similarity70_cluster_0,primary216,42,hist_gradient_structure_context,BIO_6081,CMP_8e58943e0a19095fb6f4,10.1016/j.scitotenv.2016.05.215,BCF,3.33,2.372941176470588,,False
final_similarity70_0,similarity70_cluster_0,primary216,42,hist_gradient_structure_context,BIO_6082,CMP_8e58943e0a19095fb6f4,10.1016/j.scitotenv.2016.05.215,BCF,3.37,2.372941176470588,,False
final_similarity70_0,similarity70_cluster_0,primary216,42,hist_gradient_structure_context,BIO_6177,CMP_d156c7f61581a866704b,10.1016/j.scitotenv.2016.05.215,BCF,2.39,2.372941176470588,,False
final_similarity70_0,similarity70_cluster_0,primary216,42,hist_gradient_structure_context,BIO_6178,CMP_d156c7f61581a866704b,10.1016/j.scitotenv.2016.05.215,BCF,2.43,2.372941176470588,,False
final_similarity70_0,similarity70_cluster_0,primary216,42,hist_gradient_structure_context,BIO_6179,CMP_d156c7f61581a866704b,10.1016/j.scitotenv.2016.05.215,BCF,1.52,2.372941176470588,,False
final_similarity70_0,similarity70_cluster_0,primary216,42,hist_gradient_structure_context,BIO_6181,CMP_d156c7f61581a866704b,10.1016/j.scitotenv.2016.05.215,BCF,2.24,2.372941176470588,,False
final_similarity70_0,similarity70_cluster_0,primary216,42,hist_gradient_structure_context,BIO_6182,CMP_d156c7f61581a866704b,10.1016/j.scitotenv.2016.05.215,BCF,2.02,2.372941176470588,,False
final_similarity70_0,similarity70_cluster_0,primary216,42,hist_gradient_structure_context,BIO_6460,CMP_3626e8f507f7fd0a557c,10.1016/j.scitotenv.2016.05.215,BCF,5.56,2.372941176470588,,False
final_similarity70_0,similarity70_cluster_0,primary216,42,hist_gradient_structure_context,BIO_6461,CMP_3626e8f507f7fd0a557c,10.1016/j.scitotenv.2016.05.215,BCF,4.74,2.372941176470588,,False
final_similarity70_0,similarity70_cluster_0,primary216,42,hist_gradient_structure_context,BIO_6462,CMP_3626e8f507f7fd0a557c,10.1016/j.scitotenv.2016.05.215,BCF,5.22,2.372941176470588,,False
final_similarity70_0,similarity70_cluster_0,primary216,42,hist_gradient_structure_context,BIO_6463,CMP_3626e8f507f7fd0a557c,10.1016/j.scitotenv.2016.05.215,BCF,4.52,2.372941176470588,,False
final_similarity70_0,similarity70_cluster_0,primary216,42,hist_gradient_structure_context,BIO_6464,CMP_3626e8f507f7fd0a557c,10.1016/j.scitotenv.2016.05.215,BCF,5.5,2.372941176470588,,False
final_similarity70_0,similarity70_cluster_0,primary216,42,hist_gradient_structure_context,BIO_6465,CMP_3626e8f507f7fd0a557c,10.1016/j.scitotenv.2016.05.215,BCF,4.34,2.372941176470588,,False
final_similarity70_0,similarity70_cluster_0,primary216,42,hist_gradient_structure_context,BIO_6472,CMP_277ba9982a59f21d5d1a,10.1016/j.scitotenv.2016.05.215,BCF,5.02,2.372941176470588,,False
final_similarity70_0,similarity70_cluster_0,primary216,42,hist_gradient_structure_context,BIO_6473,CMP_277ba9982a59f21d5d1a,10.1016/j.scitotenv.2016.05.215,BCF,4.45,2.372941176470588,,False
final_similarity70_0,similarity70_cluster_0,primary216,42,hist_gradient_structure_context,BIO_6474,CMP_277ba9982a59f21d5d1a,10.1016/j.scitotenv.2016.05.215,BCF,4.28,2.372941176470588,,False
final_similarity70_0,similarity70_cluster_0,primary216,42,hist_gradient_structure_context,BIO_6475,CMP_277ba9982a59f21d5d1a,10.1016/j.scitotenv.2016.05.215,BCF,3.91,2.372941176470588,,False
final_similarity70_0,similarity70_cluster_0,primary216,42,hist_gradient_structure_context,BIO_6476,CMP_277ba9982a59f21d5d1a,10.1016/j.scitotenv.2016.05.215,BCF,4.84,2.372941176470588,,False
final_similarity70_0,similarity70_cluster_0,primary216,42,hist_gradient_structure_context,BIO_6477,CMP_277ba9982a59f21d5d1a,10.1016/j.scitotenv.2016.05.215,BCF,3.91,2.372941176470588,,False
final_similarity70_0,similarity70_cluster_0,primary216,42,hist_gradient_structure_context,BIO_6495,CMP_ba6c40d3726d16919ab2,10.1016/j.scitotenv.2016.05.215,BCF,4.14,2.372941176470588,,False
final_similarity70_0,similarity70_cluster_0,primary216,42,hist_gradient_structure_context,BIO_6497,CMP_ba6c40d3726d16919ab2,10.1016/j.scitotenv.2016.05.215,BCF,3.64,2.372941176470588,,False
final_similarity70_0,similarity70_cluster_0,primary216,42,hist_gradient_structure_context,BIO_6498,CMP_ba6c40d3726d16919ab2,10.1016/j.scitotenv.2016.05.215,BCF,3.63,2.372941176470588,,False
final_similarity70_0,similarity70_cluster_0,primary216,42,hist_gradient_structure_context,BIO_6499,CMP_ba6c40d3726d16919ab2,10.1016/j.scitotenv.2016.05.215,BCF,4.31,2.372941176470588,,False
final_similarity70_0,similarity70_cluster_0,primary216,42,hist_gradient_structure_context,BIO_6500,CMP_ba6c40d3726d16919ab2,10.1016/j.scitotenv.2016.05.215,BCF,3.81,2.372941176470588,,False
final_similarity70_0,similarity70_cluster_0,primary216,42,nearest_chemical_context,BIO_5705,CMP_622f8f0fcc1502149461,10.1016/j.scitotenv.2016.05.215,BCF,2.15,1.24,,False
final_similarity70_0,similarity70_cluster_0,primary216,42,nearest_chemical_context,BIO_5706,CMP_622f8f0fcc1502149461,10.1016/j.scitotenv.2016.05.215,BCF,1.8,1.24,,False
final_similarity70_0,similarity70_cluster_0,primary216,42,nearest_chemical_context,BIO_5707,CMP_622f8f0fcc1502149461,10.1016/j.scitotenv.2016.05.215,BCF,0.44,0.66,,False
final_similarity70_0,similarity70_cluster_0,primary216,42,nearest_chemical_context,BIO_5708,CMP_622f8f0fcc1502149461,10.1016/j.scitotenv.2016.05.215,BCF,1.05,0.66,,False
final_similarity70_0,similarity70_cluster_0,primary216,42,nearest_chemical_context,BIO_5709,CMP_622f8f0fcc1502149461,10.1016/j.scitotenv.2016.05.215,BCF,1.06,1.72,,False
final_similarity70_0,similarity70_cluster_0,primary216,42,nearest_chemical_context,BIO_5710,CMP_622f8f0fcc1502149461,10.1016/j.scitotenv.2016.05.215,BCF,1.3,1.72,,False
final_similarity70_0,similarity70_cluster_0,primary216,42,nearest_chemical_context,BIO_5771,CMP_5bc76544fcbe477197d1,10.1016/j.scitotenv.2016.05.215,BCF,4.04,2.56,,False
final_similarity70_0,similarity70_cluster_0,primary216,42,nearest_chemical_context,BIO_5772,CMP_5bc76544fcbe477197d1,10.1016/j.scitotenv.2016.05.215,BCF,4.36,2.56,,False
final_similarity70_0,similarity70_cluster_0,primary216,42,nearest_chemical_context,BIO_5773,CMP_5bc76544fcbe477197d1,10.1016/j.scitotenv.2016.05.215,BCF,3.41,1.69,,False
final_similarity70_0,similarity70_cluster_0,primary216,42,nearest_chemical_context,BIO_5774,CMP_5bc76544fcbe477197d1,10.1016/j.scitotenv.2016.05.215,BCF,3.79,1.69,,False
final_similarity70_0,similarity70_cluster_0,primary216,42,nearest_chemical_context,BIO_5775,CMP_5bc76544fcbe477197d1,10.1016/j.scitotenv.2016.05.215,BCF,4.0,2.74,,False
final_similarity70_0,similarity70_cluster_0,primary216,42,nearest_chemical_context,BIO_5776,CMP_5bc76544fcbe477197d1,10.1016/j.scitotenv.2016.05.215,BCF,3.99,2.74,,False
final_similarity70_0,similarity70_cluster_0,primary216,42,nearest_chemical_context,BIO_5862,CMP_812738d2ca27e93d42c8,10.1016/j.scitotenv.2016.05.215,BCF,4.95,2.56,,False
final_similarity70_0,similarity70_cluster_0,primary216,42,nearest_chemical_context,BIO_5863,CMP_812738d2ca27e93d42c8,10.1016/j.scitotenv.2016.05.215,BCF,4.66,2.56,,False
final_similarity70_0,similarity70_cluster_0,primary216,42,nearest_chemical_context,BIO_5864,CMP_812738d2ca27e93d42c8,10.1016/j.scitotenv.2016.05.215,BCF,3.77,1.69,,False
final_similarity70_0,similarity70_cluster_0,primary216,42,nearest_chemical_context,BIO_5865,CMP_812738d2ca27e93d42c8,10.1016/j.scitotenv.2016.05.215,BCF,3.66,1.69,,False
final_similarity70_0,similarity70_cluster_0,primary216,42,nearest_chemical_context,BIO_5866,CMP_812738d2ca27e93d42c8,10.1016/j.scitotenv.2016.05.215,BCF,4.33,2.74,,False
final_similarity70_0,similarity70_cluster_0,primary216,42,nearest_chemical_context,BIO_5867,CMP_812738d2ca27e93d42c8,10.1016/j.scitotenv.2016.05.215,BCF,3.65,2.74,,False
final_similarity70_0,similarity70_cluster_0,primary216,42,nearest_chemical_context,BIO_5944,CMP_d645aa79f55e85d0da2e,10.1016/j.scitotenv.2016.05.215,BCF,1.73,2.56,,False
final_similarity70_0,similarity70_cluster_0,primary216,42,nearest_chemical_context,BIO_5945,CMP_d645aa79f55e85d0da2e,10.1016/j.scitotenv.2016.05.215,BCF,1.7,2.56,,False
final_similarity70_0,similarity70_cluster_0,primary216,42,nearest_chemical_context,BIO_5946,CMP_d645aa79f55e85d0da2e,10.1016/j.scitotenv.2016.05.215,BCF,0.75,1.69,,False
final_similarity70_0,similarity70_cluster_0,primary216,42,nearest_chemical_context,BIO_5947,CMP_d645aa79f55e85d0da2e,10.1016/j.scitotenv.2016.05.215,BCF,0.67,1.69,,False
final_similarity70_0,similarity70_cluster_0,primary216,42,nearest_chemical_context,BIO_5948,CMP_d645aa79f55e85d0da2e,10.1016/j.scitotenv.2016.05.215,BCF,1.02,2.74,,False
final_similarity70_0,similarity70_cluster_0,primary216,42,nearest_chemical_context,BIO_5949,CMP_d645aa79f55e85d0da2e,10.1016/j.scitotenv.2016.05.215,BCF,1.06,2.74,,False
final_similarity70_0,similarity70_cluster_0,primary216,42,nearest_chemical_context,BIO_6077,CMP_8e58943e0a19095fb6f4,10.1016/j.scitotenv.2016.05.215,BCF,3.18,2.56,,False
final_similarity70_0,similarity70_cluster_0,primary216,42,nearest_chemical_context,BIO_6078,CMP_8e58943e0a19095fb6f4,10.1016/j.scitotenv.2016.05.215,BCF,3.45,2.56,,False
final_similarity70_0,similarity70_cluster_0,primary216,42,nearest_chemical_context,BIO_6079,CMP_8e58943e0a19095fb6f4,10.1016/j.scitotenv.2016.05.215,BCF,2.64,1.69,,False
final_similarity70_0,similarity70_cluster_0,primary216,42,nearest_chemical_context,BIO_6080,CMP_8e58943e0a19095fb6f4,10.1016/j.scitotenv.2016.05.215,BCF,2.85,1.69,,False
final_similarity70_0,similarity70_cluster_0,primary216,42,nearest_chemical_context,BIO_6081,CMP_8e58943e0a19095fb6f4,10.1016/j.scitotenv.2016.05.215,BCF,3.33,2.74,,False
final_similarity70_0,similarity70_cluster_0,primary216,42,nearest_chemical_context,BIO_6082,CMP_8e58943e0a19095fb6f4,10.1016/j.scitotenv.2016.05.215,BCF,3.37,2.74,,False
final_similarity70_0,similarity70_cluster_0,primary216,42,nearest_chemical_context,BIO_6177,CMP_d156c7f61581a866704b,10.1016/j.scitotenv.2016.05.215,BCF,2.39,2.56,,False
final_similarity70_0,similarity70_cluster_0,primary216,42,nearest_chemical_context,BIO_6178,CMP_d156c7f61581a866704b,10.1016/j.scitotenv.2016.05.215,BCF,2.43,2.56,,False
final_similarity70_0,similarity70_cluster_0,primary216,42,nearest_chemical_context,BIO_6179,CMP_d156c7f61581a866704b,10.1016/j.scitotenv.2016.05.215,BCF,1.52,1.69,,False
final_similarity70_0,similarity70_cluster_0,primary216,42,nearest_chemical_context,BIO_6181,CMP_d156c7f61581a866704b,10.1016/j.scitotenv.2016.05.215,BCF,2.24,2.74,,False
final_similarity70_0,similarity70_cluster_0,primary216,42,nearest_chemical_context,BIO_6182,CMP_d156c7f61581a866704b,10.1016/j.scitotenv.2016.05.215,BCF,2.02,2.74,,False
final_similarity70_0,similarity70_cluster_0,primary216,42,nearest_chemical_context,BIO_6460,CMP_3626e8f507f7fd0a557c,10.1016/j.scitotenv.2016.05.215,BCF,5.56,2.56,,False
final_similarity70_0,similarity70_cluster_0,primary216,42,nearest_chemical_context,BIO_6461,CMP_3626e8f507f7fd0a557c,10.1016/j.scitotenv.2016.05.215,BCF,4.74,2.56,,False
final_similarity70_0,similarity70_cluster_0,primary216,42,nearest_chemical_context,BIO_6462,CMP_3626e8f507f7fd0a557c,10.1016/j.scitotenv.2016.05.215,BCF,5.22,1.69,,False
final_similarity70_0,similarity70_cluster_0,primary216,42,nearest_chemical_context,BIO_6463,CMP_3626e8f507f7fd0a557c,10.1016/j.scitotenv.2016.05.215,BCF,4.52,1.69,,False
final_similarity70_0,similarity70_cluster_0,primary216,42,nearest_chemical_context,BIO_6464,CMP_3626e8f507f7fd0a557c,10.1016/j.scitotenv.2016.05.215,BCF,5.5,2.74,,False
final_similarity70_0,similarity70_cluster_0,primary216,42,nearest_chemical_context,BIO_6465,CMP_3626e8f507f7fd0a557c,10.1016/j.scitotenv.2016.05.215,BCF,4.34,2.74,,False
final_similarity70_0,similarity70_cluster_0,primary216,42,nearest_chemical_context,BIO_6472,CMP_277ba9982a59f21d5d1a,10.1016/j.scitotenv.2016.05.215,BCF,5.02,2.56,,False
final_similarity70_0,similarity70_cluster_0,primary216,42,nearest_chemical_context,BIO_6473,CMP_277ba9982a59f21d5d1a,10.1016/j.scitotenv.2016.05.215,BCF,4.45,2.56,,False
final_similarity70_0,similarity70_cluster_0,primary216,42,nearest_chemical_context,BIO_6474,CMP_277ba9982a59f21d5d1a,10.1016/j.scitotenv.2016.05.215,BCF,4.28,1.69,,False
final_similarity70_0,similarity70_cluster_0,primary216,42,nearest_chemical_context,BIO_6475,CMP_277ba9982a59f21d5d1a,10.1016/j.scitotenv.2016.05.215,BCF,3.91,1.69,,False
final_similarity70_0,similarity70_cluster_0,primary216,42,nearest_chemical_context,BIO_6476,CMP_277ba9982a59f21d5d1a,10.1016/j.scitotenv.2016.05.215,BCF,4.84,2.74,,False
final_similarity70_0,similarity70_cluster_0,primary216,42,nearest_chemical_context,BIO_6477,CMP_277ba9982a59f21d5d1a,10.1016/j.scitotenv.2016.05.215,BCF,3.91,2.74,,False
final_similarity70_0,similarity70_cluster_0,primary216,42,nearest_chemical_context,BIO_6495,CMP_ba6c40d3726d16919ab2,10.1016/j.scitotenv.2016.05.215,BCF,4.14,2.56,,False
final_similarity70_0,similarity70_cluster_0,primary216,42,nearest_chemical_context,BIO_6497,CMP_ba6c40d3726d16919ab2,10.1016/j.scitotenv.2016.05.215,BCF,3.64,1.69,,False
final_similarity70_0,similarity70_cluster_0,primary216,42,nearest_chemical_context,BIO_6498,CMP_ba6c40d3726d16919ab2,10.1016/j.scitotenv.2016.05.215,BCF,3.63,1.69,,False
final_similarity70_0,similarity70_cluster_0,primary216,42,nearest_chemical_context,BIO_6499,CMP_ba6c40d3726d16919ab2,10.1016/j.scitotenv.2016.05.215,BCF,4.31,2.74,,False
final_similarity70_0,similarity70_cluster_0,primary216,42,nearest_chemical_context,BIO_6500,CMP_ba6c40d3726d16919ab2,10.1016/j.scitotenv.2016.05.215,BCF,3.81,2.74,,False
final_similarity70_1,similarity70_cluster_1,primary216,42,full_multitask,BIO_5669,CMP_45982e78c6ad5f32734e,10.1021/acs.est.6b01197,BAF,3.540000000000001,4.012752022024979,d25e621b3684a754,False
final_similarity70_1,similarity70_cluster_1,primary216,42,full_multitask,BIO_5670,CMP_45982e78c6ad5f32734e,10.1021/acs.est.6b01197,BAF,4.400000000000001,3.7015530931908343,d25e621b3684a754,False
final_similarity70_1,similarity70_cluster_1,primary216,42,full_multitask,BIO_5671,CMP_45982e78c6ad5f32734e,10.1021/acs.est.6b01197,BAF,3.45,4.014544423711787,d25e621b3684a754,False
final_similarity70_1,similarity70_cluster_1,primary216,42,structure_context,BIO_5669,CMP_45982e78c6ad5f32734e,10.1021/acs.est.6b01197,BAF,3.540000000000001,3.850281200523591,d25e621b3684a754,False
final_similarity70_1,similarity70_cluster_1,primary216,42,structure_context,BIO_5670,CMP_45982e78c6ad5f32734e,10.1021/acs.est.6b01197,BAF,4.400000000000001,3.633466413831016,d25e621b3684a754,False
final_similarity70_1,similarity70_cluster_1,primary216,42,structure_context,BIO_5671,CMP_45982e78c6ad5f32734e,10.1021/acs.est.6b01197,BAF,3.45,3.850281200523591,d25e621b3684a754,False
final_similarity70_1,similarity70_cluster_1,primary216,42,transport_context,BIO_5669,CMP_45982e78c6ad5f32734e,10.1021/acs.est.6b01197,BAF,3.540000000000001,3.796364351614781,d25e621b3684a754,False
final_similarity70_1,similarity70_cluster_1,primary216,42,transport_context,BIO_5670,CMP_45982e78c6ad5f32734e,10.1021/acs.est.6b01197,BAF,4.400000000000001,3.2016199696209244,d25e621b3684a754,False
final_similarity70_1,similarity70_cluster_1,primary216,42,transport_context,BIO_5671,CMP_45982e78c6ad5f32734e,10.1021/acs.est.6b01197,BAF,3.45,3.7894896843018433,d25e621b3684a754,False
final_similarity70_1,similarity70_cluster_1,primary216,42,full_single_task,BIO_5669,CMP_45982e78c6ad5f32734e,10.1021/acs.est.6b01197,BAF,3.540000000000001,3.844058319161869,d25e621b3684a754,False
final_similarity70_1,similarity70_cluster_1,primary216,42,full_single_task,BIO_5670,CMP_45982e78c6ad5f32734e,10.1021/acs.est.6b01197,BAF,4.400000000000001,3.681348232012812,d25e621b3684a754,False
final_similarity70_1,similarity70_cluster_1,primary216,42,full_single_task,BIO_5671,CMP_45982e78c6ad5f32734e,10.1021/acs.est.6b01197,BAF,3.45,3.867579255095309,d25e621b3684a754,False
final_similarity70_1,similarity70_cluster_1,primary216,42,shuffled_auxiliary_labels,BIO_5669,CMP_45982e78c6ad5f32734e,10.1021/acs.est.6b01197,BAF,3.540000000000001,3.677416919327442,ba904883727e77bd,False
final_similarity70_1,similarity70_cluster_1,primary216,42,shuffled_auxiliary_labels,BIO_5670,CMP_45982e78c6ad5f32734e,10.1021/acs.est.6b01197,BAF,4.400000000000001,3.4926115013709094,ba904883727e77bd,False
final_similarity70_1,similarity70_cluster_1,primary216,42,shuffled_auxiliary_labels,BIO_5671,CMP_45982e78c6ad5f32734e,10.1021/acs.est.6b01197,BAF,3.45,3.677850694783184,ba904883727e77bd,False
final_similarity70_1,similarity70_cluster_1,primary216,42,simple_graph_context,BIO_5669,CMP_45982e78c6ad5f32734e,10.1021/acs.est.6b01197,BAF,3.540000000000001,4.229073524475098,,False
final_similarity70_1,similarity70_cluster_1,primary216,42,simple_graph_context,BIO_5670,CMP_45982e78c6ad5f32734e,10.1021/acs.est.6b01197,BAF,4.400000000000001,3.573270797729492,,False
final_similarity70_1,similarity70_cluster_1,primary216,42,simple_graph_context,BIO_5671,CMP_45982e78c6ad5f32734e,10.1021/acs.est.6b01197,BAF,3.45,4.229073524475098,,False
final_similarity70_1,similarity70_cluster_1,primary216,42,extra_trees_structure_context,BIO_5669,CMP_45982e78c6ad5f32734e,10.1021/acs.est.6b01197,BAF,3.540000000000001,4.343241394838131,,False
final_similarity70_1,similarity70_cluster_1,primary216,42,extra_trees_structure_context,BIO_5670,CMP_45982e78c6ad5f32734e,10.1021/acs.est.6b01197,BAF,4.400000000000001,3.8819356925852655,,False
final_similarity70_1,similarity70_cluster_1,primary216,42,extra_trees_structure_context,BIO_5671,CMP_45982e78c6ad5f32734e,10.1021/acs.est.6b01197,BAF,3.45,4.343241394838131,,False
final_similarity70_1,similarity70_cluster_1,primary216,42,hist_gradient_structure_context,BIO_5669,CMP_45982e78c6ad5f32734e,10.1021/acs.est.6b01197,BAF,3.540000000000001,4.2598982191705135,,False
final_similarity70_1,similarity70_cluster_1,primary216,42,hist_gradient_structure_context,BIO_5670,CMP_45982e78c6ad5f32734e,10.1021/acs.est.6b01197,BAF,4.400000000000001,3.763424525663587,,False
final_similarity70_1,similarity70_cluster_1,primary216,42,hist_gradient_structure_context,BIO_5671,CMP_45982e78c6ad5f32734e,10.1021/acs.est.6b01197,BAF,3.45,4.2598982191705135,,False
final_similarity70_1,similarity70_cluster_1,primary216,42,nearest_chemical_context,BIO_5669,CMP_45982e78c6ad5f32734e,10.1021/acs.est.6b01197,BAF,3.540000000000001,4.21,,False
final_similarity70_1,similarity70_cluster_1,primary216,42,nearest_chemical_context,BIO_5670,CMP_45982e78c6ad5f32734e,10.1021/acs.est.6b01197,BAF,4.400000000000001,3.69,,False
final_similarity70_1,similarity70_cluster_1,primary216,42,nearest_chemical_context,BIO_5671,CMP_45982e78c6ad5f32734e,10.1021/acs.est.6b01197,BAF,3.45,4.21,,False
final_similarity70_2,similarity70_cluster_2,primary216,42,full_multitask,BIO_5694,CMP_cfdde373a2a8c04668f0,10.1021/acs.est.6b01197,BAF,4.32,3.3678825550623257,2884ae204b18bf63,False
final_similarity70_2,similarity70_cluster_2,primary216,42,full_multitask,BIO_5695,CMP_cfdde373a2a8c04668f0,10.1021/acs.est.6b01197,BAF,2.4700000000000006,2.7657971543787845,2884ae204b18bf63,False
final_similarity70_2,similarity70_cluster_2,primary216,42,full_multitask,BIO_5696,CMP_cfdde373a2a8c04668f0,10.1021/acs.est.6b01197,BAF,4.35,3.433695019300089,2884ae204b18bf63,False
final_similarity70_2,similarity70_cluster_2,primary216,42,full_multitask,BIO_6010,CMP_83aa37c8a37d61e51382,10.1021/acs.est.6b01197,BAF,3.29,2.359138904998572,2884ae204b18bf63,False
final_similarity70_2,similarity70_cluster_2,primary216,42,full_multitask,BIO_6011,CMP_83aa37c8a37d61e51382,10.1021/acs.est.6b01197,BAF,1.3,2.264360459546011,2884ae204b18bf63,False
final_similarity70_2,similarity70_cluster_2,primary216,42,full_multitask,BIO_6012,CMP_83aa37c8a37d61e51382,10.1021/acs.est.6b01197,BAF,3.140000000000001,2.3757470521262194,2884ae204b18bf63,False
final_similarity70_2,similarity70_cluster_2,primary216,42,full_multitask,BIO_6384,CMP_cfdde373a2a8c04668f0,10.1021/acs.est.5b04299,BAF,3.798000000000001,3.4922136336926566,2884ae204b18bf63,False
final_similarity70_2,similarity70_cluster_2,primary216,42,full_multitask,BIO_6385,CMP_cfdde373a2a8c04668f0,10.1021/acs.est.5b04299,BAF,3.3090000000000006,3.4378112917405925,2884ae204b18bf63,False
final_similarity70_2,similarity70_cluster_2,primary216,42,full_multitask,BIO_6386,CMP_cfdde373a2a8c04668f0,10.1021/acs.est.5b04299,BAF,3.984,3.52813022221606,2884ae204b18bf63,False
final_similarity70_2,similarity70_cluster_2,primary216,42,full_multitask,BIO_6387,CMP_cfdde373a2a8c04668f0,10.1021/acs.est.5b04299,BAF,3.4720000000000004,3.1861173983942925,2884ae204b18bf63,False
final_similarity70_2,similarity70_cluster_2,primary216,42,full_multitask,BIO_6388,CMP_cfdde373a2a8c04668f0,10.1021/acs.est.5b04299,BAF,3.4600000000000004,3.2342670512400247,2884ae204b18bf63,False
final_similarity70_2,similarity70_cluster_2,primary216,42,full_multitask,BIO_6389,CMP_cfdde373a2a8c04668f0,10.1021/acs.est.5b04299,BAF,3.770000000000001,3.6288438617531935,2884ae204b18bf63,False
final_similarity70_2,similarity70_cluster_2,primary216,42,full_multitask,BIO_6390,CMP_cfdde373a2a8c04668f0,10.1021/acs.est.5b04299,BAF,3.700000000000001,3.364938527023748,2884ae204b18bf63,False
final_similarity70_2,similarity70_cluster_2,primary216,42,full_multitask,BIO_6391,CMP_cfdde373a2a8c04668f0,10.1021/acs.est.5b04299,BAF,3.755000000000001,3.625974238248345,2884ae204b18bf63,False
final_similarity70_2,similarity70_cluster_2,primary216,42,full_multitask,BIO_6392,CMP_cfdde373a2a8c04668f0,10.1021/acs.est.5b04299,BAF,3.646000000000001,3.257343084370488,2884ae204b18bf63,False
final_similarity70_2,similarity70_cluster_2,primary216,42,full_multitask,BIO_6393,CMP_cfdde373a2a8c04668f0,10.1021/acs.est.5b04299,BAF,2.870000000000001,2.604880322126156,2884ae204b18bf63,False
final_similarity70_2,similarity70_cluster_2,primary216,42,full_multitask,BIO_6395,CMP_cfdde373a2a8c04668f0,10.1021/acs.est.5b04299,BAF,4.03,3.464749538587629,2884ae204b18bf63,False
final_similarity70_2,similarity70_cluster_2,primary216,42,full_multitask,BIO_6396,CMP_cfdde373a2a8c04668f0,10.1021/acs.est.5b04299,BAF,3.873,3.300604185285593,2884ae204b18bf63,False
final_similarity70_2,similarity70_cluster_2,primary216,42,full_multitask,BIO_6397,CMP_cfdde373a2a8c04668f0,10.1021/acs.est.5b04299,BAF,4.301,3.4341182667116565,2884ae204b18bf63,False
final_similarity70_2,similarity70_cluster_2,primary216,42,full_multitask,BIO_6398,CMP_cfdde373a2a8c04668f0,10.1021/acs.est.5b04299,BAF,3.838000000000001,3.159964042616658,2884ae204b18bf63,False
final_similarity70_2,similarity70_cluster_2,primary216,42,full_multitask,BIO_6399,CMP_cfdde373a2a8c04668f0,10.1021/acs.est.5b04299,BAF,3.912000000000001,3.1707737607500643,2884ae204b18bf63,False
final_similarity70_2,similarity70_cluster_2,primary216,42,full_multitask,BIO_6400,CMP_cfdde373a2a8c04668f0,10.1021/acs.est.5b04299,BAF,4.0600000000000005,3.6686621150457097,2884ae204b18bf63,False
final_similarity70_2,similarity70_cluster_2,primary216,42,full_multitask,BIO_6401,CMP_cfdde373a2a8c04668f0,10.1021/acs.est.5b04299,BAF,3.954,3.191484471374773,2884ae204b18bf63,False
final_similarity70_2,similarity70_cluster_2,primary216,42,full_multitask,BIO_6402,CMP_cfdde373a2a8c04668f0,10.1021/acs.est.5b04299,BAF,4.072000000000001,3.6537944415387766,2884ae204b18bf63,False
final_similarity70_2,similarity70_cluster_2,primary216,42,full_multitask,BIO_6403,CMP_cfdde373a2a8c04668f0,10.1021/acs.est.5b04299,BAF,3.9650000000000007,3.214788669759496,2884ae204b18bf63,False
final_similarity70_2,similarity70_cluster_2,primary216,42,full_multitask,BIO_6404,CMP_cfdde373a2a8c04668f0,10.1021/acs.est.5b04299,BAF,3.1950000000000003,2.3139407346997003,2884ae204b18bf63,False
final_similarity70_2,similarity70_cluster_2,primary216,42,full_multitask,BIO_6407,CMP_cfdde373a2a8c04668f0,10.1021/acs.est.9b04906,BAF,3.7848311781244695,3.333057038427156,2884ae204b18bf63,False
final_similarity70_2,similarity70_cluster_2,primary216,42,full_multitask,BIO_6605,CMP_83aa37c8a37d61e51382,10.1021/acs.est.7b02399,BAF,1.0,2.5275251653625617,2884ae204b18bf63,False
final_similarity70_2,similarity70_cluster_2,primary216,42,full_multitask,BIO_6606,CMP_83aa37c8a37d61e51382,10.1021/acs.est.7b02399,BAF,2.3364597338485296,2.5267795199277767,2884ae204b18bf63,False
final_similarity70_2,similarity70_cluster_2,primary216,42,full_multitask,BIO_6607,CMP_83aa37c8a37d61e51382,10.1021/acs.est.7b02399,BAF,2.663700925389648,2.512876834950701,2884ae204b18bf63,False
final_similarity70_2,similarity70_cluster_2,primary216,42,full_multitask,BIO_6608,CMP_83aa37c8a37d61e51382,10.1021/acs.est.7b02399,BAF,2.639486489268586,2.5259574157800406,2884ae204b18bf63,False
final_similarity70_2,similarity70_cluster_2,primary216,42,full_multitask,BIO_6609,CMP_83aa37c8a37d61e51382,10.1021/acs.est.7b02399,BAF,2.651278013998144,2.506786647638063,2884ae204b18bf63,False
final_similarity70_2,similarity70_cluster_2,primary216,42,full_multitask,BIO_6610,CMP_83aa37c8a37d61e51382,10.1021/acs.est.7b02399,BAF,2.8432327780980096,2.494188690811287,2884ae204b18bf63,False
final_similarity70_2,similarity70_cluster_2,primary216,42,full_multitask,BIO_6629,CMP_cfdde373a2a8c04668f0,10.1021/acs.est.7b02399,BAF,2.0863598306747484,3.529809589410644,2884ae204b18bf63,False
final_similarity70_2,similarity70_cluster_2,primary216,42,full_multitask,BIO_6630,CMP_cfdde373a2a8c04668f0,10.1021/acs.est.7b02399,BAF,3.1398790864012365,3.5894368551409994,2884ae204b18bf63,False
final_similarity70_2,similarity70_cluster_2,primary216,42,full_multitask,BIO_6631,CMP_cfdde373a2a8c04668f0,10.1021/acs.est.7b02399,BAF,3.551449997972876,3.514972988067316,2884ae204b18bf63,False
final_similarity70_2,similarity70_cluster_2,primary216,42,full_multitask,BIO_6632,CMP_cfdde373a2a8c04668f0,10.1021/acs.est.7b02399,BAF,3.376576957056512,3.6001546325369995,2884ae204b18bf63,False
final_similarity70_2,similarity70_cluster_2,primary216,42,full_multitask,BIO_6633,CMP_cfdde373a2a8c04668f0,10.1021/acs.est.7b02399,BAF,3.447623097760286,3.685064714513485,2884ae204b18bf63,False
final_similarity70_2,similarity70_cluster_2,primary216,42,full_multitask,BIO_6634,CMP_cfdde373a2a8c04668f0,10.1021/acs.est.7b02399,BAF,3.851869600729766,3.5278066133082477,2884ae204b18bf63,False
final_similarity70_2,similarity70_cluster_2,primary216,42,full_multitask,BIO_6737,CMP_5eaff469cfe578e26057,10.1021/acs.est.7b02259,BAF,1.1900000000000002,1.639713359774881,2884ae204b18bf63,False
final_similarity70_2,similarity70_cluster_2,primary216,42,full_multitask,BIO_6738,CMP_83aa37c8a37d61e51382,10.1021/acs.est.7b02259,BAF,2.56,2.0044912193985778,2884ae204b18bf63,False
final_similarity70_2,similarity70_cluster_2,primary216,42,full_multitask,BIO_6739,CMP_83aa37c8a37d61e51382,10.1021/acs.est.7b02259,BAF,2.3000000000000003,1.7560010077502992,2884ae204b18bf63,False
final_similarity70_2,similarity70_cluster_2,primary216,42,full_multitask,BIO_6740,CMP_cfdde373a2a8c04668f0,10.1021/acs.est.7b02259,BAF,3.86,3.6024223166608733,2884ae204b18bf63,False
final_similarity70_2,similarity70_cluster_2,primary216,42,full_multitask,BIO_6741,CMP_cfdde373a2a8c04668f0,10.1021/acs.est.7b02259,BAF,3.65,3.170802767922978,2884ae204b18bf63,False
final_similarity70_2,similarity70_cluster_2,primary216,42,full_multitask,BIO_6742,CMP_cfdde373a2a8c04668f0,10.1021/acs.est.7b02259,BAF,2.7300000000000004,2.437859723355082,2884ae204b18bf63,False
final_similarity70_2,similarity70_cluster_2,primary216,42,full_multitask,BIO_5723,CMP_5eaff469cfe578e26057,10.1016/j.scitotenv.2016.05.215,BCF,1.24,2.179442843687016,2884ae204b18bf63,False
final_similarity70_2,similarity70_cluster_2,primary216,42,full_multitask,BIO_5724,CMP_5eaff469cfe578e26057,10.1016/j.scitotenv.2016.05.215,BCF,1.27,2.1962834558298607,2884ae204b18bf63,False
final_similarity70_2,similarity70_cluster_2,primary216,42,full_multitask,BIO_5725,CMP_5eaff469cfe578e26057,10.1016/j.scitotenv.2016.05.215,BCF,0.66,1.5804042800157458,2884ae204b18bf63,False
final_similarity70_2,similarity70_cluster_2,primary216,42,full_multitask,BIO_5726,CMP_5eaff469cfe578e26057,10.1016/j.scitotenv.2016.05.215,BCF,1.72,1.825596147182005,2884ae204b18bf63,False
final_similarity70_2,similarity70_cluster_2,primary216,42,full_multitask,BIO_5727,CMP_5eaff469cfe578e26057,10.1016/j.scitotenv.2016.05.215,BCF,1.82,1.8714467428250885,2884ae204b18bf63,False
final_similarity70_2,similarity70_cluster_2,primary216,42,full_multitask,BIO_5995,CMP_83aa37c8a37d61e51382,10.1016/j.scitotenv.2016.05.215,BCF,2.56,2.5271675932244047,2884ae204b18bf63,False
final_similarity70_2,similarity70_cluster_2,primary216,42,full_multitask,BIO_5996,CMP_83aa37c8a37d61e51382,10.1016/j.scitotenv.2016.05.215,BCF,2.39,2.502786703851698,2884ae204b18bf63,False
final_similarity70_2,similarity70_cluster_2,primary216,42,full_multitask,BIO_5997,CMP_83aa37c8a37d61e51382,10.1016/j.scitotenv.2016.05.215,BCF,1.69,1.903528795392952,2884ae204b18bf63,False
final_similarity70_2,similarity70_cluster_2,primary216,42,full_multitask,BIO_5998,CMP_83aa37c8a37d61e51382,10.1016/j.scitotenv.2016.05.215,BCF,1.56,1.9632670874329523,2884ae204b18bf63,False
final_similarity70_2,similarity70_cluster_2,primary216,42,full_multitask,BIO_5999,CMP_83aa37c8a37d61e51382,10.1016/j.scitotenv.2016.05.215,BCF,2.74,2.209946259647396,2884ae204b18bf63,False
final_similarity70_2,similarity70_cluster_2,primary216,42,full_multitask,BIO_6000,CMP_83aa37c8a37d61e51382,10.1016/j.scitotenv.2016.05.215,BCF,2.58,2.1977676143692024,2884ae204b18bf63,False
final_similarity70_2,similarity70_cluster_2,primary216,42,full_multitask,BIO_6285,CMP_cfdde373a2a8c04668f0,10.1016/j.scitotenv.2016.05.215,BCF,3.64,3.734601899646256,2884ae204b18bf63,False
final_similarity70_2,similarity70_cluster_2,primary216,42,full_multitask,BIO_6286,CMP_cfdde373a2a8c04668f0,10.1016/j.scitotenv.2016.05.215,BCF,3.55,3.702640822063104,2884ae204b18bf63,False
final_similarity70_2,similarity70_cluster_2,primary216,42,full_multitask,BIO_6287,CMP_cfdde373a2a8c04668f0,10.1016/j.scitotenv.2016.05.215,BCF,2.86,3.131025366399592,2884ae204b18bf63,False
final_similarity70_2,similarity70_cluster_2,primary216,42,full_multitask,BIO_6288,CMP_cfdde373a2a8c04668f0,10.1016/j.scitotenv.2016.05.215,BCF,2.73,3.0636069223912457,2884ae204b18bf63,False
final_similarity70_2,similarity70_cluster_2,primary216,42,full_multitask,BIO_6289,CMP_cfdde373a2a8c04668f0,10.1016/j.scitotenv.2016.05.215,BCF,3.82,3.4848329178505155,2884ae204b18bf63,False
final_similarity70_2,similarity70_cluster_2,primary216,42,full_multitask,BIO_6290,CMP_cfdde373a2a8c04668f0,10.1016/j.scitotenv.2016.05.215,BCF,3.51,3.494242469741482,2884ae204b18bf63,False
final_similarity70_2,similarity70_cluster_2,primary216,42,structure_context,BIO_5694,CMP_cfdde373a2a8c04668f0,10.1021/acs.est.6b01197,BAF,4.32,3.5518993894735025,2884ae204b18bf63,False
final_similarity70_2,similarity70_cluster_2,primary216,42,structure_context,BIO_5695,CMP_cfdde373a2a8c04668f0,10.1021/acs.est.6b01197,BAF,2.4700000000000006,2.922697871645205,2884ae204b18bf63,False
final_similarity70_2,similarity70_cluster_2,primary216,42,structure_context,BIO_5696,CMP_cfdde373a2a8c04668f0,10.1021/acs.est.6b01197,BAF,4.35,3.5518993894735025,2884ae204b18bf63,False
final_similarity70_2,similarity70_cluster_2,primary216,42,structure_context,BIO_6010,CMP_83aa37c8a37d61e51382,10.1021/acs.est.6b01197,BAF,3.29,2.672923646622364,2884ae204b18bf63,False
final_similarity70_2,similarity70_cluster_2,primary216,42,structure_context,BIO_6011,CMP_83aa37c8a37d61e51382,10.1021/acs.est.6b01197,BAF,1.3,2.6060831197411467,2884ae204b18bf63,False
final_similarity70_2,similarity70_cluster_2,primary216,42,structure_context,BIO_6012,CMP_83aa37c8a37d61e51382,10.1021/acs.est.6b01197,BAF,3.140000000000001,2.672923646622364,2884ae204b18bf63,False
final_similarity70_2,similarity70_cluster_2,primary216,42,structure_context,BIO_6384,CMP_cfdde373a2a8c04668f0,10.1021/acs.est.5b04299,BAF,3.798000000000001,3.451919264902272,2884ae204b18bf63,False
final_similarity70_2,similarity70_cluster_2,primary216,42,structure_context,BIO_6385,CMP_cfdde373a2a8c04668f0,10.1021/acs.est.5b04299,BAF,3.3090000000000006,3.4187413513640257,2884ae204b18bf63,False
final_similarity70_2,similarity70_cluster_2,primary216,42,structure_context,BIO_6386,CMP_cfdde373a2a8c04668f0,10.1021/acs.est.5b04299,BAF,3.984,3.5521584106619755,2884ae204b18bf63,False
final_similarity70_2,similarity70_cluster_2,primary216,42,structure_context,BIO_6387,CMP_cfdde373a2a8c04668f0,10.1021/acs.est.5b04299,BAF,3.4720000000000004,3.472391409638975,2884ae204b18bf63,False
final_similarity70_2,similarity70_cluster_2,primary216,42,structure_context,BIO_6388,CMP_cfdde373a2a8c04668f0,10.1021/acs.est.5b04299,BAF,3.4600000000000004,3.4183340833045146,2884ae204b18bf63,False
final_similarity70_2,similarity70_cluster_2,primary216,42,structure_context,BIO_6389,CMP_cfdde373a2a8c04668f0,10.1021/acs.est.5b04299,BAF,3.770000000000001,3.677739641144108,2884ae204b18bf63,False
final_similarity70_2,similarity70_cluster_2,primary216,42,structure_context,BIO_6390,CMP_cfdde373a2a8c04668f0,10.1021/acs.est.5b04299,BAF,3.700000000000001,3.669585457794701,2884ae204b18bf63,False
final_similarity70_2,similarity70_cluster_2,primary216,42,structure_context,BIO_6391,CMP_cfdde373a2a8c04668f0,10.1021/acs.est.5b04299,BAF,3.755000000000001,3.782213120592254,2884ae204b18bf63,False
final_similarity70_2,similarity70_cluster_2,primary216,42,structure_context,BIO_6392,CMP_cfdde373a2a8c04668f0,10.1021/acs.est.5b04299,BAF,3.646000000000001,3.283560908941297,2884ae204b18bf63,False
final_similarity70_2,similarity70_cluster_2,primary216,42,structure_context,BIO_6393,CMP_cfdde373a2a8c04668f0,10.1021/acs.est.5b04299,BAF,2.870000000000001,2.625130204670997,2884ae204b18bf63,False
final_similarity70_2,similarity70_cluster_2,primary216,42,structure_context,BIO_6395,CMP_cfdde373a2a8c04668f0,10.1021/acs.est.5b04299,BAF,4.03,3.451919264902272,2884ae204b18bf63,False
final_similarity70_2,similarity70_cluster_2,primary216,42,structure_context,BIO_6396,CMP_cfdde373a2a8c04668f0,10.1021/acs.est.5b04299,BAF,3.873,3.4187413513640257,2884ae204b18bf63,False
final_similarity70_2,similarity70_cluster_2,primary216,42,structure_context,BIO_6397,CMP_cfdde373a2a8c04668f0,10.1021/acs.est.5b04299,BAF,4.301,3.5521584106619755,2884ae204b18bf63,False
final_similarity70_2,similarity70_cluster_2,primary216,42,structure_context,BIO_6398,CMP_cfdde373a2a8c04668f0,10.1021/acs.est.5b04299,BAF,3.838000000000001,3.472391409638975,2884ae204b18bf63,False
final_similarity70_2,similarity70_cluster_2,primary216,42,structure_context,BIO_6399,CMP_cfdde373a2a8c04668f0,10.1021/acs.est.5b04299,BAF,3.912000000000001,3.4183340833045146,2884ae204b18bf63,False
final_similarity70_2,similarity70_cluster_2,primary216,42,structure_context,BIO_6400,CMP_cfdde373a2a8c04668f0,10.1021/acs.est.5b04299,BAF,4.0600000000000005,3.677739641144108,2884ae204b18bf63,False
final_similarity70_2,similarity70_cluster_2,primary216,42,structure_context,BIO_6401,CMP_cfdde373a2a8c04668f0,10.1021/acs.est.5b04299,BAF,3.954,3.669585457794701,2884ae204b18bf63,False
final_similarity70_2,similarity70_cluster_2,primary216,42,structure_context,BIO_6402,CMP_cfdde373a2a8c04668f0,10.1021/acs.est.5b04299,BAF,4.072000000000001,3.782213120592254,2884ae204b18bf63,False
final_similarity70_2,similarity70_cluster_2,primary216,42,structure_context,BIO_6403,CMP_cfdde373a2a8c04668f0,10.1021/acs.est.5b04299,BAF,3.9650000000000007,3.283560908941297,2884ae204b18bf63,False
final_similarity70_2,similarity70_cluster_2,primary216,42,structure_context,BIO_6404,CMP_cfdde373a2a8c04668f0,10.1021/acs.est.5b04299,BAF,3.1950000000000003,2.625130204670997,2884ae204b18bf63,False
final_similarity70_2,similarity70_cluster_2,primary216,42,structure_context,BIO_6407,CMP_cfdde373a2a8c04668f0,10.1021/acs.est.9b04906,BAF,3.7848311781244695,3.192622324491929,2884ae204b18bf63,False
final_similarity70_2,similarity70_cluster_2,primary216,42,structure_context,BIO_6605,CMP_83aa37c8a37d61e51382,10.1021/acs.est.7b02399,BAF,1.0,3.1548582828562037,2884ae204b18bf63,False
final_similarity70_2,similarity70_cluster_2,primary216,42,structure_context,BIO_6606,CMP_83aa37c8a37d61e51382,10.1021/acs.est.7b02399,BAF,2.3364597338485296,3.1548582828562037,2884ae204b18bf63,False
final_similarity70_2,similarity70_cluster_2,primary216,42,structure_context,BIO_6607,CMP_83aa37c8a37d61e51382,10.1021/acs.est.7b02399,BAF,2.663700925389648,3.1548582828562037,2884ae204b18bf63,False
final_similarity70_2,similarity70_cluster_2,primary216,42,structure_context,BIO_6608,CMP_83aa37c8a37d61e51382,10.1021/acs.est.7b02399,BAF,2.639486489268586,3.1548582828562037,2884ae204b18bf63,False
final_similarity70_2,similarity70_cluster_2,primary216,42,structure_context,BIO_6609,CMP_83aa37c8a37d61e51382,10.1021/acs.est.7b02399,BAF,2.651278013998144,3.1548582828562037,2884ae204b18bf63,False
final_similarity70_2,similarity70_cluster_2,primary216,42,structure_context,BIO_6610,CMP_83aa37c8a37d61e51382,10.1021/acs.est.7b02399,BAF,2.8432327780980096,3.1548582828562037,2884ae204b18bf63,False
final_similarity70_2,similarity70_cluster_2,primary216,42,structure_context,BIO_6629,CMP_cfdde373a2a8c04668f0,10.1021/acs.est.7b02399,BAF,2.0863598306747484,3.7505398392770544,2884ae204b18bf63,False
final_similarity70_2,similarity70_cluster_2,primary216,42,structure_context,BIO_6630,CMP_cfdde373a2a8c04668f0,10.1021/acs.est.7b02399,BAF,3.1398790864012365,3.7505398392770544,2884ae204b18bf63,False
final_similarity70_2,similarity70_cluster_2,primary216,42,structure_context,BIO_6631,CMP_cfdde373a2a8c04668f0,10.1021/acs.est.7b02399,BAF,3.551449997972876,3.7505398392770544,2884ae204b18bf63,False
final_similarity70_2,similarity70_cluster_2,primary216,42,structure_context,BIO_6632,CMP_cfdde373a2a8c04668f0,10.1021/acs.est.7b02399,BAF,3.376576957056512,3.7505398392770544,2884ae204b18bf63,False
final_similarity70_2,similarity70_cluster_2,primary216,42,structure_context,BIO_6633,CMP_cfdde373a2a8c04668f0,10.1021/acs.est.7b02399,BAF,3.447623097760286,3.7505398392770544,2884ae204b18bf63,False
final_similarity70_2,similarity70_cluster_2,primary216,42,structure_context,BIO_6634,CMP_cfdde373a2a8c04668f0,10.1021/acs.est.7b02399,BAF,3.851869600729766,3.7505398392770544,2884ae204b18bf63,False
final_similarity70_2,similarity70_cluster_2,primary216,42,structure_context,BIO_6737,CMP_5eaff469cfe578e26057,10.1021/acs.est.7b02259,BAF,1.1900000000000002,1.689051890468505,2884ae204b18bf63,False
final_similarity70_2,similarity70_cluster_2,primary216,42,structure_context,BIO_6738,CMP_83aa37c8a37d61e51382,10.1021/acs.est.7b02259,BAF,2.56,2.364629574699422,2884ae204b18bf63,False
final_similarity70_2,similarity70_cluster_2,primary216,42,structure_context,BIO_6739,CMP_83aa37c8a37d61e51382,10.1021/acs.est.7b02259,BAF,2.3000000000000003,2.0771616798964265,2884ae204b18bf63,False
final_similarity70_2,similarity70_cluster_2,primary216,42,structure_context,BIO_6740,CMP_cfdde373a2a8c04668f0,10.1021/acs.est.7b02259,BAF,3.86,3.5521584106619755,2884ae204b18bf63,False
final_similarity70_2,similarity70_cluster_2,primary216,42,structure_context,BIO_6741,CMP_cfdde373a2a8c04668f0,10.1021/acs.est.7b02259,BAF,3.65,3.283560908941297,2884ae204b18bf63,False
final_similarity70_2,similarity70_cluster_2,primary216,42,structure_context,BIO_6742,CMP_cfdde373a2a8c04668f0,10.1021/acs.est.7b02259,BAF,2.7300000000000004,2.625130204670997,2884ae204b18bf63,False
final_similarity70_2,similarity70_cluster_2,primary216,42,structure_context,BIO_5723,CMP_5eaff469cfe578e26057,10.1016/j.scitotenv.2016.05.215,BCF,1.24,2.21880351643362,2884ae204b18bf63,False
final_similarity70_2,similarity70_cluster_2,primary216,42,structure_context,BIO_5724,CMP_5eaff469cfe578e26057,10.1016/j.scitotenv.2016.05.215,BCF,1.27,2.21880351643362,2884ae204b18bf63,False
final_similarity70_2,similarity70_cluster_2,primary216,42,structure_context,BIO_5725,CMP_5eaff469cfe578e26057,10.1016/j.scitotenv.2016.05.215,BCF,0.66,1.5386305661983162,2884ae204b18bf63,False
final_similarity70_2,similarity70_cluster_2,primary216,42,structure_context,BIO_5726,CMP_5eaff469cfe578e26057,10.1016/j.scitotenv.2016.05.215,BCF,1.72,1.812090171989415,2884ae204b18bf63,False
final_similarity70_2,similarity70_cluster_2,primary216,42,structure_context,BIO_5727,CMP_5eaff469cfe578e26057,10.1016/j.scitotenv.2016.05.215,BCF,1.82,1.812090171989415,2884ae204b18bf63,False
final_similarity70_2,similarity70_cluster_2,primary216,42,structure_context,BIO_5995,CMP_83aa37c8a37d61e51382,10.1016/j.scitotenv.2016.05.215,BCF,2.56,2.5883004511045966,2884ae204b18bf63,False
final_similarity70_2,similarity70_cluster_2,primary216,42,structure_context,BIO_5996,CMP_83aa37c8a37d61e51382,10.1016/j.scitotenv.2016.05.215,BCF,2.39,2.5883004511045966,2884ae204b18bf63,False
final_similarity70_2,similarity70_cluster_2,primary216,42,structure_context,BIO_5997,CMP_83aa37c8a37d61e51382,10.1016/j.scitotenv.2016.05.215,BCF,1.69,2.0209367155146643,2884ae204b18bf63,False
final_similarity70_2,similarity70_cluster_2,primary216,42,structure_context,BIO_5998,CMP_83aa37c8a37d61e51382,10.1016/j.scitotenv.2016.05.215,BCF,1.56,2.0209367155146643,2884ae204b18bf63,False
final_similarity70_2,similarity70_cluster_2,primary216,42,structure_context,BIO_5999,CMP_83aa37c8a37d61e51382,10.1016/j.scitotenv.2016.05.215,BCF,2.74,2.303955994789668,2884ae204b18bf63,False
final_similarity70_2,similarity70_cluster_2,primary216,42,structure_context,BIO_6000,CMP_83aa37c8a37d61e51382,10.1016/j.scitotenv.2016.05.215,BCF,2.58,2.303955994789668,2884ae204b18bf63,False
final_similarity70_2,similarity70_cluster_2,primary216,42,structure_context,BIO_6285,CMP_cfdde373a2a8c04668f0,10.1016/j.scitotenv.2016.05.215,BCF,3.64,3.4532044179717416,2884ae204b18bf63,False
final_similarity70_2,similarity70_cluster_2,primary216,42,structure_context,BIO_6286,CMP_cfdde373a2a8c04668f0,10.1016/j.scitotenv.2016.05.215,BCF,3.55,3.4532044179717416,2884ae204b18bf63,False
final_similarity70_2,similarity70_cluster_2,primary216,42,structure_context,BIO_6287,CMP_cfdde373a2a8c04668f0,10.1016/j.scitotenv.2016.05.215,BCF,2.86,2.928351590099917,2884ae204b18bf63,False
final_similarity70_2,similarity70_cluster_2,primary216,42,structure_context,BIO_6288,CMP_cfdde373a2a8c04668f0,10.1016/j.scitotenv.2016.05.215,BCF,2.73,2.928351590099917,2884ae204b18bf63,False
final_similarity70_2,similarity70_cluster_2,primary216,42,structure_context,BIO_6289,CMP_cfdde373a2a8c04668f0,10.1016/j.scitotenv.2016.05.215,BCF,3.82,3.28391851611033,2884ae204b18bf63,False
final_similarity70_2,similarity70_cluster_2,primary216,42,structure_context,BIO_6290,CMP_cfdde373a2a8c04668f0,10.1016/j.scitotenv.2016.05.215,BCF,3.51,3.28391851611033,2884ae204b18bf63,False
final_similarity70_2,similarity70_cluster_2,primary216,42,transport_context,BIO_5694,CMP_cfdde373a2a8c04668f0,10.1021/acs.est.6b01197,BAF,4.32,1.8725911173990089,2884ae204b18bf63,False
final_similarity70_2,similarity70_cluster_2,primary216,42,transport_context,BIO_5695,CMP_cfdde373a2a8c04668f0,10.1021/acs.est.6b01197,BAF,2.4700000000000006,2.001443422874861,2884ae204b18bf63,False
final_similarity70_2,similarity70_cluster_2,primary216,42,transport_context,BIO_5696,CMP_cfdde373a2a8c04668f0,10.1021/acs.est.6b01197,BAF,4.35,2.21902096171664,2884ae204b18bf63,False
final_similarity70_2,similarity70_cluster_2,primary216,42,transport_context,BIO_6010,CMP_83aa37c8a37d61e51382,10.1021/acs.est.6b01197,BAF,3.29,0.7635392362848608,2884ae204b18bf63,False
final_similarity70_2,similarity70_cluster_2,primary216,42,transport_context,BIO_6011,CMP_83aa37c8a37d61e51382,10.1021/acs.est.6b01197,BAF,1.3,1.042005674489504,2884ae204b18bf63,False
final_similarity70_2,similarity70_cluster_2,primary216,42,transport_context,BIO_6012,CMP_83aa37c8a37d61e51382,10.1021/acs.est.6b01197,BAF,3.140000000000001,0.8427895571760842,2884ae204b18bf63,False
final_similarity70_2,similarity70_cluster_2,primary216,42,transport_context,BIO_6384,CMP_cfdde373a2a8c04668f0,10.1021/acs.est.5b04299,BAF,3.798000000000001,3.2370996995188706,2884ae204b18bf63,False
final_similarity70_2,similarity70_cluster_2,primary216,42,transport_context,BIO_6385,CMP_cfdde373a2a8c04668f0,10.1021/acs.est.5b04299,BAF,3.3090000000000006,3.1327361835279395,2884ae204b18bf63,False
final_similarity70_2,similarity70_cluster_2,primary216,42,transport_context,BIO_6386,CMP_cfdde373a2a8c04668f0,10.1021/acs.est.5b04299,BAF,3.984,2.037345805127221,2884ae204b18bf63,False
final_similarity70_2,similarity70_cluster_2,primary216,42,transport_context,BIO_6387,CMP_cfdde373a2a8c04668f0,10.1021/acs.est.5b04299,BAF,3.4720000000000004,2.353466516116827,2884ae204b18bf63,False
final_similarity70_2,similarity70_cluster_2,primary216,42,transport_context,BIO_6388,CMP_cfdde373a2a8c04668f0,10.1021/acs.est.5b04299,BAF,3.4600000000000004,3.252985202613289,2884ae204b18bf63,False
final_similarity70_2,similarity70_cluster_2,primary216,42,transport_context,BIO_6389,CMP_cfdde373a2a8c04668f0,10.1021/acs.est.5b04299,BAF,3.770000000000001,3.1033835949720205,2884ae204b18bf63,False
final_similarity70_2,similarity70_cluster_2,primary216,42,transport_context,BIO_6390,CMP_cfdde373a2a8c04668f0,10.1021/acs.est.5b04299,BAF,3.700000000000001,3.1572038690242183,2884ae204b18bf63,False
final_similarity70_2,similarity70_cluster_2,primary216,42,transport_context,BIO_6391,CMP_cfdde373a2a8c04668f0,10.1021/acs.est.5b04299,BAF,3.755000000000001,3.358972887840805,2884ae204b18bf63,False
final_similarity70_2,similarity70_cluster_2,primary216,42,transport_context,BIO_6392,CMP_cfdde373a2a8c04668f0,10.1021/acs.est.5b04299,BAF,3.646000000000001,1.550623909621357,2884ae204b18bf63,False
final_similarity70_2,similarity70_cluster_2,primary216,42,transport_context,BIO_6393,CMP_cfdde373a2a8c04668f0,10.1021/acs.est.5b04299,BAF,2.870000000000001,1.125217663806072,2884ae204b18bf63,False
final_similarity70_2,similarity70_cluster_2,primary216,42,transport_context,BIO_6395,CMP_cfdde373a2a8c04668f0,10.1021/acs.est.5b04299,BAF,4.03,2.858988216620045,2884ae204b18bf63,False
final_similarity70_2,similarity70_cluster_2,primary216,42,transport_context,BIO_6396,CMP_cfdde373a2a8c04668f0,10.1021/acs.est.5b04299,BAF,3.873,2.4733403718016174,2884ae204b18bf63,False
final_similarity70_2,similarity70_cluster_2,primary216,42,transport_context,BIO_6397,CMP_cfdde373a2a8c04668f0,10.1021/acs.est.5b04299,BAF,4.301,1.5012717132301692,2884ae204b18bf63,False
final_similarity70_2,similarity70_cluster_2,primary216,42,transport_context,BIO_6398,CMP_cfdde373a2a8c04668f0,10.1021/acs.est.5b04299,BAF,3.838000000000001,2.391012847189389,2884ae204b18bf63,False
final_similarity70_2,similarity70_cluster_2,primary216,42,transport_context,BIO_6399,CMP_cfdde373a2a8c04668f0,10.1021/acs.est.5b04299,BAF,3.912000000000001,3.0398273438888945,2884ae204b18bf63,False
final_similarity70_2,similarity70_cluster_2,primary216,42,transport_context,BIO_6400,CMP_cfdde373a2a8c04668f0,10.1021/acs.est.5b04299,BAF,4.0600000000000005,3.4136226827088785,2884ae204b18bf63,False
final_similarity70_2,similarity70_cluster_2,primary216,42,transport_context,BIO_6401,CMP_cfdde373a2a8c04668f0,10.1021/acs.est.5b04299,BAF,3.954,2.450916172984294,2884ae204b18bf63,False
final_similarity70_2,similarity70_cluster_2,primary216,42,transport_context,BIO_6402,CMP_cfdde373a2a8c04668f0,10.1021/acs.est.5b04299,BAF,4.072000000000001,3.440486395284552,2884ae204b18bf63,False
final_similarity70_2,similarity70_cluster_2,primary216,42,transport_context,BIO_6403,CMP_cfdde373a2a8c04668f0,10.1021/acs.est.5b04299,BAF,3.9650000000000007,1.3823154485925468,2884ae204b18bf63,False
final_similarity70_2,similarity70_cluster_2,primary216,42,transport_context,BIO_6404,CMP_cfdde373a2a8c04668f0,10.1021/acs.est.5b04299,BAF,3.1950000000000003,0.1507133108732983,2884ae204b18bf63,False
final_similarity70_2,similarity70_cluster_2,primary216,42,transport_context,BIO_6407,CMP_cfdde373a2a8c04668f0,10.1021/acs.est.9b04906,BAF,3.7848311781244695,1.9543502181859955,2884ae204b18bf63,False
final_similarity70_2,similarity70_cluster_2,primary216,42,transport_context,BIO_6605,CMP_83aa37c8a37d61e51382,10.1021/acs.est.7b02399,BAF,1.0,0.795555543907259,2884ae204b18bf63,False
final_similarity70_2,similarity70_cluster_2,primary216,42,transport_context,BIO_6606,CMP_83aa37c8a37d61e51382,10.1021/acs.est.7b02399,BAF,2.3364597338485296,0.7442617805609548,2884ae204b18bf63,False
final_similarity70_2,similarity70_cluster_2,primary216,42,transport_context,BIO_6607,CMP_83aa37c8a37d61e51382,10.1021/acs.est.7b02399,BAF,2.663700925389648,0.7085809901893421,2884ae204b18bf63,False
final_similarity70_2,similarity70_cluster_2,primary216,42,transport_context,BIO_6608,CMP_83aa37c8a37d61e51382,10.1021/acs.est.7b02399,BAF,2.639486489268586,0.7244442703080152,2884ae204b18bf63,False
final_similarity70_2,similarity70_cluster_2,primary216,42,transport_context,BIO_6609,CMP_83aa37c8a37d61e51382,10.1021/acs.est.7b02399,BAF,2.651278013998144,0.7863682165236896,2884ae204b18bf63,False
final_similarity70_2,similarity70_cluster_2,primary216,42,transport_context,BIO_6610,CMP_83aa37c8a37d61e51382,10.1021/acs.est.7b02399,BAF,2.8432327780980096,0.7101464909861885,2884ae204b18bf63,False
final_similarity70_2,similarity70_cluster_2,primary216,42,transport_context,BIO_6629,CMP_cfdde373a2a8c04668f0,10.1021/acs.est.7b02399,BAF,2.0863598306747484,2.164324093709965,2884ae204b18bf63,False
final_similarity70_2,similarity70_cluster_2,primary216,42,transport_context,BIO_6630,CMP_cfdde373a2a8c04668f0,10.1021/acs.est.7b02399,BAF,3.1398790864012365,2.296293129639649,2884ae204b18bf63,False
final_similarity70_2,similarity70_cluster_2,primary216,42,transport_context,BIO_6631,CMP_cfdde373a2a8c04668f0,10.1021/acs.est.7b02399,BAF,3.551449997972876,2.0271441024207,2884ae204b18bf63,False
final_similarity70_2,similarity70_cluster_2,primary216,42,transport_context,BIO_6632,CMP_cfdde373a2a8c04668f0,10.1021/acs.est.7b02399,BAF,3.376576957056512,2.340831886785197,2884ae204b18bf63,False
final_similarity70_2,similarity70_cluster_2,primary216,42,transport_context,BIO_6633,CMP_cfdde373a2a8c04668f0,10.1021/acs.est.7b02399,BAF,3.447623097760286,2.6878662652365053,2884ae204b18bf63,False
final_similarity70_2,similarity70_cluster_2,primary216,42,transport_context,BIO_6634,CMP_cfdde373a2a8c04668f0,10.1021/acs.est.7b02399,BAF,3.851869600729766,2.034432676268736,2884ae204b18bf63,False
final_similarity70_2,similarity70_cluster_2,primary216,42,transport_context,BIO_6737,CMP_5eaff469cfe578e26057,10.1021/acs.est.7b02259,BAF,1.1900000000000002,0.5876810827944419,2884ae204b18bf63,False
final_similarity70_2,similarity70_cluster_2,primary216,42,transport_context,BIO_6738,CMP_83aa37c8a37d61e51382,10.1021/acs.est.7b02259,BAF,2.56,0.0973932186502808,2884ae204b18bf63,False
final_similarity70_2,similarity70_cluster_2,primary216,42,transport_context,BIO_6739,CMP_83aa37c8a37d61e51382,10.1021/acs.est.7b02259,BAF,2.3000000000000003,-0.3184895928147746,2884ae204b18bf63,False
final_similarity70_2,similarity70_cluster_2,primary216,42,transport_context,BIO_6740,CMP_cfdde373a2a8c04668f0,10.1021/acs.est.7b02259,BAF,3.86,2.1644980286327526,2884ae204b18bf63,False
final_similarity70_2,similarity70_cluster_2,primary216,42,transport_context,BIO_6741,CMP_cfdde373a2a8c04668f0,10.1021/acs.est.7b02259,BAF,3.65,1.2340543929060694,2884ae204b18bf63,False
final_similarity70_2,similarity70_cluster_2,primary216,42,transport_context,BIO_6742,CMP_cfdde373a2a8c04668f0,10.1021/acs.est.7b02259,BAF,2.7300000000000004,0.5462096693096323,2884ae204b18bf63,False
final_similarity70_2,similarity70_cluster_2,primary216,42,transport_context,BIO_5723,CMP_5eaff469cfe578e26057,10.1016/j.scitotenv.2016.05.215,BCF,1.24,1.932283828874075,2884ae204b18bf63,False
final_similarity70_2,similarity70_cluster_2,primary216,42,transport_context,BIO_5724,CMP_5eaff469cfe578e26057,10.1016/j.scitotenv.2016.05.215,BCF,1.27,1.9650950434647811,2884ae204b18bf63,False
final_similarity70_2,similarity70_cluster_2,primary216,42,transport_context,BIO_5725,CMP_5eaff469cfe578e26057,10.1016/j.scitotenv.2016.05.215,BCF,0.66,0.9463603914560968,2884ae204b18bf63,False
final_similarity70_2,similarity70_cluster_2,primary216,42,transport_context,BIO_5726,CMP_5eaff469cfe578e26057,10.1016/j.scitotenv.2016.05.215,BCF,1.72,1.3928483401654368,2884ae204b18bf63,False
final_similarity70_2,similarity70_cluster_2,primary216,42,transport_context,BIO_5727,CMP_5eaff469cfe578e26057,10.1016/j.scitotenv.2016.05.215,BCF,1.82,1.5026393076049644,2884ae204b18bf63,False
final_similarity70_2,similarity70_cluster_2,primary216,42,transport_context,BIO_5995,CMP_83aa37c8a37d61e51382,10.1016/j.scitotenv.2016.05.215,BCF,2.56,1.5569127762082626,2884ae204b18bf63,False
final_similarity70_2,similarity70_cluster_2,primary216,42,transport_context,BIO_5996,CMP_83aa37c8a37d61e51382,10.1016/j.scitotenv.2016.05.215,BCF,2.39,1.4590477397051482,2884ae204b18bf63,False
final_similarity70_2,similarity70_cluster_2,primary216,42,transport_context,BIO_5997,CMP_83aa37c8a37d61e51382,10.1016/j.scitotenv.2016.05.215,BCF,1.69,0.5690664906759917,2884ae204b18bf63,False
final_similarity70_2,similarity70_cluster_2,primary216,42,transport_context,BIO_5998,CMP_83aa37c8a37d61e51382,10.1016/j.scitotenv.2016.05.215,BCF,1.56,0.7821084897285426,2884ae204b18bf63,False
final_similarity70_2,similarity70_cluster_2,primary216,42,transport_context,BIO_5999,CMP_83aa37c8a37d61e51382,10.1016/j.scitotenv.2016.05.215,BCF,2.74,0.8919935212218917,2884ae204b18bf63,False
final_similarity70_2,similarity70_cluster_2,primary216,42,transport_context,BIO_6000,CMP_83aa37c8a37d61e51382,10.1016/j.scitotenv.2016.05.215,BCF,2.58,0.8718151256199502,2884ae204b18bf63,False
final_similarity70_2,similarity70_cluster_2,primary216,42,transport_context,BIO_6285,CMP_cfdde373a2a8c04668f0,10.1016/j.scitotenv.2016.05.215,BCF,3.64,3.160068564198765,2884ae204b18bf63,False
final_similarity70_2,similarity70_cluster_2,primary216,42,transport_context,BIO_6286,CMP_cfdde373a2a8c04668f0,10.1016/j.scitotenv.2016.05.215,BCF,3.55,2.985599151281681,2884ae204b18bf63,False
final_similarity70_2,similarity70_cluster_2,primary216,42,transport_context,BIO_6287,CMP_cfdde373a2a8c04668f0,10.1016/j.scitotenv.2016.05.215,BCF,2.86,2.219936590828417,2884ae204b18bf63,False
final_similarity70_2,similarity70_cluster_2,primary216,42,transport_context,BIO_6288,CMP_cfdde373a2a8c04668f0,10.1016/j.scitotenv.2016.05.215,BCF,2.73,1.877313739773595,2884ae204b18bf63,False
final_similarity70_2,similarity70_cluster_2,primary216,42,transport_context,BIO_6289,CMP_cfdde373a2a8c04668f0,10.1016/j.scitotenv.2016.05.215,BCF,3.82,2.4347447749760445,2884ae204b18bf63,False
final_similarity70_2,similarity70_cluster_2,primary216,42,transport_context,BIO_6290,CMP_cfdde373a2a8c04668f0,10.1016/j.scitotenv.2016.05.215,BCF,3.51,2.448959542686865,2884ae204b18bf63,False
final_similarity70_2,similarity70_cluster_2,primary216,42,full_single_task,BIO_5694,CMP_cfdde373a2a8c04668f0,10.1021/acs.est.6b01197,BAF,4.32,3.26368027322028,2884ae204b18bf63,False
final_similarity70_2,similarity70_cluster_2,primary216,42,full_single_task,BIO_5695,CMP_cfdde373a2a8c04668f0,10.1021/acs.est.6b01197,BAF,2.4700000000000006,2.540432243727897,2884ae204b18bf63,False
final_similarity70_2,similarity70_cluster_2,primary216,42,full_single_task,BIO_5696,CMP_cfdde373a2a8c04668f0,10.1021/acs.est.6b01197,BAF,4.35,3.3516733295396643,2884ae204b18bf63,False
final_similarity70_2,similarity70_cluster_2,primary216,42,full_single_task,BIO_6010,CMP_83aa37c8a37d61e51382,10.1021/acs.est.6b01197,BAF,3.29,2.0569530539195453,2884ae204b18bf63,False
final_similarity70_2,similarity70_cluster_2,primary216,42,full_single_task,BIO_6011,CMP_83aa37c8a37d61e51382,10.1021/acs.est.6b01197,BAF,1.3,2.1319120863005185,2884ae204b18bf63,False
final_similarity70_2,similarity70_cluster_2,primary216,42,full_single_task,BIO_6012,CMP_83aa37c8a37d61e51382,10.1021/acs.est.6b01197,BAF,3.140000000000001,2.095158192703134,2884ae204b18bf63,False
final_similarity70_2,similarity70_cluster_2,primary216,42,full_single_task,BIO_6384,CMP_cfdde373a2a8c04668f0,10.1021/acs.est.5b04299,BAF,3.798000000000001,3.280184378873181,2884ae204b18bf63,False
final_similarity70_2,similarity70_cluster_2,primary216,42,full_single_task,BIO_6385,CMP_cfdde373a2a8c04668f0,10.1021/acs.est.5b04299,BAF,3.3090000000000006,3.304959764199769,2884ae204b18bf63,False
final_similarity70_2,similarity70_cluster_2,primary216,42,full_single_task,BIO_6386,CMP_cfdde373a2a8c04668f0,10.1021/acs.est.5b04299,BAF,3.984,3.482606842911877,2884ae204b18bf63,False
final_similarity70_2,similarity70_cluster_2,primary216,42,full_single_task,BIO_6387,CMP_cfdde373a2a8c04668f0,10.1021/acs.est.5b04299,BAF,3.4720000000000004,2.794236681893294,2884ae204b18bf63,False
final_similarity70_2,similarity70_cluster_2,primary216,42,full_single_task,BIO_6388,CMP_cfdde373a2a8c04668f0,10.1021/acs.est.5b04299,BAF,3.4600000000000004,2.9575901166706937,2884ae204b18bf63,False
final_similarity70_2,similarity70_cluster_2,primary216,42,full_single_task,BIO_6389,CMP_cfdde373a2a8c04668f0,10.1021/acs.est.5b04299,BAF,3.770000000000001,3.306090054693945,2884ae204b18bf63,False
final_similarity70_2,similarity70_cluster_2,primary216,42,full_single_task,BIO_6390,CMP_cfdde373a2a8c04668f0,10.1021/acs.est.5b04299,BAF,3.700000000000001,3.234400589106684,2884ae204b18bf63,False
final_similarity70_2,similarity70_cluster_2,primary216,42,full_single_task,BIO_6391,CMP_cfdde373a2a8c04668f0,10.1021/acs.est.5b04299,BAF,3.755000000000001,3.395441315395096,2884ae204b18bf63,False
final_similarity70_2,similarity70_cluster_2,primary216,42,full_single_task,BIO_6392,CMP_cfdde373a2a8c04668f0,10.1021/acs.est.5b04299,BAF,3.646000000000001,2.915959255632349,2884ae204b18bf63,False
final_similarity70_2,similarity70_cluster_2,primary216,42,full_single_task,BIO_6393,CMP_cfdde373a2a8c04668f0,10.1021/acs.est.5b04299,BAF,2.870000000000001,2.2097979997292967,2884ae204b18bf63,False
final_similarity70_2,similarity70_cluster_2,primary216,42,full_single_task,BIO_6395,CMP_cfdde373a2a8c04668f0,10.1021/acs.est.5b04299,BAF,4.03,3.1724279047860917,2884ae204b18bf63,False
final_similarity70_2,similarity70_cluster_2,primary216,42,full_single_task,BIO_6396,CMP_cfdde373a2a8c04668f0,10.1021/acs.est.5b04299,BAF,3.873,3.0913422234112837,2884ae204b18bf63,False
final_similarity70_2,similarity70_cluster_2,primary216,42,full_single_task,BIO_6397,CMP_cfdde373a2a8c04668f0,10.1021/acs.est.5b04299,BAF,4.301,3.3165293286332687,2884ae204b18bf63,False
final_similarity70_2,similarity70_cluster_2,primary216,42,full_single_task,BIO_6398,CMP_cfdde373a2a8c04668f0,10.1021/acs.est.5b04299,BAF,3.838000000000001,2.7761945446849103,2884ae204b18bf63,False
final_similarity70_2,similarity70_cluster_2,primary216,42,full_single_task,BIO_6399,CMP_cfdde373a2a8c04668f0,10.1021/acs.est.5b04299,BAF,3.912000000000001,2.864194068965978,2884ae204b18bf63,False
final_similarity70_2,similarity70_cluster_2,primary216,42,full_single_task,BIO_6400,CMP_cfdde373a2a8c04668f0,10.1021/acs.est.5b04299,BAF,4.0600000000000005,3.407014366527539,2884ae204b18bf63,False
final_similarity70_2,similarity70_cluster_2,primary216,42,full_single_task,BIO_6401,CMP_cfdde373a2a8c04668f0,10.1021/acs.est.5b04299,BAF,3.954,2.9475138702573127,2884ae204b18bf63,False
final_similarity70_2,similarity70_cluster_2,primary216,42,full_single_task,BIO_6402,CMP_cfdde373a2a8c04668f0,10.1021/acs.est.5b04299,BAF,4.072000000000001,3.4463471415895186,2884ae204b18bf63,False
final_similarity70_2,similarity70_cluster_2,primary216,42,full_single_task,BIO_6403,CMP_cfdde373a2a8c04668f0,10.1021/acs.est.5b04299,BAF,3.9650000000000007,2.839936331397696,2884ae204b18bf63,False
final_similarity70_2,similarity70_cluster_2,primary216,42,full_single_task,BIO_6404,CMP_cfdde373a2a8c04668f0,10.1021/acs.est.5b04299,BAF,3.1950000000000003,1.8674489229860305,2884ae204b18bf63,False
final_similarity70_2,similarity70_cluster_2,primary216,42,full_single_task,BIO_6407,CMP_cfdde373a2a8c04668f0,10.1021/acs.est.9b04906,BAF,3.7848311781244695,2.944614342227574,2884ae204b18bf63,False
final_similarity70_2,similarity70_cluster_2,primary216,42,full_single_task,BIO_6605,CMP_83aa37c8a37d61e51382,10.1021/acs.est.7b02399,BAF,1.0,2.215552296304666,2884ae204b18bf63,False
final_similarity70_2,similarity70_cluster_2,primary216,42,full_single_task,BIO_6606,CMP_83aa37c8a37d61e51382,10.1021/acs.est.7b02399,BAF,2.3364597338485296,2.209470022987769,2884ae204b18bf63,False
final_similarity70_2,similarity70_cluster_2,primary216,42,full_single_task,BIO_6607,CMP_83aa37c8a37d61e51382,10.1021/acs.est.7b02399,BAF,2.663700925389648,2.195829926984132,2884ae204b18bf63,False
final_similarity70_2,similarity70_cluster_2,primary216,42,full_single_task,BIO_6608,CMP_83aa37c8a37d61e51382,10.1021/acs.est.7b02399,BAF,2.639486489268586,2.2040165447423137,2884ae204b18bf63,False
final_similarity70_2,similarity70_cluster_2,primary216,42,full_single_task,BIO_6609,CMP_83aa37c8a37d61e51382,10.1021/acs.est.7b02399,BAF,2.651278013998144,2.2187030180188936,2884ae204b18bf63,False
final_similarity70_2,similarity70_cluster_2,primary216,42,full_single_task,BIO_6610,CMP_83aa37c8a37d61e51382,10.1021/acs.est.7b02399,BAF,2.8432327780980096,2.1882894026487367,2884ae204b18bf63,False
final_similarity70_2,similarity70_cluster_2,primary216,42,full_single_task,BIO_6629,CMP_cfdde373a2a8c04668f0,10.1021/acs.est.7b02399,BAF,2.0863598306747484,3.445613929344764,2884ae204b18bf63,False
final_similarity70_2,similarity70_cluster_2,primary216,42,full_single_task,BIO_6630,CMP_cfdde373a2a8c04668f0,10.1021/acs.est.7b02399,BAF,3.1398790864012365,3.475952361755382,2884ae204b18bf63,False
final_similarity70_2,similarity70_cluster_2,primary216,42,full_single_task,BIO_6631,CMP_cfdde373a2a8c04668f0,10.1021/acs.est.7b02399,BAF,3.551449997972876,3.39667739071349,2884ae204b18bf63,False
final_similarity70_2,similarity70_cluster_2,primary216,42,full_single_task,BIO_6632,CMP_cfdde373a2a8c04668f0,10.1021/acs.est.7b02399,BAF,3.376576957056512,3.5016608688052053,2884ae204b18bf63,False
final_similarity70_2,similarity70_cluster_2,primary216,42,full_single_task,BIO_6633,CMP_cfdde373a2a8c04668f0,10.1021/acs.est.7b02399,BAF,3.447623097760286,3.586718743571005,2884ae204b18bf63,False
final_similarity70_2,similarity70_cluster_2,primary216,42,full_single_task,BIO_6634,CMP_cfdde373a2a8c04668f0,10.1021/acs.est.7b02399,BAF,3.851869600729766,3.4054193720416475,2884ae204b18bf63,False
final_similarity70_2,similarity70_cluster_2,primary216,42,full_single_task,BIO_6737,CMP_5eaff469cfe578e26057,10.1021/acs.est.7b02259,BAF,1.1900000000000002,1.295045439033634,2884ae204b18bf63,False
final_similarity70_2,similarity70_cluster_2,primary216,42,full_single_task,BIO_6738,CMP_83aa37c8a37d61e51382,10.1021/acs.est.7b02259,BAF,2.56,1.602859222231444,2884ae204b18bf63,False
final_similarity70_2,similarity70_cluster_2,primary216,42,full_single_task,BIO_6739,CMP_83aa37c8a37d61e51382,10.1021/acs.est.7b02259,BAF,2.3000000000000003,1.2050178992865963,2884ae204b18bf63,False
final_similarity70_2,similarity70_cluster_2,primary216,42,full_single_task,BIO_6740,CMP_cfdde373a2a8c04668f0,10.1021/acs.est.7b02259,BAF,3.86,3.485365173148751,2884ae204b18bf63,False
final_similarity70_2,similarity70_cluster_2,primary216,42,full_single_task,BIO_6741,CMP_cfdde373a2a8c04668f0,10.1021/acs.est.7b02259,BAF,3.65,2.767946647517084,2884ae204b18bf63,False
final_similarity70_2,similarity70_cluster_2,primary216,42,full_single_task,BIO_6742,CMP_cfdde373a2a8c04668f0,10.1021/acs.est.7b02259,BAF,2.7300000000000004,1.9745921434892184,2884ae204b18bf63,False
final_similarity70_2,similarity70_cluster_2,primary216,42,full_single_task,BIO_5723,CMP_5eaff469cfe578e26057,10.1016/j.scitotenv.2016.05.215,BCF,1.24,2.075822676905036,2884ae204b18bf63,False
final_similarity70_2,similarity70_cluster_2,primary216,42,full_single_task,BIO_5724,CMP_5eaff469cfe578e26057,10.1016/j.scitotenv.2016.05.215,BCF,1.27,2.1006537654508293,2884ae204b18bf63,False
final_similarity70_2,similarity70_cluster_2,primary216,42,full_single_task,BIO_5725,CMP_5eaff469cfe578e26057,10.1016/j.scitotenv.2016.05.215,BCF,0.66,1.157914588643278,2884ae204b18bf63,False
final_similarity70_2,similarity70_cluster_2,primary216,42,full_single_task,BIO_5726,CMP_5eaff469cfe578e26057,10.1016/j.scitotenv.2016.05.215,BCF,1.72,1.4065671187192246,2884ae204b18bf63,False
final_similarity70_2,similarity70_cluster_2,primary216,42,full_single_task,BIO_5727,CMP_5eaff469cfe578e26057,10.1016/j.scitotenv.2016.05.215,BCF,1.82,1.459417206085562,2884ae204b18bf63,False
final_similarity70_2,similarity70_cluster_2,primary216,42,full_single_task,BIO_5995,CMP_83aa37c8a37d61e51382,10.1016/j.scitotenv.2016.05.215,BCF,2.56,2.4667957764698034,2884ae204b18bf63,False
final_similarity70_2,similarity70_cluster_2,primary216,42,full_single_task,BIO_5996,CMP_83aa37c8a37d61e51382,10.1016/j.scitotenv.2016.05.215,BCF,2.39,2.476612387241566,2884ae204b18bf63,False
final_similarity70_2,similarity70_cluster_2,primary216,42,full_single_task,BIO_5997,CMP_83aa37c8a37d61e51382,10.1016/j.scitotenv.2016.05.215,BCF,1.69,1.706003142274827,2884ae204b18bf63,False
final_similarity70_2,similarity70_cluster_2,primary216,42,full_single_task,BIO_5998,CMP_83aa37c8a37d61e51382,10.1016/j.scitotenv.2016.05.215,BCF,1.56,1.7720096111407675,2884ae204b18bf63,False
final_similarity70_2,similarity70_cluster_2,primary216,42,full_single_task,BIO_5999,CMP_83aa37c8a37d61e51382,10.1016/j.scitotenv.2016.05.215,BCF,2.74,2.0114499913541897,2884ae204b18bf63,False
final_similarity70_2,similarity70_cluster_2,primary216,42,full_single_task,BIO_6000,CMP_83aa37c8a37d61e51382,10.1016/j.scitotenv.2016.05.215,BCF,2.58,2.002781939112844,2884ae204b18bf63,False
final_similarity70_2,similarity70_cluster_2,primary216,42,full_single_task,BIO_6285,CMP_cfdde373a2a8c04668f0,10.1016/j.scitotenv.2016.05.215,BCF,3.64,3.917970912664284,2884ae204b18bf63,False
final_similarity70_2,similarity70_cluster_2,primary216,42,full_single_task,BIO_6286,CMP_cfdde373a2a8c04668f0,10.1016/j.scitotenv.2016.05.215,BCF,3.55,3.9147397378929454,2884ae204b18bf63,False
final_similarity70_2,similarity70_cluster_2,primary216,42,full_single_task,BIO_6287,CMP_cfdde373a2a8c04668f0,10.1016/j.scitotenv.2016.05.215,BCF,2.86,3.3348626057452555,2884ae204b18bf63,False
final_similarity70_2,similarity70_cluster_2,primary216,42,full_single_task,BIO_6288,CMP_cfdde373a2a8c04668f0,10.1016/j.scitotenv.2016.05.215,BCF,2.73,3.209839771961891,2884ae204b18bf63,False
final_similarity70_2,similarity70_cluster_2,primary216,42,full_single_task,BIO_6289,CMP_cfdde373a2a8c04668f0,10.1016/j.scitotenv.2016.05.215,BCF,3.82,3.681918991262898,2884ae204b18bf63,False
final_similarity70_2,similarity70_cluster_2,primary216,42,full_single_task,BIO_6290,CMP_cfdde373a2a8c04668f0,10.1016/j.scitotenv.2016.05.215,BCF,3.51,3.723742552404624,2884ae204b18bf63,False
final_similarity70_2,similarity70_cluster_2,primary216,42,shuffled_auxiliary_labels,BIO_5694,CMP_cfdde373a2a8c04668f0,10.1021/acs.est.6b01197,BAF,4.32,3.92711924752686,baae9feae8bec54f,False
final_similarity70_2,similarity70_cluster_2,primary216,42,shuffled_auxiliary_labels,BIO_5695,CMP_cfdde373a2a8c04668f0,10.1021/acs.est.6b01197,BAF,2.4700000000000006,3.823375715259653,baae9feae8bec54f,False
final_similarity70_2,similarity70_cluster_2,primary216,42,shuffled_auxiliary_labels,BIO_5696,CMP_cfdde373a2a8c04668f0,10.1021/acs.est.6b01197,BAF,4.35,3.932730443490717,baae9feae8bec54f,False
final_similarity70_2,similarity70_cluster_2,primary216,42,shuffled_auxiliary_labels,BIO_6010,CMP_83aa37c8a37d61e51382,10.1021/acs.est.6b01197,BAF,3.29,3.4277715232256134,baae9feae8bec54f,False
final_similarity70_2,similarity70_cluster_2,primary216,42,shuffled_auxiliary_labels,BIO_6011,CMP_83aa37c8a37d61e51382,10.1021/acs.est.6b01197,BAF,1.3,2.9015416852274485,baae9feae8bec54f,False
final_similarity70_2,similarity70_cluster_2,primary216,42,shuffled_auxiliary_labels,BIO_6012,CMP_83aa37c8a37d61e51382,10.1021/acs.est.6b01197,BAF,3.140000000000001,3.190121242362514,baae9feae8bec54f,False
final_similarity70_2,similarity70_cluster_2,primary216,42,shuffled_auxiliary_labels,BIO_6384,CMP_cfdde373a2a8c04668f0,10.1021/acs.est.5b04299,BAF,3.798000000000001,3.5064372030872075,baae9feae8bec54f,False
final_similarity70_2,similarity70_cluster_2,primary216,42,shuffled_auxiliary_labels,BIO_6385,CMP_cfdde373a2a8c04668f0,10.1021/acs.est.5b04299,BAF,3.3090000000000006,3.740878018116054,baae9feae8bec54f,False
final_similarity70_2,similarity70_cluster_2,primary216,42,shuffled_auxiliary_labels,BIO_6386,CMP_cfdde373a2a8c04668f0,10.1021/acs.est.5b04299,BAF,3.984,3.943442144840807,baae9feae8bec54f,False
final_similarity70_2,similarity70_cluster_2,primary216,42,shuffled_auxiliary_labels,BIO_6387,CMP_cfdde373a2a8c04668f0,10.1021/acs.est.5b04299,BAF,3.4720000000000004,3.6966766220676393,baae9feae8bec54f,False
final_similarity70_2,similarity70_cluster_2,primary216,42,shuffled_auxiliary_labels,BIO_6388,CMP_cfdde373a2a8c04668f0,10.1021/acs.est.5b04299,BAF,3.4600000000000004,3.716747985626587,baae9feae8bec54f,False
final_similarity70_2,similarity70_cluster_2,primary216,42,shuffled_auxiliary_labels,BIO_6389,CMP_cfdde373a2a8c04668f0,10.1021/acs.est.5b04299,BAF,3.770000000000001,4.134325819294194,baae9feae8bec54f,False
final_similarity70_2,similarity70_cluster_2,primary216,42,shuffled_auxiliary_labels,BIO_6390,CMP_cfdde373a2a8c04668f0,10.1021/acs.est.5b04299,BAF,3.700000000000001,3.861451894833954,baae9feae8bec54f,False
final_similarity70_2,similarity70_cluster_2,primary216,42,shuffled_auxiliary_labels,BIO_6391,CMP_cfdde373a2a8c04668f0,10.1021/acs.est.5b04299,BAF,3.755000000000001,3.956493188735222,baae9feae8bec54f,False
final_similarity70_2,similarity70_cluster_2,primary216,42,shuffled_auxiliary_labels,BIO_6392,CMP_cfdde373a2a8c04668f0,10.1021/acs.est.5b04299,BAF,3.646000000000001,3.690230737405442,baae9feae8bec54f,False
final_similarity70_2,similarity70_cluster_2,primary216,42,shuffled_auxiliary_labels,BIO_6393,CMP_cfdde373a2a8c04668f0,10.1021/acs.est.5b04299,BAF,2.870000000000001,2.9313196294315054,baae9feae8bec54f,False
final_similarity70_2,similarity70_cluster_2,primary216,42,shuffled_auxiliary_labels,BIO_6395,CMP_cfdde373a2a8c04668f0,10.1021/acs.est.5b04299,BAF,4.03,3.57350466271515,baae9feae8bec54f,False
final_similarity70_2,similarity70_cluster_2,primary216,42,shuffled_auxiliary_labels,BIO_6396,CMP_cfdde373a2a8c04668f0,10.1021/acs.est.5b04299,BAF,3.873,3.786849467965986,baae9feae8bec54f,False
final_similarity70_2,similarity70_cluster_2,primary216,42,shuffled_auxiliary_labels,BIO_6397,CMP_cfdde373a2a8c04668f0,10.1021/acs.est.5b04299,BAF,4.301,4.019884424357974,baae9feae8bec54f,False
final_similarity70_2,similarity70_cluster_2,primary216,42,shuffled_auxiliary_labels,BIO_6398,CMP_cfdde373a2a8c04668f0,10.1021/acs.est.5b04299,BAF,3.838000000000001,3.6023584857444053,baae9feae8bec54f,False
final_similarity70_2,similarity70_cluster_2,primary216,42,shuffled_auxiliary_labels,BIO_6399,CMP_cfdde373a2a8c04668f0,10.1021/acs.est.5b04299,BAF,3.912000000000001,3.79012785151315,baae9feae8bec54f,False
final_similarity70_2,similarity70_cluster_2,primary216,42,shuffled_auxiliary_labels,BIO_6400,CMP_cfdde373a2a8c04668f0,10.1021/acs.est.5b04299,BAF,4.0600000000000005,3.9267858650505376,baae9feae8bec54f,False
final_similarity70_2,similarity70_cluster_2,primary216,42,shuffled_auxiliary_labels,BIO_6401,CMP_cfdde373a2a8c04668f0,10.1021/acs.est.5b04299,BAF,3.954,3.76970563414302,baae9feae8bec54f,False
final_similarity70_2,similarity70_cluster_2,primary216,42,shuffled_auxiliary_labels,BIO_6402,CMP_cfdde373a2a8c04668f0,10.1021/acs.est.5b04299,BAF,4.072000000000001,4.1175140705712,baae9feae8bec54f,False
final_similarity70_2,similarity70_cluster_2,primary216,42,shuffled_auxiliary_labels,BIO_6403,CMP_cfdde373a2a8c04668f0,10.1021/acs.est.5b04299,BAF,3.9650000000000007,3.7693500232852166,baae9feae8bec54f,False
final_similarity70_2,similarity70_cluster_2,primary216,42,shuffled_auxiliary_labels,BIO_6404,CMP_cfdde373a2a8c04668f0,10.1021/acs.est.5b04299,BAF,3.1950000000000003,2.759616929147389,baae9feae8bec54f,False
final_similarity70_2,similarity70_cluster_2,primary216,42,shuffled_auxiliary_labels,BIO_6407,CMP_cfdde373a2a8c04668f0,10.1021/acs.est.9b04906,BAF,3.7848311781244695,3.677408420961704,baae9feae8bec54f,False
final_similarity70_2,similarity70_cluster_2,primary216,42,shuffled_auxiliary_labels,BIO_6605,CMP_83aa37c8a37d61e51382,10.1021/acs.est.7b02399,BAF,1.0,3.168892316377346,baae9feae8bec54f,False
final_similarity70_2,similarity70_cluster_2,primary216,42,shuffled_auxiliary_labels,BIO_6606,CMP_83aa37c8a37d61e51382,10.1021/acs.est.7b02399,BAF,2.3364597338485296,3.421875380169204,baae9feae8bec54f,False
final_similarity70_2,similarity70_cluster_2,primary216,42,shuffled_auxiliary_labels,BIO_6607,CMP_83aa37c8a37d61e51382,10.1021/acs.est.7b02399,BAF,2.663700925389648,3.5030408015379835,baae9feae8bec54f,False
final_similarity70_2,similarity70_cluster_2,primary216,42,shuffled_auxiliary_labels,BIO_6608,CMP_83aa37c8a37d61e51382,10.1021/acs.est.7b02399,BAF,2.639486489268586,3.4779741714378063,baae9feae8bec54f,False
final_similarity70_2,similarity70_cluster_2,primary216,42,shuffled_auxiliary_labels,BIO_6609,CMP_83aa37c8a37d61e51382,10.1021/acs.est.7b02399,BAF,2.651278013998144,3.501038582238459,baae9feae8bec54f,False
final_similarity70_2,similarity70_cluster_2,primary216,42,shuffled_auxiliary_labels,BIO_6610,CMP_83aa37c8a37d61e51382,10.1021/acs.est.7b02399,BAF,2.8432327780980096,3.418591309789035,baae9feae8bec54f,False
final_similarity70_2,similarity70_cluster_2,primary216,42,shuffled_auxiliary_labels,BIO_6629,CMP_cfdde373a2a8c04668f0,10.1021/acs.est.7b02399,BAF,2.0863598306747484,3.869896603994224,baae9feae8bec54f,False
final_similarity70_2,similarity70_cluster_2,primary216,42,shuffled_auxiliary_labels,BIO_6630,CMP_cfdde373a2a8c04668f0,10.1021/acs.est.7b02399,BAF,3.1398790864012365,4.008759508640098,baae9feae8bec54f,False
final_similarity70_2,similarity70_cluster_2,primary216,42,shuffled_auxiliary_labels,BIO_6631,CMP_cfdde373a2a8c04668f0,10.1021/acs.est.7b02399,BAF,3.551449997972876,3.804972518212792,baae9feae8bec54f,False
final_similarity70_2,similarity70_cluster_2,primary216,42,shuffled_auxiliary_labels,BIO_6632,CMP_cfdde373a2a8c04668f0,10.1021/acs.est.7b02399,BAF,3.376576957056512,3.993279214020233,baae9feae8bec54f,False
final_similarity70_2,similarity70_cluster_2,primary216,42,shuffled_auxiliary_labels,BIO_6633,CMP_cfdde373a2a8c04668f0,10.1021/acs.est.7b02399,BAF,3.447623097760286,3.940584932903049,baae9feae8bec54f,False
final_similarity70_2,similarity70_cluster_2,primary216,42,shuffled_auxiliary_labels,BIO_6634,CMP_cfdde373a2a8c04668f0,10.1021/acs.est.7b02399,BAF,3.851869600729766,4.003140225696987,baae9feae8bec54f,False
final_similarity70_2,similarity70_cluster_2,primary216,42,shuffled_auxiliary_labels,BIO_6737,CMP_5eaff469cfe578e26057,10.1021/acs.est.7b02259,BAF,1.1900000000000002,2.014715928912389,baae9feae8bec54f,False
final_similarity70_2,similarity70_cluster_2,primary216,42,shuffled_auxiliary_labels,BIO_6738,CMP_83aa37c8a37d61e51382,10.1021/acs.est.7b02259,BAF,2.56,3.0282915274577245,baae9feae8bec54f,False
final_similarity70_2,similarity70_cluster_2,primary216,42,shuffled_auxiliary_labels,BIO_6739,CMP_83aa37c8a37d61e51382,10.1021/acs.est.7b02259,BAF,2.3000000000000003,2.348140786196064,baae9feae8bec54f,False
final_similarity70_2,similarity70_cluster_2,primary216,42,shuffled_auxiliary_labels,BIO_6740,CMP_cfdde373a2a8c04668f0,10.1021/acs.est.7b02259,BAF,3.86,3.894867509342638,baae9feae8bec54f,False
final_similarity70_2,similarity70_cluster_2,primary216,42,shuffled_auxiliary_labels,BIO_6741,CMP_cfdde373a2a8c04668f0,10.1021/acs.est.7b02259,BAF,3.65,3.64298262598027,baae9feae8bec54f,False
final_similarity70_2,similarity70_cluster_2,primary216,42,shuffled_auxiliary_labels,BIO_6742,CMP_cfdde373a2a8c04668f0,10.1021/acs.est.7b02259,BAF,2.7300000000000004,3.2716562592250136,baae9feae8bec54f,False
final_similarity70_2,similarity70_cluster_2,primary216,42,shuffled_auxiliary_labels,BIO_5723,CMP_5eaff469cfe578e26057,10.1016/j.scitotenv.2016.05.215,BCF,1.24,2.2215005713289235,baae9feae8bec54f,False
final_similarity70_2,similarity70_cluster_2,primary216,42,shuffled_auxiliary_labels,BIO_5724,CMP_5eaff469cfe578e26057,10.1016/j.scitotenv.2016.05.215,BCF,1.27,2.230992263661255,baae9feae8bec54f,False
final_similarity70_2,similarity70_cluster_2,primary216,42,shuffled_auxiliary_labels,BIO_5725,CMP_5eaff469cfe578e26057,10.1016/j.scitotenv.2016.05.215,BCF,0.66,1.5089987331873402,baae9feae8bec54f,False
final_similarity70_2,similarity70_cluster_2,primary216,42,shuffled_auxiliary_labels,BIO_5726,CMP_5eaff469cfe578e26057,10.1016/j.scitotenv.2016.05.215,BCF,1.72,1.9220519617379508,baae9feae8bec54f,False
final_similarity70_2,similarity70_cluster_2,primary216,42,shuffled_auxiliary_labels,BIO_5727,CMP_5eaff469cfe578e26057,10.1016/j.scitotenv.2016.05.215,BCF,1.82,1.8731571187896403,baae9feae8bec54f,False
final_similarity70_2,similarity70_cluster_2,primary216,42,shuffled_auxiliary_labels,BIO_5995,CMP_83aa37c8a37d61e51382,10.1016/j.scitotenv.2016.05.215,BCF,2.56,2.66340815539636,baae9feae8bec54f,False
final_similarity70_2,similarity70_cluster_2,primary216,42,shuffled_auxiliary_labels,BIO_5996,CMP_83aa37c8a37d61e51382,10.1016/j.scitotenv.2016.05.215,BCF,2.39,2.710826706077435,baae9feae8bec54f,False
final_similarity70_2,similarity70_cluster_2,primary216,42,shuffled_auxiliary_labels,BIO_5997,CMP_83aa37c8a37d61e51382,10.1016/j.scitotenv.2016.05.215,BCF,1.69,2.0324836577412717,baae9feae8bec54f,False
final_similarity70_2,similarity70_cluster_2,primary216,42,shuffled_auxiliary_labels,BIO_5998,CMP_83aa37c8a37d61e51382,10.1016/j.scitotenv.2016.05.215,BCF,1.56,1.833579668144354,baae9feae8bec54f,False
final_similarity70_2,similarity70_cluster_2,primary216,42,shuffled_auxiliary_labels,BIO_5999,CMP_83aa37c8a37d61e51382,10.1016/j.scitotenv.2016.05.215,BCF,2.74,2.413571006142602,baae9feae8bec54f,False
final_similarity70_2,similarity70_cluster_2,primary216,42,shuffled_auxiliary_labels,BIO_6000,CMP_83aa37c8a37d61e51382,10.1016/j.scitotenv.2016.05.215,BCF,2.58,2.404752252688268,baae9feae8bec54f,False
final_similarity70_2,similarity70_cluster_2,primary216,42,shuffled_auxiliary_labels,BIO_6285,CMP_cfdde373a2a8c04668f0,10.1016/j.scitotenv.2016.05.215,BCF,3.64,3.2440211197257502,baae9feae8bec54f,False
final_similarity70_2,similarity70_cluster_2,primary216,42,shuffled_auxiliary_labels,BIO_6286,CMP_cfdde373a2a8c04668f0,10.1016/j.scitotenv.2016.05.215,BCF,3.55,3.2946887260685656,baae9feae8bec54f,False
final_similarity70_2,similarity70_cluster_2,primary216,42,shuffled_auxiliary_labels,BIO_6287,CMP_cfdde373a2a8c04668f0,10.1016/j.scitotenv.2016.05.215,BCF,2.86,2.930921439094972,baae9feae8bec54f,False
final_similarity70_2,similarity70_cluster_2,primary216,42,shuffled_auxiliary_labels,BIO_6288,CMP_cfdde373a2a8c04668f0,10.1016/j.scitotenv.2016.05.215,BCF,2.73,2.790616415527005,baae9feae8bec54f,False
final_similarity70_2,similarity70_cluster_2,primary216,42,shuffled_auxiliary_labels,BIO_6289,CMP_cfdde373a2a8c04668f0,10.1016/j.scitotenv.2016.05.215,BCF,3.82,3.1897885719098404,baae9feae8bec54f,False
final_similarity70_2,similarity70_cluster_2,primary216,42,shuffled_auxiliary_labels,BIO_6290,CMP_cfdde373a2a8c04668f0,10.1016/j.scitotenv.2016.05.215,BCF,3.51,3.1913548398394727,baae9feae8bec54f,False
final_similarity70_2,similarity70_cluster_2,primary216,42,simple_graph_context,BIO_5694,CMP_cfdde373a2a8c04668f0,10.1021/acs.est.6b01197,BAF,4.32,3.6235015392303462,,False
final_similarity70_2,similarity70_cluster_2,primary216,42,simple_graph_context,BIO_5695,CMP_cfdde373a2a8c04668f0,10.1021/acs.est.6b01197,BAF,2.4700000000000006,3.380167961120605,,False
final_similarity70_2,similarity70_cluster_2,primary216,42,simple_graph_context,BIO_5696,CMP_cfdde373a2a8c04668f0,10.1021/acs.est.6b01197,BAF,4.35,3.6235015392303462,,False
final_similarity70_2,similarity70_cluster_2,primary216,42,simple_graph_context,BIO_6010,CMP_83aa37c8a37d61e51382,10.1021/acs.est.6b01197,BAF,3.29,2.633918523788452,,False
final_similarity70_2,similarity70_cluster_2,primary216,42,simple_graph_context,BIO_6011,CMP_83aa37c8a37d61e51382,10.1021/acs.est.6b01197,BAF,1.3,2.390584945678711,,False
final_similarity70_2,similarity70_cluster_2,primary216,42,simple_graph_context,BIO_6012,CMP_83aa37c8a37d61e51382,10.1021/acs.est.6b01197,BAF,3.140000000000001,2.633918523788452,,False
final_similarity70_2,similarity70_cluster_2,primary216,42,simple_graph_context,BIO_6384,CMP_cfdde373a2a8c04668f0,10.1021/acs.est.5b04299,BAF,3.798000000000001,3.5925536155700684,,False
final_similarity70_2,similarity70_cluster_2,primary216,42,simple_graph_context,BIO_6385,CMP_cfdde373a2a8c04668f0,10.1021/acs.est.5b04299,BAF,3.3090000000000006,3.433464527130127,,False
final_similarity70_2,similarity70_cluster_2,primary216,42,simple_graph_context,BIO_6386,CMP_cfdde373a2a8c04668f0,10.1021/acs.est.5b04299,BAF,3.984,3.422003746032715,,False
final_similarity70_2,similarity70_cluster_2,primary216,42,simple_graph_context,BIO_6387,CMP_cfdde373a2a8c04668f0,10.1021/acs.est.5b04299,BAF,3.4720000000000004,3.444427490234375,,False
final_similarity70_2,similarity70_cluster_2,primary216,42,simple_graph_context,BIO_6388,CMP_cfdde373a2a8c04668f0,10.1021/acs.est.5b04299,BAF,3.4600000000000004,3.489043712615967,,False
final_similarity70_2,similarity70_cluster_2,primary216,42,simple_graph_context,BIO_6389,CMP_cfdde373a2a8c04668f0,10.1021/acs.est.5b04299,BAF,3.770000000000001,3.579806089401245,,False
final_similarity70_2,similarity70_cluster_2,primary216,42,simple_graph_context,BIO_6390,CMP_cfdde373a2a8c04668f0,10.1021/acs.est.5b04299,BAF,3.700000000000001,3.5836305618286133,,False
final_similarity70_2,similarity70_cluster_2,primary216,42,simple_graph_context,BIO_6391,CMP_cfdde373a2a8c04668f0,10.1021/acs.est.5b04299,BAF,3.755000000000001,3.651447296142578,,False
final_similarity70_2,similarity70_cluster_2,primary216,42,simple_graph_context,BIO_6392,CMP_cfdde373a2a8c04668f0,10.1021/acs.est.5b04299,BAF,3.646000000000001,3.16094183921814,,False
final_similarity70_2,similarity70_cluster_2,primary216,42,simple_graph_context,BIO_6393,CMP_cfdde373a2a8c04668f0,10.1021/acs.est.5b04299,BAF,2.870000000000001,2.838803768157959,,False
final_similarity70_2,similarity70_cluster_2,primary216,42,simple_graph_context,BIO_6395,CMP_cfdde373a2a8c04668f0,10.1021/acs.est.5b04299,BAF,4.03,3.5925536155700684,,False
final_similarity70_2,similarity70_cluster_2,primary216,42,simple_graph_context,BIO_6396,CMP_cfdde373a2a8c04668f0,10.1021/acs.est.5b04299,BAF,3.873,3.433464527130127,,False
final_similarity70_2,similarity70_cluster_2,primary216,42,simple_graph_context,BIO_6397,CMP_cfdde373a2a8c04668f0,10.1021/acs.est.5b04299,BAF,4.301,3.422003746032715,,False
final_similarity70_2,similarity70_cluster_2,primary216,42,simple_graph_context,BIO_6398,CMP_cfdde373a2a8c04668f0,10.1021/acs.est.5b04299,BAF,3.838000000000001,3.444427490234375,,False
final_similarity70_2,similarity70_cluster_2,primary216,42,simple_graph_context,BIO_6399,CMP_cfdde373a2a8c04668f0,10.1021/acs.est.5b04299,BAF,3.912000000000001,3.489043712615967,,False
final_similarity70_2,similarity70_cluster_2,primary216,42,simple_graph_context,BIO_6400,CMP_cfdde373a2a8c04668f0,10.1021/acs.est.5b04299,BAF,4.0600000000000005,3.579806089401245,,False
final_similarity70_2,similarity70_cluster_2,primary216,42,simple_graph_context,BIO_6401,CMP_cfdde373a2a8c04668f0,10.1021/acs.est.5b04299,BAF,3.954,3.5836305618286133,,False
final_similarity70_2,similarity70_cluster_2,primary216,42,simple_graph_context,BIO_6402,CMP_cfdde373a2a8c04668f0,10.1021/acs.est.5b04299,BAF,4.072000000000001,3.651447296142578,,False
final_similarity70_2,similarity70_cluster_2,primary216,42,simple_graph_context,BIO_6403,CMP_cfdde373a2a8c04668f0,10.1021/acs.est.5b04299,BAF,3.9650000000000007,3.16094183921814,,False
final_similarity70_2,similarity70_cluster_2,primary216,42,simple_graph_context,BIO_6404,CMP_cfdde373a2a8c04668f0,10.1021/acs.est.5b04299,BAF,3.1950000000000003,2.838803768157959,,False
final_similarity70_2,similarity70_cluster_2,primary216,42,simple_graph_context,BIO_6407,CMP_cfdde373a2a8c04668f0,10.1021/acs.est.9b04906,BAF,3.7848311781244695,3.3848090171813965,,False
final_similarity70_2,similarity70_cluster_2,primary216,42,simple_graph_context,BIO_6605,CMP_83aa37c8a37d61e51382,10.1021/acs.est.7b02399,BAF,1.0,2.6324238777160645,,False
final_similarity70_2,similarity70_cluster_2,primary216,42,simple_graph_context,BIO_6606,CMP_83aa37c8a37d61e51382,10.1021/acs.est.7b02399,BAF,2.3364597338485296,2.6324238777160645,,False
final_similarity70_2,similarity70_cluster_2,primary216,42,simple_graph_context,BIO_6607,CMP_83aa37c8a37d61e51382,10.1021/acs.est.7b02399,BAF,2.663700925389648,2.6324238777160645,,False
final_similarity70_2,similarity70_cluster_2,primary216,42,simple_graph_context,BIO_6608,CMP_83aa37c8a37d61e51382,10.1021/acs.est.7b02399,BAF,2.639486489268586,2.6324238777160645,,False
final_similarity70_2,similarity70_cluster_2,primary216,42,simple_graph_context,BIO_6609,CMP_83aa37c8a37d61e51382,10.1021/acs.est.7b02399,BAF,2.651278013998144,2.6324238777160645,,False
final_similarity70_2,similarity70_cluster_2,primary216,42,simple_graph_context,BIO_6610,CMP_83aa37c8a37d61e51382,10.1021/acs.est.7b02399,BAF,2.8432327780980096,2.6324238777160645,,False
final_similarity70_2,similarity70_cluster_2,primary216,42,simple_graph_context,BIO_6629,CMP_cfdde373a2a8c04668f0,10.1021/acs.est.7b02399,BAF,2.0863598306747484,3.622006893157959,,False
final_similarity70_2,similarity70_cluster_2,primary216,42,simple_graph_context,BIO_6630,CMP_cfdde373a2a8c04668f0,10.1021/acs.est.7b02399,BAF,3.1398790864012365,3.622006893157959,,False
final_similarity70_2,similarity70_cluster_2,primary216,42,simple_graph_context,BIO_6631,CMP_cfdde373a2a8c04668f0,10.1021/acs.est.7b02399,BAF,3.551449997972876,3.622006893157959,,False
final_similarity70_2,similarity70_cluster_2,primary216,42,simple_graph_context,BIO_6632,CMP_cfdde373a2a8c04668f0,10.1021/acs.est.7b02399,BAF,3.376576957056512,3.622006893157959,,False
final_similarity70_2,similarity70_cluster_2,primary216,42,simple_graph_context,BIO_6633,CMP_cfdde373a2a8c04668f0,10.1021/acs.est.7b02399,BAF,3.447623097760286,3.622006893157959,,False
final_similarity70_2,similarity70_cluster_2,primary216,42,simple_graph_context,BIO_6634,CMP_cfdde373a2a8c04668f0,10.1021/acs.est.7b02399,BAF,3.851869600729766,3.622006893157959,,False
final_similarity70_2,similarity70_cluster_2,primary216,42,simple_graph_context,BIO_6737,CMP_5eaff469cfe578e26057,10.1021/acs.est.7b02259,BAF,1.1900000000000002,1.442837476730347,,False
final_similarity70_2,similarity70_cluster_2,primary216,42,simple_graph_context,BIO_6738,CMP_83aa37c8a37d61e51382,10.1021/acs.est.7b02259,BAF,2.56,2.4324207305908203,,False
final_similarity70_2,similarity70_cluster_2,primary216,42,simple_graph_context,BIO_6739,CMP_83aa37c8a37d61e51382,10.1021/acs.est.7b02259,BAF,2.3000000000000003,2.171358823776245,,False
final_similarity70_2,similarity70_cluster_2,primary216,42,simple_graph_context,BIO_6740,CMP_cfdde373a2a8c04668f0,10.1021/acs.est.7b02259,BAF,3.86,3.422003746032715,,False
final_similarity70_2,similarity70_cluster_2,primary216,42,simple_graph_context,BIO_6741,CMP_cfdde373a2a8c04668f0,10.1021/acs.est.7b02259,BAF,3.65,3.16094183921814,,False
final_similarity70_2,similarity70_cluster_2,primary216,42,simple_graph_context,BIO_6742,CMP_cfdde373a2a8c04668f0,10.1021/acs.est.7b02259,BAF,2.7300000000000004,2.838803768157959,,False
final_similarity70_2,similarity70_cluster_2,primary216,42,extra_trees_structure_context,BIO_5694,CMP_cfdde373a2a8c04668f0,10.1021/acs.est.6b01197,BAF,4.32,3.4208640537168327,,False
final_similarity70_2,similarity70_cluster_2,primary216,42,extra_trees_structure_context,BIO_5695,CMP_cfdde373a2a8c04668f0,10.1021/acs.est.6b01197,BAF,2.4700000000000006,3.382997579986363,,False
final_similarity70_2,similarity70_cluster_2,primary216,42,extra_trees_structure_context,BIO_5696,CMP_cfdde373a2a8c04668f0,10.1021/acs.est.6b01197,BAF,4.35,3.4208640537168327,,False
final_similarity70_2,similarity70_cluster_2,primary216,42,extra_trees_structure_context,BIO_6010,CMP_83aa37c8a37d61e51382,10.1021/acs.est.6b01197,BAF,3.29,2.128593346036272,,False
final_similarity70_2,similarity70_cluster_2,primary216,42,extra_trees_structure_context,BIO_6011,CMP_83aa37c8a37d61e51382,10.1021/acs.est.6b01197,BAF,1.3,2.193268587123768,,False
final_similarity70_2,similarity70_cluster_2,primary216,42,extra_trees_structure_context,BIO_6012,CMP_83aa37c8a37d61e51382,10.1021/acs.est.6b01197,BAF,3.140000000000001,2.128593346036272,,False
final_similarity70_2,similarity70_cluster_2,primary216,42,extra_trees_structure_context,BIO_6384,CMP_cfdde373a2a8c04668f0,10.1021/acs.est.5b04299,BAF,3.798000000000001,3.916321260265069,,False
final_similarity70_2,similarity70_cluster_2,primary216,42,extra_trees_structure_context,BIO_6385,CMP_cfdde373a2a8c04668f0,10.1021/acs.est.5b04299,BAF,3.3090000000000006,3.916321260265069,,False
final_similarity70_2,similarity70_cluster_2,primary216,42,extra_trees_structure_context,BIO_6386,CMP_cfdde373a2a8c04668f0,10.1021/acs.est.5b04299,BAF,3.984,3.935206409175286,,False
final_similarity70_2,similarity70_cluster_2,primary216,42,extra_trees_structure_context,BIO_6387,CMP_cfdde373a2a8c04668f0,10.1021/acs.est.5b04299,BAF,3.4720000000000004,3.916321260265069,,False
final_similarity70_2,similarity70_cluster_2,primary216,42,extra_trees_structure_context,BIO_6388,CMP_cfdde373a2a8c04668f0,10.1021/acs.est.5b04299,BAF,3.4600000000000004,3.916321260265069,,False
final_similarity70_2,similarity70_cluster_2,primary216,42,extra_trees_structure_context,BIO_6389,CMP_cfdde373a2a8c04668f0,10.1021/acs.est.5b04299,BAF,3.770000000000001,3.916321260265069,,False
final_similarity70_2,similarity70_cluster_2,primary216,42,extra_trees_structure_context,BIO_6390,CMP_cfdde373a2a8c04668f0,10.1021/acs.est.5b04299,BAF,3.700000000000001,3.916321260265069,,False
final_similarity70_2,similarity70_cluster_2,primary216,42,extra_trees_structure_context,BIO_6391,CMP_cfdde373a2a8c04668f0,10.1021/acs.est.5b04299,BAF,3.755000000000001,3.916321260265069,,False
final_similarity70_2,similarity70_cluster_2,primary216,42,extra_trees_structure_context,BIO_6392,CMP_cfdde373a2a8c04668f0,10.1021/acs.est.5b04299,BAF,3.646000000000001,3.882213331200186,,False
final_similarity70_2,similarity70_cluster_2,primary216,42,extra_trees_structure_context,BIO_6393,CMP_cfdde373a2a8c04668f0,10.1021/acs.est.5b04299,BAF,2.870000000000001,3.6304135253894407,,False
final_similarity70_2,similarity70_cluster_2,primary216,42,extra_trees_structure_context,BIO_6395,CMP_cfdde373a2a8c04668f0,10.1021/acs.est.5b04299,BAF,4.03,3.916321260265069,,False
final_similarity70_2,similarity70_cluster_2,primary216,42,extra_trees_structure_context,BIO_6396,CMP_cfdde373a2a8c04668f0,10.1021/acs.est.5b04299,BAF,3.873,3.916321260265069,,False
final_similarity70_2,similarity70_cluster_2,primary216,42,extra_trees_structure_context,BIO_6397,CMP_cfdde373a2a8c04668f0,10.1021/acs.est.5b04299,BAF,4.301,3.935206409175286,,False
final_similarity70_2,similarity70_cluster_2,primary216,42,extra_trees_structure_context,BIO_6398,CMP_cfdde373a2a8c04668f0,10.1021/acs.est.5b04299,BAF,3.838000000000001,3.916321260265069,,False
final_similarity70_2,similarity70_cluster_2,primary216,42,extra_trees_structure_context,BIO_6399,CMP_cfdde373a2a8c04668f0,10.1021/acs.est.5b04299,BAF,3.912000000000001,3.916321260265069,,False
final_similarity70_2,similarity70_cluster_2,primary216,42,extra_trees_structure_context,BIO_6400,CMP_cfdde373a2a8c04668f0,10.1021/acs.est.5b04299,BAF,4.0600000000000005,3.916321260265069,,False
final_similarity70_2,similarity70_cluster_2,primary216,42,extra_trees_structure_context,BIO_6401,CMP_cfdde373a2a8c04668f0,10.1021/acs.est.5b04299,BAF,3.954,3.916321260265069,,False
final_similarity70_2,similarity70_cluster_2,primary216,42,extra_trees_structure_context,BIO_6402,CMP_cfdde373a2a8c04668f0,10.1021/acs.est.5b04299,BAF,4.072000000000001,3.916321260265069,,False
final_similarity70_2,similarity70_cluster_2,primary216,42,extra_trees_structure_context,BIO_6403,CMP_cfdde373a2a8c04668f0,10.1021/acs.est.5b04299,BAF,3.9650000000000007,3.882213331200186,,False
final_similarity70_2,similarity70_cluster_2,primary216,42,extra_trees_structure_context,BIO_6404,CMP_cfdde373a2a8c04668f0,10.1021/acs.est.5b04299,BAF,3.1950000000000003,3.6304135253894407,,False
final_similarity70_2,similarity70_cluster_2,primary216,42,extra_trees_structure_context,BIO_6407,CMP_cfdde373a2a8c04668f0,10.1021/acs.est.9b04906,BAF,3.7848311781244695,3.9732371167653855,,False
final_similarity70_2,similarity70_cluster_2,primary216,42,extra_trees_structure_context,BIO_6605,CMP_83aa37c8a37d61e51382,10.1021/acs.est.7b02399,BAF,1.0,2.4408737916002723,,False
final_similarity70_2,similarity70_cluster_2,primary216,42,extra_trees_structure_context,BIO_6606,CMP_83aa37c8a37d61e51382,10.1021/acs.est.7b02399,BAF,2.3364597338485296,2.4408737916002723,,False
final_similarity70_2,similarity70_cluster_2,primary216,42,extra_trees_structure_context,BIO_6607,CMP_83aa37c8a37d61e51382,10.1021/acs.est.7b02399,BAF,2.663700925389648,2.4408737916002723,,False
final_similarity70_2,similarity70_cluster_2,primary216,42,extra_trees_structure_context,BIO_6608,CMP_83aa37c8a37d61e51382,10.1021/acs.est.7b02399,BAF,2.639486489268586,2.4408737916002723,,False
final_similarity70_2,similarity70_cluster_2,primary216,42,extra_trees_structure_context,BIO_6609,CMP_83aa37c8a37d61e51382,10.1021/acs.est.7b02399,BAF,2.651278013998144,2.4408737916002723,,False
final_similarity70_2,similarity70_cluster_2,primary216,42,extra_trees_structure_context,BIO_6610,CMP_83aa37c8a37d61e51382,10.1021/acs.est.7b02399,BAF,2.8432327780980096,2.4408737916002723,,False
final_similarity70_2,similarity70_cluster_2,primary216,42,extra_trees_structure_context,BIO_6629,CMP_cfdde373a2a8c04668f0,10.1021/acs.est.7b02399,BAF,2.0863598306747484,4.241633283118021,,False
final_similarity70_2,similarity70_cluster_2,primary216,42,extra_trees_structure_context,BIO_6630,CMP_cfdde373a2a8c04668f0,10.1021/acs.est.7b02399,BAF,3.1398790864012365,4.241633283118021,,False
final_similarity70_2,similarity70_cluster_2,primary216,42,extra_trees_structure_context,BIO_6631,CMP_cfdde373a2a8c04668f0,10.1021/acs.est.7b02399,BAF,3.551449997972876,4.241633283118021,,False
final_similarity70_2,similarity70_cluster_2,primary216,42,extra_trees_structure_context,BIO_6632,CMP_cfdde373a2a8c04668f0,10.1021/acs.est.7b02399,BAF,3.376576957056512,4.241633283118021,,False
final_similarity70_2,similarity70_cluster_2,primary216,42,extra_trees_structure_context,BIO_6633,CMP_cfdde373a2a8c04668f0,10.1021/acs.est.7b02399,BAF,3.447623097760286,4.241633283118021,,False
final_similarity70_2,similarity70_cluster_2,primary216,42,extra_trees_structure_context,BIO_6634,CMP_cfdde373a2a8c04668f0,10.1021/acs.est.7b02399,BAF,3.851869600729766,4.241633283118021,,False
final_similarity70_2,similarity70_cluster_2,primary216,42,extra_trees_structure_context,BIO_6737,CMP_5eaff469cfe578e26057,10.1021/acs.est.7b02259,BAF,1.1900000000000002,1.1344781826412285,,False
final_similarity70_2,similarity70_cluster_2,primary216,42,extra_trees_structure_context,BIO_6738,CMP_83aa37c8a37d61e51382,10.1021/acs.est.7b02259,BAF,2.56,1.4750629974305027,,False
final_similarity70_2,similarity70_cluster_2,primary216,42,extra_trees_structure_context,BIO_6739,CMP_83aa37c8a37d61e51382,10.1021/acs.est.7b02259,BAF,2.3000000000000003,1.1926372845050173,,False
final_similarity70_2,similarity70_cluster_2,primary216,42,extra_trees_structure_context,BIO_6740,CMP_cfdde373a2a8c04668f0,10.1021/acs.est.7b02259,BAF,3.86,3.935206409175286,,False
final_similarity70_2,similarity70_cluster_2,primary216,42,extra_trees_structure_context,BIO_6741,CMP_cfdde373a2a8c04668f0,10.1021/acs.est.7b02259,BAF,3.65,3.882213331200186,,False
final_similarity70_2,similarity70_cluster_2,primary216,42,extra_trees_structure_context,BIO_6742,CMP_cfdde373a2a8c04668f0,10.1021/acs.est.7b02259,BAF,2.7300000000000004,3.6304135253894407,,False
final_similarity70_2,similarity70_cluster_2,primary216,42,hist_gradient_structure_context,BIO_5694,CMP_cfdde373a2a8c04668f0,10.1021/acs.est.6b01197,BAF,4.32,3.286944871089841,,False
final_similarity70_2,similarity70_cluster_2,primary216,42,hist_gradient_structure_context,BIO_5695,CMP_cfdde373a2a8c04668f0,10.1021/acs.est.6b01197,BAF,2.4700000000000006,3.1338824037939115,,False
final_similarity70_2,similarity70_cluster_2,primary216,42,hist_gradient_structure_context,BIO_5696,CMP_cfdde373a2a8c04668f0,10.1021/acs.est.6b01197,BAF,4.35,3.286944871089841,,False
final_similarity70_2,similarity70_cluster_2,primary216,42,hist_gradient_structure_context,BIO_6010,CMP_83aa37c8a37d61e51382,10.1021/acs.est.6b01197,BAF,3.29,1.5456518601389615,,False
final_similarity70_2,similarity70_cluster_2,primary216,42,hist_gradient_structure_context,BIO_6011,CMP_83aa37c8a37d61e51382,10.1021/acs.est.6b01197,BAF,1.3,1.6632558019167276,,False
final_similarity70_2,similarity70_cluster_2,primary216,42,hist_gradient_structure_context,BIO_6012,CMP_83aa37c8a37d61e51382,10.1021/acs.est.6b01197,BAF,3.140000000000001,1.5456518601389615,,False
final_similarity70_2,similarity70_cluster_2,primary216,42,hist_gradient_structure_context,BIO_6384,CMP_cfdde373a2a8c04668f0,10.1021/acs.est.5b04299,BAF,3.798000000000001,2.61956941013075,,False
final_similarity70_2,similarity70_cluster_2,primary216,42,hist_gradient_structure_context,BIO_6385,CMP_cfdde373a2a8c04668f0,10.1021/acs.est.5b04299,BAF,3.3090000000000006,2.61956941013075,,False
final_similarity70_2,similarity70_cluster_2,primary216,42,hist_gradient_structure_context,BIO_6386,CMP_cfdde373a2a8c04668f0,10.1021/acs.est.5b04299,BAF,3.984,2.61956941013075,,False
final_similarity70_2,similarity70_cluster_2,primary216,42,hist_gradient_structure_context,BIO_6387,CMP_cfdde373a2a8c04668f0,10.1021/acs.est.5b04299,BAF,3.4720000000000004,2.61956941013075,,False
final_similarity70_2,similarity70_cluster_2,primary216,42,hist_gradient_structure_context,BIO_6388,CMP_cfdde373a2a8c04668f0,10.1021/acs.est.5b04299,BAF,3.4600000000000004,2.61956941013075,,False
final_similarity70_2,similarity70_cluster_2,primary216,42,hist_gradient_structure_context,BIO_6389,CMP_cfdde373a2a8c04668f0,10.1021/acs.est.5b04299,BAF,3.770000000000001,2.61956941013075,,False
final_similarity70_2,similarity70_cluster_2,primary216,42,hist_gradient_structure_context,BIO_6390,CMP_cfdde373a2a8c04668f0,10.1021/acs.est.5b04299,BAF,3.700000000000001,2.61956941013075,,False
final_similarity70_2,similarity70_cluster_2,primary216,42,hist_gradient_structure_context,BIO_6391,CMP_cfdde373a2a8c04668f0,10.1021/acs.est.5b04299,BAF,3.755000000000001,2.61956941013075,,False
final_similarity70_2,similarity70_cluster_2,primary216,42,hist_gradient_structure_context,BIO_6392,CMP_cfdde373a2a8c04668f0,10.1021/acs.est.5b04299,BAF,3.646000000000001,2.61956941013075,,False
final_similarity70_2,similarity70_cluster_2,primary216,42,hist_gradient_structure_context,BIO_6393,CMP_cfdde373a2a8c04668f0,10.1021/acs.est.5b04299,BAF,2.870000000000001,2.61956941013075,,False
final_similarity70_2,similarity70_cluster_2,primary216,42,hist_gradient_structure_context,BIO_6395,CMP_cfdde373a2a8c04668f0,10.1021/acs.est.5b04299,BAF,4.03,2.61956941013075,,False
final_similarity70_2,similarity70_cluster_2,primary216,42,hist_gradient_structure_context,BIO_6396,CMP_cfdde373a2a8c04668f0,10.1021/acs.est.5b04299,BAF,3.873,2.61956941013075,,False
final_similarity70_2,similarity70_cluster_2,primary216,42,hist_gradient_structure_context,BIO_6397,CMP_cfdde373a2a8c04668f0,10.1021/acs.est.5b04299,BAF,4.301,2.61956941013075,,False
final_similarity70_2,similarity70_cluster_2,primary216,42,hist_gradient_structure_context,BIO_6398,CMP_cfdde373a2a8c04668f0,10.1021/acs.est.5b04299,BAF,3.838000000000001,2.61956941013075,,False
final_similarity70_2,similarity70_cluster_2,primary216,42,hist_gradient_structure_context,BIO_6399,CMP_cfdde373a2a8c04668f0,10.1021/acs.est.5b04299,BAF,3.912000000000001,2.61956941013075,,False
final_similarity70_2,similarity70_cluster_2,primary216,42,hist_gradient_structure_context,BIO_6400,CMP_cfdde373a2a8c04668f0,10.1021/acs.est.5b04299,BAF,4.0600000000000005,2.61956941013075,,False
final_similarity70_2,similarity70_cluster_2,primary216,42,hist_gradient_structure_context,BIO_6401,CMP_cfdde373a2a8c04668f0,10.1021/acs.est.5b04299,BAF,3.954,2.61956941013075,,False
final_similarity70_2,similarity70_cluster_2,primary216,42,hist_gradient_structure_context,BIO_6402,CMP_cfdde373a2a8c04668f0,10.1021/acs.est.5b04299,BAF,4.072000000000001,2.61956941013075,,False
final_similarity70_2,similarity70_cluster_2,primary216,42,hist_gradient_structure_context,BIO_6403,CMP_cfdde373a2a8c04668f0,10.1021/acs.est.5b04299,BAF,3.9650000000000007,2.61956941013075,,False
final_similarity70_2,similarity70_cluster_2,primary216,42,hist_gradient_structure_context,BIO_6404,CMP_cfdde373a2a8c04668f0,10.1021/acs.est.5b04299,BAF,3.1950000000000003,2.61956941013075,,False
final_similarity70_2,similarity70_cluster_2,primary216,42,hist_gradient_structure_context,BIO_6407,CMP_cfdde373a2a8c04668f0,10.1021/acs.est.9b04906,BAF,3.7848311781244695,2.61956941013075,,False
final_similarity70_2,similarity70_cluster_2,primary216,42,hist_gradient_structure_context,BIO_6605,CMP_83aa37c8a37d61e51382,10.1021/acs.est.7b02399,BAF,1.0,1.9810905207647311,,False
final_similarity70_2,similarity70_cluster_2,primary216,42,hist_gradient_structure_context,BIO_6606,CMP_83aa37c8a37d61e51382,10.1021/acs.est.7b02399,BAF,2.3364597338485296,1.9810905207647311,,False
final_similarity70_2,similarity70_cluster_2,primary216,42,hist_gradient_structure_context,BIO_6607,CMP_83aa37c8a37d61e51382,10.1021/acs.est.7b02399,BAF,2.663700925389648,1.9810905207647311,,False
final_similarity70_2,similarity70_cluster_2,primary216,42,hist_gradient_structure_context,BIO_6608,CMP_83aa37c8a37d61e51382,10.1021/acs.est.7b02399,BAF,2.639486489268586,1.9810905207647311,,False
final_similarity70_2,similarity70_cluster_2,primary216,42,hist_gradient_structure_context,BIO_6609,CMP_83aa37c8a37d61e51382,10.1021/acs.est.7b02399,BAF,2.651278013998144,1.9810905207647311,,False
final_similarity70_2,similarity70_cluster_2,primary216,42,hist_gradient_structure_context,BIO_6610,CMP_83aa37c8a37d61e51382,10.1021/acs.est.7b02399,BAF,2.8432327780980096,1.9810905207647311,,False
final_similarity70_2,similarity70_cluster_2,primary216,42,hist_gradient_structure_context,BIO_6629,CMP_cfdde373a2a8c04668f0,10.1021/acs.est.7b02399,BAF,2.0863598306747484,3.342918576747056,,False
final_similarity70_2,similarity70_cluster_2,primary216,42,hist_gradient_structure_context,BIO_6630,CMP_cfdde373a2a8c04668f0,10.1021/acs.est.7b02399,BAF,3.1398790864012365,3.342918576747056,,False
final_similarity70_2,similarity70_cluster_2,primary216,42,hist_gradient_structure_context,BIO_6631,CMP_cfdde373a2a8c04668f0,10.1021/acs.est.7b02399,BAF,3.551449997972876,3.342918576747056,,False
final_similarity70_2,similarity70_cluster_2,primary216,42,hist_gradient_structure_context,BIO_6632,CMP_cfdde373a2a8c04668f0,10.1021/acs.est.7b02399,BAF,3.376576957056512,3.342918576747056,,False
final_similarity70_2,similarity70_cluster_2,primary216,42,hist_gradient_structure_context,BIO_6633,CMP_cfdde373a2a8c04668f0,10.1021/acs.est.7b02399,BAF,3.447623097760286,3.342918576747056,,False
final_similarity70_2,similarity70_cluster_2,primary216,42,hist_gradient_structure_context,BIO_6634,CMP_cfdde373a2a8c04668f0,10.1021/acs.est.7b02399,BAF,3.851869600729766,3.342918576747056,,False
final_similarity70_2,similarity70_cluster_2,primary216,42,hist_gradient_structure_context,BIO_6737,CMP_5eaff469cfe578e26057,10.1021/acs.est.7b02259,BAF,1.1900000000000002,0.4475784072463734,,False
final_similarity70_2,similarity70_cluster_2,primary216,42,hist_gradient_structure_context,BIO_6738,CMP_83aa37c8a37d61e51382,10.1021/acs.est.7b02259,BAF,2.56,0.4591014911196641,,False
final_similarity70_2,similarity70_cluster_2,primary216,42,hist_gradient_structure_context,BIO_6739,CMP_83aa37c8a37d61e51382,10.1021/acs.est.7b02259,BAF,2.3000000000000003,0.4591014911196641,,False
final_similarity70_2,similarity70_cluster_2,primary216,42,hist_gradient_structure_context,BIO_6740,CMP_cfdde373a2a8c04668f0,10.1021/acs.est.7b02259,BAF,3.86,2.61956941013075,,False
final_similarity70_2,similarity70_cluster_2,primary216,42,hist_gradient_structure_context,BIO_6741,CMP_cfdde373a2a8c04668f0,10.1021/acs.est.7b02259,BAF,3.65,2.61956941013075,,False
final_similarity70_2,similarity70_cluster_2,primary216,42,hist_gradient_structure_context,BIO_6742,CMP_cfdde373a2a8c04668f0,10.1021/acs.est.7b02259,BAF,2.7300000000000004,2.61956941013075,,False
final_similarity70_2,similarity70_cluster_2,primary216,42,nearest_chemical_context,BIO_5694,CMP_cfdde373a2a8c04668f0,10.1021/acs.est.6b01197,BAF,4.32,3.4600000000000004,,False
final_similarity70_2,similarity70_cluster_2,primary216,42,nearest_chemical_context,BIO_5695,CMP_cfdde373a2a8c04668f0,10.1021/acs.est.6b01197,BAF,2.4700000000000006,3.18,,False
final_similarity70_2,similarity70_cluster_2,primary216,42,nearest_chemical_context,BIO_5696,CMP_cfdde373a2a8c04668f0,10.1021/acs.est.6b01197,BAF,4.35,3.4600000000000004,,False
final_similarity70_2,similarity70_cluster_2,primary216,42,nearest_chemical_context,BIO_6010,CMP_83aa37c8a37d61e51382,10.1021/acs.est.6b01197,BAF,3.29,3.4600000000000004,,False
final_similarity70_2,similarity70_cluster_2,primary216,42,nearest_chemical_context,BIO_6011,CMP_83aa37c8a37d61e51382,10.1021/acs.est.6b01197,BAF,1.3,3.18,,False
final_similarity70_2,similarity70_cluster_2,primary216,42,nearest_chemical_context,BIO_6012,CMP_83aa37c8a37d61e51382,10.1021/acs.est.6b01197,BAF,3.140000000000001,3.4600000000000004,,False
final_similarity70_2,similarity70_cluster_2,primary216,42,nearest_chemical_context,BIO_6384,CMP_cfdde373a2a8c04668f0,10.1021/acs.est.5b04299,BAF,3.798000000000001,3.4600000000000004,,False
final_similarity70_2,similarity70_cluster_2,primary216,42,nearest_chemical_context,BIO_6385,CMP_cfdde373a2a8c04668f0,10.1021/acs.est.5b04299,BAF,3.3090000000000006,3.4600000000000004,,False
final_similarity70_2,similarity70_cluster_2,primary216,42,nearest_chemical_context,BIO_6386,CMP_cfdde373a2a8c04668f0,10.1021/acs.est.5b04299,BAF,3.984,3.4600000000000004,,False
final_similarity70_2,similarity70_cluster_2,primary216,42,nearest_chemical_context,BIO_6387,CMP_cfdde373a2a8c04668f0,10.1021/acs.est.5b04299,BAF,3.4720000000000004,3.4600000000000004,,False
final_similarity70_2,similarity70_cluster_2,primary216,42,nearest_chemical_context,BIO_6388,CMP_cfdde373a2a8c04668f0,10.1021/acs.est.5b04299,BAF,3.4600000000000004,3.4600000000000004,,False
final_similarity70_2,similarity70_cluster_2,primary216,42,nearest_chemical_context,BIO_6389,CMP_cfdde373a2a8c04668f0,10.1021/acs.est.5b04299,BAF,3.770000000000001,3.4600000000000004,,False
final_similarity70_2,similarity70_cluster_2,primary216,42,nearest_chemical_context,BIO_6390,CMP_cfdde373a2a8c04668f0,10.1021/acs.est.5b04299,BAF,3.700000000000001,3.4600000000000004,,False
final_similarity70_2,similarity70_cluster_2,primary216,42,nearest_chemical_context,BIO_6391,CMP_cfdde373a2a8c04668f0,10.1021/acs.est.5b04299,BAF,3.755000000000001,3.4600000000000004,,False
final_similarity70_2,similarity70_cluster_2,primary216,42,nearest_chemical_context,BIO_6392,CMP_cfdde373a2a8c04668f0,10.1021/acs.est.5b04299,BAF,3.646000000000001,3.4600000000000004,,False
final_similarity70_2,similarity70_cluster_2,primary216,42,nearest_chemical_context,BIO_6393,CMP_cfdde373a2a8c04668f0,10.1021/acs.est.5b04299,BAF,2.870000000000001,3.4600000000000004,,False
final_similarity70_2,similarity70_cluster_2,primary216,42,nearest_chemical_context,BIO_6395,CMP_cfdde373a2a8c04668f0,10.1021/acs.est.5b04299,BAF,4.03,3.4600000000000004,,False
final_similarity70_2,similarity70_cluster_2,primary216,42,nearest_chemical_context,BIO_6396,CMP_cfdde373a2a8c04668f0,10.1021/acs.est.5b04299,BAF,3.873,3.4600000000000004,,False
final_similarity70_2,similarity70_cluster_2,primary216,42,nearest_chemical_context,BIO_6397,CMP_cfdde373a2a8c04668f0,10.1021/acs.est.5b04299,BAF,4.301,3.4600000000000004,,False
final_similarity70_2,similarity70_cluster_2,primary216,42,nearest_chemical_context,BIO_6398,CMP_cfdde373a2a8c04668f0,10.1021/acs.est.5b04299,BAF,3.838000000000001,3.4600000000000004,,False
final_similarity70_2,similarity70_cluster_2,primary216,42,nearest_chemical_context,BIO_6399,CMP_cfdde373a2a8c04668f0,10.1021/acs.est.5b04299,BAF,3.912000000000001,3.4600000000000004,,False
final_similarity70_2,similarity70_cluster_2,primary216,42,nearest_chemical_context,BIO_6400,CMP_cfdde373a2a8c04668f0,10.1021/acs.est.5b04299,BAF,4.0600000000000005,3.4600000000000004,,False
final_similarity70_2,similarity70_cluster_2,primary216,42,nearest_chemical_context,BIO_6401,CMP_cfdde373a2a8c04668f0,10.1021/acs.est.5b04299,BAF,3.954,3.4600000000000004,,False
final_similarity70_2,similarity70_cluster_2,primary216,42,nearest_chemical_context,BIO_6402,CMP_cfdde373a2a8c04668f0,10.1021/acs.est.5b04299,BAF,4.072000000000001,3.4600000000000004,,False
final_similarity70_2,similarity70_cluster_2,primary216,42,nearest_chemical_context,BIO_6403,CMP_cfdde373a2a8c04668f0,10.1021/acs.est.5b04299,BAF,3.9650000000000007,3.4600000000000004,,False
final_similarity70_2,similarity70_cluster_2,primary216,42,nearest_chemical_context,BIO_6404,CMP_cfdde373a2a8c04668f0,10.1021/acs.est.5b04299,BAF,3.1950000000000003,3.4600000000000004,,False
final_similarity70_2,similarity70_cluster_2,primary216,42,nearest_chemical_context,BIO_6407,CMP_cfdde373a2a8c04668f0,10.1021/acs.est.9b04906,BAF,3.7848311781244695,3.4600000000000004,,False
final_similarity70_2,similarity70_cluster_2,primary216,42,nearest_chemical_context,BIO_6605,CMP_83aa37c8a37d61e51382,10.1021/acs.est.7b02399,BAF,1.0,4.471144965160633,,False
final_similarity70_2,similarity70_cluster_2,primary216,42,nearest_chemical_context,BIO_6606,CMP_83aa37c8a37d61e51382,10.1021/acs.est.7b02399,BAF,2.3364597338485296,4.471144965160633,,False
final_similarity70_2,similarity70_cluster_2,primary216,42,nearest_chemical_context,BIO_6607,CMP_83aa37c8a37d61e51382,10.1021/acs.est.7b02399,BAF,2.663700925389648,4.471144965160633,,False
final_similarity70_2,similarity70_cluster_2,primary216,42,nearest_chemical_context,BIO_6608,CMP_83aa37c8a37d61e51382,10.1021/acs.est.7b02399,BAF,2.639486489268586,4.471144965160633,,False
final_similarity70_2,similarity70_cluster_2,primary216,42,nearest_chemical_context,BIO_6609,CMP_83aa37c8a37d61e51382,10.1021/acs.est.7b02399,BAF,2.651278013998144,4.471144965160633,,False
final_similarity70_2,similarity70_cluster_2,primary216,42,nearest_chemical_context,BIO_6610,CMP_83aa37c8a37d61e51382,10.1021/acs.est.7b02399,BAF,2.8432327780980096,4.471144965160633,,False
final_similarity70_2,similarity70_cluster_2,primary216,42,nearest_chemical_context,BIO_6629,CMP_cfdde373a2a8c04668f0,10.1021/acs.est.7b02399,BAF,2.0863598306747484,4.471144965160633,,False
final_similarity70_2,similarity70_cluster_2,primary216,42,nearest_chemical_context,BIO_6630,CMP_cfdde373a2a8c04668f0,10.1021/acs.est.7b02399,BAF,3.1398790864012365,4.471144965160633,,False
final_similarity70_2,similarity70_cluster_2,primary216,42,nearest_chemical_context,BIO_6631,CMP_cfdde373a2a8c04668f0,10.1021/acs.est.7b02399,BAF,3.551449997972876,4.471144965160633,,False
final_similarity70_2,similarity70_cluster_2,primary216,42,nearest_chemical_context,BIO_6632,CMP_cfdde373a2a8c04668f0,10.1021/acs.est.7b02399,BAF,3.376576957056512,4.471144965160633,,False
final_similarity70_2,similarity70_cluster_2,primary216,42,nearest_chemical_context,BIO_6633,CMP_cfdde373a2a8c04668f0,10.1021/acs.est.7b02399,BAF,3.447623097760286,4.471144965160633,,False
final_similarity70_2,similarity70_cluster_2,primary216,42,nearest_chemical_context,BIO_6634,CMP_cfdde373a2a8c04668f0,10.1021/acs.est.7b02399,BAF,3.851869600729766,4.471144965160633,,False
final_similarity70_2,similarity70_cluster_2,primary216,42,nearest_chemical_context,BIO_6737,CMP_5eaff469cfe578e26057,10.1021/acs.est.7b02259,BAF,1.1900000000000002,3.4600000000000004,,False
final_similarity70_2,similarity70_cluster_2,primary216,42,nearest_chemical_context,BIO_6738,CMP_83aa37c8a37d61e51382,10.1021/acs.est.7b02259,BAF,2.56,3.4600000000000004,,False
final_similarity70_2,similarity70_cluster_2,primary216,42,nearest_chemical_context,BIO_6739,CMP_83aa37c8a37d61e51382,10.1021/acs.est.7b02259,BAF,2.3000000000000003,3.4600000000000004,,False
final_similarity70_2,similarity70_cluster_2,primary216,42,nearest_chemical_context,BIO_6740,CMP_cfdde373a2a8c04668f0,10.1021/acs.est.7b02259,BAF,3.86,3.4600000000000004,,False
final_similarity70_2,similarity70_cluster_2,primary216,42,nearest_chemical_context,BIO_6741,CMP_cfdde373a2a8c04668f0,10.1021/acs.est.7b02259,BAF,3.65,3.4600000000000004,,False
final_similarity70_2,similarity70_cluster_2,primary216,42,nearest_chemical_context,BIO_6742,CMP_cfdde373a2a8c04668f0,10.1021/acs.est.7b02259,BAF,2.7300000000000004,3.4600000000000004,,False
final_similarity70_2,similarity70_cluster_2,primary216,42,simple_graph_context,BIO_5723,CMP_5eaff469cfe578e26057,10.1016/j.scitotenv.2016.05.215,BCF,1.24,1.9135510921478271,,False
final_similarity70_2,similarity70_cluster_2,primary216,42,simple_graph_context,BIO_5724,CMP_5eaff469cfe578e26057,10.1016/j.scitotenv.2016.05.215,BCF,1.27,1.9135510921478271,,False
final_similarity70_2,similarity70_cluster_2,primary216,42,simple_graph_context,BIO_5725,CMP_5eaff469cfe578e26057,10.1016/j.scitotenv.2016.05.215,BCF,0.66,1.6068334579467771,,False
final_similarity70_2,similarity70_cluster_2,primary216,42,simple_graph_context,BIO_5726,CMP_5eaff469cfe578e26057,10.1016/j.scitotenv.2016.05.215,BCF,1.72,1.7512999773025513,,False
final_similarity70_2,similarity70_cluster_2,primary216,42,simple_graph_context,BIO_5727,CMP_5eaff469cfe578e26057,10.1016/j.scitotenv.2016.05.215,BCF,1.82,1.7512999773025513,,False
final_similarity70_2,similarity70_cluster_2,primary216,42,simple_graph_context,BIO_5995,CMP_83aa37c8a37d61e51382,10.1016/j.scitotenv.2016.05.215,BCF,2.56,2.555785179138184,,False
final_similarity70_2,similarity70_cluster_2,primary216,42,simple_graph_context,BIO_5996,CMP_83aa37c8a37d61e51382,10.1016/j.scitotenv.2016.05.215,BCF,2.39,2.555785179138184,,False
final_similarity70_2,similarity70_cluster_2,primary216,42,simple_graph_context,BIO_5997,CMP_83aa37c8a37d61e51382,10.1016/j.scitotenv.2016.05.215,BCF,1.69,2.249067544937134,,False
final_similarity70_2,similarity70_cluster_2,primary216,42,simple_graph_context,BIO_5998,CMP_83aa37c8a37d61e51382,10.1016/j.scitotenv.2016.05.215,BCF,1.56,2.249067544937134,,False
final_similarity70_2,similarity70_cluster_2,primary216,42,simple_graph_context,BIO_5999,CMP_83aa37c8a37d61e51382,10.1016/j.scitotenv.2016.05.215,BCF,2.74,2.3935341835021973,,False
final_similarity70_2,similarity70_cluster_2,primary216,42,simple_graph_context,BIO_6000,CMP_83aa37c8a37d61e51382,10.1016/j.scitotenv.2016.05.215,BCF,2.58,2.3935341835021973,,False
final_similarity70_2,similarity70_cluster_2,primary216,42,simple_graph_context,BIO_6285,CMP_cfdde373a2a8c04668f0,10.1016/j.scitotenv.2016.05.215,BCF,3.64,3.19801926612854,,False
final_similarity70_2,similarity70_cluster_2,primary216,42,simple_graph_context,BIO_6286,CMP_cfdde373a2a8c04668f0,10.1016/j.scitotenv.2016.05.215,BCF,3.55,3.19801926612854,,False
final_similarity70_2,similarity70_cluster_2,primary216,42,simple_graph_context,BIO_6287,CMP_cfdde373a2a8c04668f0,10.1016/j.scitotenv.2016.05.215,BCF,2.86,2.8913016319274902,,False
final_similarity70_2,similarity70_cluster_2,primary216,42,simple_graph_context,BIO_6288,CMP_cfdde373a2a8c04668f0,10.1016/j.scitotenv.2016.05.215,BCF,2.73,2.8913016319274902,,False
final_similarity70_2,similarity70_cluster_2,primary216,42,simple_graph_context,BIO_6289,CMP_cfdde373a2a8c04668f0,10.1016/j.scitotenv.2016.05.215,BCF,3.82,3.0357682704925537,,False
final_similarity70_2,similarity70_cluster_2,primary216,42,simple_graph_context,BIO_6290,CMP_cfdde373a2a8c04668f0,10.1016/j.scitotenv.2016.05.215,BCF,3.51,3.0357682704925537,,False
final_similarity70_2,similarity70_cluster_2,primary216,42,extra_trees_structure_context,BIO_5723,CMP_5eaff469cfe578e26057,10.1016/j.scitotenv.2016.05.215,BCF,1.24,1.811777343749999,,False
final_similarity70_2,similarity70_cluster_2,primary216,42,extra_trees_structure_context,BIO_5724,CMP_5eaff469cfe578e26057,10.1016/j.scitotenv.2016.05.215,BCF,1.27,1.811777343749999,,False
final_similarity70_2,similarity70_cluster_2,primary216,42,extra_trees_structure_context,BIO_5725,CMP_5eaff469cfe578e26057,10.1016/j.scitotenv.2016.05.215,BCF,0.66,0.9745585937500024,,False
final_similarity70_2,similarity70_cluster_2,primary216,42,extra_trees_structure_context,BIO_5726,CMP_5eaff469cfe578e26057,10.1016/j.scitotenv.2016.05.215,BCF,1.72,1.257714843750001,,False
final_similarity70_2,similarity70_cluster_2,primary216,42,extra_trees_structure_context,BIO_5727,CMP_5eaff469cfe578e26057,10.1016/j.scitotenv.2016.05.215,BCF,1.82,1.257714843750001,,False
final_similarity70_2,similarity70_cluster_2,primary216,42,extra_trees_structure_context,BIO_5995,CMP_83aa37c8a37d61e51382,10.1016/j.scitotenv.2016.05.215,BCF,2.56,2.017434895833335,,False
final_similarity70_2,similarity70_cluster_2,primary216,42,extra_trees_structure_context,BIO_5996,CMP_83aa37c8a37d61e51382,10.1016/j.scitotenv.2016.05.215,BCF,2.39,2.017434895833335,,False
final_similarity70_2,similarity70_cluster_2,primary216,42,extra_trees_structure_context,BIO_5997,CMP_83aa37c8a37d61e51382,10.1016/j.scitotenv.2016.05.215,BCF,1.69,1.6576575520833343,,False
final_similarity70_2,similarity70_cluster_2,primary216,42,extra_trees_structure_context,BIO_5998,CMP_83aa37c8a37d61e51382,10.1016/j.scitotenv.2016.05.215,BCF,1.56,1.6576575520833343,,False
final_similarity70_2,similarity70_cluster_2,primary216,42,extra_trees_structure_context,BIO_5999,CMP_83aa37c8a37d61e51382,10.1016/j.scitotenv.2016.05.215,BCF,2.74,1.791497395833337,,False
final_similarity70_2,similarity70_cluster_2,primary216,42,extra_trees_structure_context,BIO_6000,CMP_83aa37c8a37d61e51382,10.1016/j.scitotenv.2016.05.215,BCF,2.58,1.791497395833337,,False
final_similarity70_2,similarity70_cluster_2,primary216,42,extra_trees_structure_context,BIO_6285,CMP_cfdde373a2a8c04668f0,10.1016/j.scitotenv.2016.05.215,BCF,3.64,3.362343749999995,,False
final_similarity70_2,similarity70_cluster_2,primary216,42,extra_trees_structure_context,BIO_6286,CMP_cfdde373a2a8c04668f0,10.1016/j.scitotenv.2016.05.215,BCF,3.55,3.362343749999995,,False
final_similarity70_2,similarity70_cluster_2,primary216,42,extra_trees_structure_context,BIO_6287,CMP_cfdde373a2a8c04668f0,10.1016/j.scitotenv.2016.05.215,BCF,2.86,3.248906249999996,,False
final_similarity70_2,similarity70_cluster_2,primary216,42,extra_trees_structure_context,BIO_6288,CMP_cfdde373a2a8c04668f0,10.1016/j.scitotenv.2016.05.215,BCF,2.73,3.248906249999996,,False
final_similarity70_2,similarity70_cluster_2,primary216,42,extra_trees_structure_context,BIO_6289,CMP_cfdde373a2a8c04668f0,10.1016/j.scitotenv.2016.05.215,BCF,3.82,3.3165559895833274,,False
final_similarity70_2,similarity70_cluster_2,primary216,42,extra_trees_structure_context,BIO_6290,CMP_cfdde373a2a8c04668f0,10.1016/j.scitotenv.2016.05.215,BCF,3.51,3.3165559895833274,,False
final_similarity70_2,similarity70_cluster_2,primary216,42,hist_gradient_structure_context,BIO_5723,CMP_5eaff469cfe578e26057,10.1016/j.scitotenv.2016.05.215,BCF,1.24,1.919700333252504,,False
final_similarity70_2,similarity70_cluster_2,primary216,42,hist_gradient_structure_context,BIO_5724,CMP_5eaff469cfe578e26057,10.1016/j.scitotenv.2016.05.215,BCF,1.27,1.919700333252504,,False
final_similarity70_2,similarity70_cluster_2,primary216,42,hist_gradient_structure_context,BIO_5725,CMP_5eaff469cfe578e26057,10.1016/j.scitotenv.2016.05.215,BCF,0.66,1.919700333252504,,False
final_similarity70_2,similarity70_cluster_2,primary216,42,hist_gradient_structure_context,BIO_5726,CMP_5eaff469cfe578e26057,10.1016/j.scitotenv.2016.05.215,BCF,1.72,1.919700333252504,,False
final_similarity70_2,similarity70_cluster_2,primary216,42,hist_gradient_structure_context,BIO_5727,CMP_5eaff469cfe578e26057,10.1016/j.scitotenv.2016.05.215,BCF,1.82,1.919700333252504,,False
final_similarity70_2,similarity70_cluster_2,primary216,42,hist_gradient_structure_context,BIO_5995,CMP_83aa37c8a37d61e51382,10.1016/j.scitotenv.2016.05.215,BCF,2.56,1.919700333252504,,False
final_similarity70_2,similarity70_cluster_2,primary216,42,hist_gradient_structure_context,BIO_5996,CMP_83aa37c8a37d61e51382,10.1016/j.scitotenv.2016.05.215,BCF,2.39,1.919700333252504,,False
final_similarity70_2,similarity70_cluster_2,primary216,42,hist_gradient_structure_context,BIO_5997,CMP_83aa37c8a37d61e51382,10.1016/j.scitotenv.2016.05.215,BCF,1.69,1.919700333252504,,False
final_similarity70_2,similarity70_cluster_2,primary216,42,hist_gradient_structure_context,BIO_5998,CMP_83aa37c8a37d61e51382,10.1016/j.scitotenv.2016.05.215,BCF,1.56,1.919700333252504,,False
final_similarity70_2,similarity70_cluster_2,primary216,42,hist_gradient_structure_context,BIO_5999,CMP_83aa37c8a37d61e51382,10.1016/j.scitotenv.2016.05.215,BCF,2.74,1.919700333252504,,False
final_similarity70_2,similarity70_cluster_2,primary216,42,hist_gradient_structure_context,BIO_6000,CMP_83aa37c8a37d61e51382,10.1016/j.scitotenv.2016.05.215,BCF,2.58,1.919700333252504,,False
final_similarity70_2,similarity70_cluster_2,primary216,42,hist_gradient_structure_context,BIO_6285,CMP_cfdde373a2a8c04668f0,10.1016/j.scitotenv.2016.05.215,BCF,3.64,3.931677368796039,,False
final_similarity70_2,similarity70_cluster_2,primary216,42,hist_gradient_structure_context,BIO_6286,CMP_cfdde373a2a8c04668f0,10.1016/j.scitotenv.2016.05.215,BCF,3.55,3.931677368796039,,False
final_similarity70_2,similarity70_cluster_2,primary216,42,hist_gradient_structure_context,BIO_6287,CMP_cfdde373a2a8c04668f0,10.1016/j.scitotenv.2016.05.215,BCF,2.86,3.931677368796039,,False
final_similarity70_2,similarity70_cluster_2,primary216,42,hist_gradient_structure_context,BIO_6288,CMP_cfdde373a2a8c04668f0,10.1016/j.scitotenv.2016.05.215,BCF,2.73,3.931677368796039,,False
final_similarity70_2,similarity70_cluster_2,primary216,42,hist_gradient_structure_context,BIO_6289,CMP_cfdde373a2a8c04668f0,10.1016/j.scitotenv.2016.05.215,BCF,3.82,3.931677368796039,,False
final_similarity70_2,similarity70_cluster_2,primary216,42,hist_gradient_structure_context,BIO_6290,CMP_cfdde373a2a8c04668f0,10.1016/j.scitotenv.2016.05.215,BCF,3.51,3.931677368796039,,False
final_similarity70_2,similarity70_cluster_2,primary216,42,nearest_chemical_context,BIO_5723,CMP_5eaff469cfe578e26057,10.1016/j.scitotenv.2016.05.215,BCF,1.24,4.04,,False
final_similarity70_2,similarity70_cluster_2,primary216,42,nearest_chemical_context,BIO_5724,CMP_5eaff469cfe578e26057,10.1016/j.scitotenv.2016.05.215,BCF,1.27,4.04,,False
final_similarity70_2,similarity70_cluster_2,primary216,42,nearest_chemical_context,BIO_5725,CMP_5eaff469cfe578e26057,10.1016/j.scitotenv.2016.05.215,BCF,0.66,3.41,,False
final_similarity70_2,similarity70_cluster_2,primary216,42,nearest_chemical_context,BIO_5726,CMP_5eaff469cfe578e26057,10.1016/j.scitotenv.2016.05.215,BCF,1.72,4.0,,False
final_similarity70_2,similarity70_cluster_2,primary216,42,nearest_chemical_context,BIO_5727,CMP_5eaff469cfe578e26057,10.1016/j.scitotenv.2016.05.215,BCF,1.82,4.0,,False
final_similarity70_2,similarity70_cluster_2,primary216,42,nearest_chemical_context,BIO_5995,CMP_83aa37c8a37d61e51382,10.1016/j.scitotenv.2016.05.215,BCF,2.56,4.04,,False
final_similarity70_2,similarity70_cluster_2,primary216,42,nearest_chemical_context,BIO_5996,CMP_83aa37c8a37d61e51382,10.1016/j.scitotenv.2016.05.215,BCF,2.39,4.04,,False
final_similarity70_2,similarity70_cluster_2,primary216,42,nearest_chemical_context,BIO_5997,CMP_83aa37c8a37d61e51382,10.1016/j.scitotenv.2016.05.215,BCF,1.69,3.41,,False
final_similarity70_2,similarity70_cluster_2,primary216,42,nearest_chemical_context,BIO_5998,CMP_83aa37c8a37d61e51382,10.1016/j.scitotenv.2016.05.215,BCF,1.56,3.41,,False
final_similarity70_2,similarity70_cluster_2,primary216,42,nearest_chemical_context,BIO_5999,CMP_83aa37c8a37d61e51382,10.1016/j.scitotenv.2016.05.215,BCF,2.74,4.0,,False
final_similarity70_2,similarity70_cluster_2,primary216,42,nearest_chemical_context,BIO_6000,CMP_83aa37c8a37d61e51382,10.1016/j.scitotenv.2016.05.215,BCF,2.58,4.0,,False
final_similarity70_2,similarity70_cluster_2,primary216,42,nearest_chemical_context,BIO_6285,CMP_cfdde373a2a8c04668f0,10.1016/j.scitotenv.2016.05.215,BCF,3.64,4.04,,False
final_similarity70_2,similarity70_cluster_2,primary216,42,nearest_chemical_context,BIO_6286,CMP_cfdde373a2a8c04668f0,10.1016/j.scitotenv.2016.05.215,BCF,3.55,4.04,,False
final_similarity70_2,similarity70_cluster_2,primary216,42,nearest_chemical_context,BIO_6287,CMP_cfdde373a2a8c04668f0,10.1016/j.scitotenv.2016.05.215,BCF,2.86,3.41,,False
final_similarity70_2,similarity70_cluster_2,primary216,42,nearest_chemical_context,BIO_6288,CMP_cfdde373a2a8c04668f0,10.1016/j.scitotenv.2016.05.215,BCF,2.73,3.41,,False
final_similarity70_2,similarity70_cluster_2,primary216,42,nearest_chemical_context,BIO_6289,CMP_cfdde373a2a8c04668f0,10.1016/j.scitotenv.2016.05.215,BCF,3.82,4.0,,False
final_similarity70_2,similarity70_cluster_2,primary216,42,nearest_chemical_context,BIO_6290,CMP_cfdde373a2a8c04668f0,10.1016/j.scitotenv.2016.05.215,BCF,3.51,4.0,,False
final_similarity70_3,similarity70_cluster_3,primary216,42,full_multitask,BIO_5697,CMP_6a78ec62602000d01409,10.1021/acs.est.6b01197,BAF,3.4600000000000004,4.239883986103355,b7fc5888f044c9dd,False
final_similarity70_3,similarity70_cluster_3,primary216,42,full_multitask,BIO_5698,CMP_6a78ec62602000d01409,10.1021/acs.est.6b01197,BAF,3.18,3.241044645746534,b7fc5888f044c9dd,False
final_similarity70_3,similarity70_cluster_3,primary216,42,full_multitask,BIO_5699,CMP_6a78ec62602000d01409,10.1021/acs.est.6b01197,BAF,3.45,4.09379390853779,b7fc5888f044c9dd,False
final_similarity70_3,similarity70_cluster_3,primary216,42,full_multitask,BIO_6642,CMP_6a78ec62602000d01409,10.1021/acs.est.7b02399,BAF,4.471144965160633,3.6583910675823392,b7fc5888f044c9dd,False
final_similarity70_3,similarity70_cluster_3,primary216,42,full_multitask,BIO_6643,CMP_6a78ec62602000d01409,10.1021/acs.est.7b02399,BAF,4.121887985103681,3.694771433200908,b7fc5888f044c9dd,False
final_similarity70_3,similarity70_cluster_3,primary216,42,full_multitask,BIO_6644,CMP_6a78ec62602000d01409,10.1021/acs.est.7b02399,BAF,4.685741738602264,3.67041373353308,b7fc5888f044c9dd,False
final_similarity70_3,similarity70_cluster_3,primary216,42,full_multitask,BIO_6645,CMP_6a78ec62602000d01409,10.1021/acs.est.7b02399,BAF,4.318063334962762,3.687897952839291,b7fc5888f044c9dd,False
final_similarity70_3,similarity70_cluster_3,primary216,42,full_multitask,BIO_6646,CMP_6a78ec62602000d01409,10.1021/acs.est.7b02399,BAF,5.035029282202368,3.667325102197531,b7fc5888f044c9dd,False
final_similarity70_3,similarity70_cluster_3,primary216,42,full_multitask,BIO_6647,CMP_6a78ec62602000d01409,10.1021/acs.est.7b02399,BAF,5.179551791165188,3.655634758805575,b7fc5888f044c9dd,False
final_similarity70_3,similarity70_cluster_3,primary216,42,structure_context,BIO_5697,CMP_6a78ec62602000d01409,10.1021/acs.est.6b01197,BAF,3.4600000000000004,3.958773221364676,b7fc5888f044c9dd,False
final_similarity70_3,similarity70_cluster_3,primary216,42,structure_context,BIO_5698,CMP_6a78ec62602000d01409,10.1021/acs.est.6b01197,BAF,3.18,2.820660589228001,b7fc5888f044c9dd,False
final_similarity70_3,similarity70_cluster_3,primary216,42,structure_context,BIO_5699,CMP_6a78ec62602000d01409,10.1021/acs.est.6b01197,BAF,3.45,3.958773221364676,b7fc5888f044c9dd,False
final_similarity70_3,similarity70_cluster_3,primary216,42,structure_context,BIO_6642,CMP_6a78ec62602000d01409,10.1021/acs.est.7b02399,BAF,4.471144965160633,3.40445367390096,b7fc5888f044c9dd,False
final_similarity70_3,similarity70_cluster_3,primary216,42,structure_context,BIO_6643,CMP_6a78ec62602000d01409,10.1021/acs.est.7b02399,BAF,4.121887985103681,3.40445367390096,b7fc5888f044c9dd,False
final_similarity70_3,similarity70_cluster_3,primary216,42,structure_context,BIO_6644,CMP_6a78ec62602000d01409,10.1021/acs.est.7b02399,BAF,4.685741738602264,3.40445367390096,b7fc5888f044c9dd,False
final_similarity70_3,similarity70_cluster_3,primary216,42,structure_context,BIO_6645,CMP_6a78ec62602000d01409,10.1021/acs.est.7b02399,BAF,4.318063334962762,3.40445367390096,b7fc5888f044c9dd,False
final_similarity70_3,similarity70_cluster_3,primary216,42,structure_context,BIO_6646,CMP_6a78ec62602000d01409,10.1021/acs.est.7b02399,BAF,5.035029282202368,3.40445367390096,b7fc5888f044c9dd,False
final_similarity70_3,similarity70_cluster_3,primary216,42,structure_context,BIO_6647,CMP_6a78ec62602000d01409,10.1021/acs.est.7b02399,BAF,5.179551791165188,3.40445367390096,b7fc5888f044c9dd,False
final_similarity70_3,similarity70_cluster_3,primary216,42,transport_context,BIO_5697,CMP_6a78ec62602000d01409,10.1021/acs.est.6b01197,BAF,3.4600000000000004,5.563571903616239,b7fc5888f044c9dd,False
final_similarity70_3,similarity70_cluster_3,primary216,42,transport_context,BIO_5698,CMP_6a78ec62602000d01409,10.1021/acs.est.6b01197,BAF,3.18,5.369178259665336,b7fc5888f044c9dd,False
final_similarity70_3,similarity70_cluster_3,primary216,42,transport_context,BIO_5699,CMP_6a78ec62602000d01409,10.1021/acs.est.6b01197,BAF,3.45,5.549432176997747,b7fc5888f044c9dd,False
final_similarity70_3,similarity70_cluster_3,primary216,42,transport_context,BIO_6642,CMP_6a78ec62602000d01409,10.1021/acs.est.7b02399,BAF,4.471144965160633,4.996571413634991,b7fc5888f044c9dd,False
final_similarity70_3,similarity70_cluster_3,primary216,42,transport_context,BIO_6643,CMP_6a78ec62602000d01409,10.1021/acs.est.7b02399,BAF,4.121887985103681,5.020051372616486,b7fc5888f044c9dd,False
final_similarity70_3,similarity70_cluster_3,primary216,42,transport_context,BIO_6644,CMP_6a78ec62602000d01409,10.1021/acs.est.7b02399,BAF,4.685741738602264,5.308533599790351,b7fc5888f044c9dd,False
final_similarity70_3,similarity70_cluster_3,primary216,42,transport_context,BIO_6645,CMP_6a78ec62602000d01409,10.1021/acs.est.7b02399,BAF,4.318063334962762,5.146045854875874,b7fc5888f044c9dd,False
final_similarity70_3,similarity70_cluster_3,primary216,42,transport_context,BIO_6646,CMP_6a78ec62602000d01409,10.1021/acs.est.7b02399,BAF,5.035029282202368,5.055567352206717,b7fc5888f044c9dd,False
final_similarity70_3,similarity70_cluster_3,primary216,42,transport_context,BIO_6647,CMP_6a78ec62602000d01409,10.1021/acs.est.7b02399,BAF,5.179551791165188,5.337722096105676,b7fc5888f044c9dd,False
final_similarity70_3,similarity70_cluster_3,primary216,42,full_single_task,BIO_5697,CMP_6a78ec62602000d01409,10.1021/acs.est.6b01197,BAF,3.4600000000000004,4.383656142769355,b7fc5888f044c9dd,False
final_similarity70_3,similarity70_cluster_3,primary216,42,full_single_task,BIO_5698,CMP_6a78ec62602000d01409,10.1021/acs.est.6b01197,BAF,3.18,3.526449439619969,b7fc5888f044c9dd,False
final_similarity70_3,similarity70_cluster_3,primary216,42,full_single_task,BIO_5699,CMP_6a78ec62602000d01409,10.1021/acs.est.6b01197,BAF,3.45,4.347062835971133,b7fc5888f044c9dd,False
final_similarity70_3,similarity70_cluster_3,primary216,42,full_single_task,BIO_6642,CMP_6a78ec62602000d01409,10.1021/acs.est.7b02399,BAF,4.471144965160633,3.793593161959435,b7fc5888f044c9dd,False
final_similarity70_3,similarity70_cluster_3,primary216,42,full_single_task,BIO_6643,CMP_6a78ec62602000d01409,10.1021/acs.est.7b02399,BAF,4.121887985103681,3.8626340419857192,b7fc5888f044c9dd,False
final_similarity70_3,similarity70_cluster_3,primary216,42,full_single_task,BIO_6644,CMP_6a78ec62602000d01409,10.1021/acs.est.7b02399,BAF,4.685741738602264,3.925371137465447,b7fc5888f044c9dd,False
final_similarity70_3,similarity70_cluster_3,primary216,42,full_single_task,BIO_6645,CMP_6a78ec62602000d01409,10.1021/acs.est.7b02399,BAF,4.318063334962762,3.9047834268718704,b7fc5888f044c9dd,False
final_similarity70_3,similarity70_cluster_3,primary216,42,full_single_task,BIO_6646,CMP_6a78ec62602000d01409,10.1021/acs.est.7b02399,BAF,5.035029282202368,3.845261098630376,b7fc5888f044c9dd,False
final_similarity70_3,similarity70_cluster_3,primary216,42,full_single_task,BIO_6647,CMP_6a78ec62602000d01409,10.1021/acs.est.7b02399,BAF,5.179551791165188,3.886715500938888,b7fc5888f044c9dd,False
final_similarity70_3,similarity70_cluster_3,primary216,42,shuffled_auxiliary_labels,BIO_5697,CMP_6a78ec62602000d01409,10.1021/acs.est.6b01197,BAF,3.4600000000000004,3.904940440596509,d381dab90d6eedbb,False
final_similarity70_3,similarity70_cluster_3,primary216,42,shuffled_auxiliary_labels,BIO_5698,CMP_6a78ec62602000d01409,10.1021/acs.est.6b01197,BAF,3.18,2.4319296919485383,d381dab90d6eedbb,False
final_similarity70_3,similarity70_cluster_3,primary216,42,shuffled_auxiliary_labels,BIO_5699,CMP_6a78ec62602000d01409,10.1021/acs.est.6b01197,BAF,3.45,3.907766764834555,d381dab90d6eedbb,False
final_similarity70_3,similarity70_cluster_3,primary216,42,shuffled_auxiliary_labels,BIO_6642,CMP_6a78ec62602000d01409,10.1021/acs.est.7b02399,BAF,4.471144965160633,3.3511583409225483,d381dab90d6eedbb,False
final_similarity70_3,similarity70_cluster_3,primary216,42,shuffled_auxiliary_labels,BIO_6643,CMP_6a78ec62602000d01409,10.1021/acs.est.7b02399,BAF,4.121887985103681,3.2799362419040823,d381dab90d6eedbb,False
final_similarity70_3,similarity70_cluster_3,primary216,42,shuffled_auxiliary_labels,BIO_6644,CMP_6a78ec62602000d01409,10.1021/acs.est.7b02399,BAF,4.685741738602264,3.3299772164869235,d381dab90d6eedbb,False
final_similarity70_3,similarity70_cluster_3,primary216,42,shuffled_auxiliary_labels,BIO_6645,CMP_6a78ec62602000d01409,10.1021/acs.est.7b02399,BAF,4.318063334962762,3.261680491969741,d381dab90d6eedbb,False
final_similarity70_3,similarity70_cluster_3,primary216,42,shuffled_auxiliary_labels,BIO_6646,CMP_6a78ec62602000d01409,10.1021/acs.est.7b02399,BAF,5.035029282202368,3.318960443832946,d381dab90d6eedbb,False
final_similarity70_3,similarity70_cluster_3,primary216,42,shuffled_auxiliary_labels,BIO_6647,CMP_6a78ec62602000d01409,10.1021/acs.est.7b02399,BAF,5.179551791165188,3.2938549991092136,d381dab90d6eedbb,False
final_similarity70_3,similarity70_cluster_3,primary216,42,simple_graph_context,BIO_5697,CMP_6a78ec62602000d01409,10.1021/acs.est.6b01197,BAF,3.4600000000000004,3.867872953414917,,False
final_similarity70_3,similarity70_cluster_3,primary216,42,simple_graph_context,BIO_5698,CMP_6a78ec62602000d01409,10.1021/acs.est.6b01197,BAF,3.18,3.3550796508789062,,False
final_similarity70_3,similarity70_cluster_3,primary216,42,simple_graph_context,BIO_5699,CMP_6a78ec62602000d01409,10.1021/acs.est.6b01197,BAF,3.45,3.867872953414917,,False
final_similarity70_3,similarity70_cluster_3,primary216,42,simple_graph_context,BIO_6642,CMP_6a78ec62602000d01409,10.1021/acs.est.7b02399,BAF,4.471144965160633,3.5308704376220703,,False
final_similarity70_3,similarity70_cluster_3,primary216,42,simple_graph_context,BIO_6643,CMP_6a78ec62602000d01409,10.1021/acs.est.7b02399,BAF,4.121887985103681,3.5308704376220703,,False
final_similarity70_3,similarity70_cluster_3,primary216,42,simple_graph_context,BIO_6644,CMP_6a78ec62602000d01409,10.1021/acs.est.7b02399,BAF,4.685741738602264,3.5308704376220703,,False
final_similarity70_3,similarity70_cluster_3,primary216,42,simple_graph_context,BIO_6645,CMP_6a78ec62602000d01409,10.1021/acs.est.7b02399,BAF,4.318063334962762,3.5308704376220703,,False
final_similarity70_3,similarity70_cluster_3,primary216,42,simple_graph_context,BIO_6646,CMP_6a78ec62602000d01409,10.1021/acs.est.7b02399,BAF,5.035029282202368,3.5308704376220703,,False
final_similarity70_3,similarity70_cluster_3,primary216,42,simple_graph_context,BIO_6647,CMP_6a78ec62602000d01409,10.1021/acs.est.7b02399,BAF,5.179551791165188,3.5308704376220703,,False
final_similarity70_3,similarity70_cluster_3,primary216,42,extra_trees_structure_context,BIO_5697,CMP_6a78ec62602000d01409,10.1021/acs.est.6b01197,BAF,3.4600000000000004,3.967349919776901,,False
final_similarity70_3,similarity70_cluster_3,primary216,42,extra_trees_structure_context,BIO_5698,CMP_6a78ec62602000d01409,10.1021/acs.est.6b01197,BAF,3.18,3.2997802171355817,,False
final_similarity70_3,similarity70_cluster_3,primary216,42,extra_trees_structure_context,BIO_5699,CMP_6a78ec62602000d01409,10.1021/acs.est.6b01197,BAF,3.45,3.967349919776901,,False
final_similarity70_3,similarity70_cluster_3,primary216,42,extra_trees_structure_context,BIO_6642,CMP_6a78ec62602000d01409,10.1021/acs.est.7b02399,BAF,4.471144965160633,3.204591213107973,,False
final_similarity70_3,similarity70_cluster_3,primary216,42,extra_trees_structure_context,BIO_6643,CMP_6a78ec62602000d01409,10.1021/acs.est.7b02399,BAF,4.121887985103681,3.204591213107973,,False
final_similarity70_3,similarity70_cluster_3,primary216,42,extra_trees_structure_context,BIO_6644,CMP_6a78ec62602000d01409,10.1021/acs.est.7b02399,BAF,4.685741738602264,3.204591213107973,,False
final_similarity70_3,similarity70_cluster_3,primary216,42,extra_trees_structure_context,BIO_6645,CMP_6a78ec62602000d01409,10.1021/acs.est.7b02399,BAF,4.318063334962762,3.204591213107973,,False
final_similarity70_3,similarity70_cluster_3,primary216,42,extra_trees_structure_context,BIO_6646,CMP_6a78ec62602000d01409,10.1021/acs.est.7b02399,BAF,5.035029282202368,3.204591213107973,,False
final_similarity70_3,similarity70_cluster_3,primary216,42,extra_trees_structure_context,BIO_6647,CMP_6a78ec62602000d01409,10.1021/acs.est.7b02399,BAF,5.179551791165188,3.204591213107973,,False
final_similarity70_3,similarity70_cluster_3,primary216,42,hist_gradient_structure_context,BIO_5697,CMP_6a78ec62602000d01409,10.1021/acs.est.6b01197,BAF,3.4600000000000004,3.969649352247088,,False
final_similarity70_3,similarity70_cluster_3,primary216,42,hist_gradient_structure_context,BIO_5698,CMP_6a78ec62602000d01409,10.1021/acs.est.6b01197,BAF,3.18,3.1408232586798146,,False
final_similarity70_3,similarity70_cluster_3,primary216,42,hist_gradient_structure_context,BIO_5699,CMP_6a78ec62602000d01409,10.1021/acs.est.6b01197,BAF,3.45,3.969649352247088,,False
final_similarity70_3,similarity70_cluster_3,primary216,42,hist_gradient_structure_context,BIO_6642,CMP_6a78ec62602000d01409,10.1021/acs.est.7b02399,BAF,4.471144965160633,3.222240313758716,,False
final_similarity70_3,similarity70_cluster_3,primary216,42,hist_gradient_structure_context,BIO_6643,CMP_6a78ec62602000d01409,10.1021/acs.est.7b02399,BAF,4.121887985103681,3.222240313758716,,False
final_similarity70_3,similarity70_cluster_3,primary216,42,hist_gradient_structure_context,BIO_6644,CMP_6a78ec62602000d01409,10.1021/acs.est.7b02399,BAF,4.685741738602264,3.222240313758716,,False
final_similarity70_3,similarity70_cluster_3,primary216,42,hist_gradient_structure_context,BIO_6645,CMP_6a78ec62602000d01409,10.1021/acs.est.7b02399,BAF,4.318063334962762,3.222240313758716,,False
final_similarity70_3,similarity70_cluster_3,primary216,42,hist_gradient_structure_context,BIO_6646,CMP_6a78ec62602000d01409,10.1021/acs.est.7b02399,BAF,5.035029282202368,3.222240313758716,,False
final_similarity70_3,similarity70_cluster_3,primary216,42,hist_gradient_structure_context,BIO_6647,CMP_6a78ec62602000d01409,10.1021/acs.est.7b02399,BAF,5.179551791165188,3.222240313758716,,False
final_similarity70_3,similarity70_cluster_3,primary216,42,nearest_chemical_context,BIO_5697,CMP_6a78ec62602000d01409,10.1021/acs.est.6b01197,BAF,3.4600000000000004,4.32,,False
final_similarity70_3,similarity70_cluster_3,primary216,42,nearest_chemical_context,BIO_5698,CMP_6a78ec62602000d01409,10.1021/acs.est.6b01197,BAF,3.18,2.4700000000000006,,False
final_similarity70_3,similarity70_cluster_3,primary216,42,nearest_chemical_context,BIO_5699,CMP_6a78ec62602000d01409,10.1021/acs.est.6b01197,BAF,3.45,4.32,,False
final_similarity70_3,similarity70_cluster_3,primary216,42,nearest_chemical_context,BIO_6642,CMP_6a78ec62602000d01409,10.1021/acs.est.7b02399,BAF,4.471144965160633,1.0,,False
final_similarity70_3,similarity70_cluster_3,primary216,42,nearest_chemical_context,BIO_6643,CMP_6a78ec62602000d01409,10.1021/acs.est.7b02399,BAF,4.121887985103681,1.0,,False
final_similarity70_3,similarity70_cluster_3,primary216,42,nearest_chemical_context,BIO_6644,CMP_6a78ec62602000d01409,10.1021/acs.est.7b02399,BAF,4.685741738602264,1.0,,False
final_similarity70_3,similarity70_cluster_3,primary216,42,nearest_chemical_context,BIO_6645,CMP_6a78ec62602000d01409,10.1021/acs.est.7b02399,BAF,4.318063334962762,1.0,,False
final_similarity70_3,similarity70_cluster_3,primary216,42,nearest_chemical_context,BIO_6646,CMP_6a78ec62602000d01409,10.1021/acs.est.7b02399,BAF,5.035029282202368,1.0,,False
final_similarity70_3,similarity70_cluster_3,primary216,42,nearest_chemical_context,BIO_6647,CMP_6a78ec62602000d01409,10.1021/acs.est.7b02399,BAF,5.179551791165188,1.0,,False
final_similarity70_4,similarity70_cluster_4,primary216,42,full_multitask,BIO_5700,CMP_a10d3a5e66ce1fa3df8b,10.1021/acs.est.6b01197,BAF,4.21,3.3535678283853487,46a8ee64f249ab55,False
final_similarity70_4,similarity70_cluster_4,primary216,42,full_multitask,BIO_5701,CMP_a10d3a5e66ce1fa3df8b,10.1021/acs.est.6b01197,BAF,3.69,3.427260256307379,46a8ee64f249ab55,False
final_similarity70_4,similarity70_cluster_4,primary216,42,full_multitask,BIO_5702,CMP_a10d3a5e66ce1fa3df8b,10.1021/acs.est.6b01197,BAF,3.9900000000000007,3.3366989210403237,46a8ee64f249ab55,False
final_similarity70_4,similarity70_cluster_4,primary216,42,structure_context,BIO_5700,CMP_a10d3a5e66ce1fa3df8b,10.1021/acs.est.6b01197,BAF,4.21,3.365846682957635,46a8ee64f249ab55,False
final_similarity70_4,similarity70_cluster_4,primary216,42,structure_context,BIO_5701,CMP_a10d3a5e66ce1fa3df8b,10.1021/acs.est.6b01197,BAF,3.69,3.503272680320209,46a8ee64f249ab55,False
final_similarity70_4,similarity70_cluster_4,primary216,42,structure_context,BIO_5702,CMP_a10d3a5e66ce1fa3df8b,10.1021/acs.est.6b01197,BAF,3.9900000000000007,3.365846682957635,46a8ee64f249ab55,False
final_similarity70_4,similarity70_cluster_4,primary216,42,transport_context,BIO_5700,CMP_a10d3a5e66ce1fa3df8b,10.1021/acs.est.6b01197,BAF,4.21,3.858984530372836,46a8ee64f249ab55,False
final_similarity70_4,similarity70_cluster_4,primary216,42,transport_context,BIO_5701,CMP_a10d3a5e66ce1fa3df8b,10.1021/acs.est.6b01197,BAF,3.69,3.327641874247404,46a8ee64f249ab55,False
final_similarity70_4,similarity70_cluster_4,primary216,42,transport_context,BIO_5702,CMP_a10d3a5e66ce1fa3df8b,10.1021/acs.est.6b01197,BAF,3.9900000000000007,4.045736093998067,46a8ee64f249ab55,False
final_similarity70_4,similarity70_cluster_4,primary216,42,full_single_task,BIO_5700,CMP_a10d3a5e66ce1fa3df8b,10.1021/acs.est.6b01197,BAF,4.21,3.545050739836867,46a8ee64f249ab55,False
final_similarity70_4,similarity70_cluster_4,primary216,42,full_single_task,BIO_5701,CMP_a10d3a5e66ce1fa3df8b,10.1021/acs.est.6b01197,BAF,3.69,3.637144233968727,46a8ee64f249ab55,False
final_similarity70_4,similarity70_cluster_4,primary216,42,full_single_task,BIO_5702,CMP_a10d3a5e66ce1fa3df8b,10.1021/acs.est.6b01197,BAF,3.9900000000000007,3.5224718580009413,46a8ee64f249ab55,False
final_similarity70_4,similarity70_cluster_4,primary216,42,shuffled_auxiliary_labels,BIO_5700,CMP_a10d3a5e66ce1fa3df8b,10.1021/acs.est.6b01197,BAF,4.21,3.236321352579487,2f6acaa6b6c41aff,False
final_similarity70_4,similarity70_cluster_4,primary216,42,shuffled_auxiliary_labels,BIO_5701,CMP_a10d3a5e66ce1fa3df8b,10.1021/acs.est.6b01197,BAF,3.69,3.181829834061201,2f6acaa6b6c41aff,False
final_similarity70_4,similarity70_cluster_4,primary216,42,shuffled_auxiliary_labels,BIO_5702,CMP_a10d3a5e66ce1fa3df8b,10.1021/acs.est.6b01197,BAF,3.9900000000000007,3.2255684168645056,2f6acaa6b6c41aff,False
final_similarity70_4,similarity70_cluster_4,primary216,42,simple_graph_context,BIO_5700,CMP_a10d3a5e66ce1fa3df8b,10.1021/acs.est.6b01197,BAF,4.21,4.103664398193359,,False
final_similarity70_4,similarity70_cluster_4,primary216,42,simple_graph_context,BIO_5701,CMP_a10d3a5e66ce1fa3df8b,10.1021/acs.est.6b01197,BAF,3.69,3.549781084060669,,False
final_similarity70_4,similarity70_cluster_4,primary216,42,simple_graph_context,BIO_5702,CMP_a10d3a5e66ce1fa3df8b,10.1021/acs.est.6b01197,BAF,3.9900000000000007,4.103664398193359,,False
final_similarity70_4,similarity70_cluster_4,primary216,42,extra_trees_structure_context,BIO_5700,CMP_a10d3a5e66ce1fa3df8b,10.1021/acs.est.6b01197,BAF,4.21,3.9571827026573216,,False
final_similarity70_4,similarity70_cluster_4,primary216,42,extra_trees_structure_context,BIO_5701,CMP_a10d3a5e66ce1fa3df8b,10.1021/acs.est.6b01197,BAF,3.69,3.770390589381409,,False
final_similarity70_4,similarity70_cluster_4,primary216,42,extra_trees_structure_context,BIO_5702,CMP_a10d3a5e66ce1fa3df8b,10.1021/acs.est.6b01197,BAF,3.9900000000000007,3.9571827026573216,,False
final_similarity70_4,similarity70_cluster_4,primary216,42,hist_gradient_structure_context,BIO_5700,CMP_a10d3a5e66ce1fa3df8b,10.1021/acs.est.6b01197,BAF,4.21,3.9774795939797576,,False
final_similarity70_4,similarity70_cluster_4,primary216,42,hist_gradient_structure_context,BIO_5701,CMP_a10d3a5e66ce1fa3df8b,10.1021/acs.est.6b01197,BAF,3.69,3.9028666633821776,,False
final_similarity70_4,similarity70_cluster_4,primary216,42,hist_gradient_structure_context,BIO_5702,CMP_a10d3a5e66ce1fa3df8b,10.1021/acs.est.6b01197,BAF,3.9900000000000007,3.9774795939797576,,False
final_similarity70_4,similarity70_cluster_4,primary216,42,nearest_chemical_context,BIO_5700,CMP_a10d3a5e66ce1fa3df8b,10.1021/acs.est.6b01197,BAF,4.21,3.540000000000001,,False
final_similarity70_4,similarity70_cluster_4,primary216,42,nearest_chemical_context,BIO_5701,CMP_a10d3a5e66ce1fa3df8b,10.1021/acs.est.6b01197,BAF,3.69,4.400000000000001,,False
final_similarity70_4,similarity70_cluster_4,primary216,42,nearest_chemical_context,BIO_5702,CMP_a10d3a5e66ce1fa3df8b,10.1021/acs.est.6b01197,BAF,3.9900000000000007,3.540000000000001,,False
final_similarity70_5,similarity70_cluster_5,primary216,42,full_multitask,BIO_5672,CMP_b7e2eb89ae6c3db4e807,10.1021/acs.est.5b04299,BAF,4.659000000000001,2.643491614534708,a99e0b5546431c8a,False
final_similarity70_5,similarity70_cluster_5,primary216,42,full_multitask,BIO_5673,CMP_b7e2eb89ae6c3db4e807,10.1021/acs.est.5b04299,BAF,4.313,2.4218385105601032,a99e0b5546431c8a,False
final_similarity70_5,similarity70_cluster_5,primary216,42,full_multitask,BIO_5674,CMP_b7e2eb89ae6c3db4e807,10.1021/acs.est.5b04299,BAF,5.217,2.5031874679748056,a99e0b5546431c8a,False
final_similarity70_5,similarity70_cluster_5,primary216,42,full_multitask,BIO_5675,CMP_b7e2eb89ae6c3db4e807,10.1021/acs.est.5b04299,BAF,4.398000000000001,2.4924846449532785,a99e0b5546431c8a,False
final_similarity70_5,similarity70_cluster_5,primary216,42,full_multitask,BIO_5676,CMP_b7e2eb89ae6c3db4e807,10.1021/acs.est.5b04299,BAF,4.4830000000000005,2.362891108390091,a99e0b5546431c8a,False
final_similarity70_5,similarity70_cluster_5,primary216,42,full_multitask,BIO_5677,CMP_b7e2eb89ae6c3db4e807,10.1021/acs.est.5b04299,BAF,4.693,2.5885875243560874,a99e0b5546431c8a,False
final_similarity70_5,similarity70_cluster_5,primary216,42,full_multitask,BIO_5678,CMP_b7e2eb89ae6c3db4e807,10.1021/acs.est.5b04299,BAF,4.814000000000001,2.4478542705384925,a99e0b5546431c8a,False
final_similarity70_5,similarity70_cluster_5,primary216,42,full_multitask,BIO_5679,CMP_b7e2eb89ae6c3db4e807,10.1021/acs.est.5b04299,BAF,4.958,2.50729105414914,a99e0b5546431c8a,False
final_similarity70_5,similarity70_cluster_5,primary216,42,full_multitask,BIO_5680,CMP_b7e2eb89ae6c3db4e807,10.1021/acs.est.5b04299,BAF,4.802,2.3034991747615337,a99e0b5546431c8a,False
final_similarity70_5,similarity70_cluster_5,primary216,42,full_multitask,BIO_5681,CMP_b7e2eb89ae6c3db4e807,10.1021/acs.est.5b04299,BAF,3.835,2.1891677351922043,a99e0b5546431c8a,False
final_similarity70_5,similarity70_cluster_5,primary216,42,full_multitask,BIO_5683,CMP_b7e2eb89ae6c3db4e807,10.1021/acs.est.5b04299,BAF,4.882000000000001,2.6354256559860763,a99e0b5546431c8a,False
final_similarity70_5,similarity70_cluster_5,primary216,42,full_multitask,BIO_5684,CMP_b7e2eb89ae6c3db4e807,10.1021/acs.est.5b04299,BAF,4.604000000000001,2.4215008253861035,a99e0b5546431c8a,False
final_similarity70_5,similarity70_cluster_5,primary216,42,full_multitask,BIO_5685,CMP_b7e2eb89ae6c3db4e807,10.1021/acs.est.5b04299,BAF,5.052,2.5022204604310785,a99e0b5546431c8a,False
final_similarity70_5,similarity70_cluster_5,primary216,42,full_multitask,BIO_5686,CMP_b7e2eb89ae6c3db4e807,10.1021/acs.est.5b04299,BAF,4.562000000000001,2.526373411220122,a99e0b5546431c8a,False
final_similarity70_5,similarity70_cluster_5,primary216,42,full_multitask,BIO_5687,CMP_b7e2eb89ae6c3db4e807,10.1021/acs.est.5b04299,BAF,4.652000000000001,2.3772821872843606,a99e0b5546431c8a,False
final_similarity70_5,similarity70_cluster_5,primary216,42,full_multitask,BIO_5688,CMP_b7e2eb89ae6c3db4e807,10.1021/acs.est.5b04299,BAF,4.798,2.6007319860339777,a99e0b5546431c8a,False
final_similarity70_5,similarity70_cluster_5,primary216,42,full_multitask,BIO_5689,CMP_b7e2eb89ae6c3db4e807,10.1021/acs.est.5b04299,BAF,4.692,2.4371158820052905,a99e0b5546431c8a,False
final_similarity70_5,similarity70_cluster_5,primary216,42,full_multitask,BIO_5690,CMP_b7e2eb89ae6c3db4e807,10.1021/acs.est.5b04299,BAF,4.814000000000001,2.519072672733193,a99e0b5546431c8a,False
final_similarity70_5,similarity70_cluster_5,primary216,42,full_multitask,BIO_5691,CMP_b7e2eb89ae6c3db4e807,10.1021/acs.est.5b04299,BAF,4.710000000000001,2.329951005350427,a99e0b5546431c8a,False
final_similarity70_5,similarity70_cluster_5,primary216,42,full_multitask,BIO_5692,CMP_b7e2eb89ae6c3db4e807,10.1021/acs.est.5b04299,BAF,3.9300000000000006,2.1952803609649347,a99e0b5546431c8a,False
final_similarity70_5,similarity70_cluster_5,primary216,42,full_multitask,BIO_6745,CMP_b7e2eb89ae6c3db4e807,10.1021/acs.est.7b02259,BAF,4.03,2.4926300517399542,a99e0b5546431c8a,False
final_similarity70_5,similarity70_cluster_5,primary216,42,full_multitask,BIO_6746,CMP_b7e2eb89ae6c3db4e807,10.1021/acs.est.7b02259,BAF,3.8,2.309762373679478,a99e0b5546431c8a,False
final_similarity70_5,similarity70_cluster_5,primary216,42,full_multitask,BIO_6747,CMP_b7e2eb89ae6c3db4e807,10.1021/acs.est.7b02259,BAF,2.91,2.208104610601749,a99e0b5546431c8a,False
final_similarity70_5,similarity70_cluster_5,primary216,42,structure_context,BIO_5672,CMP_b7e2eb89ae6c3db4e807,10.1021/acs.est.5b04299,BAF,4.659000000000001,3.0117624874593028,a99e0b5546431c8a,False
final_similarity70_5,similarity70_cluster_5,primary216,42,structure_context,BIO_5673,CMP_b7e2eb89ae6c3db4e807,10.1021/acs.est.5b04299,BAF,4.313,2.862337420360737,a99e0b5546431c8a,False
final_similarity70_5,similarity70_cluster_5,primary216,42,structure_context,BIO_5674,CMP_b7e2eb89ae6c3db4e807,10.1021/acs.est.5b04299,BAF,5.217,2.797329860907058,a99e0b5546431c8a,False
final_similarity70_5,similarity70_cluster_5,primary216,42,structure_context,BIO_5675,CMP_b7e2eb89ae6c3db4e807,10.1021/acs.est.5b04299,BAF,4.398000000000001,2.792448269805509,a99e0b5546431c8a,False
final_similarity70_5,similarity70_cluster_5,primary216,42,structure_context,BIO_5676,CMP_b7e2eb89ae6c3db4e807,10.1021/acs.est.5b04299,BAF,4.4830000000000005,2.807791175385628,a99e0b5546431c8a,False
final_similarity70_5,similarity70_cluster_5,primary216,42,structure_context,BIO_5677,CMP_b7e2eb89ae6c3db4e807,10.1021/acs.est.5b04299,BAF,4.693,3.010615602660611,a99e0b5546431c8a,False
final_similarity70_5,similarity70_cluster_5,primary216,42,structure_context,BIO_5678,CMP_b7e2eb89ae6c3db4e807,10.1021/acs.est.5b04299,BAF,4.814000000000001,2.7712844505231478,a99e0b5546431c8a,False
final_similarity70_5,similarity70_cluster_5,primary216,42,structure_context,BIO_5679,CMP_b7e2eb89ae6c3db4e807,10.1021/acs.est.5b04299,BAF,4.958,2.7811863195030844,a99e0b5546431c8a,False
final_similarity70_5,similarity70_cluster_5,primary216,42,structure_context,BIO_5680,CMP_b7e2eb89ae6c3db4e807,10.1021/acs.est.5b04299,BAF,4.802,2.6176604957179785,a99e0b5546431c8a,False
final_similarity70_5,similarity70_cluster_5,primary216,42,structure_context,BIO_5681,CMP_b7e2eb89ae6c3db4e807,10.1021/acs.est.5b04299,BAF,3.835,2.535382529700969,a99e0b5546431c8a,False
final_similarity70_5,similarity70_cluster_5,primary216,42,structure_context,BIO_5683,CMP_b7e2eb89ae6c3db4e807,10.1021/acs.est.5b04299,BAF,4.882000000000001,3.0117624874593028,a99e0b5546431c8a,False
final_similarity70_5,similarity70_cluster_5,primary216,42,structure_context,BIO_5684,CMP_b7e2eb89ae6c3db4e807,10.1021/acs.est.5b04299,BAF,4.604000000000001,2.862337420360737,a99e0b5546431c8a,False
final_similarity70_5,similarity70_cluster_5,primary216,42,structure_context,BIO_5685,CMP_b7e2eb89ae6c3db4e807,10.1021/acs.est.5b04299,BAF,5.052,2.797329860907058,a99e0b5546431c8a,False
final_similarity70_5,similarity70_cluster_5,primary216,42,structure_context,BIO_5686,CMP_b7e2eb89ae6c3db4e807,10.1021/acs.est.5b04299,BAF,4.562000000000001,2.792448269805509,a99e0b5546431c8a,False
final_similarity70_5,similarity70_cluster_5,primary216,42,structure_context,BIO_5687,CMP_b7e2eb89ae6c3db4e807,10.1021/acs.est.5b04299,BAF,4.652000000000001,2.807791175385628,a99e0b5546431c8a,False
final_similarity70_5,similarity70_cluster_5,primary216,42,structure_context,BIO_5688,CMP_b7e2eb89ae6c3db4e807,10.1021/acs.est.5b04299,BAF,4.798,3.010615602660611,a99e0b5546431c8a,False
final_similarity70_5,similarity70_cluster_5,primary216,42,structure_context,BIO_5689,CMP_b7e2eb89ae6c3db4e807,10.1021/acs.est.5b04299,BAF,4.692,2.7712844505231478,a99e0b5546431c8a,False
final_similarity70_5,similarity70_cluster_5,primary216,42,structure_context,BIO_5690,CMP_b7e2eb89ae6c3db4e807,10.1021/acs.est.5b04299,BAF,4.814000000000001,2.7811863195030844,a99e0b5546431c8a,False
final_similarity70_5,similarity70_cluster_5,primary216,42,structure_context,BIO_5691,CMP_b7e2eb89ae6c3db4e807,10.1021/acs.est.5b04299,BAF,4.710000000000001,2.6176604957179785,a99e0b5546431c8a,False
final_similarity70_5,similarity70_cluster_5,primary216,42,structure_context,BIO_5692,CMP_b7e2eb89ae6c3db4e807,10.1021/acs.est.5b04299,BAF,3.9300000000000006,2.535382529700969,a99e0b5546431c8a,False
final_similarity70_5,similarity70_cluster_5,primary216,42,structure_context,BIO_6745,CMP_b7e2eb89ae6c3db4e807,10.1021/acs.est.7b02259,BAF,4.03,2.797329860907058,a99e0b5546431c8a,False
final_similarity70_5,similarity70_cluster_5,primary216,42,structure_context,BIO_6746,CMP_b7e2eb89ae6c3db4e807,10.1021/acs.est.7b02259,BAF,3.8,2.6176604957179785,a99e0b5546431c8a,False
final_similarity70_5,similarity70_cluster_5,primary216,42,structure_context,BIO_6747,CMP_b7e2eb89ae6c3db4e807,10.1021/acs.est.7b02259,BAF,2.91,2.535382529700969,a99e0b5546431c8a,False
final_similarity70_5,similarity70_cluster_5,primary216,42,transport_context,BIO_5672,CMP_b7e2eb89ae6c3db4e807,10.1021/acs.est.5b04299,BAF,4.659000000000001,3.737178344486584,a99e0b5546431c8a,False
final_similarity70_5,similarity70_cluster_5,primary216,42,transport_context,BIO_5673,CMP_b7e2eb89ae6c3db4e807,10.1021/acs.est.5b04299,BAF,4.313,3.4938513556361404,a99e0b5546431c8a,False
final_similarity70_5,similarity70_cluster_5,primary216,42,transport_context,BIO_5674,CMP_b7e2eb89ae6c3db4e807,10.1021/acs.est.5b04299,BAF,5.217,3.672339646338595,a99e0b5546431c8a,False
final_similarity70_5,similarity70_cluster_5,primary216,42,transport_context,BIO_5675,CMP_b7e2eb89ae6c3db4e807,10.1021/acs.est.5b04299,BAF,4.398000000000001,3.4418133964498807,a99e0b5546431c8a,False
final_similarity70_5,similarity70_cluster_5,primary216,42,transport_context,BIO_5676,CMP_b7e2eb89ae6c3db4e807,10.1021/acs.est.5b04299,BAF,4.4830000000000005,3.5463376648937777,a99e0b5546431c8a,False
final_similarity70_5,similarity70_cluster_5,primary216,42,transport_context,BIO_5677,CMP_b7e2eb89ae6c3db4e807,10.1021/acs.est.5b04299,BAF,4.693,3.744549989372576,a99e0b5546431c8a,False
final_similarity70_5,similarity70_cluster_5,primary216,42,transport_context,BIO_5678,CMP_b7e2eb89ae6c3db4e807,10.1021/acs.est.5b04299,BAF,4.814000000000001,3.8370215177213214,a99e0b5546431c8a,False
final_similarity70_5,similarity70_cluster_5,primary216,42,transport_context,BIO_5679,CMP_b7e2eb89ae6c3db4e807,10.1021/acs.est.5b04299,BAF,4.958,3.773702178232049,a99e0b5546431c8a,False
final_similarity70_5,similarity70_cluster_5,primary216,42,transport_context,BIO_5680,CMP_b7e2eb89ae6c3db4e807,10.1021/acs.est.5b04299,BAF,4.802,3.1572831446082543,a99e0b5546431c8a,False
final_similarity70_5,similarity70_cluster_5,primary216,42,transport_context,BIO_5681,CMP_b7e2eb89ae6c3db4e807,10.1021/acs.est.5b04299,BAF,3.835,2.735253779393769,a99e0b5546431c8a,False
final_similarity70_5,similarity70_cluster_5,primary216,42,transport_context,BIO_5683,CMP_b7e2eb89ae6c3db4e807,10.1021/acs.est.5b04299,BAF,4.882000000000001,3.763865581325379,a99e0b5546431c8a,False
final_similarity70_5,similarity70_cluster_5,primary216,42,transport_context,BIO_5684,CMP_b7e2eb89ae6c3db4e807,10.1021/acs.est.5b04299,BAF,4.604000000000001,3.4944868926110657,a99e0b5546431c8a,False
final_similarity70_5,similarity70_cluster_5,primary216,42,transport_context,BIO_5685,CMP_b7e2eb89ae6c3db4e807,10.1021/acs.est.5b04299,BAF,5.052,3.5737630171306423,a99e0b5546431c8a,False
final_similarity70_5,similarity70_cluster_5,primary216,42,transport_context,BIO_5686,CMP_b7e2eb89ae6c3db4e807,10.1021/acs.est.5b04299,BAF,4.562000000000001,3.476391534645109,a99e0b5546431c8a,False
final_similarity70_5,similarity70_cluster_5,primary216,42,transport_context,BIO_5687,CMP_b7e2eb89ae6c3db4e807,10.1021/acs.est.5b04299,BAF,4.652000000000001,3.5720914006445805,a99e0b5546431c8a,False
final_similarity70_5,similarity70_cluster_5,primary216,42,transport_context,BIO_5688,CMP_b7e2eb89ae6c3db4e807,10.1021/acs.est.5b04299,BAF,4.798,3.8160005782024378,a99e0b5546431c8a,False
final_similarity70_5,similarity70_cluster_5,primary216,42,transport_context,BIO_5689,CMP_b7e2eb89ae6c3db4e807,10.1021/acs.est.5b04299,BAF,4.692,3.810910292422123,a99e0b5546431c8a,False
final_similarity70_5,similarity70_cluster_5,primary216,42,transport_context,BIO_5690,CMP_b7e2eb89ae6c3db4e807,10.1021/acs.est.5b04299,BAF,4.814000000000001,3.7463338805633857,a99e0b5546431c8a,False
final_similarity70_5,similarity70_cluster_5,primary216,42,transport_context,BIO_5691,CMP_b7e2eb89ae6c3db4e807,10.1021/acs.est.5b04299,BAF,4.710000000000001,3.353268150840429,a99e0b5546431c8a,False
final_similarity70_5,similarity70_cluster_5,primary216,42,transport_context,BIO_5692,CMP_b7e2eb89ae6c3db4e807,10.1021/acs.est.5b04299,BAF,3.9300000000000006,2.750441712936441,a99e0b5546431c8a,False
final_similarity70_5,similarity70_cluster_5,primary216,42,transport_context,BIO_6745,CMP_b7e2eb89ae6c3db4e807,10.1021/acs.est.7b02259,BAF,4.03,3.540214444342306,a99e0b5546431c8a,False
final_similarity70_5,similarity70_cluster_5,primary216,42,transport_context,BIO_6746,CMP_b7e2eb89ae6c3db4e807,10.1021/acs.est.7b02259,BAF,3.8,3.500272016177349,a99e0b5546431c8a,False
final_similarity70_5,similarity70_cluster_5,primary216,42,transport_context,BIO_6747,CMP_b7e2eb89ae6c3db4e807,10.1021/acs.est.7b02259,BAF,2.91,3.0249837932762493,a99e0b5546431c8a,False
final_similarity70_5,similarity70_cluster_5,primary216,42,full_single_task,BIO_5672,CMP_b7e2eb89ae6c3db4e807,10.1021/acs.est.5b04299,BAF,4.659000000000001,2.5157254713987145,a99e0b5546431c8a,False
final_similarity70_5,similarity70_cluster_5,primary216,42,full_single_task,BIO_5673,CMP_b7e2eb89ae6c3db4e807,10.1021/acs.est.5b04299,BAF,4.313,2.3482753303368025,a99e0b5546431c8a,False
final_similarity70_5,similarity70_cluster_5,primary216,42,full_single_task,BIO_5674,CMP_b7e2eb89ae6c3db4e807,10.1021/acs.est.5b04299,BAF,5.217,2.385587670194772,a99e0b5546431c8a,False
final_similarity70_5,similarity70_cluster_5,primary216,42,full_single_task,BIO_5675,CMP_b7e2eb89ae6c3db4e807,10.1021/acs.est.5b04299,BAF,4.398000000000001,2.4224539062242068,a99e0b5546431c8a,False
final_similarity70_5,similarity70_cluster_5,primary216,42,full_single_task,BIO_5676,CMP_b7e2eb89ae6c3db4e807,10.1021/acs.est.5b04299,BAF,4.4830000000000005,2.345702783283966,a99e0b5546431c8a,False
final_similarity70_5,similarity70_cluster_5,primary216,42,full_single_task,BIO_5677,CMP_b7e2eb89ae6c3db4e807,10.1021/acs.est.5b04299,BAF,4.693,2.4028752043597774,a99e0b5546431c8a,False
final_similarity70_5,similarity70_cluster_5,primary216,42,full_single_task,BIO_5678,CMP_b7e2eb89ae6c3db4e807,10.1021/acs.est.5b04299,BAF,4.814000000000001,2.1727102626322905,a99e0b5546431c8a,False
final_similarity70_5,similarity70_cluster_5,primary216,42,full_single_task,BIO_5679,CMP_b7e2eb89ae6c3db4e807,10.1021/acs.est.5b04299,BAF,4.958,2.5300501738169863,a99e0b5546431c8a,False
final_similarity70_5,similarity70_cluster_5,primary216,42,full_single_task,BIO_5680,CMP_b7e2eb89ae6c3db4e807,10.1021/acs.est.5b04299,BAF,4.802,2.156001061124486,a99e0b5546431c8a,False
final_similarity70_5,similarity70_cluster_5,primary216,42,full_single_task,BIO_5681,CMP_b7e2eb89ae6c3db4e807,10.1021/acs.est.5b04299,BAF,3.835,2.01684115066859,a99e0b5546431c8a,False
final_similarity70_5,similarity70_cluster_5,primary216,42,full_single_task,BIO_5683,CMP_b7e2eb89ae6c3db4e807,10.1021/acs.est.5b04299,BAF,4.882000000000001,2.5090413265720724,a99e0b5546431c8a,False
final_similarity70_5,similarity70_cluster_5,primary216,42,full_single_task,BIO_5684,CMP_b7e2eb89ae6c3db4e807,10.1021/acs.est.5b04299,BAF,4.604000000000001,2.3382100659087586,a99e0b5546431c8a,False
final_similarity70_5,similarity70_cluster_5,primary216,42,full_single_task,BIO_5685,CMP_b7e2eb89ae6c3db4e807,10.1021/acs.est.5b04299,BAF,5.052,2.378773393032783,a99e0b5546431c8a,False
final_similarity70_5,similarity70_cluster_5,primary216,42,full_single_task,BIO_5686,CMP_b7e2eb89ae6c3db4e807,10.1021/acs.est.5b04299,BAF,4.562000000000001,2.45555596337282,a99e0b5546431c8a,False
final_similarity70_5,similarity70_cluster_5,primary216,42,full_single_task,BIO_5687,CMP_b7e2eb89ae6c3db4e807,10.1021/acs.est.5b04299,BAF,4.652000000000001,2.357317431150055,a99e0b5546431c8a,False
final_similarity70_5,similarity70_cluster_5,primary216,42,full_single_task,BIO_5688,CMP_b7e2eb89ae6c3db4e807,10.1021/acs.est.5b04299,BAF,4.798,2.435749118110347,a99e0b5546431c8a,False
final_similarity70_5,similarity70_cluster_5,primary216,42,full_single_task,BIO_5689,CMP_b7e2eb89ae6c3db4e807,10.1021/acs.est.5b04299,BAF,4.692,2.1819679278836683,a99e0b5546431c8a,False
final_similarity70_5,similarity70_cluster_5,primary216,42,full_single_task,BIO_5690,CMP_b7e2eb89ae6c3db4e807,10.1021/acs.est.5b04299,BAF,4.814000000000001,2.5376419130641703,a99e0b5546431c8a,False
final_similarity70_5,similarity70_cluster_5,primary216,42,full_single_task,BIO_5691,CMP_b7e2eb89ae6c3db4e807,10.1021/acs.est.5b04299,BAF,4.710000000000001,2.161417052116974,a99e0b5546431c8a,False
final_similarity70_5,similarity70_cluster_5,primary216,42,full_single_task,BIO_5692,CMP_b7e2eb89ae6c3db4e807,10.1021/acs.est.5b04299,BAF,3.9300000000000006,2.038575646663797,a99e0b5546431c8a,False
final_similarity70_5,similarity70_cluster_5,primary216,42,full_single_task,BIO_6745,CMP_b7e2eb89ae6c3db4e807,10.1021/acs.est.7b02259,BAF,4.03,2.3721788732955598,a99e0b5546431c8a,False
final_similarity70_5,similarity70_cluster_5,primary216,42,full_single_task,BIO_6746,CMP_b7e2eb89ae6c3db4e807,10.1021/acs.est.7b02259,BAF,3.8,2.152605116320324,a99e0b5546431c8a,False
final_similarity70_5,similarity70_cluster_5,primary216,42,full_single_task,BIO_6747,CMP_b7e2eb89ae6c3db4e807,10.1021/acs.est.7b02259,BAF,2.91,2.050300585053457,a99e0b5546431c8a,False
final_similarity70_5,similarity70_cluster_5,primary216,42,shuffled_auxiliary_labels,BIO_5672,CMP_b7e2eb89ae6c3db4e807,10.1021/acs.est.5b04299,BAF,4.659000000000001,2.566720462595788,9dca983ffe847174,False
final_similarity70_5,similarity70_cluster_5,primary216,42,shuffled_auxiliary_labels,BIO_5673,CMP_b7e2eb89ae6c3db4e807,10.1021/acs.est.5b04299,BAF,4.313,2.431824407741043,9dca983ffe847174,False
final_similarity70_5,similarity70_cluster_5,primary216,42,shuffled_auxiliary_labels,BIO_5674,CMP_b7e2eb89ae6c3db4e807,10.1021/acs.est.5b04299,BAF,5.217,2.3940355649014027,9dca983ffe847174,False
final_similarity70_5,similarity70_cluster_5,primary216,42,shuffled_auxiliary_labels,BIO_5675,CMP_b7e2eb89ae6c3db4e807,10.1021/acs.est.5b04299,BAF,4.398000000000001,2.297329569295363,9dca983ffe847174,False
final_similarity70_5,similarity70_cluster_5,primary216,42,shuffled_auxiliary_labels,BIO_5676,CMP_b7e2eb89ae6c3db4e807,10.1021/acs.est.5b04299,BAF,4.4830000000000005,2.273466383833011,9dca983ffe847174,False
final_similarity70_5,similarity70_cluster_5,primary216,42,shuffled_auxiliary_labels,BIO_5677,CMP_b7e2eb89ae6c3db4e807,10.1021/acs.est.5b04299,BAF,4.693,2.528227609811904,9dca983ffe847174,False
final_similarity70_5,similarity70_cluster_5,primary216,42,shuffled_auxiliary_labels,BIO_5678,CMP_b7e2eb89ae6c3db4e807,10.1021/acs.est.5b04299,BAF,4.814000000000001,2.229891593804711,9dca983ffe847174,False
final_similarity70_5,similarity70_cluster_5,primary216,42,shuffled_auxiliary_labels,BIO_5679,CMP_b7e2eb89ae6c3db4e807,10.1021/acs.est.5b04299,BAF,4.958,2.5606204906577363,9dca983ffe847174,False
final_similarity70_5,similarity70_cluster_5,primary216,42,shuffled_auxiliary_labels,BIO_5680,CMP_b7e2eb89ae6c3db4e807,10.1021/acs.est.5b04299,BAF,4.802,2.1659547621580155,9dca983ffe847174,False
final_similarity70_5,similarity70_cluster_5,primary216,42,shuffled_auxiliary_labels,BIO_5681,CMP_b7e2eb89ae6c3db4e807,10.1021/acs.est.5b04299,BAF,3.835,1.8860314982304345,9dca983ffe847174,False
final_similarity70_5,similarity70_cluster_5,primary216,42,shuffled_auxiliary_labels,BIO_5683,CMP_b7e2eb89ae6c3db4e807,10.1021/acs.est.5b04299,BAF,4.882000000000001,2.5886892042820944,9dca983ffe847174,False
final_similarity70_5,similarity70_cluster_5,primary216,42,shuffled_auxiliary_labels,BIO_5684,CMP_b7e2eb89ae6c3db4e807,10.1021/acs.est.5b04299,BAF,4.604000000000001,2.454058243520154,9dca983ffe847174,False
final_similarity70_5,similarity70_cluster_5,primary216,42,shuffled_auxiliary_labels,BIO_5685,CMP_b7e2eb89ae6c3db4e807,10.1021/acs.est.5b04299,BAF,5.052,2.3664232503852745,9dca983ffe847174,False
final_similarity70_5,similarity70_cluster_5,primary216,42,shuffled_auxiliary_labels,BIO_5686,CMP_b7e2eb89ae6c3db4e807,10.1021/acs.est.5b04299,BAF,4.562000000000001,2.27832792721719,9dca983ffe847174,False
final_similarity70_5,similarity70_cluster_5,primary216,42,shuffled_auxiliary_labels,BIO_5687,CMP_b7e2eb89ae6c3db4e807,10.1021/acs.est.5b04299,BAF,4.652000000000001,2.277750043808558,9dca983ffe847174,False
final_similarity70_5,similarity70_cluster_5,primary216,42,shuffled_auxiliary_labels,BIO_5688,CMP_b7e2eb89ae6c3db4e807,10.1021/acs.est.5b04299,BAF,4.798,2.5234634784923307,9dca983ffe847174,False
final_similarity70_5,similarity70_cluster_5,primary216,42,shuffled_auxiliary_labels,BIO_5689,CMP_b7e2eb89ae6c3db4e807,10.1021/acs.est.5b04299,BAF,4.692,2.2156203894034734,9dca983ffe847174,False
final_similarity70_5,similarity70_cluster_5,primary216,42,shuffled_auxiliary_labels,BIO_5690,CMP_b7e2eb89ae6c3db4e807,10.1021/acs.est.5b04299,BAF,4.814000000000001,2.591361259892857,9dca983ffe847174,False
final_similarity70_5,similarity70_cluster_5,primary216,42,shuffled_auxiliary_labels,BIO_5691,CMP_b7e2eb89ae6c3db4e807,10.1021/acs.est.5b04299,BAF,4.710000000000001,2.171716075550168,9dca983ffe847174,False
final_similarity70_5,similarity70_cluster_5,primary216,42,shuffled_auxiliary_labels,BIO_5692,CMP_b7e2eb89ae6c3db4e807,10.1021/acs.est.5b04299,BAF,3.9300000000000006,1.9114630853202317,9dca983ffe847174,False
final_similarity70_5,similarity70_cluster_5,primary216,42,shuffled_auxiliary_labels,BIO_6745,CMP_b7e2eb89ae6c3db4e807,10.1021/acs.est.7b02259,BAF,4.03,2.382248630209288,9dca983ffe847174,False
final_similarity70_5,similarity70_cluster_5,primary216,42,shuffled_auxiliary_labels,BIO_6746,CMP_b7e2eb89ae6c3db4e807,10.1021/acs.est.7b02259,BAF,3.8,2.1598359966548486,9dca983ffe847174,False
final_similarity70_5,similarity70_cluster_5,primary216,42,shuffled_auxiliary_labels,BIO_6747,CMP_b7e2eb89ae6c3db4e807,10.1021/acs.est.7b02259,BAF,2.91,1.8850846319975283,9dca983ffe847174,False
final_similarity70_5,similarity70_cluster_5,primary216,42,simple_graph_context,BIO_5672,CMP_b7e2eb89ae6c3db4e807,10.1021/acs.est.5b04299,BAF,4.659000000000001,2.745084285736084,,False
final_similarity70_5,similarity70_cluster_5,primary216,42,simple_graph_context,BIO_5673,CMP_b7e2eb89ae6c3db4e807,10.1021/acs.est.5b04299,BAF,4.313,2.56498384475708,,False
final_similarity70_5,similarity70_cluster_5,primary216,42,simple_graph_context,BIO_5674,CMP_b7e2eb89ae6c3db4e807,10.1021/acs.est.5b04299,BAF,5.217,2.593686580657959,,False
final_similarity70_5,similarity70_cluster_5,primary216,42,simple_graph_context,BIO_5675,CMP_b7e2eb89ae6c3db4e807,10.1021/acs.est.5b04299,BAF,4.398000000000001,2.600669384002685,,False
final_similarity70_5,similarity70_cluster_5,primary216,42,simple_graph_context,BIO_5676,CMP_b7e2eb89ae6c3db4e807,10.1021/acs.est.5b04299,BAF,4.4830000000000005,2.6179544925689697,,False
final_similarity70_5,similarity70_cluster_5,primary216,42,simple_graph_context,BIO_5677,CMP_b7e2eb89ae6c3db4e807,10.1021/acs.est.5b04299,BAF,4.693,2.7456417083740234,,False
final_similarity70_5,similarity70_cluster_5,primary216,42,simple_graph_context,BIO_5678,CMP_b7e2eb89ae6c3db4e807,10.1021/acs.est.5b04299,BAF,4.814000000000001,2.696574211120605,,False
final_similarity70_5,similarity70_cluster_5,primary216,42,simple_graph_context,BIO_5679,CMP_b7e2eb89ae6c3db4e807,10.1021/acs.est.5b04299,BAF,4.958,2.744805335998535,,False
final_similarity70_5,similarity70_cluster_5,primary216,42,simple_graph_context,BIO_5680,CMP_b7e2eb89ae6c3db4e807,10.1021/acs.est.5b04299,BAF,4.802,2.3362979888916016,,False
final_similarity70_5,similarity70_cluster_5,primary216,42,simple_graph_context,BIO_5681,CMP_b7e2eb89ae6c3db4e807,10.1021/acs.est.5b04299,BAF,3.835,1.9755525588989256,,False
final_similarity70_5,similarity70_cluster_5,primary216,42,simple_graph_context,BIO_5683,CMP_b7e2eb89ae6c3db4e807,10.1021/acs.est.5b04299,BAF,4.882000000000001,2.745084285736084,,False
final_similarity70_5,similarity70_cluster_5,primary216,42,simple_graph_context,BIO_5684,CMP_b7e2eb89ae6c3db4e807,10.1021/acs.est.5b04299,BAF,4.604000000000001,2.56498384475708,,False
final_similarity70_5,similarity70_cluster_5,primary216,42,simple_graph_context,BIO_5685,CMP_b7e2eb89ae6c3db4e807,10.1021/acs.est.5b04299,BAF,5.052,2.593686580657959,,False
final_similarity70_5,similarity70_cluster_5,primary216,42,simple_graph_context,BIO_5686,CMP_b7e2eb89ae6c3db4e807,10.1021/acs.est.5b04299,BAF,4.562000000000001,2.600669384002685,,False
final_similarity70_5,similarity70_cluster_5,primary216,42,simple_graph_context,BIO_5687,CMP_b7e2eb89ae6c3db4e807,10.1021/acs.est.5b04299,BAF,4.652000000000001,2.6179544925689697,,False
final_similarity70_5,similarity70_cluster_5,primary216,42,simple_graph_context,BIO_5688,CMP_b7e2eb89ae6c3db4e807,10.1021/acs.est.5b04299,BAF,4.798,2.7456417083740234,,False
final_similarity70_5,similarity70_cluster_5,primary216,42,simple_graph_context,BIO_5689,CMP_b7e2eb89ae6c3db4e807,10.1021/acs.est.5b04299,BAF,4.692,2.696574211120605,,False
final_similarity70_5,similarity70_cluster_5,primary216,42,simple_graph_context,BIO_5690,CMP_b7e2eb89ae6c3db4e807,10.1021/acs.est.5b04299,BAF,4.814000000000001,2.744805335998535,,False
final_similarity70_5,similarity70_cluster_5,primary216,42,simple_graph_context,BIO_5691,CMP_b7e2eb89ae6c3db4e807,10.1021/acs.est.5b04299,BAF,4.710000000000001,2.3362979888916016,,False
final_similarity70_5,similarity70_cluster_5,primary216,42,simple_graph_context,BIO_5692,CMP_b7e2eb89ae6c3db4e807,10.1021/acs.est.5b04299,BAF,3.9300000000000006,1.9755525588989256,,False
final_similarity70_5,similarity70_cluster_5,primary216,42,simple_graph_context,BIO_6745,CMP_b7e2eb89ae6c3db4e807,10.1021/acs.est.7b02259,BAF,4.03,2.593686580657959,,False
final_similarity70_5,similarity70_cluster_5,primary216,42,simple_graph_context,BIO_6746,CMP_b7e2eb89ae6c3db4e807,10.1021/acs.est.7b02259,BAF,3.8,2.3362979888916016,,False
final_similarity70_5,similarity70_cluster_5,primary216,42,simple_graph_context,BIO_6747,CMP_b7e2eb89ae6c3db4e807,10.1021/acs.est.7b02259,BAF,2.91,1.9755525588989256,,False
final_similarity70_5,similarity70_cluster_5,primary216,42,extra_trees_structure_context,BIO_5672,CMP_b7e2eb89ae6c3db4e807,10.1021/acs.est.5b04299,BAF,4.659000000000001,2.9452699858432214,,False
final_similarity70_5,similarity70_cluster_5,primary216,42,extra_trees_structure_context,BIO_5673,CMP_b7e2eb89ae6c3db4e807,10.1021/acs.est.5b04299,BAF,4.313,2.9452699858432214,,False
final_similarity70_5,similarity70_cluster_5,primary216,42,extra_trees_structure_context,BIO_5674,CMP_b7e2eb89ae6c3db4e807,10.1021/acs.est.5b04299,BAF,5.217,3.0122851781314464,,False
final_similarity70_5,similarity70_cluster_5,primary216,42,extra_trees_structure_context,BIO_5675,CMP_b7e2eb89ae6c3db4e807,10.1021/acs.est.5b04299,BAF,4.398000000000001,2.9452699858432214,,False
final_similarity70_5,similarity70_cluster_5,primary216,42,extra_trees_structure_context,BIO_5676,CMP_b7e2eb89ae6c3db4e807,10.1021/acs.est.5b04299,BAF,4.4830000000000005,2.9452699858432214,,False
final_similarity70_5,similarity70_cluster_5,primary216,42,extra_trees_structure_context,BIO_5677,CMP_b7e2eb89ae6c3db4e807,10.1021/acs.est.5b04299,BAF,4.693,2.9452699858432214,,False
final_similarity70_5,similarity70_cluster_5,primary216,42,extra_trees_structure_context,BIO_5678,CMP_b7e2eb89ae6c3db4e807,10.1021/acs.est.5b04299,BAF,4.814000000000001,2.9452699858432214,,False
final_similarity70_5,similarity70_cluster_5,primary216,42,extra_trees_structure_context,BIO_5679,CMP_b7e2eb89ae6c3db4e807,10.1021/acs.est.5b04299,BAF,4.958,2.9452699858432214,,False
final_similarity70_5,similarity70_cluster_5,primary216,42,extra_trees_structure_context,BIO_5680,CMP_b7e2eb89ae6c3db4e807,10.1021/acs.est.5b04299,BAF,4.802,2.9221680928482474,,False
final_similarity70_5,similarity70_cluster_5,primary216,42,extra_trees_structure_context,BIO_5681,CMP_b7e2eb89ae6c3db4e807,10.1021/acs.est.5b04299,BAF,3.835,2.6591936805789227,,False
final_similarity70_5,similarity70_cluster_5,primary216,42,extra_trees_structure_context,BIO_5683,CMP_b7e2eb89ae6c3db4e807,10.1021/acs.est.5b04299,BAF,4.882000000000001,2.9452699858432214,,False
final_similarity70_5,similarity70_cluster_5,primary216,42,extra_trees_structure_context,BIO_5684,CMP_b7e2eb89ae6c3db4e807,10.1021/acs.est.5b04299,BAF,4.604000000000001,2.9452699858432214,,False
final_similarity70_5,similarity70_cluster_5,primary216,42,extra_trees_structure_context,BIO_5685,CMP_b7e2eb89ae6c3db4e807,10.1021/acs.est.5b04299,BAF,5.052,3.0122851781314464,,False
final_similarity70_5,similarity70_cluster_5,primary216,42,extra_trees_structure_context,BIO_5686,CMP_b7e2eb89ae6c3db4e807,10.1021/acs.est.5b04299,BAF,4.562000000000001,2.9452699858432214,,False
final_similarity70_5,similarity70_cluster_5,primary216,42,extra_trees_structure_context,BIO_5687,CMP_b7e2eb89ae6c3db4e807,10.1021/acs.est.5b04299,BAF,4.652000000000001,2.9452699858432214,,False
final_similarity70_5,similarity70_cluster_5,primary216,42,extra_trees_structure_context,BIO_5688,CMP_b7e2eb89ae6c3db4e807,10.1021/acs.est.5b04299,BAF,4.798,2.9452699858432214,,False
final_similarity70_5,similarity70_cluster_5,primary216,42,extra_trees_structure_context,BIO_5689,CMP_b7e2eb89ae6c3db4e807,10.1021/acs.est.5b04299,BAF,4.692,2.9452699858432214,,False
final_similarity70_5,similarity70_cluster_5,primary216,42,extra_trees_structure_context,BIO_5690,CMP_b7e2eb89ae6c3db4e807,10.1021/acs.est.5b04299,BAF,4.814000000000001,2.9452699858432214,,False
final_similarity70_5,similarity70_cluster_5,primary216,42,extra_trees_structure_context,BIO_5691,CMP_b7e2eb89ae6c3db4e807,10.1021/acs.est.5b04299,BAF,4.710000000000001,2.9221680928482474,,False
final_similarity70_5,similarity70_cluster_5,primary216,42,extra_trees_structure_context,BIO_5692,CMP_b7e2eb89ae6c3db4e807,10.1021/acs.est.5b04299,BAF,3.9300000000000006,2.6591936805789227,,False
final_similarity70_5,similarity70_cluster_5,primary216,42,extra_trees_structure_context,BIO_6745,CMP_b7e2eb89ae6c3db4e807,10.1021/acs.est.7b02259,BAF,4.03,3.0122851781314464,,False
final_similarity70_5,similarity70_cluster_5,primary216,42,extra_trees_structure_context,BIO_6746,CMP_b7e2eb89ae6c3db4e807,10.1021/acs.est.7b02259,BAF,3.8,2.9221680928482474,,False
final_similarity70_5,similarity70_cluster_5,primary216,42,extra_trees_structure_context,BIO_6747,CMP_b7e2eb89ae6c3db4e807,10.1021/acs.est.7b02259,BAF,2.91,2.6591936805789227,,False
final_similarity70_5,similarity70_cluster_5,primary216,42,hist_gradient_structure_context,BIO_5672,CMP_b7e2eb89ae6c3db4e807,10.1021/acs.est.5b04299,BAF,4.659000000000001,3.674889971061023,,False
final_similarity70_5,similarity70_cluster_5,primary216,42,hist_gradient_structure_context,BIO_5673,CMP_b7e2eb89ae6c3db4e807,10.1021/acs.est.5b04299,BAF,4.313,3.674889971061023,,False
final_similarity70_5,similarity70_cluster_5,primary216,42,hist_gradient_structure_context,BIO_5674,CMP_b7e2eb89ae6c3db4e807,10.1021/acs.est.5b04299,BAF,5.217,3.674889971061023,,False
final_similarity70_5,similarity70_cluster_5,primary216,42,hist_gradient_structure_context,BIO_5675,CMP_b7e2eb89ae6c3db4e807,10.1021/acs.est.5b04299,BAF,4.398000000000001,3.674889971061023,,False
final_similarity70_5,similarity70_cluster_5,primary216,42,hist_gradient_structure_context,BIO_5676,CMP_b7e2eb89ae6c3db4e807,10.1021/acs.est.5b04299,BAF,4.4830000000000005,3.674889971061023,,False
final_similarity70_5,similarity70_cluster_5,primary216,42,hist_gradient_structure_context,BIO_5677,CMP_b7e2eb89ae6c3db4e807,10.1021/acs.est.5b04299,BAF,4.693,3.674889971061023,,False
final_similarity70_5,similarity70_cluster_5,primary216,42,hist_gradient_structure_context,BIO_5678,CMP_b7e2eb89ae6c3db4e807,10.1021/acs.est.5b04299,BAF,4.814000000000001,3.674889971061023,,False
final_similarity70_5,similarity70_cluster_5,primary216,42,hist_gradient_structure_context,BIO_5679,CMP_b7e2eb89ae6c3db4e807,10.1021/acs.est.5b04299,BAF,4.958,3.674889971061023,,False
final_similarity70_5,similarity70_cluster_5,primary216,42,hist_gradient_structure_context,BIO_5680,CMP_b7e2eb89ae6c3db4e807,10.1021/acs.est.5b04299,BAF,4.802,3.674889971061023,,False
final_similarity70_5,similarity70_cluster_5,primary216,42,hist_gradient_structure_context,BIO_5681,CMP_b7e2eb89ae6c3db4e807,10.1021/acs.est.5b04299,BAF,3.835,3.674889971061023,,False
final_similarity70_5,similarity70_cluster_5,primary216,42,hist_gradient_structure_context,BIO_5683,CMP_b7e2eb89ae6c3db4e807,10.1021/acs.est.5b04299,BAF,4.882000000000001,3.674889971061023,,False
final_similarity70_5,similarity70_cluster_5,primary216,42,hist_gradient_structure_context,BIO_5684,CMP_b7e2eb89ae6c3db4e807,10.1021/acs.est.5b04299,BAF,4.604000000000001,3.674889971061023,,False
final_similarity70_5,similarity70_cluster_5,primary216,42,hist_gradient_structure_context,BIO_5685,CMP_b7e2eb89ae6c3db4e807,10.1021/acs.est.5b04299,BAF,5.052,3.674889971061023,,False
final_similarity70_5,similarity70_cluster_5,primary216,42,hist_gradient_structure_context,BIO_5686,CMP_b7e2eb89ae6c3db4e807,10.1021/acs.est.5b04299,BAF,4.562000000000001,3.674889971061023,,False
final_similarity70_5,similarity70_cluster_5,primary216,42,hist_gradient_structure_context,BIO_5687,CMP_b7e2eb89ae6c3db4e807,10.1021/acs.est.5b04299,BAF,4.652000000000001,3.674889971061023,,False
final_similarity70_5,similarity70_cluster_5,primary216,42,hist_gradient_structure_context,BIO_5688,CMP_b7e2eb89ae6c3db4e807,10.1021/acs.est.5b04299,BAF,4.798,3.674889971061023,,False
final_similarity70_5,similarity70_cluster_5,primary216,42,hist_gradient_structure_context,BIO_5689,CMP_b7e2eb89ae6c3db4e807,10.1021/acs.est.5b04299,BAF,4.692,3.674889971061023,,False
final_similarity70_5,similarity70_cluster_5,primary216,42,hist_gradient_structure_context,BIO_5690,CMP_b7e2eb89ae6c3db4e807,10.1021/acs.est.5b04299,BAF,4.814000000000001,3.674889971061023,,False
final_similarity70_5,similarity70_cluster_5,primary216,42,hist_gradient_structure_context,BIO_5691,CMP_b7e2eb89ae6c3db4e807,10.1021/acs.est.5b04299,BAF,4.710000000000001,3.674889971061023,,False
final_similarity70_5,similarity70_cluster_5,primary216,42,hist_gradient_structure_context,BIO_5692,CMP_b7e2eb89ae6c3db4e807,10.1021/acs.est.5b04299,BAF,3.9300000000000006,3.674889971061023,,False
final_similarity70_5,similarity70_cluster_5,primary216,42,hist_gradient_structure_context,BIO_6745,CMP_b7e2eb89ae6c3db4e807,10.1021/acs.est.7b02259,BAF,4.03,3.674889971061023,,False
final_similarity70_5,similarity70_cluster_5,primary216,42,hist_gradient_structure_context,BIO_6746,CMP_b7e2eb89ae6c3db4e807,10.1021/acs.est.7b02259,BAF,3.8,3.674889971061023,,False
final_similarity70_5,similarity70_cluster_5,primary216,42,hist_gradient_structure_context,BIO_6747,CMP_b7e2eb89ae6c3db4e807,10.1021/acs.est.7b02259,BAF,2.91,3.674889971061023,,False
final_similarity70_5,similarity70_cluster_5,primary216,42,nearest_chemical_context,BIO_5672,CMP_b7e2eb89ae6c3db4e807,10.1021/acs.est.5b04299,BAF,4.659000000000001,3.798000000000001,,False
final_similarity70_5,similarity70_cluster_5,primary216,42,nearest_chemical_context,BIO_5673,CMP_b7e2eb89ae6c3db4e807,10.1021/acs.est.5b04299,BAF,4.313,3.3090000000000006,,False
final_similarity70_5,similarity70_cluster_5,primary216,42,nearest_chemical_context,BIO_5674,CMP_b7e2eb89ae6c3db4e807,10.1021/acs.est.5b04299,BAF,5.217,3.984,,False
final_similarity70_5,similarity70_cluster_5,primary216,42,nearest_chemical_context,BIO_5675,CMP_b7e2eb89ae6c3db4e807,10.1021/acs.est.5b04299,BAF,4.398000000000001,3.4720000000000004,,False
final_similarity70_5,similarity70_cluster_5,primary216,42,nearest_chemical_context,BIO_5676,CMP_b7e2eb89ae6c3db4e807,10.1021/acs.est.5b04299,BAF,4.4830000000000005,3.4600000000000004,,False
final_similarity70_5,similarity70_cluster_5,primary216,42,nearest_chemical_context,BIO_5677,CMP_b7e2eb89ae6c3db4e807,10.1021/acs.est.5b04299,BAF,4.693,3.770000000000001,,False
final_similarity70_5,similarity70_cluster_5,primary216,42,nearest_chemical_context,BIO_5678,CMP_b7e2eb89ae6c3db4e807,10.1021/acs.est.5b04299,BAF,4.814000000000001,3.700000000000001,,False
final_similarity70_5,similarity70_cluster_5,primary216,42,nearest_chemical_context,BIO_5679,CMP_b7e2eb89ae6c3db4e807,10.1021/acs.est.5b04299,BAF,4.958,3.755000000000001,,False
final_similarity70_5,similarity70_cluster_5,primary216,42,nearest_chemical_context,BIO_5680,CMP_b7e2eb89ae6c3db4e807,10.1021/acs.est.5b04299,BAF,4.802,3.646000000000001,,False
final_similarity70_5,similarity70_cluster_5,primary216,42,nearest_chemical_context,BIO_5681,CMP_b7e2eb89ae6c3db4e807,10.1021/acs.est.5b04299,BAF,3.835,2.870000000000001,,False
final_similarity70_5,similarity70_cluster_5,primary216,42,nearest_chemical_context,BIO_5683,CMP_b7e2eb89ae6c3db4e807,10.1021/acs.est.5b04299,BAF,4.882000000000001,3.798000000000001,,False
final_similarity70_5,similarity70_cluster_5,primary216,42,nearest_chemical_context,BIO_5684,CMP_b7e2eb89ae6c3db4e807,10.1021/acs.est.5b04299,BAF,4.604000000000001,3.3090000000000006,,False
final_similarity70_5,similarity70_cluster_5,primary216,42,nearest_chemical_context,BIO_5685,CMP_b7e2eb89ae6c3db4e807,10.1021/acs.est.5b04299,BAF,5.052,3.984,,False
final_similarity70_5,similarity70_cluster_5,primary216,42,nearest_chemical_context,BIO_5686,CMP_b7e2eb89ae6c3db4e807,10.1021/acs.est.5b04299,BAF,4.562000000000001,3.4720000000000004,,False
final_similarity70_5,similarity70_cluster_5,primary216,42,nearest_chemical_context,BIO_5687,CMP_b7e2eb89ae6c3db4e807,10.1021/acs.est.5b04299,BAF,4.652000000000001,3.4600000000000004,,False
final_similarity70_5,similarity70_cluster_5,primary216,42,nearest_chemical_context,BIO_5688,CMP_b7e2eb89ae6c3db4e807,10.1021/acs.est.5b04299,BAF,4.798,3.770000000000001,,False
final_similarity70_5,similarity70_cluster_5,primary216,42,nearest_chemical_context,BIO_5689,CMP_b7e2eb89ae6c3db4e807,10.1021/acs.est.5b04299,BAF,4.692,3.700000000000001,,False
final_similarity70_5,similarity70_cluster_5,primary216,42,nearest_chemical_context,BIO_5690,CMP_b7e2eb89ae6c3db4e807,10.1021/acs.est.5b04299,BAF,4.814000000000001,3.755000000000001,,False
final_similarity70_5,similarity70_cluster_5,primary216,42,nearest_chemical_context,BIO_5691,CMP_b7e2eb89ae6c3db4e807,10.1021/acs.est.5b04299,BAF,4.710000000000001,3.646000000000001,,False
final_similarity70_5,similarity70_cluster_5,primary216,42,nearest_chemical_context,BIO_5692,CMP_b7e2eb89ae6c3db4e807,10.1021/acs.est.5b04299,BAF,3.9300000000000006,2.870000000000001,,False
final_similarity70_5,similarity70_cluster_5,primary216,42,nearest_chemical_context,BIO_6745,CMP_b7e2eb89ae6c3db4e807,10.1021/acs.est.7b02259,BAF,4.03,3.984,,False
final_similarity70_5,similarity70_cluster_5,primary216,42,nearest_chemical_context,BIO_6746,CMP_b7e2eb89ae6c3db4e807,10.1021/acs.est.7b02259,BAF,3.8,3.646000000000001,,False
final_similarity70_5,similarity70_cluster_5,primary216,42,nearest_chemical_context,BIO_6747,CMP_b7e2eb89ae6c3db4e807,10.1021/acs.est.7b02259,BAF,2.91,2.870000000000001,,False
final_similarity70_6,similarity70_cluster_6,primary216,42,full_multitask,BIO_6701,CMP_e6f2a6db0d8b9474c050,10.1021/acs.est.7b02259,BAF,0.8600000000000001,1.5234043528486645,90fe7f7ffabed2fd,False
final_similarity70_6,similarity70_cluster_6,primary216,42,full_multitask,BIO_6702,CMP_e6f2a6db0d8b9474c050,10.1021/acs.est.7b02259,BAF,0.5000000000000001,1.141958469982009,90fe7f7ffabed2fd,False
final_similarity70_6,similarity70_cluster_6,primary216,42,full_multitask,BIO_6703,CMP_e6f2a6db0d8b9474c050,10.1021/acs.est.7b02259,BAF,0.6100000000000001,0.3392681869300924,90fe7f7ffabed2fd,False
final_similarity70_6,similarity70_cluster_6,primary216,42,structure_context,BIO_6701,CMP_e6f2a6db0d8b9474c050,10.1021/acs.est.7b02259,BAF,0.8600000000000001,1.4903501478096208,90fe7f7ffabed2fd,False
final_similarity70_6,similarity70_cluster_6,primary216,42,structure_context,BIO_6702,CMP_e6f2a6db0d8b9474c050,10.1021/acs.est.7b02259,BAF,0.5000000000000001,1.0383520641267276,90fe7f7ffabed2fd,False
final_similarity70_6,similarity70_cluster_6,primary216,42,structure_context,BIO_6703,CMP_e6f2a6db0d8b9474c050,10.1021/acs.est.7b02259,BAF,0.6100000000000001,0.395110605092865,90fe7f7ffabed2fd,False
final_similarity70_6,similarity70_cluster_6,primary216,42,transport_context,BIO_6701,CMP_e6f2a6db0d8b9474c050,10.1021/acs.est.7b02259,BAF,0.8600000000000001,2.0320975547901488,90fe7f7ffabed2fd,False
final_similarity70_6,similarity70_cluster_6,primary216,42,transport_context,BIO_6702,CMP_e6f2a6db0d8b9474c050,10.1021/acs.est.7b02259,BAF,0.5000000000000001,2.11909971827063,90fe7f7ffabed2fd,False
final_similarity70_6,similarity70_cluster_6,primary216,42,transport_context,BIO_6703,CMP_e6f2a6db0d8b9474c050,10.1021/acs.est.7b02259,BAF,0.6100000000000001,1.1342003408376096,90fe7f7ffabed2fd,False
final_similarity70_6,similarity70_cluster_6,primary216,42,full_single_task,BIO_6701,CMP_e6f2a6db0d8b9474c050,10.1021/acs.est.7b02259,BAF,0.8600000000000001,1.4545098414465212,90fe7f7ffabed2fd,False
final_similarity70_6,similarity70_cluster_6,primary216,42,full_single_task,BIO_6702,CMP_e6f2a6db0d8b9474c050,10.1021/acs.est.7b02259,BAF,0.5000000000000001,1.141351012200658,90fe7f7ffabed2fd,False
final_similarity70_6,similarity70_cluster_6,primary216,42,full_single_task,BIO_6703,CMP_e6f2a6db0d8b9474c050,10.1021/acs.est.7b02259,BAF,0.6100000000000001,0.560556718437442,90fe7f7ffabed2fd,False
final_similarity70_6,similarity70_cluster_6,primary216,42,shuffled_auxiliary_labels,BIO_6701,CMP_e6f2a6db0d8b9474c050,10.1021/acs.est.7b02259,BAF,0.8600000000000001,1.4209042127791902,f07672e794a5833e,False
final_similarity70_6,similarity70_cluster_6,primary216,42,shuffled_auxiliary_labels,BIO_6702,CMP_e6f2a6db0d8b9474c050,10.1021/acs.est.7b02259,BAF,0.5000000000000001,1.0558345712507324,f07672e794a5833e,False
final_similarity70_6,similarity70_cluster_6,primary216,42,shuffled_auxiliary_labels,BIO_6703,CMP_e6f2a6db0d8b9474c050,10.1021/acs.est.7b02259,BAF,0.6100000000000001,0.3057743293054762,f07672e794a5833e,False
final_similarity70_6,similarity70_cluster_6,primary216,42,simple_graph_context,BIO_6701,CMP_e6f2a6db0d8b9474c050,10.1021/acs.est.7b02259,BAF,0.8600000000000001,1.415210843086243,,False
final_similarity70_6,similarity70_cluster_6,primary216,42,simple_graph_context,BIO_6702,CMP_e6f2a6db0d8b9474c050,10.1021/acs.est.7b02259,BAF,0.5000000000000001,1.155770778656006,,False
final_similarity70_6,similarity70_cluster_6,primary216,42,simple_graph_context,BIO_6703,CMP_e6f2a6db0d8b9474c050,10.1021/acs.est.7b02259,BAF,0.6100000000000001,0.7169203758239746,,False
final_similarity70_6,similarity70_cluster_6,primary216,42,extra_trees_structure_context,BIO_6701,CMP_e6f2a6db0d8b9474c050,10.1021/acs.est.7b02259,BAF,0.8600000000000001,0.9245658482142864,,False
final_similarity70_6,similarity70_cluster_6,primary216,42,extra_trees_structure_context,BIO_6702,CMP_e6f2a6db0d8b9474c050,10.1021/acs.est.7b02259,BAF,0.5000000000000001,0.5444356398809523,,False
final_similarity70_6,similarity70_cluster_6,primary216,42,extra_trees_structure_context,BIO_6703,CMP_e6f2a6db0d8b9474c050,10.1021/acs.est.7b02259,BAF,0.6100000000000001,0.765793712797619,,False
final_similarity70_6,similarity70_cluster_6,primary216,42,hist_gradient_structure_context,BIO_6701,CMP_e6f2a6db0d8b9474c050,10.1021/acs.est.7b02259,BAF,0.8600000000000001,0.5468097474397813,,False
final_similarity70_6,similarity70_cluster_6,primary216,42,hist_gradient_structure_context,BIO_6702,CMP_e6f2a6db0d8b9474c050,10.1021/acs.est.7b02259,BAF,0.5000000000000001,0.5468097474397813,,False
final_similarity70_6,similarity70_cluster_6,primary216,42,hist_gradient_structure_context,BIO_6703,CMP_e6f2a6db0d8b9474c050,10.1021/acs.est.7b02259,BAF,0.6100000000000001,0.5468097474397813,,False
final_similarity70_6,similarity70_cluster_6,primary216,42,nearest_chemical_context,BIO_6701,CMP_e6f2a6db0d8b9474c050,10.1021/acs.est.7b02259,BAF,0.8600000000000001,0.9500000000000002,,False
final_similarity70_6,similarity70_cluster_6,primary216,42,nearest_chemical_context,BIO_6702,CMP_e6f2a6db0d8b9474c050,10.1021/acs.est.7b02259,BAF,0.5000000000000001,0.37,,False
final_similarity70_6,similarity70_cluster_6,primary216,42,nearest_chemical_context,BIO_6703,CMP_e6f2a6db0d8b9474c050,10.1021/acs.est.7b02259,BAF,0.6100000000000001,0.9500000000000002,,False
