record_id,source_excel_row,id,pfas_short,pfas_name,cas,family,chain_len,endpoint_type,value,log_value,value_units,raw_value,raw_units,basis,kinetic_or_ss,species_sci,species_common,organism_group,tissue,exposure_days,exposure_route,test_concentration,temperature_c,water_type,guideline,study_type,source,source_url,citation,reliability,notes,fetched_at,name,CAS,InChIKey,DTXSID,PubChemCID,SMILES,MolFormula,MW,pfas_class,XLogP,logKow_Norman,primary_source,n_F,n_CF1,n_CF2,n_CF3,n_CF4,canonical_smiles,group_smiles,compound_id,citation_normalized,study_id,study_id_status,ecotox_ref,experiment_id,unit_original,unit_factor_to_L_kg,value_numeric,value_L_kg,log10_value_L_kg,log10_original_recomputed,original_log_discrepancy,censoring_or_imputation_note,basis_known_wet,basic_eligible,primary_eligible,review_flags,primary_exclusion_reason,potential_same_observation,original_doi,original_title,original_reference,database_locator,original_paper_locator,provenance_level,match_count,original_result_ids,recovered_temperature,recovered_temperature_unit,recovered_ph,recovered_exposure_duration,recovered_gender,original_value_agreement,provenance_gap,doi_verification,possible_source_observation_cluster,possible_duplicate_cluster_size,experiment_cluster_status,paper_verification_status,retrieval_history_status,primary_source_archive,doi_normalized,v8_status,v8_action,v8_locator,v8_source_value,v8_source_scale,v8_note,v8_primary_file,v8_source_cell_id,organism_group_v8,primary_verified_v8,v8_source_sha256,v8_source_url,v9_raw_workbook,v9_sheet,v9_row,v9_cells,v9_raw_cells,v9_conversion_rule,v9_reconstructed_value,v9_parser_match,v9_cell_calculation_match,v9_raw_sha256,v9_primary_status,organism_group_original,study_id_original,cohort_verified,cohort_no_midpoint,cohort_legacy,v15_status,v15_primary,v15_locator,historical_log10,exposure_group
BIO_5669,882,5669,EtFOSAA,N-Ethylperfluorooctane-1-sulfonamide,2991-50-6,unclassified,8.0,BAF,3467.368504525322,3.54,L/kg,3467.3685045253224,,wet weight,,Clupea harengus,Herring,fish,whole body,,,,,marine,,field,ITRC,https://pfas-1.itrcweb.org/wp-content/uploads/2023/10/ITRC_PFAS_-BCF-BAF_compilation_Table5-1_Oct2021.xlsx,Gebbink 2016,ITRC-compiled,location=Baltic Sea; waterbody=Coastal ocean; note=Error estimates available; uid=38,2026-05-17T15:19:23+00:00,2-(N-Ethylperfluorooctanesulfonamido)acetic acid,2991-50-6,CKRXVVGETMYFIO-UHFFFAOYSA-N,,18134.0,CCN(CC(O)=O)S(=O)(=O)C(F)(F)C(F)(F)C(F)(F)C(F)(F)C(F)(F)C(F)(F)C(F)(F)C(F)(F)F,C12H8F17NO4S,585.23,其它全氟,5.4,,EPA,,,,,,CCN(CC(=O)O)S(=O)(=O)C(F)(F)C(F)(F)C(F)(F)C(F)(F)C(F)(F)C(F)(F)C(F)(F)C(F)(F)F,CCN(CC(=O)O)S(=O)(=O)C(F)(F)C(F)(F)C(F)(F)C(F)(F)C(F)(F)C(F)(F)C(F)(F)C(F)(F)F,CMP_45982e78c6ad5f32734e,gebbink2016,10.1021/acs.est.6b01197,provisional_normalized_citation_cross_source_equivalence_unverified,,,L/kg,1.0,3467.368504525322,3467.368504525322,3.540000000000001,3.540000000000001,-8.881784197001252e-16,False,True,True,True,,retained,False,10.1021/acs.est.6b01197,Perfluoroalkyl Acids (PFAAs) and Selected Precursors in the Baltic Sea Environment: Do Precursors Play a Role in Food Web Accumulation of PFAAs?,Gebbink 2016; Perfluoroalkyl Acids (PFAAs) and Selected Precursors in the Baltic Sea Environment: Do Precursors Play a Role in Food Web Accumulation of PFAAs?; Environ. Sci. Technol.,ITRC Table5-1; BCF-BAF Database!row 32; uid=38; endpoint=BAF,,database_cell_verified,1.0,,,,,,,exact numeric cell match,original paper table/page and primary measurement not yet verified,,OBS_23991ddf94aa0f2a,1,candidate only; missing conditions and repeated experiments prevent unique identification,not verified against original experimental table,original search date/operator unavailable; current audit is not original collection history,,10.1021/acs.est.6b01197,verified_summary,retain_verified_summary_separate_from_individual_measurements,SI Table S9 PDF page 16; EtFOSAA; herring,3.54,log10,Field summary; source column and bound retained,sources/e8fb86127eac974b/es6b01197_si_001.pdf,540543146bc404b589e3,,True,b2fb1eece4420ca0d7457c1092f3cefd7dce61a5f9dae773de0efc3ed7eb768d,https://ndownloader.figshare.com/files/5323630,data/04_bioaccumulation/ITRC_Table_5-1_BCF-BAF_aquatic.xlsx,BCF-BAF Database,32,K32;I32;J32,"{""BAF"": 3467.3685045253224, ""BAF Min"": null, ""BAF Max"": null}",reported_database_value,3467.3685045253224,True,True,bfc24df5dbd2d21341a9580e5053f7a7b89c1ddea1ebe75c55407f4cee27a54d,verified_summary,,CIT_3e7f6a7070b23a4e5e18,True,True,True,verified_summary,True,SI Table S9 PDF page 16; EtFOSAA; herring,3.540000000000001,not_reported
BIO_5670,883,5670,EtFOSAA,N-Ethylperfluorooctane-1-sulfonamide,2991-50-6,unclassified,8.0,BAF,25118.86431509586,4.4,L/kg,25118.86431509586,,wet weight,,? - More than 1 species,Zooplankton,,whole body,,,,,marine,,field,ITRC,https://pfas-1.itrcweb.org/wp-content/uploads/2023/10/ITRC_PFAS_-BCF-BAF_compilation_Table5-1_Oct2021.xlsx,Gebbink 2016,ITRC-compiled,location=Baltic Sea; waterbody=Coastal ocean; note=Error estimates available; uid=39,2026-05-17T15:19:23+00:00,2-(N-Ethylperfluorooctanesulfonamido)acetic acid,2991-50-6,CKRXVVGETMYFIO-UHFFFAOYSA-N,,18134.0,CCN(CC(O)=O)S(=O)(=O)C(F)(F)C(F)(F)C(F)(F)C(F)(F)C(F)(F)C(F)(F)C(F)(F)C(F)(F)F,C12H8F17NO4S,585.23,其它全氟,5.4,,EPA,,,,,,CCN(CC(=O)O)S(=O)(=O)C(F)(F)C(F)(F)C(F)(F)C(F)(F)C(F)(F)C(F)(F)C(F)(F)C(F)(F)F,CCN(CC(=O)O)S(=O)(=O)C(F)(F)C(F)(F)C(F)(F)C(F)(F)C(F)(F)C(F)(F)C(F)(F)C(F)(F)F,CMP_45982e78c6ad5f32734e,gebbink2016,10.1021/acs.est.6b01197,provisional_normalized_citation_cross_source_equivalence_unverified,,,L/kg,1.0,25118.86431509586,25118.86431509586,4.400000000000001,4.400000000000001,-8.881784197001252e-16,False,True,True,True,,retained,False,10.1021/acs.est.6b01197,Perfluoroalkyl Acids (PFAAs) and Selected Precursors in the Baltic Sea Environment: Do Precursors Play a Role in Food Web Accumulation of PFAAs?,Gebbink 2016; Perfluoroalkyl Acids (PFAAs) and Selected Precursors in the Baltic Sea Environment: Do Precursors Play a Role in Food Web Accumulation of PFAAs?; Environ. Sci. Technol.,ITRC Table5-1; BCF-BAF Database!row 33; uid=39; endpoint=BAF,,database_cell_verified,1.0,,,,,,,exact numeric cell match,original paper table/page and primary measurement not yet verified,,OBS_19fd499f97490092,1,candidate only; missing conditions and repeated experiments prevent unique identification,not verified against original experimental table,original search date/operator unavailable; current audit is not original collection history,,10.1021/acs.est.6b01197,verified_summary,retain_verified_summary_separate_from_individual_measurements,SI Table S9 PDF page 16; EtFOSAA; zooplankton,4.4,log10,Field summary; source column and bound retained,sources/e8fb86127eac974b/es6b01197_si_001.pdf,28ce51d8fb1e57d6af9f,,True,b2fb1eece4420ca0d7457c1092f3cefd7dce61a5f9dae773de0efc3ed7eb768d,https://ndownloader.figshare.com/files/5323630,data/04_bioaccumulation/ITRC_Table_5-1_BCF-BAF_aquatic.xlsx,BCF-BAF Database,33,K33;I33;J33,"{""BAF"": 25118.86431509586, ""BAF Min"": null, ""BAF Max"": null}",reported_database_value,25118.86431509586,True,True,bfc24df5dbd2d21341a9580e5053f7a7b89c1ddea1ebe75c55407f4cee27a54d,verified_summary,,CIT_3e7f6a7070b23a4e5e18,True,True,True,verified_summary,True,SI Table S9 PDF page 16; EtFOSAA; zooplankton,4.400000000000001,not_reported
BIO_5671,884,5671,EtFOSAA,N-Ethylperfluorooctane-1-sulfonamide,2991-50-6,unclassified,8.0,BAF,2818.382931264456,3.45,L/kg,2818.382931264456,,wet weight,,Sprattus sprattus,Sprat,fish,whole body,,,,,marine,,field,ITRC,https://pfas-1.itrcweb.org/wp-content/uploads/2023/10/ITRC_PFAS_-BCF-BAF_compilation_Table5-1_Oct2021.xlsx,Gebbink 2016,ITRC-compiled,location=Baltic Sea; waterbody=Coastal ocean; note=Error estimates available; uid=40,2026-05-17T15:19:23+00:00,2-(N-Ethylperfluorooctanesulfonamido)acetic acid,2991-50-6,CKRXVVGETMYFIO-UHFFFAOYSA-N,,18134.0,CCN(CC(O)=O)S(=O)(=O)C(F)(F)C(F)(F)C(F)(F)C(F)(F)C(F)(F)C(F)(F)C(F)(F)C(F)(F)F,C12H8F17NO4S,585.23,其它全氟,5.4,,EPA,,,,,,CCN(CC(=O)O)S(=O)(=O)C(F)(F)C(F)(F)C(F)(F)C(F)(F)C(F)(F)C(F)(F)C(F)(F)C(F)(F)F,CCN(CC(=O)O)S(=O)(=O)C(F)(F)C(F)(F)C(F)(F)C(F)(F)C(F)(F)C(F)(F)C(F)(F)C(F)(F)F,CMP_45982e78c6ad5f32734e,gebbink2016,10.1021/acs.est.6b01197,provisional_normalized_citation_cross_source_equivalence_unverified,,,L/kg,1.0,2818.382931264456,2818.382931264456,3.45,3.45,0.0,False,True,True,True,,retained,False,10.1021/acs.est.6b01197,Perfluoroalkyl Acids (PFAAs) and Selected Precursors in the Baltic Sea Environment: Do Precursors Play a Role in Food Web Accumulation of PFAAs?,Gebbink 2016; Perfluoroalkyl Acids (PFAAs) and Selected Precursors in the Baltic Sea Environment: Do Precursors Play a Role in Food Web Accumulation of PFAAs?; Environ. Sci. Technol.,ITRC Table5-1; BCF-BAF Database!row 34; uid=40; endpoint=BAF,,database_cell_verified,1.0,,,,,,,exact numeric cell match,original paper table/page and primary measurement not yet verified,,OBS_6154f41bb3079808,1,candidate only; missing conditions and repeated experiments prevent unique identification,not verified against original experimental table,original search date/operator unavailable; current audit is not original collection history,,10.1021/acs.est.6b01197,verified_summary,retain_verified_summary_separate_from_individual_measurements,SI Table S9 PDF page 16; EtFOSAA; sprat,3.45,log10,Field summary; source column and bound retained,sources/e8fb86127eac974b/es6b01197_si_001.pdf,b619171d6d6d3d88f9da,fish,True,b2fb1eece4420ca0d7457c1092f3cefd7dce61a5f9dae773de0efc3ed7eb768d,https://ndownloader.figshare.com/files/5323630,data/04_bioaccumulation/ITRC_Table_5-1_BCF-BAF_aquatic.xlsx,BCF-BAF Database,34,K34;I34;J34,"{""BAF"": 2818.382931264456, ""BAF Min"": null, ""BAF Max"": null}",reported_database_value,2818.382931264456,True,True,bfc24df5dbd2d21341a9580e5053f7a7b89c1ddea1ebe75c55407f4cee27a54d,verified_summary,mammal,CIT_3e7f6a7070b23a4e5e18,True,True,True,verified_summary,True,SI Table S9 PDF page 16; EtFOSAA; sprat,3.45,not_reported
BIO_5672,885,5672,F-53B (6:2),Potassium 9-chlorohexadecafluoro-3-oxanonane-1-sulfonate,73606-19-6,PFSA_Cl_ether,8.0,BAF,45603.69159512966,4.659,L/kg,45603.69159512966,,wet weight,,Carassius carassius,Crucian Carp,fish,bile,,,,,freshwater,,field,ITRC,https://pfas-1.itrcweb.org/wp-content/uploads/2023/10/ITRC_PFAS_-BCF-BAF_compilation_Table5-1_Oct2021.xlsx,Shi 2015,ITRC-compiled,"location=Tangxun Lake, Hubei province; waterbody=Lake; note=Samples collected in July 2014; uid=41",2026-05-17T15:19:23+00:00,Potassium 9-chlorohexadecafluoro-3-oxanonane-1-sulfonate,73606-19-6,OWQCHLFKOGVODW-UHFFFAOYSA-M,,,[K+].[O-]S(=O)(=O)C(F)(F)C(F)(F)OC(F)(F)C(F)(F)C(F)(F)C(F)(F)C(F)(F)C(F)(F)Cl,C8ClF16KO4S,570.67,其它全氟,,,EPA,,,,,,O=S(=O)([O-])C(F)(F)C(F)(F)OC(F)(F)C(F)(F)C(F)(F)C(F)(F)C(F)(F)C(F)(F)Cl.[K+],O=S(=O)(O)C(F)(F)C(F)(F)OC(F)(F)C(F)(F)C(F)(F)C(F)(F)C(F)(F)C(F)(F)Cl,CMP_b7e2eb89ae6c3db4e807,shi2015,10.1021/acs.est.5b04299,provisional_normalized_citation_cross_source_equivalence_unverified,,,L/kg,1.0,45603.69159512966,45603.69159512966,4.659000000000001,4.659000000000001,-8.881784197001252e-16,False,True,True,True,,retained,False,10.1021/acs.est.5b04299,Tissue Distribution and Whole Body Burden of the Chlorinated Polyfluoroalkyl Ether Sulfonic Acid F-53B in Crucian Carp (Carassius carassius): Evidence for a Highly Bioaccumulative Contaminant of Emerging Concern,Shi 2015; Tissue Distribution and Whole Body Burden of the Chlorinated Polyfluoroalkyl Ether Sulfonic Acid F-53B in Crucian Carp (Carassius carassius): Evidence for a Highly Bioaccumulative Contaminant of Emerging Concern; Environmental Science & Technology,ITRC Table5-1; BCF-BAF Database!row 35; uid=41; endpoint=BAF,,database_cell_verified,1.0,,,,,,,exact numeric cell match,original paper table/page and primary measurement not yet verified,,OBS_410af3007a8ca9fe,1,candidate only; missing conditions and repeated experiments prevent unique identification,not verified against original experimental table,original search date/operator unavailable; current audit is not original collection history,,10.1021/acs.est.5b04299,verified_summary,retain_verified_summary_separate_from_individual_measurements,SI Table S10 PDF page 11; TL; bile; F-53B (6:2); mean,4.659,log10,Mean logBAF; shared study/site fish; whole body reconstructed from tissue contributions where applicable; not individual measurements,sources/c6c948e07c3aa145/es5b04299_si_001.pdf,12dc33859203030109b7,,True,a15b81a9a5f7d73f5c4cefbde5ec940b48fe9fbf43b65feac597b7b12c02f44c,https://ndownloader.figshare.com/files/3732799,data/04_bioaccumulation/ITRC_Table_5-1_BCF-BAF_aquatic.xlsx,BCF-BAF Database,35,K35;I35;J35,"{""BAF"": 45603.69159512966, ""BAF Min"": 22646.44307593066, ""BAF Max"": 91833.25964835817}",reported_database_value,45603.69159512966,True,True,bfc24df5dbd2d21341a9580e5053f7a7b89c1ddea1ebe75c55407f4cee27a54d,verified_summary,,CIT_97accc2b1b7d81d229ff,True,True,True,verified_summary,True,SI Table S10 PDF page 11; TL; bile; F-53B (6:2); mean,4.659000000000001,not_reported
BIO_5673,886,5673,F-53B (6:2),Potassium 9-chlorohexadecafluoro-3-oxanonane-1-sulfonate,73606-19-6,PFSA_Cl_ether,8.0,BAF,20558.90595984142,4.313,L/kg,20558.905959841417,,wet weight,,Carassius carassius,Crucian Carp,fish,bladder,,,,,freshwater,,field,ITRC,https://pfas-1.itrcweb.org/wp-content/uploads/2023/10/ITRC_PFAS_-BCF-BAF_compilation_Table5-1_Oct2021.xlsx,Shi 2015,ITRC-compiled,"location=Tangxun Lake, Hubei province; waterbody=Lake; note=Samples collected in July 2014; uid=42",2026-05-17T15:19:23+00:00,Potassium 9-chlorohexadecafluoro-3-oxanonane-1-sulfonate,73606-19-6,OWQCHLFKOGVODW-UHFFFAOYSA-M,,,[K+].[O-]S(=O)(=O)C(F)(F)C(F)(F)OC(F)(F)C(F)(F)C(F)(F)C(F)(F)C(F)(F)C(F)(F)Cl,C8ClF16KO4S,570.67,其它全氟,,,EPA,,,,,,O=S(=O)([O-])C(F)(F)C(F)(F)OC(F)(F)C(F)(F)C(F)(F)C(F)(F)C(F)(F)C(F)(F)Cl.[K+],O=S(=O)(O)C(F)(F)C(F)(F)OC(F)(F)C(F)(F)C(F)(F)C(F)(F)C(F)(F)C(F)(F)Cl,CMP_b7e2eb89ae6c3db4e807,shi2015,10.1021/acs.est.5b04299,provisional_normalized_citation_cross_source_equivalence_unverified,,,L/kg,1.0,20558.90595984142,20558.90595984142,4.313,4.313,0.0,False,True,True,True,,retained,False,10.1021/acs.est.5b04299,Tissue Distribution and Whole Body Burden of the Chlorinated Polyfluoroalkyl Ether Sulfonic Acid F-53B in Crucian Carp (Carassius carassius): Evidence for a Highly Bioaccumulative Contaminant of Emerging Concern,Shi 2015; Tissue Distribution and Whole Body Burden of the Chlorinated Polyfluoroalkyl Ether Sulfonic Acid F-53B in Crucian Carp (Carassius carassius): Evidence for a Highly Bioaccumulative Contaminant of Emerging Concern; Environmental Science & Technology,ITRC Table5-1; BCF-BAF Database!row 36; uid=42; endpoint=BAF,,database_cell_verified,1.0,,,,,,,exact numeric cell match,original paper table/page and primary measurement not yet verified,,OBS_dfc1ed0c6fdcdfaf,1,candidate only; missing conditions and repeated experiments prevent unique identification,not verified against original experimental table,original search date/operator unavailable; current audit is not original collection history,,10.1021/acs.est.5b04299,verified_summary,retain_verified_summary_separate_from_individual_measurements,SI Table S10 PDF page 11; TL; bladder; F-53B (6:2); mean,4.313,log10,Mean logBAF; shared study/site fish; whole body reconstructed from tissue contributions where applicable; not individual measurements,sources/c6c948e07c3aa145/es5b04299_si_001.pdf,8acfb0f4c5d27c387499,,True,a15b81a9a5f7d73f5c4cefbde5ec940b48fe9fbf43b65feac597b7b12c02f44c,https://ndownloader.figshare.com/files/3732799,data/04_bioaccumulation/ITRC_Table_5-1_BCF-BAF_aquatic.xlsx,BCF-BAF Database,36,K36;I36;J36,"{""BAF"": 20558.905959841417, ""BAF Min"": 7744.617978025197, ""BAF Max"": 39719.154946944094}",reported_database_value,20558.905959841417,True,True,bfc24df5dbd2d21341a9580e5053f7a7b89c1ddea1ebe75c55407f4cee27a54d,verified_summary,,CIT_97accc2b1b7d81d229ff,True,True,True,verified_summary,True,SI Table S10 PDF page 11; TL; bladder; F-53B (6:2); mean,4.313,not_reported
BIO_5674,887,5674,F-53B (6:2),Potassium 9-chlorohexadecafluoro-3-oxanonane-1-sulfonate,73606-19-6,PFSA_Cl_ether,8.0,BAF,164816.2391525508,5.217,L/kg,164816.23915255076,,wet weight,,Carassius carassius,Crucian Carp,fish,blood,,,,,freshwater,,field,ITRC,https://pfas-1.itrcweb.org/wp-content/uploads/2023/10/ITRC_PFAS_-BCF-BAF_compilation_Table5-1_Oct2021.xlsx,Shi 2015,ITRC-compiled,"location=Tangxun Lake, Hubei province; waterbody=Lake; note=Samples collected in July 2014; uid=43",2026-05-17T15:19:23+00:00,Potassium 9-chlorohexadecafluoro-3-oxanonane-1-sulfonate,73606-19-6,OWQCHLFKOGVODW-UHFFFAOYSA-M,,,[K+].[O-]S(=O)(=O)C(F)(F)C(F)(F)OC(F)(F)C(F)(F)C(F)(F)C(F)(F)C(F)(F)C(F)(F)Cl,C8ClF16KO4S,570.67,其它全氟,,,EPA,,,,,,O=S(=O)([O-])C(F)(F)C(F)(F)OC(F)(F)C(F)(F)C(F)(F)C(F)(F)C(F)(F)C(F)(F)Cl.[K+],O=S(=O)(O)C(F)(F)C(F)(F)OC(F)(F)C(F)(F)C(F)(F)C(F)(F)C(F)(F)C(F)(F)Cl,CMP_b7e2eb89ae6c3db4e807,shi2015,10.1021/acs.est.5b04299,provisional_normalized_citation_cross_source_equivalence_unverified,,,L/kg,1.0,164816.2391525508,164816.2391525508,5.217,5.217,0.0,False,True,True,True,,retained,False,10.1021/acs.est.5b04299,Tissue Distribution and Whole Body Burden of the Chlorinated Polyfluoroalkyl Ether Sulfonic Acid F-53B in Crucian Carp (Carassius carassius): Evidence for a Highly Bioaccumulative Contaminant of Emerging Concern,Shi 2015; Tissue Distribution and Whole Body Burden of the Chlorinated Polyfluoroalkyl Ether Sulfonic Acid F-53B in Crucian Carp (Carassius carassius): Evidence for a Highly Bioaccumulative Contaminant of Emerging Concern; Environmental Science & Technology,ITRC Table5-1; BCF-BAF Database!row 37; uid=43; endpoint=BAF,,database_cell_verified,1.0,,,,,,,exact numeric cell match,original paper table/page and primary measurement not yet verified,,OBS_643488e4f5b78580,1,candidate only; missing conditions and repeated experiments prevent unique identification,not verified against original experimental table,original search date/operator unavailable; current audit is not original collection history,,10.1021/acs.est.5b04299,verified_summary,retain_verified_summary_separate_from_individual_measurements,SI Table S10 PDF page 11; TL; blood; F-53B (6:2); mean,5.217,log10,Mean logBAF; shared study/site fish; whole body reconstructed from tissue contributions where applicable; not individual measurements,sources/c6c948e07c3aa145/es5b04299_si_001.pdf,9510f4a40bd232b6c37d,,True,a15b81a9a5f7d73f5c4cefbde5ec940b48fe9fbf43b65feac597b7b12c02f44c,https://ndownloader.figshare.com/files/3732799,data/04_bioaccumulation/ITRC_Table_5-1_BCF-BAF_aquatic.xlsx,BCF-BAF Database,37,K37;I37;J37,"{""BAF"": 164816.23915255076, ""BAF Min"": 54827.696492085386, ""BAF Max"": 311888.95840939373}",reported_database_value,164816.23915255076,True,True,bfc24df5dbd2d21341a9580e5053f7a7b89c1ddea1ebe75c55407f4cee27a54d,verified_summary,,CIT_97accc2b1b7d81d229ff,True,True,True,verified_summary,True,SI Table S10 PDF page 11; TL; blood; F-53B (6:2); mean,5.217,not_reported
BIO_5675,888,5675,F-53B (6:2),Potassium 9-chlorohexadecafluoro-3-oxanonane-1-sulfonate,73606-19-6,PFSA_Cl_ether,8.0,BAF,25003.45361696434,4.398,L/kg,25003.453616964336,,wet weight,,Carassius carassius,Crucian Carp,fish,brain,,,,,freshwater,,field,ITRC,https://pfas-1.itrcweb.org/wp-content/uploads/2023/10/ITRC_PFAS_-BCF-BAF_compilation_Table5-1_Oct2021.xlsx,Shi 2015,ITRC-compiled,"location=Tangxun Lake, Hubei province; waterbody=Lake; note=Samples collected in July 2014; uid=44",2026-05-17T15:19:23+00:00,Potassium 9-chlorohexadecafluoro-3-oxanonane-1-sulfonate,73606-19-6,OWQCHLFKOGVODW-UHFFFAOYSA-M,,,[K+].[O-]S(=O)(=O)C(F)(F)C(F)(F)OC(F)(F)C(F)(F)C(F)(F)C(F)(F)C(F)(F)C(F)(F)Cl,C8ClF16KO4S,570.67,其它全氟,,,EPA,,,,,,O=S(=O)([O-])C(F)(F)C(F)(F)OC(F)(F)C(F)(F)C(F)(F)C(F)(F)C(F)(F)C(F)(F)Cl.[K+],O=S(=O)(O)C(F)(F)C(F)(F)OC(F)(F)C(F)(F)C(F)(F)C(F)(F)C(F)(F)C(F)(F)Cl,CMP_b7e2eb89ae6c3db4e807,shi2015,10.1021/acs.est.5b04299,provisional_normalized_citation_cross_source_equivalence_unverified,,,L/kg,1.0,25003.45361696434,25003.45361696434,4.398000000000001,4.398000000000001,-8.881784197001252e-16,False,True,True,True,,retained,False,10.1021/acs.est.5b04299,Tissue Distribution and Whole Body Burden of the Chlorinated Polyfluoroalkyl Ether Sulfonic Acid F-53B in Crucian Carp (Carassius carassius): Evidence for a Highly Bioaccumulative Contaminant of Emerging Concern,Shi 2015; Tissue Distribution and Whole Body Burden of the Chlorinated Polyfluoroalkyl Ether Sulfonic Acid F-53B in Crucian Carp (Carassius carassius): Evidence for a Highly Bioaccumulative Contaminant of Emerging Concern; Environmental Science & Technology,ITRC Table5-1; BCF-BAF Database!row 38; uid=44; endpoint=BAF,,database_cell_verified,1.0,,,,,,,exact numeric cell match,original paper table/page and primary measurement not yet verified,,OBS_a329ba9ff619d779,1,candidate only; missing conditions and repeated experiments prevent unique identification,not verified against original experimental table,original search date/operator unavailable; current audit is not original collection history,,10.1021/acs.est.5b04299,verified_summary,retain_verified_summary_separate_from_individual_measurements,SI Table S10 PDF page 11; TL; brain; F-53B (6:2); mean,4.398,log10,Mean logBAF; shared study/site fish; whole body reconstructed from tissue contributions where applicable; not individual measurements,sources/c6c948e07c3aa145/es5b04299_si_001.pdf,59b1e2b923862e00973c,,True,a15b81a9a5f7d73f5c4cefbde5ec940b48fe9fbf43b65feac597b7b12c02f44c,https://ndownloader.figshare.com/files/3732799,data/04_bioaccumulation/ITRC_Table_5-1_BCF-BAF_aquatic.xlsx,BCF-BAF Database,38,K38;I38;J38,"{""BAF"": 25003.453616964336, ""BAF Min"": 16634.126503701715, ""BAF Max"": 54575.786109127126}",reported_database_value,25003.453616964336,True,True,bfc24df5dbd2d21341a9580e5053f7a7b89c1ddea1ebe75c55407f4cee27a54d,verified_summary,,CIT_97accc2b1b7d81d229ff,True,True,True,verified_summary,True,SI Table S10 PDF page 11; TL; brain; F-53B (6:2); mean,4.398000000000001,not_reported
BIO_5676,889,5676,F-53B (6:2),Potassium 9-chlorohexadecafluoro-3-oxanonane-1-sulfonate,73606-19-6,PFSA_Cl_ether,8.0,BAF,30408.8502567628,4.483,L/kg,30408.8502567628,,wet weight,,Carassius carassius,Crucian Carp,fish,gill,,,,,freshwater,,field,ITRC,https://pfas-1.itrcweb.org/wp-content/uploads/2023/10/ITRC_PFAS_-BCF-BAF_compilation_Table5-1_Oct2021.xlsx,Shi 2015,ITRC-compiled,"location=Tangxun Lake, Hubei province; waterbody=Lake; note=Samples collected in July 2014; uid=45",2026-05-17T15:19:23+00:00,Potassium 9-chlorohexadecafluoro-3-oxanonane-1-sulfonate,73606-19-6,OWQCHLFKOGVODW-UHFFFAOYSA-M,,,[K+].[O-]S(=O)(=O)C(F)(F)C(F)(F)OC(F)(F)C(F)(F)C(F)(F)C(F)(F)C(F)(F)C(F)(F)Cl,C8ClF16KO4S,570.67,其它全氟,,,EPA,,,,,,O=S(=O)([O-])C(F)(F)C(F)(F)OC(F)(F)C(F)(F)C(F)(F)C(F)(F)C(F)(F)C(F)(F)Cl.[K+],O=S(=O)(O)C(F)(F)C(F)(F)OC(F)(F)C(F)(F)C(F)(F)C(F)(F)C(F)(F)C(F)(F)Cl,CMP_b7e2eb89ae6c3db4e807,shi2015,10.1021/acs.est.5b04299,provisional_normalized_citation_cross_source_equivalence_unverified,,,L/kg,1.0,30408.8502567628,30408.8502567628,4.4830000000000005,4.4830000000000005,-8.881784197001252e-16,False,True,True,True,,retained,False,10.1021/acs.est.5b04299,Tissue Distribution and Whole Body Burden of the Chlorinated Polyfluoroalkyl Ether Sulfonic Acid F-53B in Crucian Carp (Carassius carassius): Evidence for a Highly Bioaccumulative Contaminant of Emerging Concern,Shi 2015; Tissue Distribution and Whole Body Burden of the Chlorinated Polyfluoroalkyl Ether Sulfonic Acid F-53B in Crucian Carp (Carassius carassius): Evidence for a Highly Bioaccumulative Contaminant of Emerging Concern; Environmental Science & Technology,ITRC Table5-1; BCF-BAF Database!row 39; uid=45; endpoint=BAF,,database_cell_verified,1.0,,,,,,,exact numeric cell match,original paper table/page and primary measurement not yet verified,,OBS_d31e573bac43271c,1,candidate only; missing conditions and repeated experiments prevent unique identification,not verified against original experimental table,original search date/operator unavailable; current audit is not original collection history,,10.1021/acs.est.5b04299,verified_summary,retain_verified_summary_separate_from_individual_measurements,SI Table S10 PDF page 11; TL; gill; F-53B (6:2); mean,4.483,log10,Mean logBAF; shared study/site fish; whole body reconstructed from tissue contributions where applicable; not individual measurements,sources/c6c948e07c3aa145/es5b04299_si_001.pdf,1668c67723626c1b3f26,,True,a15b81a9a5f7d73f5c4cefbde5ec940b48fe9fbf43b65feac597b7b12c02f44c,https://ndownloader.figshare.com/files/3732799,data/04_bioaccumulation/ITRC_Table_5-1_BCF-BAF_aquatic.xlsx,BCF-BAF Database,39,K39;I39;J39,"{""BAF"": 30408.8502567628, ""BAF Min"": 12217.996601648714, ""BAF Max"": 49090.78761526032}",reported_database_value,30408.8502567628,True,True,bfc24df5dbd2d21341a9580e5053f7a7b89c1ddea1ebe75c55407f4cee27a54d,verified_summary,,CIT_97accc2b1b7d81d229ff,True,True,True,verified_summary,True,SI Table S10 PDF page 11; TL; gill; F-53B (6:2); mean,4.4830000000000005,not_reported
BIO_5677,890,5677,F-53B (6:2),Potassium 9-chlorohexadecafluoro-3-oxanonane-1-sulfonate,73606-19-6,PFSA_Cl_ether,8.0,BAF,49317.38039549359,4.693,L/kg,49317.38039549359,,wet weight,,Carassius carassius,Crucian Carp,fish,gonad,,,,,freshwater,,field,ITRC,https://pfas-1.itrcweb.org/wp-content/uploads/2023/10/ITRC_PFAS_-BCF-BAF_compilation_Table5-1_Oct2021.xlsx,Shi 2015,ITRC-compiled,"location=Tangxun Lake, Hubei province; waterbody=Lake; note=Samples collected in July 2014; uid=46",2026-05-17T15:19:23+00:00,Potassium 9-chlorohexadecafluoro-3-oxanonane-1-sulfonate,73606-19-6,OWQCHLFKOGVODW-UHFFFAOYSA-M,,,[K+].[O-]S(=O)(=O)C(F)(F)C(F)(F)OC(F)(F)C(F)(F)C(F)(F)C(F)(F)C(F)(F)C(F)(F)Cl,C8ClF16KO4S,570.67,其它全氟,,,EPA,,,,,,O=S(=O)([O-])C(F)(F)C(F)(F)OC(F)(F)C(F)(F)C(F)(F)C(F)(F)C(F)(F)C(F)(F)Cl.[K+],O=S(=O)(O)C(F)(F)C(F)(F)OC(F)(F)C(F)(F)C(F)(F)C(F)(F)C(F)(F)C(F)(F)Cl,CMP_b7e2eb89ae6c3db4e807,shi2015,10.1021/acs.est.5b04299,provisional_normalized_citation_cross_source_equivalence_unverified,,,L/kg,1.0,49317.38039549359,49317.38039549359,4.693,4.693,0.0,False,True,True,True,,retained,False,10.1021/acs.est.5b04299,Tissue Distribution and Whole Body Burden of the Chlorinated Polyfluoroalkyl Ether Sulfonic Acid F-53B in Crucian Carp (Carassius carassius): Evidence for a Highly Bioaccumulative Contaminant of Emerging Concern,Shi 2015; Tissue Distribution and Whole Body Burden of the Chlorinated Polyfluoroalkyl Ether Sulfonic Acid F-53B in Crucian Carp (Carassius carassius): Evidence for a Highly Bioaccumulative Contaminant of Emerging Concern; Environmental Science & Technology,ITRC Table5-1; BCF-BAF Database!row 40; uid=46; endpoint=BAF,,database_cell_verified,1.0,,,,,,,exact numeric cell match,original paper table/page and primary measurement not yet verified,,OBS_bfe05029286f29dd,1,candidate only; missing conditions and repeated experiments prevent unique identification,not verified against original experimental table,original search date/operator unavailable; current audit is not original collection history,,10.1021/acs.est.5b04299,verified_summary,retain_verified_summary_separate_from_individual_measurements,SI Table S10 PDF page 11; TL; gonad; F-53B (6:2); mean,4.693,log10,Mean logBAF; shared study/site fish; whole body reconstructed from tissue contributions where applicable; not individual measurements,sources/c6c948e07c3aa145/es5b04299_si_001.pdf,e63b671fb1d1ff3501fd,,True,a15b81a9a5f7d73f5c4cefbde5ec940b48fe9fbf43b65feac597b7b12c02f44c,https://ndownloader.figshare.com/files/3732799,data/04_bioaccumulation/ITRC_Table_5-1_BCF-BAF_aquatic.xlsx,BCF-BAF Database,40,K40;I40;J40,"{""BAF"": 49317.38039549359, ""BAF Min"": 18071.74126010927, ""BAF Max"": 91622.04901219999}",reported_database_value,49317.38039549359,True,True,bfc24df5dbd2d21341a9580e5053f7a7b89c1ddea1ebe75c55407f4cee27a54d,verified_summary,,CIT_97accc2b1b7d81d229ff,True,True,True,verified_summary,True,SI Table S10 PDF page 11; TL; gonad; F-53B (6:2); mean,4.693,not_reported
BIO_5678,891,5678,F-53B (6:2),Potassium 9-chlorohexadecafluoro-3-oxanonane-1-sulfonate,73606-19-6,PFSA_Cl_ether,8.0,BAF,65162.83940608435,4.814,L/kg,65162.83940608435,,wet weight,,Carassius carassius,Crucian Carp,fish,heart,,,,,freshwater,,field,ITRC,https://pfas-1.itrcweb.org/wp-content/uploads/2023/10/ITRC_PFAS_-BCF-BAF_compilation_Table5-1_Oct2021.xlsx,Shi 2015,ITRC-compiled,"location=Tangxun Lake, Hubei province; waterbody=Lake; note=Samples collected in July 2014; uid=47",2026-05-17T15:19:23+00:00,Potassium 9-chlorohexadecafluoro-3-oxanonane-1-sulfonate,73606-19-6,OWQCHLFKOGVODW-UHFFFAOYSA-M,,,[K+].[O-]S(=O)(=O)C(F)(F)C(F)(F)OC(F)(F)C(F)(F)C(F)(F)C(F)(F)C(F)(F)C(F)(F)Cl,C8ClF16KO4S,570.67,其它全氟,,,EPA,,,,,,O=S(=O)([O-])C(F)(F)C(F)(F)OC(F)(F)C(F)(F)C(F)(F)C(F)(F)C(F)(F)C(F)(F)Cl.[K+],O=S(=O)(O)C(F)(F)C(F)(F)OC(F)(F)C(F)(F)C(F)(F)C(F)(F)C(F)(F)C(F)(F)Cl,CMP_b7e2eb89ae6c3db4e807,shi2015,10.1021/acs.est.5b04299,provisional_normalized_citation_cross_source_equivalence_unverified,,,L/kg,1.0,65162.83940608435,65162.83940608435,4.814000000000001,4.814000000000001,-8.881784197001252e-16,False,True,True,True,,retained,False,10.1021/acs.est.5b04299,Tissue Distribution and Whole Body Burden of the Chlorinated Polyfluoroalkyl Ether Sulfonic Acid F-53B in Crucian Carp (Carassius carassius): Evidence for a Highly Bioaccumulative Contaminant of Emerging Concern,Shi 2015; Tissue Distribution and Whole Body Burden of the Chlorinated Polyfluoroalkyl Ether Sulfonic Acid F-53B in Crucian Carp (Carassius carassius): Evidence for a Highly Bioaccumulative Contaminant of Emerging Concern; Environmental Science & Technology,ITRC Table5-1; BCF-BAF Database!row 41; uid=47; endpoint=BAF,,database_cell_verified,1.0,,,,,,,exact numeric cell match,original paper table/page and primary measurement not yet verified,,OBS_cce86b96c76d80ea,1,candidate only; missing conditions and repeated experiments prevent unique identification,not verified against original experimental table,original search date/operator unavailable; current audit is not original collection history,,10.1021/acs.est.5b04299,verified_summary,retain_verified_summary_separate_from_individual_measurements,SI Table S10 PDF page 11; TL; heart; F-53B (6:2); mean,4.814,log10,Mean logBAF; shared study/site fish; whole body reconstructed from tissue contributions where applicable; not individual measurements,sources/c6c948e07c3aa145/es5b04299_si_001.pdf,e27b047e5e1961a9eb80,,True,a15b81a9a5f7d73f5c4cefbde5ec940b48fe9fbf43b65feac597b7b12c02f44c,https://ndownloader.figshare.com/files/3732799,data/04_bioaccumulation/ITRC_Table_5-1_BCF-BAF_aquatic.xlsx,BCF-BAF Database,41,K41;I41;J41,"{""BAF"": 65162.83940608435, ""BAF Min"": 28313.919957993836, ""BAF Max"": 109647.81961431868}",reported_database_value,65162.83940608435,True,True,bfc24df5dbd2d21341a9580e5053f7a7b89c1ddea1ebe75c55407f4cee27a54d,verified_summary,,CIT_97accc2b1b7d81d229ff,True,True,True,verified_summary,True,SI Table S10 PDF page 11; TL; heart; F-53B (6:2); mean,4.814000000000001,not_reported
BIO_5679,892,5679,F-53B (6:2),Potassium 9-chlorohexadecafluoro-3-oxanonane-1-sulfonate,73606-19-6,PFSA_Cl_ether,8.0,BAF,90782.05301781866,4.958,L/kg,90782.05301781866,,wet weight,,Carassius carassius,Crucian Carp,fish,kidney,,,,,freshwater,,field,ITRC,https://pfas-1.itrcweb.org/wp-content/uploads/2023/10/ITRC_PFAS_-BCF-BAF_compilation_Table5-1_Oct2021.xlsx,Shi 2015,ITRC-compiled,"location=Tangxun Lake, Hubei province; waterbody=Lake; note=Samples collected in July 2014; uid=48",2026-05-17T15:19:23+00:00,Potassium 9-chlorohexadecafluoro-3-oxanonane-1-sulfonate,73606-19-6,OWQCHLFKOGVODW-UHFFFAOYSA-M,,,[K+].[O-]S(=O)(=O)C(F)(F)C(F)(F)OC(F)(F)C(F)(F)C(F)(F)C(F)(F)C(F)(F)C(F)(F)Cl,C8ClF16KO4S,570.67,其它全氟,,,EPA,,,,,,O=S(=O)([O-])C(F)(F)C(F)(F)OC(F)(F)C(F)(F)C(F)(F)C(F)(F)C(F)(F)C(F)(F)Cl.[K+],O=S(=O)(O)C(F)(F)C(F)(F)OC(F)(F)C(F)(F)C(F)(F)C(F)(F)C(F)(F)C(F)(F)Cl,CMP_b7e2eb89ae6c3db4e807,shi2015,10.1021/acs.est.5b04299,provisional_normalized_citation_cross_source_equivalence_unverified,,,L/kg,1.0,90782.05301781866,90782.05301781866,4.958,4.958,0.0,False,True,True,True,,retained,False,10.1021/acs.est.5b04299,Tissue Distribution and Whole Body Burden of the Chlorinated Polyfluoroalkyl Ether Sulfonic Acid F-53B in Crucian Carp (Carassius carassius): Evidence for a Highly Bioaccumulative Contaminant of Emerging Concern,Shi 2015; Tissue Distribution and Whole Body Burden of the Chlorinated Polyfluoroalkyl Ether Sulfonic Acid F-53B in Crucian Carp (Carassius carassius): Evidence for a Highly Bioaccumulative Contaminant of Emerging Concern; Environmental Science & Technology,ITRC Table5-1; BCF-BAF Database!row 42; uid=48; endpoint=BAF,,database_cell_verified,1.0,,,,,,,exact numeric cell match,original paper table/page and primary measurement not yet verified,,OBS_5bd31de1eb048f73,1,candidate only; missing conditions and repeated experiments prevent unique identification,not verified against original experimental table,original search date/operator unavailable; current audit is not original collection history,,10.1021/acs.est.5b04299,verified_summary,retain_verified_summary_separate_from_individual_measurements,SI Table S10 PDF page 11; TL; kidney; F-53B (6:2); mean,4.958,log10,Mean logBAF; shared study/site fish; whole body reconstructed from tissue contributions where applicable; not individual measurements,sources/c6c948e07c3aa145/es5b04299_si_001.pdf,f2c99a44824f9b744cff,,True,a15b81a9a5f7d73f5c4cefbde5ec940b48fe9fbf43b65feac597b7b12c02f44c,https://ndownloader.figshare.com/files/3732799,data/04_bioaccumulation/ITRC_Table_5-1_BCF-BAF_aquatic.xlsx,BCF-BAF Database,42,K42;I42;J42,"{""BAF"": 90782.05301781866, ""BAF Min"": 25292.979964461425, ""BAF Max"": 237137.37056616598}",reported_database_value,90782.05301781866,True,True,bfc24df5dbd2d21341a9580e5053f7a7b89c1ddea1ebe75c55407f4cee27a54d,verified_summary,,CIT_97accc2b1b7d81d229ff,True,True,True,verified_summary,True,SI Table S10 PDF page 11; TL; kidney; F-53B (6:2); mean,4.958,not_reported
BIO_5680,893,5680,F-53B (6:2),Potassium 9-chlorohexadecafluoro-3-oxanonane-1-sulfonate,73606-19-6,PFSA_Cl_ether,8.0,BAF,63386.97112569269,4.802,L/kg,63386.97112569269,,wet weight,,Carassius carassius,Crucian Carp,fish,liver,,,,,freshwater,,field,ITRC,https://pfas-1.itrcweb.org/wp-content/uploads/2023/10/ITRC_PFAS_-BCF-BAF_compilation_Table5-1_Oct2021.xlsx,Shi 2015,ITRC-compiled,"location=Tangxun Lake, Hubei province; waterbody=Lake; note=Samples collected in July 2014; uid=49",2026-05-17T15:19:23+00:00,Potassium 9-chlorohexadecafluoro-3-oxanonane-1-sulfonate,73606-19-6,OWQCHLFKOGVODW-UHFFFAOYSA-M,,,[K+].[O-]S(=O)(=O)C(F)(F)C(F)(F)OC(F)(F)C(F)(F)C(F)(F)C(F)(F)C(F)(F)C(F)(F)Cl,C8ClF16KO4S,570.67,其它全氟,,,EPA,,,,,,O=S(=O)([O-])C(F)(F)C(F)(F)OC(F)(F)C(F)(F)C(F)(F)C(F)(F)C(F)(F)C(F)(F)Cl.[K+],O=S(=O)(O)C(F)(F)C(F)(F)OC(F)(F)C(F)(F)C(F)(F)C(F)(F)C(F)(F)C(F)(F)Cl,CMP_b7e2eb89ae6c3db4e807,shi2015,10.1021/acs.est.5b04299,provisional_normalized_citation_cross_source_equivalence_unverified,,,L/kg,1.0,63386.97112569269,63386.97112569269,4.802,4.802,0.0,False,True,True,True,,retained,False,10.1021/acs.est.5b04299,Tissue Distribution and Whole Body Burden of the Chlorinated Polyfluoroalkyl Ether Sulfonic Acid F-53B in Crucian Carp (Carassius carassius): Evidence for a Highly Bioaccumulative Contaminant of Emerging Concern,Shi 2015; Tissue Distribution and Whole Body Burden of the Chlorinated Polyfluoroalkyl Ether Sulfonic Acid F-53B in Crucian Carp (Carassius carassius): Evidence for a Highly Bioaccumulative Contaminant of Emerging Concern; Environmental Science & Technology,ITRC Table5-1; BCF-BAF Database!row 43; uid=49; endpoint=BAF,,database_cell_verified,1.0,,,,,,,exact numeric cell match,original paper table/page and primary measurement not yet verified,,OBS_d1ad8d06968a3732,1,candidate only; missing conditions and repeated experiments prevent unique identification,not verified against original experimental table,original search date/operator unavailable; current audit is not original collection history,,10.1021/acs.est.5b04299,verified_summary,retain_verified_summary_separate_from_individual_measurements,SI Table S10 PDF page 11; TL; liver; F-53B (6:2); mean,4.802,log10,Mean logBAF; shared study/site fish; whole body reconstructed from tissue contributions where applicable; not individual measurements,sources/c6c948e07c3aa145/es5b04299_si_001.pdf,a1e9f33010f404549430,,True,a15b81a9a5f7d73f5c4cefbde5ec940b48fe9fbf43b65feac597b7b12c02f44c,https://ndownloader.figshare.com/files/3732799,data/04_bioaccumulation/ITRC_Table_5-1_BCF-BAF_aquatic.xlsx,BCF-BAF Database,43,K43;I43;J43,"{""BAF"": 63386.97112569269, ""BAF Min"": 41399.967481973115, ""BAF Max"": 86297.85477669716}",reported_database_value,63386.97112569269,True,True,bfc24df5dbd2d21341a9580e5053f7a7b89c1ddea1ebe75c55407f4cee27a54d,verified_summary,,CIT_97accc2b1b7d81d229ff,True,True,True,verified_summary,True,SI Table S10 PDF page 11; TL; liver; F-53B (6:2); mean,4.802,not_reported
BIO_5681,894,5681,F-53B (6:2),Potassium 9-chlorohexadecafluoro-3-oxanonane-1-sulfonate,73606-19-6,PFSA_Cl_ether,8.0,BAF,6839.116472814298,3.835,L/kg,6839.116472814298,,wet weight,,Carassius carassius,Crucian Carp,fish,muscle,,,,,freshwater,,field,ITRC,https://pfas-1.itrcweb.org/wp-content/uploads/2023/10/ITRC_PFAS_-BCF-BAF_compilation_Table5-1_Oct2021.xlsx,Shi 2015,ITRC-compiled,"location=Tangxun Lake, Hubei province; waterbody=Lake; note=Samples collected in July 2014; uid=50",2026-05-17T15:19:23+00:00,Potassium 9-chlorohexadecafluoro-3-oxanonane-1-sulfonate,73606-19-6,OWQCHLFKOGVODW-UHFFFAOYSA-M,,,[K+].[O-]S(=O)(=O)C(F)(F)C(F)(F)OC(F)(F)C(F)(F)C(F)(F)C(F)(F)C(F)(F)C(F)(F)Cl,C8ClF16KO4S,570.67,其它全氟,,,EPA,,,,,,O=S(=O)([O-])C(F)(F)C(F)(F)OC(F)(F)C(F)(F)C(F)(F)C(F)(F)C(F)(F)C(F)(F)Cl.[K+],O=S(=O)(O)C(F)(F)C(F)(F)OC(F)(F)C(F)(F)C(F)(F)C(F)(F)C(F)(F)C(F)(F)Cl,CMP_b7e2eb89ae6c3db4e807,shi2015,10.1021/acs.est.5b04299,provisional_normalized_citation_cross_source_equivalence_unverified,,,L/kg,1.0,6839.116472814298,6839.116472814298,3.835,3.835,-4.440892098500626e-16,False,True,True,True,,retained,False,10.1021/acs.est.5b04299,Tissue Distribution and Whole Body Burden of the Chlorinated Polyfluoroalkyl Ether Sulfonic Acid F-53B in Crucian Carp (Carassius carassius): Evidence for a Highly Bioaccumulative Contaminant of Emerging Concern,Shi 2015; Tissue Distribution and Whole Body Burden of the Chlorinated Polyfluoroalkyl Ether Sulfonic Acid F-53B in Crucian Carp (Carassius carassius): Evidence for a Highly Bioaccumulative Contaminant of Emerging Concern; Environmental Science & Technology,ITRC Table5-1; BCF-BAF Database!row 44; uid=50; endpoint=BAF,,database_cell_verified,1.0,,,,,,,exact numeric cell match,original paper table/page and primary measurement not yet verified,,OBS_88cfb985499a4f7e,1,candidate only; missing conditions and repeated experiments prevent unique identification,not verified against original experimental table,original search date/operator unavailable; current audit is not original collection history,,10.1021/acs.est.5b04299,verified_summary,retain_verified_summary_separate_from_individual_measurements,SI Table S10 PDF page 11; TL; muscle; F-53B (6:2); mean,3.835,log10,Mean logBAF; shared study/site fish; whole body reconstructed from tissue contributions where applicable; not individual measurements,sources/c6c948e07c3aa145/es5b04299_si_001.pdf,343bd64dd07cff8d2485,,True,a15b81a9a5f7d73f5c4cefbde5ec940b48fe9fbf43b65feac597b7b12c02f44c,https://ndownloader.figshare.com/files/3732799,data/04_bioaccumulation/ITRC_Table_5-1_BCF-BAF_aquatic.xlsx,BCF-BAF Database,44,K44;I44;J44,"{""BAF"": 6839.116472814298, ""BAF Min"": 4920.395356814517, ""BAF Max"": 10814.339512979379}",reported_database_value,6839.116472814298,True,True,bfc24df5dbd2d21341a9580e5053f7a7b89c1ddea1ebe75c55407f4cee27a54d,verified_summary,,CIT_97accc2b1b7d81d229ff,True,True,True,verified_summary,True,SI Table S10 PDF page 11; TL; muscle; F-53B (6:2); mean,3.835,not_reported
BIO_5683,896,5683,F-53B (6:2),Potassium 9-chlorohexadecafluoro-3-oxanonane-1-sulfonate,73606-19-6,PFSA_Cl_ether,8.0,BAF,76207.90100254127,4.882,L/kg,76207.90100254127,,wet weight,,Carassius carassius,Crucian Carp,fish,bile,,,,,freshwater,,field,ITRC,https://pfas-1.itrcweb.org/wp-content/uploads/2023/10/ITRC_PFAS_-BCF-BAF_compilation_Table5-1_Oct2021.xlsx,Shi 2015,ITRC-compiled,"location=Xiaoqing River, Shandong province; waterbody=Lake; note=Samples collected in July 2014; uid=52",2026-05-17T15:19:23+00:00,Potassium 9-chlorohexadecafluoro-3-oxanonane-1-sulfonate,73606-19-6,OWQCHLFKOGVODW-UHFFFAOYSA-M,,,[K+].[O-]S(=O)(=O)C(F)(F)C(F)(F)OC(F)(F)C(F)(F)C(F)(F)C(F)(F)C(F)(F)C(F)(F)Cl,C8ClF16KO4S,570.67,其它全氟,,,EPA,,,,,,O=S(=O)([O-])C(F)(F)C(F)(F)OC(F)(F)C(F)(F)C(F)(F)C(F)(F)C(F)(F)C(F)(F)Cl.[K+],O=S(=O)(O)C(F)(F)C(F)(F)OC(F)(F)C(F)(F)C(F)(F)C(F)(F)C(F)(F)C(F)(F)Cl,CMP_b7e2eb89ae6c3db4e807,shi2015,10.1021/acs.est.5b04299,provisional_normalized_citation_cross_source_equivalence_unverified,,,L/kg,1.0,76207.90100254127,76207.90100254127,4.882000000000001,4.882000000000001,-8.881784197001252e-16,False,True,True,True,,retained,False,10.1021/acs.est.5b04299,Tissue Distribution and Whole Body Burden of the Chlorinated Polyfluoroalkyl Ether Sulfonic Acid F-53B in Crucian Carp (Carassius carassius): Evidence for a Highly Bioaccumulative Contaminant of Emerging Concern,Shi 2015; Tissue Distribution and Whole Body Burden of the Chlorinated Polyfluoroalkyl Ether Sulfonic Acid F-53B in Crucian Carp (Carassius carassius): Evidence for a Highly Bioaccumulative Contaminant of Emerging Concern; Environmental Science & Technology,ITRC Table5-1; BCF-BAF Database!row 46; uid=52; endpoint=BAF,,database_cell_verified,1.0,,,,,,,exact numeric cell match,original paper table/page and primary measurement not yet verified,,OBS_f112e5b1c1f2f534,1,candidate only; missing conditions and repeated experiments prevent unique identification,not verified against original experimental table,original search date/operator unavailable; current audit is not original collection history,,10.1021/acs.est.5b04299,verified_summary,retain_verified_summary_separate_from_individual_measurements,SI Table S10 PDF page 11; XR; bile; F-53B (6:2); mean,4.882,log10,Mean logBAF; shared study/site fish; whole body reconstructed from tissue contributions where applicable; not individual measurements,sources/c6c948e07c3aa145/es5b04299_si_001.pdf,7da8fe8dedb296989099,,True,a15b81a9a5f7d73f5c4cefbde5ec940b48fe9fbf43b65feac597b7b12c02f44c,https://ndownloader.figshare.com/files/3732799,data/04_bioaccumulation/ITRC_Table_5-1_BCF-BAF_aquatic.xlsx,BCF-BAF Database,46,K46;I46;J46,"{""BAF"": 76207.90100254127, ""BAF Min"": 30974.192992165816, ""BAF Max"": 136144.46824659524}",reported_database_value,76207.90100254127,True,True,bfc24df5dbd2d21341a9580e5053f7a7b89c1ddea1ebe75c55407f4cee27a54d,verified_summary,,CIT_97accc2b1b7d81d229ff,True,True,True,verified_summary,True,SI Table S10 PDF page 11; XR; bile; F-53B (6:2); mean,4.882000000000001,not_reported
BIO_5684,897,5684,F-53B (6:2),Potassium 9-chlorohexadecafluoro-3-oxanonane-1-sulfonate,73606-19-6,PFSA_Cl_ether,8.0,BAF,40179.08108489405,4.604,L/kg,40179.08108489405,,wet weight,,Carassius carassius,Crucian Carp,fish,bladder,,,,,freshwater,,field,ITRC,https://pfas-1.itrcweb.org/wp-content/uploads/2023/10/ITRC_PFAS_-BCF-BAF_compilation_Table5-1_Oct2021.xlsx,Shi 2015,ITRC-compiled,"location=Xiaoqing River, Shandong province; waterbody=Lake; note=Samples collected in July 2014; uid=53",2026-05-17T15:19:23+00:00,Potassium 9-chlorohexadecafluoro-3-oxanonane-1-sulfonate,73606-19-6,OWQCHLFKOGVODW-UHFFFAOYSA-M,,,[K+].[O-]S(=O)(=O)C(F)(F)C(F)(F)OC(F)(F)C(F)(F)C(F)(F)C(F)(F)C(F)(F)C(F)(F)Cl,C8ClF16KO4S,570.67,其它全氟,,,EPA,,,,,,O=S(=O)([O-])C(F)(F)C(F)(F)OC(F)(F)C(F)(F)C(F)(F)C(F)(F)C(F)(F)C(F)(F)Cl.[K+],O=S(=O)(O)C(F)(F)C(F)(F)OC(F)(F)C(F)(F)C(F)(F)C(F)(F)C(F)(F)C(F)(F)Cl,CMP_b7e2eb89ae6c3db4e807,shi2015,10.1021/acs.est.5b04299,provisional_normalized_citation_cross_source_equivalence_unverified,,,L/kg,1.0,40179.08108489405,40179.08108489405,4.604000000000001,4.604000000000001,-8.881784197001252e-16,False,True,True,True,,retained,False,10.1021/acs.est.5b04299,Tissue Distribution and Whole Body Burden of the Chlorinated Polyfluoroalkyl Ether Sulfonic Acid F-53B in Crucian Carp (Carassius carassius): Evidence for a Highly Bioaccumulative Contaminant of Emerging Concern,Shi 2015; Tissue Distribution and Whole Body Burden of the Chlorinated Polyfluoroalkyl Ether Sulfonic Acid F-53B in Crucian Carp (Carassius carassius): Evidence for a Highly Bioaccumulative Contaminant of Emerging Concern; Environmental Science & Technology,ITRC Table5-1; BCF-BAF Database!row 47; uid=53; endpoint=BAF,,database_cell_verified,1.0,,,,,,,exact numeric cell match,original paper table/page and primary measurement not yet verified,,OBS_6d665b67f203e70f,1,candidate only; missing conditions and repeated experiments prevent unique identification,not verified against original experimental table,original search date/operator unavailable; current audit is not original collection history,,10.1021/acs.est.5b04299,verified_summary,retain_verified_summary_separate_from_individual_measurements,SI Table S10 PDF page 11; XR; bladder; F-53B (6:2); mean,4.604,log10,Mean logBAF; shared study/site fish; whole body reconstructed from tissue contributions where applicable; not individual measurements,sources/c6c948e07c3aa145/es5b04299_si_001.pdf,9aae996f78c953b3e1ce,,True,a15b81a9a5f7d73f5c4cefbde5ec940b48fe9fbf43b65feac597b7b12c02f44c,https://ndownloader.figshare.com/files/3732799,data/04_bioaccumulation/ITRC_Table_5-1_BCF-BAF_aquatic.xlsx,BCF-BAF Database,47,K47;I47;J47,"{""BAF"": 40179.08108489405, ""BAF Min"": 8729.713683881118, ""BAF Max"": 74989.42093324568}",reported_database_value,40179.08108489405,True,True,bfc24df5dbd2d21341a9580e5053f7a7b89c1ddea1ebe75c55407f4cee27a54d,verified_summary,,CIT_97accc2b1b7d81d229ff,True,True,True,verified_summary,True,SI Table S10 PDF page 11; XR; bladder; F-53B (6:2); mean,4.604000000000001,not_reported
BIO_5685,898,5685,F-53B (6:2),Potassium 9-chlorohexadecafluoro-3-oxanonane-1-sulfonate,73606-19-6,PFSA_Cl_ether,8.0,BAF,112719.745617551,5.052,L/kg,112719.74561755096,,wet weight,,Carassius carassius,Crucian Carp,fish,blood,,,,,freshwater,,field,ITRC,https://pfas-1.itrcweb.org/wp-content/uploads/2023/10/ITRC_PFAS_-BCF-BAF_compilation_Table5-1_Oct2021.xlsx,Shi 2015,ITRC-compiled,"location=Xiaoqing River, Shandong province; waterbody=Lake; note=Samples collected in July 2014; uid=54",2026-05-17T15:19:23+00:00,Potassium 9-chlorohexadecafluoro-3-oxanonane-1-sulfonate,73606-19-6,OWQCHLFKOGVODW-UHFFFAOYSA-M,,,[K+].[O-]S(=O)(=O)C(F)(F)C(F)(F)OC(F)(F)C(F)(F)C(F)(F)C(F)(F)C(F)(F)C(F)(F)Cl,C8ClF16KO4S,570.67,其它全氟,,,EPA,,,,,,O=S(=O)([O-])C(F)(F)C(F)(F)OC(F)(F)C(F)(F)C(F)(F)C(F)(F)C(F)(F)C(F)(F)Cl.[K+],O=S(=O)(O)C(F)(F)C(F)(F)OC(F)(F)C(F)(F)C(F)(F)C(F)(F)C(F)(F)C(F)(F)Cl,CMP_b7e2eb89ae6c3db4e807,shi2015,10.1021/acs.est.5b04299,provisional_normalized_citation_cross_source_equivalence_unverified,,,L/kg,1.0,112719.745617551,112719.745617551,5.052,5.052,0.0,False,True,True,True,,retained,False,10.1021/acs.est.5b04299,Tissue Distribution and Whole Body Burden of the Chlorinated Polyfluoroalkyl Ether Sulfonic Acid F-53B in Crucian Carp (Carassius carassius): Evidence for a Highly Bioaccumulative Contaminant of Emerging Concern,Shi 2015; Tissue Distribution and Whole Body Burden of the Chlorinated Polyfluoroalkyl Ether Sulfonic Acid F-53B in Crucian Carp (Carassius carassius): Evidence for a Highly Bioaccumulative Contaminant of Emerging Concern; Environmental Science & Technology,ITRC Table5-1; BCF-BAF Database!row 48; uid=54; endpoint=BAF,,database_cell_verified,1.0,,,,,,,exact numeric cell match,original paper table/page and primary measurement not yet verified,,OBS_560732d580368034,1,candidate only; missing conditions and repeated experiments prevent unique identification,not verified against original experimental table,original search date/operator unavailable; current audit is not original collection history,,10.1021/acs.est.5b04299,verified_summary,retain_verified_summary_separate_from_individual_measurements,SI Table S10 PDF page 11; XR; blood; F-53B (6:2); mean,5.052,log10,Mean logBAF; shared study/site fish; whole body reconstructed from tissue contributions where applicable; not individual measurements,sources/c6c948e07c3aa145/es5b04299_si_001.pdf,5c556775898e30306763,,True,a15b81a9a5f7d73f5c4cefbde5ec940b48fe9fbf43b65feac597b7b12c02f44c,https://ndownloader.figshare.com/files/3732799,data/04_bioaccumulation/ITRC_Table_5-1_BCF-BAF_aquatic.xlsx,BCF-BAF Database,48,K48;I48;J48,"{""BAF"": 112719.74561755096, ""BAF Min"": 35645.11334262444, ""BAF Max"": 208449.08830972927}",reported_database_value,112719.74561755096,True,True,bfc24df5dbd2d21341a9580e5053f7a7b89c1ddea1ebe75c55407f4cee27a54d,verified_summary,,CIT_97accc2b1b7d81d229ff,True,True,True,verified_summary,True,SI Table S10 PDF page 11; XR; blood; F-53B (6:2); mean,5.052,not_reported
BIO_5686,899,5686,F-53B (6:2),Potassium 9-chlorohexadecafluoro-3-oxanonane-1-sulfonate,73606-19-6,PFSA_Cl_ether,8.0,BAF,36475.39469256086,4.562,L/kg,36475.39469256086,,wet weight,,Carassius carassius,Crucian Carp,fish,brain,,,,,freshwater,,field,ITRC,https://pfas-1.itrcweb.org/wp-content/uploads/2023/10/ITRC_PFAS_-BCF-BAF_compilation_Table5-1_Oct2021.xlsx,Shi 2015,ITRC-compiled,"location=Xiaoqing River, Shandong province; waterbody=Lake; note=Samples collected in July 2014; uid=55",2026-05-17T15:19:23+00:00,Potassium 9-chlorohexadecafluoro-3-oxanonane-1-sulfonate,73606-19-6,OWQCHLFKOGVODW-UHFFFAOYSA-M,,,[K+].[O-]S(=O)(=O)C(F)(F)C(F)(F)OC(F)(F)C(F)(F)C(F)(F)C(F)(F)C(F)(F)C(F)(F)Cl,C8ClF16KO4S,570.67,其它全氟,,,EPA,,,,,,O=S(=O)([O-])C(F)(F)C(F)(F)OC(F)(F)C(F)(F)C(F)(F)C(F)(F)C(F)(F)C(F)(F)Cl.[K+],O=S(=O)(O)C(F)(F)C(F)(F)OC(F)(F)C(F)(F)C(F)(F)C(F)(F)C(F)(F)C(F)(F)Cl,CMP_b7e2eb89ae6c3db4e807,shi2015,10.1021/acs.est.5b04299,provisional_normalized_citation_cross_source_equivalence_unverified,,,L/kg,1.0,36475.39469256086,36475.39469256086,4.562000000000001,4.562000000000001,-8.881784197001252e-16,False,True,True,True,,retained,False,10.1021/acs.est.5b04299,Tissue Distribution and Whole Body Burden of the Chlorinated Polyfluoroalkyl Ether Sulfonic Acid F-53B in Crucian Carp (Carassius carassius): Evidence for a Highly Bioaccumulative Contaminant of Emerging Concern,Shi 2015; Tissue Distribution and Whole Body Burden of the Chlorinated Polyfluoroalkyl Ether Sulfonic Acid F-53B in Crucian Carp (Carassius carassius): Evidence for a Highly Bioaccumulative Contaminant of Emerging Concern; Environmental Science & Technology,ITRC Table5-1; BCF-BAF Database!row 49; uid=55; endpoint=BAF,,database_cell_verified,1.0,,,,,,,exact numeric cell match,original paper table/page and primary measurement not yet verified,,OBS_f8823fcd4c3c2906,1,candidate only; missing conditions and repeated experiments prevent unique identification,not verified against original experimental table,original search date/operator unavailable; current audit is not original collection history,,10.1021/acs.est.5b04299,verified_summary,retain_verified_summary_separate_from_individual_measurements,SI Table S10 PDF page 11; XR; brain; F-53B (6:2); mean,4.562,log10,Mean logBAF; shared study/site fish; whole body reconstructed from tissue contributions where applicable; not individual measurements,sources/c6c948e07c3aa145/es5b04299_si_001.pdf,c68303a5a5929833d3f3,,True,a15b81a9a5f7d73f5c4cefbde5ec940b48fe9fbf43b65feac597b7b12c02f44c,https://ndownloader.figshare.com/files/3732799,data/04_bioaccumulation/ITRC_Table_5-1_BCF-BAF_aquatic.xlsx,BCF-BAF Database,49,K49;I49;J49,"{""BAF"": 36475.39469256086, ""BAF Min"": 14689.262776438678, ""BAF Max"": 66988.4609416527}",reported_database_value,36475.39469256086,True,True,bfc24df5dbd2d21341a9580e5053f7a7b89c1ddea1ebe75c55407f4cee27a54d,verified_summary,,CIT_97accc2b1b7d81d229ff,True,True,True,verified_summary,True,SI Table S10 PDF page 11; XR; brain; F-53B (6:2); mean,4.562000000000001,not_reported
BIO_5687,900,5687,F-53B (6:2),Potassium 9-chlorohexadecafluoro-3-oxanonane-1-sulfonate,73606-19-6,PFSA_Cl_ether,8.0,BAF,44874.53899331328,4.652,L/kg,44874.53899331328,,wet weight,,Carassius carassius,Crucian Carp,fish,gill,,,,,freshwater,,field,ITRC,https://pfas-1.itrcweb.org/wp-content/uploads/2023/10/ITRC_PFAS_-BCF-BAF_compilation_Table5-1_Oct2021.xlsx,Shi 2015,ITRC-compiled,"location=Xiaoqing River, Shandong province; waterbody=Lake; note=Samples collected in July 2014; uid=56",2026-05-17T15:19:23+00:00,Potassium 9-chlorohexadecafluoro-3-oxanonane-1-sulfonate,73606-19-6,OWQCHLFKOGVODW-UHFFFAOYSA-M,,,[K+].[O-]S(=O)(=O)C(F)(F)C(F)(F)OC(F)(F)C(F)(F)C(F)(F)C(F)(F)C(F)(F)C(F)(F)Cl,C8ClF16KO4S,570.67,其它全氟,,,EPA,,,,,,O=S(=O)([O-])C(F)(F)C(F)(F)OC(F)(F)C(F)(F)C(F)(F)C(F)(F)C(F)(F)C(F)(F)Cl.[K+],O=S(=O)(O)C(F)(F)C(F)(F)OC(F)(F)C(F)(F)C(F)(F)C(F)(F)C(F)(F)C(F)(F)Cl,CMP_b7e2eb89ae6c3db4e807,shi2015,10.1021/acs.est.5b04299,provisional_normalized_citation_cross_source_equivalence_unverified,,,L/kg,1.0,44874.53899331328,44874.53899331328,4.652000000000001,4.652000000000001,-8.881784197001252e-16,False,True,True,True,,retained,False,10.1021/acs.est.5b04299,Tissue Distribution and Whole Body Burden of the Chlorinated Polyfluoroalkyl Ether Sulfonic Acid F-53B in Crucian Carp (Carassius carassius): Evidence for a Highly Bioaccumulative Contaminant of Emerging Concern,Shi 2015; Tissue Distribution and Whole Body Burden of the Chlorinated Polyfluoroalkyl Ether Sulfonic Acid F-53B in Crucian Carp (Carassius carassius): Evidence for a Highly Bioaccumulative Contaminant of Emerging Concern; Environmental Science & Technology,ITRC Table5-1; BCF-BAF Database!row 50; uid=56; endpoint=BAF,,database_cell_verified,1.0,,,,,,,exact numeric cell match,original paper table/page and primary measurement not yet verified,,OBS_508b0a80292c5a11,1,candidate only; missing conditions and repeated experiments prevent unique identification,not verified against original experimental table,original search date/operator unavailable; current audit is not original collection history,,10.1021/acs.est.5b04299,verified_summary,retain_verified_summary_separate_from_individual_measurements,SI Table S10 PDF page 11; XR; gill; F-53B (6:2); mean,4.652,log10,Mean logBAF; shared study/site fish; whole body reconstructed from tissue contributions where applicable; not individual measurements,sources/c6c948e07c3aa145/es5b04299_si_001.pdf,8d304a00142aeffe6093,,True,a15b81a9a5f7d73f5c4cefbde5ec940b48fe9fbf43b65feac597b7b12c02f44c,https://ndownloader.figshare.com/files/3732799,data/04_bioaccumulation/ITRC_Table_5-1_BCF-BAF_aquatic.xlsx,BCF-BAF Database,50,K50;I50;J50,"{""BAF"": 44874.538993313276, ""BAF Min"": 19186.687406702935, ""BAF Max"": 81658.2371358593}",reported_database_value,44874.53899331328,True,True,bfc24df5dbd2d21341a9580e5053f7a7b89c1ddea1ebe75c55407f4cee27a54d,verified_summary,,CIT_97accc2b1b7d81d229ff,True,True,True,verified_summary,True,SI Table S10 PDF page 11; XR; gill; F-53B (6:2); mean,4.652000000000001,not_reported
BIO_5688,901,5688,F-53B (6:2),Potassium 9-chlorohexadecafluoro-3-oxanonane-1-sulfonate,73606-19-6,PFSA_Cl_ether,8.0,BAF,62805.83588133183,4.798,L/kg,62805.83588133184,,wet weight,,Carassius carassius,Crucian Carp,fish,gonad,,,,,freshwater,,field,ITRC,https://pfas-1.itrcweb.org/wp-content/uploads/2023/10/ITRC_PFAS_-BCF-BAF_compilation_Table5-1_Oct2021.xlsx,Shi 2015,ITRC-compiled,"location=Xiaoqing River, Shandong province; waterbody=Lake; note=Samples collected in July 2014; uid=57",2026-05-17T15:19:23+00:00,Potassium 9-chlorohexadecafluoro-3-oxanonane-1-sulfonate,73606-19-6,OWQCHLFKOGVODW-UHFFFAOYSA-M,,,[K+].[O-]S(=O)(=O)C(F)(F)C(F)(F)OC(F)(F)C(F)(F)C(F)(F)C(F)(F)C(F)(F)C(F)(F)Cl,C8ClF16KO4S,570.67,其它全氟,,,EPA,,,,,,O=S(=O)([O-])C(F)(F)C(F)(F)OC(F)(F)C(F)(F)C(F)(F)C(F)(F)C(F)(F)C(F)(F)Cl.[K+],O=S(=O)(O)C(F)(F)C(F)(F)OC(F)(F)C(F)(F)C(F)(F)C(F)(F)C(F)(F)C(F)(F)Cl,CMP_b7e2eb89ae6c3db4e807,shi2015,10.1021/acs.est.5b04299,provisional_normalized_citation_cross_source_equivalence_unverified,,,L/kg,1.0,62805.83588133183,62805.83588133183,4.798,4.798,0.0,False,True,True,True,,retained,False,10.1021/acs.est.5b04299,Tissue Distribution and Whole Body Burden of the Chlorinated Polyfluoroalkyl Ether Sulfonic Acid F-53B in Crucian Carp (Carassius carassius): Evidence for a Highly Bioaccumulative Contaminant of Emerging Concern,Shi 2015; Tissue Distribution and Whole Body Burden of the Chlorinated Polyfluoroalkyl Ether Sulfonic Acid F-53B in Crucian Carp (Carassius carassius): Evidence for a Highly Bioaccumulative Contaminant of Emerging Concern; Environmental Science & Technology,ITRC Table5-1; BCF-BAF Database!row 51; uid=57; endpoint=BAF,,database_cell_verified,1.0,,,,,,,exact numeric cell match,original paper table/page and primary measurement not yet verified,,OBS_537246d471c79240,1,candidate only; missing conditions and repeated experiments prevent unique identification,not verified against original experimental table,original search date/operator unavailable; current audit is not original collection history,,10.1021/acs.est.5b04299,verified_summary,retain_verified_summary_separate_from_individual_measurements,SI Table S10 PDF page 11; XR; gonad; F-53B (6:2); mean,4.798,log10,Mean logBAF; shared study/site fish; whole body reconstructed from tissue contributions where applicable; not individual measurements,sources/c6c948e07c3aa145/es5b04299_si_001.pdf,2bbcf1447eea18ec7581,,True,a15b81a9a5f7d73f5c4cefbde5ec940b48fe9fbf43b65feac597b7b12c02f44c,https://ndownloader.figshare.com/files/3732799,data/04_bioaccumulation/ITRC_Table_5-1_BCF-BAF_aquatic.xlsx,BCF-BAF Database,51,K51;I51;J51,"{""BAF"": 62805.835881331834, ""BAF Min"": 13304.544179780922, ""BAF Max"": 149623.56560944338}",reported_database_value,62805.83588133184,True,True,bfc24df5dbd2d21341a9580e5053f7a7b89c1ddea1ebe75c55407f4cee27a54d,verified_summary,,CIT_97accc2b1b7d81d229ff,True,True,True,verified_summary,True,SI Table S10 PDF page 11; XR; gonad; F-53B (6:2); mean,4.798,not_reported
BIO_5689,902,5689,F-53B (6:2),Potassium 9-chlorohexadecafluoro-3-oxanonane-1-sulfonate,73606-19-6,PFSA_Cl_ether,8.0,BAF,49203.95356814515,4.692,L/kg,49203.953568145145,,wet weight,,Carassius carassius,Crucian Carp,fish,heart,,,,,freshwater,,field,ITRC,https://pfas-1.itrcweb.org/wp-content/uploads/2023/10/ITRC_PFAS_-BCF-BAF_compilation_Table5-1_Oct2021.xlsx,Shi 2015,ITRC-compiled,"location=Xiaoqing River, Shandong province; waterbody=Lake; note=Samples collected in July 2014; uid=58",2026-05-17T15:19:24+00:00,Potassium 9-chlorohexadecafluoro-3-oxanonane-1-sulfonate,73606-19-6,OWQCHLFKOGVODW-UHFFFAOYSA-M,,,[K+].[O-]S(=O)(=O)C(F)(F)C(F)(F)OC(F)(F)C(F)(F)C(F)(F)C(F)(F)C(F)(F)C(F)(F)Cl,C8ClF16KO4S,570.67,其它全氟,,,EPA,,,,,,O=S(=O)([O-])C(F)(F)C(F)(F)OC(F)(F)C(F)(F)C(F)(F)C(F)(F)C(F)(F)C(F)(F)Cl.[K+],O=S(=O)(O)C(F)(F)C(F)(F)OC(F)(F)C(F)(F)C(F)(F)C(F)(F)C(F)(F)C(F)(F)Cl,CMP_b7e2eb89ae6c3db4e807,shi2015,10.1021/acs.est.5b04299,provisional_normalized_citation_cross_source_equivalence_unverified,,,L/kg,1.0,49203.95356814515,49203.95356814515,4.692,4.692,0.0,False,True,True,True,,retained,False,10.1021/acs.est.5b04299,Tissue Distribution and Whole Body Burden of the Chlorinated Polyfluoroalkyl Ether Sulfonic Acid F-53B in Crucian Carp (Carassius carassius): Evidence for a Highly Bioaccumulative Contaminant of Emerging Concern,Shi 2015; Tissue Distribution and Whole Body Burden of the Chlorinated Polyfluoroalkyl Ether Sulfonic Acid F-53B in Crucian Carp (Carassius carassius): Evidence for a Highly Bioaccumulative Contaminant of Emerging Concern; Environmental Science & Technology,ITRC Table5-1; BCF-BAF Database!row 52; uid=58; endpoint=BAF,,database_cell_verified,1.0,,,,,,,exact numeric cell match,original paper table/page and primary measurement not yet verified,,OBS_8434c389e320f491,1,candidate only; missing conditions and repeated experiments prevent unique identification,not verified against original experimental table,original search date/operator unavailable; current audit is not original collection history,,10.1021/acs.est.5b04299,verified_summary,retain_verified_summary_separate_from_individual_measurements,SI Table S10 PDF page 11; XR; heart; F-53B (6:2); mean,4.692,log10,Mean logBAF; shared study/site fish; whole body reconstructed from tissue contributions where applicable; not individual measurements,sources/c6c948e07c3aa145/es5b04299_si_001.pdf,aaecd0498f4dbc72edd4,,True,a15b81a9a5f7d73f5c4cefbde5ec940b48fe9fbf43b65feac597b7b12c02f44c,https://ndownloader.figshare.com/files/3732799,data/04_bioaccumulation/ITRC_Table_5-1_BCF-BAF_aquatic.xlsx,BCF-BAF Database,52,K52;I52;J52,"{""BAF"": 49203.953568145145, ""BAF Min"": 10568.175092136602, ""BAF Max"": 81658.2371358593}",reported_database_value,49203.953568145145,True,True,bfc24df5dbd2d21341a9580e5053f7a7b89c1ddea1ebe75c55407f4cee27a54d,verified_summary,,CIT_97accc2b1b7d81d229ff,True,True,True,verified_summary,True,SI Table S10 PDF page 11; XR; heart; F-53B (6:2); mean,4.692,not_reported
BIO_5690,903,5690,F-53B (6:2),Potassium 9-chlorohexadecafluoro-3-oxanonane-1-sulfonate,73606-19-6,PFSA_Cl_ether,8.0,BAF,65162.83940608435,4.814,L/kg,65162.83940608435,,wet weight,,Carassius carassius,Crucian Carp,fish,kidney,,,,,freshwater,,field,ITRC,https://pfas-1.itrcweb.org/wp-content/uploads/2023/10/ITRC_PFAS_-BCF-BAF_compilation_Table5-1_Oct2021.xlsx,Shi 2015,ITRC-compiled,"location=Xiaoqing River, Shandong province; waterbody=Lake; note=Samples collected in July 2014; uid=59",2026-05-17T15:19:24+00:00,Potassium 9-chlorohexadecafluoro-3-oxanonane-1-sulfonate,73606-19-6,OWQCHLFKOGVODW-UHFFFAOYSA-M,,,[K+].[O-]S(=O)(=O)C(F)(F)C(F)(F)OC(F)(F)C(F)(F)C(F)(F)C(F)(F)C(F)(F)C(F)(F)Cl,C8ClF16KO4S,570.67,其它全氟,,,EPA,,,,,,O=S(=O)([O-])C(F)(F)C(F)(F)OC(F)(F)C(F)(F)C(F)(F)C(F)(F)C(F)(F)C(F)(F)Cl.[K+],O=S(=O)(O)C(F)(F)C(F)(F)OC(F)(F)C(F)(F)C(F)(F)C(F)(F)C(F)(F)C(F)(F)Cl,CMP_b7e2eb89ae6c3db4e807,shi2015,10.1021/acs.est.5b04299,provisional_normalized_citation_cross_source_equivalence_unverified,,,L/kg,1.0,65162.83940608435,65162.83940608435,4.814000000000001,4.814000000000001,-8.881784197001252e-16,False,True,True,True,,retained,False,10.1021/acs.est.5b04299,Tissue Distribution and Whole Body Burden of the Chlorinated Polyfluoroalkyl Ether Sulfonic Acid F-53B in Crucian Carp (Carassius carassius): Evidence for a Highly Bioaccumulative Contaminant of Emerging Concern,Shi 2015; Tissue Distribution and Whole Body Burden of the Chlorinated Polyfluoroalkyl Ether Sulfonic Acid F-53B in Crucian Carp (Carassius carassius): Evidence for a Highly Bioaccumulative Contaminant of Emerging Concern; Environmental Science & Technology,ITRC Table5-1; BCF-BAF Database!row 53; uid=59; endpoint=BAF,,database_cell_verified,1.0,,,,,,,exact numeric cell match,original paper table/page and primary measurement not yet verified,,OBS_d07cb108cb319a8d,1,candidate only; missing conditions and repeated experiments prevent unique identification,not verified against original experimental table,original search date/operator unavailable; current audit is not original collection history,,10.1021/acs.est.5b04299,verified_summary,retain_verified_summary_separate_from_individual_measurements,SI Table S10 PDF page 11; XR; kidney; F-53B (6:2); mean,4.814,log10,Mean logBAF; shared study/site fish; whole body reconstructed from tissue contributions where applicable; not individual measurements,sources/c6c948e07c3aa145/es5b04299_si_001.pdf,44b53764eba79b727f87,,True,a15b81a9a5f7d73f5c4cefbde5ec940b48fe9fbf43b65feac597b7b12c02f44c,https://ndownloader.figshare.com/files/3732799,data/04_bioaccumulation/ITRC_Table_5-1_BCF-BAF_aquatic.xlsx,BCF-BAF Database,53,K53;I53;J53,"{""BAF"": 65162.83940608435, ""BAF Min"": 14996.84835502376, ""BAF Max"": 126182.75345906729}",reported_database_value,65162.83940608435,True,True,bfc24df5dbd2d21341a9580e5053f7a7b89c1ddea1ebe75c55407f4cee27a54d,verified_summary,,CIT_97accc2b1b7d81d229ff,True,True,True,verified_summary,True,SI Table S10 PDF page 11; XR; kidney; F-53B (6:2); mean,4.814000000000001,not_reported
BIO_5691,904,5691,F-53B (6:2),Potassium 9-chlorohexadecafluoro-3-oxanonane-1-sulfonate,73606-19-6,PFSA_Cl_ether,8.0,BAF,51286.13839913654,4.71,L/kg,51286.138399136544,,wet weight,,Carassius carassius,Crucian Carp,fish,liver,,,,,freshwater,,field,ITRC,https://pfas-1.itrcweb.org/wp-content/uploads/2023/10/ITRC_PFAS_-BCF-BAF_compilation_Table5-1_Oct2021.xlsx,Shi 2015,ITRC-compiled,"location=Xiaoqing River, Shandong province; waterbody=Lake; note=Samples collected in July 2014; uid=60",2026-05-17T15:19:24+00:00,Potassium 9-chlorohexadecafluoro-3-oxanonane-1-sulfonate,73606-19-6,OWQCHLFKOGVODW-UHFFFAOYSA-M,,,[K+].[O-]S(=O)(=O)C(F)(F)C(F)(F)OC(F)(F)C(F)(F)C(F)(F)C(F)(F)C(F)(F)C(F)(F)Cl,C8ClF16KO4S,570.67,其它全氟,,,EPA,,,,,,O=S(=O)([O-])C(F)(F)C(F)(F)OC(F)(F)C(F)(F)C(F)(F)C(F)(F)C(F)(F)C(F)(F)Cl.[K+],O=S(=O)(O)C(F)(F)C(F)(F)OC(F)(F)C(F)(F)C(F)(F)C(F)(F)C(F)(F)C(F)(F)Cl,CMP_b7e2eb89ae6c3db4e807,shi2015,10.1021/acs.est.5b04299,provisional_normalized_citation_cross_source_equivalence_unverified,,,L/kg,1.0,51286.13839913654,51286.13839913654,4.710000000000001,4.710000000000001,-8.881784197001252e-16,False,True,True,True,,retained,False,10.1021/acs.est.5b04299,Tissue Distribution and Whole Body Burden of the Chlorinated Polyfluoroalkyl Ether Sulfonic Acid F-53B in Crucian Carp (Carassius carassius): Evidence for a Highly Bioaccumulative Contaminant of Emerging Concern,Shi 2015; Tissue Distribution and Whole Body Burden of the Chlorinated Polyfluoroalkyl Ether Sulfonic Acid F-53B in Crucian Carp (Carassius carassius): Evidence for a Highly Bioaccumulative Contaminant of Emerging Concern; Environmental Science & Technology,ITRC Table5-1; BCF-BAF Database!row 54; uid=60; endpoint=BAF,,database_cell_verified,1.0,,,,,,,exact numeric cell match,original paper table/page and primary measurement not yet verified,,OBS_d82b60259936193d,1,candidate only; missing conditions and repeated experiments prevent unique identification,not verified against original experimental table,original search date/operator unavailable; current audit is not original collection history,,10.1021/acs.est.5b04299,verified_summary,retain_verified_summary_separate_from_individual_measurements,SI Table S10 PDF page 11; XR; liver; F-53B (6:2); mean,4.71,log10,Mean logBAF; shared study/site fish; whole body reconstructed from tissue contributions where applicable; not individual measurements,sources/c6c948e07c3aa145/es5b04299_si_001.pdf,04038b966d6c29e15d33,,True,a15b81a9a5f7d73f5c4cefbde5ec940b48fe9fbf43b65feac597b7b12c02f44c,https://ndownloader.figshare.com/files/3732799,data/04_bioaccumulation/ITRC_Table_5-1_BCF-BAF_aquatic.xlsx,BCF-BAF Database,54,K54;I54;J54,"{""BAF"": 51286.138399136544, ""BAF Min"": 16180.800376430658, ""BAF Max"": 90782.05301781866}",reported_database_value,51286.138399136544,True,True,bfc24df5dbd2d21341a9580e5053f7a7b89c1ddea1ebe75c55407f4cee27a54d,verified_summary,,CIT_97accc2b1b7d81d229ff,True,True,True,verified_summary,True,SI Table S10 PDF page 11; XR; liver; F-53B (6:2); mean,4.710000000000001,not_reported
BIO_5692,905,5692,F-53B (6:2),Potassium 9-chlorohexadecafluoro-3-oxanonane-1-sulfonate,73606-19-6,PFSA_Cl_ether,8.0,BAF,8511.380382023777,3.93,L/kg,8511.380382023777,,wet weight,,Carassius carassius,Crucian Carp,fish,muscle,,,,,freshwater,,field,ITRC,https://pfas-1.itrcweb.org/wp-content/uploads/2023/10/ITRC_PFAS_-BCF-BAF_compilation_Table5-1_Oct2021.xlsx,Shi 2015,ITRC-compiled,"location=Xiaoqing River, Shandong province; waterbody=Lake; note=Samples collected in July 2014; uid=61",2026-05-17T15:19:24+00:00,Potassium 9-chlorohexadecafluoro-3-oxanonane-1-sulfonate,73606-19-6,OWQCHLFKOGVODW-UHFFFAOYSA-M,,,[K+].[O-]S(=O)(=O)C(F)(F)C(F)(F)OC(F)(F)C(F)(F)C(F)(F)C(F)(F)C(F)(F)C(F)(F)Cl,C8ClF16KO4S,570.67,其它全氟,,,EPA,,,,,,O=S(=O)([O-])C(F)(F)C(F)(F)OC(F)(F)C(F)(F)C(F)(F)C(F)(F)C(F)(F)C(F)(F)Cl.[K+],O=S(=O)(O)C(F)(F)C(F)(F)OC(F)(F)C(F)(F)C(F)(F)C(F)(F)C(F)(F)C(F)(F)Cl,CMP_b7e2eb89ae6c3db4e807,shi2015,10.1021/acs.est.5b04299,provisional_normalized_citation_cross_source_equivalence_unverified,,,L/kg,1.0,8511.380382023777,8511.380382023777,3.9300000000000006,3.9300000000000006,-4.440892098500626e-16,False,True,True,True,,retained,False,10.1021/acs.est.5b04299,Tissue Distribution and Whole Body Burden of the Chlorinated Polyfluoroalkyl Ether Sulfonic Acid F-53B in Crucian Carp (Carassius carassius): Evidence for a Highly Bioaccumulative Contaminant of Emerging Concern,Shi 2015; Tissue Distribution and Whole Body Burden of the Chlorinated Polyfluoroalkyl Ether Sulfonic Acid F-53B in Crucian Carp (Carassius carassius): Evidence for a Highly Bioaccumulative Contaminant of Emerging Concern; Environmental Science & Technology,ITRC Table5-1; BCF-BAF Database!row 55; uid=61; endpoint=BAF,,database_cell_verified,1.0,,,,,,,exact numeric cell match,original paper table/page and primary measurement not yet verified,,OBS_3ff0e1dde5d68adf,1,candidate only; missing conditions and repeated experiments prevent unique identification,not verified against original experimental table,original search date/operator unavailable; current audit is not original collection history,,10.1021/acs.est.5b04299,verified_summary,retain_verified_summary_separate_from_individual_measurements,SI Table S10 PDF page 11; XR; muscle; F-53B (6:2); mean,3.93,log10,Mean logBAF; shared study/site fish; whole body reconstructed from tissue contributions where applicable; not individual measurements,sources/c6c948e07c3aa145/es5b04299_si_001.pdf,d6edcf1d80262e0af7b9,,True,a15b81a9a5f7d73f5c4cefbde5ec940b48fe9fbf43b65feac597b7b12c02f44c,https://ndownloader.figshare.com/files/3732799,data/04_bioaccumulation/ITRC_Table_5-1_BCF-BAF_aquatic.xlsx,BCF-BAF Database,55,K55;I55;J55,"{""BAF"": 8511.380382023777, ""BAF Min"": 2409.9054286865976, ""BAF Max"": 15559.65631605075}",reported_database_value,8511.380382023777,True,True,bfc24df5dbd2d21341a9580e5053f7a7b89c1ddea1ebe75c55407f4cee27a54d,verified_summary,,CIT_97accc2b1b7d81d229ff,True,True,True,verified_summary,True,SI Table S10 PDF page 11; XR; muscle; F-53B (6:2); mean,3.9300000000000006,not_reported
BIO_5694,907,5694,PFOS,Perfluorooctanesulfonic acid,1763-23-1,PFSA,8.0,BAF,20892.96130854042,4.32,L/kg,20892.961308540423,,wet weight,,Clupea harengus,Herring,fish,whole body,,,,,marine,,field,ITRC,https://pfas-1.itrcweb.org/wp-content/uploads/2023/10/ITRC_PFAS_-BCF-BAF_compilation_Table5-1_Oct2021.xlsx,Gebbink 2016,ITRC-compiled,location=Baltic Sea; waterbody=Coastal ocean; note=Error estimates available; uid=64,2026-05-17T15:19:24+00:00,Perfluorooctanesulfonic acid,1763-23-1,YFSUTJLHUFNCNZ-UHFFFAOYSA-N,,74483.0,OS(=O)(=O)C(F)(F)C(F)(F)C(F)(F)C(F)(F)C(F)(F)C(F)(F)C(F)(F)C(F)(F)F,C8HF17O3S,500.13,PFSA,5.0,,EPA,,,,,,O=S(=O)(O)C(F)(F)C(F)(F)C(F)(F)C(F)(F)C(F)(F)C(F)(F)C(F)(F)C(F)(F)F,O=S(=O)(O)C(F)(F)C(F)(F)C(F)(F)C(F)(F)C(F)(F)C(F)(F)C(F)(F)C(F)(F)F,CMP_cfdde373a2a8c04668f0,gebbink2016,10.1021/acs.est.6b01197,provisional_normalized_citation_cross_source_equivalence_unverified,,,L/kg,1.0,20892.96130854042,20892.96130854042,4.32,4.32,0.0,False,True,True,True,,retained,False,10.1021/acs.est.6b01197,Perfluoroalkyl Acids (PFAAs) and Selected Precursors in the Baltic Sea Environment: Do Precursors Play a Role in Food Web Accumulation of PFAAs?,Gebbink 2016; Perfluoroalkyl Acids (PFAAs) and Selected Precursors in the Baltic Sea Environment: Do Precursors Play a Role in Food Web Accumulation of PFAAs?; Environ. Sci. Technol.,ITRC Table5-1; BCF-BAF Database!row 57; uid=64; endpoint=BAF,,database_cell_verified,1.0,,,,,,,exact numeric cell match,original paper table/page and primary measurement not yet verified,,OBS_4fe98b48c5a5a39b,1,candidate only; missing conditions and repeated experiments prevent unique identification,not verified against original experimental table,original search date/operator unavailable; current audit is not original collection history,,10.1021/acs.est.6b01197,verified_summary,retain_verified_summary_separate_from_individual_measurements,SI Table S9 PDF page 16; L-PFOS; herring,4.32,log10,Field summary; source column and bound retained,sources/e8fb86127eac974b/es6b01197_si_001.pdf,2a3a53a762a790d60ce2,,True,b2fb1eece4420ca0d7457c1092f3cefd7dce61a5f9dae773de0efc3ed7eb768d,https://ndownloader.figshare.com/files/5323630,data/04_bioaccumulation/ITRC_Table_5-1_BCF-BAF_aquatic.xlsx,BCF-BAF Database,57,K57;I57;J57,"{""BAF"": 20892.961308540423, ""BAF Min"": null, ""BAF Max"": null}",reported_database_value,20892.961308540423,True,True,bfc24df5dbd2d21341a9580e5053f7a7b89c1ddea1ebe75c55407f4cee27a54d,verified_summary,,CIT_3e7f6a7070b23a4e5e18,True,True,True,verified_summary,True,SI Table S9 PDF page 16; L-PFOS; herring,4.32,not_reported
BIO_5695,908,5695,PFOS,Perfluorooctanesulfonic acid,1763-23-1,PFSA,8.0,BAF,295.1209226666389,2.47,L/kg,295.12092266663893,,wet weight,,? - More than 1 species,Zooplankton,,whole body,,,,,marine,,field,ITRC,https://pfas-1.itrcweb.org/wp-content/uploads/2023/10/ITRC_PFAS_-BCF-BAF_compilation_Table5-1_Oct2021.xlsx,Gebbink 2016,ITRC-compiled,location=Baltic Sea; waterbody=Coastal ocean; note=Error estimates available; uid=65,2026-05-17T15:19:24+00:00,Perfluorooctanesulfonic acid,1763-23-1,YFSUTJLHUFNCNZ-UHFFFAOYSA-N,,74483.0,OS(=O)(=O)C(F)(F)C(F)(F)C(F)(F)C(F)(F)C(F)(F)C(F)(F)C(F)(F)C(F)(F)F,C8HF17O3S,500.13,PFSA,5.0,,EPA,,,,,,O=S(=O)(O)C(F)(F)C(F)(F)C(F)(F)C(F)(F)C(F)(F)C(F)(F)C(F)(F)C(F)(F)F,O=S(=O)(O)C(F)(F)C(F)(F)C(F)(F)C(F)(F)C(F)(F)C(F)(F)C(F)(F)C(F)(F)F,CMP_cfdde373a2a8c04668f0,gebbink2016,10.1021/acs.est.6b01197,provisional_normalized_citation_cross_source_equivalence_unverified,,,L/kg,1.0,295.1209226666389,295.1209226666389,2.4700000000000006,2.4700000000000006,-4.440892098500626e-16,False,True,True,True,,retained,False,10.1021/acs.est.6b01197,Perfluoroalkyl Acids (PFAAs) and Selected Precursors in the Baltic Sea Environment: Do Precursors Play a Role in Food Web Accumulation of PFAAs?,Gebbink 2016; Perfluoroalkyl Acids (PFAAs) and Selected Precursors in the Baltic Sea Environment: Do Precursors Play a Role in Food Web Accumulation of PFAAs?; Environ. Sci. Technol.,ITRC Table5-1; BCF-BAF Database!row 58; uid=65; endpoint=BAF,,database_cell_verified,1.0,,,,,,,exact numeric cell match,original paper table/page and primary measurement not yet verified,,OBS_27d89b2b18cd458c,1,candidate only; missing conditions and repeated experiments prevent unique identification,not verified against original experimental table,original search date/operator unavailable; current audit is not original collection history,,10.1021/acs.est.6b01197,verified_summary,retain_verified_summary_separate_from_individual_measurements,SI Table S9 PDF page 16; L-PFOS; zooplankton,2.47,log10,Field summary; source column and bound retained,sources/e8fb86127eac974b/es6b01197_si_001.pdf,0b3e836d72f9548329b5,,True,b2fb1eece4420ca0d7457c1092f3cefd7dce61a5f9dae773de0efc3ed7eb768d,https://ndownloader.figshare.com/files/5323630,data/04_bioaccumulation/ITRC_Table_5-1_BCF-BAF_aquatic.xlsx,BCF-BAF Database,58,K58;I58;J58,"{""BAF"": 295.12092266663893, ""BAF Min"": null, ""BAF Max"": null}",reported_database_value,295.12092266663893,True,True,bfc24df5dbd2d21341a9580e5053f7a7b89c1ddea1ebe75c55407f4cee27a54d,verified_summary,,CIT_3e7f6a7070b23a4e5e18,True,True,True,verified_summary,True,SI Table S9 PDF page 16; L-PFOS; zooplankton,2.4700000000000006,not_reported
BIO_5696,909,5696,PFOS,Perfluorooctanesulfonic acid,1763-23-1,PFSA,8.0,BAF,22387.21138568338,4.35,L/kg,22387.211385683386,,wet weight,,Sprattus sprattus,Sprat,fish,whole body,,,,,marine,,field,ITRC,https://pfas-1.itrcweb.org/wp-content/uploads/2023/10/ITRC_PFAS_-BCF-BAF_compilation_Table5-1_Oct2021.xlsx,Gebbink 2016,ITRC-compiled,location=Baltic Sea; waterbody=Coastal ocean; note=Error estimates available; uid=66,2026-05-17T15:19:24+00:00,Perfluorooctanesulfonic acid,1763-23-1,YFSUTJLHUFNCNZ-UHFFFAOYSA-N,,74483.0,OS(=O)(=O)C(F)(F)C(F)(F)C(F)(F)C(F)(F)C(F)(F)C(F)(F)C(F)(F)C(F)(F)F,C8HF17O3S,500.13,PFSA,5.0,,EPA,,,,,,O=S(=O)(O)C(F)(F)C(F)(F)C(F)(F)C(F)(F)C(F)(F)C(F)(F)C(F)(F)C(F)(F)F,O=S(=O)(O)C(F)(F)C(F)(F)C(F)(F)C(F)(F)C(F)(F)C(F)(F)C(F)(F)C(F)(F)F,CMP_cfdde373a2a8c04668f0,gebbink2016,10.1021/acs.est.6b01197,provisional_normalized_citation_cross_source_equivalence_unverified,,,L/kg,1.0,22387.21138568338,22387.21138568338,4.35,4.35,0.0,False,True,True,True,,retained,False,10.1021/acs.est.6b01197,Perfluoroalkyl Acids (PFAAs) and Selected Precursors in the Baltic Sea Environment: Do Precursors Play a Role in Food Web Accumulation of PFAAs?,Gebbink 2016; Perfluoroalkyl Acids (PFAAs) and Selected Precursors in the Baltic Sea Environment: Do Precursors Play a Role in Food Web Accumulation of PFAAs?; Environ. Sci. Technol.,ITRC Table5-1; BCF-BAF Database!row 59; uid=66; endpoint=BAF,,database_cell_verified,1.0,,,,,,,exact numeric cell match,original paper table/page and primary measurement not yet verified,,OBS_d289785747730058,1,candidate only; missing conditions and repeated experiments prevent unique identification,not verified against original experimental table,original search date/operator unavailable; current audit is not original collection history,,10.1021/acs.est.6b01197,verified_summary,retain_verified_summary_separate_from_individual_measurements,SI Table S9 PDF page 16; L-PFOS; sprat,4.35,log10,Field summary; source column and bound retained,sources/e8fb86127eac974b/es6b01197_si_001.pdf,51f063047fc1f3f77f37,fish,True,b2fb1eece4420ca0d7457c1092f3cefd7dce61a5f9dae773de0efc3ed7eb768d,https://ndownloader.figshare.com/files/5323630,data/04_bioaccumulation/ITRC_Table_5-1_BCF-BAF_aquatic.xlsx,BCF-BAF Database,59,K59;I59;J59,"{""BAF"": 22387.211385683382, ""BAF Min"": null, ""BAF Max"": null}",reported_database_value,22387.211385683386,True,True,bfc24df5dbd2d21341a9580e5053f7a7b89c1ddea1ebe75c55407f4cee27a54d,verified_summary,mammal,CIT_3e7f6a7070b23a4e5e18,True,True,True,verified_summary,True,SI Table S9 PDF page 16; L-PFOS; sprat,4.35,not_reported
BIO_5697,910,5697,FOSA,Perfluorooctanesulfonamide,754-91-6,Sulfonamide,8.0,BAF,2884.031503126608,3.46,L/kg,2884.031503126608,,wet weight,,Clupea harengus,Herring,fish,whole body,,,,,marine,,field,ITRC,https://pfas-1.itrcweb.org/wp-content/uploads/2023/10/ITRC_PFAS_-BCF-BAF_compilation_Table5-1_Oct2021.xlsx,Gebbink 2016,ITRC-compiled,location=Baltic Sea; waterbody=Coastal ocean; note=Error estimates available; uid=67,2026-05-17T15:19:24+00:00,Perfluorooctanesulfonamide,754-91-6,RRRXPPIDPYTNJG-UHFFFAOYSA-N,,69785.0,NS(=O)(=O)C(F)(F)C(F)(F)C(F)(F)C(F)(F)C(F)(F)C(F)(F)C(F)(F)C(F)(F)F,C8H2F17NO2S,499.14,FASA,4.8,,EPA,17.0,0.0,7.0,1.0,0.0,NS(=O)(=O)C(F)(F)C(F)(F)C(F)(F)C(F)(F)C(F)(F)C(F)(F)C(F)(F)C(F)(F)F,NS(=O)(=O)C(F)(F)C(F)(F)C(F)(F)C(F)(F)C(F)(F)C(F)(F)C(F)(F)C(F)(F)F,CMP_6a78ec62602000d01409,gebbink2016,10.1021/acs.est.6b01197,provisional_normalized_citation_cross_source_equivalence_unverified,,,L/kg,1.0,2884.031503126608,2884.031503126608,3.4600000000000004,3.4600000000000004,-4.440892098500626e-16,False,True,True,True,,retained,False,10.1021/acs.est.6b01197,Perfluoroalkyl Acids (PFAAs) and Selected Precursors in the Baltic Sea Environment: Do Precursors Play a Role in Food Web Accumulation of PFAAs?,Gebbink 2016; Perfluoroalkyl Acids (PFAAs) and Selected Precursors in the Baltic Sea Environment: Do Precursors Play a Role in Food Web Accumulation of PFAAs?; Environ. Sci. Technol.,ITRC Table5-1; BCF-BAF Database!row 60; uid=67; endpoint=BAF,,database_cell_verified,1.0,,,,,,,exact numeric cell match,original paper table/page and primary measurement not yet verified,,OBS_1138ba141eef30d0,1,candidate only; missing conditions and repeated experiments prevent unique identification,not verified against original experimental table,original search date/operator unavailable; current audit is not original collection history,,10.1021/acs.est.6b01197,verified_summary,retain_verified_summary_separate_from_individual_measurements,SI Table S9 PDF page 16; L-FOSA; herring,3.46,log10,Field summary; source column and bound retained,sources/e8fb86127eac974b/es6b01197_si_001.pdf,bf8ddacfeb2ecd71783c,,True,b2fb1eece4420ca0d7457c1092f3cefd7dce61a5f9dae773de0efc3ed7eb768d,https://ndownloader.figshare.com/files/5323630,data/04_bioaccumulation/ITRC_Table_5-1_BCF-BAF_aquatic.xlsx,BCF-BAF Database,60,K60;I60;J60,"{""BAF"": 2884.0315031266077, ""BAF Min"": null, ""BAF Max"": null}",reported_database_value,2884.031503126608,True,True,bfc24df5dbd2d21341a9580e5053f7a7b89c1ddea1ebe75c55407f4cee27a54d,verified_summary,,CIT_3e7f6a7070b23a4e5e18,True,True,True,verified_summary,True,SI Table S9 PDF page 16; L-FOSA; herring,3.4600000000000004,not_reported
BIO_5698,911,5698,FOSA,Perfluorooctanesulfonamide,754-91-6,Sulfonamide,8.0,BAF,1513.561248436209,3.18,L/kg,1513.561248436209,,wet weight,,? - More than 1 species,Zooplankton,,whole body,,,,,marine,,field,ITRC,https://pfas-1.itrcweb.org/wp-content/uploads/2023/10/ITRC_PFAS_-BCF-BAF_compilation_Table5-1_Oct2021.xlsx,Gebbink 2016,ITRC-compiled,location=Baltic Sea; waterbody=Coastal ocean; note=Error estimates available; uid=68,2026-05-17T15:19:24+00:00,Perfluorooctanesulfonamide,754-91-6,RRRXPPIDPYTNJG-UHFFFAOYSA-N,,69785.0,NS(=O)(=O)C(F)(F)C(F)(F)C(F)(F)C(F)(F)C(F)(F)C(F)(F)C(F)(F)C(F)(F)F,C8H2F17NO2S,499.14,FASA,4.8,,EPA,17.0,0.0,7.0,1.0,0.0,NS(=O)(=O)C(F)(F)C(F)(F)C(F)(F)C(F)(F)C(F)(F)C(F)(F)C(F)(F)C(F)(F)F,NS(=O)(=O)C(F)(F)C(F)(F)C(F)(F)C(F)(F)C(F)(F)C(F)(F)C(F)(F)C(F)(F)F,CMP_6a78ec62602000d01409,gebbink2016,10.1021/acs.est.6b01197,provisional_normalized_citation_cross_source_equivalence_unverified,,,L/kg,1.0,1513.561248436209,1513.561248436209,3.18,3.18,0.0,False,True,True,True,,retained,False,10.1021/acs.est.6b01197,Perfluoroalkyl Acids (PFAAs) and Selected Precursors in the Baltic Sea Environment: Do Precursors Play a Role in Food Web Accumulation of PFAAs?,Gebbink 2016; Perfluoroalkyl Acids (PFAAs) and Selected Precursors in the Baltic Sea Environment: Do Precursors Play a Role in Food Web Accumulation of PFAAs?; Environ. Sci. Technol.,ITRC Table5-1; BCF-BAF Database!row 61; uid=68; endpoint=BAF,,database_cell_verified,1.0,,,,,,,exact numeric cell match,original paper table/page and primary measurement not yet verified,,OBS_c9c15cb580a855a8,1,candidate only; missing conditions and repeated experiments prevent unique identification,not verified against original experimental table,original search date/operator unavailable; current audit is not original collection history,,10.1021/acs.est.6b01197,verified_summary,retain_verified_summary_separate_from_individual_measurements,SI Table S9 PDF page 16; L-FOSA; zooplankton,3.18,log10,Field summary; source column and bound retained,sources/e8fb86127eac974b/es6b01197_si_001.pdf,54a0644dbd0b9f5fdabc,,True,b2fb1eece4420ca0d7457c1092f3cefd7dce61a5f9dae773de0efc3ed7eb768d,https://ndownloader.figshare.com/files/5323630,data/04_bioaccumulation/ITRC_Table_5-1_BCF-BAF_aquatic.xlsx,BCF-BAF Database,61,K61;I61;J61,"{""BAF"": 1513.5612484362093, ""BAF Min"": null, ""BAF Max"": null}",reported_database_value,1513.561248436209,True,True,bfc24df5dbd2d21341a9580e5053f7a7b89c1ddea1ebe75c55407f4cee27a54d,verified_summary,,CIT_3e7f6a7070b23a4e5e18,True,True,True,verified_summary,True,SI Table S9 PDF page 16; L-FOSA; zooplankton,3.18,not_reported
BIO_5699,912,5699,FOSA,Perfluorooctanesulfonamide,754-91-6,Sulfonamide,8.0,BAF,2818.382931264456,3.45,L/kg,2818.382931264456,,wet weight,,Sprattus sprattus,Sprat,fish,whole body,,,,,marine,,field,ITRC,https://pfas-1.itrcweb.org/wp-content/uploads/2023/10/ITRC_PFAS_-BCF-BAF_compilation_Table5-1_Oct2021.xlsx,Gebbink 2016,ITRC-compiled,location=Baltic Sea; waterbody=Coastal ocean; note=Error estimates available; uid=69,2026-05-17T15:19:24+00:00,Perfluorooctanesulfonamide,754-91-6,RRRXPPIDPYTNJG-UHFFFAOYSA-N,,69785.0,NS(=O)(=O)C(F)(F)C(F)(F)C(F)(F)C(F)(F)C(F)(F)C(F)(F)C(F)(F)C(F)(F)F,C8H2F17NO2S,499.14,FASA,4.8,,EPA,17.0,0.0,7.0,1.0,0.0,NS(=O)(=O)C(F)(F)C(F)(F)C(F)(F)C(F)(F)C(F)(F)C(F)(F)C(F)(F)C(F)(F)F,NS(=O)(=O)C(F)(F)C(F)(F)C(F)(F)C(F)(F)C(F)(F)C(F)(F)C(F)(F)C(F)(F)F,CMP_6a78ec62602000d01409,gebbink2016,10.1021/acs.est.6b01197,provisional_normalized_citation_cross_source_equivalence_unverified,,,L/kg,1.0,2818.382931264456,2818.382931264456,3.45,3.45,0.0,False,True,True,True,,retained,False,10.1021/acs.est.6b01197,Perfluoroalkyl Acids (PFAAs) and Selected Precursors in the Baltic Sea Environment: Do Precursors Play a Role in Food Web Accumulation of PFAAs?,Gebbink 2016; Perfluoroalkyl Acids (PFAAs) and Selected Precursors in the Baltic Sea Environment: Do Precursors Play a Role in Food Web Accumulation of PFAAs?; Environ. Sci. Technol.,ITRC Table5-1; BCF-BAF Database!row 62; uid=69; endpoint=BAF,,database_cell_verified,1.0,,,,,,,exact numeric cell match,original paper table/page and primary measurement not yet verified,,OBS_f7ab6869849feef2,1,candidate only; missing conditions and repeated experiments prevent unique identification,not verified against original experimental table,original search date/operator unavailable; current audit is not original collection history,,10.1021/acs.est.6b01197,verified_summary,retain_verified_summary_separate_from_individual_measurements,SI Table S9 PDF page 16; L-FOSA; sprat,3.45,log10,Field summary; source column and bound retained,sources/e8fb86127eac974b/es6b01197_si_001.pdf,ccdbfdb6366fdff92e78,fish,True,b2fb1eece4420ca0d7457c1092f3cefd7dce61a5f9dae773de0efc3ed7eb768d,https://ndownloader.figshare.com/files/5323630,data/04_bioaccumulation/ITRC_Table_5-1_BCF-BAF_aquatic.xlsx,BCF-BAF Database,62,K62;I62;J62,"{""BAF"": 2818.382931264456, ""BAF Min"": null, ""BAF Max"": null}",reported_database_value,2818.382931264456,True,True,bfc24df5dbd2d21341a9580e5053f7a7b89c1ddea1ebe75c55407f4cee27a54d,verified_summary,mammal,CIT_3e7f6a7070b23a4e5e18,True,True,True,verified_summary,True,SI Table S9 PDF page 16; L-FOSA; sprat,3.45,not_reported
BIO_5700,913,5700,MeFOSAA,N-Methylperfluorooctane sulfonamidoacetic acid,2355-31-9,unclassified,8.0,BAF,16218.10097358931,4.21,L/kg,16218.10097358931,,wet weight,,Clupea harengus,Herring,fish,whole body,,,,,marine,,field,ITRC,https://pfas-1.itrcweb.org/wp-content/uploads/2023/10/ITRC_PFAS_-BCF-BAF_compilation_Table5-1_Oct2021.xlsx,Gebbink 2016,ITRC-compiled,location=Baltic Sea; waterbody=Coastal ocean; note=Error estimates available; uid=72,2026-05-17T15:19:24+00:00,2-(N-Methylperfluorooctanesulfonamido)acetic acid,2355-31-9,QNDHIRFIMVNHBN-UHFFFAOYSA-N,,22286931.0,CN(CC(O)=O)S(=O)(=O)C(F)(F)C(F)(F)C(F)(F)C(F)(F)C(F)(F)C(F)(F)C(F)(F)C(F)(F)F,C11H6F17NO4S,571.2,其它全氟,5.0,,EPA,,,,,,CN(CC(=O)O)S(=O)(=O)C(F)(F)C(F)(F)C(F)(F)C(F)(F)C(F)(F)C(F)(F)C(F)(F)C(F)(F)F,CN(CC(=O)O)S(=O)(=O)C(F)(F)C(F)(F)C(F)(F)C(F)(F)C(F)(F)C(F)(F)C(F)(F)C(F)(F)F,CMP_a10d3a5e66ce1fa3df8b,gebbink2016,10.1021/acs.est.6b01197,provisional_normalized_citation_cross_source_equivalence_unverified,,,L/kg,1.0,16218.10097358931,16218.10097358931,4.21,4.21,0.0,False,True,True,True,,retained,False,10.1021/acs.est.6b01197,Perfluoroalkyl Acids (PFAAs) and Selected Precursors in the Baltic Sea Environment: Do Precursors Play a Role in Food Web Accumulation of PFAAs?,Gebbink 2016; Perfluoroalkyl Acids (PFAAs) and Selected Precursors in the Baltic Sea Environment: Do Precursors Play a Role in Food Web Accumulation of PFAAs?; Environ. Sci. Technol.,ITRC Table5-1; BCF-BAF Database!row 63; uid=72; endpoint=BAF,,database_cell_verified,1.0,,,,,,,exact numeric cell match,original paper table/page and primary measurement not yet verified,,OBS_0921e432a17313a3,1,candidate only; missing conditions and repeated experiments prevent unique identification,not verified against original experimental table,original search date/operator unavailable; current audit is not original collection history,,10.1021/acs.est.6b01197,verified_summary,retain_verified_summary_separate_from_individual_measurements,SI Table S9 PDF page 16; MeFOSAA; herring,4.21,log10,Field summary; source column and bound retained,sources/e8fb86127eac974b/es6b01197_si_001.pdf,a6fbb53e46e596ea8456,,True,b2fb1eece4420ca0d7457c1092f3cefd7dce61a5f9dae773de0efc3ed7eb768d,https://ndownloader.figshare.com/files/5323630,data/04_bioaccumulation/ITRC_Table_5-1_BCF-BAF_aquatic.xlsx,BCF-BAF Database,63,K63;I63;J63,"{""BAF"": 16218.10097358931, ""BAF Min"": null, ""BAF Max"": null}",reported_database_value,16218.10097358931,True,True,bfc24df5dbd2d21341a9580e5053f7a7b89c1ddea1ebe75c55407f4cee27a54d,verified_summary,,CIT_3e7f6a7070b23a4e5e18,True,True,True,verified_summary,True,SI Table S9 PDF page 16; MeFOSAA; herring,4.21,not_reported
BIO_5701,914,5701,MeFOSAA,N-Methylperfluorooctane sulfonamidoacetic acid,2355-31-9,unclassified,8.0,BAF,4897.788193684463,3.69,L/kg,4897.788193684463,,wet weight,,? - More than 1 species,Zooplankton,,whole body,,,,,marine,,field,ITRC,https://pfas-1.itrcweb.org/wp-content/uploads/2023/10/ITRC_PFAS_-BCF-BAF_compilation_Table5-1_Oct2021.xlsx,Gebbink 2016,ITRC-compiled,location=Baltic Sea; waterbody=Coastal ocean; note=Error estimates available; uid=73,2026-05-17T15:19:24+00:00,2-(N-Methylperfluorooctanesulfonamido)acetic acid,2355-31-9,QNDHIRFIMVNHBN-UHFFFAOYSA-N,,22286931.0,CN(CC(O)=O)S(=O)(=O)C(F)(F)C(F)(F)C(F)(F)C(F)(F)C(F)(F)C(F)(F)C(F)(F)C(F)(F)F,C11H6F17NO4S,571.2,其它全氟,5.0,,EPA,,,,,,CN(CC(=O)O)S(=O)(=O)C(F)(F)C(F)(F)C(F)(F)C(F)(F)C(F)(F)C(F)(F)C(F)(F)C(F)(F)F,CN(CC(=O)O)S(=O)(=O)C(F)(F)C(F)(F)C(F)(F)C(F)(F)C(F)(F)C(F)(F)C(F)(F)C(F)(F)F,CMP_a10d3a5e66ce1fa3df8b,gebbink2016,10.1021/acs.est.6b01197,provisional_normalized_citation_cross_source_equivalence_unverified,,,L/kg,1.0,4897.788193684463,4897.788193684463,3.69,3.69,0.0,False,True,True,True,,retained,False,10.1021/acs.est.6b01197,Perfluoroalkyl Acids (PFAAs) and Selected Precursors in the Baltic Sea Environment: Do Precursors Play a Role in Food Web Accumulation of PFAAs?,Gebbink 2016; Perfluoroalkyl Acids (PFAAs) and Selected Precursors in the Baltic Sea Environment: Do Precursors Play a Role in Food Web Accumulation of PFAAs?; Environ. Sci. Technol.,ITRC Table5-1; BCF-BAF Database!row 64; uid=73; endpoint=BAF,,database_cell_verified,1.0,,,,,,,exact numeric cell match,original paper table/page and primary measurement not yet verified,,OBS_0b575885ffeaba43,1,candidate only; missing conditions and repeated experiments prevent unique identification,not verified against original experimental table,original search date/operator unavailable; current audit is not original collection history,,10.1021/acs.est.6b01197,verified_summary,retain_verified_summary_separate_from_individual_measurements,SI Table S9 PDF page 16; MeFOSAA; zooplankton,3.69,log10,Field summary; source column and bound retained,sources/e8fb86127eac974b/es6b01197_si_001.pdf,2cf41dcb1cffe1014146,,True,b2fb1eece4420ca0d7457c1092f3cefd7dce61a5f9dae773de0efc3ed7eb768d,https://ndownloader.figshare.com/files/5323630,data/04_bioaccumulation/ITRC_Table_5-1_BCF-BAF_aquatic.xlsx,BCF-BAF Database,64,K64;I64;J64,"{""BAF"": 4897.788193684463, ""BAF Min"": null, ""BAF Max"": null}",reported_database_value,4897.788193684463,True,True,bfc24df5dbd2d21341a9580e5053f7a7b89c1ddea1ebe75c55407f4cee27a54d,verified_summary,,CIT_3e7f6a7070b23a4e5e18,True,True,True,verified_summary,True,SI Table S9 PDF page 16; MeFOSAA; zooplankton,3.69,not_reported
BIO_5702,915,5702,MeFOSAA,N-Methylperfluorooctane sulfonamidoacetic acid,2355-31-9,unclassified,8.0,BAF,9772.372209558116,3.99,L/kg,9772.372209558116,,wet weight,,Sprattus sprattus,Sprat,fish,whole body,,,,,marine,,field,ITRC,https://pfas-1.itrcweb.org/wp-content/uploads/2023/10/ITRC_PFAS_-BCF-BAF_compilation_Table5-1_Oct2021.xlsx,Gebbink 2016,ITRC-compiled,location=Baltic Sea; waterbody=Coastal ocean; note=Error estimates available; uid=74,2026-05-17T15:19:24+00:00,2-(N-Methylperfluorooctanesulfonamido)acetic acid,2355-31-9,QNDHIRFIMVNHBN-UHFFFAOYSA-N,,22286931.0,CN(CC(O)=O)S(=O)(=O)C(F)(F)C(F)(F)C(F)(F)C(F)(F)C(F)(F)C(F)(F)C(F)(F)C(F)(F)F,C11H6F17NO4S,571.2,其它全氟,5.0,,EPA,,,,,,CN(CC(=O)O)S(=O)(=O)C(F)(F)C(F)(F)C(F)(F)C(F)(F)C(F)(F)C(F)(F)C(F)(F)C(F)(F)F,CN(CC(=O)O)S(=O)(=O)C(F)(F)C(F)(F)C(F)(F)C(F)(F)C(F)(F)C(F)(F)C(F)(F)C(F)(F)F,CMP_a10d3a5e66ce1fa3df8b,gebbink2016,10.1021/acs.est.6b01197,provisional_normalized_citation_cross_source_equivalence_unverified,,,L/kg,1.0,9772.372209558116,9772.372209558116,3.9900000000000007,3.9900000000000007,-4.440892098500626e-16,False,True,True,True,,retained,False,10.1021/acs.est.6b01197,Perfluoroalkyl Acids (PFAAs) and Selected Precursors in the Baltic Sea Environment: Do Precursors Play a Role in Food Web Accumulation of PFAAs?,Gebbink 2016; Perfluoroalkyl Acids (PFAAs) and Selected Precursors in the Baltic Sea Environment: Do Precursors Play a Role in Food Web Accumulation of PFAAs?; Environ. Sci. Technol.,ITRC Table5-1; BCF-BAF Database!row 65; uid=74; endpoint=BAF,,database_cell_verified,1.0,,,,,,,exact numeric cell match,original paper table/page and primary measurement not yet verified,,OBS_e511a6e8431293d1,1,candidate only; missing conditions and repeated experiments prevent unique identification,not verified against original experimental table,original search date/operator unavailable; current audit is not original collection history,,10.1021/acs.est.6b01197,verified_summary,retain_verified_summary_separate_from_individual_measurements,SI Table S9 PDF page 16; MeFOSAA; sprat,3.99,log10,Field summary; source column and bound retained,sources/e8fb86127eac974b/es6b01197_si_001.pdf,ee258d5a3273baa241ee,fish,True,b2fb1eece4420ca0d7457c1092f3cefd7dce61a5f9dae773de0efc3ed7eb768d,https://ndownloader.figshare.com/files/5323630,data/04_bioaccumulation/ITRC_Table_5-1_BCF-BAF_aquatic.xlsx,BCF-BAF Database,65,K65;I65;J65,"{""BAF"": 9772.372209558116, ""BAF Min"": null, ""BAF Max"": null}",reported_database_value,9772.372209558116,True,True,bfc24df5dbd2d21341a9580e5053f7a7b89c1ddea1ebe75c55407f4cee27a54d,verified_summary,mammal,CIT_3e7f6a7070b23a4e5e18,True,True,True,verified_summary,True,SI Table S9 PDF page 16; MeFOSAA; sprat,3.9900000000000007,not_reported
BIO_5705,918,5705,PFBA,Perfluorobutanoic acid,375-22-4,PFCA,4.0,BCF,141.25,2.15,L/kg,141.25,,wet weight,steady_state,Danio rerio,Zebrafish,fish,liver,24.0,aqueous,,,freshwater,,laboratory,ITRC,https://pfas-1.itrcweb.org/wp-content/uploads/2023/10/ITRC_PFAS_-BCF-BAF_compilation_Table5-1_Oct2021.xlsx,Chen 2016,ITRC-compiled,location=Singapore; waterbody=Lab; note=Low Exposure Group; 3 replicates consisting each of 5 pooled individuals from a population of 300; uid=78,2026-05-17T15:19:24+00:00,Perfluorobutanoic acid,375-22-4,YPJUNDFVDDCYIH-UHFFFAOYSA-N,,9777.0,OC(=O)C(F)(F)C(F)(F)C(F)(F)F,C4HF7O2,214.039,PFCA,2.2,,EPA,,,,,,O=C(O)C(F)(F)C(F)(F)C(F)(F)F,O=C(O)C(F)(F)C(F)(F)C(F)(F)F,CMP_622f8f0fcc1502149461,chen2016,10.1016/j.scitotenv.2016.05.215,provisional_normalized_citation_cross_source_equivalence_unverified,,,L/kg,1.0,141.25,141.25,2.15,2.149988456491476,1.1543508523725876e-05,False,True,True,True,,retained,False,10.1016/j.scitotenv.2016.05.215,Bioavailability and bioconcentration potential of perfluoroalkyl-phosphinic and -phosphonic acids in zebrafish (Danio rerio): Comparison to perfluorocarboxylates and perfluorosulfonates,Chen 2016; Bioavailability and bioconcentration potential of perfluoroalkyl-phosphinic and -phosphonic acids in zebrafish (Danio rerio): Comparison to perfluorocarboxylates and perfluorosulfonates; The Science of the Total Environment,ITRC Table5-1; BCF-BAF Database!row 68; uid=78; endpoint=BCF,,database_cell_verified,1.0,,,,,,,exact numeric cell match,original paper table/page and primary measurement not yet verified,,OBS_3c0dc85a0ad02223,1,candidate only; missing conditions and repeated experiments prevent unique identification,not verified against original experimental table,original search date/operator unavailable; current audit is not original collection history,,10.1016/j.scitotenv.2016.05.215,unverified_primary_table,exclude_from_primary_verified_analysis; retain_in_legacy_sensitivity,,,,,,,fish,False,,,data/04_bioaccumulation/ITRC_Table_5-1_BCF-BAF_aquatic.xlsx,BCF-BAF Database,68,H68;F68;G68,"{""BCF"": 141.25, ""BCF Min"": null, ""BCF Max"": null}",reported_database_value,141.25,True,True,bfc24df5dbd2d21341a9580e5053f7a7b89c1ddea1ebe75c55407f4cee27a54d,unverified_primary_table,fish,CIT_96153bf67e1613757c40,False,True,True,verified_tissue_BCF_summary,True,Table S9 row 50 column 7; liver-low; pfba; logBCFss,2.149988456491476,low
BIO_5706,919,5706,PFBA,Perfluorobutanoic acid,375-22-4,PFCA,4.0,BCF,63.1,1.8,L/kg,63.1,,wet weight,steady_state,Danio rerio,Zebrafish,fish,liver,24.0,aqueous,,,freshwater,,laboratory,ITRC,https://pfas-1.itrcweb.org/wp-content/uploads/2023/10/ITRC_PFAS_-BCF-BAF_compilation_Table5-1_Oct2021.xlsx,Chen 2016,ITRC-compiled,location=Singapore; waterbody=Lab; note=High Exposure Group; 3 replicates consisting each of 5 pooled individuals from a population of 300; uid=79,2026-05-17T15:19:24+00:00,Perfluorobutanoic acid,375-22-4,YPJUNDFVDDCYIH-UHFFFAOYSA-N,,9777.0,OC(=O)C(F)(F)C(F)(F)C(F)(F)F,C4HF7O2,214.039,PFCA,2.2,,EPA,,,,,,O=C(O)C(F)(F)C(F)(F)C(F)(F)F,O=C(O)C(F)(F)C(F)(F)C(F)(F)F,CMP_622f8f0fcc1502149461,chen2016,10.1016/j.scitotenv.2016.05.215,provisional_normalized_citation_cross_source_equivalence_unverified,,,L/kg,1.0,63.1,63.1,1.8,1.8000293592441343,-2.935924413427493e-05,False,True,True,True,,retained,False,10.1016/j.scitotenv.2016.05.215,Bioavailability and bioconcentration potential of perfluoroalkyl-phosphinic and -phosphonic acids in zebrafish (Danio rerio): Comparison to perfluorocarboxylates and perfluorosulfonates,Chen 2016; Bioavailability and bioconcentration potential of perfluoroalkyl-phosphinic and -phosphonic acids in zebrafish (Danio rerio): Comparison to perfluorocarboxylates and perfluorosulfonates; The Science of the Total Environment,ITRC Table5-1; BCF-BAF Database!row 69; uid=79; endpoint=BCF,,database_cell_verified,1.0,,,,,,,exact numeric cell match,original paper table/page and primary measurement not yet verified,,OBS_4d0989203183cd77,1,candidate only; missing conditions and repeated experiments prevent unique identification,not verified against original experimental table,original search date/operator unavailable; current audit is not original collection history,,10.1016/j.scitotenv.2016.05.215,unverified_primary_table,exclude_from_primary_verified_analysis; retain_in_legacy_sensitivity,,,,,,,fish,False,,,data/04_bioaccumulation/ITRC_Table_5-1_BCF-BAF_aquatic.xlsx,BCF-BAF Database,69,H69;F69;G69,"{""BCF"": 63.1, ""BCF Min"": null, ""BCF Max"": null}",reported_database_value,63.1,True,True,bfc24df5dbd2d21341a9580e5053f7a7b89c1ddea1ebe75c55407f4cee27a54d,unverified_primary_table,fish,CIT_96153bf67e1613757c40,False,True,True,verified_tissue_BCF_summary,True,Table S9 row 72 column 7; liver-high; pfba; logBCFss,1.8000293592441343,high
BIO_5707,920,5707,PFBA,Perfluorobutanoic acid,375-22-4,PFCA,4.0,BCF,2.75,0.4393,L/kg,2.75,,wet weight,steady_state,Danio rerio,Zebrafish,fish,muscle,24.0,aqueous,,,freshwater,,laboratory,ITRC,https://pfas-1.itrcweb.org/wp-content/uploads/2023/10/ITRC_PFAS_-BCF-BAF_compilation_Table5-1_Oct2021.xlsx,Chen 2016,ITRC-compiled,location=Singapore; waterbody=Lab; note=Low Exposure Group; 3 replicates consisting each of 5 pooled individuals from a population of 300; uid=80,2026-05-17T15:19:24+00:00,Perfluorobutanoic acid,375-22-4,YPJUNDFVDDCYIH-UHFFFAOYSA-N,,9777.0,OC(=O)C(F)(F)C(F)(F)C(F)(F)F,C4HF7O2,214.039,PFCA,2.2,,EPA,,,,,,O=C(O)C(F)(F)C(F)(F)C(F)(F)F,O=C(O)C(F)(F)C(F)(F)C(F)(F)F,CMP_622f8f0fcc1502149461,chen2016,10.1016/j.scitotenv.2016.05.215,provisional_normalized_citation_cross_source_equivalence_unverified,,,L/kg,1.0,2.75,2.75,0.44,0.4393326938302626,-3.269383026260897e-05,False,True,True,True,,retained,False,10.1016/j.scitotenv.2016.05.215,Bioavailability and bioconcentration potential of perfluoroalkyl-phosphinic and -phosphonic acids in zebrafish (Danio rerio): Comparison to perfluorocarboxylates and perfluorosulfonates,Chen 2016; Bioavailability and bioconcentration potential of perfluoroalkyl-phosphinic and -phosphonic acids in zebrafish (Danio rerio): Comparison to perfluorocarboxylates and perfluorosulfonates; The Science of the Total Environment,ITRC Table5-1; BCF-BAF Database!row 70; uid=80; endpoint=BCF,,database_cell_verified,1.0,,,,,,,exact numeric cell match,original paper table/page and primary measurement not yet verified,,OBS_74648f5a87523a3c,1,candidate only; missing conditions and repeated experiments prevent unique identification,not verified against original experimental table,original search date/operator unavailable; current audit is not original collection history,,10.1016/j.scitotenv.2016.05.215,unverified_primary_table,exclude_from_primary_verified_analysis; retain_in_legacy_sensitivity,,,,,,,fish,False,,,data/04_bioaccumulation/ITRC_Table_5-1_BCF-BAF_aquatic.xlsx,BCF-BAF Database,70,H70;F70;G70,"{""BCF"": 2.75, ""BCF Min"": null, ""BCF Max"": null}",reported_database_value,2.75,True,True,bfc24df5dbd2d21341a9580e5053f7a7b89c1ddea1ebe75c55407f4cee27a54d,unverified_primary_table,fish,CIT_96153bf67e1613757c40,False,True,True,verified_tissue_BCF_summary,True,Table S9 row 94 column 7; muscle-low; pfba; logBCFss,0.4393326938302626,low
BIO_5708,921,5708,PFBA,Perfluorobutanoic acid,375-22-4,PFCA,4.0,BCF,11.22,1.05,L/kg,11.22,,wet weight,steady_state,Danio rerio,Zebrafish,fish,muscle,24.0,aqueous,,,freshwater,,laboratory,ITRC,https://pfas-1.itrcweb.org/wp-content/uploads/2023/10/ITRC_PFAS_-BCF-BAF_compilation_Table5-1_Oct2021.xlsx,Chen 2016,ITRC-compiled,location=Singapore; waterbody=Lab; note=High Exposure Group; 3 replicates consisting each of 5 pooled individuals from a population of 300; uid=81,2026-05-17T15:19:24+00:00,Perfluorobutanoic acid,375-22-4,YPJUNDFVDDCYIH-UHFFFAOYSA-N,,9777.0,OC(=O)C(F)(F)C(F)(F)C(F)(F)F,C4HF7O2,214.039,PFCA,2.2,,EPA,,,,,,O=C(O)C(F)(F)C(F)(F)C(F)(F)F,O=C(O)C(F)(F)C(F)(F)C(F)(F)F,CMP_622f8f0fcc1502149461,chen2016,10.1016/j.scitotenv.2016.05.215,provisional_normalized_citation_cross_source_equivalence_unverified,,,L/kg,1.0,11.22,11.22,1.05,1.0499928569201429,7.143079857385715e-06,False,True,True,True,,retained,False,10.1016/j.scitotenv.2016.05.215,Bioavailability and bioconcentration potential of perfluoroalkyl-phosphinic and -phosphonic acids in zebrafish (Danio rerio): Comparison to perfluorocarboxylates and perfluorosulfonates,Chen 2016; Bioavailability and bioconcentration potential of perfluoroalkyl-phosphinic and -phosphonic acids in zebrafish (Danio rerio): Comparison to perfluorocarboxylates and perfluorosulfonates; The Science of the Total Environment,ITRC Table5-1; BCF-BAF Database!row 71; uid=81; endpoint=BCF,,database_cell_verified,1.0,,,,,,,exact numeric cell match,original paper table/page and primary measurement not yet verified,,OBS_5dc2eb074efbc89a,1,candidate only; missing conditions and repeated experiments prevent unique identification,not verified against original experimental table,original search date/operator unavailable; current audit is not original collection history,,10.1016/j.scitotenv.2016.05.215,unverified_primary_table,exclude_from_primary_verified_analysis; retain_in_legacy_sensitivity,,,,,,,fish,False,,,data/04_bioaccumulation/ITRC_Table_5-1_BCF-BAF_aquatic.xlsx,BCF-BAF Database,71,H71;F71;G71,"{""BCF"": 11.22, ""BCF Min"": null, ""BCF Max"": null}",reported_database_value,11.22,True,True,bfc24df5dbd2d21341a9580e5053f7a7b89c1ddea1ebe75c55407f4cee27a54d,unverified_primary_table,fish,CIT_96153bf67e1613757c40,False,True,True,verified_tissue_BCF_summary,True,Table S9 row 116 column 7; muscle-high; pfba; logBCFss,1.0499928569201429,high
BIO_5709,922,5709,PFBA,Perfluorobutanoic acid,375-22-4,PFCA,4.0,BCF,11.48,1.0599,L/kg,11.48,,wet weight,steady_state,Danio rerio,Zebrafish,fish,ovary,24.0,aqueous,,,freshwater,,laboratory,ITRC,https://pfas-1.itrcweb.org/wp-content/uploads/2023/10/ITRC_PFAS_-BCF-BAF_compilation_Table5-1_Oct2021.xlsx,Chen 2016,ITRC-compiled,location=Singapore; waterbody=Lab; note=Low Exposure Group; 3 replicates consisting each of 5 pooled individuals from a population of 300; uid=82,2026-05-17T15:19:24+00:00,Perfluorobutanoic acid,375-22-4,YPJUNDFVDDCYIH-UHFFFAOYSA-N,,9777.0,OC(=O)C(F)(F)C(F)(F)C(F)(F)F,C4HF7O2,214.039,PFCA,2.2,,EPA,,,,,,O=C(O)C(F)(F)C(F)(F)C(F)(F)F,O=C(O)C(F)(F)C(F)(F)C(F)(F)F,CMP_622f8f0fcc1502149461,chen2016,10.1016/j.scitotenv.2016.05.215,provisional_normalized_citation_cross_source_equivalence_unverified,,,L/kg,1.0,11.48,11.48,1.06,1.0599418880619549,-4.188806195459805e-05,False,True,True,True,,retained,False,10.1016/j.scitotenv.2016.05.215,Bioavailability and bioconcentration potential of perfluoroalkyl-phosphinic and -phosphonic acids in zebrafish (Danio rerio): Comparison to perfluorocarboxylates and perfluorosulfonates,Chen 2016; Bioavailability and bioconcentration potential of perfluoroalkyl-phosphinic and -phosphonic acids in zebrafish (Danio rerio): Comparison to perfluorocarboxylates and perfluorosulfonates; The Science of the Total Environment,ITRC Table5-1; BCF-BAF Database!row 72; uid=82; endpoint=BCF,,database_cell_verified,1.0,,,,,,,exact numeric cell match,original paper table/page and primary measurement not yet verified,,OBS_cae7aa17c9fb203f,1,candidate only; missing conditions and repeated experiments prevent unique identification,not verified against original experimental table,original search date/operator unavailable; current audit is not original collection history,,10.1016/j.scitotenv.2016.05.215,unverified_primary_table,exclude_from_primary_verified_analysis; retain_in_legacy_sensitivity,,,,,,,fish,False,,,data/04_bioaccumulation/ITRC_Table_5-1_BCF-BAF_aquatic.xlsx,BCF-BAF Database,72,H72;F72;G72,"{""BCF"": 11.48, ""BCF Min"": null, ""BCF Max"": null}",reported_database_value,11.48,True,True,bfc24df5dbd2d21341a9580e5053f7a7b89c1ddea1ebe75c55407f4cee27a54d,unverified_primary_table,fish,CIT_96153bf67e1613757c40,False,True,True,verified_tissue_BCF_summary,True,Table S9 row 138 column 7; ovary-low; pfba; logBCFss,1.0599418880619549,low
BIO_5710,923,5710,PFBA,Perfluorobutanoic acid,375-22-4,PFCA,4.0,BCF,19.95,1.2999,L/kg,19.95,,wet weight,steady_state,Danio rerio,Zebrafish,fish,ovary,24.0,aqueous,,,freshwater,,laboratory,ITRC,https://pfas-1.itrcweb.org/wp-content/uploads/2023/10/ITRC_PFAS_-BCF-BAF_compilation_Table5-1_Oct2021.xlsx,Chen 2016,ITRC-compiled,location=Singapore; waterbody=Lab; note=High Exposure Group; 3 replicates consisting each of 5 pooled individuals from a population of 300; uid=83,2026-05-17T15:19:24+00:00,Perfluorobutanoic acid,375-22-4,YPJUNDFVDDCYIH-UHFFFAOYSA-N,,9777.0,OC(=O)C(F)(F)C(F)(F)C(F)(F)F,C4HF7O2,214.039,PFCA,2.2,,EPA,,,,,,O=C(O)C(F)(F)C(F)(F)C(F)(F)F,O=C(O)C(F)(F)C(F)(F)C(F)(F)F,CMP_622f8f0fcc1502149461,chen2016,10.1016/j.scitotenv.2016.05.215,provisional_normalized_citation_cross_source_equivalence_unverified,,,L/kg,1.0,19.95,19.95,1.3,1.2999429000227671,-4.290002276707838e-05,False,True,True,True,,retained,False,10.1016/j.scitotenv.2016.05.215,Bioavailability and bioconcentration potential of perfluoroalkyl-phosphinic and -phosphonic acids in zebrafish (Danio rerio): Comparison to perfluorocarboxylates and perfluorosulfonates,Chen 2016; Bioavailability and bioconcentration potential of perfluoroalkyl-phosphinic and -phosphonic acids in zebrafish (Danio rerio): Comparison to perfluorocarboxylates and perfluorosulfonates; The Science of the Total Environment,ITRC Table5-1; BCF-BAF Database!row 73; uid=83; endpoint=BCF,,database_cell_verified,1.0,,,,,,,exact numeric cell match,original paper table/page and primary measurement not yet verified,,OBS_8176116f8f903520,1,candidate only; missing conditions and repeated experiments prevent unique identification,not verified against original experimental table,original search date/operator unavailable; current audit is not original collection history,,10.1016/j.scitotenv.2016.05.215,unverified_primary_table,exclude_from_primary_verified_analysis; retain_in_legacy_sensitivity,,,,,,,fish,False,,,data/04_bioaccumulation/ITRC_Table_5-1_BCF-BAF_aquatic.xlsx,BCF-BAF Database,73,H73;F73;G73,"{""BCF"": 19.95, ""BCF Min"": null, ""BCF Max"": null}",reported_database_value,19.95,True,True,bfc24df5dbd2d21341a9580e5053f7a7b89c1ddea1ebe75c55407f4cee27a54d,unverified_primary_table,fish,CIT_96153bf67e1613757c40,False,True,True,verified_tissue_BCF_summary,True,Table S9 row 160 column 7; ovary-high; pfba; logBCFss,1.2999429000227671,high
BIO_5723,936,5723,PFBS,Perfluorobutanesulfonic acid,375-73-5,PFSA,4.0,BCF,17.38,1.24,L/kg,17.38,,wet weight,steady_state,Danio rerio,Zebrafish,fish,liver,24.0,aqueous,,,freshwater,,laboratory,ITRC,https://pfas-1.itrcweb.org/wp-content/uploads/2023/10/ITRC_PFAS_-BCF-BAF_compilation_Table5-1_Oct2021.xlsx,Chen 2016,ITRC-compiled,location=Singapore; waterbody=Lab; note=Low Exposure Group; 3 replicates consisting each of 5 pooled individuals from a population of 300; uid=106,2026-05-17T15:19:25+00:00,Perfluorobutanesulfonic acid,375-73-5,JGTNAGYHADQMCM-UHFFFAOYSA-N,,67815.0,OS(=O)(=O)C(F)(F)C(F)(F)C(F)(F)C(F)(F)F,C4HF9O3S,300.09,PFSA,2.3,,EPA,,,,,,O=S(=O)(O)C(F)(F)C(F)(F)C(F)(F)C(F)(F)F,O=S(=O)(O)C(F)(F)C(F)(F)C(F)(F)C(F)(F)F,CMP_5eaff469cfe578e26057,chen2016,10.1016/j.scitotenv.2016.05.215,provisional_normalized_citation_cross_source_equivalence_unverified,,,L/kg,1.0,17.38,17.38,1.24,1.2400497721126476,-4.977211264756143e-05,False,True,True,True,,retained,False,10.1016/j.scitotenv.2016.05.215,Bioavailability and bioconcentration potential of perfluoroalkyl-phosphinic and -phosphonic acids in zebrafish (Danio rerio): Comparison to perfluorocarboxylates and perfluorosulfonates,Chen 2016; Bioavailability and bioconcentration potential of perfluoroalkyl-phosphinic and -phosphonic acids in zebrafish (Danio rerio): Comparison to perfluorocarboxylates and perfluorosulfonates; The Science of the Total Environment,ITRC Table5-1; BCF-BAF Database!row 86; uid=106; endpoint=BCF,,database_cell_verified,1.0,,,,,,,exact numeric cell match,original paper table/page and primary measurement not yet verified,,OBS_87b157630338f5a8,1,candidate only; missing conditions and repeated experiments prevent unique identification,not verified against original experimental table,original search date/operator unavailable; current audit is not original collection history,,10.1016/j.scitotenv.2016.05.215,unverified_primary_table,exclude_from_primary_verified_analysis; retain_in_legacy_sensitivity,,,,,,,fish,False,,,data/04_bioaccumulation/ITRC_Table_5-1_BCF-BAF_aquatic.xlsx,BCF-BAF Database,86,H86;F86;G86,"{""BCF"": 17.38, ""BCF Min"": null, ""BCF Max"": null}",reported_database_value,17.38,True,True,bfc24df5dbd2d21341a9580e5053f7a7b89c1ddea1ebe75c55407f4cee27a54d,unverified_primary_table,fish,CIT_96153bf67e1613757c40,False,True,True,verified_tissue_BCF_summary,True,Table S9 row 47 column 7; liver-low; pfbs; logBCFss,1.2400497721126476,low
BIO_5724,937,5724,PFBS,Perfluorobutanesulfonic acid,375-73-5,PFSA,4.0,BCF,18.62,1.27,L/kg,18.62,,wet weight,steady_state,Danio rerio,Zebrafish,fish,liver,24.0,aqueous,,,freshwater,,laboratory,ITRC,https://pfas-1.itrcweb.org/wp-content/uploads/2023/10/ITRC_PFAS_-BCF-BAF_compilation_Table5-1_Oct2021.xlsx,Chen 2016,ITRC-compiled,location=Singapore; waterbody=Lab; note=High Exposure Group; 3 replicates consisting each of 5 pooled individuals from a population of 300; uid=107,2026-05-17T15:19:25+00:00,Perfluorobutanesulfonic acid,375-73-5,JGTNAGYHADQMCM-UHFFFAOYSA-N,,67815.0,OS(=O)(=O)C(F)(F)C(F)(F)C(F)(F)C(F)(F)F,C4HF9O3S,300.09,PFSA,2.3,,EPA,,,,,,O=S(=O)(O)C(F)(F)C(F)(F)C(F)(F)C(F)(F)F,O=S(=O)(O)C(F)(F)C(F)(F)C(F)(F)C(F)(F)F,CMP_5eaff469cfe578e26057,chen2016,10.1016/j.scitotenv.2016.05.215,provisional_normalized_citation_cross_source_equivalence_unverified,,,L/kg,1.0,18.62,18.62,1.27,1.269979676645324,2.032335467605506e-05,False,True,True,True,,retained,False,10.1016/j.scitotenv.2016.05.215,Bioavailability and bioconcentration potential of perfluoroalkyl-phosphinic and -phosphonic acids in zebrafish (Danio rerio): Comparison to perfluorocarboxylates and perfluorosulfonates,Chen 2016; Bioavailability and bioconcentration potential of perfluoroalkyl-phosphinic and -phosphonic acids in zebrafish (Danio rerio): Comparison to perfluorocarboxylates and perfluorosulfonates; The Science of the Total Environment,ITRC Table5-1; BCF-BAF Database!row 87; uid=107; endpoint=BCF,,database_cell_verified,1.0,,,,,,,exact numeric cell match,original paper table/page and primary measurement not yet verified,,OBS_f8d2bc777ca7ee3e,1,candidate only; missing conditions and repeated experiments prevent unique identification,not verified against original experimental table,original search date/operator unavailable; current audit is not original collection history,,10.1016/j.scitotenv.2016.05.215,unverified_primary_table,exclude_from_primary_verified_analysis; retain_in_legacy_sensitivity,,,,,,,fish,False,,,data/04_bioaccumulation/ITRC_Table_5-1_BCF-BAF_aquatic.xlsx,BCF-BAF Database,87,H87;F87;G87,"{""BCF"": 18.62, ""BCF Min"": null, ""BCF Max"": null}",reported_database_value,18.62,True,True,bfc24df5dbd2d21341a9580e5053f7a7b89c1ddea1ebe75c55407f4cee27a54d,unverified_primary_table,fish,CIT_96153bf67e1613757c40,False,True,True,verified_tissue_BCF_summary,True,Table S9 row 69 column 7; liver-high; pfbs; logBCFss,1.269979676645324,high
BIO_5725,938,5725,PFBS,Perfluorobutanesulfonic acid,375-73-5,PFSA,4.0,BCF,4.57,0.6599,L/kg,4.57,,wet weight,steady_state,Danio rerio,Zebrafish,fish,muscle,24.0,aqueous,,,freshwater,,laboratory,ITRC,https://pfas-1.itrcweb.org/wp-content/uploads/2023/10/ITRC_PFAS_-BCF-BAF_compilation_Table5-1_Oct2021.xlsx,Chen 2016,ITRC-compiled,location=Singapore; waterbody=Lab; note=High Exposure Group; 3 replicates consisting each of 5 pooled individuals from a population of 300; uid=108,2026-05-17T15:19:25+00:00,Perfluorobutanesulfonic acid,375-73-5,JGTNAGYHADQMCM-UHFFFAOYSA-N,,67815.0,OS(=O)(=O)C(F)(F)C(F)(F)C(F)(F)C(F)(F)F,C4HF9O3S,300.09,PFSA,2.3,,EPA,,,,,,O=S(=O)(O)C(F)(F)C(F)(F)C(F)(F)C(F)(F)F,O=S(=O)(O)C(F)(F)C(F)(F)C(F)(F)C(F)(F)F,CMP_5eaff469cfe578e26057,chen2016,10.1016/j.scitotenv.2016.05.215,provisional_normalized_citation_cross_source_equivalence_unverified,,,L/kg,1.0,4.57,4.57,0.66,0.6599162000698503,-1.620006985025846e-05,False,True,True,True,,retained,False,10.1016/j.scitotenv.2016.05.215,Bioavailability and bioconcentration potential of perfluoroalkyl-phosphinic and -phosphonic acids in zebrafish (Danio rerio): Comparison to perfluorocarboxylates and perfluorosulfonates,Chen 2016; Bioavailability and bioconcentration potential of perfluoroalkyl-phosphinic and -phosphonic acids in zebrafish (Danio rerio): Comparison to perfluorocarboxylates and perfluorosulfonates; The Science of the Total Environment,ITRC Table5-1; BCF-BAF Database!row 88; uid=108; endpoint=BCF,,database_cell_verified,1.0,,,,,,,exact numeric cell match,original paper table/page and primary measurement not yet verified,,OBS_887f93307e22e988,1,candidate only; missing conditions and repeated experiments prevent unique identification,not verified against original experimental table,original search date/operator unavailable; current audit is not original collection history,,10.1016/j.scitotenv.2016.05.215,unverified_primary_table,exclude_from_primary_verified_analysis; retain_in_legacy_sensitivity,,,,,,,fish,False,,,data/04_bioaccumulation/ITRC_Table_5-1_BCF-BAF_aquatic.xlsx,BCF-BAF Database,88,H88;F88;G88,"{""BCF"": 4.57, ""BCF Min"": null, ""BCF Max"": null}",reported_database_value,4.57,True,True,bfc24df5dbd2d21341a9580e5053f7a7b89c1ddea1ebe75c55407f4cee27a54d,unverified_primary_table,fish,CIT_96153bf67e1613757c40,False,True,True,verified_tissue_BCF_summary,True,Table S9 row 113 column 7; muscle-high; pfbs; logBCFss,0.6599162000698503,high
BIO_5726,939,5726,PFBS,Perfluorobutanesulfonic acid,375-73-5,PFSA,4.0,BCF,52.48,1.72,L/kg,52.48,,wet weight,steady_state,Danio rerio,Zebrafish,fish,ovary,24.0,aqueous,,,freshwater,,laboratory,ITRC,https://pfas-1.itrcweb.org/wp-content/uploads/2023/10/ITRC_PFAS_-BCF-BAF_compilation_Table5-1_Oct2021.xlsx,Chen 2016,ITRC-compiled,location=Singapore; waterbody=Lab; note=Low Exposure Group; 3 replicates consisting each of 5 pooled individuals from a population of 300; uid=109,2026-05-17T15:19:25+00:00,Perfluorobutanesulfonic acid,375-73-5,JGTNAGYHADQMCM-UHFFFAOYSA-N,,67815.0,OS(=O)(=O)C(F)(F)C(F)(F)C(F)(F)C(F)(F)F,C4HF9O3S,300.09,PFSA,2.3,,EPA,,,,,,O=S(=O)(O)C(F)(F)C(F)(F)C(F)(F)C(F)(F)F,O=S(=O)(O)C(F)(F)C(F)(F)C(F)(F)C(F)(F)F,CMP_5eaff469cfe578e26057,chen2016,10.1016/j.scitotenv.2016.05.215,provisional_normalized_citation_cross_source_equivalence_unverified,,,L/kg,1.0,52.48,52.48,1.72,1.7199938263676038,6.173632396189177e-06,False,True,True,True,,retained,False,10.1016/j.scitotenv.2016.05.215,Bioavailability and bioconcentration potential of perfluoroalkyl-phosphinic and -phosphonic acids in zebrafish (Danio rerio): Comparison to perfluorocarboxylates and perfluorosulfonates,Chen 2016; Bioavailability and bioconcentration potential of perfluoroalkyl-phosphinic and -phosphonic acids in zebrafish (Danio rerio): Comparison to perfluorocarboxylates and perfluorosulfonates; The Science of the Total Environment,ITRC Table5-1; BCF-BAF Database!row 89; uid=109; endpoint=BCF,,database_cell_verified,1.0,,,,,,,exact numeric cell match,original paper table/page and primary measurement not yet verified,,OBS_a6a78e7c00b71e9c,1,candidate only; missing conditions and repeated experiments prevent unique identification,not verified against original experimental table,original search date/operator unavailable; current audit is not original collection history,,10.1016/j.scitotenv.2016.05.215,unverified_primary_table,exclude_from_primary_verified_analysis; retain_in_legacy_sensitivity,,,,,,,fish,False,,,data/04_bioaccumulation/ITRC_Table_5-1_BCF-BAF_aquatic.xlsx,BCF-BAF Database,89,H89;F89;G89,"{""BCF"": 52.48, ""BCF Min"": null, ""BCF Max"": null}",reported_database_value,52.48,True,True,bfc24df5dbd2d21341a9580e5053f7a7b89c1ddea1ebe75c55407f4cee27a54d,unverified_primary_table,fish,CIT_96153bf67e1613757c40,False,True,True,verified_tissue_BCF_summary,True,Table S9 row 135 column 7; ovary-low; pfbs; logBCFss,1.7199938263676038,low
BIO_5727,940,5727,PFBS,Perfluorobutanesulfonic acid,375-73-5,PFSA,4.0,BCF,66.07,1.82,L/kg,66.07,,wet weight,steady_state,Danio rerio,Zebrafish,fish,ovary,24.0,aqueous,,,freshwater,,laboratory,ITRC,https://pfas-1.itrcweb.org/wp-content/uploads/2023/10/ITRC_PFAS_-BCF-BAF_compilation_Table5-1_Oct2021.xlsx,Chen 2016,ITRC-compiled,location=Singapore; waterbody=Lab; note=High Exposure Group; 3 replicates consisting each of 5 pooled individuals from a population of 300; uid=110,2026-05-17T15:19:25+00:00,Perfluorobutanesulfonic acid,375-73-5,JGTNAGYHADQMCM-UHFFFAOYSA-N,,67815.0,OS(=O)(=O)C(F)(F)C(F)(F)C(F)(F)C(F)(F)F,C4HF9O3S,300.09,PFSA,2.3,,EPA,,,,,,O=S(=O)(O)C(F)(F)C(F)(F)C(F)(F)C(F)(F)F,O=S(=O)(O)C(F)(F)C(F)(F)C(F)(F)C(F)(F)F,CMP_5eaff469cfe578e26057,chen2016,10.1016/j.scitotenv.2016.05.215,provisional_normalized_citation_cross_source_equivalence_unverified,,,L/kg,1.0,66.07,66.07,1.82,1.8200043068083176,-4.306808317755539e-06,False,True,True,True,,retained,False,10.1016/j.scitotenv.2016.05.215,Bioavailability and bioconcentration potential of perfluoroalkyl-phosphinic and -phosphonic acids in zebrafish (Danio rerio): Comparison to perfluorocarboxylates and perfluorosulfonates,Chen 2016; Bioavailability and bioconcentration potential of perfluoroalkyl-phosphinic and -phosphonic acids in zebrafish (Danio rerio): Comparison to perfluorocarboxylates and perfluorosulfonates; The Science of the Total Environment,ITRC Table5-1; BCF-BAF Database!row 90; uid=110; endpoint=BCF,,database_cell_verified,1.0,,,,,,,exact numeric cell match,original paper table/page and primary measurement not yet verified,,OBS_88e60d1e75280ec1,1,candidate only; missing conditions and repeated experiments prevent unique identification,not verified against original experimental table,original search date/operator unavailable; current audit is not original collection history,,10.1016/j.scitotenv.2016.05.215,unverified_primary_table,exclude_from_primary_verified_analysis; retain_in_legacy_sensitivity,,,,,,,fish,False,,,data/04_bioaccumulation/ITRC_Table_5-1_BCF-BAF_aquatic.xlsx,BCF-BAF Database,90,H90;F90;G90,"{""BCF"": 66.07, ""BCF Min"": null, ""BCF Max"": null}",reported_database_value,66.07,True,True,bfc24df5dbd2d21341a9580e5053f7a7b89c1ddea1ebe75c55407f4cee27a54d,unverified_primary_table,fish,CIT_96153bf67e1613757c40,False,True,True,verified_tissue_BCF_summary,True,Table S9 row 157 column 7; ovary-high; pfbs; logBCFss,1.8200043068083176,high
BIO_5771,984,5771,PFDA,Perfluorodecanoic acid,335-76-2,PFCA,10.0,BCF,10964.78,4.04,L/kg,10964.78,,wet weight,steady_state,Danio rerio,Zebrafish,fish,liver,24.0,aqueous,,,freshwater,,laboratory,ITRC,https://pfas-1.itrcweb.org/wp-content/uploads/2023/10/ITRC_PFAS_-BCF-BAF_compilation_Table5-1_Oct2021.xlsx,Chen 2016,ITRC-compiled,location=Singapore; waterbody=Lab; note=Low Exposure Group; 3 replicates consisting each of 5 pooled individuals from a population of 300; uid=173,2026-05-17T15:19:27+00:00,Perfluorodecanoic acid,335-76-2,PCIUEQPBYFRTEM-UHFFFAOYSA-N,,9555.0,OC(=O)C(F)(F)C(F)(F)C(F)(F)C(F)(F)C(F)(F)C(F)(F)C(F)(F)C(F)(F)C(F)(F)F,C10HF19O2,514.086,PFCA,6.3,,EPA,,,,,,O=C(O)C(F)(F)C(F)(F)C(F)(F)C(F)(F)C(F)(F)C(F)(F)C(F)(F)C(F)(F)C(F)(F)F,O=C(O)C(F)(F)C(F)(F)C(F)(F)C(F)(F)C(F)(F)C(F)(F)C(F)(F)C(F)(F)C(F)(F)F,CMP_5bc76544fcbe477197d1,chen2016,10.1016/j.scitotenv.2016.05.215,provisional_normalized_citation_cross_source_equivalence_unverified,,,L/kg,1.0,10964.78,10964.78,4.04,4.039999922311351,7.768864929147412e-08,False,True,True,True,,retained,False,10.1016/j.scitotenv.2016.05.215,Bioavailability and bioconcentration potential of perfluoroalkyl-phosphinic and -phosphonic acids in zebrafish (Danio rerio): Comparison to perfluorocarboxylates and perfluorosulfonates,Chen 2016; Bioavailability and bioconcentration potential of perfluoroalkyl-phosphinic and -phosphonic acids in zebrafish (Danio rerio): Comparison to perfluorocarboxylates and perfluorosulfonates; The Science of the Total Environment,ITRC Table5-1; BCF-BAF Database!row 133; uid=173; endpoint=BCF,,database_cell_verified,1.0,,,,,,,exact numeric cell match,original paper table/page and primary measurement not yet verified,,OBS_a5c0e5aeaf722817,1,candidate only; missing conditions and repeated experiments prevent unique identification,not verified against original experimental table,original search date/operator unavailable; current audit is not original collection history,,10.1016/j.scitotenv.2016.05.215,unverified_primary_table,exclude_from_primary_verified_analysis; retain_in_legacy_sensitivity,,,,,,,fish,False,,,data/04_bioaccumulation/ITRC_Table_5-1_BCF-BAF_aquatic.xlsx,BCF-BAF Database,133,H133;F133;G133,"{""BCF"": 10964.78, ""BCF Min"": null, ""BCF Max"": null}",reported_database_value,10964.78,True,True,bfc24df5dbd2d21341a9580e5053f7a7b89c1ddea1ebe75c55407f4cee27a54d,unverified_primary_table,fish,CIT_96153bf67e1613757c40,False,True,True,verified_tissue_BCF_summary,True,Table S9 row 54 column 7; liver-low; pfda; logBCFss,4.039999922311351,low
BIO_5772,985,5772,PFDA,Perfluorodecanoic acid,335-76-2,PFCA,10.0,BCF,22908.68,4.36,L/kg,22908.68,,wet weight,steady_state,Danio rerio,Zebrafish,fish,liver,24.0,aqueous,,,freshwater,,laboratory,ITRC,https://pfas-1.itrcweb.org/wp-content/uploads/2023/10/ITRC_PFAS_-BCF-BAF_compilation_Table5-1_Oct2021.xlsx,Chen 2016,ITRC-compiled,location=Singapore; waterbody=Lab; note=High Exposure Group; 3 replicates consisting each of 5 pooled individuals from a population of 300; uid=174,2026-05-17T15:19:27+00:00,Perfluorodecanoic acid,335-76-2,PCIUEQPBYFRTEM-UHFFFAOYSA-N,,9555.0,OC(=O)C(F)(F)C(F)(F)C(F)(F)C(F)(F)C(F)(F)C(F)(F)C(F)(F)C(F)(F)C(F)(F)F,C10HF19O2,514.086,PFCA,6.3,,EPA,,,,,,O=C(O)C(F)(F)C(F)(F)C(F)(F)C(F)(F)C(F)(F)C(F)(F)C(F)(F)C(F)(F)C(F)(F)F,O=C(O)C(F)(F)C(F)(F)C(F)(F)C(F)(F)C(F)(F)C(F)(F)C(F)(F)C(F)(F)C(F)(F)F,CMP_5bc76544fcbe477197d1,chen2016,10.1016/j.scitotenv.2016.05.215,provisional_normalized_citation_cross_source_equivalence_unverified,,,L/kg,1.0,22908.68,22908.68,4.36,4.360000065827037,-6.582703626634159e-08,False,True,True,True,,retained,False,10.1016/j.scitotenv.2016.05.215,Bioavailability and bioconcentration potential of perfluoroalkyl-phosphinic and -phosphonic acids in zebrafish (Danio rerio): Comparison to perfluorocarboxylates and perfluorosulfonates,Chen 2016; Bioavailability and bioconcentration potential of perfluoroalkyl-phosphinic and -phosphonic acids in zebrafish (Danio rerio): Comparison to perfluorocarboxylates and perfluorosulfonates; The Science of the Total Environment,ITRC Table5-1; BCF-BAF Database!row 134; uid=174; endpoint=BCF,,database_cell_verified,1.0,,,,,,,exact numeric cell match,original paper table/page and primary measurement not yet verified,,OBS_af1fa4c1dece4eb9,1,candidate only; missing conditions and repeated experiments prevent unique identification,not verified against original experimental table,original search date/operator unavailable; current audit is not original collection history,,10.1016/j.scitotenv.2016.05.215,unverified_primary_table,exclude_from_primary_verified_analysis; retain_in_legacy_sensitivity,,,,,,,fish,False,,,data/04_bioaccumulation/ITRC_Table_5-1_BCF-BAF_aquatic.xlsx,BCF-BAF Database,134,H134;F134;G134,"{""BCF"": 22908.68, ""BCF Min"": null, ""BCF Max"": null}",reported_database_value,22908.68,True,True,bfc24df5dbd2d21341a9580e5053f7a7b89c1ddea1ebe75c55407f4cee27a54d,unverified_primary_table,fish,CIT_96153bf67e1613757c40,False,True,True,verified_tissue_BCF_summary,True,Table S9 row 76 column 7; liver-high; pfda; logBCFss,4.360000065827037,high
BIO_5773,986,5773,PFDA,Perfluorodecanoic acid,335-76-2,PFCA,10.0,BCF,2570.4,3.41,L/kg,2570.4,,wet weight,steady_state,Danio rerio,Zebrafish,fish,muscle,24.0,aqueous,,,freshwater,,laboratory,ITRC,https://pfas-1.itrcweb.org/wp-content/uploads/2023/10/ITRC_PFAS_-BCF-BAF_compilation_Table5-1_Oct2021.xlsx,Chen 2016,ITRC-compiled,location=Singapore; waterbody=Lab; note=Low Exposure Group; 3 replicates consisting each of 5 pooled individuals from a population of 300; uid=175,2026-05-17T15:19:27+00:00,Perfluorodecanoic acid,335-76-2,PCIUEQPBYFRTEM-UHFFFAOYSA-N,,9555.0,OC(=O)C(F)(F)C(F)(F)C(F)(F)C(F)(F)C(F)(F)C(F)(F)C(F)(F)C(F)(F)C(F)(F)F,C10HF19O2,514.086,PFCA,6.3,,EPA,,,,,,O=C(O)C(F)(F)C(F)(F)C(F)(F)C(F)(F)C(F)(F)C(F)(F)C(F)(F)C(F)(F)C(F)(F)F,O=C(O)C(F)(F)C(F)(F)C(F)(F)C(F)(F)C(F)(F)C(F)(F)C(F)(F)C(F)(F)C(F)(F)F,CMP_5bc76544fcbe477197d1,chen2016,10.1016/j.scitotenv.2016.05.215,provisional_normalized_citation_cross_source_equivalence_unverified,,,L/kg,1.0,2570.4,2570.4,3.41,3.4100007125434617,-7.125434615673498e-07,False,True,True,True,,retained,False,10.1016/j.scitotenv.2016.05.215,Bioavailability and bioconcentration potential of perfluoroalkyl-phosphinic and -phosphonic acids in zebrafish (Danio rerio): Comparison to perfluorocarboxylates and perfluorosulfonates,Chen 2016; Bioavailability and bioconcentration potential of perfluoroalkyl-phosphinic and -phosphonic acids in zebrafish (Danio rerio): Comparison to perfluorocarboxylates and perfluorosulfonates; The Science of the Total Environment,ITRC Table5-1; BCF-BAF Database!row 135; uid=175; endpoint=BCF,,database_cell_verified,1.0,,,,,,,exact numeric cell match,original paper table/page and primary measurement not yet verified,,OBS_a5154c56964f6c84,1,candidate only; missing conditions and repeated experiments prevent unique identification,not verified against original experimental table,original search date/operator unavailable; current audit is not original collection history,,10.1016/j.scitotenv.2016.05.215,unverified_primary_table,exclude_from_primary_verified_analysis; retain_in_legacy_sensitivity,,,,,,,fish,False,,,data/04_bioaccumulation/ITRC_Table_5-1_BCF-BAF_aquatic.xlsx,BCF-BAF Database,135,H135;F135;G135,"{""BCF"": 2570.4, ""BCF Min"": null, ""BCF Max"": null}",reported_database_value,2570.4,True,True,bfc24df5dbd2d21341a9580e5053f7a7b89c1ddea1ebe75c55407f4cee27a54d,unverified_primary_table,fish,CIT_96153bf67e1613757c40,False,True,True,verified_tissue_BCF_summary,True,Table S9 row 98 column 7; muscle-low; pfda; logBCFss,3.4100007125434617,low
BIO_5774,987,5774,PFDA,Perfluorodecanoic acid,335-76-2,PFCA,10.0,BCF,6165.95,3.79,L/kg,6165.95,,wet weight,steady_state,Danio rerio,Zebrafish,fish,muscle,24.0,aqueous,,,freshwater,,laboratory,ITRC,https://pfas-1.itrcweb.org/wp-content/uploads/2023/10/ITRC_PFAS_-BCF-BAF_compilation_Table5-1_Oct2021.xlsx,Chen 2016,ITRC-compiled,location=Singapore; waterbody=Lab; note=High Exposure Group; 3 replicates consisting each of 5 pooled individuals from a population of 300; uid=176,2026-05-17T15:19:27+00:00,Perfluorodecanoic acid,335-76-2,PCIUEQPBYFRTEM-UHFFFAOYSA-N,,9555.0,OC(=O)C(F)(F)C(F)(F)C(F)(F)C(F)(F)C(F)(F)C(F)(F)C(F)(F)C(F)(F)C(F)(F)F,C10HF19O2,514.086,PFCA,6.3,,EPA,,,,,,O=C(O)C(F)(F)C(F)(F)C(F)(F)C(F)(F)C(F)(F)C(F)(F)C(F)(F)C(F)(F)C(F)(F)F,O=C(O)C(F)(F)C(F)(F)C(F)(F)C(F)(F)C(F)(F)C(F)(F)C(F)(F)C(F)(F)C(F)(F)F,CMP_5bc76544fcbe477197d1,chen2016,10.1016/j.scitotenv.2016.05.215,provisional_normalized_citation_cross_source_equivalence_unverified,,,L/kg,1.0,6165.95,6165.95,3.79,3.7899999986888777,1.3111223218231771e-09,False,True,True,True,,retained,False,10.1016/j.scitotenv.2016.05.215,Bioavailability and bioconcentration potential of perfluoroalkyl-phosphinic and -phosphonic acids in zebrafish (Danio rerio): Comparison to perfluorocarboxylates and perfluorosulfonates,Chen 2016; Bioavailability and bioconcentration potential of perfluoroalkyl-phosphinic and -phosphonic acids in zebrafish (Danio rerio): Comparison to perfluorocarboxylates and perfluorosulfonates; The Science of the Total Environment,ITRC Table5-1; BCF-BAF Database!row 136; uid=176; endpoint=BCF,,database_cell_verified,1.0,,,,,,,exact numeric cell match,original paper table/page and primary measurement not yet verified,,OBS_89b639d1ee31dc09,1,candidate only; missing conditions and repeated experiments prevent unique identification,not verified against original experimental table,original search date/operator unavailable; current audit is not original collection history,,10.1016/j.scitotenv.2016.05.215,unverified_primary_table,exclude_from_primary_verified_analysis; retain_in_legacy_sensitivity,,,,,,,fish,False,,,data/04_bioaccumulation/ITRC_Table_5-1_BCF-BAF_aquatic.xlsx,BCF-BAF Database,136,H136;F136;G136,"{""BCF"": 6165.95, ""BCF Min"": null, ""BCF Max"": null}",reported_database_value,6165.95,True,True,bfc24df5dbd2d21341a9580e5053f7a7b89c1ddea1ebe75c55407f4cee27a54d,unverified_primary_table,fish,CIT_96153bf67e1613757c40,False,True,True,verified_tissue_BCF_summary,True,Table S9 row 120 column 7; muscle-high; pfda; logBCFss,3.7899999986888777,high
BIO_5775,988,5775,PFDA,Perfluorodecanoic acid,335-76-2,PFCA,10.0,BCF,10000.0,4.0,L/kg,10000.0,,wet weight,steady_state,Danio rerio,Zebrafish,fish,ovary,24.0,aqueous,,,freshwater,,laboratory,ITRC,https://pfas-1.itrcweb.org/wp-content/uploads/2023/10/ITRC_PFAS_-BCF-BAF_compilation_Table5-1_Oct2021.xlsx,Chen 2016,ITRC-compiled,location=Singapore; waterbody=Lab; note=Low Exposure Group; 3 replicates consisting each of 5 pooled individuals from a population of 300; uid=177,2026-05-17T15:19:27+00:00,Perfluorodecanoic acid,335-76-2,PCIUEQPBYFRTEM-UHFFFAOYSA-N,,9555.0,OC(=O)C(F)(F)C(F)(F)C(F)(F)C(F)(F)C(F)(F)C(F)(F)C(F)(F)C(F)(F)C(F)(F)F,C10HF19O2,514.086,PFCA,6.3,,EPA,,,,,,O=C(O)C(F)(F)C(F)(F)C(F)(F)C(F)(F)C(F)(F)C(F)(F)C(F)(F)C(F)(F)C(F)(F)F,O=C(O)C(F)(F)C(F)(F)C(F)(F)C(F)(F)C(F)(F)C(F)(F)C(F)(F)C(F)(F)C(F)(F)F,CMP_5bc76544fcbe477197d1,chen2016,10.1016/j.scitotenv.2016.05.215,provisional_normalized_citation_cross_source_equivalence_unverified,,,L/kg,1.0,10000.0,10000.0,4.0,4.0,0.0,False,True,True,True,,retained,False,10.1016/j.scitotenv.2016.05.215,Bioavailability and bioconcentration potential of perfluoroalkyl-phosphinic and -phosphonic acids in zebrafish (Danio rerio): Comparison to perfluorocarboxylates and perfluorosulfonates,Chen 2016; Bioavailability and bioconcentration potential of perfluoroalkyl-phosphinic and -phosphonic acids in zebrafish (Danio rerio): Comparison to perfluorocarboxylates and perfluorosulfonates; The Science of the Total Environment,ITRC Table5-1; BCF-BAF Database!row 137; uid=177; endpoint=BCF,,database_cell_verified,1.0,,,,,,,exact numeric cell match,original paper table/page and primary measurement not yet verified,,OBS_e1279f2684077e47,1,candidate only; missing conditions and repeated experiments prevent unique identification,not verified against original experimental table,original search date/operator unavailable; current audit is not original collection history,,10.1016/j.scitotenv.2016.05.215,unverified_primary_table,exclude_from_primary_verified_analysis; retain_in_legacy_sensitivity,,,,,,,fish,False,,,data/04_bioaccumulation/ITRC_Table_5-1_BCF-BAF_aquatic.xlsx,BCF-BAF Database,137,H137;F137;G137,"{""BCF"": 10000, ""BCF Min"": null, ""BCF Max"": null}",reported_database_value,10000.0,True,True,bfc24df5dbd2d21341a9580e5053f7a7b89c1ddea1ebe75c55407f4cee27a54d,unverified_primary_table,fish,CIT_96153bf67e1613757c40,False,True,True,verified_tissue_BCF_summary,True,Table S9 row 142 column 7; ovary-low; pfda; logBCFss,4.0,low
BIO_5776,989,5776,PFDA,Perfluorodecanoic acid,335-76-2,PFCA,10.0,BCF,9772.37,3.99,L/kg,9772.37,,wet weight,steady_state,Danio rerio,Zebrafish,fish,ovary,24.0,aqueous,,,freshwater,,laboratory,ITRC,https://pfas-1.itrcweb.org/wp-content/uploads/2023/10/ITRC_PFAS_-BCF-BAF_compilation_Table5-1_Oct2021.xlsx,Chen 2016,ITRC-compiled,location=Singapore; waterbody=Lab; note=High Exposure Group; 3 replicates consisting each of 5 pooled individuals from a population of 300; uid=178,2026-05-17T15:19:28+00:00,Perfluorodecanoic acid,335-76-2,PCIUEQPBYFRTEM-UHFFFAOYSA-N,,9555.0,OC(=O)C(F)(F)C(F)(F)C(F)(F)C(F)(F)C(F)(F)C(F)(F)C(F)(F)C(F)(F)C(F)(F)F,C10HF19O2,514.086,PFCA,6.3,,EPA,,,,,,O=C(O)C(F)(F)C(F)(F)C(F)(F)C(F)(F)C(F)(F)C(F)(F)C(F)(F)C(F)(F)C(F)(F)F,O=C(O)C(F)(F)C(F)(F)C(F)(F)C(F)(F)C(F)(F)C(F)(F)C(F)(F)C(F)(F)C(F)(F)F,CMP_5bc76544fcbe477197d1,chen2016,10.1016/j.scitotenv.2016.05.215,provisional_normalized_citation_cross_source_equivalence_unverified,,,L/kg,1.0,9772.37,9772.37,3.99,3.989999901804907,9.819509338981905e-08,False,True,True,True,,retained,False,10.1016/j.scitotenv.2016.05.215,Bioavailability and bioconcentration potential of perfluoroalkyl-phosphinic and -phosphonic acids in zebrafish (Danio rerio): Comparison to perfluorocarboxylates and perfluorosulfonates,Chen 2016; Bioavailability and bioconcentration potential of perfluoroalkyl-phosphinic and -phosphonic acids in zebrafish (Danio rerio): Comparison to perfluorocarboxylates and perfluorosulfonates; The Science of the Total Environment,ITRC Table5-1; BCF-BAF Database!row 138; uid=178; endpoint=BCF,,database_cell_verified,1.0,,,,,,,exact numeric cell match,original paper table/page and primary measurement not yet verified,,OBS_71ef1dbddc6237d5,1,candidate only; missing conditions and repeated experiments prevent unique identification,not verified against original experimental table,original search date/operator unavailable; current audit is not original collection history,,10.1016/j.scitotenv.2016.05.215,unverified_primary_table,exclude_from_primary_verified_analysis; retain_in_legacy_sensitivity,,,,,,,fish,False,,,data/04_bioaccumulation/ITRC_Table_5-1_BCF-BAF_aquatic.xlsx,BCF-BAF Database,138,H138;F138;G138,"{""BCF"": 9772.37, ""BCF Min"": null, ""BCF Max"": null}",reported_database_value,9772.37,True,True,bfc24df5dbd2d21341a9580e5053f7a7b89c1ddea1ebe75c55407f4cee27a54d,unverified_primary_table,fish,CIT_96153bf67e1613757c40,False,True,True,verified_tissue_BCF_summary,True,Table S9 row 164 column 7; ovary-high; pfda; logBCFss,3.989999901804907,high
BIO_5789,1001,5789,PFDA,Perfluorodecanoic acid,335-76-2,PFCA,10.0,BAF,14791.08388168209,4.17,L/kg,14791.083881682089,,wet weight,,Clupea harengus,Herring,fish,whole body,,,,,marine,,field,ITRC,https://pfas-1.itrcweb.org/wp-content/uploads/2023/10/ITRC_PFAS_-BCF-BAF_compilation_Table5-1_Oct2021.xlsx,Gebbink 2016,ITRC-compiled,location=Baltic Sea; waterbody=Coastal ocean; note=Error estimates available; uid=195,2026-05-17T15:19:28+00:00,Perfluorodecanoic acid,335-76-2,PCIUEQPBYFRTEM-UHFFFAOYSA-N,,9555.0,OC(=O)C(F)(F)C(F)(F)C(F)(F)C(F)(F)C(F)(F)C(F)(F)C(F)(F)C(F)(F)C(F)(F)F,C10HF19O2,514.086,PFCA,6.3,,EPA,,,,,,O=C(O)C(F)(F)C(F)(F)C(F)(F)C(F)(F)C(F)(F)C(F)(F)C(F)(F)C(F)(F)C(F)(F)F,O=C(O)C(F)(F)C(F)(F)C(F)(F)C(F)(F)C(F)(F)C(F)(F)C(F)(F)C(F)(F)C(F)(F)F,CMP_5bc76544fcbe477197d1,gebbink2016,10.1021/acs.est.6b01197,provisional_normalized_citation_cross_source_equivalence_unverified,,,L/kg,1.0,14791.08388168209,14791.08388168209,4.170000000000001,4.170000000000001,-8.881784197001252e-16,False,True,True,True,,retained,False,10.1021/acs.est.6b01197,Perfluoroalkyl Acids (PFAAs) and Selected Precursors in the Baltic Sea Environment: Do Precursors Play a Role in Food Web Accumulation of PFAAs?,Gebbink 2016; Perfluoroalkyl Acids (PFAAs) and Selected Precursors in the Baltic Sea Environment: Do Precursors Play a Role in Food Web Accumulation of PFAAs?; Environ. Sci. Technol.,ITRC Table5-1; BCF-BAF Database!row 151; uid=195; endpoint=BAF,,database_cell_verified,1.0,,,,,,,exact numeric cell match,original paper table/page and primary measurement not yet verified,,OBS_274f63f9da85105c,1,candidate only; missing conditions and repeated experiments prevent unique identification,not verified against original experimental table,original search date/operator unavailable; current audit is not original collection history,,10.1021/acs.est.6b01197,verified_summary,retain_verified_summary_separate_from_individual_measurements,SI Table S9 PDF page 16; PFDA; herring,4.17,log10,Field summary; source column and bound retained,sources/e8fb86127eac974b/es6b01197_si_001.pdf,ee29eaaf017f6b188b30,,True,b2fb1eece4420ca0d7457c1092f3cefd7dce61a5f9dae773de0efc3ed7eb768d,https://ndownloader.figshare.com/files/5323630,data/04_bioaccumulation/ITRC_Table_5-1_BCF-BAF_aquatic.xlsx,BCF-BAF Database,151,K151;I151;J151,"{""BAF"": 14791.083881682089, ""BAF Min"": null, ""BAF Max"": null}",reported_database_value,14791.083881682089,True,True,bfc24df5dbd2d21341a9580e5053f7a7b89c1ddea1ebe75c55407f4cee27a54d,verified_summary,,CIT_3e7f6a7070b23a4e5e18,True,True,True,verified_summary,True,SI Table S9 PDF page 16; PFDA; herring,4.170000000000001,not_reported
BIO_5790,1002,5790,PFDA,Perfluorodecanoic acid,335-76-2,PFCA,10.0,BAF,69.18309709189366,1.84,L/kg,69.18309709189366,,wet weight,,? - More than 1 species,Zooplankton,,whole body,,,,,marine,,field,ITRC,https://pfas-1.itrcweb.org/wp-content/uploads/2023/10/ITRC_PFAS_-BCF-BAF_compilation_Table5-1_Oct2021.xlsx,Gebbink 2016,ITRC-compiled,location=Baltic Sea; waterbody=Coastal ocean; note=Error estimates available; uid=196,2026-05-17T15:19:28+00:00,Perfluorodecanoic acid,335-76-2,PCIUEQPBYFRTEM-UHFFFAOYSA-N,,9555.0,OC(=O)C(F)(F)C(F)(F)C(F)(F)C(F)(F)C(F)(F)C(F)(F)C(F)(F)C(F)(F)C(F)(F)F,C10HF19O2,514.086,PFCA,6.3,,EPA,,,,,,O=C(O)C(F)(F)C(F)(F)C(F)(F)C(F)(F)C(F)(F)C(F)(F)C(F)(F)C(F)(F)C(F)(F)F,O=C(O)C(F)(F)C(F)(F)C(F)(F)C(F)(F)C(F)(F)C(F)(F)C(F)(F)C(F)(F)C(F)(F)F,CMP_5bc76544fcbe477197d1,gebbink2016,10.1021/acs.est.6b01197,provisional_normalized_citation_cross_source_equivalence_unverified,,,L/kg,1.0,69.18309709189366,69.18309709189366,1.84,1.84,0.0,False,True,True,True,,retained,False,10.1021/acs.est.6b01197,Perfluoroalkyl Acids (PFAAs) and Selected Precursors in the Baltic Sea Environment: Do Precursors Play a Role in Food Web Accumulation of PFAAs?,Gebbink 2016; Perfluoroalkyl Acids (PFAAs) and Selected Precursors in the Baltic Sea Environment: Do Precursors Play a Role in Food Web Accumulation of PFAAs?; Environ. Sci. Technol.,ITRC Table5-1; BCF-BAF Database!row 152; uid=196; endpoint=BAF,,database_cell_verified,1.0,,,,,,,exact numeric cell match,original paper table/page and primary measurement not yet verified,,OBS_53faf89a5069323c,1,candidate only; missing conditions and repeated experiments prevent unique identification,not verified against original experimental table,original search date/operator unavailable; current audit is not original collection history,,10.1021/acs.est.6b01197,verified_summary,retain_verified_summary_separate_from_individual_measurements,SI Table S9 PDF page 16; PFDA; zooplankton,1.84,log10,Field summary; source column and bound retained,sources/e8fb86127eac974b/es6b01197_si_001.pdf,424628154a25c94f5197,,True,b2fb1eece4420ca0d7457c1092f3cefd7dce61a5f9dae773de0efc3ed7eb768d,https://ndownloader.figshare.com/files/5323630,data/04_bioaccumulation/ITRC_Table_5-1_BCF-BAF_aquatic.xlsx,BCF-BAF Database,152,K152;I152;J152,"{""BAF"": 69.18309709189366, ""BAF Min"": null, ""BAF Max"": null}",reported_database_value,69.18309709189366,True,True,bfc24df5dbd2d21341a9580e5053f7a7b89c1ddea1ebe75c55407f4cee27a54d,verified_summary,,CIT_3e7f6a7070b23a4e5e18,True,True,True,verified_summary,True,SI Table S9 PDF page 16; PFDA; zooplankton,1.84,not_reported
BIO_5791,1003,5791,PFDA,Perfluorodecanoic acid,335-76-2,PFCA,10.0,BAF,10715.19305237607,4.03,L/kg,10715.193052376071,,wet weight,,Sprattus sprattus,Sprat,fish,whole body,,,,,marine,,field,ITRC,https://pfas-1.itrcweb.org/wp-content/uploads/2023/10/ITRC_PFAS_-BCF-BAF_compilation_Table5-1_Oct2021.xlsx,Gebbink 2016,ITRC-compiled,location=Baltic Sea; waterbody=Coastal ocean; note=Error estimates available; uid=197,2026-05-17T15:19:28+00:00,Perfluorodecanoic acid,335-76-2,PCIUEQPBYFRTEM-UHFFFAOYSA-N,,9555.0,OC(=O)C(F)(F)C(F)(F)C(F)(F)C(F)(F)C(F)(F)C(F)(F)C(F)(F)C(F)(F)C(F)(F)F,C10HF19O2,514.086,PFCA,6.3,,EPA,,,,,,O=C(O)C(F)(F)C(F)(F)C(F)(F)C(F)(F)C(F)(F)C(F)(F)C(F)(F)C(F)(F)C(F)(F)F,O=C(O)C(F)(F)C(F)(F)C(F)(F)C(F)(F)C(F)(F)C(F)(F)C(F)(F)C(F)(F)C(F)(F)F,CMP_5bc76544fcbe477197d1,gebbink2016,10.1021/acs.est.6b01197,provisional_normalized_citation_cross_source_equivalence_unverified,,,L/kg,1.0,10715.19305237607,10715.19305237607,4.03,4.03,0.0,False,True,True,True,,retained,False,10.1021/acs.est.6b01197,Perfluoroalkyl Acids (PFAAs) and Selected Precursors in the Baltic Sea Environment: Do Precursors Play a Role in Food Web Accumulation of PFAAs?,Gebbink 2016; Perfluoroalkyl Acids (PFAAs) and Selected Precursors in the Baltic Sea Environment: Do Precursors Play a Role in Food Web Accumulation of PFAAs?; Environ. Sci. Technol.,ITRC Table5-1; BCF-BAF Database!row 153; uid=197; endpoint=BAF,,database_cell_verified,1.0,,,,,,,exact numeric cell match,original paper table/page and primary measurement not yet verified,,OBS_c1c356aaaae0abf1,1,candidate only; missing conditions and repeated experiments prevent unique identification,not verified against original experimental table,original search date/operator unavailable; current audit is not original collection history,,10.1021/acs.est.6b01197,verified_summary,retain_verified_summary_separate_from_individual_measurements,SI Table S9 PDF page 16; PFDA; sprat,4.03,log10,Field summary; source column and bound retained,sources/e8fb86127eac974b/es6b01197_si_001.pdf,71a3fdb5d0aefcb46df5,fish,True,b2fb1eece4420ca0d7457c1092f3cefd7dce61a5f9dae773de0efc3ed7eb768d,https://ndownloader.figshare.com/files/5323630,data/04_bioaccumulation/ITRC_Table_5-1_BCF-BAF_aquatic.xlsx,BCF-BAF Database,153,K153;I153;J153,"{""BAF"": 10715.193052376071, ""BAF Min"": null, ""BAF Max"": null}",reported_database_value,10715.193052376071,True,True,bfc24df5dbd2d21341a9580e5053f7a7b89c1ddea1ebe75c55407f4cee27a54d,verified_summary,mammal,CIT_3e7f6a7070b23a4e5e18,True,True,True,verified_summary,True,SI Table S9 PDF page 16; PFDA; sprat,4.03,not_reported
BIO_5862,1074,5862,PFDoDA,Perfluorododecanoic acid,307-55-1,PFCA,12.0,BCF,89125.09,4.95,L/kg,89125.09,,wet weight,steady_state,Danio rerio,Zebrafish,fish,liver,24.0,aqueous,,,freshwater,,laboratory,ITRC,https://pfas-1.itrcweb.org/wp-content/uploads/2023/10/ITRC_PFAS_-BCF-BAF_compilation_Table5-1_Oct2021.xlsx,Chen 2016,ITRC-compiled,location=Singapore; waterbody=Lab; note=Low Exposure Group; 3 replicates consisting each of 5 pooled individuals from a population of 300; uid=293,2026-05-17T15:19:31+00:00,Perfluorododecanoic acid,307-55-1,CXGONMQFMIYUJR-UHFFFAOYSA-N,,67545.0,OC(=O)C(F)(F)C(F)(F)C(F)(F)C(F)(F)C(F)(F)C(F)(F)C(F)(F)C(F)(F)C(F)(F)C(F)(F)C(F)(F)F,C12HF23O2,614.101,PFCA,7.6,,EPA,,,,,,O=C(O)C(F)(F)C(F)(F)C(F)(F)C(F)(F)C(F)(F)C(F)(F)C(F)(F)C(F)(F)C(F)(F)C(F)(F)C(F)(F)F,O=C(O)C(F)(F)C(F)(F)C(F)(F)C(F)(F)C(F)(F)C(F)(F)C(F)(F)C(F)(F)C(F)(F)C(F)(F)C(F)(F)F,CMP_812738d2ca27e93d42c8,chen2016,10.1016/j.scitotenv.2016.05.215,provisional_normalized_citation_cross_source_equivalence_unverified,,,L/kg,1.0,89125.09,89125.09,4.95,4.949999981417943,1.858205678217929e-08,False,True,True,True,,retained,False,10.1016/j.scitotenv.2016.05.215,Bioavailability and bioconcentration potential of perfluoroalkyl-phosphinic and -phosphonic acids in zebrafish (Danio rerio): Comparison to perfluorocarboxylates and perfluorosulfonates,Chen 2016; Bioavailability and bioconcentration potential of perfluoroalkyl-phosphinic and -phosphonic acids in zebrafish (Danio rerio): Comparison to perfluorocarboxylates and perfluorosulfonates; The Science of the Total Environment,ITRC Table5-1; BCF-BAF Database!row 225; uid=293; endpoint=BCF,,database_cell_verified,1.0,,,,,,,exact numeric cell match,original paper table/page and primary measurement not yet verified,,OBS_3cb7070ef6f3f44b,1,candidate only; missing conditions and repeated experiments prevent unique identification,not verified against original experimental table,original search date/operator unavailable; current audit is not original collection history,,10.1016/j.scitotenv.2016.05.215,unverified_primary_table,exclude_from_primary_verified_analysis; retain_in_legacy_sensitivity,,,,,,,fish,False,,,data/04_bioaccumulation/ITRC_Table_5-1_BCF-BAF_aquatic.xlsx,BCF-BAF Database,225,H225;F225;G225,"{""BCF"": 89125.09, ""BCF Min"": null, ""BCF Max"": null}",reported_database_value,89125.09,True,True,bfc24df5dbd2d21341a9580e5053f7a7b89c1ddea1ebe75c55407f4cee27a54d,unverified_primary_table,fish,CIT_96153bf67e1613757c40,False,True,True,verified_tissue_BCF_summary,True,Table S9 row 56 column 7; liver-low; pfdoda; logBCFss,4.949999981417943,low
BIO_5863,1075,5863,PFDoDA,Perfluorododecanoic acid,307-55-1,PFCA,12.0,BCF,45708.82,4.66,L/kg,45708.82,,wet weight,steady_state,Danio rerio,Zebrafish,fish,liver,24.0,aqueous,,,freshwater,,laboratory,ITRC,https://pfas-1.itrcweb.org/wp-content/uploads/2023/10/ITRC_PFAS_-BCF-BAF_compilation_Table5-1_Oct2021.xlsx,Chen 2016,ITRC-compiled,location=Singapore; waterbody=Lab; note=High Exposure Group; 3 replicates consisting each of 5 pooled individuals from a population of 300; uid=294,2026-05-17T15:19:31+00:00,Perfluorododecanoic acid,307-55-1,CXGONMQFMIYUJR-UHFFFAOYSA-N,,67545.0,OC(=O)C(F)(F)C(F)(F)C(F)(F)C(F)(F)C(F)(F)C(F)(F)C(F)(F)C(F)(F)C(F)(F)C(F)(F)C(F)(F)F,C12HF23O2,614.101,PFCA,7.6,,EPA,,,,,,O=C(O)C(F)(F)C(F)(F)C(F)(F)C(F)(F)C(F)(F)C(F)(F)C(F)(F)C(F)(F)C(F)(F)C(F)(F)C(F)(F)F,O=C(O)C(F)(F)C(F)(F)C(F)(F)C(F)(F)C(F)(F)C(F)(F)C(F)(F)C(F)(F)C(F)(F)C(F)(F)C(F)(F)F,CMP_812738d2ca27e93d42c8,chen2016,10.1016/j.scitotenv.2016.05.215,provisional_normalized_citation_cross_source_equivalence_unverified,,,L/kg,1.0,45708.82,45708.82,4.66,4.660000009867248,-9.867247463546391e-09,False,True,True,True,,retained,False,10.1016/j.scitotenv.2016.05.215,Bioavailability and bioconcentration potential of perfluoroalkyl-phosphinic and -phosphonic acids in zebrafish (Danio rerio): Comparison to perfluorocarboxylates and perfluorosulfonates,Chen 2016; Bioavailability and bioconcentration potential of perfluoroalkyl-phosphinic and -phosphonic acids in zebrafish (Danio rerio): Comparison to perfluorocarboxylates and perfluorosulfonates; The Science of the Total Environment,ITRC Table5-1; BCF-BAF Database!row 226; uid=294; endpoint=BCF,,database_cell_verified,1.0,,,,,,,exact numeric cell match,original paper table/page and primary measurement not yet verified,,OBS_a07018d78a379a04,1,candidate only; missing conditions and repeated experiments prevent unique identification,not verified against original experimental table,original search date/operator unavailable; current audit is not original collection history,,10.1016/j.scitotenv.2016.05.215,unverified_primary_table,exclude_from_primary_verified_analysis; retain_in_legacy_sensitivity,,,,,,,fish,False,,,data/04_bioaccumulation/ITRC_Table_5-1_BCF-BAF_aquatic.xlsx,BCF-BAF Database,226,H226;F226;G226,"{""BCF"": 45708.82, ""BCF Min"": null, ""BCF Max"": null}",reported_database_value,45708.82,True,True,bfc24df5dbd2d21341a9580e5053f7a7b89c1ddea1ebe75c55407f4cee27a54d,unverified_primary_table,fish,CIT_96153bf67e1613757c40,False,True,True,verified_tissue_BCF_summary,True,Table S9 row 78 column 7; liver-high; pfdoda; logBCFss,4.660000009867248,high
BIO_5864,1076,5864,PFDoDA,Perfluorododecanoic acid,307-55-1,PFCA,12.0,BCF,5888.44,3.77,L/kg,5888.44,,wet weight,steady_state,Danio rerio,Zebrafish,fish,muscle,24.0,aqueous,,,freshwater,,laboratory,ITRC,https://pfas-1.itrcweb.org/wp-content/uploads/2023/10/ITRC_PFAS_-BCF-BAF_compilation_Table5-1_Oct2021.xlsx,Chen 2016,ITRC-compiled,location=Singapore; waterbody=Lab; note=Low Exposure Group; 3 replicates consisting each of 5 pooled individuals from a population of 300; uid=295,2026-05-17T15:19:31+00:00,Perfluorododecanoic acid,307-55-1,CXGONMQFMIYUJR-UHFFFAOYSA-N,,67545.0,OC(=O)C(F)(F)C(F)(F)C(F)(F)C(F)(F)C(F)(F)C(F)(F)C(F)(F)C(F)(F)C(F)(F)C(F)(F)C(F)(F)F,C12HF23O2,614.101,PFCA,7.6,,EPA,,,,,,O=C(O)C(F)(F)C(F)(F)C(F)(F)C(F)(F)C(F)(F)C(F)(F)C(F)(F)C(F)(F)C(F)(F)C(F)(F)C(F)(F)F,O=C(O)C(F)(F)C(F)(F)C(F)(F)C(F)(F)C(F)(F)C(F)(F)C(F)(F)C(F)(F)C(F)(F)C(F)(F)C(F)(F)F,CMP_812738d2ca27e93d42c8,chen2016,10.1016/j.scitotenv.2016.05.215,provisional_normalized_citation_cross_source_equivalence_unverified,,,L/kg,1.0,5888.44,5888.44,3.77,3.770000254188224,-2.54188222470475e-07,False,True,True,True,,retained,False,10.1016/j.scitotenv.2016.05.215,Bioavailability and bioconcentration potential of perfluoroalkyl-phosphinic and -phosphonic acids in zebrafish (Danio rerio): Comparison to perfluorocarboxylates and perfluorosulfonates,Chen 2016; Bioavailability and bioconcentration potential of perfluoroalkyl-phosphinic and -phosphonic acids in zebrafish (Danio rerio): Comparison to perfluorocarboxylates and perfluorosulfonates; The Science of the Total Environment,ITRC Table5-1; BCF-BAF Database!row 227; uid=295; endpoint=BCF,,database_cell_verified,1.0,,,,,,,exact numeric cell match,original paper table/page and primary measurement not yet verified,,OBS_a40e7fdf7979690a,1,candidate only; missing conditions and repeated experiments prevent unique identification,not verified against original experimental table,original search date/operator unavailable; current audit is not original collection history,,10.1016/j.scitotenv.2016.05.215,unverified_primary_table,exclude_from_primary_verified_analysis; retain_in_legacy_sensitivity,,,,,,,fish,False,,,data/04_bioaccumulation/ITRC_Table_5-1_BCF-BAF_aquatic.xlsx,BCF-BAF Database,227,H227;F227;G227,"{""BCF"": 5888.44, ""BCF Min"": null, ""BCF Max"": null}",reported_database_value,5888.44,True,True,bfc24df5dbd2d21341a9580e5053f7a7b89c1ddea1ebe75c55407f4cee27a54d,unverified_primary_table,fish,CIT_96153bf67e1613757c40,False,True,True,verified_tissue_BCF_summary,True,Table S9 row 100 column 7; muscle-low; pfdoda; logBCFss,3.770000254188224,low
BIO_5865,1077,5865,PFDoDA,Perfluorododecanoic acid,307-55-1,PFCA,12.0,BCF,4570.88,3.66,L/kg,4570.88,,wet weight,steady_state,Danio rerio,Zebrafish,fish,muscle,24.0,aqueous,,,freshwater,,laboratory,ITRC,https://pfas-1.itrcweb.org/wp-content/uploads/2023/10/ITRC_PFAS_-BCF-BAF_compilation_Table5-1_Oct2021.xlsx,Chen 2016,ITRC-compiled,location=Singapore; waterbody=Lab; note=High Exposure Group; 3 replicates consisting each of 5 pooled individuals from a population of 300; uid=296,2026-05-17T15:19:32+00:00,Perfluorododecanoic acid,307-55-1,CXGONMQFMIYUJR-UHFFFAOYSA-N,,67545.0,OC(=O)C(F)(F)C(F)(F)C(F)(F)C(F)(F)C(F)(F)C(F)(F)C(F)(F)C(F)(F)C(F)(F)C(F)(F)C(F)(F)F,C12HF23O2,614.101,PFCA,7.6,,EPA,,,,,,O=C(O)C(F)(F)C(F)(F)C(F)(F)C(F)(F)C(F)(F)C(F)(F)C(F)(F)C(F)(F)C(F)(F)C(F)(F)C(F)(F)F,O=C(O)C(F)(F)C(F)(F)C(F)(F)C(F)(F)C(F)(F)C(F)(F)C(F)(F)C(F)(F)C(F)(F)C(F)(F)C(F)(F)F,CMP_812738d2ca27e93d42c8,chen2016,10.1016/j.scitotenv.2016.05.215,provisional_normalized_citation_cross_source_equivalence_unverified,,,L/kg,1.0,4570.88,4570.88,3.66,3.6599998198406505,1.8015934966086888e-07,False,True,True,True,,retained,False,10.1016/j.scitotenv.2016.05.215,Bioavailability and bioconcentration potential of perfluoroalkyl-phosphinic and -phosphonic acids in zebrafish (Danio rerio): Comparison to perfluorocarboxylates and perfluorosulfonates,Chen 2016; Bioavailability and bioconcentration potential of perfluoroalkyl-phosphinic and -phosphonic acids in zebrafish (Danio rerio): Comparison to perfluorocarboxylates and perfluorosulfonates; The Science of the Total Environment,ITRC Table5-1; BCF-BAF Database!row 228; uid=296; endpoint=BCF,,database_cell_verified,1.0,,,,,,,exact numeric cell match,original paper table/page and primary measurement not yet verified,,OBS_bd158956c9ee2a0b,1,candidate only; missing conditions and repeated experiments prevent unique identification,not verified against original experimental table,original search date/operator unavailable; current audit is not original collection history,,10.1016/j.scitotenv.2016.05.215,unverified_primary_table,exclude_from_primary_verified_analysis; retain_in_legacy_sensitivity,,,,,,,fish,False,,,data/04_bioaccumulation/ITRC_Table_5-1_BCF-BAF_aquatic.xlsx,BCF-BAF Database,228,H228;F228;G228,"{""BCF"": 4570.88, ""BCF Min"": null, ""BCF Max"": null}",reported_database_value,4570.88,True,True,bfc24df5dbd2d21341a9580e5053f7a7b89c1ddea1ebe75c55407f4cee27a54d,unverified_primary_table,fish,CIT_96153bf67e1613757c40,False,True,True,verified_tissue_BCF_summary,True,Table S9 row 122 column 7; muscle-high; pfdoda; logBCFss,3.6599998198406505,high
BIO_5866,1078,5866,PFDoDA,Perfluorododecanoic acid,307-55-1,PFCA,12.0,BCF,21379.62,4.33,L/kg,21379.62,,wet weight,steady_state,Danio rerio,Zebrafish,fish,ovary,24.0,aqueous,,,freshwater,,laboratory,ITRC,https://pfas-1.itrcweb.org/wp-content/uploads/2023/10/ITRC_PFAS_-BCF-BAF_compilation_Table5-1_Oct2021.xlsx,Chen 2016,ITRC-compiled,location=Singapore; waterbody=Lab; note=Low Exposure Group; 3 replicates consisting each of 5 pooled individuals from a population of 300; uid=297,2026-05-17T15:19:32+00:00,Perfluorododecanoic acid,307-55-1,CXGONMQFMIYUJR-UHFFFAOYSA-N,,67545.0,OC(=O)C(F)(F)C(F)(F)C(F)(F)C(F)(F)C(F)(F)C(F)(F)C(F)(F)C(F)(F)C(F)(F)C(F)(F)C(F)(F)F,C12HF23O2,614.101,PFCA,7.6,,EPA,,,,,,O=C(O)C(F)(F)C(F)(F)C(F)(F)C(F)(F)C(F)(F)C(F)(F)C(F)(F)C(F)(F)C(F)(F)C(F)(F)C(F)(F)F,O=C(O)C(F)(F)C(F)(F)C(F)(F)C(F)(F)C(F)(F)C(F)(F)C(F)(F)C(F)(F)C(F)(F)C(F)(F)C(F)(F)F,CMP_812738d2ca27e93d42c8,chen2016,10.1016/j.scitotenv.2016.05.215,provisional_normalized_citation_cross_source_equivalence_unverified,,,L/kg,1.0,21379.62,21379.62,4.33,4.329999981818983,1.8181017580332082e-08,False,True,True,True,,retained,False,10.1016/j.scitotenv.2016.05.215,Bioavailability and bioconcentration potential of perfluoroalkyl-phosphinic and -phosphonic acids in zebrafish (Danio rerio): Comparison to perfluorocarboxylates and perfluorosulfonates,Chen 2016; Bioavailability and bioconcentration potential of perfluoroalkyl-phosphinic and -phosphonic acids in zebrafish (Danio rerio): Comparison to perfluorocarboxylates and perfluorosulfonates; The Science of the Total Environment,ITRC Table5-1; BCF-BAF Database!row 229; uid=297; endpoint=BCF,,database_cell_verified,1.0,,,,,,,exact numeric cell match,original paper table/page and primary measurement not yet verified,,OBS_327b855c7840f43e,1,candidate only; missing conditions and repeated experiments prevent unique identification,not verified against original experimental table,original search date/operator unavailable; current audit is not original collection history,,10.1016/j.scitotenv.2016.05.215,unverified_primary_table,exclude_from_primary_verified_analysis; retain_in_legacy_sensitivity,,,,,,,fish,False,,,data/04_bioaccumulation/ITRC_Table_5-1_BCF-BAF_aquatic.xlsx,BCF-BAF Database,229,H229;F229;G229,"{""BCF"": 21379.62, ""BCF Min"": null, ""BCF Max"": null}",reported_database_value,21379.62,True,True,bfc24df5dbd2d21341a9580e5053f7a7b89c1ddea1ebe75c55407f4cee27a54d,unverified_primary_table,fish,CIT_96153bf67e1613757c40,False,True,True,verified_tissue_BCF_summary,True,Table S9 row 144 column 7; ovary-low; pfdoda; logBCFss,4.329999981818983,low
BIO_5867,1079,5867,PFDoDA,Perfluorododecanoic acid,307-55-1,PFCA,12.0,BCF,4466.84,3.65,L/kg,4466.84,,wet weight,steady_state,Danio rerio,Zebrafish,fish,ovary,24.0,aqueous,,,freshwater,,laboratory,ITRC,https://pfas-1.itrcweb.org/wp-content/uploads/2023/10/ITRC_PFAS_-BCF-BAF_compilation_Table5-1_Oct2021.xlsx,Chen 2016,ITRC-compiled,location=Singapore; waterbody=Lab; note=High Exposure Group; 3 replicates consisting each of 5 pooled individuals from a population of 300; uid=298,2026-05-17T15:19:32+00:00,Perfluorododecanoic acid,307-55-1,CXGONMQFMIYUJR-UHFFFAOYSA-N,,67545.0,OC(=O)C(F)(F)C(F)(F)C(F)(F)C(F)(F)C(F)(F)C(F)(F)C(F)(F)C(F)(F)C(F)(F)C(F)(F)C(F)(F)F,C12HF23O2,614.101,PFCA,7.6,,EPA,,,,,,O=C(O)C(F)(F)C(F)(F)C(F)(F)C(F)(F)C(F)(F)C(F)(F)C(F)(F)C(F)(F)C(F)(F)C(F)(F)C(F)(F)F,O=C(O)C(F)(F)C(F)(F)C(F)(F)C(F)(F)C(F)(F)C(F)(F)C(F)(F)C(F)(F)C(F)(F)C(F)(F)C(F)(F)F,CMP_812738d2ca27e93d42c8,chen2016,10.1016/j.scitotenv.2016.05.215,provisional_normalized_citation_cross_source_equivalence_unverified,,,L/kg,1.0,4466.84,4466.84,3.65,3.650000396536852,-3.965368517988566e-07,False,True,True,True,,retained,False,10.1016/j.scitotenv.2016.05.215,Bioavailability and bioconcentration potential of perfluoroalkyl-phosphinic and -phosphonic acids in zebrafish (Danio rerio): Comparison to perfluorocarboxylates and perfluorosulfonates,Chen 2016; Bioavailability and bioconcentration potential of perfluoroalkyl-phosphinic and -phosphonic acids in zebrafish (Danio rerio): Comparison to perfluorocarboxylates and perfluorosulfonates; The Science of the Total Environment,ITRC Table5-1; BCF-BAF Database!row 230; uid=298; endpoint=BCF,,database_cell_verified,1.0,,,,,,,exact numeric cell match,original paper table/page and primary measurement not yet verified,,OBS_3629aa37d87f44ae,1,candidate only; missing conditions and repeated experiments prevent unique identification,not verified against original experimental table,original search date/operator unavailable; current audit is not original collection history,,10.1016/j.scitotenv.2016.05.215,unverified_primary_table,exclude_from_primary_verified_analysis; retain_in_legacy_sensitivity,,,,,,,fish,False,,,data/04_bioaccumulation/ITRC_Table_5-1_BCF-BAF_aquatic.xlsx,BCF-BAF Database,230,H230;F230;G230,"{""BCF"": 4466.84, ""BCF Min"": null, ""BCF Max"": null}",reported_database_value,4466.84,True,True,bfc24df5dbd2d21341a9580e5053f7a7b89c1ddea1ebe75c55407f4cee27a54d,unverified_primary_table,fish,CIT_96153bf67e1613757c40,False,True,True,verified_tissue_BCF_summary,True,Table S9 row 166 column 7; ovary-high; pfdoda; logBCFss,3.650000396536852,high
BIO_5907,1119,5907,PFHpA,Perfluoroheptanoic acid,375-85-9,PFCA,7.0,BAF,95.49925860214366,1.98,L/kg,95.49925860214366,,wet weight,,Clupea harengus,Herring,fish,whole body,,,,,marine,,field,ITRC,https://pfas-1.itrcweb.org/wp-content/uploads/2023/10/ITRC_PFAS_-BCF-BAF_compilation_Table5-1_Oct2021.xlsx,Gebbink 2016,ITRC-compiled,location=Baltic Sea; waterbody=Coastal ocean; note=Error estimates available; uid=364,2026-05-17T15:19:34+00:00,Perfluoroheptanoic acid,375-85-9,ZWBAMYVPMDSJGQ-UHFFFAOYSA-N,,67818.0,OC(=O)C(F)(F)C(F)(F)C(F)(F)C(F)(F)C(F)(F)C(F)(F)F,C7HF13O2,364.062,PFCA,4.3,,EPA,,,,,,O=C(O)C(F)(F)C(F)(F)C(F)(F)C(F)(F)C(F)(F)C(F)(F)F,O=C(O)C(F)(F)C(F)(F)C(F)(F)C(F)(F)C(F)(F)C(F)(F)F,CMP_a97661d9260d026cb14f,gebbink2016,10.1021/acs.est.6b01197,provisional_normalized_citation_cross_source_equivalence_unverified,,,L/kg,1.0,95.49925860214366,95.49925860214366,1.98,1.98,-2.220446049250313e-16,False,True,True,True,,retained,False,10.1021/acs.est.6b01197,Perfluoroalkyl Acids (PFAAs) and Selected Precursors in the Baltic Sea Environment: Do Precursors Play a Role in Food Web Accumulation of PFAAs?,Gebbink 2016; Perfluoroalkyl Acids (PFAAs) and Selected Precursors in the Baltic Sea Environment: Do Precursors Play a Role in Food Web Accumulation of PFAAs?; Environ. Sci. Technol.,ITRC Table5-1; BCF-BAF Database!row 287; uid=364; endpoint=BAF,,database_cell_verified,1.0,,,,,,,exact numeric cell match,original paper table/page and primary measurement not yet verified,,OBS_6c8fdeaf2ed8c66f,1,candidate only; missing conditions and repeated experiments prevent unique identification,not verified against original experimental table,original search date/operator unavailable; current audit is not original collection history,,10.1021/acs.est.6b01197,verified_summary,retain_verified_summary_separate_from_individual_measurements,SI Table S9 PDF page 16; PFHpA; herring,1.98,log10,Field summary; source column and bound retained,sources/e8fb86127eac974b/es6b01197_si_001.pdf,28eb01bb67986edf56e3,,True,b2fb1eece4420ca0d7457c1092f3cefd7dce61a5f9dae773de0efc3ed7eb768d,https://ndownloader.figshare.com/files/5323630,data/04_bioaccumulation/ITRC_Table_5-1_BCF-BAF_aquatic.xlsx,BCF-BAF Database,287,K287;I287;J287,"{""BAF"": 95.49925860214366, ""BAF Min"": null, ""BAF Max"": null}",reported_database_value,95.49925860214366,True,True,bfc24df5dbd2d21341a9580e5053f7a7b89c1ddea1ebe75c55407f4cee27a54d,verified_summary,,CIT_3e7f6a7070b23a4e5e18,True,True,True,verified_summary,True,SI Table S9 PDF page 16; PFHpA; herring,1.98,not_reported
BIO_5908,1120,5908,PFHpA,Perfluoroheptanoic acid,375-85-9,PFCA,7.0,BAF,102.3292992280754,2.01,L/kg,102.32929922807544,,wet weight,,Sprattus sprattus,Sprat,fish,whole body,,,,,marine,,field,ITRC,https://pfas-1.itrcweb.org/wp-content/uploads/2023/10/ITRC_PFAS_-BCF-BAF_compilation_Table5-1_Oct2021.xlsx,Gebbink 2016,ITRC-compiled,location=Baltic Sea; waterbody=Coastal ocean; note=Error estimates available; uid=365,2026-05-17T15:19:34+00:00,Perfluoroheptanoic acid,375-85-9,ZWBAMYVPMDSJGQ-UHFFFAOYSA-N,,67818.0,OC(=O)C(F)(F)C(F)(F)C(F)(F)C(F)(F)C(F)(F)C(F)(F)F,C7HF13O2,364.062,PFCA,4.3,,EPA,,,,,,O=C(O)C(F)(F)C(F)(F)C(F)(F)C(F)(F)C(F)(F)C(F)(F)F,O=C(O)C(F)(F)C(F)(F)C(F)(F)C(F)(F)C(F)(F)C(F)(F)F,CMP_a97661d9260d026cb14f,gebbink2016,10.1021/acs.est.6b01197,provisional_normalized_citation_cross_source_equivalence_unverified,,,L/kg,1.0,102.3292992280754,102.3292992280754,2.01,2.01,0.0,False,True,True,True,,retained,False,10.1021/acs.est.6b01197,Perfluoroalkyl Acids (PFAAs) and Selected Precursors in the Baltic Sea Environment: Do Precursors Play a Role in Food Web Accumulation of PFAAs?,Gebbink 2016; Perfluoroalkyl Acids (PFAAs) and Selected Precursors in the Baltic Sea Environment: Do Precursors Play a Role in Food Web Accumulation of PFAAs?; Environ. Sci. Technol.,ITRC Table5-1; BCF-BAF Database!row 288; uid=365; endpoint=BAF,,database_cell_verified,1.0,,,,,,,exact numeric cell match,original paper table/page and primary measurement not yet verified,,OBS_83d5611a09a1afed,1,candidate only; missing conditions and repeated experiments prevent unique identification,not verified against original experimental table,original search date/operator unavailable; current audit is not original collection history,,10.1021/acs.est.6b01197,verified_summary,retain_verified_summary_separate_from_individual_measurements,SI Table S9 PDF page 16; PFHpA; sprat,2.01,log10,Field summary; source column and bound retained,sources/e8fb86127eac974b/es6b01197_si_001.pdf,5d3f46640b99214c2f47,fish,True,b2fb1eece4420ca0d7457c1092f3cefd7dce61a5f9dae773de0efc3ed7eb768d,https://ndownloader.figshare.com/files/5323630,data/04_bioaccumulation/ITRC_Table_5-1_BCF-BAF_aquatic.xlsx,BCF-BAF Database,288,K288;I288;J288,"{""BAF"": 102.32929922807544, ""BAF Min"": null, ""BAF Max"": null}",reported_database_value,102.32929922807544,True,True,bfc24df5dbd2d21341a9580e5053f7a7b89c1ddea1ebe75c55407f4cee27a54d,verified_summary,mammal,CIT_3e7f6a7070b23a4e5e18,True,True,True,verified_summary,True,SI Table S9 PDF page 16; PFHpA; sprat,2.01,not_reported
BIO_5944,1156,5944,PFHxA,Perfluorohexanoic acid,307-24-4,PFCA,6.0,BCF,53.7,1.73,L/kg,53.7,,wet weight,steady_state,Danio rerio,Zebrafish,fish,liver,24.0,aqueous,,,freshwater,,laboratory,ITRC,https://pfas-1.itrcweb.org/wp-content/uploads/2023/10/ITRC_PFAS_-BCF-BAF_compilation_Table5-1_Oct2021.xlsx,Chen 2016,ITRC-compiled,location=Singapore; waterbody=Lab; note=Low Exposure Group; 3 replicates consisting each of 5 pooled individuals from a population of 300; uid=425,2026-05-17T15:19:35+00:00,Perfluorohexanoic acid,307-24-4,PXUULQAPEKKVAH-UHFFFAOYSA-N,,67542.0,OC(=O)C(F)(F)C(F)(F)C(F)(F)C(F)(F)C(F)(F)F,C6HF11O2,314.054,PFCA,3.6,,EPA,,,,,,O=C(O)C(F)(F)C(F)(F)C(F)(F)C(F)(F)C(F)(F)F,O=C(O)C(F)(F)C(F)(F)C(F)(F)C(F)(F)C(F)(F)F,CMP_d645aa79f55e85d0da2e,chen2016,10.1016/j.scitotenv.2016.05.215,provisional_normalized_citation_cross_source_equivalence_unverified,,,L/kg,1.0,53.7,53.7,1.73,1.7299742856995557,2.571430044429057e-05,False,True,True,True,,retained,False,10.1016/j.scitotenv.2016.05.215,Bioavailability and bioconcentration potential of perfluoroalkyl-phosphinic and -phosphonic acids in zebrafish (Danio rerio): Comparison to perfluorocarboxylates and perfluorosulfonates,Chen 2016; Bioavailability and bioconcentration potential of perfluoroalkyl-phosphinic and -phosphonic acids in zebrafish (Danio rerio): Comparison to perfluorocarboxylates and perfluorosulfonates; The Science of the Total Environment,ITRC Table5-1; BCF-BAF Database!row 331; uid=425; endpoint=BCF,,database_cell_verified,1.0,,,,,,,exact numeric cell match,original paper table/page and primary measurement not yet verified,,OBS_ebf0aa5b1f7e5856,1,candidate only; missing conditions and repeated experiments prevent unique identification,not verified against original experimental table,original search date/operator unavailable; current audit is not original collection history,,10.1016/j.scitotenv.2016.05.215,unverified_primary_table,exclude_from_primary_verified_analysis; retain_in_legacy_sensitivity,,,,,,,fish,False,,,data/04_bioaccumulation/ITRC_Table_5-1_BCF-BAF_aquatic.xlsx,BCF-BAF Database,331,H331;F331;G331,"{""BCF"": 53.7, ""BCF Min"": null, ""BCF Max"": null}",reported_database_value,53.7,True,True,bfc24df5dbd2d21341a9580e5053f7a7b89c1ddea1ebe75c55407f4cee27a54d,unverified_primary_table,fish,CIT_96153bf67e1613757c40,False,True,True,verified_tissue_BCF_summary,True,Table S9 row 51 column 7; liver-low; pfhxa; logBCFss,1.7299742856995557,low
BIO_5945,1157,5945,PFHxA,Perfluorohexanoic acid,307-24-4,PFCA,6.0,BCF,50.12,1.7,L/kg,50.12,,wet weight,steady_state,Danio rerio,Zebrafish,fish,liver,24.0,aqueous,,,freshwater,,laboratory,ITRC,https://pfas-1.itrcweb.org/wp-content/uploads/2023/10/ITRC_PFAS_-BCF-BAF_compilation_Table5-1_Oct2021.xlsx,Chen 2016,ITRC-compiled,location=Singapore; waterbody=Lab; note=High Exposure Group; 3 replicates consisting each of 5 pooled individuals from a population of 300; uid=426,2026-05-17T15:19:35+00:00,Perfluorohexanoic acid,307-24-4,PXUULQAPEKKVAH-UHFFFAOYSA-N,,67542.0,OC(=O)C(F)(F)C(F)(F)C(F)(F)C(F)(F)C(F)(F)F,C6HF11O2,314.054,PFCA,3.6,,EPA,,,,,,O=C(O)C(F)(F)C(F)(F)C(F)(F)C(F)(F)C(F)(F)F,O=C(O)C(F)(F)C(F)(F)C(F)(F)C(F)(F)C(F)(F)F,CMP_d645aa79f55e85d0da2e,chen2016,10.1016/j.scitotenv.2016.05.215,provisional_normalized_citation_cross_source_equivalence_unverified,,,L/kg,1.0,50.12,50.12,1.7,1.7000110623221123,-1.1062322112342926e-05,False,True,True,True,,retained,False,10.1016/j.scitotenv.2016.05.215,Bioavailability and bioconcentration potential of perfluoroalkyl-phosphinic and -phosphonic acids in zebrafish (Danio rerio): Comparison to perfluorocarboxylates and perfluorosulfonates,Chen 2016; Bioavailability and bioconcentration potential of perfluoroalkyl-phosphinic and -phosphonic acids in zebrafish (Danio rerio): Comparison to perfluorocarboxylates and perfluorosulfonates; The Science of the Total Environment,ITRC Table5-1; BCF-BAF Database!row 332; uid=426; endpoint=BCF,,database_cell_verified,1.0,,,,,,,exact numeric cell match,original paper table/page and primary measurement not yet verified,,OBS_d41a1dd6d86345ec,1,candidate only; missing conditions and repeated experiments prevent unique identification,not verified against original experimental table,original search date/operator unavailable; current audit is not original collection history,,10.1016/j.scitotenv.2016.05.215,unverified_primary_table,exclude_from_primary_verified_analysis; retain_in_legacy_sensitivity,,,,,,,fish,False,,,data/04_bioaccumulation/ITRC_Table_5-1_BCF-BAF_aquatic.xlsx,BCF-BAF Database,332,H332;F332;G332,"{""BCF"": 50.12, ""BCF Min"": null, ""BCF Max"": null}",reported_database_value,50.12,True,True,bfc24df5dbd2d21341a9580e5053f7a7b89c1ddea1ebe75c55407f4cee27a54d,unverified_primary_table,fish,CIT_96153bf67e1613757c40,False,True,True,verified_tissue_BCF_summary,True,Table S9 row 73 column 7; liver-high; pfhxa; logBCFss,1.7000110623221123,high
BIO_5946,1158,5946,PFHxA,Perfluorohexanoic acid,307-24-4,PFCA,6.0,BCF,5.62,0.7497,L/kg,5.62,,wet weight,steady_state,Danio rerio,Zebrafish,fish,muscle,24.0,aqueous,,,freshwater,,laboratory,ITRC,https://pfas-1.itrcweb.org/wp-content/uploads/2023/10/ITRC_PFAS_-BCF-BAF_compilation_Table5-1_Oct2021.xlsx,Chen 2016,ITRC-compiled,location=Singapore; waterbody=Lab; note=Low Exposure Group; 3 replicates consisting each of 5 pooled individuals from a population of 300; uid=427,2026-05-17T15:19:35+00:00,Perfluorohexanoic acid,307-24-4,PXUULQAPEKKVAH-UHFFFAOYSA-N,,67542.0,OC(=O)C(F)(F)C(F)(F)C(F)(F)C(F)(F)C(F)(F)F,C6HF11O2,314.054,PFCA,3.6,,EPA,,,,,,O=C(O)C(F)(F)C(F)(F)C(F)(F)C(F)(F)C(F)(F)F,O=C(O)C(F)(F)C(F)(F)C(F)(F)C(F)(F)C(F)(F)F,CMP_d645aa79f55e85d0da2e,chen2016,10.1016/j.scitotenv.2016.05.215,provisional_normalized_citation_cross_source_equivalence_unverified,,,L/kg,1.0,5.62,5.62,0.75,0.7497363155690611,-3.631556906102951e-05,False,True,True,True,,retained,False,10.1016/j.scitotenv.2016.05.215,Bioavailability and bioconcentration potential of perfluoroalkyl-phosphinic and -phosphonic acids in zebrafish (Danio rerio): Comparison to perfluorocarboxylates and perfluorosulfonates,Chen 2016; Bioavailability and bioconcentration potential of perfluoroalkyl-phosphinic and -phosphonic acids in zebrafish (Danio rerio): Comparison to perfluorocarboxylates and perfluorosulfonates; The Science of the Total Environment,ITRC Table5-1; BCF-BAF Database!row 333; uid=427; endpoint=BCF,,database_cell_verified,1.0,,,,,,,exact numeric cell match,original paper table/page and primary measurement not yet verified,,OBS_ea18e42a0811ef87,1,candidate only; missing conditions and repeated experiments prevent unique identification,not verified against original experimental table,original search date/operator unavailable; current audit is not original collection history,,10.1016/j.scitotenv.2016.05.215,unverified_primary_table,exclude_from_primary_verified_analysis; retain_in_legacy_sensitivity,,,,,,,fish,False,,,data/04_bioaccumulation/ITRC_Table_5-1_BCF-BAF_aquatic.xlsx,BCF-BAF Database,333,H333;F333;G333,"{""BCF"": 5.62, ""BCF Min"": null, ""BCF Max"": null}",reported_database_value,5.62,True,True,bfc24df5dbd2d21341a9580e5053f7a7b89c1ddea1ebe75c55407f4cee27a54d,unverified_primary_table,fish,CIT_96153bf67e1613757c40,False,True,True,verified_tissue_BCF_summary,True,Table S9 row 95 column 7; muscle-low; pfhxa; logBCFss,0.7497363155690611,low
BIO_5947,1159,5947,PFHxA,Perfluorohexanoic acid,307-24-4,PFCA,6.0,BCF,4.68,0.6702,L/kg,4.68,,wet weight,steady_state,Danio rerio,Zebrafish,fish,muscle,24.0,aqueous,,,freshwater,,laboratory,ITRC,https://pfas-1.itrcweb.org/wp-content/uploads/2023/10/ITRC_PFAS_-BCF-BAF_compilation_Table5-1_Oct2021.xlsx,Chen 2016,ITRC-compiled,location=Singapore; waterbody=Lab; note=High Exposure Group; 3 replicates consisting each of 5 pooled individuals from a population of 300; uid=428,2026-05-17T15:19:35+00:00,Perfluorohexanoic acid,307-24-4,PXUULQAPEKKVAH-UHFFFAOYSA-N,,67542.0,OC(=O)C(F)(F)C(F)(F)C(F)(F)C(F)(F)C(F)(F)F,C6HF11O2,314.054,PFCA,3.6,,EPA,,,,,,O=C(O)C(F)(F)C(F)(F)C(F)(F)C(F)(F)C(F)(F)F,O=C(O)C(F)(F)C(F)(F)C(F)(F)C(F)(F)C(F)(F)F,CMP_d645aa79f55e85d0da2e,chen2016,10.1016/j.scitotenv.2016.05.215,provisional_normalized_citation_cross_source_equivalence_unverified,,,L/kg,1.0,4.68,4.68,0.67,0.670245853074124,-4.585307412396933e-05,False,True,True,True,,retained,False,10.1016/j.scitotenv.2016.05.215,Bioavailability and bioconcentration potential of perfluoroalkyl-phosphinic and -phosphonic acids in zebrafish (Danio rerio): Comparison to perfluorocarboxylates and perfluorosulfonates,Chen 2016; Bioavailability and bioconcentration potential of perfluoroalkyl-phosphinic and -phosphonic acids in zebrafish (Danio rerio): Comparison to perfluorocarboxylates and perfluorosulfonates; The Science of the Total Environment,ITRC Table5-1; BCF-BAF Database!row 334; uid=428; endpoint=BCF,,database_cell_verified,1.0,,,,,,,exact numeric cell match,original paper table/page and primary measurement not yet verified,,OBS_55518e0da7a95455,1,candidate only; missing conditions and repeated experiments prevent unique identification,not verified against original experimental table,original search date/operator unavailable; current audit is not original collection history,,10.1016/j.scitotenv.2016.05.215,unverified_primary_table,exclude_from_primary_verified_analysis; retain_in_legacy_sensitivity,,,,,,,fish,False,,,data/04_bioaccumulation/ITRC_Table_5-1_BCF-BAF_aquatic.xlsx,BCF-BAF Database,334,H334;F334;G334,"{""BCF"": 4.68, ""BCF Min"": null, ""BCF Max"": null}",reported_database_value,4.68,True,True,bfc24df5dbd2d21341a9580e5053f7a7b89c1ddea1ebe75c55407f4cee27a54d,unverified_primary_table,fish,CIT_96153bf67e1613757c40,False,True,True,verified_tissue_BCF_summary,True,Table S9 row 117 column 7; muscle-high; pfhxa; logBCFss,0.670245853074124,high
BIO_5948,1160,5948,PFHxA,Perfluorohexanoic acid,307-24-4,PFCA,6.0,BCF,10.47,1.0199,L/kg,10.47,,wet weight,steady_state,Danio rerio,Zebrafish,fish,ovary,24.0,aqueous,,,freshwater,,laboratory,ITRC,https://pfas-1.itrcweb.org/wp-content/uploads/2023/10/ITRC_PFAS_-BCF-BAF_compilation_Table5-1_Oct2021.xlsx,Chen 2016,ITRC-compiled,location=Singapore; waterbody=Lab; note=Low Exposure Group; 3 replicates consisting each of 5 pooled individuals from a population of 300; uid=429,2026-05-17T15:19:35+00:00,Perfluorohexanoic acid,307-24-4,PXUULQAPEKKVAH-UHFFFAOYSA-N,,67542.0,OC(=O)C(F)(F)C(F)(F)C(F)(F)C(F)(F)C(F)(F)F,C6HF11O2,314.054,PFCA,3.6,,EPA,,,,,,O=C(O)C(F)(F)C(F)(F)C(F)(F)C(F)(F)C(F)(F)F,O=C(O)C(F)(F)C(F)(F)C(F)(F)C(F)(F)C(F)(F)F,CMP_d645aa79f55e85d0da2e,chen2016,10.1016/j.scitotenv.2016.05.215,provisional_normalized_citation_cross_source_equivalence_unverified,,,L/kg,1.0,10.47,10.47,1.02,1.0199466816788425,-4.668167884225305e-05,False,True,True,True,,retained,False,10.1016/j.scitotenv.2016.05.215,Bioavailability and bioconcentration potential of perfluoroalkyl-phosphinic and -phosphonic acids in zebrafish (Danio rerio): Comparison to perfluorocarboxylates and perfluorosulfonates,Chen 2016; Bioavailability and bioconcentration potential of perfluoroalkyl-phosphinic and -phosphonic acids in zebrafish (Danio rerio): Comparison to perfluorocarboxylates and perfluorosulfonates; The Science of the Total Environment,ITRC Table5-1; BCF-BAF Database!row 335; uid=429; endpoint=BCF,,database_cell_verified,1.0,,,,,,,exact numeric cell match,original paper table/page and primary measurement not yet verified,,OBS_4b39178c01183953,1,candidate only; missing conditions and repeated experiments prevent unique identification,not verified against original experimental table,original search date/operator unavailable; current audit is not original collection history,,10.1016/j.scitotenv.2016.05.215,unverified_primary_table,exclude_from_primary_verified_analysis; retain_in_legacy_sensitivity,,,,,,,fish,False,,,data/04_bioaccumulation/ITRC_Table_5-1_BCF-BAF_aquatic.xlsx,BCF-BAF Database,335,H335;F335;G335,"{""BCF"": 10.47, ""BCF Min"": null, ""BCF Max"": null}",reported_database_value,10.47,True,True,bfc24df5dbd2d21341a9580e5053f7a7b89c1ddea1ebe75c55407f4cee27a54d,unverified_primary_table,fish,CIT_96153bf67e1613757c40,False,True,True,verified_tissue_BCF_summary,True,Table S9 row 139 column 7; ovary-low; pfhxa; logBCFss,1.0199466816788425,low
BIO_5949,1161,5949,PFHxA,Perfluorohexanoic acid,307-24-4,PFCA,6.0,BCF,11.48,1.0599,L/kg,11.48,,wet weight,steady_state,Danio rerio,Zebrafish,fish,ovary,24.0,aqueous,,,freshwater,,laboratory,ITRC,https://pfas-1.itrcweb.org/wp-content/uploads/2023/10/ITRC_PFAS_-BCF-BAF_compilation_Table5-1_Oct2021.xlsx,Chen 2016,ITRC-compiled,location=Singapore; waterbody=Lab; note=High Exposure Group; 3 replicates consisting each of 5 pooled individuals from a population of 300; uid=430,2026-05-17T15:19:36+00:00,Perfluorohexanoic acid,307-24-4,PXUULQAPEKKVAH-UHFFFAOYSA-N,,67542.0,OC(=O)C(F)(F)C(F)(F)C(F)(F)C(F)(F)C(F)(F)F,C6HF11O2,314.054,PFCA,3.6,,EPA,,,,,,O=C(O)C(F)(F)C(F)(F)C(F)(F)C(F)(F)C(F)(F)F,O=C(O)C(F)(F)C(F)(F)C(F)(F)C(F)(F)C(F)(F)F,CMP_d645aa79f55e85d0da2e,chen2016,10.1016/j.scitotenv.2016.05.215,provisional_normalized_citation_cross_source_equivalence_unverified,,,L/kg,1.0,11.48,11.48,1.06,1.0599418880619549,-4.188806195459805e-05,False,True,True,True,,retained,False,10.1016/j.scitotenv.2016.05.215,Bioavailability and bioconcentration potential of perfluoroalkyl-phosphinic and -phosphonic acids in zebrafish (Danio rerio): Comparison to perfluorocarboxylates and perfluorosulfonates,Chen 2016; Bioavailability and bioconcentration potential of perfluoroalkyl-phosphinic and -phosphonic acids in zebrafish (Danio rerio): Comparison to perfluorocarboxylates and perfluorosulfonates; The Science of the Total Environment,ITRC Table5-1; BCF-BAF Database!row 336; uid=430; endpoint=BCF,,database_cell_verified,1.0,,,,,,,exact numeric cell match,original paper table/page and primary measurement not yet verified,,OBS_b010b9483b24121c,1,candidate only; missing conditions and repeated experiments prevent unique identification,not verified against original experimental table,original search date/operator unavailable; current audit is not original collection history,,10.1016/j.scitotenv.2016.05.215,unverified_primary_table,exclude_from_primary_verified_analysis; retain_in_legacy_sensitivity,,,,,,,fish,False,,,data/04_bioaccumulation/ITRC_Table_5-1_BCF-BAF_aquatic.xlsx,BCF-BAF Database,336,H336;F336;G336,"{""BCF"": 11.48, ""BCF Min"": null, ""BCF Max"": null}",reported_database_value,11.48,True,True,bfc24df5dbd2d21341a9580e5053f7a7b89c1ddea1ebe75c55407f4cee27a54d,unverified_primary_table,fish,CIT_96153bf67e1613757c40,False,True,True,verified_tissue_BCF_summary,True,Table S9 row 161 column 7; ovary-high; pfhxa; logBCFss,1.0599418880619549,high
BIO_5995,1207,5995,PFHxS,Perfluorohexanesulfonic acid,355-46-4,PFSA,6.0,BCF,363.08,2.56,L/kg,363.08,,wet weight,steady_state,Danio rerio,Zebrafish,fish,liver,24.0,aqueous,,,freshwater,,laboratory,ITRC,https://pfas-1.itrcweb.org/wp-content/uploads/2023/10/ITRC_PFAS_-BCF-BAF_compilation_Table5-1_Oct2021.xlsx,Chen 2016,ITRC-compiled,location=Singapore; waterbody=Lab; note=Low Exposure Group; 3 replicates consisting each of 5 pooled individuals from a population of 300; uid=496,2026-05-17T15:19:38+00:00,Perfluorohexanesulfonic acid,355-46-4,QZHDEAJFRJCDMF-UHFFFAOYSA-N,,67734.0,OS(=O)(=O)C(F)(F)C(F)(F)C(F)(F)C(F)(F)C(F)(F)C(F)(F)F,C6HF13O3S,400.11,PFSA,3.7,,EPA,,,,,,O=S(=O)(O)C(F)(F)C(F)(F)C(F)(F)C(F)(F)C(F)(F)C(F)(F)F,O=S(=O)(O)C(F)(F)C(F)(F)C(F)(F)C(F)(F)C(F)(F)C(F)(F)F,CMP_83aa37c8a37d61e51382,chen2016,10.1016/j.scitotenv.2016.05.215,provisional_normalized_citation_cross_source_equivalence_unverified,,,L/kg,1.0,363.08,363.08,2.56,2.560002326773367,-2.326773366867485e-06,False,True,True,True,,retained,False,10.1016/j.scitotenv.2016.05.215,Bioavailability and bioconcentration potential of perfluoroalkyl-phosphinic and -phosphonic acids in zebrafish (Danio rerio): Comparison to perfluorocarboxylates and perfluorosulfonates,Chen 2016; Bioavailability and bioconcentration potential of perfluoroalkyl-phosphinic and -phosphonic acids in zebrafish (Danio rerio): Comparison to perfluorocarboxylates and perfluorosulfonates; The Science of the Total Environment,ITRC Table5-1; BCF-BAF Database!row 388; uid=496; endpoint=BCF,,database_cell_verified,1.0,,,,,,,exact numeric cell match,original paper table/page and primary measurement not yet verified,,OBS_8e2c33188b35b225,1,candidate only; missing conditions and repeated experiments prevent unique identification,not verified against original experimental table,original search date/operator unavailable; current audit is not original collection history,,10.1016/j.scitotenv.2016.05.215,unverified_primary_table,exclude_from_primary_verified_analysis; retain_in_legacy_sensitivity,,,,,,,fish,False,,,data/04_bioaccumulation/ITRC_Table_5-1_BCF-BAF_aquatic.xlsx,BCF-BAF Database,388,H388;F388;G388,"{""BCF"": 363.08, ""BCF Min"": null, ""BCF Max"": null}",reported_database_value,363.08,True,True,bfc24df5dbd2d21341a9580e5053f7a7b89c1ddea1ebe75c55407f4cee27a54d,unverified_primary_table,fish,CIT_96153bf67e1613757c40,False,True,True,verified_tissue_BCF_summary,True,Table S9 row 48 column 7; liver-low; pfhxs; logBCFss,2.560002326773367,low
BIO_5996,1208,5996,PFHxS,Perfluorohexanesulfonic acid,355-46-4,PFSA,6.0,BCF,245.47,2.39,L/kg,245.47,,wet weight,steady_state,Danio rerio,Zebrafish,fish,liver,24.0,aqueous,,,freshwater,,laboratory,ITRC,https://pfas-1.itrcweb.org/wp-content/uploads/2023/10/ITRC_PFAS_-BCF-BAF_compilation_Table5-1_Oct2021.xlsx,Chen 2016,ITRC-compiled,location=Singapore; waterbody=Lab; note=High Exposure Group; 3 replicates consisting each of 5 pooled individuals from a population of 300; uid=497,2026-05-17T15:19:38+00:00,Perfluorohexanesulfonic acid,355-46-4,QZHDEAJFRJCDMF-UHFFFAOYSA-N,,67734.0,OS(=O)(=O)C(F)(F)C(F)(F)C(F)(F)C(F)(F)C(F)(F)C(F)(F)F,C6HF13O3S,400.11,PFSA,3.7,,EPA,,,,,,O=S(=O)(O)C(F)(F)C(F)(F)C(F)(F)C(F)(F)C(F)(F)C(F)(F)F,O=S(=O)(O)C(F)(F)C(F)(F)C(F)(F)C(F)(F)C(F)(F)C(F)(F)F,CMP_83aa37c8a37d61e51382,chen2016,10.1016/j.scitotenv.2016.05.215,provisional_normalized_citation_cross_source_equivalence_unverified,,,L/kg,1.0,245.47,245.47,2.39,2.389998422607333,1.5773926671514005e-06,False,True,True,True,,retained,False,10.1016/j.scitotenv.2016.05.215,Bioavailability and bioconcentration potential of perfluoroalkyl-phosphinic and -phosphonic acids in zebrafish (Danio rerio): Comparison to perfluorocarboxylates and perfluorosulfonates,Chen 2016; Bioavailability and bioconcentration potential of perfluoroalkyl-phosphinic and -phosphonic acids in zebrafish (Danio rerio): Comparison to perfluorocarboxylates and perfluorosulfonates; The Science of the Total Environment,ITRC Table5-1; BCF-BAF Database!row 389; uid=497; endpoint=BCF,,database_cell_verified,1.0,,,,,,,exact numeric cell match,original paper table/page and primary measurement not yet verified,,OBS_5edb1f0177ce7ce8,1,candidate only; missing conditions and repeated experiments prevent unique identification,not verified against original experimental table,original search date/operator unavailable; current audit is not original collection history,,10.1016/j.scitotenv.2016.05.215,unverified_primary_table,exclude_from_primary_verified_analysis; retain_in_legacy_sensitivity,,,,,,,fish,False,,,data/04_bioaccumulation/ITRC_Table_5-1_BCF-BAF_aquatic.xlsx,BCF-BAF Database,389,H389;F389;G389,"{""BCF"": 245.47, ""BCF Min"": null, ""BCF Max"": null}",reported_database_value,245.47,True,True,bfc24df5dbd2d21341a9580e5053f7a7b89c1ddea1ebe75c55407f4cee27a54d,unverified_primary_table,fish,CIT_96153bf67e1613757c40,False,True,True,verified_tissue_BCF_summary,True,Table S9 row 70 column 7; liver-high; pfhxs; logBCFss,2.389998422607333,high
BIO_5997,1209,5997,PFHxS,Perfluorohexanesulfonic acid,355-46-4,PFSA,6.0,BCF,48.97,1.6899,L/kg,48.97,,wet weight,steady_state,Danio rerio,Zebrafish,fish,muscle,24.0,aqueous,,,freshwater,,laboratory,ITRC,https://pfas-1.itrcweb.org/wp-content/uploads/2023/10/ITRC_PFAS_-BCF-BAF_compilation_Table5-1_Oct2021.xlsx,Chen 2016,ITRC-compiled,location=Singapore; waterbody=Lab; note=Low Exposure Group; 3 replicates consisting each of 5 pooled individuals from a population of 300; uid=498,2026-05-17T15:19:38+00:00,Perfluorohexanesulfonic acid,355-46-4,QZHDEAJFRJCDMF-UHFFFAOYSA-N,,67734.0,OS(=O)(=O)C(F)(F)C(F)(F)C(F)(F)C(F)(F)C(F)(F)C(F)(F)F,C6HF13O3S,400.11,PFSA,3.7,,EPA,,,,,,O=S(=O)(O)C(F)(F)C(F)(F)C(F)(F)C(F)(F)C(F)(F)C(F)(F)F,O=S(=O)(O)C(F)(F)C(F)(F)C(F)(F)C(F)(F)C(F)(F)C(F)(F)F,CMP_83aa37c8a37d61e51382,chen2016,10.1016/j.scitotenv.2016.05.215,provisional_normalized_citation_cross_source_equivalence_unverified,,,L/kg,1.0,48.97,48.97,1.69,1.6899301040182182,-3.010401821823549e-05,False,True,True,True,,retained,False,10.1016/j.scitotenv.2016.05.215,Bioavailability and bioconcentration potential of perfluoroalkyl-phosphinic and -phosphonic acids in zebrafish (Danio rerio): Comparison to perfluorocarboxylates and perfluorosulfonates,Chen 2016; Bioavailability and bioconcentration potential of perfluoroalkyl-phosphinic and -phosphonic acids in zebrafish (Danio rerio): Comparison to perfluorocarboxylates and perfluorosulfonates; The Science of the Total Environment,ITRC Table5-1; BCF-BAF Database!row 390; uid=498; endpoint=BCF,,database_cell_verified,1.0,,,,,,,exact numeric cell match,original paper table/page and primary measurement not yet verified,,OBS_7dcd204ee148ccd2,1,candidate only; missing conditions and repeated experiments prevent unique identification,not verified against original experimental table,original search date/operator unavailable; current audit is not original collection history,,10.1016/j.scitotenv.2016.05.215,unverified_primary_table,exclude_from_primary_verified_analysis; retain_in_legacy_sensitivity,,,,,,,fish,False,,,data/04_bioaccumulation/ITRC_Table_5-1_BCF-BAF_aquatic.xlsx,BCF-BAF Database,390,H390;F390;G390,"{""BCF"": 48.97, ""BCF Min"": null, ""BCF Max"": null}",reported_database_value,48.97,True,True,bfc24df5dbd2d21341a9580e5053f7a7b89c1ddea1ebe75c55407f4cee27a54d,unverified_primary_table,fish,CIT_96153bf67e1613757c40,False,True,True,verified_tissue_BCF_summary,True,Table S9 row 92 column 7; muscle-low; pfhxs; logBCFss,1.6899301040182182,low
BIO_5998,1210,5998,PFHxS,Perfluorohexanesulfonic acid,355-46-4,PFSA,6.0,BCF,36.31,1.56,L/kg,36.31,,wet weight,steady_state,Danio rerio,Zebrafish,fish,muscle,24.0,aqueous,,,freshwater,,laboratory,ITRC,https://pfas-1.itrcweb.org/wp-content/uploads/2023/10/ITRC_PFAS_-BCF-BAF_compilation_Table5-1_Oct2021.xlsx,Chen 2016,ITRC-compiled,location=Singapore; waterbody=Lab; note=High Exposure Group; 3 replicates consisting each of 5 pooled individuals from a population of 300; uid=499,2026-05-17T15:19:38+00:00,Perfluorohexanesulfonic acid,355-46-4,QZHDEAJFRJCDMF-UHFFFAOYSA-N,,67734.0,OS(=O)(=O)C(F)(F)C(F)(F)C(F)(F)C(F)(F)C(F)(F)C(F)(F)F,C6HF13O3S,400.11,PFSA,3.7,,EPA,,,,,,O=S(=O)(O)C(F)(F)C(F)(F)C(F)(F)C(F)(F)C(F)(F)C(F)(F)F,O=S(=O)(O)C(F)(F)C(F)(F)C(F)(F)C(F)(F)C(F)(F)C(F)(F)F,CMP_83aa37c8a37d61e51382,chen2016,10.1016/j.scitotenv.2016.05.215,provisional_normalized_citation_cross_source_equivalence_unverified,,,L/kg,1.0,36.31,36.31,1.56,1.5600262489128924,-2.624891289237929e-05,False,True,True,True,,retained,False,10.1016/j.scitotenv.2016.05.215,Bioavailability and bioconcentration potential of perfluoroalkyl-phosphinic and -phosphonic acids in zebrafish (Danio rerio): Comparison to perfluorocarboxylates and perfluorosulfonates,Chen 2016; Bioavailability and bioconcentration potential of perfluoroalkyl-phosphinic and -phosphonic acids in zebrafish (Danio rerio): Comparison to perfluorocarboxylates and perfluorosulfonates; The Science of the Total Environment,ITRC Table5-1; BCF-BAF Database!row 391; uid=499; endpoint=BCF,,database_cell_verified,1.0,,,,,,,exact numeric cell match,original paper table/page and primary measurement not yet verified,,OBS_887d86a1e940d1a9,1,candidate only; missing conditions and repeated experiments prevent unique identification,not verified against original experimental table,original search date/operator unavailable; current audit is not original collection history,,10.1016/j.scitotenv.2016.05.215,unverified_primary_table,exclude_from_primary_verified_analysis; retain_in_legacy_sensitivity,,,,,,,fish,False,,,data/04_bioaccumulation/ITRC_Table_5-1_BCF-BAF_aquatic.xlsx,BCF-BAF Database,391,H391;F391;G391,"{""BCF"": 36.31, ""BCF Min"": null, ""BCF Max"": null}",reported_database_value,36.31,True,True,bfc24df5dbd2d21341a9580e5053f7a7b89c1ddea1ebe75c55407f4cee27a54d,unverified_primary_table,fish,CIT_96153bf67e1613757c40,False,True,True,verified_tissue_BCF_summary,True,Table S9 row 114 column 7; muscle-high; pfhxs; logBCFss,1.5600262489128924,high
BIO_5999,1211,5999,PFHxS,Perfluorohexanesulfonic acid,355-46-4,PFSA,6.0,BCF,549.54,2.74,L/kg,549.54,,wet weight,steady_state,Danio rerio,Zebrafish,fish,ovary,24.0,aqueous,,,freshwater,,laboratory,ITRC,https://pfas-1.itrcweb.org/wp-content/uploads/2023/10/ITRC_PFAS_-BCF-BAF_compilation_Table5-1_Oct2021.xlsx,Chen 2016,ITRC-compiled,location=Singapore; waterbody=Lab; note=Low Exposure Group; 3 replicates consisting each of 5 pooled individuals from a population of 300; uid=500,2026-05-17T15:19:38+00:00,Perfluorohexanesulfonic acid,355-46-4,QZHDEAJFRJCDMF-UHFFFAOYSA-N,,67734.0,OS(=O)(=O)C(F)(F)C(F)(F)C(F)(F)C(F)(F)C(F)(F)C(F)(F)F,C6HF13O3S,400.11,PFSA,3.7,,EPA,,,,,,O=S(=O)(O)C(F)(F)C(F)(F)C(F)(F)C(F)(F)C(F)(F)C(F)(F)F,O=S(=O)(O)C(F)(F)C(F)(F)C(F)(F)C(F)(F)C(F)(F)C(F)(F)F,CMP_83aa37c8a37d61e51382,chen2016,10.1016/j.scitotenv.2016.05.215,provisional_normalized_citation_cross_source_equivalence_unverified,,,L/kg,1.0,549.54,549.54,2.74,2.739999309401968,6.905980325377925e-07,False,True,True,True,,retained,False,10.1016/j.scitotenv.2016.05.215,Bioavailability and bioconcentration potential of perfluoroalkyl-phosphinic and -phosphonic acids in zebrafish (Danio rerio): Comparison to perfluorocarboxylates and perfluorosulfonates,Chen 2016; Bioavailability and bioconcentration potential of perfluoroalkyl-phosphinic and -phosphonic acids in zebrafish (Danio rerio): Comparison to perfluorocarboxylates and perfluorosulfonates; The Science of the Total Environment,ITRC Table5-1; BCF-BAF Database!row 392; uid=500; endpoint=BCF,,database_cell_verified,1.0,,,,,,,exact numeric cell match,original paper table/page and primary measurement not yet verified,,OBS_752f147131645e08,1,candidate only; missing conditions and repeated experiments prevent unique identification,not verified against original experimental table,original search date/operator unavailable; current audit is not original collection history,,10.1016/j.scitotenv.2016.05.215,unverified_primary_table,exclude_from_primary_verified_analysis; retain_in_legacy_sensitivity,,,,,,,fish,False,,,data/04_bioaccumulation/ITRC_Table_5-1_BCF-BAF_aquatic.xlsx,BCF-BAF Database,392,H392;F392;G392,"{""BCF"": 549.54, ""BCF Min"": null, ""BCF Max"": null}",reported_database_value,549.54,True,True,bfc24df5dbd2d21341a9580e5053f7a7b89c1ddea1ebe75c55407f4cee27a54d,unverified_primary_table,fish,CIT_96153bf67e1613757c40,False,True,True,verified_tissue_BCF_summary,True,Table S9 row 136 column 7; ovary-low; pfhxs; logBCFss,2.739999309401968,low
BIO_6000,1212,6000,PFHxS,Perfluorohexanesulfonic acid,355-46-4,PFSA,6.0,BCF,380.19,2.58,L/kg,380.19,,wet weight,steady_state,Danio rerio,Zebrafish,fish,ovary,24.0,aqueous,,,freshwater,,laboratory,ITRC,https://pfas-1.itrcweb.org/wp-content/uploads/2023/10/ITRC_PFAS_-BCF-BAF_compilation_Table5-1_Oct2021.xlsx,Chen 2016,ITRC-compiled,location=Singapore; waterbody=Lab; note=High Exposure Group; 3 replicates consisting each of 5 pooled individuals from a population of 300; uid=501,2026-05-17T15:19:38+00:00,Perfluorohexanesulfonic acid,355-46-4,QZHDEAJFRJCDMF-UHFFFAOYSA-N,,67734.0,OS(=O)(=O)C(F)(F)C(F)(F)C(F)(F)C(F)(F)C(F)(F)C(F)(F)F,C6HF13O3S,400.11,PFSA,3.7,,EPA,,,,,,O=S(=O)(O)C(F)(F)C(F)(F)C(F)(F)C(F)(F)C(F)(F)C(F)(F)F,O=S(=O)(O)C(F)(F)C(F)(F)C(F)(F)C(F)(F)C(F)(F)C(F)(F)F,CMP_83aa37c8a37d61e51382,chen2016,10.1016/j.scitotenv.2016.05.215,provisional_normalized_citation_cross_source_equivalence_unverified,,,L/kg,1.0,380.19,380.19,2.58,2.58000068958904,-6.895890400926419e-07,False,True,True,True,,retained,False,10.1016/j.scitotenv.2016.05.215,Bioavailability and bioconcentration potential of perfluoroalkyl-phosphinic and -phosphonic acids in zebrafish (Danio rerio): Comparison to perfluorocarboxylates and perfluorosulfonates,Chen 2016; Bioavailability and bioconcentration potential of perfluoroalkyl-phosphinic and -phosphonic acids in zebrafish (Danio rerio): Comparison to perfluorocarboxylates and perfluorosulfonates; The Science of the Total Environment,ITRC Table5-1; BCF-BAF Database!row 393; uid=501; endpoint=BCF,,database_cell_verified,1.0,,,,,,,exact numeric cell match,original paper table/page and primary measurement not yet verified,,OBS_e2084d88aa697609,1,candidate only; missing conditions and repeated experiments prevent unique identification,not verified against original experimental table,original search date/operator unavailable; current audit is not original collection history,,10.1016/j.scitotenv.2016.05.215,unverified_primary_table,exclude_from_primary_verified_analysis; retain_in_legacy_sensitivity,,,,,,,fish,False,,,data/04_bioaccumulation/ITRC_Table_5-1_BCF-BAF_aquatic.xlsx,BCF-BAF Database,393,H393;F393;G393,"{""BCF"": 380.19, ""BCF Min"": null, ""BCF Max"": null}",reported_database_value,380.19,True,True,bfc24df5dbd2d21341a9580e5053f7a7b89c1ddea1ebe75c55407f4cee27a54d,unverified_primary_table,fish,CIT_96153bf67e1613757c40,False,True,True,verified_tissue_BCF_summary,True,Table S9 row 158 column 7; ovary-high; pfhxs; logBCFss,2.58000068958904,high
BIO_6010,1222,6010,PFHxS,Perfluorohexanesulfonic acid,355-46-4,PFSA,6.0,BAF,1949.844599758046,3.29,L/kg,1949.8445997580463,,wet weight,,Clupea harengus,Herring,fish,whole body,,,,,marine,,field,ITRC,https://pfas-1.itrcweb.org/wp-content/uploads/2023/10/ITRC_PFAS_-BCF-BAF_compilation_Table5-1_Oct2021.xlsx,Gebbink 2016,ITRC-compiled,location=Baltic Sea; waterbody=Coastal ocean; note=Error estimates available; uid=513,2026-05-17T15:19:39+00:00,Perfluorohexanesulfonic acid,355-46-4,QZHDEAJFRJCDMF-UHFFFAOYSA-N,,67734.0,OS(=O)(=O)C(F)(F)C(F)(F)C(F)(F)C(F)(F)C(F)(F)C(F)(F)F,C6HF13O3S,400.11,PFSA,3.7,,EPA,,,,,,O=S(=O)(O)C(F)(F)C(F)(F)C(F)(F)C(F)(F)C(F)(F)C(F)(F)F,O=S(=O)(O)C(F)(F)C(F)(F)C(F)(F)C(F)(F)C(F)(F)C(F)(F)F,CMP_83aa37c8a37d61e51382,gebbink2016,10.1021/acs.est.6b01197,provisional_normalized_citation_cross_source_equivalence_unverified,,,L/kg,1.0,1949.844599758046,1949.844599758046,3.29,3.29,0.0,False,True,True,True,,retained,False,10.1021/acs.est.6b01197,Perfluoroalkyl Acids (PFAAs) and Selected Precursors in the Baltic Sea Environment: Do Precursors Play a Role in Food Web Accumulation of PFAAs?,Gebbink 2016; Perfluoroalkyl Acids (PFAAs) and Selected Precursors in the Baltic Sea Environment: Do Precursors Play a Role in Food Web Accumulation of PFAAs?; Environ. Sci. Technol.,ITRC Table5-1; BCF-BAF Database!row 403; uid=513; endpoint=BAF,,database_cell_verified,1.0,,,,,,,exact numeric cell match,original paper table/page and primary measurement not yet verified,,OBS_5d8a2d343a9a06e6,1,candidate only; missing conditions and repeated experiments prevent unique identification,not verified against original experimental table,original search date/operator unavailable; current audit is not original collection history,,10.1021/acs.est.6b01197,verified_summary,retain_verified_summary_separate_from_individual_measurements,SI Table S9 PDF page 16; PFHxS; herring,3.29,log10,Field summary; source column and bound retained,sources/e8fb86127eac974b/es6b01197_si_001.pdf,3c119c3b04e8e59567f0,,True,b2fb1eece4420ca0d7457c1092f3cefd7dce61a5f9dae773de0efc3ed7eb768d,https://ndownloader.figshare.com/files/5323630,data/04_bioaccumulation/ITRC_Table_5-1_BCF-BAF_aquatic.xlsx,BCF-BAF Database,403,K403;I403;J403,"{""BAF"": 1949.8445997580463, ""BAF Min"": null, ""BAF Max"": null}",reported_database_value,1949.8445997580463,True,True,bfc24df5dbd2d21341a9580e5053f7a7b89c1ddea1ebe75c55407f4cee27a54d,verified_summary,,CIT_3e7f6a7070b23a4e5e18,True,True,True,verified_summary,True,SI Table S9 PDF page 16; PFHxS; herring,3.29,not_reported
BIO_6011,1223,6011,PFHxS,Perfluorohexanesulfonic acid,355-46-4,PFSA,6.0,BAF,19.9526231496888,1.3,L/kg,19.952623149688804,,wet weight,,? - More than 1 species,Zooplankton,,whole body,,,,,marine,,field,ITRC,https://pfas-1.itrcweb.org/wp-content/uploads/2023/10/ITRC_PFAS_-BCF-BAF_compilation_Table5-1_Oct2021.xlsx,Gebbink 2016,ITRC-compiled,location=Baltic Sea; waterbody=Coastal ocean; note=Error estimates available; uid=514,2026-05-17T15:19:39+00:00,Perfluorohexanesulfonic acid,355-46-4,QZHDEAJFRJCDMF-UHFFFAOYSA-N,,67734.0,OS(=O)(=O)C(F)(F)C(F)(F)C(F)(F)C(F)(F)C(F)(F)C(F)(F)F,C6HF13O3S,400.11,PFSA,3.7,,EPA,,,,,,O=S(=O)(O)C(F)(F)C(F)(F)C(F)(F)C(F)(F)C(F)(F)C(F)(F)F,O=S(=O)(O)C(F)(F)C(F)(F)C(F)(F)C(F)(F)C(F)(F)C(F)(F)F,CMP_83aa37c8a37d61e51382,gebbink2016,10.1021/acs.est.6b01197,provisional_normalized_citation_cross_source_equivalence_unverified,,,L/kg,1.0,19.9526231496888,19.9526231496888,1.3,1.3,0.0,False,True,True,True,,retained,False,10.1021/acs.est.6b01197,Perfluoroalkyl Acids (PFAAs) and Selected Precursors in the Baltic Sea Environment: Do Precursors Play a Role in Food Web Accumulation of PFAAs?,Gebbink 2016; Perfluoroalkyl Acids (PFAAs) and Selected Precursors in the Baltic Sea Environment: Do Precursors Play a Role in Food Web Accumulation of PFAAs?; Environ. Sci. Technol.,ITRC Table5-1; BCF-BAF Database!row 404; uid=514; endpoint=BAF,,database_cell_verified,1.0,,,,,,,exact numeric cell match,original paper table/page and primary measurement not yet verified,,OBS_2bb4e24ea139a51f,1,candidate only; missing conditions and repeated experiments prevent unique identification,not verified against original experimental table,original search date/operator unavailable; current audit is not original collection history,,10.1021/acs.est.6b01197,verified_summary,retain_verified_summary_separate_from_individual_measurements,SI Table S9 PDF page 16; PFHxS; zooplankton,1.3,log10,Field summary; source column and bound retained,sources/e8fb86127eac974b/es6b01197_si_001.pdf,12f86c33723051a973cb,,True,b2fb1eece4420ca0d7457c1092f3cefd7dce61a5f9dae773de0efc3ed7eb768d,https://ndownloader.figshare.com/files/5323630,data/04_bioaccumulation/ITRC_Table_5-1_BCF-BAF_aquatic.xlsx,BCF-BAF Database,404,K404;I404;J404,"{""BAF"": 19.952623149688804, ""BAF Min"": null, ""BAF Max"": null}",reported_database_value,19.952623149688804,True,True,bfc24df5dbd2d21341a9580e5053f7a7b89c1ddea1ebe75c55407f4cee27a54d,verified_summary,,CIT_3e7f6a7070b23a4e5e18,True,True,True,verified_summary,True,SI Table S9 PDF page 16; PFHxS; zooplankton,1.3,not_reported
BIO_6012,1224,6012,PFHxS,Perfluorohexanesulfonic acid,355-46-4,PFSA,6.0,BAF,1380.384264602886,3.14,L/kg,1380.3842646028863,,wet weight,,Sprattus sprattus,Sprat,fish,whole body,,,,,marine,,field,ITRC,https://pfas-1.itrcweb.org/wp-content/uploads/2023/10/ITRC_PFAS_-BCF-BAF_compilation_Table5-1_Oct2021.xlsx,Gebbink 2016,ITRC-compiled,location=Baltic Sea; waterbody=Coastal ocean; note=Error estimates available; uid=515,2026-05-17T15:19:39+00:00,Perfluorohexanesulfonic acid,355-46-4,QZHDEAJFRJCDMF-UHFFFAOYSA-N,,67734.0,OS(=O)(=O)C(F)(F)C(F)(F)C(F)(F)C(F)(F)C(F)(F)C(F)(F)F,C6HF13O3S,400.11,PFSA,3.7,,EPA,,,,,,O=S(=O)(O)C(F)(F)C(F)(F)C(F)(F)C(F)(F)C(F)(F)C(F)(F)F,O=S(=O)(O)C(F)(F)C(F)(F)C(F)(F)C(F)(F)C(F)(F)C(F)(F)F,CMP_83aa37c8a37d61e51382,gebbink2016,10.1021/acs.est.6b01197,provisional_normalized_citation_cross_source_equivalence_unverified,,,L/kg,1.0,1380.384264602886,1380.384264602886,3.140000000000001,3.140000000000001,-4.440892098500626e-16,False,True,True,True,,retained,False,10.1021/acs.est.6b01197,Perfluoroalkyl Acids (PFAAs) and Selected Precursors in the Baltic Sea Environment: Do Precursors Play a Role in Food Web Accumulation of PFAAs?,Gebbink 2016; Perfluoroalkyl Acids (PFAAs) and Selected Precursors in the Baltic Sea Environment: Do Precursors Play a Role in Food Web Accumulation of PFAAs?; Environ. Sci. Technol.,ITRC Table5-1; BCF-BAF Database!row 405; uid=515; endpoint=BAF,,database_cell_verified,1.0,,,,,,,exact numeric cell match,original paper table/page and primary measurement not yet verified,,OBS_fa8454f456ee19e2,1,candidate only; missing conditions and repeated experiments prevent unique identification,not verified against original experimental table,original search date/operator unavailable; current audit is not original collection history,,10.1021/acs.est.6b01197,verified_summary,retain_verified_summary_separate_from_individual_measurements,SI Table S9 PDF page 16; PFHxS; sprat,3.14,log10,Field summary; source column and bound retained,sources/e8fb86127eac974b/es6b01197_si_001.pdf,2aca84494d03d35cfcc9,fish,True,b2fb1eece4420ca0d7457c1092f3cefd7dce61a5f9dae773de0efc3ed7eb768d,https://ndownloader.figshare.com/files/5323630,data/04_bioaccumulation/ITRC_Table_5-1_BCF-BAF_aquatic.xlsx,BCF-BAF Database,405,K405;I405;J405,"{""BAF"": 1380.3842646028863, ""BAF Min"": null, ""BAF Max"": null}",reported_database_value,1380.3842646028863,True,True,bfc24df5dbd2d21341a9580e5053f7a7b89c1ddea1ebe75c55407f4cee27a54d,verified_summary,mammal,CIT_3e7f6a7070b23a4e5e18,True,True,True,verified_summary,True,SI Table S9 PDF page 16; PFHxS; sprat,3.140000000000001,not_reported
BIO_6077,1289,6077,PFNA,Perfluorononanoic acid,375-95-1,PFCA,9.0,BCF,1513.56,3.18,L/kg,1513.56,,wet weight,steady_state,Danio rerio,Zebrafish,fish,liver,24.0,aqueous,,,freshwater,,laboratory,ITRC,https://pfas-1.itrcweb.org/wp-content/uploads/2023/10/ITRC_PFAS_-BCF-BAF_compilation_Table5-1_Oct2021.xlsx,Chen 2016,ITRC-compiled,location=Singapore; waterbody=Lab; note=Low Exposure Group; 3 replicates consisting each of 5 pooled individuals from a population of 300; uid=590,2026-05-17T15:19:42+00:00,Perfluorononanoic acid,375-95-1,UZUFPBIDKMEQEQ-UHFFFAOYSA-N,,67821.0,OC(=O)C(F)(F)C(F)(F)C(F)(F)C(F)(F)C(F)(F)C(F)(F)C(F)(F)C(F)(F)F,C9HF17O2,464.078,PFCA,5.6,,EPA,,,,,,O=C(O)C(F)(F)C(F)(F)C(F)(F)C(F)(F)C(F)(F)C(F)(F)C(F)(F)C(F)(F)F,O=C(O)C(F)(F)C(F)(F)C(F)(F)C(F)(F)C(F)(F)C(F)(F)C(F)(F)C(F)(F)F,CMP_8e58943e0a19095fb6f4,chen2016,10.1016/j.scitotenv.2016.05.215,provisional_normalized_citation_cross_source_equivalence_unverified,,,L/kg,1.0,1513.56,1513.56,3.18,3.1799996417791614,3.5822083876979605e-07,False,True,True,True,,retained,False,10.1016/j.scitotenv.2016.05.215,Bioavailability and bioconcentration potential of perfluoroalkyl-phosphinic and -phosphonic acids in zebrafish (Danio rerio): Comparison to perfluorocarboxylates and perfluorosulfonates,Chen 2016; Bioavailability and bioconcentration potential of perfluoroalkyl-phosphinic and -phosphonic acids in zebrafish (Danio rerio): Comparison to perfluorocarboxylates and perfluorosulfonates; The Science of the Total Environment,ITRC Table5-1; BCF-BAF Database!row 474; uid=590; endpoint=BCF,,database_cell_verified,1.0,,,,,,,exact numeric cell match,original paper table/page and primary measurement not yet verified,,OBS_595e0623e99c4be5,1,candidate only; missing conditions and repeated experiments prevent unique identification,not verified against original experimental table,original search date/operator unavailable; current audit is not original collection history,,10.1016/j.scitotenv.2016.05.215,unverified_primary_table,exclude_from_primary_verified_analysis; retain_in_legacy_sensitivity,,,,,,,fish,False,,,data/04_bioaccumulation/ITRC_Table_5-1_BCF-BAF_aquatic.xlsx,BCF-BAF Database,474,H474;F474;G474,"{""BCF"": 1513.56, ""BCF Min"": null, ""BCF Max"": null}",reported_database_value,1513.56,True,True,bfc24df5dbd2d21341a9580e5053f7a7b89c1ddea1ebe75c55407f4cee27a54d,unverified_primary_table,fish,CIT_96153bf67e1613757c40,False,True,True,verified_tissue_BCF_summary,True,Table S9 row 53 column 7; liver-low; pfna; logBCFss,3.1799996417791614,low
BIO_6078,1290,6078,PFNA,Perfluorononanoic acid,375-95-1,PFCA,9.0,BCF,2818.38,3.45,L/kg,2818.38,,wet weight,steady_state,Danio rerio,Zebrafish,fish,liver,24.0,aqueous,,,freshwater,,laboratory,ITRC,https://pfas-1.itrcweb.org/wp-content/uploads/2023/10/ITRC_PFAS_-BCF-BAF_compilation_Table5-1_Oct2021.xlsx,Chen 2016,ITRC-compiled,location=Singapore; waterbody=Lab; note=High Exposure Group; 3 replicates consisting each of 5 pooled individuals from a population of 300; uid=591,2026-05-17T15:19:42+00:00,Perfluorononanoic acid,375-95-1,UZUFPBIDKMEQEQ-UHFFFAOYSA-N,,67821.0,OC(=O)C(F)(F)C(F)(F)C(F)(F)C(F)(F)C(F)(F)C(F)(F)C(F)(F)C(F)(F)F,C9HF17O2,464.078,PFCA,5.6,,EPA,,,,,,O=C(O)C(F)(F)C(F)(F)C(F)(F)C(F)(F)C(F)(F)C(F)(F)C(F)(F)C(F)(F)F,O=C(O)C(F)(F)C(F)(F)C(F)(F)C(F)(F)C(F)(F)C(F)(F)C(F)(F)C(F)(F)F,CMP_8e58943e0a19095fb6f4,chen2016,10.1016/j.scitotenv.2016.05.215,provisional_normalized_citation_cross_source_equivalence_unverified,,,L/kg,1.0,2818.38,2818.38,3.45,3.449999548310975,4.5168902529368893e-07,False,True,True,True,,retained,False,10.1016/j.scitotenv.2016.05.215,Bioavailability and bioconcentration potential of perfluoroalkyl-phosphinic and -phosphonic acids in zebrafish (Danio rerio): Comparison to perfluorocarboxylates and perfluorosulfonates,Chen 2016; Bioavailability and bioconcentration potential of perfluoroalkyl-phosphinic and -phosphonic acids in zebrafish (Danio rerio): Comparison to perfluorocarboxylates and perfluorosulfonates; The Science of the Total Environment,ITRC Table5-1; BCF-BAF Database!row 475; uid=591; endpoint=BCF,,database_cell_verified,1.0,,,,,,,exact numeric cell match,original paper table/page and primary measurement not yet verified,,OBS_1c1b126da4d3b24a,1,candidate only; missing conditions and repeated experiments prevent unique identification,not verified against original experimental table,original search date/operator unavailable; current audit is not original collection history,,10.1016/j.scitotenv.2016.05.215,unverified_primary_table,exclude_from_primary_verified_analysis; retain_in_legacy_sensitivity,,,,,,,fish,False,,,data/04_bioaccumulation/ITRC_Table_5-1_BCF-BAF_aquatic.xlsx,BCF-BAF Database,475,H475;F475;G475,"{""BCF"": 2818.38, ""BCF Min"": null, ""BCF Max"": null}",reported_database_value,2818.38,True,True,bfc24df5dbd2d21341a9580e5053f7a7b89c1ddea1ebe75c55407f4cee27a54d,unverified_primary_table,fish,CIT_96153bf67e1613757c40,False,True,True,verified_tissue_BCF_summary,True,Table S9 row 75 column 7; liver-high; pfna; logBCFss,3.449999548310975,high
BIO_6079,1291,6079,PFNA,Perfluorononanoic acid,375-95-1,PFCA,9.0,BCF,436.52,2.64,L/kg,436.52,,wet weight,steady_state,Danio rerio,Zebrafish,fish,muscle,24.0,aqueous,,,freshwater,,laboratory,ITRC,https://pfas-1.itrcweb.org/wp-content/uploads/2023/10/ITRC_PFAS_-BCF-BAF_compilation_Table5-1_Oct2021.xlsx,Chen 2016,ITRC-compiled,location=Singapore; waterbody=Lab; note=Low Exposure Group; 3 replicates consisting each of 5 pooled individuals from a population of 300; uid=592,2026-05-17T15:19:42+00:00,Perfluorononanoic acid,375-95-1,UZUFPBIDKMEQEQ-UHFFFAOYSA-N,,67821.0,OC(=O)C(F)(F)C(F)(F)C(F)(F)C(F)(F)C(F)(F)C(F)(F)C(F)(F)C(F)(F)F,C9HF17O2,464.078,PFCA,5.6,,EPA,,,,,,O=C(O)C(F)(F)C(F)(F)C(F)(F)C(F)(F)C(F)(F)C(F)(F)C(F)(F)C(F)(F)F,O=C(O)C(F)(F)C(F)(F)C(F)(F)C(F)(F)C(F)(F)C(F)(F)C(F)(F)C(F)(F)F,CMP_8e58943e0a19095fb6f4,chen2016,10.1016/j.scitotenv.2016.05.215,provisional_normalized_citation_cross_source_equivalence_unverified,,,L/kg,1.0,436.52,436.52,2.64,2.640004146531061,-4.146531060733594e-06,False,True,True,True,,retained,False,10.1016/j.scitotenv.2016.05.215,Bioavailability and bioconcentration potential of perfluoroalkyl-phosphinic and -phosphonic acids in zebrafish (Danio rerio): Comparison to perfluorocarboxylates and perfluorosulfonates,Chen 2016; Bioavailability and bioconcentration potential of perfluoroalkyl-phosphinic and -phosphonic acids in zebrafish (Danio rerio): Comparison to perfluorocarboxylates and perfluorosulfonates; The Science of the Total Environment,ITRC Table5-1; BCF-BAF Database!row 476; uid=592; endpoint=BCF,,database_cell_verified,1.0,,,,,,,exact numeric cell match,original paper table/page and primary measurement not yet verified,,OBS_917cbbb5b099a65d,1,candidate only; missing conditions and repeated experiments prevent unique identification,not verified against original experimental table,original search date/operator unavailable; current audit is not original collection history,,10.1016/j.scitotenv.2016.05.215,unverified_primary_table,exclude_from_primary_verified_analysis; retain_in_legacy_sensitivity,,,,,,,fish,False,,,data/04_bioaccumulation/ITRC_Table_5-1_BCF-BAF_aquatic.xlsx,BCF-BAF Database,476,H476;F476;G476,"{""BCF"": 436.52, ""BCF Min"": null, ""BCF Max"": null}",reported_database_value,436.52,True,True,bfc24df5dbd2d21341a9580e5053f7a7b89c1ddea1ebe75c55407f4cee27a54d,unverified_primary_table,fish,CIT_96153bf67e1613757c40,False,True,True,verified_tissue_BCF_summary,True,Table S9 row 97 column 7; muscle-low; pfna; logBCFss,2.640004146531061,low
BIO_6080,1292,6080,PFNA,Perfluorononanoic acid,375-95-1,PFCA,9.0,BCF,707.95,2.85,L/kg,707.95,,wet weight,steady_state,Danio rerio,Zebrafish,fish,muscle,24.0,aqueous,,,freshwater,,laboratory,ITRC,https://pfas-1.itrcweb.org/wp-content/uploads/2023/10/ITRC_PFAS_-BCF-BAF_compilation_Table5-1_Oct2021.xlsx,Chen 2016,ITRC-compiled,location=Singapore; waterbody=Lab; note=High Exposure Group; 3 replicates consisting each of 5 pooled individuals from a population of 300; uid=593,2026-05-17T15:19:42+00:00,Perfluorononanoic acid,375-95-1,UZUFPBIDKMEQEQ-UHFFFAOYSA-N,,67821.0,OC(=O)C(F)(F)C(F)(F)C(F)(F)C(F)(F)C(F)(F)C(F)(F)C(F)(F)C(F)(F)F,C9HF17O2,464.078,PFCA,5.6,,EPA,,,,,,O=C(O)C(F)(F)C(F)(F)C(F)(F)C(F)(F)C(F)(F)C(F)(F)C(F)(F)C(F)(F)F,O=C(O)C(F)(F)C(F)(F)C(F)(F)C(F)(F)C(F)(F)C(F)(F)C(F)(F)C(F)(F)F,CMP_8e58943e0a19095fb6f4,chen2016,10.1016/j.scitotenv.2016.05.215,provisional_normalized_citation_cross_source_equivalence_unverified,,,L/kg,1.0,707.95,707.95,2.85,2.850002586092461,-2.586092461065448e-06,False,True,True,True,,retained,False,10.1016/j.scitotenv.2016.05.215,Bioavailability and bioconcentration potential of perfluoroalkyl-phosphinic and -phosphonic acids in zebrafish (Danio rerio): Comparison to perfluorocarboxylates and perfluorosulfonates,Chen 2016; Bioavailability and bioconcentration potential of perfluoroalkyl-phosphinic and -phosphonic acids in zebrafish (Danio rerio): Comparison to perfluorocarboxylates and perfluorosulfonates; The Science of the Total Environment,ITRC Table5-1; BCF-BAF Database!row 477; uid=593; endpoint=BCF,,database_cell_verified,1.0,,,,,,,exact numeric cell match,original paper table/page and primary measurement not yet verified,,OBS_0e409d2fae969350,1,candidate only; missing conditions and repeated experiments prevent unique identification,not verified against original experimental table,original search date/operator unavailable; current audit is not original collection history,,10.1016/j.scitotenv.2016.05.215,unverified_primary_table,exclude_from_primary_verified_analysis; retain_in_legacy_sensitivity,,,,,,,fish,False,,,data/04_bioaccumulation/ITRC_Table_5-1_BCF-BAF_aquatic.xlsx,BCF-BAF Database,477,H477;F477;G477,"{""BCF"": 707.95, ""BCF Min"": null, ""BCF Max"": null}",reported_database_value,707.95,True,True,bfc24df5dbd2d21341a9580e5053f7a7b89c1ddea1ebe75c55407f4cee27a54d,unverified_primary_table,fish,CIT_96153bf67e1613757c40,False,True,True,verified_tissue_BCF_summary,True,Table S9 row 119 column 7; muscle-high; pfna; logBCFss,2.850002586092461,high
BIO_6081,1293,6081,PFNA,Perfluorononanoic acid,375-95-1,PFCA,9.0,BCF,2137.96,3.33,L/kg,2137.96,,wet weight,steady_state,Danio rerio,Zebrafish,fish,ovary,24.0,aqueous,,,freshwater,,laboratory,ITRC,https://pfas-1.itrcweb.org/wp-content/uploads/2023/10/ITRC_PFAS_-BCF-BAF_compilation_Table5-1_Oct2021.xlsx,Chen 2016,ITRC-compiled,location=Singapore; waterbody=Lab; note=Low Exposure Group; 3 replicates consisting each of 5 pooled individuals from a population of 300; uid=594,2026-05-17T15:19:42+00:00,Perfluorononanoic acid,375-95-1,UZUFPBIDKMEQEQ-UHFFFAOYSA-N,,67821.0,OC(=O)C(F)(F)C(F)(F)C(F)(F)C(F)(F)C(F)(F)C(F)(F)C(F)(F)C(F)(F)F,C9HF17O2,464.078,PFCA,5.6,,EPA,,,,,,O=C(O)C(F)(F)C(F)(F)C(F)(F)C(F)(F)C(F)(F)C(F)(F)C(F)(F)C(F)(F)F,O=C(O)C(F)(F)C(F)(F)C(F)(F)C(F)(F)C(F)(F)C(F)(F)C(F)(F)C(F)(F)F,CMP_8e58943e0a19095fb6f4,chen2016,10.1016/j.scitotenv.2016.05.215,provisional_normalized_citation_cross_source_equivalence_unverified,,,L/kg,1.0,2137.96,2137.96,3.33,3.3299995755491936,4.24450806502108e-07,False,True,True,True,,retained,False,10.1016/j.scitotenv.2016.05.215,Bioavailability and bioconcentration potential of perfluoroalkyl-phosphinic and -phosphonic acids in zebrafish (Danio rerio): Comparison to perfluorocarboxylates and perfluorosulfonates,Chen 2016; Bioavailability and bioconcentration potential of perfluoroalkyl-phosphinic and -phosphonic acids in zebrafish (Danio rerio): Comparison to perfluorocarboxylates and perfluorosulfonates; The Science of the Total Environment,ITRC Table5-1; BCF-BAF Database!row 478; uid=594; endpoint=BCF,,database_cell_verified,1.0,,,,,,,exact numeric cell match,original paper table/page and primary measurement not yet verified,,OBS_7c239f00d930e70a,1,candidate only; missing conditions and repeated experiments prevent unique identification,not verified against original experimental table,original search date/operator unavailable; current audit is not original collection history,,10.1016/j.scitotenv.2016.05.215,unverified_primary_table,exclude_from_primary_verified_analysis; retain_in_legacy_sensitivity,,,,,,,fish,False,,,data/04_bioaccumulation/ITRC_Table_5-1_BCF-BAF_aquatic.xlsx,BCF-BAF Database,478,H478;F478;G478,"{""BCF"": 2137.96, ""BCF Min"": null, ""BCF Max"": null}",reported_database_value,2137.96,True,True,bfc24df5dbd2d21341a9580e5053f7a7b89c1ddea1ebe75c55407f4cee27a54d,unverified_primary_table,fish,CIT_96153bf67e1613757c40,False,True,True,verified_tissue_BCF_summary,True,Table S9 row 141 column 7; ovary-low; pfna; logBCFss,3.3299995755491936,low
BIO_6082,1294,6082,PFNA,Perfluorononanoic acid,375-95-1,PFCA,9.0,BCF,2344.23,3.37,L/kg,2344.23,,wet weight,steady_state,Danio rerio,Zebrafish,fish,ovary,24.0,aqueous,,,freshwater,,laboratory,ITRC,https://pfas-1.itrcweb.org/wp-content/uploads/2023/10/ITRC_PFAS_-BCF-BAF_compilation_Table5-1_Oct2021.xlsx,Chen 2016,ITRC-compiled,location=Singapore; waterbody=Lab; note=High Exposure Group; 3 replicates consisting each of 5 pooled individuals from a population of 300; uid=595,2026-05-17T15:19:42+00:00,Perfluorononanoic acid,375-95-1,UZUFPBIDKMEQEQ-UHFFFAOYSA-N,,67821.0,OC(=O)C(F)(F)C(F)(F)C(F)(F)C(F)(F)C(F)(F)C(F)(F)C(F)(F)C(F)(F)F,C9HF17O2,464.078,PFCA,5.6,,EPA,,,,,,O=C(O)C(F)(F)C(F)(F)C(F)(F)C(F)(F)C(F)(F)C(F)(F)C(F)(F)C(F)(F)F,O=C(O)C(F)(F)C(F)(F)C(F)(F)C(F)(F)C(F)(F)C(F)(F)C(F)(F)C(F)(F)F,CMP_8e58943e0a19095fb6f4,chen2016,10.1016/j.scitotenv.2016.05.215,provisional_normalized_citation_cross_source_equivalence_unverified,,,L/kg,1.0,2344.23,2344.23,3.37,3.370000219475116,-2.194751158590691e-07,False,True,True,True,,retained,False,10.1016/j.scitotenv.2016.05.215,Bioavailability and bioconcentration potential of perfluoroalkyl-phosphinic and -phosphonic acids in zebrafish (Danio rerio): Comparison to perfluorocarboxylates and perfluorosulfonates,Chen 2016; Bioavailability and bioconcentration potential of perfluoroalkyl-phosphinic and -phosphonic acids in zebrafish (Danio rerio): Comparison to perfluorocarboxylates and perfluorosulfonates; The Science of the Total Environment,ITRC Table5-1; BCF-BAF Database!row 479; uid=595; endpoint=BCF,,database_cell_verified,1.0,,,,,,,exact numeric cell match,original paper table/page and primary measurement not yet verified,,OBS_38488e1861c86b1d,1,candidate only; missing conditions and repeated experiments prevent unique identification,not verified against original experimental table,original search date/operator unavailable; current audit is not original collection history,,10.1016/j.scitotenv.2016.05.215,unverified_primary_table,exclude_from_primary_verified_analysis; retain_in_legacy_sensitivity,,,,,,,fish,False,,,data/04_bioaccumulation/ITRC_Table_5-1_BCF-BAF_aquatic.xlsx,BCF-BAF Database,479,H479;F479;G479,"{""BCF"": 2344.23, ""BCF Min"": null, ""BCF Max"": null}",reported_database_value,2344.23,True,True,bfc24df5dbd2d21341a9580e5053f7a7b89c1ddea1ebe75c55407f4cee27a54d,unverified_primary_table,fish,CIT_96153bf67e1613757c40,False,True,True,verified_tissue_BCF_summary,True,Table S9 row 163 column 7; ovary-high; pfna; logBCFss,3.370000219475116,high
BIO_6095,1307,6095,PFNA,Perfluorononanoic acid,375-95-1,PFCA,9.0,BAF,3801.893963205617,3.58,L/kg,3801.893963205617,,wet weight,,Clupea harengus,Herring,fish,whole body,,,,,marine,,field,ITRC,https://pfas-1.itrcweb.org/wp-content/uploads/2023/10/ITRC_PFAS_-BCF-BAF_compilation_Table5-1_Oct2021.xlsx,Gebbink 2016,ITRC-compiled,location=Baltic Sea; waterbody=Coastal ocean; note=Error estimates available; uid=612,2026-05-17T15:19:43+00:00,Perfluorononanoic acid,375-95-1,UZUFPBIDKMEQEQ-UHFFFAOYSA-N,,67821.0,OC(=O)C(F)(F)C(F)(F)C(F)(F)C(F)(F)C(F)(F)C(F)(F)C(F)(F)C(F)(F)F,C9HF17O2,464.078,PFCA,5.6,,EPA,,,,,,O=C(O)C(F)(F)C(F)(F)C(F)(F)C(F)(F)C(F)(F)C(F)(F)C(F)(F)C(F)(F)F,O=C(O)C(F)(F)C(F)(F)C(F)(F)C(F)(F)C(F)(F)C(F)(F)C(F)(F)C(F)(F)F,CMP_8e58943e0a19095fb6f4,gebbink2016,10.1021/acs.est.6b01197,provisional_normalized_citation_cross_source_equivalence_unverified,,,L/kg,1.0,3801.893963205617,3801.893963205617,3.5800000000000005,3.5800000000000005,-4.440892098500626e-16,False,True,True,True,,retained,False,10.1021/acs.est.6b01197,Perfluoroalkyl Acids (PFAAs) and Selected Precursors in the Baltic Sea Environment: Do Precursors Play a Role in Food Web Accumulation of PFAAs?,Gebbink 2016; Perfluoroalkyl Acids (PFAAs) and Selected Precursors in the Baltic Sea Environment: Do Precursors Play a Role in Food Web Accumulation of PFAAs?; Environ. Sci. Technol.,ITRC Table5-1; BCF-BAF Database!row 492; uid=612; endpoint=BAF,,database_cell_verified,1.0,,,,,,,exact numeric cell match,original paper table/page and primary measurement not yet verified,,OBS_514c4dbbe9fb581e,1,candidate only; missing conditions and repeated experiments prevent unique identification,not verified against original experimental table,original search date/operator unavailable; current audit is not original collection history,,10.1021/acs.est.6b01197,verified_summary,retain_verified_summary_separate_from_individual_measurements,SI Table S9 PDF page 16; PFNA; herring,3.58,log10,Field summary; source column and bound retained,sources/e8fb86127eac974b/es6b01197_si_001.pdf,0cda58e5cfd6061af769,,True,b2fb1eece4420ca0d7457c1092f3cefd7dce61a5f9dae773de0efc3ed7eb768d,https://ndownloader.figshare.com/files/5323630,data/04_bioaccumulation/ITRC_Table_5-1_BCF-BAF_aquatic.xlsx,BCF-BAF Database,492,K492;I492;J492,"{""BAF"": 3801.893963205617, ""BAF Min"": null, ""BAF Max"": null}",reported_database_value,3801.893963205617,True,True,bfc24df5dbd2d21341a9580e5053f7a7b89c1ddea1ebe75c55407f4cee27a54d,verified_summary,,CIT_3e7f6a7070b23a4e5e18,True,True,True,verified_summary,True,SI Table S9 PDF page 16; PFNA; herring,3.5800000000000005,not_reported
BIO_6096,1308,6096,PFNA,Perfluorononanoic acid,375-95-1,PFCA,9.0,BAF,2238.721138568342,3.35,L/kg,2238.7211385683418,,wet weight,,Sprattus sprattus,Sprat,fish,whole body,,,,,marine,,field,ITRC,https://pfas-1.itrcweb.org/wp-content/uploads/2023/10/ITRC_PFAS_-BCF-BAF_compilation_Table5-1_Oct2021.xlsx,Gebbink 2016,ITRC-compiled,location=Baltic Sea; waterbody=Coastal ocean; note=Error estimates available; uid=613,2026-05-17T15:19:43+00:00,Perfluorononanoic acid,375-95-1,UZUFPBIDKMEQEQ-UHFFFAOYSA-N,,67821.0,OC(=O)C(F)(F)C(F)(F)C(F)(F)C(F)(F)C(F)(F)C(F)(F)C(F)(F)C(F)(F)F,C9HF17O2,464.078,PFCA,5.6,,EPA,,,,,,O=C(O)C(F)(F)C(F)(F)C(F)(F)C(F)(F)C(F)(F)C(F)(F)C(F)(F)C(F)(F)F,O=C(O)C(F)(F)C(F)(F)C(F)(F)C(F)(F)C(F)(F)C(F)(F)C(F)(F)C(F)(F)F,CMP_8e58943e0a19095fb6f4,gebbink2016,10.1021/acs.est.6b01197,provisional_normalized_citation_cross_source_equivalence_unverified,,,L/kg,1.0,2238.721138568342,2238.721138568342,3.3500000000000005,3.3500000000000005,-4.440892098500626e-16,False,True,True,True,,retained,False,10.1021/acs.est.6b01197,Perfluoroalkyl Acids (PFAAs) and Selected Precursors in the Baltic Sea Environment: Do Precursors Play a Role in Food Web Accumulation of PFAAs?,Gebbink 2016; Perfluoroalkyl Acids (PFAAs) and Selected Precursors in the Baltic Sea Environment: Do Precursors Play a Role in Food Web Accumulation of PFAAs?; Environ. Sci. Technol.,ITRC Table5-1; BCF-BAF Database!row 493; uid=613; endpoint=BAF,,database_cell_verified,1.0,,,,,,,exact numeric cell match,original paper table/page and primary measurement not yet verified,,OBS_746132fadf56c293,1,candidate only; missing conditions and repeated experiments prevent unique identification,not verified against original experimental table,original search date/operator unavailable; current audit is not original collection history,,10.1021/acs.est.6b01197,verified_summary,retain_verified_summary_separate_from_individual_measurements,SI Table S9 PDF page 16; PFNA; sprat,3.35,log10,Field summary; source column and bound retained,sources/e8fb86127eac974b/es6b01197_si_001.pdf,b81d2383f597a21a518a,fish,True,b2fb1eece4420ca0d7457c1092f3cefd7dce61a5f9dae773de0efc3ed7eb768d,https://ndownloader.figshare.com/files/5323630,data/04_bioaccumulation/ITRC_Table_5-1_BCF-BAF_aquatic.xlsx,BCF-BAF Database,493,K493;I493;J493,"{""BAF"": 2238.7211385683418, ""BAF Min"": null, ""BAF Max"": null}",reported_database_value,2238.7211385683418,True,True,bfc24df5dbd2d21341a9580e5053f7a7b89c1ddea1ebe75c55407f4cee27a54d,verified_summary,mammal,CIT_3e7f6a7070b23a4e5e18,True,True,True,verified_summary,True,SI Table S9 PDF page 16; PFNA; sprat,3.3500000000000005,not_reported
BIO_6177,1389,6177,PFOA,Perfluorooctanoic acid,335-67-1,PFCA,8.0,BCF,245.47,2.39,L/kg,245.47,,wet weight,steady_state,Danio rerio,Zebrafish,fish,liver,24.0,aqueous,,,freshwater,,laboratory,ITRC,https://pfas-1.itrcweb.org/wp-content/uploads/2023/10/ITRC_PFAS_-BCF-BAF_compilation_Table5-1_Oct2021.xlsx,Chen 2016,ITRC-compiled,location=Singapore; waterbody=Lab; note=Low Exposure Group; 3 replicates consisting each of 5 pooled individuals from a population of 300; uid=724,2026-05-17T15:19:47+00:00,Perfluorooctanoic acid,335-67-1,SNGREZUHAYWORS-UHFFFAOYSA-N,,9554.0,OC(=O)C(F)(F)C(F)(F)C(F)(F)C(F)(F)C(F)(F)C(F)(F)C(F)(F)F,C8HF15O2,414.07,PFCA,4.9,,EPA,,,,,,O=C(O)C(F)(F)C(F)(F)C(F)(F)C(F)(F)C(F)(F)C(F)(F)C(F)(F)F,O=C(O)C(F)(F)C(F)(F)C(F)(F)C(F)(F)C(F)(F)C(F)(F)C(F)(F)F,CMP_d156c7f61581a866704b,chen2016,10.1016/j.scitotenv.2016.05.215,provisional_normalized_citation_cross_source_equivalence_unverified,,,L/kg,1.0,245.47,245.47,2.39,2.389998422607333,1.5773926671514005e-06,False,True,True,True,,retained,False,10.1016/j.scitotenv.2016.05.215,Bioavailability and bioconcentration potential of perfluoroalkyl-phosphinic and -phosphonic acids in zebrafish (Danio rerio): Comparison to perfluorocarboxylates and perfluorosulfonates,Chen 2016; Bioavailability and bioconcentration potential of perfluoroalkyl-phosphinic and -phosphonic acids in zebrafish (Danio rerio): Comparison to perfluorocarboxylates and perfluorosulfonates; The Science of the Total Environment,ITRC Table5-1; BCF-BAF Database!row 575; uid=724; endpoint=BCF,,database_cell_verified,1.0,,,,,,,exact numeric cell match,original paper table/page and primary measurement not yet verified,,OBS_1c8177823438d54d,1,candidate only; missing conditions and repeated experiments prevent unique identification,not verified against original experimental table,original search date/operator unavailable; current audit is not original collection history,,10.1016/j.scitotenv.2016.05.215,unverified_primary_table,exclude_from_primary_verified_analysis; retain_in_legacy_sensitivity,,,,,,,fish,False,,,data/04_bioaccumulation/ITRC_Table_5-1_BCF-BAF_aquatic.xlsx,BCF-BAF Database,575,H575;F575;G575,"{""BCF"": 245.47, ""BCF Min"": null, ""BCF Max"": null}",reported_database_value,245.47,True,True,bfc24df5dbd2d21341a9580e5053f7a7b89c1ddea1ebe75c55407f4cee27a54d,unverified_primary_table,fish,CIT_96153bf67e1613757c40,False,True,True,verified_tissue_BCF_summary,True,Table S9 row 52 column 7; liver-low; pfoa; logBCFss,2.389998422607333,low
BIO_6178,1390,6178,PFOA,Perfluorooctanoic acid,335-67-1,PFCA,8.0,BCF,269.15,2.43,L/kg,269.15,,wet weight,steady_state,Danio rerio,Zebrafish,fish,liver,24.0,aqueous,,,freshwater,,laboratory,ITRC,https://pfas-1.itrcweb.org/wp-content/uploads/2023/10/ITRC_PFAS_-BCF-BAF_compilation_Table5-1_Oct2021.xlsx,Chen 2016,ITRC-compiled,location=Singapore; waterbody=Lab; note=High Exposure Group; 3 replicates consisting each of 5 pooled individuals from a population of 300; uid=725,2026-05-17T15:19:47+00:00,Perfluorooctanoic acid,335-67-1,SNGREZUHAYWORS-UHFFFAOYSA-N,,9554.0,OC(=O)C(F)(F)C(F)(F)C(F)(F)C(F)(F)C(F)(F)C(F)(F)C(F)(F)F,C8HF15O2,414.07,PFCA,4.9,,EPA,,,,,,O=C(O)C(F)(F)C(F)(F)C(F)(F)C(F)(F)C(F)(F)C(F)(F)C(F)(F)F,O=C(O)C(F)(F)C(F)(F)C(F)(F)C(F)(F)C(F)(F)C(F)(F)C(F)(F)F,CMP_d156c7f61581a866704b,chen2016,10.1016/j.scitotenv.2016.05.215,provisional_normalized_citation_cross_source_equivalence_unverified,,,L/kg,1.0,269.15,269.15,2.43,2.4299943841517067,5.6158482935053655e-06,False,True,True,True,,retained,False,10.1016/j.scitotenv.2016.05.215,Bioavailability and bioconcentration potential of perfluoroalkyl-phosphinic and -phosphonic acids in zebrafish (Danio rerio): Comparison to perfluorocarboxylates and perfluorosulfonates,Chen 2016; Bioavailability and bioconcentration potential of perfluoroalkyl-phosphinic and -phosphonic acids in zebrafish (Danio rerio): Comparison to perfluorocarboxylates and perfluorosulfonates; The Science of the Total Environment,ITRC Table5-1; BCF-BAF Database!row 576; uid=725; endpoint=BCF,,database_cell_verified,1.0,,,,,,,exact numeric cell match,original paper table/page and primary measurement not yet verified,,OBS_399a0ead259a18dc,1,candidate only; missing conditions and repeated experiments prevent unique identification,not verified against original experimental table,original search date/operator unavailable; current audit is not original collection history,,10.1016/j.scitotenv.2016.05.215,unverified_primary_table,exclude_from_primary_verified_analysis; retain_in_legacy_sensitivity,,,,,,,fish,False,,,data/04_bioaccumulation/ITRC_Table_5-1_BCF-BAF_aquatic.xlsx,BCF-BAF Database,576,H576;F576;G576,"{""BCF"": 269.15, ""BCF Min"": null, ""BCF Max"": null}",reported_database_value,269.15,True,True,bfc24df5dbd2d21341a9580e5053f7a7b89c1ddea1ebe75c55407f4cee27a54d,unverified_primary_table,fish,CIT_96153bf67e1613757c40,False,True,True,verified_tissue_BCF_summary,True,Table S9 row 74 column 7; liver-high; pfoa; logBCFss,2.4299943841517067,high
BIO_6179,1391,6179,PFOA,Perfluorooctanoic acid,335-67-1,PFCA,8.0,BCF,33.11,1.52,L/kg,33.11,,wet weight,steady_state,Danio rerio,Zebrafish,fish,muscle,24.0,aqueous,,,freshwater,,laboratory,ITRC,https://pfas-1.itrcweb.org/wp-content/uploads/2023/10/ITRC_PFAS_-BCF-BAF_compilation_Table5-1_Oct2021.xlsx,Chen 2016,ITRC-compiled,location=Singapore; waterbody=Lab; note=Low Exposure Group; 3 replicates consisting each of 5 pooled individuals from a population of 300; uid=726,2026-05-17T15:19:47+00:00,Perfluorooctanoic acid,335-67-1,SNGREZUHAYWORS-UHFFFAOYSA-N,,9554.0,OC(=O)C(F)(F)C(F)(F)C(F)(F)C(F)(F)C(F)(F)C(F)(F)C(F)(F)F,C8HF15O2,414.07,PFCA,4.9,,EPA,,,,,,O=C(O)C(F)(F)C(F)(F)C(F)(F)C(F)(F)C(F)(F)C(F)(F)C(F)(F)F,O=C(O)C(F)(F)C(F)(F)C(F)(F)C(F)(F)C(F)(F)C(F)(F)C(F)(F)F,CMP_d156c7f61581a866704b,chen2016,10.1016/j.scitotenv.2016.05.215,provisional_normalized_citation_cross_source_equivalence_unverified,,,L/kg,1.0,33.11,33.11,1.52,1.5199591807520685,4.081924793153391e-05,False,True,True,True,,retained,False,10.1016/j.scitotenv.2016.05.215,Bioavailability and bioconcentration potential of perfluoroalkyl-phosphinic and -phosphonic acids in zebrafish (Danio rerio): Comparison to perfluorocarboxylates and perfluorosulfonates,Chen 2016; Bioavailability and bioconcentration potential of perfluoroalkyl-phosphinic and -phosphonic acids in zebrafish (Danio rerio): Comparison to perfluorocarboxylates and perfluorosulfonates; The Science of the Total Environment,ITRC Table5-1; BCF-BAF Database!row 577; uid=726; endpoint=BCF,,database_cell_verified,1.0,,,,,,,exact numeric cell match,original paper table/page and primary measurement not yet verified,,OBS_ec3b621c20834fc2,1,candidate only; missing conditions and repeated experiments prevent unique identification,not verified against original experimental table,original search date/operator unavailable; current audit is not original collection history,,10.1016/j.scitotenv.2016.05.215,unverified_primary_table,exclude_from_primary_verified_analysis; retain_in_legacy_sensitivity,,,,,,,fish,False,,,data/04_bioaccumulation/ITRC_Table_5-1_BCF-BAF_aquatic.xlsx,BCF-BAF Database,577,H577;F577;G577,"{""BCF"": 33.11, ""BCF Min"": null, ""BCF Max"": null}",reported_database_value,33.11,True,True,bfc24df5dbd2d21341a9580e5053f7a7b89c1ddea1ebe75c55407f4cee27a54d,unverified_primary_table,fish,CIT_96153bf67e1613757c40,False,True,True,verified_tissue_BCF_summary,True,Table S9 row 96 column 7; muscle-low; pfoa; logBCFss,1.5199591807520685,low
BIO_6181,1392,6181,PFOA,Perfluorooctanoic acid,335-67-1,PFCA,8.0,BCF,173.78,2.24,L/kg,173.78,,wet weight,steady_state,Danio rerio,Zebrafish,fish,ovary,24.0,aqueous,,,freshwater,,laboratory,ITRC,https://pfas-1.itrcweb.org/wp-content/uploads/2023/10/ITRC_PFAS_-BCF-BAF_compilation_Table5-1_Oct2021.xlsx,Chen 2016,ITRC-compiled,location=Singapore; waterbody=Lab; note=Low Exposure Group; 3 replicates consisting each of 5 pooled individuals from a population of 300; uid=728,2026-05-17T15:19:47+00:00,Perfluorooctanoic acid,335-67-1,SNGREZUHAYWORS-UHFFFAOYSA-N,,9554.0,OC(=O)C(F)(F)C(F)(F)C(F)(F)C(F)(F)C(F)(F)C(F)(F)C(F)(F)F,C8HF15O2,414.07,PFCA,4.9,,EPA,,,,,,O=C(O)C(F)(F)C(F)(F)C(F)(F)C(F)(F)C(F)(F)C(F)(F)C(F)(F)F,O=C(O)C(F)(F)C(F)(F)C(F)(F)C(F)(F)C(F)(F)C(F)(F)C(F)(F)F,CMP_d156c7f61581a866704b,chen2016,10.1016/j.scitotenv.2016.05.215,provisional_normalized_citation_cross_source_equivalence_unverified,,,L/kg,1.0,173.78,173.78,2.24,2.239999792886872,2.071131288694517e-07,False,True,True,True,,retained,False,10.1016/j.scitotenv.2016.05.215,Bioavailability and bioconcentration potential of perfluoroalkyl-phosphinic and -phosphonic acids in zebrafish (Danio rerio): Comparison to perfluorocarboxylates and perfluorosulfonates,Chen 2016; Bioavailability and bioconcentration potential of perfluoroalkyl-phosphinic and -phosphonic acids in zebrafish (Danio rerio): Comparison to perfluorocarboxylates and perfluorosulfonates; The Science of the Total Environment,ITRC Table5-1; BCF-BAF Database!row 579; uid=728; endpoint=BCF,,database_cell_verified,1.0,,,,,,,exact numeric cell match,original paper table/page and primary measurement not yet verified,,OBS_0df6b4e40f45ef86,1,candidate only; missing conditions and repeated experiments prevent unique identification,not verified against original experimental table,original search date/operator unavailable; current audit is not original collection history,,10.1016/j.scitotenv.2016.05.215,unverified_primary_table,exclude_from_primary_verified_analysis; retain_in_legacy_sensitivity,,,,,,,fish,False,,,data/04_bioaccumulation/ITRC_Table_5-1_BCF-BAF_aquatic.xlsx,BCF-BAF Database,579,H579;F579;G579,"{""BCF"": 173.78, ""BCF Min"": null, ""BCF Max"": null}",reported_database_value,173.78,True,True,bfc24df5dbd2d21341a9580e5053f7a7b89c1ddea1ebe75c55407f4cee27a54d,unverified_primary_table,fish,CIT_96153bf67e1613757c40,False,True,True,verified_tissue_BCF_summary,True,Table S9 row 140 column 7; ovary-low; pfoa; logBCFss,2.239999792886872,low
BIO_6182,1393,6182,PFOA,Perfluorooctanoic acid,335-67-1,PFCA,8.0,BCF,104.71,2.02,L/kg,104.71,,wet weight,steady_state,Danio rerio,Zebrafish,fish,ovary,24.0,aqueous,,,freshwater,,laboratory,ITRC,https://pfas-1.itrcweb.org/wp-content/uploads/2023/10/ITRC_PFAS_-BCF-BAF_compilation_Table5-1_Oct2021.xlsx,Chen 2016,ITRC-compiled,location=Singapore; waterbody=Lab; note=High Exposure Group; 3 replicates consisting each of 5 pooled individuals from a population of 300; uid=729,2026-05-17T15:19:47+00:00,Perfluorooctanoic acid,335-67-1,SNGREZUHAYWORS-UHFFFAOYSA-N,,9554.0,OC(=O)C(F)(F)C(F)(F)C(F)(F)C(F)(F)C(F)(F)C(F)(F)C(F)(F)F,C8HF15O2,414.07,PFCA,4.9,,EPA,,,,,,O=C(O)C(F)(F)C(F)(F)C(F)(F)C(F)(F)C(F)(F)C(F)(F)C(F)(F)F,O=C(O)C(F)(F)C(F)(F)C(F)(F)C(F)(F)C(F)(F)C(F)(F)C(F)(F)F,CMP_d156c7f61581a866704b,chen2016,10.1016/j.scitotenv.2016.05.215,provisional_normalized_citation_cross_source_equivalence_unverified,,,L/kg,1.0,104.71,104.71,2.02,2.019988159591285,1.1840408714824946e-05,False,True,True,True,,retained,False,10.1016/j.scitotenv.2016.05.215,Bioavailability and bioconcentration potential of perfluoroalkyl-phosphinic and -phosphonic acids in zebrafish (Danio rerio): Comparison to perfluorocarboxylates and perfluorosulfonates,Chen 2016; Bioavailability and bioconcentration potential of perfluoroalkyl-phosphinic and -phosphonic acids in zebrafish (Danio rerio): Comparison to perfluorocarboxylates and perfluorosulfonates; The Science of the Total Environment,ITRC Table5-1; BCF-BAF Database!row 580; uid=729; endpoint=BCF,,database_cell_verified,1.0,,,,,,,exact numeric cell match,original paper table/page and primary measurement not yet verified,,OBS_297ef8ba826c4fbb,1,candidate only; missing conditions and repeated experiments prevent unique identification,not verified against original experimental table,original search date/operator unavailable; current audit is not original collection history,,10.1016/j.scitotenv.2016.05.215,unverified_primary_table,exclude_from_primary_verified_analysis; retain_in_legacy_sensitivity,,,,,,,fish,False,,,data/04_bioaccumulation/ITRC_Table_5-1_BCF-BAF_aquatic.xlsx,BCF-BAF Database,580,H580;F580;G580,"{""BCF"": 104.71, ""BCF Min"": null, ""BCF Max"": null}",reported_database_value,104.71,True,True,bfc24df5dbd2d21341a9580e5053f7a7b89c1ddea1ebe75c55407f4cee27a54d,unverified_primary_table,fish,CIT_96153bf67e1613757c40,False,True,True,verified_tissue_BCF_summary,True,Table S9 row 162 column 7; ovary-high; pfoa; logBCFss,2.019988159591285,high
BIO_6195,1406,6195,PFOA,Perfluorooctanoic acid,335-67-1,PFCA,8.0,BAF,218.7761623949552,2.34,L/kg,218.77616239495524,,wet weight,,Clupea harengus,Herring,fish,whole body,,,,,marine,,field,ITRC,https://pfas-1.itrcweb.org/wp-content/uploads/2023/10/ITRC_PFAS_-BCF-BAF_compilation_Table5-1_Oct2021.xlsx,Gebbink 2016,ITRC-compiled,location=Baltic Sea; waterbody=Coastal ocean; note=Error estimates available; uid=746,2026-05-17T15:19:48+00:00,Perfluorooctanoic acid,335-67-1,SNGREZUHAYWORS-UHFFFAOYSA-N,,9554.0,OC(=O)C(F)(F)C(F)(F)C(F)(F)C(F)(F)C(F)(F)C(F)(F)C(F)(F)F,C8HF15O2,414.07,PFCA,4.9,,EPA,,,,,,O=C(O)C(F)(F)C(F)(F)C(F)(F)C(F)(F)C(F)(F)C(F)(F)C(F)(F)F,O=C(O)C(F)(F)C(F)(F)C(F)(F)C(F)(F)C(F)(F)C(F)(F)C(F)(F)F,CMP_d156c7f61581a866704b,gebbink2016,10.1021/acs.est.6b01197,provisional_normalized_citation_cross_source_equivalence_unverified,,,L/kg,1.0,218.7761623949552,218.7761623949552,2.34,2.34,0.0,False,True,True,True,,retained,False,10.1021/acs.est.6b01197,Perfluoroalkyl Acids (PFAAs) and Selected Precursors in the Baltic Sea Environment: Do Precursors Play a Role in Food Web Accumulation of PFAAs?,Gebbink 2016; Perfluoroalkyl Acids (PFAAs) and Selected Precursors in the Baltic Sea Environment: Do Precursors Play a Role in Food Web Accumulation of PFAAs?; Environ. Sci. Technol.,ITRC Table5-1; BCF-BAF Database!row 593; uid=746; endpoint=BAF,,database_cell_verified,1.0,,,,,,,exact numeric cell match,original paper table/page and primary measurement not yet verified,,OBS_2b2d3da8491898f6,1,candidate only; missing conditions and repeated experiments prevent unique identification,not verified against original experimental table,original search date/operator unavailable; current audit is not original collection history,,10.1021/acs.est.6b01197,verified_summary,retain_verified_summary_separate_from_individual_measurements,SI Table S9 PDF page 16; PFOA; herring,2.34,log10,Field summary; source column and bound retained,sources/e8fb86127eac974b/es6b01197_si_001.pdf,acab7da91f9899b48156,,True,b2fb1eece4420ca0d7457c1092f3cefd7dce61a5f9dae773de0efc3ed7eb768d,https://ndownloader.figshare.com/files/5323630,data/04_bioaccumulation/ITRC_Table_5-1_BCF-BAF_aquatic.xlsx,BCF-BAF Database,593,K593;I593;J593,"{""BAF"": 218.77616239495524, ""BAF Min"": null, ""BAF Max"": null}",reported_database_value,218.77616239495524,True,True,bfc24df5dbd2d21341a9580e5053f7a7b89c1ddea1ebe75c55407f4cee27a54d,verified_summary,,CIT_3e7f6a7070b23a4e5e18,True,True,True,verified_summary,True,SI Table S9 PDF page 16; PFOA; herring,2.34,not_reported
BIO_6196,1407,6196,PFOA,Perfluorooctanoic acid,335-67-1,PFCA,8.0,BAF,199.526231496888,2.3,L/kg,199.526231496888,,wet weight,,? - More than 1 species,Zooplankton,,whole body,,,,,marine,,field,ITRC,https://pfas-1.itrcweb.org/wp-content/uploads/2023/10/ITRC_PFAS_-BCF-BAF_compilation_Table5-1_Oct2021.xlsx,Gebbink 2016,ITRC-compiled,location=Baltic Sea; waterbody=Coastal ocean; note=Error estimates available; uid=747,2026-05-17T15:19:48+00:00,Perfluorooctanoic acid,335-67-1,SNGREZUHAYWORS-UHFFFAOYSA-N,,9554.0,OC(=O)C(F)(F)C(F)(F)C(F)(F)C(F)(F)C(F)(F)C(F)(F)C(F)(F)F,C8HF15O2,414.07,PFCA,4.9,,EPA,,,,,,O=C(O)C(F)(F)C(F)(F)C(F)(F)C(F)(F)C(F)(F)C(F)(F)C(F)(F)F,O=C(O)C(F)(F)C(F)(F)C(F)(F)C(F)(F)C(F)(F)C(F)(F)C(F)(F)F,CMP_d156c7f61581a866704b,gebbink2016,10.1021/acs.est.6b01197,provisional_normalized_citation_cross_source_equivalence_unverified,,,L/kg,1.0,199.526231496888,199.526231496888,2.3000000000000003,2.3000000000000003,-4.440892098500626e-16,False,True,True,True,,retained,False,10.1021/acs.est.6b01197,Perfluoroalkyl Acids (PFAAs) and Selected Precursors in the Baltic Sea Environment: Do Precursors Play a Role in Food Web Accumulation of PFAAs?,Gebbink 2016; Perfluoroalkyl Acids (PFAAs) and Selected Precursors in the Baltic Sea Environment: Do Precursors Play a Role in Food Web Accumulation of PFAAs?; Environ. Sci. Technol.,ITRC Table5-1; BCF-BAF Database!row 594; uid=747; endpoint=BAF,,database_cell_verified,1.0,,,,,,,exact numeric cell match,original paper table/page and primary measurement not yet verified,,OBS_89ea92f16cb23445,1,candidate only; missing conditions and repeated experiments prevent unique identification,not verified against original experimental table,original search date/operator unavailable; current audit is not original collection history,,10.1021/acs.est.6b01197,verified_summary,retain_verified_summary_separate_from_individual_measurements,SI Table S9 PDF page 16; PFOA; zooplankton,2.3,log10,Field summary; source column and bound retained,sources/e8fb86127eac974b/es6b01197_si_001.pdf,cf1873c2875237857082,,True,b2fb1eece4420ca0d7457c1092f3cefd7dce61a5f9dae773de0efc3ed7eb768d,https://ndownloader.figshare.com/files/5323630,data/04_bioaccumulation/ITRC_Table_5-1_BCF-BAF_aquatic.xlsx,BCF-BAF Database,594,K594;I594;J594,"{""BAF"": 199.52623149688802, ""BAF Min"": null, ""BAF Max"": null}",reported_database_value,199.526231496888,True,True,bfc24df5dbd2d21341a9580e5053f7a7b89c1ddea1ebe75c55407f4cee27a54d,verified_summary,,CIT_3e7f6a7070b23a4e5e18,True,True,True,verified_summary,True,SI Table S9 PDF page 16; PFOA; zooplankton,2.3000000000000003,not_reported
BIO_6197,1408,6197,PFOA,Perfluorooctanoic acid,335-67-1,PFCA,8.0,BAF,331.1311214825914,2.52,L/kg,331.13112148259137,,wet weight,,Sprattus sprattus,Sprat,fish,whole body,,,,,marine,,field,ITRC,https://pfas-1.itrcweb.org/wp-content/uploads/2023/10/ITRC_PFAS_-BCF-BAF_compilation_Table5-1_Oct2021.xlsx,Gebbink 2016,ITRC-compiled,location=Baltic Sea; waterbody=Coastal ocean; note=Error estimates available; uid=748,2026-05-17T15:19:48+00:00,Perfluorooctanoic acid,335-67-1,SNGREZUHAYWORS-UHFFFAOYSA-N,,9554.0,OC(=O)C(F)(F)C(F)(F)C(F)(F)C(F)(F)C(F)(F)C(F)(F)C(F)(F)F,C8HF15O2,414.07,PFCA,4.9,,EPA,,,,,,O=C(O)C(F)(F)C(F)(F)C(F)(F)C(F)(F)C(F)(F)C(F)(F)C(F)(F)F,O=C(O)C(F)(F)C(F)(F)C(F)(F)C(F)(F)C(F)(F)C(F)(F)C(F)(F)F,CMP_d156c7f61581a866704b,gebbink2016,10.1021/acs.est.6b01197,provisional_normalized_citation_cross_source_equivalence_unverified,,,L/kg,1.0,331.1311214825914,331.1311214825914,2.5200000000000005,2.5200000000000005,-4.440892098500626e-16,False,True,True,True,,retained,False,10.1021/acs.est.6b01197,Perfluoroalkyl Acids (PFAAs) and Selected Precursors in the Baltic Sea Environment: Do Precursors Play a Role in Food Web Accumulation of PFAAs?,Gebbink 2016; Perfluoroalkyl Acids (PFAAs) and Selected Precursors in the Baltic Sea Environment: Do Precursors Play a Role in Food Web Accumulation of PFAAs?; Environ. Sci. Technol.,ITRC Table5-1; BCF-BAF Database!row 595; uid=748; endpoint=BAF,,database_cell_verified,1.0,,,,,,,exact numeric cell match,original paper table/page and primary measurement not yet verified,,OBS_b57a2d14c327aa07,1,candidate only; missing conditions and repeated experiments prevent unique identification,not verified against original experimental table,original search date/operator unavailable; current audit is not original collection history,,10.1021/acs.est.6b01197,verified_summary,retain_verified_summary_separate_from_individual_measurements,SI Table S9 PDF page 16; PFOA; sprat,2.52,log10,Field summary; source column and bound retained,sources/e8fb86127eac974b/es6b01197_si_001.pdf,e911c88309d966281373,fish,True,b2fb1eece4420ca0d7457c1092f3cefd7dce61a5f9dae773de0efc3ed7eb768d,https://ndownloader.figshare.com/files/5323630,data/04_bioaccumulation/ITRC_Table_5-1_BCF-BAF_aquatic.xlsx,BCF-BAF Database,595,K595;I595;J595,"{""BAF"": 331.13112148259137, ""BAF Min"": null, ""BAF Max"": null}",reported_database_value,331.13112148259137,True,True,bfc24df5dbd2d21341a9580e5053f7a7b89c1ddea1ebe75c55407f4cee27a54d,verified_summary,mammal,CIT_3e7f6a7070b23a4e5e18,True,True,True,verified_summary,True,SI Table S9 PDF page 16; PFOA; sprat,2.5200000000000005,not_reported
BIO_6251,1462,6251,PFOA,Perfluorooctanoic acid,335-67-1,PFCA,8.0,BAF,8.72,0.9405,L/kg,8.72,,wet weight,,Carassius carassius,Crucian carp,fish,whole body,,,,,freshwater,,field,ITRC,https://pfas-1.itrcweb.org/wp-content/uploads/2023/10/ITRC_PFAS_-BCF-BAF_compilation_Table5-1_Oct2021.xlsx,Song 2020,ITRC-compiled,"location=Xiaoqing River, Shandong province; waterbody=River; note=Different lab analytical approach than usually used.; uid=848",2026-05-17T15:19:50+00:00,Perfluorooctanoic acid,335-67-1,SNGREZUHAYWORS-UHFFFAOYSA-N,,9554.0,OC(=O)C(F)(F)C(F)(F)C(F)(F)C(F)(F)C(F)(F)C(F)(F)C(F)(F)F,C8HF15O2,414.07,PFCA,4.9,,EPA,,,,,,O=C(O)C(F)(F)C(F)(F)C(F)(F)C(F)(F)C(F)(F)C(F)(F)C(F)(F)F,O=C(O)C(F)(F)C(F)(F)C(F)(F)C(F)(F)C(F)(F)C(F)(F)C(F)(F)F,CMP_d156c7f61581a866704b,song2020,10.1021/acs.est.9b04906,provisional_normalized_citation_cross_source_equivalence_unverified,,,L/kg,1.0,8.72,8.72,0.9405164849325672,0.9405164849325672,-1.6484932567228938e-05,False,True,True,True,,retained,False,10.1021/acs.est.9b04906&ref=pdf,"A Matrix-Correction Approach to Estimate the Bioaccumulation
Potential of Emerging PFASs","Song 2020; A Matrix-Correction Approach to Estimate the Bioaccumulation
Potential of Emerging PFASs; Environ. Sci. Technol.",ITRC Table5-1; BCF-BAF Database!row 651; uid=848; endpoint=BAF,,database_cell_verified,1.0,,,,,,,exact numeric cell match,original paper table/page and primary measurement not yet verified,,OBS_8d2d6df359d5d735,1,candidate only; missing conditions and repeated experiments prevent unique identification,not verified against original experimental table,original search date/operator unavailable; current audit is not original collection history,,10.1021/acs.est.9b04906,verified_summary,retain_verified_summary_separate_from_individual_measurements,SI Table S10 PDF page 20; Current Study; PFOA; Concentration,8.72,linear,Same biological experiment and alternative analytical estimate; concentration approach retained; peak-area estimate cannot be counted as independent experimental validation,sources/a48b920350aa307d/es9b04906_si_001.pdf,20f8860dfe8eb7523e8b,,True,110e77c997efdceab2b9ccd4f46377301932b78ffda8b2e3687bd637137358c6,https://ndownloader.figshare.com/files/20704257,data/04_bioaccumulation/ITRC_Table_5-1_BCF-BAF_aquatic.xlsx,BCF-BAF Database,651,K651;I651;J651,"{""BAF"": 8.72, ""BAF Min"": null, ""BAF Max"": null}",reported_database_value,8.72,True,True,bfc24df5dbd2d21341a9580e5053f7a7b89c1ddea1ebe75c55407f4cee27a54d,verified_summary,,CIT_0199a1f320bfd98b6ccc,True,True,True,verified_summary,True,SI Table S10 PDF page 20; Current Study; PFOA; Concentration,0.9405164849325672,not_reported
BIO_6285,1496,6285,PFOS,Perfluorooctanesulfonic acid,1763-23-1,PFSA,8.0,BCF,4365.16,3.64,L/kg,4365.16,,wet weight,steady_state,Danio rerio,Zebrafish,fish,liver,24.0,aqueous,,,freshwater,,laboratory,ITRC,https://pfas-1.itrcweb.org/wp-content/uploads/2023/10/ITRC_PFAS_-BCF-BAF_compilation_Table5-1_Oct2021.xlsx,Chen 2016,ITRC-compiled,location=Singapore; waterbody=Lab; note=Low Exposure Group; 3 replicates consisting each of 5 pooled individuals from a population of 300; uid=908,2026-05-17T15:19:52+00:00,Perfluorooctanesulfonic acid,1763-23-1,YFSUTJLHUFNCNZ-UHFFFAOYSA-N,,74483.0,OS(=O)(=O)C(F)(F)C(F)(F)C(F)(F)C(F)(F)C(F)(F)C(F)(F)C(F)(F)C(F)(F)F,C8HF17O3S,500.13,PFSA,5.0,,EPA,,,,,,O=S(=O)(O)C(F)(F)C(F)(F)C(F)(F)C(F)(F)C(F)(F)C(F)(F)C(F)(F)C(F)(F)F,O=S(=O)(O)C(F)(F)C(F)(F)C(F)(F)C(F)(F)C(F)(F)C(F)(F)C(F)(F)C(F)(F)F,CMP_cfdde373a2a8c04668f0,chen2016,10.1016/j.scitotenv.2016.05.215,provisional_normalized_citation_cross_source_equivalence_unverified,,,L/kg,1.0,4365.16,4365.16,3.64,3.6400001669061024,-1.6690610227243496e-07,False,True,True,True,,retained,False,10.1016/j.scitotenv.2016.05.215,Bioavailability and bioconcentration potential of perfluoroalkyl-phosphinic and -phosphonic acids in zebrafish (Danio rerio): Comparison to perfluorocarboxylates and perfluorosulfonates,Chen 2016; Bioavailability and bioconcentration potential of perfluoroalkyl-phosphinic and -phosphonic acids in zebrafish (Danio rerio): Comparison to perfluorocarboxylates and perfluorosulfonates; The Science of the Total Environment,ITRC Table5-1; BCF-BAF Database!row 687; uid=908; endpoint=BCF,,database_cell_verified,1.0,,,,,,,exact numeric cell match,original paper table/page and primary measurement not yet verified,,OBS_71ca970a317c3526,1,candidate only; missing conditions and repeated experiments prevent unique identification,not verified against original experimental table,original search date/operator unavailable; current audit is not original collection history,,10.1016/j.scitotenv.2016.05.215,unverified_primary_table,exclude_from_primary_verified_analysis; retain_in_legacy_sensitivity,,,,,,,fish,False,,,data/04_bioaccumulation/ITRC_Table_5-1_BCF-BAF_aquatic.xlsx,BCF-BAF Database,687,H687;F687;G687,"{""BCF"": 4365.16, ""BCF Min"": null, ""BCF Max"": null}",reported_database_value,4365.16,True,True,bfc24df5dbd2d21341a9580e5053f7a7b89c1ddea1ebe75c55407f4cee27a54d,unverified_primary_table,fish,CIT_96153bf67e1613757c40,False,True,True,verified_tissue_BCF_summary,True,Table S9 row 49 column 7; liver-low; pfos; logBCFss,3.6400001669061024,low
BIO_6286,1497,6286,PFOS,Perfluorooctanesulfonic acid,1763-23-1,PFSA,8.0,BCF,3548.13,3.55,L/kg,3548.13,,wet weight,steady_state,Danio rerio,Zebrafish,fish,liver,24.0,aqueous,,,freshwater,,laboratory,ITRC,https://pfas-1.itrcweb.org/wp-content/uploads/2023/10/ITRC_PFAS_-BCF-BAF_compilation_Table5-1_Oct2021.xlsx,Chen 2016,ITRC-compiled,location=Singapore; waterbody=Lab; note=High Exposure Group; 3 replicates consisting each of 5 pooled individuals from a population of 300; uid=909,2026-05-17T15:19:52+00:00,Perfluorooctanesulfonic acid,1763-23-1,YFSUTJLHUFNCNZ-UHFFFAOYSA-N,,74483.0,OS(=O)(=O)C(F)(F)C(F)(F)C(F)(F)C(F)(F)C(F)(F)C(F)(F)C(F)(F)C(F)(F)F,C8HF17O3S,500.13,PFSA,5.0,,EPA,,,,,,O=S(=O)(O)C(F)(F)C(F)(F)C(F)(F)C(F)(F)C(F)(F)C(F)(F)C(F)(F)C(F)(F)F,O=S(=O)(O)C(F)(F)C(F)(F)C(F)(F)C(F)(F)C(F)(F)C(F)(F)C(F)(F)C(F)(F)F,CMP_cfdde373a2a8c04668f0,chen2016,10.1016/j.scitotenv.2016.05.215,provisional_normalized_citation_cross_source_equivalence_unverified,,,L/kg,1.0,3548.13,3548.13,3.55,3.549999523574668,4.7642533163028133e-07,False,True,True,True,,retained,False,10.1016/j.scitotenv.2016.05.215,Bioavailability and bioconcentration potential of perfluoroalkyl-phosphinic and -phosphonic acids in zebrafish (Danio rerio): Comparison to perfluorocarboxylates and perfluorosulfonates,Chen 2016; Bioavailability and bioconcentration potential of perfluoroalkyl-phosphinic and -phosphonic acids in zebrafish (Danio rerio): Comparison to perfluorocarboxylates and perfluorosulfonates; The Science of the Total Environment,ITRC Table5-1; BCF-BAF Database!row 688; uid=909; endpoint=BCF,,database_cell_verified,1.0,,,,,,,exact numeric cell match,original paper table/page and primary measurement not yet verified,,OBS_d097b45b873ae0db,1,candidate only; missing conditions and repeated experiments prevent unique identification,not verified against original experimental table,original search date/operator unavailable; current audit is not original collection history,,10.1016/j.scitotenv.2016.05.215,unverified_primary_table,exclude_from_primary_verified_analysis; retain_in_legacy_sensitivity,,,,,,,fish,False,,,data/04_bioaccumulation/ITRC_Table_5-1_BCF-BAF_aquatic.xlsx,BCF-BAF Database,688,H688;F688;G688,"{""BCF"": 3548.13, ""BCF Min"": null, ""BCF Max"": null}",reported_database_value,3548.13,True,True,bfc24df5dbd2d21341a9580e5053f7a7b89c1ddea1ebe75c55407f4cee27a54d,unverified_primary_table,fish,CIT_96153bf67e1613757c40,False,True,True,verified_tissue_BCF_summary,True,Table S9 row 71 column 7; liver-high; pfos; logBCFss,3.549999523574668,high
BIO_6287,1498,6287,PFOS,Perfluorooctanesulfonic acid,1763-23-1,PFSA,8.0,BCF,724.44,2.86,L/kg,724.44,,wet weight,steady_state,Danio rerio,Zebrafish,fish,muscle,24.0,aqueous,,,freshwater,,laboratory,ITRC,https://pfas-1.itrcweb.org/wp-content/uploads/2023/10/ITRC_PFAS_-BCF-BAF_compilation_Table5-1_Oct2021.xlsx,Chen 2016,ITRC-compiled,location=Singapore; waterbody=Lab; note=Low Exposure Group; 3 replicates consisting each of 5 pooled individuals from a population of 300; uid=910,2026-05-17T15:19:52+00:00,Perfluorooctanesulfonic acid,1763-23-1,YFSUTJLHUFNCNZ-UHFFFAOYSA-N,,74483.0,OS(=O)(=O)C(F)(F)C(F)(F)C(F)(F)C(F)(F)C(F)(F)C(F)(F)C(F)(F)C(F)(F)F,C8HF17O3S,500.13,PFSA,5.0,,EPA,,,,,,O=S(=O)(O)C(F)(F)C(F)(F)C(F)(F)C(F)(F)C(F)(F)C(F)(F)C(F)(F)C(F)(F)F,O=S(=O)(O)C(F)(F)C(F)(F)C(F)(F)C(F)(F)C(F)(F)C(F)(F)C(F)(F)C(F)(F)F,CMP_cfdde373a2a8c04668f0,chen2016,10.1016/j.scitotenv.2016.05.215,provisional_normalized_citation_cross_source_equivalence_unverified,,,L/kg,1.0,724.44,724.44,2.86,2.8600024219010978,-2.4219010978931976e-06,False,True,True,True,,retained,False,10.1016/j.scitotenv.2016.05.215,Bioavailability and bioconcentration potential of perfluoroalkyl-phosphinic and -phosphonic acids in zebrafish (Danio rerio): Comparison to perfluorocarboxylates and perfluorosulfonates,Chen 2016; Bioavailability and bioconcentration potential of perfluoroalkyl-phosphinic and -phosphonic acids in zebrafish (Danio rerio): Comparison to perfluorocarboxylates and perfluorosulfonates; The Science of the Total Environment,ITRC Table5-1; BCF-BAF Database!row 689; uid=910; endpoint=BCF,,database_cell_verified,1.0,,,,,,,exact numeric cell match,original paper table/page and primary measurement not yet verified,,OBS_b59ab436343e2c9c,1,candidate only; missing conditions and repeated experiments prevent unique identification,not verified against original experimental table,original search date/operator unavailable; current audit is not original collection history,,10.1016/j.scitotenv.2016.05.215,unverified_primary_table,exclude_from_primary_verified_analysis; retain_in_legacy_sensitivity,,,,,,,fish,False,,,data/04_bioaccumulation/ITRC_Table_5-1_BCF-BAF_aquatic.xlsx,BCF-BAF Database,689,H689;F689;G689,"{""BCF"": 724.44, ""BCF Min"": null, ""BCF Max"": null}",reported_database_value,724.44,True,True,bfc24df5dbd2d21341a9580e5053f7a7b89c1ddea1ebe75c55407f4cee27a54d,unverified_primary_table,fish,CIT_96153bf67e1613757c40,False,True,True,verified_tissue_BCF_summary,True,Table S9 row 93 column 7; muscle-low; pfos; logBCFss,2.8600024219010978,low
BIO_6288,1499,6288,PFOS,Perfluorooctanesulfonic acid,1763-23-1,PFSA,8.0,BCF,537.03,2.73,L/kg,537.03,,wet weight,steady_state,Danio rerio,Zebrafish,fish,muscle,24.0,aqueous,,,freshwater,,laboratory,ITRC,https://pfas-1.itrcweb.org/wp-content/uploads/2023/10/ITRC_PFAS_-BCF-BAF_compilation_Table5-1_Oct2021.xlsx,Chen 2016,ITRC-compiled,location=Singapore; waterbody=Lab; note=High Exposure Group; 3 replicates consisting each of 5 pooled individuals from a population of 300; uid=911,2026-05-17T15:19:52+00:00,Perfluorooctanesulfonic acid,1763-23-1,YFSUTJLHUFNCNZ-UHFFFAOYSA-N,,74483.0,OS(=O)(=O)C(F)(F)C(F)(F)C(F)(F)C(F)(F)C(F)(F)C(F)(F)C(F)(F)C(F)(F)F,C8HF17O3S,500.13,PFSA,5.0,,EPA,,,,,,O=S(=O)(O)C(F)(F)C(F)(F)C(F)(F)C(F)(F)C(F)(F)C(F)(F)C(F)(F)C(F)(F)F,O=S(=O)(O)C(F)(F)C(F)(F)C(F)(F)C(F)(F)C(F)(F)C(F)(F)C(F)(F)C(F)(F)F,CMP_cfdde373a2a8c04668f0,chen2016,10.1016/j.scitotenv.2016.05.215,provisional_normalized_citation_cross_source_equivalence_unverified,,,L/kg,1.0,537.03,537.03,2.73,2.7299985472834227,1.4527165772548756e-06,False,True,True,True,,retained,False,10.1016/j.scitotenv.2016.05.215,Bioavailability and bioconcentration potential of perfluoroalkyl-phosphinic and -phosphonic acids in zebrafish (Danio rerio): Comparison to perfluorocarboxylates and perfluorosulfonates,Chen 2016; Bioavailability and bioconcentration potential of perfluoroalkyl-phosphinic and -phosphonic acids in zebrafish (Danio rerio): Comparison to perfluorocarboxylates and perfluorosulfonates; The Science of the Total Environment,ITRC Table5-1; BCF-BAF Database!row 690; uid=911; endpoint=BCF,,database_cell_verified,1.0,,,,,,,exact numeric cell match,original paper table/page and primary measurement not yet verified,,OBS_41867854dab91e39,1,candidate only; missing conditions and repeated experiments prevent unique identification,not verified against original experimental table,original search date/operator unavailable; current audit is not original collection history,,10.1016/j.scitotenv.2016.05.215,unverified_primary_table,exclude_from_primary_verified_analysis; retain_in_legacy_sensitivity,,,,,,,fish,False,,,data/04_bioaccumulation/ITRC_Table_5-1_BCF-BAF_aquatic.xlsx,BCF-BAF Database,690,H690;F690;G690,"{""BCF"": 537.03, ""BCF Min"": null, ""BCF Max"": null}",reported_database_value,537.03,True,True,bfc24df5dbd2d21341a9580e5053f7a7b89c1ddea1ebe75c55407f4cee27a54d,unverified_primary_table,fish,CIT_96153bf67e1613757c40,False,True,True,verified_tissue_BCF_summary,True,Table S9 row 115 column 7; muscle-high; pfos; logBCFss,2.7299985472834227,high
BIO_6289,1500,6289,PFOS,Perfluorooctanesulfonic acid,1763-23-1,PFSA,8.0,BCF,6606.93,3.82,L/kg,6606.93,,wet weight,steady_state,Danio rerio,Zebrafish,fish,ovary,24.0,aqueous,,,freshwater,,laboratory,ITRC,https://pfas-1.itrcweb.org/wp-content/uploads/2023/10/ITRC_PFAS_-BCF-BAF_compilation_Table5-1_Oct2021.xlsx,Chen 2016,ITRC-compiled,location=Singapore; waterbody=Lab; note=Low Exposure Group; 3 replicates consisting each of 5 pooled individuals from a population of 300; uid=912,2026-05-17T15:19:52+00:00,Perfluorooctanesulfonic acid,1763-23-1,YFSUTJLHUFNCNZ-UHFFFAOYSA-N,,74483.0,OS(=O)(=O)C(F)(F)C(F)(F)C(F)(F)C(F)(F)C(F)(F)C(F)(F)C(F)(F)C(F)(F)F,C8HF17O3S,500.13,PFSA,5.0,,EPA,,,,,,O=S(=O)(O)C(F)(F)C(F)(F)C(F)(F)C(F)(F)C(F)(F)C(F)(F)C(F)(F)C(F)(F)F,O=S(=O)(O)C(F)(F)C(F)(F)C(F)(F)C(F)(F)C(F)(F)C(F)(F)C(F)(F)C(F)(F)F,CMP_cfdde373a2a8c04668f0,chen2016,10.1016/j.scitotenv.2016.05.215,provisional_normalized_citation_cross_source_equivalence_unverified,,,L/kg,1.0,6606.93,6606.93,3.82,3.8199997055104857,2.9448951410770974e-07,False,True,True,True,,retained,False,10.1016/j.scitotenv.2016.05.215,Bioavailability and bioconcentration potential of perfluoroalkyl-phosphinic and -phosphonic acids in zebrafish (Danio rerio): Comparison to perfluorocarboxylates and perfluorosulfonates,Chen 2016; Bioavailability and bioconcentration potential of perfluoroalkyl-phosphinic and -phosphonic acids in zebrafish (Danio rerio): Comparison to perfluorocarboxylates and perfluorosulfonates; The Science of the Total Environment,ITRC Table5-1; BCF-BAF Database!row 691; uid=912; endpoint=BCF,,database_cell_verified,1.0,,,,,,,exact numeric cell match,original paper table/page and primary measurement not yet verified,,OBS_8faf131314c06740,1,candidate only; missing conditions and repeated experiments prevent unique identification,not verified against original experimental table,original search date/operator unavailable; current audit is not original collection history,,10.1016/j.scitotenv.2016.05.215,unverified_primary_table,exclude_from_primary_verified_analysis; retain_in_legacy_sensitivity,,,,,,,fish,False,,,data/04_bioaccumulation/ITRC_Table_5-1_BCF-BAF_aquatic.xlsx,BCF-BAF Database,691,H691;F691;G691,"{""BCF"": 6606.93, ""BCF Min"": null, ""BCF Max"": null}",reported_database_value,6606.93,True,True,bfc24df5dbd2d21341a9580e5053f7a7b89c1ddea1ebe75c55407f4cee27a54d,unverified_primary_table,fish,CIT_96153bf67e1613757c40,False,True,True,verified_tissue_BCF_summary,True,Table S9 row 137 column 7; ovary-low; pfos; logBCFss,3.8199997055104857,low
BIO_6290,1501,6290,PFOS,Perfluorooctanesulfonic acid,1763-23-1,PFSA,8.0,BCF,3235.94,3.51,L/kg,3235.94,,wet weight,steady_state,Danio rerio,Zebrafish,fish,ovary,24.0,aqueous,,,freshwater,,laboratory,ITRC,https://pfas-1.itrcweb.org/wp-content/uploads/2023/10/ITRC_PFAS_-BCF-BAF_compilation_Table5-1_Oct2021.xlsx,Chen 2016,ITRC-compiled,location=Singapore; waterbody=Lab; note=High Exposure Group; 3 replicates consisting each of 5 pooled individuals from a population of 300; uid=913,2026-05-17T15:19:52+00:00,Perfluorooctanesulfonic acid,1763-23-1,YFSUTJLHUFNCNZ-UHFFFAOYSA-N,,74483.0,OS(=O)(=O)C(F)(F)C(F)(F)C(F)(F)C(F)(F)C(F)(F)C(F)(F)C(F)(F)C(F)(F)F,C8HF17O3S,500.13,PFSA,5.0,,EPA,,,,,,O=S(=O)(O)C(F)(F)C(F)(F)C(F)(F)C(F)(F)C(F)(F)C(F)(F)C(F)(F)C(F)(F)F,O=S(=O)(O)C(F)(F)C(F)(F)C(F)(F)C(F)(F)C(F)(F)C(F)(F)C(F)(F)C(F)(F)F,CMP_cfdde373a2a8c04668f0,chen2016,10.1016/j.scitotenv.2016.05.215,provisional_normalized_citation_cross_source_equivalence_unverified,,,L/kg,1.0,3235.94,3235.94,3.51,3.510000460433903,-4.604339030045425e-07,False,True,True,True,,retained,False,10.1016/j.scitotenv.2016.05.215,Bioavailability and bioconcentration potential of perfluoroalkyl-phosphinic and -phosphonic acids in zebrafish (Danio rerio): Comparison to perfluorocarboxylates and perfluorosulfonates,Chen 2016; Bioavailability and bioconcentration potential of perfluoroalkyl-phosphinic and -phosphonic acids in zebrafish (Danio rerio): Comparison to perfluorocarboxylates and perfluorosulfonates; The Science of the Total Environment,ITRC Table5-1; BCF-BAF Database!row 692; uid=913; endpoint=BCF,,database_cell_verified,1.0,,,,,,,exact numeric cell match,original paper table/page and primary measurement not yet verified,,OBS_f54eb202ae101221,1,candidate only; missing conditions and repeated experiments prevent unique identification,not verified against original experimental table,original search date/operator unavailable; current audit is not original collection history,,10.1016/j.scitotenv.2016.05.215,unverified_primary_table,exclude_from_primary_verified_analysis; retain_in_legacy_sensitivity,,,,,,,fish,False,,,data/04_bioaccumulation/ITRC_Table_5-1_BCF-BAF_aquatic.xlsx,BCF-BAF Database,692,H692;F692;G692,"{""BCF"": 3235.94, ""BCF Min"": null, ""BCF Max"": null}",reported_database_value,3235.94,True,True,bfc24df5dbd2d21341a9580e5053f7a7b89c1ddea1ebe75c55407f4cee27a54d,unverified_primary_table,fish,CIT_96153bf67e1613757c40,False,True,True,verified_tissue_BCF_summary,True,Table S9 row 159 column 7; ovary-high; pfos; logBCFss,3.510000460433903,high
BIO_6384,1595,6384,PFOS,Perfluorooctanesulfonic acid,1763-23-1,PFSA,8.0,BAF,6280.583588133188,3.798,L/kg,6280.583588133188,,wet weight,,Carassius carassius,Crucian Carp,fish,bile,,,,,freshwater,,field,ITRC,https://pfas-1.itrcweb.org/wp-content/uploads/2023/10/ITRC_PFAS_-BCF-BAF_compilation_Table5-1_Oct2021.xlsx,Shi 2015,ITRC-compiled,"location=Tangxun Lake, Hubei province; waterbody=Lake; note=Samples collected in July 2014; uid=1044",2026-05-17T15:19:56+00:00,Perfluorooctanesulfonic acid,1763-23-1,YFSUTJLHUFNCNZ-UHFFFAOYSA-N,,74483.0,OS(=O)(=O)C(F)(F)C(F)(F)C(F)(F)C(F)(F)C(F)(F)C(F)(F)C(F)(F)C(F)(F)F,C8HF17O3S,500.13,PFSA,5.0,,EPA,,,,,,O=S(=O)(O)C(F)(F)C(F)(F)C(F)(F)C(F)(F)C(F)(F)C(F)(F)C(F)(F)C(F)(F)F,O=S(=O)(O)C(F)(F)C(F)(F)C(F)(F)C(F)(F)C(F)(F)C(F)(F)C(F)(F)C(F)(F)F,CMP_cfdde373a2a8c04668f0,shi2015,10.1021/acs.est.5b04299,provisional_normalized_citation_cross_source_equivalence_unverified,,,L/kg,1.0,6280.583588133188,6280.583588133188,3.798000000000001,3.798000000000001,-4.440892098500626e-16,False,True,True,True,,retained,False,10.1021/acs.est.5b04299,Tissue Distribution and Whole Body Burden of the Chlorinated Polyfluoroalkyl Ether Sulfonic Acid F-53B in Crucian Carp (Carassius carassius): Evidence for a Highly Bioaccumulative Contaminant of Emerging Concern,Shi 2015; Tissue Distribution and Whole Body Burden of the Chlorinated Polyfluoroalkyl Ether Sulfonic Acid F-53B in Crucian Carp (Carassius carassius): Evidence for a Highly Bioaccumulative Contaminant of Emerging Concern; Environmental Science & Technology,ITRC Table5-1; BCF-BAF Database!row 785; uid=1044; endpoint=BAF,,database_cell_verified,1.0,,,,,,,exact numeric cell match,original paper table/page and primary measurement not yet verified,,OBS_5e91bde888363add,1,candidate only; missing conditions and repeated experiments prevent unique identification,not verified against original experimental table,original search date/operator unavailable; current audit is not original collection history,,10.1021/acs.est.5b04299,verified_summary,retain_verified_summary_separate_from_individual_measurements,SI Table S10 PDF page 11; TL; bile; PFOS; mean,3.798,log10,Mean logBAF; shared study/site fish; whole body reconstructed from tissue contributions where applicable; not individual measurements,sources/c6c948e07c3aa145/es5b04299_si_001.pdf,1b41cb92c65c2be2dc08,,True,a15b81a9a5f7d73f5c4cefbde5ec940b48fe9fbf43b65feac597b7b12c02f44c,https://ndownloader.figshare.com/files/3732799,data/04_bioaccumulation/ITRC_Table_5-1_BCF-BAF_aquatic.xlsx,BCF-BAF Database,785,K785;I785;J785,"{""BAF"": 6280.583588133188, ""BAF Min"": 2917.4270140011686, ""BAF Max"": 13583.134465871564}",reported_database_value,6280.583588133188,True,True,bfc24df5dbd2d21341a9580e5053f7a7b89c1ddea1ebe75c55407f4cee27a54d,verified_summary,,CIT_97accc2b1b7d81d229ff,True,True,True,verified_summary,True,SI Table S10 PDF page 11; TL; bile; PFOS; mean,3.798000000000001,not_reported
BIO_6385,1596,6385,PFOS,Perfluorooctanesulfonic acid,1763-23-1,PFSA,8.0,BAF,2037.042077705721,3.309,L/kg,2037.042077705721,,wet weight,,Carassius carassius,Crucian Carp,fish,bladder,,,,,freshwater,,field,ITRC,https://pfas-1.itrcweb.org/wp-content/uploads/2023/10/ITRC_PFAS_-BCF-BAF_compilation_Table5-1_Oct2021.xlsx,Shi 2015,ITRC-compiled,"location=Tangxun Lake, Hubei province; waterbody=Lake; note=Samples collected in July 2014; uid=1045",2026-05-17T15:19:56+00:00,Perfluorooctanesulfonic acid,1763-23-1,YFSUTJLHUFNCNZ-UHFFFAOYSA-N,,74483.0,OS(=O)(=O)C(F)(F)C(F)(F)C(F)(F)C(F)(F)C(F)(F)C(F)(F)C(F)(F)C(F)(F)F,C8HF17O3S,500.13,PFSA,5.0,,EPA,,,,,,O=S(=O)(O)C(F)(F)C(F)(F)C(F)(F)C(F)(F)C(F)(F)C(F)(F)C(F)(F)C(F)(F)F,O=S(=O)(O)C(F)(F)C(F)(F)C(F)(F)C(F)(F)C(F)(F)C(F)(F)C(F)(F)C(F)(F)F,CMP_cfdde373a2a8c04668f0,shi2015,10.1021/acs.est.5b04299,provisional_normalized_citation_cross_source_equivalence_unverified,,,L/kg,1.0,2037.042077705721,2037.042077705721,3.3090000000000006,3.3090000000000006,-4.440892098500626e-16,False,True,True,True,,retained,False,10.1021/acs.est.5b04299,Tissue Distribution and Whole Body Burden of the Chlorinated Polyfluoroalkyl Ether Sulfonic Acid F-53B in Crucian Carp (Carassius carassius): Evidence for a Highly Bioaccumulative Contaminant of Emerging Concern,Shi 2015; Tissue Distribution and Whole Body Burden of the Chlorinated Polyfluoroalkyl Ether Sulfonic Acid F-53B in Crucian Carp (Carassius carassius): Evidence for a Highly Bioaccumulative Contaminant of Emerging Concern; Environmental Science & Technology,ITRC Table5-1; BCF-BAF Database!row 786; uid=1045; endpoint=BAF,,database_cell_verified,1.0,,,,,,,exact numeric cell match,original paper table/page and primary measurement not yet verified,,OBS_08bd8bd43e961fb7,1,candidate only; missing conditions and repeated experiments prevent unique identification,not verified against original experimental table,original search date/operator unavailable; current audit is not original collection history,,10.1021/acs.est.5b04299,verified_summary,retain_verified_summary_separate_from_individual_measurements,SI Table S10 PDF page 11; TL; bladder; PFOS; mean,3.309,log10,Mean logBAF; shared study/site fish; whole body reconstructed from tissue contributions where applicable; not individual measurements,sources/c6c948e07c3aa145/es5b04299_si_001.pdf,87968d49af3b2f0b5d9e,,True,a15b81a9a5f7d73f5c4cefbde5ec940b48fe9fbf43b65feac597b7b12c02f44c,https://ndownloader.figshare.com/files/3732799,data/04_bioaccumulation/ITRC_Table_5-1_BCF-BAF_aquatic.xlsx,BCF-BAF Database,786,K786;I786;J786,"{""BAF"": 2037.042077705721, ""BAF Min"": 899.4975815300363, ""BAF Max"": 5058.246620031146}",reported_database_value,2037.042077705721,True,True,bfc24df5dbd2d21341a9580e5053f7a7b89c1ddea1ebe75c55407f4cee27a54d,verified_summary,,CIT_97accc2b1b7d81d229ff,True,True,True,verified_summary,True,SI Table S10 PDF page 11; TL; bladder; PFOS; mean,3.3090000000000006,not_reported
BIO_6386,1597,6386,PFOS,Perfluorooctanesulfonic acid,1763-23-1,PFSA,8.0,BAF,9638.290236239707,3.984,L/kg,9638.290236239707,,wet weight,,Carassius carassius,Crucian Carp,fish,blood,,,,,freshwater,,field,ITRC,https://pfas-1.itrcweb.org/wp-content/uploads/2023/10/ITRC_PFAS_-BCF-BAF_compilation_Table5-1_Oct2021.xlsx,Shi 2015,ITRC-compiled,"location=Tangxun Lake, Hubei province; waterbody=Lake; note=Samples collected in July 2014; uid=1046",2026-05-17T15:19:57+00:00,Perfluorooctanesulfonic acid,1763-23-1,YFSUTJLHUFNCNZ-UHFFFAOYSA-N,,74483.0,OS(=O)(=O)C(F)(F)C(F)(F)C(F)(F)C(F)(F)C(F)(F)C(F)(F)C(F)(F)C(F)(F)F,C8HF17O3S,500.13,PFSA,5.0,,EPA,,,,,,O=S(=O)(O)C(F)(F)C(F)(F)C(F)(F)C(F)(F)C(F)(F)C(F)(F)C(F)(F)C(F)(F)F,O=S(=O)(O)C(F)(F)C(F)(F)C(F)(F)C(F)(F)C(F)(F)C(F)(F)C(F)(F)C(F)(F)F,CMP_cfdde373a2a8c04668f0,shi2015,10.1021/acs.est.5b04299,provisional_normalized_citation_cross_source_equivalence_unverified,,,L/kg,1.0,9638.290236239707,9638.290236239707,3.984,3.984,0.0,False,True,True,True,,retained,False,10.1021/acs.est.5b04299,Tissue Distribution and Whole Body Burden of the Chlorinated Polyfluoroalkyl Ether Sulfonic Acid F-53B in Crucian Carp (Carassius carassius): Evidence for a Highly Bioaccumulative Contaminant of Emerging Concern,Shi 2015; Tissue Distribution and Whole Body Burden of the Chlorinated Polyfluoroalkyl Ether Sulfonic Acid F-53B in Crucian Carp (Carassius carassius): Evidence for a Highly Bioaccumulative Contaminant of Emerging Concern; Environmental Science & Technology,ITRC Table5-1; BCF-BAF Database!row 787; uid=1046; endpoint=BAF,,database_cell_verified,1.0,,,,,,,exact numeric cell match,original paper table/page and primary measurement not yet verified,,OBS_2aff745768d2a71c,1,candidate only; missing conditions and repeated experiments prevent unique identification,not verified against original experimental table,original search date/operator unavailable; current audit is not original collection history,,10.1021/acs.est.5b04299,verified_summary,retain_verified_summary_separate_from_individual_measurements,SI Table S10 PDF page 11; TL; blood; PFOS; mean,3.984,log10,Mean logBAF; shared study/site fish; whole body reconstructed from tissue contributions where applicable; not individual measurements,sources/c6c948e07c3aa145/es5b04299_si_001.pdf,d3ca745b645c5dd04eee,,True,a15b81a9a5f7d73f5c4cefbde5ec940b48fe9fbf43b65feac597b7b12c02f44c,https://ndownloader.figshare.com/files/3732799,data/04_bioaccumulation/ITRC_Table_5-1_BCF-BAF_aquatic.xlsx,BCF-BAF Database,787,K787;I787;J787,"{""BAF"": 9638.290236239709, ""BAF Min"": 2697.7394324449224, ""BAF Max"": 20511.621788255678}",reported_database_value,9638.290236239707,True,True,bfc24df5dbd2d21341a9580e5053f7a7b89c1ddea1ebe75c55407f4cee27a54d,verified_summary,,CIT_97accc2b1b7d81d229ff,True,True,True,verified_summary,True,SI Table S10 PDF page 11; TL; blood; PFOS; mean,3.984,not_reported
BIO_6387,1598,6387,PFOS,Perfluorooctanesulfonic acid,1763-23-1,PFSA,8.0,BAF,2964.831389524346,3.472,L/kg,2964.831389524346,,wet weight,,Carassius carassius,Crucian Carp,fish,brain,,,,,freshwater,,field,ITRC,https://pfas-1.itrcweb.org/wp-content/uploads/2023/10/ITRC_PFAS_-BCF-BAF_compilation_Table5-1_Oct2021.xlsx,Shi 2015,ITRC-compiled,"location=Tangxun Lake, Hubei province; waterbody=Lake; note=Samples collected in July 2014; uid=1047",2026-05-17T15:19:57+00:00,Perfluorooctanesulfonic acid,1763-23-1,YFSUTJLHUFNCNZ-UHFFFAOYSA-N,,74483.0,OS(=O)(=O)C(F)(F)C(F)(F)C(F)(F)C(F)(F)C(F)(F)C(F)(F)C(F)(F)C(F)(F)F,C8HF17O3S,500.13,PFSA,5.0,,EPA,,,,,,O=S(=O)(O)C(F)(F)C(F)(F)C(F)(F)C(F)(F)C(F)(F)C(F)(F)C(F)(F)C(F)(F)F,O=S(=O)(O)C(F)(F)C(F)(F)C(F)(F)C(F)(F)C(F)(F)C(F)(F)C(F)(F)C(F)(F)F,CMP_cfdde373a2a8c04668f0,shi2015,10.1021/acs.est.5b04299,provisional_normalized_citation_cross_source_equivalence_unverified,,,L/kg,1.0,2964.831389524346,2964.831389524346,3.4720000000000004,3.4720000000000004,-4.440892098500626e-16,False,True,True,True,,retained,False,10.1021/acs.est.5b04299,Tissue Distribution and Whole Body Burden of the Chlorinated Polyfluoroalkyl Ether Sulfonic Acid F-53B in Crucian Carp (Carassius carassius): Evidence for a Highly Bioaccumulative Contaminant of Emerging Concern,Shi 2015; Tissue Distribution and Whole Body Burden of the Chlorinated Polyfluoroalkyl Ether Sulfonic Acid F-53B in Crucian Carp (Carassius carassius): Evidence for a Highly Bioaccumulative Contaminant of Emerging Concern; Environmental Science & Technology,ITRC Table5-1; BCF-BAF Database!row 788; uid=1047; endpoint=BAF,,database_cell_verified,1.0,,,,,,,exact numeric cell match,original paper table/page and primary measurement not yet verified,,OBS_ac6e315f981761d9,1,candidate only; missing conditions and repeated experiments prevent unique identification,not verified against original experimental table,original search date/operator unavailable; current audit is not original collection history,,10.1021/acs.est.5b04299,verified_summary,retain_verified_summary_separate_from_individual_measurements,SI Table S10 PDF page 11; TL; brain; PFOS; mean,3.472,log10,Mean logBAF; shared study/site fish; whole body reconstructed from tissue contributions where applicable; not individual measurements,sources/c6c948e07c3aa145/es5b04299_si_001.pdf,637b79be431e101e9bdd,,True,a15b81a9a5f7d73f5c4cefbde5ec940b48fe9fbf43b65feac597b7b12c02f44c,https://ndownloader.figshare.com/files/3732799,data/04_bioaccumulation/ITRC_Table_5-1_BCF-BAF_aquatic.xlsx,BCF-BAF Database,788,K788;I788;J788,"{""BAF"": 2964.831389524346, ""BAF Min"": 1584.8931924611156, ""BAF Max"": 6870.684400142336}",reported_database_value,2964.831389524346,True,True,bfc24df5dbd2d21341a9580e5053f7a7b89c1ddea1ebe75c55407f4cee27a54d,verified_summary,,CIT_97accc2b1b7d81d229ff,True,True,True,verified_summary,True,SI Table S10 PDF page 11; TL; brain; PFOS; mean,3.4720000000000004,not_reported
BIO_6388,1599,6388,PFOS,Perfluorooctanesulfonic acid,1763-23-1,PFSA,8.0,BAF,2884.031503126608,3.46,L/kg,2884.031503126608,,wet weight,,Carassius carassius,Crucian Carp,fish,gill,,,,,freshwater,,field,ITRC,https://pfas-1.itrcweb.org/wp-content/uploads/2023/10/ITRC_PFAS_-BCF-BAF_compilation_Table5-1_Oct2021.xlsx,Shi 2015,ITRC-compiled,"location=Tangxun Lake, Hubei province; waterbody=Lake; note=Samples collected in July 2014; uid=1048",2026-05-17T15:19:57+00:00,Perfluorooctanesulfonic acid,1763-23-1,YFSUTJLHUFNCNZ-UHFFFAOYSA-N,,74483.0,OS(=O)(=O)C(F)(F)C(F)(F)C(F)(F)C(F)(F)C(F)(F)C(F)(F)C(F)(F)C(F)(F)F,C8HF17O3S,500.13,PFSA,5.0,,EPA,,,,,,O=S(=O)(O)C(F)(F)C(F)(F)C(F)(F)C(F)(F)C(F)(F)C(F)(F)C(F)(F)C(F)(F)F,O=S(=O)(O)C(F)(F)C(F)(F)C(F)(F)C(F)(F)C(F)(F)C(F)(F)C(F)(F)C(F)(F)F,CMP_cfdde373a2a8c04668f0,shi2015,10.1021/acs.est.5b04299,provisional_normalized_citation_cross_source_equivalence_unverified,,,L/kg,1.0,2884.031503126608,2884.031503126608,3.4600000000000004,3.4600000000000004,-4.440892098500626e-16,False,True,True,True,,retained,False,10.1021/acs.est.5b04299,Tissue Distribution and Whole Body Burden of the Chlorinated Polyfluoroalkyl Ether Sulfonic Acid F-53B in Crucian Carp (Carassius carassius): Evidence for a Highly Bioaccumulative Contaminant of Emerging Concern,Shi 2015; Tissue Distribution and Whole Body Burden of the Chlorinated Polyfluoroalkyl Ether Sulfonic Acid F-53B in Crucian Carp (Carassius carassius): Evidence for a Highly Bioaccumulative Contaminant of Emerging Concern; Environmental Science & Technology,ITRC Table5-1; BCF-BAF Database!row 789; uid=1048; endpoint=BAF,,database_cell_verified,1.0,,,,,,,exact numeric cell match,original paper table/page and primary measurement not yet verified,,OBS_b611bf53b7d440ed,1,candidate only; missing conditions and repeated experiments prevent unique identification,not verified against original experimental table,original search date/operator unavailable; current audit is not original collection history,,10.1021/acs.est.5b04299,verified_summary,retain_verified_summary_separate_from_individual_measurements,SI Table S10 PDF page 11; TL; gill; PFOS; mean,3.46,log10,Mean logBAF; shared study/site fish; whole body reconstructed from tissue contributions where applicable; not individual measurements,sources/c6c948e07c3aa145/es5b04299_si_001.pdf,42e4137b822df7dc87ce,,True,a15b81a9a5f7d73f5c4cefbde5ec940b48fe9fbf43b65feac597b7b12c02f44c,https://ndownloader.figshare.com/files/3732799,data/04_bioaccumulation/ITRC_Table_5-1_BCF-BAF_aquatic.xlsx,BCF-BAF Database,789,K789;I789;J789,"{""BAF"": 2884.0315031266077, ""BAF Min"": 1367.7288255958504, ""BAF Max"": 4178.303666466225}",reported_database_value,2884.031503126608,True,True,bfc24df5dbd2d21341a9580e5053f7a7b89c1ddea1ebe75c55407f4cee27a54d,verified_summary,,CIT_97accc2b1b7d81d229ff,True,True,True,verified_summary,True,SI Table S10 PDF page 11; TL; gill; PFOS; mean,3.4600000000000004,not_reported
BIO_6389,1600,6389,PFOS,Perfluorooctanesulfonic acid,1763-23-1,PFSA,8.0,BAF,5888.436553555897,3.77,L/kg,5888.436553555897,,wet weight,,Carassius carassius,Crucian Carp,fish,gonad,,,,,freshwater,,field,ITRC,https://pfas-1.itrcweb.org/wp-content/uploads/2023/10/ITRC_PFAS_-BCF-BAF_compilation_Table5-1_Oct2021.xlsx,Shi 2015,ITRC-compiled,"location=Tangxun Lake, Hubei province; waterbody=Lake; note=Samples collected in July 2014; uid=1049",2026-05-17T15:19:57+00:00,Perfluorooctanesulfonic acid,1763-23-1,YFSUTJLHUFNCNZ-UHFFFAOYSA-N,,74483.0,OS(=O)(=O)C(F)(F)C(F)(F)C(F)(F)C(F)(F)C(F)(F)C(F)(F)C(F)(F)C(F)(F)F,C8HF17O3S,500.13,PFSA,5.0,,EPA,,,,,,O=S(=O)(O)C(F)(F)C(F)(F)C(F)(F)C(F)(F)C(F)(F)C(F)(F)C(F)(F)C(F)(F)F,O=S(=O)(O)C(F)(F)C(F)(F)C(F)(F)C(F)(F)C(F)(F)C(F)(F)C(F)(F)C(F)(F)F,CMP_cfdde373a2a8c04668f0,shi2015,10.1021/acs.est.5b04299,provisional_normalized_citation_cross_source_equivalence_unverified,,,L/kg,1.0,5888.436553555897,5888.436553555897,3.770000000000001,3.770000000000001,-4.440892098500626e-16,False,True,True,True,,retained,False,10.1021/acs.est.5b04299,Tissue Distribution and Whole Body Burden of the Chlorinated Polyfluoroalkyl Ether Sulfonic Acid F-53B in Crucian Carp (Carassius carassius): Evidence for a Highly Bioaccumulative Contaminant of Emerging Concern,Shi 2015; Tissue Distribution and Whole Body Burden of the Chlorinated Polyfluoroalkyl Ether Sulfonic Acid F-53B in Crucian Carp (Carassius carassius): Evidence for a Highly Bioaccumulative Contaminant of Emerging Concern; Environmental Science & Technology,ITRC Table5-1; BCF-BAF Database!row 790; uid=1049; endpoint=BAF,,database_cell_verified,1.0,,,,,,,exact numeric cell match,original paper table/page and primary measurement not yet verified,,OBS_41b95a310d25e618,1,candidate only; missing conditions and repeated experiments prevent unique identification,not verified against original experimental table,original search date/operator unavailable; current audit is not original collection history,,10.1021/acs.est.5b04299,verified_summary,retain_verified_summary_separate_from_individual_measurements,SI Table S10 PDF page 11; TL; gonad; PFOS; mean,3.77,log10,Mean logBAF; shared study/site fish; whole body reconstructed from tissue contributions where applicable; not individual measurements,sources/c6c948e07c3aa145/es5b04299_si_001.pdf,20a4c8bb358961e2ae87,,True,a15b81a9a5f7d73f5c4cefbde5ec940b48fe9fbf43b65feac597b7b12c02f44c,https://ndownloader.figshare.com/files/3732799,data/04_bioaccumulation/ITRC_Table_5-1_BCF-BAF_aquatic.xlsx,BCF-BAF Database,790,K790;I790;J790,"{""BAF"": 5888.436553555897, ""BAF Min"": 1990.673338987188, ""BAF Max"": 10641.430182243183}",reported_database_value,5888.436553555897,True,True,bfc24df5dbd2d21341a9580e5053f7a7b89c1ddea1ebe75c55407f4cee27a54d,verified_summary,,CIT_97accc2b1b7d81d229ff,True,True,True,verified_summary,True,SI Table S10 PDF page 11; TL; gonad; PFOS; mean,3.770000000000001,not_reported
BIO_6390,1601,6390,PFOS,Perfluorooctanesulfonic acid,1763-23-1,PFSA,8.0,BAF,5011.872336272732,3.7,L/kg,5011.872336272732,,wet weight,,Carassius carassius,Crucian Carp,fish,heart,,,,,freshwater,,field,ITRC,https://pfas-1.itrcweb.org/wp-content/uploads/2023/10/ITRC_PFAS_-BCF-BAF_compilation_Table5-1_Oct2021.xlsx,Shi 2015,ITRC-compiled,"location=Tangxun Lake, Hubei province; waterbody=Lake; note=Samples collected in July 2014; uid=1050",2026-05-17T15:19:57+00:00,Perfluorooctanesulfonic acid,1763-23-1,YFSUTJLHUFNCNZ-UHFFFAOYSA-N,,74483.0,OS(=O)(=O)C(F)(F)C(F)(F)C(F)(F)C(F)(F)C(F)(F)C(F)(F)C(F)(F)C(F)(F)F,C8HF17O3S,500.13,PFSA,5.0,,EPA,,,,,,O=S(=O)(O)C(F)(F)C(F)(F)C(F)(F)C(F)(F)C(F)(F)C(F)(F)C(F)(F)C(F)(F)F,O=S(=O)(O)C(F)(F)C(F)(F)C(F)(F)C(F)(F)C(F)(F)C(F)(F)C(F)(F)C(F)(F)F,CMP_cfdde373a2a8c04668f0,shi2015,10.1021/acs.est.5b04299,provisional_normalized_citation_cross_source_equivalence_unverified,,,L/kg,1.0,5011.872336272732,5011.872336272732,3.700000000000001,3.700000000000001,-8.881784197001252e-16,False,True,True,True,,retained,False,10.1021/acs.est.5b04299,Tissue Distribution and Whole Body Burden of the Chlorinated Polyfluoroalkyl Ether Sulfonic Acid F-53B in Crucian Carp (Carassius carassius): Evidence for a Highly Bioaccumulative Contaminant of Emerging Concern,Shi 2015; Tissue Distribution and Whole Body Burden of the Chlorinated Polyfluoroalkyl Ether Sulfonic Acid F-53B in Crucian Carp (Carassius carassius): Evidence for a Highly Bioaccumulative Contaminant of Emerging Concern; Environmental Science & Technology,ITRC Table5-1; BCF-BAF Database!row 791; uid=1050; endpoint=BAF,,database_cell_verified,1.0,,,,,,,exact numeric cell match,original paper table/page and primary measurement not yet verified,,OBS_d470ba3aa3cf6513,1,candidate only; missing conditions and repeated experiments prevent unique identification,not verified against original experimental table,original search date/operator unavailable; current audit is not original collection history,,10.1021/acs.est.5b04299,verified_summary,retain_verified_summary_separate_from_individual_measurements,SI Table S10 PDF page 11; TL; heart; PFOS; mean,3.7,log10,Mean logBAF; shared study/site fish; whole body reconstructed from tissue contributions where applicable; not individual measurements,sources/c6c948e07c3aa145/es5b04299_si_001.pdf,74542d04f0c92ad5ea92,,True,a15b81a9a5f7d73f5c4cefbde5ec940b48fe9fbf43b65feac597b7b12c02f44c,https://ndownloader.figshare.com/files/3732799,data/04_bioaccumulation/ITRC_Table_5-1_BCF-BAF_aquatic.xlsx,BCF-BAF Database,791,K791;I791;J791,"{""BAF"": 5011.872336272732, ""BAF Min"": 1862.0871366628687, ""BAF Max"": 7396.052750582388}",reported_database_value,5011.872336272732,True,True,bfc24df5dbd2d21341a9580e5053f7a7b89c1ddea1ebe75c55407f4cee27a54d,verified_summary,,CIT_97accc2b1b7d81d229ff,True,True,True,verified_summary,True,SI Table S10 PDF page 11; TL; heart; PFOS; mean,3.700000000000001,not_reported
BIO_6391,1602,6391,PFOS,Perfluorooctanesulfonic acid,1763-23-1,PFSA,8.0,BAF,5688.529308438423,3.755,L/kg,5688.529308438423,,wet weight,,Carassius carassius,Crucian Carp,fish,kidney,,,,,freshwater,,field,ITRC,https://pfas-1.itrcweb.org/wp-content/uploads/2023/10/ITRC_PFAS_-BCF-BAF_compilation_Table5-1_Oct2021.xlsx,Shi 2015,ITRC-compiled,"location=Tangxun Lake, Hubei province; waterbody=Lake; note=Samples collected in July 2014; uid=1051",2026-05-17T15:19:57+00:00,Perfluorooctanesulfonic acid,1763-23-1,YFSUTJLHUFNCNZ-UHFFFAOYSA-N,,74483.0,OS(=O)(=O)C(F)(F)C(F)(F)C(F)(F)C(F)(F)C(F)(F)C(F)(F)C(F)(F)C(F)(F)F,C8HF17O3S,500.13,PFSA,5.0,,EPA,,,,,,O=S(=O)(O)C(F)(F)C(F)(F)C(F)(F)C(F)(F)C(F)(F)C(F)(F)C(F)(F)C(F)(F)F,O=S(=O)(O)C(F)(F)C(F)(F)C(F)(F)C(F)(F)C(F)(F)C(F)(F)C(F)(F)C(F)(F)F,CMP_cfdde373a2a8c04668f0,shi2015,10.1021/acs.est.5b04299,provisional_normalized_citation_cross_source_equivalence_unverified,,,L/kg,1.0,5688.529308438423,5688.529308438423,3.755000000000001,3.755000000000001,-8.881784197001252e-16,False,True,True,True,,retained,False,10.1021/acs.est.5b04299,Tissue Distribution and Whole Body Burden of the Chlorinated Polyfluoroalkyl Ether Sulfonic Acid F-53B in Crucian Carp (Carassius carassius): Evidence for a Highly Bioaccumulative Contaminant of Emerging Concern,Shi 2015; Tissue Distribution and Whole Body Burden of the Chlorinated Polyfluoroalkyl Ether Sulfonic Acid F-53B in Crucian Carp (Carassius carassius): Evidence for a Highly Bioaccumulative Contaminant of Emerging Concern; Environmental Science & Technology,ITRC Table5-1; BCF-BAF Database!row 792; uid=1051; endpoint=BAF,,database_cell_verified,1.0,,,,,,,exact numeric cell match,original paper table/page and primary measurement not yet verified,,OBS_667e605592794551,1,candidate only; missing conditions and repeated experiments prevent unique identification,not verified against original experimental table,original search date/operator unavailable; current audit is not original collection history,,10.1021/acs.est.5b04299,verified_summary,retain_verified_summary_separate_from_individual_measurements,SI Table S10 PDF page 11; TL; kidney; PFOS; mean,3.755,log10,Mean logBAF; shared study/site fish; whole body reconstructed from tissue contributions where applicable; not individual measurements,sources/c6c948e07c3aa145/es5b04299_si_001.pdf,093d5e7812be1913ac97,,True,a15b81a9a5f7d73f5c4cefbde5ec940b48fe9fbf43b65feac597b7b12c02f44c,https://ndownloader.figshare.com/files/3732799,data/04_bioaccumulation/ITRC_Table_5-1_BCF-BAF_aquatic.xlsx,BCF-BAF Database,792,K792;I792;J792,"{""BAF"": 5688.529308438423, ""BAF Min"": 1729.8163592151025, ""BAF Max"": 10568.175092136602}",reported_database_value,5688.529308438423,True,True,bfc24df5dbd2d21341a9580e5053f7a7b89c1ddea1ebe75c55407f4cee27a54d,verified_summary,,CIT_97accc2b1b7d81d229ff,True,True,True,verified_summary,True,SI Table S10 PDF page 11; TL; kidney; PFOS; mean,3.755000000000001,not_reported
BIO_6392,1603,6392,PFOS,Perfluorooctanesulfonic acid,1763-23-1,PFSA,8.0,BAF,4425.883723626272,3.646,L/kg,4425.883723626272,,wet weight,,Carassius carassius,Crucian Carp,fish,liver,,,,,freshwater,,field,ITRC,https://pfas-1.itrcweb.org/wp-content/uploads/2023/10/ITRC_PFAS_-BCF-BAF_compilation_Table5-1_Oct2021.xlsx,Shi 2015,ITRC-compiled,"location=Tangxun Lake, Hubei province; waterbody=Lake; note=Samples collected in July 2014; uid=1052",2026-05-17T15:19:57+00:00,Perfluorooctanesulfonic acid,1763-23-1,YFSUTJLHUFNCNZ-UHFFFAOYSA-N,,74483.0,OS(=O)(=O)C(F)(F)C(F)(F)C(F)(F)C(F)(F)C(F)(F)C(F)(F)C(F)(F)C(F)(F)F,C8HF17O3S,500.13,PFSA,5.0,,EPA,,,,,,O=S(=O)(O)C(F)(F)C(F)(F)C(F)(F)C(F)(F)C(F)(F)C(F)(F)C(F)(F)C(F)(F)F,O=S(=O)(O)C(F)(F)C(F)(F)C(F)(F)C(F)(F)C(F)(F)C(F)(F)C(F)(F)C(F)(F)F,CMP_cfdde373a2a8c04668f0,shi2015,10.1021/acs.est.5b04299,provisional_normalized_citation_cross_source_equivalence_unverified,,,L/kg,1.0,4425.883723626272,4425.883723626272,3.646000000000001,3.646000000000001,-8.881784197001252e-16,False,True,True,True,,retained,False,10.1021/acs.est.5b04299,Tissue Distribution and Whole Body Burden of the Chlorinated Polyfluoroalkyl Ether Sulfonic Acid F-53B in Crucian Carp (Carassius carassius): Evidence for a Highly Bioaccumulative Contaminant of Emerging Concern,Shi 2015; Tissue Distribution and Whole Body Burden of the Chlorinated Polyfluoroalkyl Ether Sulfonic Acid F-53B in Crucian Carp (Carassius carassius): Evidence for a Highly Bioaccumulative Contaminant of Emerging Concern; Environmental Science & Technology,ITRC Table5-1; BCF-BAF Database!row 793; uid=1052; endpoint=BAF,,database_cell_verified,1.0,,,,,,,exact numeric cell match,original paper table/page and primary measurement not yet verified,,OBS_4aab7fdd04f7cde8,1,candidate only; missing conditions and repeated experiments prevent unique identification,not verified against original experimental table,original search date/operator unavailable; current audit is not original collection history,,10.1021/acs.est.5b04299,verified_summary,retain_verified_summary_separate_from_individual_measurements,SI Table S10 PDF page 11; TL; liver; PFOS; mean,3.646,log10,Mean logBAF; shared study/site fish; whole body reconstructed from tissue contributions where applicable; not individual measurements,sources/c6c948e07c3aa145/es5b04299_si_001.pdf,b89fdbd198588d1401d9,,True,a15b81a9a5f7d73f5c4cefbde5ec940b48fe9fbf43b65feac597b7b12c02f44c,https://ndownloader.figshare.com/files/3732799,data/04_bioaccumulation/ITRC_Table_5-1_BCF-BAF_aquatic.xlsx,BCF-BAF Database,793,K793;I793;J793,"{""BAF"": 4425.883723626272, ""BAF Min"": 2317.394649968482, ""BAF Max"": 8147.042840208401}",reported_database_value,4425.883723626272,True,True,bfc24df5dbd2d21341a9580e5053f7a7b89c1ddea1ebe75c55407f4cee27a54d,verified_summary,,CIT_97accc2b1b7d81d229ff,True,True,True,verified_summary,True,SI Table S10 PDF page 11; TL; liver; PFOS; mean,3.646000000000001,not_reported
BIO_6393,1604,6393,PFOS,Perfluorooctanesulfonic acid,1763-23-1,PFSA,8.0,BAF,741.3102413009183,2.87,L/kg,741.3102413009183,,wet weight,,Carassius carassius,Crucian Carp,fish,muscle,,,,,freshwater,,field,ITRC,https://pfas-1.itrcweb.org/wp-content/uploads/2023/10/ITRC_PFAS_-BCF-BAF_compilation_Table5-1_Oct2021.xlsx,Shi 2015,ITRC-compiled,location=Tangxun Lake; waterbody=Lake; note=Samples collected in July 2014; uid=1053,2026-05-17T15:19:57+00:00,Perfluorooctanesulfonic acid,1763-23-1,YFSUTJLHUFNCNZ-UHFFFAOYSA-N,,74483.0,OS(=O)(=O)C(F)(F)C(F)(F)C(F)(F)C(F)(F)C(F)(F)C(F)(F)C(F)(F)C(F)(F)F,C8HF17O3S,500.13,PFSA,5.0,,EPA,,,,,,O=S(=O)(O)C(F)(F)C(F)(F)C(F)(F)C(F)(F)C(F)(F)C(F)(F)C(F)(F)C(F)(F)F,O=S(=O)(O)C(F)(F)C(F)(F)C(F)(F)C(F)(F)C(F)(F)C(F)(F)C(F)(F)C(F)(F)F,CMP_cfdde373a2a8c04668f0,shi2015,10.1021/acs.est.5b04299,provisional_normalized_citation_cross_source_equivalence_unverified,,,L/kg,1.0,741.3102413009183,741.3102413009183,2.870000000000001,2.870000000000001,-4.440892098500626e-16,False,True,True,True,,retained,False,10.1021/acs.est.5b04299,Tissue Distribution and Whole Body Burden of the Chlorinated Polyfluoroalkyl Ether Sulfonic Acid F-53B in Crucian Carp (Carassius carassius): Evidence for a Highly Bioaccumulative Contaminant of Emerging Concern,Shi 2015; Tissue Distribution and Whole Body Burden of the Chlorinated Polyfluoroalkyl Ether Sulfonic Acid F-53B in Crucian Carp (Carassius carassius): Evidence for a Highly Bioaccumulative Contaminant of Emerging Concern; Environmental Science & Technology,ITRC Table5-1; BCF-BAF Database!row 794; uid=1053; endpoint=BAF,,database_cell_verified,1.0,,,,,,,exact numeric cell match,original paper table/page and primary measurement not yet verified,,OBS_51b2f536f0151c3e,1,candidate only; missing conditions and repeated experiments prevent unique identification,not verified against original experimental table,original search date/operator unavailable; current audit is not original collection history,,10.1021/acs.est.5b04299,verified_summary,retain_verified_summary_separate_from_individual_measurements,SI Table S10 PDF page 11; TL; muscle; PFOS; mean,2.87,log10,Mean logBAF; shared study/site fish; whole body reconstructed from tissue contributions where applicable; not individual measurements,sources/c6c948e07c3aa145/es5b04299_si_001.pdf,fed83d0778060aa08e91,,True,a15b81a9a5f7d73f5c4cefbde5ec940b48fe9fbf43b65feac597b7b12c02f44c,https://ndownloader.figshare.com/files/3732799,data/04_bioaccumulation/ITRC_Table_5-1_BCF-BAF_aquatic.xlsx,BCF-BAF Database,794,K794;I794;J794,"{""BAF"": 741.3102413009183, ""BAF Min"": 413.9996748197306, ""BAF Max"": 1663.4126503701711}",reported_database_value,741.3102413009183,True,True,bfc24df5dbd2d21341a9580e5053f7a7b89c1ddea1ebe75c55407f4cee27a54d,verified_summary,,CIT_97accc2b1b7d81d229ff,True,True,True,verified_summary,True,SI Table S10 PDF page 11; TL; muscle; PFOS; mean,2.870000000000001,not_reported
BIO_6395,1606,6395,PFOS,Perfluorooctanesulfonic acid,1763-23-1,PFSA,8.0,BAF,10715.19305237607,4.03,L/kg,10715.193052376071,,wet weight,,Carassius carassius,Crucian Carp,fish,bile,,,,,freshwater,,field,ITRC,https://pfas-1.itrcweb.org/wp-content/uploads/2023/10/ITRC_PFAS_-BCF-BAF_compilation_Table5-1_Oct2021.xlsx,Shi 2015,ITRC-compiled,"location=Xiaoqing River, Shandong province; waterbody=Lake; note=Samples collected in July 2014; uid=1055",2026-05-17T15:19:57+00:00,Perfluorooctanesulfonic acid,1763-23-1,YFSUTJLHUFNCNZ-UHFFFAOYSA-N,,74483.0,OS(=O)(=O)C(F)(F)C(F)(F)C(F)(F)C(F)(F)C(F)(F)C(F)(F)C(F)(F)C(F)(F)F,C8HF17O3S,500.13,PFSA,5.0,,EPA,,,,,,O=S(=O)(O)C(F)(F)C(F)(F)C(F)(F)C(F)(F)C(F)(F)C(F)(F)C(F)(F)C(F)(F)F,O=S(=O)(O)C(F)(F)C(F)(F)C(F)(F)C(F)(F)C(F)(F)C(F)(F)C(F)(F)C(F)(F)F,CMP_cfdde373a2a8c04668f0,shi2015,10.1021/acs.est.5b04299,provisional_normalized_citation_cross_source_equivalence_unverified,,,L/kg,1.0,10715.19305237607,10715.19305237607,4.03,4.03,0.0,False,True,True,True,,retained,False,10.1021/acs.est.5b04299,Tissue Distribution and Whole Body Burden of the Chlorinated Polyfluoroalkyl Ether Sulfonic Acid F-53B in Crucian Carp (Carassius carassius): Evidence for a Highly Bioaccumulative Contaminant of Emerging Concern,Shi 2015; Tissue Distribution and Whole Body Burden of the Chlorinated Polyfluoroalkyl Ether Sulfonic Acid F-53B in Crucian Carp (Carassius carassius): Evidence for a Highly Bioaccumulative Contaminant of Emerging Concern; Environmental Science & Technology,ITRC Table5-1; BCF-BAF Database!row 796; uid=1055; endpoint=BAF,,database_cell_verified,1.0,,,,,,,exact numeric cell match,original paper table/page and primary measurement not yet verified,,OBS_15f8037d8128153a,1,candidate only; missing conditions and repeated experiments prevent unique identification,not verified against original experimental table,original search date/operator unavailable; current audit is not original collection history,,10.1021/acs.est.5b04299,verified_summary,retain_verified_summary_separate_from_individual_measurements,SI Table S10 PDF page 11; XR; bile; PFOS; mean,4.03,log10,Mean logBAF; shared study/site fish; whole body reconstructed from tissue contributions where applicable; not individual measurements,sources/c6c948e07c3aa145/es5b04299_si_001.pdf,a0a31203bd4301330801,,True,a15b81a9a5f7d73f5c4cefbde5ec940b48fe9fbf43b65feac597b7b12c02f44c,https://ndownloader.figshare.com/files/3732799,data/04_bioaccumulation/ITRC_Table_5-1_BCF-BAF_aquatic.xlsx,BCF-BAF Database,796,K796;I796;J796,"{""BAF"": 10715.193052376071, ""BAF Min"": 3507.51873952568, ""BAF Max"": 19633.602768360506}",reported_database_value,10715.193052376071,True,True,bfc24df5dbd2d21341a9580e5053f7a7b89c1ddea1ebe75c55407f4cee27a54d,verified_summary,,CIT_97accc2b1b7d81d229ff,True,True,True,verified_summary,True,SI Table S10 PDF page 11; XR; bile; PFOS; mean,4.03,not_reported
BIO_6396,1607,6396,PFOS,Perfluorooctanesulfonic acid,1763-23-1,PFSA,8.0,BAF,7464.48758410067,3.873,L/kg,7464.48758410067,,wet weight,,Carassius carassius,Crucian Carp,fish,bladder,,,,,freshwater,,field,ITRC,https://pfas-1.itrcweb.org/wp-content/uploads/2023/10/ITRC_PFAS_-BCF-BAF_compilation_Table5-1_Oct2021.xlsx,Shi 2015,ITRC-compiled,"location=Xiaoqing River, Shandong province; waterbody=Lake; note=Samples collected in July 2014; uid=1056",2026-05-17T15:19:57+00:00,Perfluorooctanesulfonic acid,1763-23-1,YFSUTJLHUFNCNZ-UHFFFAOYSA-N,,74483.0,OS(=O)(=O)C(F)(F)C(F)(F)C(F)(F)C(F)(F)C(F)(F)C(F)(F)C(F)(F)C(F)(F)F,C8HF17O3S,500.13,PFSA,5.0,,EPA,,,,,,O=S(=O)(O)C(F)(F)C(F)(F)C(F)(F)C(F)(F)C(F)(F)C(F)(F)C(F)(F)C(F)(F)F,O=S(=O)(O)C(F)(F)C(F)(F)C(F)(F)C(F)(F)C(F)(F)C(F)(F)C(F)(F)C(F)(F)F,CMP_cfdde373a2a8c04668f0,shi2015,10.1021/acs.est.5b04299,provisional_normalized_citation_cross_source_equivalence_unverified,,,L/kg,1.0,7464.48758410067,7464.48758410067,3.873,3.873,0.0,False,True,True,True,,retained,False,10.1021/acs.est.5b04299,Tissue Distribution and Whole Body Burden of the Chlorinated Polyfluoroalkyl Ether Sulfonic Acid F-53B in Crucian Carp (Carassius carassius): Evidence for a Highly Bioaccumulative Contaminant of Emerging Concern,Shi 2015; Tissue Distribution and Whole Body Burden of the Chlorinated Polyfluoroalkyl Ether Sulfonic Acid F-53B in Crucian Carp (Carassius carassius): Evidence for a Highly Bioaccumulative Contaminant of Emerging Concern; Environmental Science & Technology,ITRC Table5-1; BCF-BAF Database!row 797; uid=1056; endpoint=BAF,,database_cell_verified,1.0,,,,,,,exact numeric cell match,original paper table/page and primary measurement not yet verified,,OBS_58310e365d953128,1,candidate only; missing conditions and repeated experiments prevent unique identification,not verified against original experimental table,original search date/operator unavailable; current audit is not original collection history,,10.1021/acs.est.5b04299,verified_summary,retain_verified_summary_separate_from_individual_measurements,SI Table S10 PDF page 11; XR; bladder; PFOS; mean,3.873,log10,Mean logBAF; shared study/site fish; whole body reconstructed from tissue contributions where applicable; not individual measurements,sources/c6c948e07c3aa145/es5b04299_si_001.pdf,a92e8bcb1fe94b519e73,,True,a15b81a9a5f7d73f5c4cefbde5ec940b48fe9fbf43b65feac597b7b12c02f44c,https://ndownloader.figshare.com/files/3732799,data/04_bioaccumulation/ITRC_Table_5-1_BCF-BAF_aquatic.xlsx,BCF-BAF Database,797,K797;I797;J797,"{""BAF"": 7464.48758410067, ""BAF Min"": 1682.674061070469, ""BAF Max"": 13427.649611378662}",reported_database_value,7464.48758410067,True,True,bfc24df5dbd2d21341a9580e5053f7a7b89c1ddea1ebe75c55407f4cee27a54d,verified_summary,,CIT_97accc2b1b7d81d229ff,True,True,True,verified_summary,True,SI Table S10 PDF page 11; XR; bladder; PFOS; mean,3.873,not_reported
BIO_6397,1608,6397,PFOS,Perfluorooctanesulfonic acid,1763-23-1,PFSA,8.0,BAF,19998.61869632745,4.301,L/kg,19998.61869632745,,wet weight,,Carassius carassius,Crucian Carp,fish,blood,,,,,freshwater,,field,ITRC,https://pfas-1.itrcweb.org/wp-content/uploads/2023/10/ITRC_PFAS_-BCF-BAF_compilation_Table5-1_Oct2021.xlsx,Shi 2015,ITRC-compiled,"location=Xiaoqing River, Shandong province; waterbody=Lake; note=Samples collected in July 2014; uid=1057",2026-05-17T15:19:57+00:00,Perfluorooctanesulfonic acid,1763-23-1,YFSUTJLHUFNCNZ-UHFFFAOYSA-N,,74483.0,OS(=O)(=O)C(F)(F)C(F)(F)C(F)(F)C(F)(F)C(F)(F)C(F)(F)C(F)(F)C(F)(F)F,C8HF17O3S,500.13,PFSA,5.0,,EPA,,,,,,O=S(=O)(O)C(F)(F)C(F)(F)C(F)(F)C(F)(F)C(F)(F)C(F)(F)C(F)(F)C(F)(F)F,O=S(=O)(O)C(F)(F)C(F)(F)C(F)(F)C(F)(F)C(F)(F)C(F)(F)C(F)(F)C(F)(F)F,CMP_cfdde373a2a8c04668f0,shi2015,10.1021/acs.est.5b04299,provisional_normalized_citation_cross_source_equivalence_unverified,,,L/kg,1.0,19998.61869632745,19998.61869632745,4.301,4.301,0.0,False,True,True,True,,retained,False,10.1021/acs.est.5b04299,Tissue Distribution and Whole Body Burden of the Chlorinated Polyfluoroalkyl Ether Sulfonic Acid F-53B in Crucian Carp (Carassius carassius): Evidence for a Highly Bioaccumulative Contaminant of Emerging Concern,Shi 2015; Tissue Distribution and Whole Body Burden of the Chlorinated Polyfluoroalkyl Ether Sulfonic Acid F-53B in Crucian Carp (Carassius carassius): Evidence for a Highly Bioaccumulative Contaminant of Emerging Concern; Environmental Science & Technology,ITRC Table5-1; BCF-BAF Database!row 798; uid=1057; endpoint=BAF,,database_cell_verified,1.0,,,,,,,exact numeric cell match,original paper table/page and primary measurement not yet verified,,OBS_243411aa81e3f5aa,1,candidate only; missing conditions and repeated experiments prevent unique identification,not verified against original experimental table,original search date/operator unavailable; current audit is not original collection history,,10.1021/acs.est.5b04299,verified_summary,retain_verified_summary_separate_from_individual_measurements,SI Table S10 PDF page 11; XR; blood; PFOS; mean,4.301,log10,Mean logBAF; shared study/site fish; whole body reconstructed from tissue contributions where applicable; not individual measurements,sources/c6c948e07c3aa145/es5b04299_si_001.pdf,6a35c8fe06785c5dab22,,True,a15b81a9a5f7d73f5c4cefbde5ec940b48fe9fbf43b65feac597b7b12c02f44c,https://ndownloader.figshare.com/files/3732799,data/04_bioaccumulation/ITRC_Table_5-1_BCF-BAF_aquatic.xlsx,BCF-BAF Database,798,K798;I798;J798,"{""BAF"": 19998.618696327452, ""BAF Min"": 6309.573444801938, ""BAF Max"": 36897.75985701512}",reported_database_value,19998.61869632745,True,True,bfc24df5dbd2d21341a9580e5053f7a7b89c1ddea1ebe75c55407f4cee27a54d,verified_summary,,CIT_97accc2b1b7d81d229ff,True,True,True,verified_summary,True,SI Table S10 PDF page 11; XR; blood; PFOS; mean,4.301,not_reported
BIO_6398,1609,6398,PFOS,Perfluorooctanesulfonic acid,1763-23-1,PFSA,8.0,BAF,6886.522963442768,3.838,L/kg,6886.522963442768,,wet weight,,Carassius carassius,Crucian Carp,fish,brain,,,,,freshwater,,field,ITRC,https://pfas-1.itrcweb.org/wp-content/uploads/2023/10/ITRC_PFAS_-BCF-BAF_compilation_Table5-1_Oct2021.xlsx,Shi 2015,ITRC-compiled,"location=Xiaoqing River, Shandong province; waterbody=Lake; note=Samples collected in July 2014; uid=1058",2026-05-17T15:19:57+00:00,Perfluorooctanesulfonic acid,1763-23-1,YFSUTJLHUFNCNZ-UHFFFAOYSA-N,,74483.0,OS(=O)(=O)C(F)(F)C(F)(F)C(F)(F)C(F)(F)C(F)(F)C(F)(F)C(F)(F)C(F)(F)F,C8HF17O3S,500.13,PFSA,5.0,,EPA,,,,,,O=S(=O)(O)C(F)(F)C(F)(F)C(F)(F)C(F)(F)C(F)(F)C(F)(F)C(F)(F)C(F)(F)F,O=S(=O)(O)C(F)(F)C(F)(F)C(F)(F)C(F)(F)C(F)(F)C(F)(F)C(F)(F)C(F)(F)F,CMP_cfdde373a2a8c04668f0,shi2015,10.1021/acs.est.5b04299,provisional_normalized_citation_cross_source_equivalence_unverified,,,L/kg,1.0,6886.522963442768,6886.522963442768,3.838000000000001,3.838000000000001,-4.440892098500626e-16,False,True,True,True,,retained,False,10.1021/acs.est.5b04299,Tissue Distribution and Whole Body Burden of the Chlorinated Polyfluoroalkyl Ether Sulfonic Acid F-53B in Crucian Carp (Carassius carassius): Evidence for a Highly Bioaccumulative Contaminant of Emerging Concern,Shi 2015; Tissue Distribution and Whole Body Burden of the Chlorinated Polyfluoroalkyl Ether Sulfonic Acid F-53B in Crucian Carp (Carassius carassius): Evidence for a Highly Bioaccumulative Contaminant of Emerging Concern; Environmental Science & Technology,ITRC Table5-1; BCF-BAF Database!row 799; uid=1058; endpoint=BAF,,database_cell_verified,1.0,,,,,,,exact numeric cell match,original paper table/page and primary measurement not yet verified,,OBS_4cb92aa8c4c884f3,1,candidate only; missing conditions and repeated experiments prevent unique identification,not verified against original experimental table,original search date/operator unavailable; current audit is not original collection history,,10.1021/acs.est.5b04299,verified_summary,retain_verified_summary_separate_from_individual_measurements,SI Table S10 PDF page 11; XR; brain; PFOS; mean,3.838,log10,Mean logBAF; shared study/site fish; whole body reconstructed from tissue contributions where applicable; not individual measurements,sources/c6c948e07c3aa145/es5b04299_si_001.pdf,56632b356de447b01630,,True,a15b81a9a5f7d73f5c4cefbde5ec940b48fe9fbf43b65feac597b7b12c02f44c,https://ndownloader.figshare.com/files/3732799,data/04_bioaccumulation/ITRC_Table_5-1_BCF-BAF_aquatic.xlsx,BCF-BAF Database,799,K799;I799;J799,"{""BAF"": 6886.522963442768, ""BAF Min"": 2741.574171927886, ""BAF Max"": 12331.0483322891}",reported_database_value,6886.522963442768,True,True,bfc24df5dbd2d21341a9580e5053f7a7b89c1ddea1ebe75c55407f4cee27a54d,verified_summary,,CIT_97accc2b1b7d81d229ff,True,True,True,verified_summary,True,SI Table S10 PDF page 11; XR; brain; PFOS; mean,3.838000000000001,not_reported
BIO_6399,1610,6399,PFOS,Perfluorooctanesulfonic acid,1763-23-1,PFSA,8.0,BAF,8165.823713585935,3.912,L/kg,8165.823713585935,,wet weight,,Carassius carassius,Crucian Carp,fish,gill,,,,,freshwater,,field,ITRC,https://pfas-1.itrcweb.org/wp-content/uploads/2023/10/ITRC_PFAS_-BCF-BAF_compilation_Table5-1_Oct2021.xlsx,Shi 2015,ITRC-compiled,"location=Xiaoqing River, Shandong province; waterbody=Lake; note=Samples collected in July 2014; uid=1059",2026-05-17T15:19:57+00:00,Perfluorooctanesulfonic acid,1763-23-1,YFSUTJLHUFNCNZ-UHFFFAOYSA-N,,74483.0,OS(=O)(=O)C(F)(F)C(F)(F)C(F)(F)C(F)(F)C(F)(F)C(F)(F)C(F)(F)C(F)(F)F,C8HF17O3S,500.13,PFSA,5.0,,EPA,,,,,,O=S(=O)(O)C(F)(F)C(F)(F)C(F)(F)C(F)(F)C(F)(F)C(F)(F)C(F)(F)C(F)(F)F,O=S(=O)(O)C(F)(F)C(F)(F)C(F)(F)C(F)(F)C(F)(F)C(F)(F)C(F)(F)C(F)(F)F,CMP_cfdde373a2a8c04668f0,shi2015,10.1021/acs.est.5b04299,provisional_normalized_citation_cross_source_equivalence_unverified,,,L/kg,1.0,8165.823713585935,8165.823713585935,3.912000000000001,3.912000000000001,-8.881784197001252e-16,False,True,True,True,,retained,False,10.1021/acs.est.5b04299,Tissue Distribution and Whole Body Burden of the Chlorinated Polyfluoroalkyl Ether Sulfonic Acid F-53B in Crucian Carp (Carassius carassius): Evidence for a Highly Bioaccumulative Contaminant of Emerging Concern,Shi 2015; Tissue Distribution and Whole Body Burden of the Chlorinated Polyfluoroalkyl Ether Sulfonic Acid F-53B in Crucian Carp (Carassius carassius): Evidence for a Highly Bioaccumulative Contaminant of Emerging Concern; Environmental Science & Technology,ITRC Table5-1; BCF-BAF Database!row 800; uid=1059; endpoint=BAF,,database_cell_verified,1.0,,,,,,,exact numeric cell match,original paper table/page and primary measurement not yet verified,,OBS_445dfb1a595ae573,1,candidate only; missing conditions and repeated experiments prevent unique identification,not verified against original experimental table,original search date/operator unavailable; current audit is not original collection history,,10.1021/acs.est.5b04299,verified_summary,retain_verified_summary_separate_from_individual_measurements,SI Table S10 PDF page 11; XR; gill; PFOS; mean,3.912,log10,Mean logBAF; shared study/site fish; whole body reconstructed from tissue contributions where applicable; not individual measurements,sources/c6c948e07c3aa145/es5b04299_si_001.pdf,e9bdd79d7473a423487f,,True,a15b81a9a5f7d73f5c4cefbde5ec940b48fe9fbf43b65feac597b7b12c02f44c,https://ndownloader.figshare.com/files/3732799,data/04_bioaccumulation/ITRC_Table_5-1_BCF-BAF_aquatic.xlsx,BCF-BAF Database,800,K800;I800;J800,"{""BAF"": 8165.823713585935, ""BAF Min"": 3647.539469256082, ""BAF Max"": 14996.84835502376}",reported_database_value,8165.823713585935,True,True,bfc24df5dbd2d21341a9580e5053f7a7b89c1ddea1ebe75c55407f4cee27a54d,verified_summary,,CIT_97accc2b1b7d81d229ff,True,True,True,verified_summary,True,SI Table S10 PDF page 11; XR; gill; PFOS; mean,3.912000000000001,not_reported
BIO_6400,1611,6400,PFOS,Perfluorooctanesulfonic acid,1763-23-1,PFSA,8.0,BAF,11481.53621496883,4.06,L/kg,11481.536214968832,,wet weight,,Carassius carassius,Crucian Carp,fish,gonad,,,,,freshwater,,field,ITRC,https://pfas-1.itrcweb.org/wp-content/uploads/2023/10/ITRC_PFAS_-BCF-BAF_compilation_Table5-1_Oct2021.xlsx,Shi 2015,ITRC-compiled,"location=Xiaoqing River, Shandong province; waterbody=Lake; note=Samples collected in July 2014; uid=1060",2026-05-17T15:19:57+00:00,Perfluorooctanesulfonic acid,1763-23-1,YFSUTJLHUFNCNZ-UHFFFAOYSA-N,,74483.0,OS(=O)(=O)C(F)(F)C(F)(F)C(F)(F)C(F)(F)C(F)(F)C(F)(F)C(F)(F)C(F)(F)F,C8HF17O3S,500.13,PFSA,5.0,,EPA,,,,,,O=S(=O)(O)C(F)(F)C(F)(F)C(F)(F)C(F)(F)C(F)(F)C(F)(F)C(F)(F)C(F)(F)F,O=S(=O)(O)C(F)(F)C(F)(F)C(F)(F)C(F)(F)C(F)(F)C(F)(F)C(F)(F)C(F)(F)F,CMP_cfdde373a2a8c04668f0,shi2015,10.1021/acs.est.5b04299,provisional_normalized_citation_cross_source_equivalence_unverified,,,L/kg,1.0,11481.53621496883,11481.53621496883,4.0600000000000005,4.0600000000000005,-8.881784197001252e-16,False,True,True,True,,retained,False,10.1021/acs.est.5b04299,Tissue Distribution and Whole Body Burden of the Chlorinated Polyfluoroalkyl Ether Sulfonic Acid F-53B in Crucian Carp (Carassius carassius): Evidence for a Highly Bioaccumulative Contaminant of Emerging Concern,Shi 2015; Tissue Distribution and Whole Body Burden of the Chlorinated Polyfluoroalkyl Ether Sulfonic Acid F-53B in Crucian Carp (Carassius carassius): Evidence for a Highly Bioaccumulative Contaminant of Emerging Concern; Environmental Science & Technology,ITRC Table5-1; BCF-BAF Database!row 801; uid=1060; endpoint=BAF,,database_cell_verified,1.0,,,,,,,exact numeric cell match,original paper table/page and primary measurement not yet verified,,OBS_79614a3d89f51de4,1,candidate only; missing conditions and repeated experiments prevent unique identification,not verified against original experimental table,original search date/operator unavailable; current audit is not original collection history,,10.1021/acs.est.5b04299,verified_summary,retain_verified_summary_separate_from_individual_measurements,SI Table S10 PDF page 11; XR; gonad; PFOS; mean,4.06,log10,Mean logBAF; shared study/site fish; whole body reconstructed from tissue contributions where applicable; not individual measurements,sources/c6c948e07c3aa145/es5b04299_si_001.pdf,dd2fa5cb13ae5c6e9a62,,True,a15b81a9a5f7d73f5c4cefbde5ec940b48fe9fbf43b65feac597b7b12c02f44c,https://ndownloader.figshare.com/files/3732799,data/04_bioaccumulation/ITRC_Table_5-1_BCF-BAF_aquatic.xlsx,BCF-BAF Database,801,K801;I801;J801,"{""BAF"": 11481.536214968832, ""BAF Min"": 2218.1964198002206, ""BAF Max"": 27605.778562203483}",reported_database_value,11481.536214968832,True,True,bfc24df5dbd2d21341a9580e5053f7a7b89c1ddea1ebe75c55407f4cee27a54d,verified_summary,,CIT_97accc2b1b7d81d229ff,True,True,True,verified_summary,True,SI Table S10 PDF page 11; XR; gonad; PFOS; mean,4.0600000000000005,not_reported
BIO_6401,1612,6401,PFOS,Perfluorooctanesulfonic acid,1763-23-1,PFSA,8.0,BAF,8994.975815300357,3.954,L/kg,8994.975815300357,,wet weight,,Carassius carassius,Crucian Carp,fish,heart,,,,,freshwater,,field,ITRC,https://pfas-1.itrcweb.org/wp-content/uploads/2023/10/ITRC_PFAS_-BCF-BAF_compilation_Table5-1_Oct2021.xlsx,Shi 2015,ITRC-compiled,"location=Xiaoqing River, Shandong province; waterbody=Lake; note=Samples collected in July 2014; uid=1061",2026-05-17T15:19:57+00:00,Perfluorooctanesulfonic acid,1763-23-1,YFSUTJLHUFNCNZ-UHFFFAOYSA-N,,74483.0,OS(=O)(=O)C(F)(F)C(F)(F)C(F)(F)C(F)(F)C(F)(F)C(F)(F)C(F)(F)C(F)(F)F,C8HF17O3S,500.13,PFSA,5.0,,EPA,,,,,,O=S(=O)(O)C(F)(F)C(F)(F)C(F)(F)C(F)(F)C(F)(F)C(F)(F)C(F)(F)C(F)(F)F,O=S(=O)(O)C(F)(F)C(F)(F)C(F)(F)C(F)(F)C(F)(F)C(F)(F)C(F)(F)C(F)(F)F,CMP_cfdde373a2a8c04668f0,shi2015,10.1021/acs.est.5b04299,provisional_normalized_citation_cross_source_equivalence_unverified,,,L/kg,1.0,8994.975815300357,8994.975815300357,3.954,3.954,0.0,False,True,True,True,,retained,False,10.1021/acs.est.5b04299,Tissue Distribution and Whole Body Burden of the Chlorinated Polyfluoroalkyl Ether Sulfonic Acid F-53B in Crucian Carp (Carassius carassius): Evidence for a Highly Bioaccumulative Contaminant of Emerging Concern,Shi 2015; Tissue Distribution and Whole Body Burden of the Chlorinated Polyfluoroalkyl Ether Sulfonic Acid F-53B in Crucian Carp (Carassius carassius): Evidence for a Highly Bioaccumulative Contaminant of Emerging Concern; Environmental Science & Technology,ITRC Table5-1; BCF-BAF Database!row 802; uid=1061; endpoint=BAF,,database_cell_verified,1.0,,,,,,,exact numeric cell match,original paper table/page and primary measurement not yet verified,,OBS_fbc6a9755cc16fc5,1,candidate only; missing conditions and repeated experiments prevent unique identification,not verified against original experimental table,original search date/operator unavailable; current audit is not original collection history,,10.1021/acs.est.5b04299,verified_summary,retain_verified_summary_separate_from_individual_measurements,SI Table S10 PDF page 11; XR; heart; PFOS; mean,3.954,log10,Mean logBAF; shared study/site fish; whole body reconstructed from tissue contributions where applicable; not individual measurements,sources/c6c948e07c3aa145/es5b04299_si_001.pdf,556b5b18b15e6a426a4d,,True,a15b81a9a5f7d73f5c4cefbde5ec940b48fe9fbf43b65feac597b7b12c02f44c,https://ndownloader.figshare.com/files/3732799,data/04_bioaccumulation/ITRC_Table_5-1_BCF-BAF_aquatic.xlsx,BCF-BAF Database,802,K802;I802;J802,"{""BAF"": 8994.975815300357, ""BAF Min"": 1990.673338987188, ""BAF Max"": 16292.960326397228}",reported_database_value,8994.975815300357,True,True,bfc24df5dbd2d21341a9580e5053f7a7b89c1ddea1ebe75c55407f4cee27a54d,verified_summary,,CIT_97accc2b1b7d81d229ff,True,True,True,verified_summary,True,SI Table S10 PDF page 11; XR; heart; PFOS; mean,3.954,not_reported
BIO_6402,1613,6402,PFOS,Perfluorooctanesulfonic acid,1763-23-1,PFSA,8.0,BAF,11803.20635651732,4.072,L/kg,11803.206356517316,,wet weight,,Carassius carassius,Crucian Carp,fish,kidney,,,,,freshwater,,field,ITRC,https://pfas-1.itrcweb.org/wp-content/uploads/2023/10/ITRC_PFAS_-BCF-BAF_compilation_Table5-1_Oct2021.xlsx,Shi 2015,ITRC-compiled,"location=Xiaoqing River, Shandong province; waterbody=Lake; note=Samples collected in July 2014; uid=1062",2026-05-17T15:19:57+00:00,Perfluorooctanesulfonic acid,1763-23-1,YFSUTJLHUFNCNZ-UHFFFAOYSA-N,,74483.0,OS(=O)(=O)C(F)(F)C(F)(F)C(F)(F)C(F)(F)C(F)(F)C(F)(F)C(F)(F)C(F)(F)F,C8HF17O3S,500.13,PFSA,5.0,,EPA,,,,,,O=S(=O)(O)C(F)(F)C(F)(F)C(F)(F)C(F)(F)C(F)(F)C(F)(F)C(F)(F)C(F)(F)F,O=S(=O)(O)C(F)(F)C(F)(F)C(F)(F)C(F)(F)C(F)(F)C(F)(F)C(F)(F)C(F)(F)F,CMP_cfdde373a2a8c04668f0,shi2015,10.1021/acs.est.5b04299,provisional_normalized_citation_cross_source_equivalence_unverified,,,L/kg,1.0,11803.20635651732,11803.20635651732,4.072000000000001,4.072000000000001,-8.881784197001252e-16,False,True,True,True,,retained,False,10.1021/acs.est.5b04299,Tissue Distribution and Whole Body Burden of the Chlorinated Polyfluoroalkyl Ether Sulfonic Acid F-53B in Crucian Carp (Carassius carassius): Evidence for a Highly Bioaccumulative Contaminant of Emerging Concern,Shi 2015; Tissue Distribution and Whole Body Burden of the Chlorinated Polyfluoroalkyl Ether Sulfonic Acid F-53B in Crucian Carp (Carassius carassius): Evidence for a Highly Bioaccumulative Contaminant of Emerging Concern; Environmental Science & Technology,ITRC Table5-1; BCF-BAF Database!row 803; uid=1062; endpoint=BAF,,database_cell_verified,1.0,,,,,,,exact numeric cell match,original paper table/page and primary measurement not yet verified,,OBS_666baa4f87b74295,1,candidate only; missing conditions and repeated experiments prevent unique identification,not verified against original experimental table,original search date/operator unavailable; current audit is not original collection history,,10.1021/acs.est.5b04299,verified_summary,retain_verified_summary_separate_from_individual_measurements,SI Table S10 PDF page 11; XR; kidney; PFOS; mean,4.072,log10,Mean logBAF; shared study/site fish; whole body reconstructed from tissue contributions where applicable; not individual measurements,sources/c6c948e07c3aa145/es5b04299_si_001.pdf,677d82b1a7c778c9d848,,True,a15b81a9a5f7d73f5c4cefbde5ec940b48fe9fbf43b65feac597b7b12c02f44c,https://ndownloader.figshare.com/files/3732799,data/04_bioaccumulation/ITRC_Table_5-1_BCF-BAF_aquatic.xlsx,BCF-BAF Database,803,K803;I803;J803,"{""BAF"": 11803.206356517316, ""BAF Min"": 2992.264636608193, ""BAF Max"": 22750.97430772072}",reported_database_value,11803.206356517316,True,True,bfc24df5dbd2d21341a9580e5053f7a7b89c1ddea1ebe75c55407f4cee27a54d,verified_summary,,CIT_97accc2b1b7d81d229ff,True,True,True,verified_summary,True,SI Table S10 PDF page 11; XR; kidney; PFOS; mean,4.072000000000001,not_reported
BIO_6403,1614,6403,PFOS,Perfluorooctanesulfonic acid,1763-23-1,PFSA,8.0,BAF,9225.714271547642,3.965,L/kg,9225.714271547642,,wet weight,,Carassius carassius,Crucian Carp,fish,liver,,,,,freshwater,,field,ITRC,https://pfas-1.itrcweb.org/wp-content/uploads/2023/10/ITRC_PFAS_-BCF-BAF_compilation_Table5-1_Oct2021.xlsx,Shi 2015,ITRC-compiled,"location=Xiaoqing River, Shandong province; waterbody=Lake; note=Samples collected in July 2014; uid=1063",2026-05-17T15:19:57+00:00,Perfluorooctanesulfonic acid,1763-23-1,YFSUTJLHUFNCNZ-UHFFFAOYSA-N,,74483.0,OS(=O)(=O)C(F)(F)C(F)(F)C(F)(F)C(F)(F)C(F)(F)C(F)(F)C(F)(F)C(F)(F)F,C8HF17O3S,500.13,PFSA,5.0,,EPA,,,,,,O=S(=O)(O)C(F)(F)C(F)(F)C(F)(F)C(F)(F)C(F)(F)C(F)(F)C(F)(F)C(F)(F)F,O=S(=O)(O)C(F)(F)C(F)(F)C(F)(F)C(F)(F)C(F)(F)C(F)(F)C(F)(F)C(F)(F)F,CMP_cfdde373a2a8c04668f0,shi2015,10.1021/acs.est.5b04299,provisional_normalized_citation_cross_source_equivalence_unverified,,,L/kg,1.0,9225.714271547642,9225.714271547642,3.9650000000000007,3.9650000000000007,-8.881784197001252e-16,False,True,True,True,,retained,False,10.1021/acs.est.5b04299,Tissue Distribution and Whole Body Burden of the Chlorinated Polyfluoroalkyl Ether Sulfonic Acid F-53B in Crucian Carp (Carassius carassius): Evidence for a Highly Bioaccumulative Contaminant of Emerging Concern,Shi 2015; Tissue Distribution and Whole Body Burden of the Chlorinated Polyfluoroalkyl Ether Sulfonic Acid F-53B in Crucian Carp (Carassius carassius): Evidence for a Highly Bioaccumulative Contaminant of Emerging Concern; Environmental Science & Technology,ITRC Table5-1; BCF-BAF Database!row 804; uid=1063; endpoint=BAF,,database_cell_verified,1.0,,,,,,,exact numeric cell match,original paper table/page and primary measurement not yet verified,,OBS_7b7f473d53321b08,1,candidate only; missing conditions and repeated experiments prevent unique identification,not verified against original experimental table,original search date/operator unavailable; current audit is not original collection history,,10.1021/acs.est.5b04299,verified_summary,retain_verified_summary_separate_from_individual_measurements,SI Table S10 PDF page 11; XR; liver; PFOS; mean,3.965,log10,Mean logBAF; shared study/site fish; whole body reconstructed from tissue contributions where applicable; not individual measurements,sources/c6c948e07c3aa145/es5b04299_si_001.pdf,53d297500cda8cb12971,,True,a15b81a9a5f7d73f5c4cefbde5ec940b48fe9fbf43b65feac597b7b12c02f44c,https://ndownloader.figshare.com/files/3732799,data/04_bioaccumulation/ITRC_Table_5-1_BCF-BAF_aquatic.xlsx,BCF-BAF Database,804,K804;I804;J804,"{""BAF"": 9225.714271547642, ""BAF Min"": 3118.8895840939413, ""BAF Max"": 16481.623915255084}",reported_database_value,9225.714271547642,True,True,bfc24df5dbd2d21341a9580e5053f7a7b89c1ddea1ebe75c55407f4cee27a54d,verified_summary,,CIT_97accc2b1b7d81d229ff,True,True,True,verified_summary,True,SI Table S10 PDF page 11; XR; liver; PFOS; mean,3.9650000000000007,not_reported
BIO_6404,1615,6404,PFOS,Perfluorooctanesulfonic acid,1763-23-1,PFSA,8.0,BAF,1566.75107010815,3.195,L/kg,1566.75107010815,,wet weight,,Carassius carassius,Crucian Carp,fish,muscle,,,,,freshwater,,field,ITRC,https://pfas-1.itrcweb.org/wp-content/uploads/2023/10/ITRC_PFAS_-BCF-BAF_compilation_Table5-1_Oct2021.xlsx,Shi 2015,ITRC-compiled,location=Xiaoqing River; waterbody=Lake; note=Samples collected in July 2014; uid=1064,2026-05-17T15:19:57+00:00,Perfluorooctanesulfonic acid,1763-23-1,YFSUTJLHUFNCNZ-UHFFFAOYSA-N,,74483.0,OS(=O)(=O)C(F)(F)C(F)(F)C(F)(F)C(F)(F)C(F)(F)C(F)(F)C(F)(F)C(F)(F)F,C8HF17O3S,500.13,PFSA,5.0,,EPA,,,,,,O=S(=O)(O)C(F)(F)C(F)(F)C(F)(F)C(F)(F)C(F)(F)C(F)(F)C(F)(F)C(F)(F)F,O=S(=O)(O)C(F)(F)C(F)(F)C(F)(F)C(F)(F)C(F)(F)C(F)(F)C(F)(F)C(F)(F)F,CMP_cfdde373a2a8c04668f0,shi2015,10.1021/acs.est.5b04299,provisional_normalized_citation_cross_source_equivalence_unverified,,,L/kg,1.0,1566.75107010815,1566.75107010815,3.1950000000000003,3.1950000000000003,-4.440892098500626e-16,False,True,True,True,,retained,False,10.1021/acs.est.5b04299,Tissue Distribution and Whole Body Burden of the Chlorinated Polyfluoroalkyl Ether Sulfonic Acid F-53B in Crucian Carp (Carassius carassius): Evidence for a Highly Bioaccumulative Contaminant of Emerging Concern,Shi 2015; Tissue Distribution and Whole Body Burden of the Chlorinated Polyfluoroalkyl Ether Sulfonic Acid F-53B in Crucian Carp (Carassius carassius): Evidence for a Highly Bioaccumulative Contaminant of Emerging Concern; Environmental Science & Technology,ITRC Table5-1; BCF-BAF Database!row 805; uid=1064; endpoint=BAF,,database_cell_verified,1.0,,,,,,,exact numeric cell match,original paper table/page and primary measurement not yet verified,,OBS_cef1985d4af3231c,1,candidate only; missing conditions and repeated experiments prevent unique identification,not verified against original experimental table,original search date/operator unavailable; current audit is not original collection history,,10.1021/acs.est.5b04299,verified_summary,retain_verified_summary_separate_from_individual_measurements,SI Table S10 PDF page 11; XR; muscle; PFOS; mean,3.195,log10,Mean logBAF; shared study/site fish; whole body reconstructed from tissue contributions where applicable; not individual measurements,sources/c6c948e07c3aa145/es5b04299_si_001.pdf,4baf1e67c6e8a2b79bec,,True,a15b81a9a5f7d73f5c4cefbde5ec940b48fe9fbf43b65feac597b7b12c02f44c,https://ndownloader.figshare.com/files/3732799,data/04_bioaccumulation/ITRC_Table_5-1_BCF-BAF_aquatic.xlsx,BCF-BAF Database,805,K805;I805;J805,"{""BAF"": 1566.75107010815, ""BAF Min"": 452.89757990362125, ""BAF Max"": 2779.7132677592917}",reported_database_value,1566.75107010815,True,True,bfc24df5dbd2d21341a9580e5053f7a7b89c1ddea1ebe75c55407f4cee27a54d,verified_summary,,CIT_97accc2b1b7d81d229ff,True,True,True,verified_summary,True,SI Table S10 PDF page 11; XR; muscle; PFOS; mean,3.1950000000000003,not_reported
BIO_6407,1618,6407,PFOS,Perfluorooctanesulfonic acid,1763-23-1,PFSA,8.0,BAF,6093.0,3.7848,L/kg,6093.0,,wet weight,,Carassius carassius,Crucian carp,fish,whole body,,,,,freshwater,,field,ITRC,https://pfas-1.itrcweb.org/wp-content/uploads/2023/10/ITRC_PFAS_-BCF-BAF_compilation_Table5-1_Oct2021.xlsx,Song 2020,ITRC-compiled,"location=Xiaoqing River, Shandong province; waterbody=River; note=Lab analytical approach based on concentration; uid=1068",2026-05-17T15:19:58+00:00,Perfluorooctanesulfonic acid,1763-23-1,YFSUTJLHUFNCNZ-UHFFFAOYSA-N,,74483.0,OS(=O)(=O)C(F)(F)C(F)(F)C(F)(F)C(F)(F)C(F)(F)C(F)(F)C(F)(F)C(F)(F)F,C8HF17O3S,500.13,PFSA,5.0,,EPA,,,,,,O=S(=O)(O)C(F)(F)C(F)(F)C(F)(F)C(F)(F)C(F)(F)C(F)(F)C(F)(F)C(F)(F)F,O=S(=O)(O)C(F)(F)C(F)(F)C(F)(F)C(F)(F)C(F)(F)C(F)(F)C(F)(F)C(F)(F)F,CMP_cfdde373a2a8c04668f0,song2020,10.1021/acs.est.9b04906,provisional_normalized_citation_cross_source_equivalence_unverified,,,L/kg,1.0,6093.0,6093.0,3.7848311781244695,3.7848311781244695,-3.1178124469288804e-05,False,True,True,True,,retained,False,10.1021/acs.est.9b04906&ref=pdf,"A Matrix-Correction Approach to Estimate the Bioaccumulation
Potential of Emerging PFASs","Song 2020; A Matrix-Correction Approach to Estimate the Bioaccumulation
Potential of Emerging PFASs; Environ. Sci. Technol.",ITRC Table5-1; BCF-BAF Database!row 808; uid=1068; endpoint=BAF,,database_cell_verified,1.0,,,,,,,exact numeric cell match,original paper table/page and primary measurement not yet verified,,OBS_fe47fabbd65db72d,1,candidate only; missing conditions and repeated experiments prevent unique identification,not verified against original experimental table,original search date/operator unavailable; current audit is not original collection history,,10.1021/acs.est.9b04906,verified_summary,retain_verified_summary_separate_from_individual_measurements,SI Table S10 PDF page 20; Current Study; PFOS; Concentration,6093.0,linear,Same biological experiment and alternative analytical estimate; concentration approach retained; peak-area estimate cannot be counted as independent experimental validation,sources/a48b920350aa307d/es9b04906_si_001.pdf,ba6a28d3d8ee6ac04f47,,True,110e77c997efdceab2b9ccd4f46377301932b78ffda8b2e3687bd637137358c6,https://ndownloader.figshare.com/files/20704257,data/04_bioaccumulation/ITRC_Table_5-1_BCF-BAF_aquatic.xlsx,BCF-BAF Database,808,K808;I808;J808,"{""BAF"": 6093, ""BAF Min"": null, ""BAF Max"": null}",reported_database_value,6093.0,True,True,bfc24df5dbd2d21341a9580e5053f7a7b89c1ddea1ebe75c55407f4cee27a54d,verified_summary,,CIT_0199a1f320bfd98b6ccc,True,True,True,verified_summary,True,SI Table S10 PDF page 20; Current Study; PFOS; Concentration,3.7848311781244695,not_reported
BIO_6460,1671,6460,PFTeDA,Perfluorotetradecanoic acid (C14),376-06-7,unclassified,14.0,BCF,363078.05,5.56,L/kg,363078.05,,wet weight,steady_state,Danio rerio,Zebrafish,fish,liver,24.0,aqueous,,,freshwater,,laboratory,ITRC,https://pfas-1.itrcweb.org/wp-content/uploads/2023/10/ITRC_PFAS_-BCF-BAF_compilation_Table5-1_Oct2021.xlsx,Chen 2016,ITRC-compiled,location=Singapore; waterbody=Lab; note=Low Exposure Group; 3 replicates consisting each of 5 pooled individuals from a population of 300; uid=1145,2026-05-17T15:20:00+00:00,Perfluorotetradecanoic acid,376-06-7,RUDINRUXCKIXAJ-UHFFFAOYSA-N,,67822.0,OC(=O)C(F)(F)C(F)(F)C(F)(F)C(F)(F)C(F)(F)C(F)(F)C(F)(F)C(F)(F)C(F)(F)C(F)(F)C(F)(F)C(F)(F)C(F)(F)F,C14HF27O2,714.117,PFCA,9.0,,EPA,,,,,,O=C(O)C(F)(F)C(F)(F)C(F)(F)C(F)(F)C(F)(F)C(F)(F)C(F)(F)C(F)(F)C(F)(F)C(F)(F)C(F)(F)C(F)(F)C(F)(F)F,O=C(O)C(F)(F)C(F)(F)C(F)(F)C(F)(F)C(F)(F)C(F)(F)C(F)(F)C(F)(F)C(F)(F)C(F)(F)C(F)(F)C(F)(F)C(F)(F)F,CMP_3626e8f507f7fd0a557c,chen2016,10.1016/j.scitotenv.2016.05.215,provisional_normalized_citation_cross_source_equivalence_unverified,,,L/kg,1.0,363078.05,363078.05,5.56,5.559999994294261,5.705738992389797e-09,False,True,True,True,,retained,False,10.1016/j.scitotenv.2016.05.215,Bioavailability and bioconcentration potential of perfluoroalkyl-phosphinic and -phosphonic acids in zebrafish (Danio rerio): Comparison to perfluorocarboxylates and perfluorosulfonates,Chen 2016; Bioavailability and bioconcentration potential of perfluoroalkyl-phosphinic and -phosphonic acids in zebrafish (Danio rerio): Comparison to perfluorocarboxylates and perfluorosulfonates; The Science of the Total Environment,ITRC Table5-1; BCF-BAF Database!row 861; uid=1145; endpoint=BCF,,database_cell_verified,1.0,,,,,,,exact numeric cell match,original paper table/page and primary measurement not yet verified,,OBS_fbea75474d16f4ec,1,candidate only; missing conditions and repeated experiments prevent unique identification,not verified against original experimental table,original search date/operator unavailable; current audit is not original collection history,,10.1016/j.scitotenv.2016.05.215,unverified_primary_table,exclude_from_primary_verified_analysis; retain_in_legacy_sensitivity,,,,,,,fish,False,,,data/04_bioaccumulation/ITRC_Table_5-1_BCF-BAF_aquatic.xlsx,BCF-BAF Database,861,H861;F861;G861,"{""BCF"": 363078.05, ""BCF Min"": null, ""BCF Max"": null}",reported_database_value,363078.05,True,True,bfc24df5dbd2d21341a9580e5053f7a7b89c1ddea1ebe75c55407f4cee27a54d,unverified_primary_table,fish,CIT_96153bf67e1613757c40,False,True,True,verified_tissue_BCF_summary,True,Table S9 row 58 column 7; liver-low; pfteda; logBCFss,5.559999994294261,low
BIO_6461,1672,6461,PFTeDA,Perfluorotetradecanoic acid (C14),376-06-7,unclassified,14.0,BCF,54954.09,4.74,L/kg,54954.09,,wet weight,steady_state,Danio rerio,Zebrafish,fish,liver,24.0,aqueous,,,freshwater,,laboratory,ITRC,https://pfas-1.itrcweb.org/wp-content/uploads/2023/10/ITRC_PFAS_-BCF-BAF_compilation_Table5-1_Oct2021.xlsx,Chen 2016,ITRC-compiled,location=Singapore; waterbody=Lab; note=High Exposure Group; 3 replicates consisting each of 5 pooled individuals from a population of 300; uid=1146,2026-05-17T15:20:00+00:00,Perfluorotetradecanoic acid,376-06-7,RUDINRUXCKIXAJ-UHFFFAOYSA-N,,67822.0,OC(=O)C(F)(F)C(F)(F)C(F)(F)C(F)(F)C(F)(F)C(F)(F)C(F)(F)C(F)(F)C(F)(F)C(F)(F)C(F)(F)C(F)(F)C(F)(F)F,C14HF27O2,714.117,PFCA,9.0,,EPA,,,,,,O=C(O)C(F)(F)C(F)(F)C(F)(F)C(F)(F)C(F)(F)C(F)(F)C(F)(F)C(F)(F)C(F)(F)C(F)(F)C(F)(F)C(F)(F)C(F)(F)F,O=C(O)C(F)(F)C(F)(F)C(F)(F)C(F)(F)C(F)(F)C(F)(F)C(F)(F)C(F)(F)C(F)(F)C(F)(F)C(F)(F)C(F)(F)C(F)(F)F,CMP_3626e8f507f7fd0a557c,chen2016,10.1016/j.scitotenv.2016.05.215,provisional_normalized_citation_cross_source_equivalence_unverified,,,L/kg,1.0,54954.09,54954.09,4.74,4.740000020659954,-2.06599537477814e-08,False,True,True,True,,retained,False,10.1016/j.scitotenv.2016.05.215,Bioavailability and bioconcentration potential of perfluoroalkyl-phosphinic and -phosphonic acids in zebrafish (Danio rerio): Comparison to perfluorocarboxylates and perfluorosulfonates,Chen 2016; Bioavailability and bioconcentration potential of perfluoroalkyl-phosphinic and -phosphonic acids in zebrafish (Danio rerio): Comparison to perfluorocarboxylates and perfluorosulfonates; The Science of the Total Environment,ITRC Table5-1; BCF-BAF Database!row 862; uid=1146; endpoint=BCF,,database_cell_verified,1.0,,,,,,,exact numeric cell match,original paper table/page and primary measurement not yet verified,,OBS_c3729e4e7fc927f8,1,candidate only; missing conditions and repeated experiments prevent unique identification,not verified against original experimental table,original search date/operator unavailable; current audit is not original collection history,,10.1016/j.scitotenv.2016.05.215,unverified_primary_table,exclude_from_primary_verified_analysis; retain_in_legacy_sensitivity,,,,,,,fish,False,,,data/04_bioaccumulation/ITRC_Table_5-1_BCF-BAF_aquatic.xlsx,BCF-BAF Database,862,H862;F862;G862,"{""BCF"": 54954.09, ""BCF Min"": null, ""BCF Max"": null}",reported_database_value,54954.09,True,True,bfc24df5dbd2d21341a9580e5053f7a7b89c1ddea1ebe75c55407f4cee27a54d,unverified_primary_table,fish,CIT_96153bf67e1613757c40,False,True,True,verified_tissue_BCF_summary,True,Table S9 row 80 column 7; liver-high; pfteda; logBCFss,4.740000020659954,high
BIO_6462,1673,6462,PFTeDA,Perfluorotetradecanoic acid (C14),376-06-7,unclassified,14.0,BCF,165958.69,5.22,L/kg,165958.69,,wet weight,steady_state,Danio rerio,Zebrafish,fish,muscle,24.0,aqueous,,,freshwater,,laboratory,ITRC,https://pfas-1.itrcweb.org/wp-content/uploads/2023/10/ITRC_PFAS_-BCF-BAF_compilation_Table5-1_Oct2021.xlsx,Chen 2016,ITRC-compiled,location=Singapore; waterbody=Lab; note=Low Exposure Group; 3 replicates consisting each of 5 pooled individuals from a population of 300; uid=1147,2026-05-17T15:20:00+00:00,Perfluorotetradecanoic acid,376-06-7,RUDINRUXCKIXAJ-UHFFFAOYSA-N,,67822.0,OC(=O)C(F)(F)C(F)(F)C(F)(F)C(F)(F)C(F)(F)C(F)(F)C(F)(F)C(F)(F)C(F)(F)C(F)(F)C(F)(F)C(F)(F)C(F)(F)F,C14HF27O2,714.117,PFCA,9.0,,EPA,,,,,,O=C(O)C(F)(F)C(F)(F)C(F)(F)C(F)(F)C(F)(F)C(F)(F)C(F)(F)C(F)(F)C(F)(F)C(F)(F)C(F)(F)C(F)(F)C(F)(F)F,O=C(O)C(F)(F)C(F)(F)C(F)(F)C(F)(F)C(F)(F)C(F)(F)C(F)(F)C(F)(F)C(F)(F)C(F)(F)C(F)(F)C(F)(F)C(F)(F)F,CMP_3626e8f507f7fd0a557c,chen2016,10.1016/j.scitotenv.2016.05.215,provisional_normalized_citation_cross_source_equivalence_unverified,,,L/kg,1.0,165958.69,165958.69,5.22,5.2199999980536775,1.946322214507745e-09,False,True,True,True,,retained,False,10.1016/j.scitotenv.2016.05.215,Bioavailability and bioconcentration potential of perfluoroalkyl-phosphinic and -phosphonic acids in zebrafish (Danio rerio): Comparison to perfluorocarboxylates and perfluorosulfonates,Chen 2016; Bioavailability and bioconcentration potential of perfluoroalkyl-phosphinic and -phosphonic acids in zebrafish (Danio rerio): Comparison to perfluorocarboxylates and perfluorosulfonates; The Science of the Total Environment,ITRC Table5-1; BCF-BAF Database!row 863; uid=1147; endpoint=BCF,,database_cell_verified,1.0,,,,,,,exact numeric cell match,original paper table/page and primary measurement not yet verified,,OBS_349a9430c366ac64,1,candidate only; missing conditions and repeated experiments prevent unique identification,not verified against original experimental table,original search date/operator unavailable; current audit is not original collection history,,10.1016/j.scitotenv.2016.05.215,unverified_primary_table,exclude_from_primary_verified_analysis; retain_in_legacy_sensitivity,,,,,,,fish,False,,,data/04_bioaccumulation/ITRC_Table_5-1_BCF-BAF_aquatic.xlsx,BCF-BAF Database,863,H863;F863;G863,"{""BCF"": 165958.69, ""BCF Min"": null, ""BCF Max"": null}",reported_database_value,165958.69,True,True,bfc24df5dbd2d21341a9580e5053f7a7b89c1ddea1ebe75c55407f4cee27a54d,unverified_primary_table,fish,CIT_96153bf67e1613757c40,False,True,True,verified_tissue_BCF_summary,True,Table S9 row 102 column 7; muscle-low; pfteda; logBCFss,5.2199999980536775,low
BIO_6463,1674,6463,PFTeDA,Perfluorotetradecanoic acid (C14),376-06-7,unclassified,14.0,BCF,33113.11,4.52,L/kg,33113.11,,wet weight,steady_state,Danio rerio,Zebrafish,fish,muscle,24.0,aqueous,,,freshwater,,laboratory,ITRC,https://pfas-1.itrcweb.org/wp-content/uploads/2023/10/ITRC_PFAS_-BCF-BAF_compilation_Table5-1_Oct2021.xlsx,Chen 2016,ITRC-compiled,location=Singapore; waterbody=Lab; note=High Exposure Group; 3 replicates consisting each of 5 pooled individuals from a population of 300; uid=1148,2026-05-17T15:20:00+00:00,Perfluorotetradecanoic acid,376-06-7,RUDINRUXCKIXAJ-UHFFFAOYSA-N,,67822.0,OC(=O)C(F)(F)C(F)(F)C(F)(F)C(F)(F)C(F)(F)C(F)(F)C(F)(F)C(F)(F)C(F)(F)C(F)(F)C(F)(F)C(F)(F)C(F)(F)F,C14HF27O2,714.117,PFCA,9.0,,EPA,,,,,,O=C(O)C(F)(F)C(F)(F)C(F)(F)C(F)(F)C(F)(F)C(F)(F)C(F)(F)C(F)(F)C(F)(F)C(F)(F)C(F)(F)C(F)(F)C(F)(F)F,O=C(O)C(F)(F)C(F)(F)C(F)(F)C(F)(F)C(F)(F)C(F)(F)C(F)(F)C(F)(F)C(F)(F)C(F)(F)C(F)(F)C(F)(F)C(F)(F)F,CMP_3626e8f507f7fd0a557c,chen2016,10.1016/j.scitotenv.2016.05.215,provisional_normalized_citation_cross_source_equivalence_unverified,,,L/kg,1.0,33113.11,33113.11,4.52,4.519999971824542,2.8175457522650053e-08,False,True,True,True,,retained,False,10.1016/j.scitotenv.2016.05.215,Bioavailability and bioconcentration potential of perfluoroalkyl-phosphinic and -phosphonic acids in zebrafish (Danio rerio): Comparison to perfluorocarboxylates and perfluorosulfonates,Chen 2016; Bioavailability and bioconcentration potential of perfluoroalkyl-phosphinic and -phosphonic acids in zebrafish (Danio rerio): Comparison to perfluorocarboxylates and perfluorosulfonates; The Science of the Total Environment,ITRC Table5-1; BCF-BAF Database!row 864; uid=1148; endpoint=BCF,,database_cell_verified,1.0,,,,,,,exact numeric cell match,original paper table/page and primary measurement not yet verified,,OBS_6443731f4beec3c0,1,candidate only; missing conditions and repeated experiments prevent unique identification,not verified against original experimental table,original search date/operator unavailable; current audit is not original collection history,,10.1016/j.scitotenv.2016.05.215,unverified_primary_table,exclude_from_primary_verified_analysis; retain_in_legacy_sensitivity,,,,,,,fish,False,,,data/04_bioaccumulation/ITRC_Table_5-1_BCF-BAF_aquatic.xlsx,BCF-BAF Database,864,H864;F864;G864,"{""BCF"": 33113.11, ""BCF Min"": null, ""BCF Max"": null}",reported_database_value,33113.11,True,True,bfc24df5dbd2d21341a9580e5053f7a7b89c1ddea1ebe75c55407f4cee27a54d,unverified_primary_table,fish,CIT_96153bf67e1613757c40,False,True,True,verified_tissue_BCF_summary,True,Table S9 row 124 column 7; muscle-high; pfteda; logBCFss,4.519999971824542,high
BIO_6464,1675,6464,PFTeDA,Perfluorotetradecanoic acid (C14),376-06-7,unclassified,14.0,BCF,316227.77,5.5,L/kg,316227.77,,wet weight,steady_state,Danio rerio,Zebrafish,fish,ovary,24.0,aqueous,,,freshwater,,laboratory,ITRC,https://pfas-1.itrcweb.org/wp-content/uploads/2023/10/ITRC_PFAS_-BCF-BAF_compilation_Table5-1_Oct2021.xlsx,Chen 2016,ITRC-compiled,location=Singapore; waterbody=Lab; note=Low Exposure Group; 3 replicates consisting each of 5 pooled individuals from a population of 300; uid=1149,2026-05-17T15:20:00+00:00,Perfluorotetradecanoic acid,376-06-7,RUDINRUXCKIXAJ-UHFFFAOYSA-N,,67822.0,OC(=O)C(F)(F)C(F)(F)C(F)(F)C(F)(F)C(F)(F)C(F)(F)C(F)(F)C(F)(F)C(F)(F)C(F)(F)C(F)(F)C(F)(F)C(F)(F)F,C14HF27O2,714.117,PFCA,9.0,,EPA,,,,,,O=C(O)C(F)(F)C(F)(F)C(F)(F)C(F)(F)C(F)(F)C(F)(F)C(F)(F)C(F)(F)C(F)(F)C(F)(F)C(F)(F)C(F)(F)C(F)(F)F,O=C(O)C(F)(F)C(F)(F)C(F)(F)C(F)(F)C(F)(F)C(F)(F)C(F)(F)C(F)(F)C(F)(F)C(F)(F)C(F)(F)C(F)(F)C(F)(F)F,CMP_3626e8f507f7fd0a557c,chen2016,10.1016/j.scitotenv.2016.05.215,provisional_normalized_citation_cross_source_equivalence_unverified,,,L/kg,1.0,316227.77,316227.77,5.5,5.500000005470315,-5.470314867750403e-09,False,True,True,True,,retained,False,10.1016/j.scitotenv.2016.05.215,Bioavailability and bioconcentration potential of perfluoroalkyl-phosphinic and -phosphonic acids in zebrafish (Danio rerio): Comparison to perfluorocarboxylates and perfluorosulfonates,Chen 2016; Bioavailability and bioconcentration potential of perfluoroalkyl-phosphinic and -phosphonic acids in zebrafish (Danio rerio): Comparison to perfluorocarboxylates and perfluorosulfonates; The Science of the Total Environment,ITRC Table5-1; BCF-BAF Database!row 865; uid=1149; endpoint=BCF,,database_cell_verified,1.0,,,,,,,exact numeric cell match,original paper table/page and primary measurement not yet verified,,OBS_62f06465b39869d8,1,candidate only; missing conditions and repeated experiments prevent unique identification,not verified against original experimental table,original search date/operator unavailable; current audit is not original collection history,,10.1016/j.scitotenv.2016.05.215,unverified_primary_table,exclude_from_primary_verified_analysis; retain_in_legacy_sensitivity,,,,,,,fish,False,,,data/04_bioaccumulation/ITRC_Table_5-1_BCF-BAF_aquatic.xlsx,BCF-BAF Database,865,H865;F865;G865,"{""BCF"": 316227.77, ""BCF Min"": null, ""BCF Max"": null}",reported_database_value,316227.77,True,True,bfc24df5dbd2d21341a9580e5053f7a7b89c1ddea1ebe75c55407f4cee27a54d,unverified_primary_table,fish,CIT_96153bf67e1613757c40,False,True,True,verified_tissue_BCF_summary,True,Table S9 row 146 column 7; ovary-low; pfteda; logBCFss,5.500000005470315,low
BIO_6465,1676,6465,PFTeDA,Perfluorotetradecanoic acid (C14),376-06-7,unclassified,14.0,BCF,21877.62,4.34,L/kg,21877.62,,wet weight,steady_state,Danio rerio,Zebrafish,fish,ovary,24.0,aqueous,,,freshwater,,laboratory,ITRC,https://pfas-1.itrcweb.org/wp-content/uploads/2023/10/ITRC_PFAS_-BCF-BAF_compilation_Table5-1_Oct2021.xlsx,Chen 2016,ITRC-compiled,location=Singapore; waterbody=Lab; note=High Exposure Group; 3 replicates consisting each of 5 pooled individuals from a population of 300; uid=1150,2026-05-17T15:20:01+00:00,Perfluorotetradecanoic acid,376-06-7,RUDINRUXCKIXAJ-UHFFFAOYSA-N,,67822.0,OC(=O)C(F)(F)C(F)(F)C(F)(F)C(F)(F)C(F)(F)C(F)(F)C(F)(F)C(F)(F)C(F)(F)C(F)(F)C(F)(F)C(F)(F)C(F)(F)F,C14HF27O2,714.117,PFCA,9.0,,EPA,,,,,,O=C(O)C(F)(F)C(F)(F)C(F)(F)C(F)(F)C(F)(F)C(F)(F)C(F)(F)C(F)(F)C(F)(F)C(F)(F)C(F)(F)C(F)(F)C(F)(F)F,O=C(O)C(F)(F)C(F)(F)C(F)(F)C(F)(F)C(F)(F)C(F)(F)C(F)(F)C(F)(F)C(F)(F)C(F)(F)C(F)(F)C(F)(F)C(F)(F)F,CMP_3626e8f507f7fd0a557c,chen2016,10.1016/j.scitotenv.2016.05.215,provisional_normalized_citation_cross_source_equivalence_unverified,,,L/kg,1.0,21877.62,21877.62,4.34,4.340000074650098,-7.465009854712434e-08,False,True,True,True,,retained,False,10.1016/j.scitotenv.2016.05.215,Bioavailability and bioconcentration potential of perfluoroalkyl-phosphinic and -phosphonic acids in zebrafish (Danio rerio): Comparison to perfluorocarboxylates and perfluorosulfonates,Chen 2016; Bioavailability and bioconcentration potential of perfluoroalkyl-phosphinic and -phosphonic acids in zebrafish (Danio rerio): Comparison to perfluorocarboxylates and perfluorosulfonates; The Science of the Total Environment,ITRC Table5-1; BCF-BAF Database!row 866; uid=1150; endpoint=BCF,,database_cell_verified,1.0,,,,,,,exact numeric cell match,original paper table/page and primary measurement not yet verified,,OBS_bac6a65426a47afb,1,candidate only; missing conditions and repeated experiments prevent unique identification,not verified against original experimental table,original search date/operator unavailable; current audit is not original collection history,,10.1016/j.scitotenv.2016.05.215,unverified_primary_table,exclude_from_primary_verified_analysis; retain_in_legacy_sensitivity,,,,,,,fish,False,,,data/04_bioaccumulation/ITRC_Table_5-1_BCF-BAF_aquatic.xlsx,BCF-BAF Database,866,H866;F866;G866,"{""BCF"": 21877.62, ""BCF Min"": null, ""BCF Max"": null}",reported_database_value,21877.62,True,True,bfc24df5dbd2d21341a9580e5053f7a7b89c1ddea1ebe75c55407f4cee27a54d,unverified_primary_table,fish,CIT_96153bf67e1613757c40,False,True,True,verified_tissue_BCF_summary,True,Table S9 row 168 column 7; ovary-high; pfteda; logBCFss,4.340000074650098,high
BIO_6472,1683,6472,PFTrDA,Perfluorotridecanoic acid (C13),72629-94-8,unclassified,13.0,BCF,104712.85,5.02,L/kg,104712.85,,wet weight,steady_state,Danio rerio,Zebrafish,fish,liver,24.0,aqueous,,,freshwater,,laboratory,ITRC,https://pfas-1.itrcweb.org/wp-content/uploads/2023/10/ITRC_PFAS_-BCF-BAF_compilation_Table5-1_Oct2021.xlsx,Chen 2016,ITRC-compiled,location=Singapore; waterbody=Lab; note=Low Exposure Group; 3 replicates consisting each of 5 pooled individuals from a population of 300; uid=1165,2026-05-17T15:20:01+00:00,Perfluorotridecanoic acid,72629-94-8,LVDGGZAZAYHXEY-UHFFFAOYSA-N,,3018355.0,OC(=O)C(F)(F)C(F)(F)C(F)(F)C(F)(F)C(F)(F)C(F)(F)C(F)(F)C(F)(F)C(F)(F)C(F)(F)C(F)(F)C(F)(F)F,C13HF25O2,664.109,PFCA,8.3,,EPA,,,,,,O=C(O)C(F)(F)C(F)(F)C(F)(F)C(F)(F)C(F)(F)C(F)(F)C(F)(F)C(F)(F)C(F)(F)C(F)(F)C(F)(F)C(F)(F)F,O=C(O)C(F)(F)C(F)(F)C(F)(F)C(F)(F)C(F)(F)C(F)(F)C(F)(F)C(F)(F)C(F)(F)C(F)(F)C(F)(F)C(F)(F)F,CMP_277ba9982a59f21d5d1a,chen2016,10.1016/j.scitotenv.2016.05.215,provisional_normalized_citation_cross_source_equivalence_unverified,,,L/kg,1.0,104712.85,104712.85,5.02,5.019999980070985,1.9929014882791307e-08,False,True,True,True,,retained,False,10.1016/j.scitotenv.2016.05.215,Bioavailability and bioconcentration potential of perfluoroalkyl-phosphinic and -phosphonic acids in zebrafish (Danio rerio): Comparison to perfluorocarboxylates and perfluorosulfonates,Chen 2016; Bioavailability and bioconcentration potential of perfluoroalkyl-phosphinic and -phosphonic acids in zebrafish (Danio rerio): Comparison to perfluorocarboxylates and perfluorosulfonates; The Science of the Total Environment,ITRC Table5-1; BCF-BAF Database!row 878; uid=1165; endpoint=BCF,,database_cell_verified,1.0,,,,,,,exact numeric cell match,original paper table/page and primary measurement not yet verified,,OBS_8e3365f71aa220a7,1,candidate only; missing conditions and repeated experiments prevent unique identification,not verified against original experimental table,original search date/operator unavailable; current audit is not original collection history,,10.1016/j.scitotenv.2016.05.215,unverified_primary_table,exclude_from_primary_verified_analysis; retain_in_legacy_sensitivity,,,,,,,fish,False,,,data/04_bioaccumulation/ITRC_Table_5-1_BCF-BAF_aquatic.xlsx,BCF-BAF Database,878,H878;F878;G878,"{""BCF"": 104712.85, ""BCF Min"": null, ""BCF Max"": null}",reported_database_value,104712.85,True,True,bfc24df5dbd2d21341a9580e5053f7a7b89c1ddea1ebe75c55407f4cee27a54d,unverified_primary_table,fish,CIT_96153bf67e1613757c40,False,True,True,verified_tissue_BCF_summary,True,Table S9 row 57 column 7; liver-low; pftrda; logBCFss,5.019999980070985,low
BIO_6473,1684,6473,PFTrDA,Perfluorotridecanoic acid (C13),72629-94-8,unclassified,13.0,BCF,28183.83,4.45,L/kg,28183.83,,wet weight,steady_state,Danio rerio,Zebrafish,fish,liver,24.0,aqueous,,,freshwater,,laboratory,ITRC,https://pfas-1.itrcweb.org/wp-content/uploads/2023/10/ITRC_PFAS_-BCF-BAF_compilation_Table5-1_Oct2021.xlsx,Chen 2016,ITRC-compiled,location=Singapore; waterbody=Lab; note=High Exposure Group; 3 replicates consisting each of 5 pooled individuals from a population of 300; uid=1166,2026-05-17T15:20:01+00:00,Perfluorotridecanoic acid,72629-94-8,LVDGGZAZAYHXEY-UHFFFAOYSA-N,,3018355.0,OC(=O)C(F)(F)C(F)(F)C(F)(F)C(F)(F)C(F)(F)C(F)(F)C(F)(F)C(F)(F)C(F)(F)C(F)(F)C(F)(F)C(F)(F)F,C13HF25O2,664.109,PFCA,8.3,,EPA,,,,,,O=C(O)C(F)(F)C(F)(F)C(F)(F)C(F)(F)C(F)(F)C(F)(F)C(F)(F)C(F)(F)C(F)(F)C(F)(F)C(F)(F)C(F)(F)F,O=C(O)C(F)(F)C(F)(F)C(F)(F)C(F)(F)C(F)(F)C(F)(F)C(F)(F)C(F)(F)C(F)(F)C(F)(F)C(F)(F)C(F)(F)F,CMP_277ba9982a59f21d5d1a,chen2016,10.1016/j.scitotenv.2016.05.215,provisional_normalized_citation_cross_source_equivalence_unverified,,,L/kg,1.0,28183.83,28183.83,4.45,4.450000010591701,-1.0591700849715837e-08,False,True,True,True,,retained,False,10.1016/j.scitotenv.2016.05.215,Bioavailability and bioconcentration potential of perfluoroalkyl-phosphinic and -phosphonic acids in zebrafish (Danio rerio): Comparison to perfluorocarboxylates and perfluorosulfonates,Chen 2016; Bioavailability and bioconcentration potential of perfluoroalkyl-phosphinic and -phosphonic acids in zebrafish (Danio rerio): Comparison to perfluorocarboxylates and perfluorosulfonates; The Science of the Total Environment,ITRC Table5-1; BCF-BAF Database!row 879; uid=1166; endpoint=BCF,,database_cell_verified,1.0,,,,,,,exact numeric cell match,original paper table/page and primary measurement not yet verified,,OBS_7324a146f2f48de6,1,candidate only; missing conditions and repeated experiments prevent unique identification,not verified against original experimental table,original search date/operator unavailable; current audit is not original collection history,,10.1016/j.scitotenv.2016.05.215,unverified_primary_table,exclude_from_primary_verified_analysis; retain_in_legacy_sensitivity,,,,,,,fish,False,,,data/04_bioaccumulation/ITRC_Table_5-1_BCF-BAF_aquatic.xlsx,BCF-BAF Database,879,H879;F879;G879,"{""BCF"": 28183.83, ""BCF Min"": null, ""BCF Max"": null}",reported_database_value,28183.83,True,True,bfc24df5dbd2d21341a9580e5053f7a7b89c1ddea1ebe75c55407f4cee27a54d,unverified_primary_table,fish,CIT_96153bf67e1613757c40,False,True,True,verified_tissue_BCF_summary,True,Table S9 row 79 column 7; liver-high; pftrda; logBCFss,4.450000010591701,high
BIO_6474,1685,6474,PFTrDA,Perfluorotridecanoic acid (C13),72629-94-8,unclassified,13.0,BCF,19054.61,4.28,L/kg,19054.61,,wet weight,steady_state,Danio rerio,Zebrafish,fish,muscle,24.0,aqueous,,,freshwater,,laboratory,ITRC,https://pfas-1.itrcweb.org/wp-content/uploads/2023/10/ITRC_PFAS_-BCF-BAF_compilation_Table5-1_Oct2021.xlsx,Chen 2016,ITRC-compiled,location=Singapore; waterbody=Lab; note=Low Exposure Group; 3 replicates consisting each of 5 pooled individuals from a population of 300; uid=1167,2026-05-17T15:20:01+00:00,Perfluorotridecanoic acid,72629-94-8,LVDGGZAZAYHXEY-UHFFFAOYSA-N,,3018355.0,OC(=O)C(F)(F)C(F)(F)C(F)(F)C(F)(F)C(F)(F)C(F)(F)C(F)(F)C(F)(F)C(F)(F)C(F)(F)C(F)(F)C(F)(F)F,C13HF25O2,664.109,PFCA,8.3,,EPA,,,,,,O=C(O)C(F)(F)C(F)(F)C(F)(F)C(F)(F)C(F)(F)C(F)(F)C(F)(F)C(F)(F)C(F)(F)C(F)(F)C(F)(F)C(F)(F)F,O=C(O)C(F)(F)C(F)(F)C(F)(F)C(F)(F)C(F)(F)C(F)(F)C(F)(F)C(F)(F)C(F)(F)C(F)(F)C(F)(F)C(F)(F)F,CMP_277ba9982a59f21d5d1a,chen2016,10.1016/j.scitotenv.2016.05.215,provisional_normalized_citation_cross_source_equivalence_unverified,,,L/kg,1.0,19054.61,19054.61,4.28,4.280000064282089,-6.428208898512366e-08,False,True,True,True,,retained,False,10.1016/j.scitotenv.2016.05.215,Bioavailability and bioconcentration potential of perfluoroalkyl-phosphinic and -phosphonic acids in zebrafish (Danio rerio): Comparison to perfluorocarboxylates and perfluorosulfonates,Chen 2016; Bioavailability and bioconcentration potential of perfluoroalkyl-phosphinic and -phosphonic acids in zebrafish (Danio rerio): Comparison to perfluorocarboxylates and perfluorosulfonates; The Science of the Total Environment,ITRC Table5-1; BCF-BAF Database!row 880; uid=1167; endpoint=BCF,,database_cell_verified,1.0,,,,,,,exact numeric cell match,original paper table/page and primary measurement not yet verified,,OBS_94501d798ba8c515,1,candidate only; missing conditions and repeated experiments prevent unique identification,not verified against original experimental table,original search date/operator unavailable; current audit is not original collection history,,10.1016/j.scitotenv.2016.05.215,unverified_primary_table,exclude_from_primary_verified_analysis; retain_in_legacy_sensitivity,,,,,,,fish,False,,,data/04_bioaccumulation/ITRC_Table_5-1_BCF-BAF_aquatic.xlsx,BCF-BAF Database,880,H880;F880;G880,"{""BCF"": 19054.61, ""BCF Min"": null, ""BCF Max"": null}",reported_database_value,19054.61,True,True,bfc24df5dbd2d21341a9580e5053f7a7b89c1ddea1ebe75c55407f4cee27a54d,unverified_primary_table,fish,CIT_96153bf67e1613757c40,False,True,True,verified_tissue_BCF_summary,True,Table S9 row 101 column 7; muscle-low; pftrda; logBCFss,4.280000064282089,low
BIO_6475,1686,6475,PFTrDA,Perfluorotridecanoic acid (C13),72629-94-8,unclassified,13.0,BCF,8128.31,3.91,L/kg,8128.31,,wet weight,steady_state,Danio rerio,Zebrafish,fish,muscle,24.0,aqueous,,,freshwater,,laboratory,ITRC,https://pfas-1.itrcweb.org/wp-content/uploads/2023/10/ITRC_PFAS_-BCF-BAF_compilation_Table5-1_Oct2021.xlsx,Chen 2016,ITRC-compiled,location=Singapore; waterbody=Lab; note=High Exposure Group; 3 replicates consisting each of 5 pooled individuals from a population of 300; uid=1168,2026-05-17T15:20:01+00:00,Perfluorotridecanoic acid,72629-94-8,LVDGGZAZAYHXEY-UHFFFAOYSA-N,,3018355.0,OC(=O)C(F)(F)C(F)(F)C(F)(F)C(F)(F)C(F)(F)C(F)(F)C(F)(F)C(F)(F)C(F)(F)C(F)(F)C(F)(F)C(F)(F)F,C13HF25O2,664.109,PFCA,8.3,,EPA,,,,,,O=C(O)C(F)(F)C(F)(F)C(F)(F)C(F)(F)C(F)(F)C(F)(F)C(F)(F)C(F)(F)C(F)(F)C(F)(F)C(F)(F)C(F)(F)F,O=C(O)C(F)(F)C(F)(F)C(F)(F)C(F)(F)C(F)(F)C(F)(F)C(F)(F)C(F)(F)C(F)(F)C(F)(F)C(F)(F)C(F)(F)F,CMP_277ba9982a59f21d5d1a,chen2016,10.1016/j.scitotenv.2016.05.215,provisional_normalized_citation_cross_source_equivalence_unverified,,,L/kg,1.0,8128.31,8128.31,3.91,3.910000258512931,-2.5851293106171624e-07,False,True,True,True,,retained,False,10.1016/j.scitotenv.2016.05.215,Bioavailability and bioconcentration potential of perfluoroalkyl-phosphinic and -phosphonic acids in zebrafish (Danio rerio): Comparison to perfluorocarboxylates and perfluorosulfonates,Chen 2016; Bioavailability and bioconcentration potential of perfluoroalkyl-phosphinic and -phosphonic acids in zebrafish (Danio rerio): Comparison to perfluorocarboxylates and perfluorosulfonates; The Science of the Total Environment,ITRC Table5-1; BCF-BAF Database!row 881; uid=1168; endpoint=BCF,,database_cell_verified,1.0,,,,,,,exact numeric cell match,original paper table/page and primary measurement not yet verified,,OBS_698d7ee1d606368e,1,candidate only; missing conditions and repeated experiments prevent unique identification,not verified against original experimental table,original search date/operator unavailable; current audit is not original collection history,,10.1016/j.scitotenv.2016.05.215,unverified_primary_table,exclude_from_primary_verified_analysis; retain_in_legacy_sensitivity,,,,,,,fish,False,,,data/04_bioaccumulation/ITRC_Table_5-1_BCF-BAF_aquatic.xlsx,BCF-BAF Database,881,H881;F881;G881,"{""BCF"": 8128.31, ""BCF Min"": null, ""BCF Max"": null}",reported_database_value,8128.31,True,True,bfc24df5dbd2d21341a9580e5053f7a7b89c1ddea1ebe75c55407f4cee27a54d,unverified_primary_table,fish,CIT_96153bf67e1613757c40,False,True,True,verified_tissue_BCF_summary,True,Table S9 row 123 column 7; muscle-high; pftrda; logBCFss,3.910000258512931,high
BIO_6476,1687,6476,PFTrDA,Perfluorotridecanoic acid (C13),72629-94-8,unclassified,13.0,BCF,69183.1,4.84,L/kg,69183.1,,wet weight,steady_state,Danio rerio,Zebrafish,fish,ovary,24.0,aqueous,,,freshwater,,laboratory,ITRC,https://pfas-1.itrcweb.org/wp-content/uploads/2023/10/ITRC_PFAS_-BCF-BAF_compilation_Table5-1_Oct2021.xlsx,Chen 2016,ITRC-compiled,location=Singapore; waterbody=Lab; note=Low Exposure Group; 3 replicates consisting each of 5 pooled individuals from a population of 300; uid=1169,2026-05-17T15:20:01+00:00,Perfluorotridecanoic acid,72629-94-8,LVDGGZAZAYHXEY-UHFFFAOYSA-N,,3018355.0,OC(=O)C(F)(F)C(F)(F)C(F)(F)C(F)(F)C(F)(F)C(F)(F)C(F)(F)C(F)(F)C(F)(F)C(F)(F)C(F)(F)C(F)(F)F,C13HF25O2,664.109,PFCA,8.3,,EPA,,,,,,O=C(O)C(F)(F)C(F)(F)C(F)(F)C(F)(F)C(F)(F)C(F)(F)C(F)(F)C(F)(F)C(F)(F)C(F)(F)C(F)(F)C(F)(F)F,O=C(O)C(F)(F)C(F)(F)C(F)(F)C(F)(F)C(F)(F)C(F)(F)C(F)(F)C(F)(F)C(F)(F)C(F)(F)C(F)(F)C(F)(F)F,CMP_277ba9982a59f21d5d1a,chen2016,10.1016/j.scitotenv.2016.05.215,provisional_normalized_citation_cross_source_equivalence_unverified,,,L/kg,1.0,69183.1,69183.1,4.84,4.840000018255536,-1.825553574974492e-08,False,True,True,True,,retained,False,10.1016/j.scitotenv.2016.05.215,Bioavailability and bioconcentration potential of perfluoroalkyl-phosphinic and -phosphonic acids in zebrafish (Danio rerio): Comparison to perfluorocarboxylates and perfluorosulfonates,Chen 2016; Bioavailability and bioconcentration potential of perfluoroalkyl-phosphinic and -phosphonic acids in zebrafish (Danio rerio): Comparison to perfluorocarboxylates and perfluorosulfonates; The Science of the Total Environment,ITRC Table5-1; BCF-BAF Database!row 882; uid=1169; endpoint=BCF,,database_cell_verified,1.0,,,,,,,exact numeric cell match,original paper table/page and primary measurement not yet verified,,OBS_84755a4662bb0289,1,candidate only; missing conditions and repeated experiments prevent unique identification,not verified against original experimental table,original search date/operator unavailable; current audit is not original collection history,,10.1016/j.scitotenv.2016.05.215,unverified_primary_table,exclude_from_primary_verified_analysis; retain_in_legacy_sensitivity,,,,,,,fish,False,,,data/04_bioaccumulation/ITRC_Table_5-1_BCF-BAF_aquatic.xlsx,BCF-BAF Database,882,H882;F882;G882,"{""BCF"": 69183.1, ""BCF Min"": null, ""BCF Max"": null}",reported_database_value,69183.1,True,True,bfc24df5dbd2d21341a9580e5053f7a7b89c1ddea1ebe75c55407f4cee27a54d,unverified_primary_table,fish,CIT_96153bf67e1613757c40,False,True,True,verified_tissue_BCF_summary,True,Table S9 row 145 column 7; ovary-low; pftrda; logBCFss,4.840000018255536,low
BIO_6477,1688,6477,PFTrDA,Perfluorotridecanoic acid (C13),72629-94-8,unclassified,13.0,BCF,8128.31,3.91,L/kg,8128.31,,wet weight,steady_state,Danio rerio,Zebrafish,fish,ovary,24.0,aqueous,,,freshwater,,laboratory,ITRC,https://pfas-1.itrcweb.org/wp-content/uploads/2023/10/ITRC_PFAS_-BCF-BAF_compilation_Table5-1_Oct2021.xlsx,Chen 2016,ITRC-compiled,location=Singapore; waterbody=Lab; note=High Exposure Group; 3 replicates consisting each of 5 pooled individuals from a population of 300; uid=1170,2026-05-17T15:20:01+00:00,Perfluorotridecanoic acid,72629-94-8,LVDGGZAZAYHXEY-UHFFFAOYSA-N,,3018355.0,OC(=O)C(F)(F)C(F)(F)C(F)(F)C(F)(F)C(F)(F)C(F)(F)C(F)(F)C(F)(F)C(F)(F)C(F)(F)C(F)(F)C(F)(F)F,C13HF25O2,664.109,PFCA,8.3,,EPA,,,,,,O=C(O)C(F)(F)C(F)(F)C(F)(F)C(F)(F)C(F)(F)C(F)(F)C(F)(F)C(F)(F)C(F)(F)C(F)(F)C(F)(F)C(F)(F)F,O=C(O)C(F)(F)C(F)(F)C(F)(F)C(F)(F)C(F)(F)C(F)(F)C(F)(F)C(F)(F)C(F)(F)C(F)(F)C(F)(F)C(F)(F)F,CMP_277ba9982a59f21d5d1a,chen2016,10.1016/j.scitotenv.2016.05.215,provisional_normalized_citation_cross_source_equivalence_unverified,,,L/kg,1.0,8128.31,8128.31,3.91,3.910000258512931,-2.5851293106171624e-07,False,True,True,True,,retained,False,10.1016/j.scitotenv.2016.05.215,Bioavailability and bioconcentration potential of perfluoroalkyl-phosphinic and -phosphonic acids in zebrafish (Danio rerio): Comparison to perfluorocarboxylates and perfluorosulfonates,Chen 2016; Bioavailability and bioconcentration potential of perfluoroalkyl-phosphinic and -phosphonic acids in zebrafish (Danio rerio): Comparison to perfluorocarboxylates and perfluorosulfonates; The Science of the Total Environment,ITRC Table5-1; BCF-BAF Database!row 883; uid=1170; endpoint=BCF,,database_cell_verified,1.0,,,,,,,exact numeric cell match,original paper table/page and primary measurement not yet verified,,OBS_39e646a200bf7cee,1,candidate only; missing conditions and repeated experiments prevent unique identification,not verified against original experimental table,original search date/operator unavailable; current audit is not original collection history,,10.1016/j.scitotenv.2016.05.215,unverified_primary_table,exclude_from_primary_verified_analysis; retain_in_legacy_sensitivity,,,,,,,fish,False,,,data/04_bioaccumulation/ITRC_Table_5-1_BCF-BAF_aquatic.xlsx,BCF-BAF Database,883,H883;F883;G883,"{""BCF"": 8128.31, ""BCF Min"": null, ""BCF Max"": null}",reported_database_value,8128.31,True,True,bfc24df5dbd2d21341a9580e5053f7a7b89c1ddea1ebe75c55407f4cee27a54d,unverified_primary_table,fish,CIT_96153bf67e1613757c40,False,True,True,verified_tissue_BCF_summary,True,Table S9 row 167 column 7; ovary-high; pftrda; logBCFss,3.910000258512931,high
BIO_6495,1706,6495,PFUnDA,Perfluoroundecanoic acid,2058-94-8,PFCA,11.0,BCF,13803.84,4.14,L/kg,13803.84,,wet weight,steady_state,Danio rerio,Zebrafish,fish,liver,24.0,aqueous,,,freshwater,,laboratory,ITRC,https://pfas-1.itrcweb.org/wp-content/uploads/2023/10/ITRC_PFAS_-BCF-BAF_compilation_Table5-1_Oct2021.xlsx,Chen 2016,ITRC-compiled,location=Singapore; waterbody=Lab; note=Low Exposure Group; 3 replicates consisting each of 5 pooled individuals from a population of 300; uid=1190,2026-05-17T15:20:02+00:00,Perfluoroundecanoic acid,2058-94-8,SIDINRCMMRKXGQ-UHFFFAOYSA-N,,77222.0,OC(=O)C(F)(F)C(F)(F)C(F)(F)C(F)(F)C(F)(F)C(F)(F)C(F)(F)C(F)(F)C(F)(F)C(F)(F)F,C11HF21O2,564.093,PFCA,6.9,,EPA,,,,,,O=C(O)C(F)(F)C(F)(F)C(F)(F)C(F)(F)C(F)(F)C(F)(F)C(F)(F)C(F)(F)C(F)(F)C(F)(F)F,O=C(O)C(F)(F)C(F)(F)C(F)(F)C(F)(F)C(F)(F)C(F)(F)C(F)(F)C(F)(F)C(F)(F)C(F)(F)F,CMP_ba6c40d3726d16919ab2,chen2016,10.1016/j.scitotenv.2016.05.215,provisional_normalized_citation_cross_source_equivalence_unverified,,,L/kg,1.0,13803.84,13803.84,4.14,4.139999916751019,8.324898104206113e-08,False,True,True,True,,retained,False,10.1016/j.scitotenv.2016.05.215,Bioavailability and bioconcentration potential of perfluoroalkyl-phosphinic and -phosphonic acids in zebrafish (Danio rerio): Comparison to perfluorocarboxylates and perfluorosulfonates,Chen 2016; Bioavailability and bioconcentration potential of perfluoroalkyl-phosphinic and -phosphonic acids in zebrafish (Danio rerio): Comparison to perfluorocarboxylates and perfluorosulfonates; The Science of the Total Environment,ITRC Table5-1; BCF-BAF Database!row 901; uid=1190; endpoint=BCF,,database_cell_verified,1.0,,,,,,,exact numeric cell match,original paper table/page and primary measurement not yet verified,,OBS_67a2f36469b125d8,1,candidate only; missing conditions and repeated experiments prevent unique identification,not verified against original experimental table,original search date/operator unavailable; current audit is not original collection history,,10.1016/j.scitotenv.2016.05.215,unverified_primary_table,exclude_from_primary_verified_analysis; retain_in_legacy_sensitivity,,,,,,,fish,False,,,data/04_bioaccumulation/ITRC_Table_5-1_BCF-BAF_aquatic.xlsx,BCF-BAF Database,901,H901;F901;G901,"{""BCF"": 13803.84, ""BCF Min"": null, ""BCF Max"": null}",reported_database_value,13803.84,True,True,bfc24df5dbd2d21341a9580e5053f7a7b89c1ddea1ebe75c55407f4cee27a54d,unverified_primary_table,fish,CIT_96153bf67e1613757c40,False,True,True,verified_tissue_BCF_summary,True,Table S9 row 55 column 7; liver-low; pfunda; logBCFss,4.139999916751019,low
BIO_6497,1707,6497,PFUnDA,Perfluoroundecanoic acid,2058-94-8,PFCA,11.0,BCF,4365.16,3.64,L/kg,4365.16,,wet weight,steady_state,Danio rerio,Zebrafish,fish,muscle,24.0,aqueous,,,freshwater,,laboratory,ITRC,https://pfas-1.itrcweb.org/wp-content/uploads/2023/10/ITRC_PFAS_-BCF-BAF_compilation_Table5-1_Oct2021.xlsx,Chen 2016,ITRC-compiled,location=Singapore; waterbody=Lab; note=Low Exposure Group; 3 replicates consisting each of 5 pooled individuals from a population of 300; uid=1192,2026-05-17T15:20:02+00:00,Perfluoroundecanoic acid,2058-94-8,SIDINRCMMRKXGQ-UHFFFAOYSA-N,,77222.0,OC(=O)C(F)(F)C(F)(F)C(F)(F)C(F)(F)C(F)(F)C(F)(F)C(F)(F)C(F)(F)C(F)(F)C(F)(F)F,C11HF21O2,564.093,PFCA,6.9,,EPA,,,,,,O=C(O)C(F)(F)C(F)(F)C(F)(F)C(F)(F)C(F)(F)C(F)(F)C(F)(F)C(F)(F)C(F)(F)C(F)(F)F,O=C(O)C(F)(F)C(F)(F)C(F)(F)C(F)(F)C(F)(F)C(F)(F)C(F)(F)C(F)(F)C(F)(F)C(F)(F)F,CMP_ba6c40d3726d16919ab2,chen2016,10.1016/j.scitotenv.2016.05.215,provisional_normalized_citation_cross_source_equivalence_unverified,,,L/kg,1.0,4365.16,4365.16,3.64,3.6400001669061024,-1.6690610227243496e-07,False,True,True,True,,retained,False,10.1016/j.scitotenv.2016.05.215,Bioavailability and bioconcentration potential of perfluoroalkyl-phosphinic and -phosphonic acids in zebrafish (Danio rerio): Comparison to perfluorocarboxylates and perfluorosulfonates,Chen 2016; Bioavailability and bioconcentration potential of perfluoroalkyl-phosphinic and -phosphonic acids in zebrafish (Danio rerio): Comparison to perfluorocarboxylates and perfluorosulfonates; The Science of the Total Environment,ITRC Table5-1; BCF-BAF Database!row 903; uid=1192; endpoint=BCF,,database_cell_verified,1.0,,,,,,,exact numeric cell match,original paper table/page and primary measurement not yet verified,,OBS_133b627a857c501f,1,candidate only; missing conditions and repeated experiments prevent unique identification,not verified against original experimental table,original search date/operator unavailable; current audit is not original collection history,,10.1016/j.scitotenv.2016.05.215,unverified_primary_table,exclude_from_primary_verified_analysis; retain_in_legacy_sensitivity,,,,,,,fish,False,,,data/04_bioaccumulation/ITRC_Table_5-1_BCF-BAF_aquatic.xlsx,BCF-BAF Database,903,H903;F903;G903,"{""BCF"": 4365.16, ""BCF Min"": null, ""BCF Max"": null}",reported_database_value,4365.16,True,True,bfc24df5dbd2d21341a9580e5053f7a7b89c1ddea1ebe75c55407f4cee27a54d,unverified_primary_table,fish,CIT_96153bf67e1613757c40,False,True,True,verified_tissue_BCF_summary,True,Table S9 row 99 column 7; muscle-low; pfunda; logBCFss,3.6400001669061024,low
BIO_6498,1708,6498,PFUnDA,Perfluoroundecanoic acid,2058-94-8,PFCA,11.0,BCF,4265.8,3.63,L/kg,4265.8,,wet weight,steady_state,Danio rerio,Zebrafish,fish,muscle,24.0,aqueous,,,freshwater,,laboratory,ITRC,https://pfas-1.itrcweb.org/wp-content/uploads/2023/10/ITRC_PFAS_-BCF-BAF_compilation_Table5-1_Oct2021.xlsx,Chen 2016,ITRC-compiled,location=Singapore; waterbody=Lab; note=High Exposure Group; 3 replicates consisting each of 5 pooled individuals from a population of 300; uid=1193,2026-05-17T15:20:02+00:00,Perfluoroundecanoic acid,2058-94-8,SIDINRCMMRKXGQ-UHFFFAOYSA-N,,77222.0,OC(=O)C(F)(F)C(F)(F)C(F)(F)C(F)(F)C(F)(F)C(F)(F)C(F)(F)C(F)(F)C(F)(F)C(F)(F)F,C11HF21O2,564.093,PFCA,6.9,,EPA,,,,,,O=C(O)C(F)(F)C(F)(F)C(F)(F)C(F)(F)C(F)(F)C(F)(F)C(F)(F)C(F)(F)C(F)(F)C(F)(F)F,O=C(O)C(F)(F)C(F)(F)C(F)(F)C(F)(F)C(F)(F)C(F)(F)C(F)(F)C(F)(F)C(F)(F)C(F)(F)F,CMP_ba6c40d3726d16919ab2,chen2016,10.1016/j.scitotenv.2016.05.215,provisional_normalized_citation_cross_source_equivalence_unverified,,,L/kg,1.0,4265.8,4265.8,3.63,3.630000489900912,-4.899009118375375e-07,False,True,True,True,,retained,False,10.1016/j.scitotenv.2016.05.215,Bioavailability and bioconcentration potential of perfluoroalkyl-phosphinic and -phosphonic acids in zebrafish (Danio rerio): Comparison to perfluorocarboxylates and perfluorosulfonates,Chen 2016; Bioavailability and bioconcentration potential of perfluoroalkyl-phosphinic and -phosphonic acids in zebrafish (Danio rerio): Comparison to perfluorocarboxylates and perfluorosulfonates; The Science of the Total Environment,ITRC Table5-1; BCF-BAF Database!row 904; uid=1193; endpoint=BCF,,database_cell_verified,1.0,,,,,,,exact numeric cell match,original paper table/page and primary measurement not yet verified,,OBS_5f4ef517dd9cf4b9,1,candidate only; missing conditions and repeated experiments prevent unique identification,not verified against original experimental table,original search date/operator unavailable; current audit is not original collection history,,10.1016/j.scitotenv.2016.05.215,unverified_primary_table,exclude_from_primary_verified_analysis; retain_in_legacy_sensitivity,,,,,,,fish,False,,,data/04_bioaccumulation/ITRC_Table_5-1_BCF-BAF_aquatic.xlsx,BCF-BAF Database,904,H904;F904;G904,"{""BCF"": 4265.8, ""BCF Min"": null, ""BCF Max"": null}",reported_database_value,4265.8,True,True,bfc24df5dbd2d21341a9580e5053f7a7b89c1ddea1ebe75c55407f4cee27a54d,unverified_primary_table,fish,CIT_96153bf67e1613757c40,False,True,True,verified_tissue_BCF_summary,True,Table S9 row 121 column 7; muscle-high; pfunda; logBCFss,3.630000489900912,high
BIO_6499,1709,6499,PFUnDA,Perfluoroundecanoic acid,2058-94-8,PFCA,11.0,BCF,20417.38,4.31,L/kg,20417.38,,wet weight,steady_state,Danio rerio,Zebrafish,fish,ovary,24.0,aqueous,,,freshwater,,laboratory,ITRC,https://pfas-1.itrcweb.org/wp-content/uploads/2023/10/ITRC_PFAS_-BCF-BAF_compilation_Table5-1_Oct2021.xlsx,Chen 2016,ITRC-compiled,location=Singapore; waterbody=Lab; note=Low Exposure Group; 3 replicates consisting each of 5 pooled individuals from a population of 300; uid=1194,2026-05-17T15:20:02+00:00,Perfluoroundecanoic acid,2058-94-8,SIDINRCMMRKXGQ-UHFFFAOYSA-N,,77222.0,OC(=O)C(F)(F)C(F)(F)C(F)(F)C(F)(F)C(F)(F)C(F)(F)C(F)(F)C(F)(F)C(F)(F)C(F)(F)F,C11HF21O2,564.093,PFCA,6.9,,EPA,,,,,,O=C(O)C(F)(F)C(F)(F)C(F)(F)C(F)(F)C(F)(F)C(F)(F)C(F)(F)C(F)(F)C(F)(F)C(F)(F)F,O=C(O)C(F)(F)C(F)(F)C(F)(F)C(F)(F)C(F)(F)C(F)(F)C(F)(F)C(F)(F)C(F)(F)C(F)(F)F,CMP_ba6c40d3726d16919ab2,chen2016,10.1016/j.scitotenv.2016.05.215,provisional_normalized_citation_cross_source_equivalence_unverified,,,L/kg,1.0,20417.38,20417.38,4.31,4.310000011769247,-1.176924691037584e-08,False,True,True,True,,retained,False,10.1016/j.scitotenv.2016.05.215,Bioavailability and bioconcentration potential of perfluoroalkyl-phosphinic and -phosphonic acids in zebrafish (Danio rerio): Comparison to perfluorocarboxylates and perfluorosulfonates,Chen 2016; Bioavailability and bioconcentration potential of perfluoroalkyl-phosphinic and -phosphonic acids in zebrafish (Danio rerio): Comparison to perfluorocarboxylates and perfluorosulfonates; The Science of the Total Environment,ITRC Table5-1; BCF-BAF Database!row 905; uid=1194; endpoint=BCF,,database_cell_verified,1.0,,,,,,,exact numeric cell match,original paper table/page and primary measurement not yet verified,,OBS_4a2adeb6fa19db30,1,candidate only; missing conditions and repeated experiments prevent unique identification,not verified against original experimental table,original search date/operator unavailable; current audit is not original collection history,,10.1016/j.scitotenv.2016.05.215,unverified_primary_table,exclude_from_primary_verified_analysis; retain_in_legacy_sensitivity,,,,,,,fish,False,,,data/04_bioaccumulation/ITRC_Table_5-1_BCF-BAF_aquatic.xlsx,BCF-BAF Database,905,H905;F905;G905,"{""BCF"": 20417.38, ""BCF Min"": null, ""BCF Max"": null}",reported_database_value,20417.38,True,True,bfc24df5dbd2d21341a9580e5053f7a7b89c1ddea1ebe75c55407f4cee27a54d,unverified_primary_table,fish,CIT_96153bf67e1613757c40,False,True,True,verified_tissue_BCF_summary,True,Table S9 row 143 column 7; ovary-low; pfunda; logBCFss,4.310000011769247,low
BIO_6500,1710,6500,PFUnDA,Perfluoroundecanoic acid,2058-94-8,PFCA,11.0,BCF,6456.54,3.81,L/kg,6456.54,,wet weight,steady_state,Danio rerio,Zebrafish,fish,ovary,24.0,aqueous,,,freshwater,,laboratory,ITRC,https://pfas-1.itrcweb.org/wp-content/uploads/2023/10/ITRC_PFAS_-BCF-BAF_compilation_Table5-1_Oct2021.xlsx,Chen 2016,ITRC-compiled,location=Singapore; waterbody=Lab; note=High Exposure Group; 3 replicates consisting each of 5 pooled individuals from a population of 300; uid=1195,2026-05-17T15:20:02+00:00,Perfluoroundecanoic acid,2058-94-8,SIDINRCMMRKXGQ-UHFFFAOYSA-N,,77222.0,OC(=O)C(F)(F)C(F)(F)C(F)(F)C(F)(F)C(F)(F)C(F)(F)C(F)(F)C(F)(F)C(F)(F)C(F)(F)F,C11HF21O2,564.093,PFCA,6.9,,EPA,,,,,,O=C(O)C(F)(F)C(F)(F)C(F)(F)C(F)(F)C(F)(F)C(F)(F)C(F)(F)C(F)(F)C(F)(F)C(F)(F)F,O=C(O)C(F)(F)C(F)(F)C(F)(F)C(F)(F)C(F)(F)C(F)(F)C(F)(F)C(F)(F)C(F)(F)C(F)(F)F,CMP_ba6c40d3726d16919ab2,chen2016,10.1016/j.scitotenv.2016.05.215,provisional_normalized_citation_cross_source_equivalence_unverified,,,L/kg,1.0,6456.54,6456.54,3.81,3.809999845941527,1.54058473089691e-07,False,True,True,True,,retained,False,10.1016/j.scitotenv.2016.05.215,Bioavailability and bioconcentration potential of perfluoroalkyl-phosphinic and -phosphonic acids in zebrafish (Danio rerio): Comparison to perfluorocarboxylates and perfluorosulfonates,Chen 2016; Bioavailability and bioconcentration potential of perfluoroalkyl-phosphinic and -phosphonic acids in zebrafish (Danio rerio): Comparison to perfluorocarboxylates and perfluorosulfonates; The Science of the Total Environment,ITRC Table5-1; BCF-BAF Database!row 906; uid=1195; endpoint=BCF,,database_cell_verified,1.0,,,,,,,exact numeric cell match,original paper table/page and primary measurement not yet verified,,OBS_8b80bbe4a83384b3,1,candidate only; missing conditions and repeated experiments prevent unique identification,not verified against original experimental table,original search date/operator unavailable; current audit is not original collection history,,10.1016/j.scitotenv.2016.05.215,unverified_primary_table,exclude_from_primary_verified_analysis; retain_in_legacy_sensitivity,,,,,,,fish,False,,,data/04_bioaccumulation/ITRC_Table_5-1_BCF-BAF_aquatic.xlsx,BCF-BAF Database,906,H906;F906;G906,"{""BCF"": 6456.54, ""BCF Min"": null, ""BCF Max"": null}",reported_database_value,6456.54,True,True,bfc24df5dbd2d21341a9580e5053f7a7b89c1ddea1ebe75c55407f4cee27a54d,unverified_primary_table,fish,CIT_96153bf67e1613757c40,False,True,True,verified_tissue_BCF_summary,True,Table S9 row 165 column 7; ovary-high; pfunda; logBCFss,3.809999845941527,high
BIO_6506,1716,6506,PFUnDA,Perfluoroundecanoic acid,2058-94-8,PFCA,11.0,BAF,218776.1623949554,5.34,L/kg,218776.1623949553,,wet weight,,Clupea harengus,Herring,fish,whole body,,,,,marine,,field,ITRC,https://pfas-1.itrcweb.org/wp-content/uploads/2023/10/ITRC_PFAS_-BCF-BAF_compilation_Table5-1_Oct2021.xlsx,Gebbink 2016,ITRC-compiled,location=Baltic Sea; waterbody=Coastal ocean; note=Error estimates available; uid=1205,2026-05-17T15:20:02+00:00,Perfluoroundecanoic acid,2058-94-8,SIDINRCMMRKXGQ-UHFFFAOYSA-N,,77222.0,OC(=O)C(F)(F)C(F)(F)C(F)(F)C(F)(F)C(F)(F)C(F)(F)C(F)(F)C(F)(F)C(F)(F)C(F)(F)F,C11HF21O2,564.093,PFCA,6.9,,EPA,,,,,,O=C(O)C(F)(F)C(F)(F)C(F)(F)C(F)(F)C(F)(F)C(F)(F)C(F)(F)C(F)(F)C(F)(F)C(F)(F)F,O=C(O)C(F)(F)C(F)(F)C(F)(F)C(F)(F)C(F)(F)C(F)(F)C(F)(F)C(F)(F)C(F)(F)C(F)(F)F,CMP_ba6c40d3726d16919ab2,gebbink2016,10.1021/acs.est.6b01197,provisional_normalized_citation_cross_source_equivalence_unverified,,,L/kg,1.0,218776.1623949554,218776.1623949554,5.340000000000001,5.340000000000001,-8.881784197001252e-16,False,True,True,True,,retained,False,10.1021/acs.est.6b01197,Perfluoroalkyl Acids (PFAAs) and Selected Precursors in the Baltic Sea Environment: Do Precursors Play a Role in Food Web Accumulation of PFAAs?,Gebbink 2016; Perfluoroalkyl Acids (PFAAs) and Selected Precursors in the Baltic Sea Environment: Do Precursors Play a Role in Food Web Accumulation of PFAAs?; Environ. Sci. Technol.,ITRC Table5-1; BCF-BAF Database!row 912; uid=1205; endpoint=BAF,,database_cell_verified,1.0,,,,,,,exact numeric cell match,original paper table/page and primary measurement not yet verified,,OBS_2962c78b5db2b3d4,1,candidate only; missing conditions and repeated experiments prevent unique identification,not verified against original experimental table,original search date/operator unavailable; current audit is not original collection history,,10.1021/acs.est.6b01197,verified_summary,retain_verified_summary_separate_from_individual_measurements,SI Table S9 PDF page 16; PFUnDA; herring,5.34,log10,Field summary; source column and bound retained,sources/e8fb86127eac974b/es6b01197_si_001.pdf,ca4e1f79294159f7e4ab,,True,b2fb1eece4420ca0d7457c1092f3cefd7dce61a5f9dae773de0efc3ed7eb768d,https://ndownloader.figshare.com/files/5323630,data/04_bioaccumulation/ITRC_Table_5-1_BCF-BAF_aquatic.xlsx,BCF-BAF Database,912,K912;I912;J912,"{""BAF"": 218776.16239495538, ""BAF Min"": null, ""BAF Max"": null}",reported_database_value,218776.1623949553,True,True,bfc24df5dbd2d21341a9580e5053f7a7b89c1ddea1ebe75c55407f4cee27a54d,verified_summary,,CIT_3e7f6a7070b23a4e5e18,True,True,True,verified_summary,True,SI Table S9 PDF page 16; PFUnDA; herring,5.340000000000001,not_reported
BIO_6507,1717,6507,PFUnDA,Perfluoroundecanoic acid,2058-94-8,PFCA,11.0,BAF,158489.3192461116,5.2,L/kg,158489.31924611164,,wet weight,,Sprattus sprattus,Sprat,fish,whole body,,,,,marine,,field,ITRC,https://pfas-1.itrcweb.org/wp-content/uploads/2023/10/ITRC_PFAS_-BCF-BAF_compilation_Table5-1_Oct2021.xlsx,Gebbink 2016,ITRC-compiled,location=Baltic Sea; waterbody=Coastal ocean; note=Error estimates available; uid=1206,2026-05-17T15:20:02+00:00,Perfluoroundecanoic acid,2058-94-8,SIDINRCMMRKXGQ-UHFFFAOYSA-N,,77222.0,OC(=O)C(F)(F)C(F)(F)C(F)(F)C(F)(F)C(F)(F)C(F)(F)C(F)(F)C(F)(F)C(F)(F)C(F)(F)F,C11HF21O2,564.093,PFCA,6.9,,EPA,,,,,,O=C(O)C(F)(F)C(F)(F)C(F)(F)C(F)(F)C(F)(F)C(F)(F)C(F)(F)C(F)(F)C(F)(F)C(F)(F)F,O=C(O)C(F)(F)C(F)(F)C(F)(F)C(F)(F)C(F)(F)C(F)(F)C(F)(F)C(F)(F)C(F)(F)C(F)(F)F,CMP_ba6c40d3726d16919ab2,gebbink2016,10.1021/acs.est.6b01197,provisional_normalized_citation_cross_source_equivalence_unverified,,,L/kg,1.0,158489.3192461116,158489.3192461116,5.200000000000001,5.200000000000001,-8.881784197001252e-16,False,True,True,True,,retained,False,10.1021/acs.est.6b01197,Perfluoroalkyl Acids (PFAAs) and Selected Precursors in the Baltic Sea Environment: Do Precursors Play a Role in Food Web Accumulation of PFAAs?,Gebbink 2016; Perfluoroalkyl Acids (PFAAs) and Selected Precursors in the Baltic Sea Environment: Do Precursors Play a Role in Food Web Accumulation of PFAAs?; Environ. Sci. Technol.,ITRC Table5-1; BCF-BAF Database!row 913; uid=1206; endpoint=BAF,,database_cell_verified,1.0,,,,,,,exact numeric cell match,original paper table/page and primary measurement not yet verified,,OBS_29ed1b02eb0294b5,1,candidate only; missing conditions and repeated experiments prevent unique identification,not verified against original experimental table,original search date/operator unavailable; current audit is not original collection history,,10.1021/acs.est.6b01197,verified_summary,retain_verified_summary_separate_from_individual_measurements,SI Table S9 PDF page 16; PFUnDA; sprat,5.2,log10,Field summary; source column and bound retained,sources/e8fb86127eac974b/es6b01197_si_001.pdf,7d9fddf76589aacba3ae,fish,True,b2fb1eece4420ca0d7457c1092f3cefd7dce61a5f9dae773de0efc3ed7eb768d,https://ndownloader.figshare.com/files/5323630,data/04_bioaccumulation/ITRC_Table_5-1_BCF-BAF_aquatic.xlsx,BCF-BAF Database,913,K913;I913;J913,"{""BAF"": 158489.31924611164, ""BAF Min"": null, ""BAF Max"": null}",reported_database_value,158489.31924611164,True,True,bfc24df5dbd2d21341a9580e5053f7a7b89c1ddea1ebe75c55407f4cee27a54d,verified_summary,mammal,CIT_3e7f6a7070b23a4e5e18,True,True,True,verified_summary,True,SI Table S9 PDF page 16; PFUnDA; sprat,5.200000000000001,not_reported
BIO_6558,1768,6558,PFOA,Perfluorooctanoic acid,335-67-1,PFCA,8.0,BAF,20.0,1.301,L/kg,20.0,,wet weight,,Crassostrea gigas,Oyster,invertebrate,whole body,,,,,brackish,,field,ITRC,https://pfas-1.itrcweb.org/wp-content/uploads/2023/10/ITRC_PFAS_-BCF-BAF_compilation_Table5-1_Oct2021.xlsx,Munoz 2017,ITRC-compiled,location=Gironde estuary; waterbody=Estuary; note=Error estimates available; uid=1271,2026-05-17T15:20:05+00:00,Perfluorooctanoic acid,335-67-1,SNGREZUHAYWORS-UHFFFAOYSA-N,,9554.0,OC(=O)C(F)(F)C(F)(F)C(F)(F)C(F)(F)C(F)(F)C(F)(F)C(F)(F)F,C8HF15O2,414.07,PFCA,4.9,,EPA,,,,,,O=C(O)C(F)(F)C(F)(F)C(F)(F)C(F)(F)C(F)(F)C(F)(F)C(F)(F)F,O=C(O)C(F)(F)C(F)(F)C(F)(F)C(F)(F)C(F)(F)C(F)(F)C(F)(F)F,CMP_d156c7f61581a866704b,munoz2017,10.1021/acs.est.7b02399,provisional_normalized_citation_cross_source_equivalence_unverified,,,L/kg,1.0,20.0,20.0,1.3010299956639813,1.3010299956639813,-2.999566398131925e-05,False,True,True,True,,retained,False,10.1021/acs.est.7b02399,Evidence for the Trophic Transfer of Perfluoroalkylated Substancesin a Temperate Macrotidal Estuary,Munoz 2017; Evidence for the Trophic Transfer of Perfluoroalkylated Substancesin a Temperate Macrotidal Estuary; Environmental Science & Technology,ITRC Table5-1; BCF-BAF Database!row 970; uid=1271; endpoint=BAF,,database_cell_verified,1.0,,,,,,,exact numeric cell match,original paper table/page and primary measurement not yet verified,,OBS_21e2c4a6a3e0121e,1,candidate only; missing conditions and repeated experiments prevent unique identification,not verified against original experimental table,original search date/operator unavailable; current audit is not original collection history,,10.1021/acs.est.7b02399,verified_summary,retain_verified_summary_separate_from_individual_measurements,SI Table S11 PDF page 26; crassostrea gigas; PFOA; mean,20.0,linear,"Wet whole-body equivalent; source Table S2 uses muscle-to-whole-body conversion for fish; group mean, not independent individual observations",sources/7b661dcc85c9262b/es7b02399_si_001.pdf,f644f67e009948e9d887,,True,e69fd4b850d3fe8ce3c8bea28a89fb8f8179ceefc347202435fdb289f2eeb10d,https://ndownloader.figshare.com/files/8909803,data/04_bioaccumulation/ITRC_Table_5-1_BCF-BAF_aquatic.xlsx,BCF-BAF Database,970,K970;I970;J970,"{""BAF"": 20, ""BAF Min"": null, ""BAF Max"": null}",reported_database_value,20.0,True,True,bfc24df5dbd2d21341a9580e5053f7a7b89c1ddea1ebe75c55407f4cee27a54d,verified_summary,,CIT_21c71b40f20934d048b4,True,True,True,verified_summary,True,SI Table S11 PDF page 26; crassostrea gigas; PFOA; mean,1.3010299956639813,not_reported
BIO_6559,1769,6559,PFOA,Perfluorooctanoic acid,335-67-1,PFCA,8.0,BAF,358.0,2.5539,L/kg,358.0,,wet weight,,"Copepoda, ind.",Copepods,invertebrate,whole body,,,,,brackish,,field,ITRC,https://pfas-1.itrcweb.org/wp-content/uploads/2023/10/ITRC_PFAS_-BCF-BAF_compilation_Table5-1_Oct2021.xlsx,Munoz 2017,ITRC-compiled,location=Gironde estuary; waterbody=Estuary; note=Error estimates available; uid=1272,2026-05-17T15:20:05+00:00,Perfluorooctanoic acid,335-67-1,SNGREZUHAYWORS-UHFFFAOYSA-N,,9554.0,OC(=O)C(F)(F)C(F)(F)C(F)(F)C(F)(F)C(F)(F)C(F)(F)C(F)(F)F,C8HF15O2,414.07,PFCA,4.9,,EPA,,,,,,O=C(O)C(F)(F)C(F)(F)C(F)(F)C(F)(F)C(F)(F)C(F)(F)C(F)(F)F,O=C(O)C(F)(F)C(F)(F)C(F)(F)C(F)(F)C(F)(F)C(F)(F)C(F)(F)F,CMP_d156c7f61581a866704b,munoz2017,10.1021/acs.est.7b02399,provisional_normalized_citation_cross_source_equivalence_unverified,,,L/kg,1.0,358.0,358.0,2.5538830266438746,2.5538830266438746,1.6973356125493666e-05,False,True,True,True,,retained,False,10.1021/acs.est.7b02399,Evidence for the Trophic Transfer of Perfluoroalkylated Substancesin a Temperate Macrotidal Estuary,Munoz 2017; Evidence for the Trophic Transfer of Perfluoroalkylated Substancesin a Temperate Macrotidal Estuary; Environmental Science & Technology,ITRC Table5-1; BCF-BAF Database!row 971; uid=1272; endpoint=BAF,,database_cell_verified,1.0,,,,,,,exact numeric cell match,original paper table/page and primary measurement not yet verified,,OBS_9b49be92a97bc32b,1,candidate only; missing conditions and repeated experiments prevent unique identification,not verified against original experimental table,original search date/operator unavailable; current audit is not original collection history,,10.1021/acs.est.7b02399,verified_summary,retain_verified_summary_separate_from_individual_measurements,"SI Table S11 PDF page 26; copepoda, ind.; PFOA; mean",358.0,linear,"Wet whole-body equivalent; source Table S2 uses muscle-to-whole-body conversion for fish; group mean, not independent individual observations",sources/7b661dcc85c9262b/es7b02399_si_001.pdf,0a17e68bda457de1d36c,invertebrate,True,e69fd4b850d3fe8ce3c8bea28a89fb8f8179ceefc347202435fdb289f2eeb10d,https://ndownloader.figshare.com/files/8909803,data/04_bioaccumulation/ITRC_Table_5-1_BCF-BAF_aquatic.xlsx,BCF-BAF Database,971,K971;I971;J971,"{""BAF"": 358, ""BAF Min"": null, ""BAF Max"": null}",reported_database_value,358.0,True,True,bfc24df5dbd2d21341a9580e5053f7a7b89c1ddea1ebe75c55407f4cee27a54d,verified_summary,invertebrate,CIT_21c71b40f20934d048b4,True,True,True,verified_summary,True,"SI Table S11 PDF page 26; copepoda, ind.; PFOA; mean",2.5538830266438746,not_reported
BIO_6560,1770,6560,PFOA,Perfluorooctanoic acid,335-67-1,PFCA,8.0,BAF,108.0,2.0334,L/kg,108.0,,wet weight,,Mysidacea,Mysids,invertebrate,whole body,,,,,brackish,,field,ITRC,https://pfas-1.itrcweb.org/wp-content/uploads/2023/10/ITRC_PFAS_-BCF-BAF_compilation_Table5-1_Oct2021.xlsx,Munoz 2017,ITRC-compiled,location=Gironde estuary; waterbody=Estuary; note=Error estimates available; uid=1273,2026-05-17T15:20:05+00:00,Perfluorooctanoic acid,335-67-1,SNGREZUHAYWORS-UHFFFAOYSA-N,,9554.0,OC(=O)C(F)(F)C(F)(F)C(F)(F)C(F)(F)C(F)(F)C(F)(F)C(F)(F)F,C8HF15O2,414.07,PFCA,4.9,,EPA,,,,,,O=C(O)C(F)(F)C(F)(F)C(F)(F)C(F)(F)C(F)(F)C(F)(F)C(F)(F)F,O=C(O)C(F)(F)C(F)(F)C(F)(F)C(F)(F)C(F)(F)C(F)(F)C(F)(F)F,CMP_d156c7f61581a866704b,munoz2017,10.1021/acs.est.7b02399,provisional_normalized_citation_cross_source_equivalence_unverified,,,L/kg,1.0,108.0,108.0,2.03342375548695,2.03342375548695,-2.375548694999452e-05,False,True,True,True,,retained,False,10.1021/acs.est.7b02399,Evidence for the Trophic Transfer of Perfluoroalkylated Substancesin a Temperate Macrotidal Estuary,Munoz 2017; Evidence for the Trophic Transfer of Perfluoroalkylated Substancesin a Temperate Macrotidal Estuary; Environmental Science & Technology,ITRC Table5-1; BCF-BAF Database!row 972; uid=1273; endpoint=BAF,,database_cell_verified,1.0,,,,,,,exact numeric cell match,original paper table/page and primary measurement not yet verified,,OBS_bf3e16cd6974c02b,1,candidate only; missing conditions and repeated experiments prevent unique identification,not verified against original experimental table,original search date/operator unavailable; current audit is not original collection history,,10.1021/acs.est.7b02399,verified_summary,retain_verified_summary_separate_from_individual_measurements,"SI Table S11 PDF page 26; mysidacea, ind.; PFOA; mean",108.0,linear,"Wet whole-body equivalent; source Table S2 uses muscle-to-whole-body conversion for fish; group mean, not independent individual observations",sources/7b661dcc85c9262b/es7b02399_si_001.pdf,e0c088a0ff0f0f99d876,,True,e69fd4b850d3fe8ce3c8bea28a89fb8f8179ceefc347202435fdb289f2eeb10d,https://ndownloader.figshare.com/files/8909803,data/04_bioaccumulation/ITRC_Table_5-1_BCF-BAF_aquatic.xlsx,BCF-BAF Database,972,K972;I972;J972,"{""BAF"": 108, ""BAF Min"": null, ""BAF Max"": null}",reported_database_value,108.0,True,True,bfc24df5dbd2d21341a9580e5053f7a7b89c1ddea1ebe75c55407f4cee27a54d,verified_summary,,CIT_21c71b40f20934d048b4,True,True,True,verified_summary,True,"SI Table S11 PDF page 26; mysidacea, ind.; PFOA; mean",2.03342375548695,not_reported
BIO_6561,1771,6561,PFOA,Perfluorooctanoic acid,335-67-1,PFCA,8.0,BAF,1250.0,3.0969,L/kg,1250.0,,wet weight,,Gammarus spp.,Gammarus,invertebrate,whole body,,,,,brackish,,field,ITRC,https://pfas-1.itrcweb.org/wp-content/uploads/2023/10/ITRC_PFAS_-BCF-BAF_compilation_Table5-1_Oct2021.xlsx,Munoz 2017,ITRC-compiled,location=Gironde estuary; waterbody=Estuary; note=Error estimates available; uid=1274,2026-05-17T15:20:05+00:00,Perfluorooctanoic acid,335-67-1,SNGREZUHAYWORS-UHFFFAOYSA-N,,9554.0,OC(=O)C(F)(F)C(F)(F)C(F)(F)C(F)(F)C(F)(F)C(F)(F)C(F)(F)F,C8HF15O2,414.07,PFCA,4.9,,EPA,,,,,,O=C(O)C(F)(F)C(F)(F)C(F)(F)C(F)(F)C(F)(F)C(F)(F)C(F)(F)F,O=C(O)C(F)(F)C(F)(F)C(F)(F)C(F)(F)C(F)(F)C(F)(F)C(F)(F)F,CMP_d156c7f61581a866704b,munoz2017,10.1021/acs.est.7b02399,provisional_normalized_citation_cross_source_equivalence_unverified,,,L/kg,1.0,1250.0,1250.0,3.096910013008056,3.096910013008056,-1.0013008056031223e-05,False,True,True,True,,retained,False,10.1021/acs.est.7b02399,Evidence for the Trophic Transfer of Perfluoroalkylated Substancesin a Temperate Macrotidal Estuary,Munoz 2017; Evidence for the Trophic Transfer of Perfluoroalkylated Substancesin a Temperate Macrotidal Estuary; Environmental Science & Technology,ITRC Table5-1; BCF-BAF Database!row 973; uid=1274; endpoint=BAF,,database_cell_verified,1.0,,,,,,,exact numeric cell match,original paper table/page and primary measurement not yet verified,,OBS_43ea908f84501fa6,1,candidate only; missing conditions and repeated experiments prevent unique identification,not verified against original experimental table,original search date/operator unavailable; current audit is not original collection history,,10.1021/acs.est.7b02399,verified_summary,retain_verified_summary_separate_from_individual_measurements,SI Table S11 PDF page 26; gammarus spp.; PFOA; mean,1250.0,linear,"Wet whole-body equivalent; source Table S2 uses muscle-to-whole-body conversion for fish; group mean, not independent individual observations",sources/7b661dcc85c9262b/es7b02399_si_001.pdf,68a2fc48f138d8f1c506,invertebrate,True,e69fd4b850d3fe8ce3c8bea28a89fb8f8179ceefc347202435fdb289f2eeb10d,https://ndownloader.figshare.com/files/8909803,data/04_bioaccumulation/ITRC_Table_5-1_BCF-BAF_aquatic.xlsx,BCF-BAF Database,973,K973;I973;J973,"{""BAF"": 1250, ""BAF Min"": null, ""BAF Max"": null}",reported_database_value,1250.0,True,True,bfc24df5dbd2d21341a9580e5053f7a7b89c1ddea1ebe75c55407f4cee27a54d,verified_summary,invertebrate,CIT_21c71b40f20934d048b4,True,True,True,verified_summary,True,SI Table S11 PDF page 26; gammarus spp.; PFOA; mean,3.096910013008056,not_reported
BIO_6562,1772,6562,PFOA,Perfluorooctanoic acid,335-67-1,PFCA,8.0,BAF,377.0,2.5763,L/kg,377.0,,wet weight,,Palaemon longirostris,White shrimp,invertebrate,whole body,,,,,brackish,,field,ITRC,https://pfas-1.itrcweb.org/wp-content/uploads/2023/10/ITRC_PFAS_-BCF-BAF_compilation_Table5-1_Oct2021.xlsx,Munoz 2017,ITRC-compiled,location=Gironde estuary; waterbody=Estuary; note=Error estimates available; uid=1275,2026-05-17T15:20:05+00:00,Perfluorooctanoic acid,335-67-1,SNGREZUHAYWORS-UHFFFAOYSA-N,,9554.0,OC(=O)C(F)(F)C(F)(F)C(F)(F)C(F)(F)C(F)(F)C(F)(F)C(F)(F)F,C8HF15O2,414.07,PFCA,4.9,,EPA,,,,,,O=C(O)C(F)(F)C(F)(F)C(F)(F)C(F)(F)C(F)(F)C(F)(F)C(F)(F)F,O=C(O)C(F)(F)C(F)(F)C(F)(F)C(F)(F)C(F)(F)C(F)(F)C(F)(F)F,CMP_d156c7f61581a866704b,munoz2017,10.1021/acs.est.7b02399,provisional_normalized_citation_cross_source_equivalence_unverified,,,L/kg,1.0,377.0,377.0,2.576341350205793,2.576341350205793,-4.135020579321136e-05,False,True,True,True,,retained,False,10.1021/acs.est.7b02399,Evidence for the Trophic Transfer of Perfluoroalkylated Substancesin a Temperate Macrotidal Estuary,Munoz 2017; Evidence for the Trophic Transfer of Perfluoroalkylated Substancesin a Temperate Macrotidal Estuary; Environmental Science & Technology,ITRC Table5-1; BCF-BAF Database!row 974; uid=1275; endpoint=BAF,,database_cell_verified,1.0,,,,,,,exact numeric cell match,original paper table/page and primary measurement not yet verified,,OBS_78d99dfee524acc7,1,candidate only; missing conditions and repeated experiments prevent unique identification,not verified against original experimental table,original search date/operator unavailable; current audit is not original collection history,,10.1021/acs.est.7b02399,verified_summary,retain_verified_summary_separate_from_individual_measurements,SI Table S11 PDF page 26; palaemon longirostris; PFOA; mean,377.0,linear,"Wet whole-body equivalent; source Table S2 uses muscle-to-whole-body conversion for fish; group mean, not independent individual observations",sources/7b661dcc85c9262b/es7b02399_si_001.pdf,0f937fe039af87800462,,True,e69fd4b850d3fe8ce3c8bea28a89fb8f8179ceefc347202435fdb289f2eeb10d,https://ndownloader.figshare.com/files/8909803,data/04_bioaccumulation/ITRC_Table_5-1_BCF-BAF_aquatic.xlsx,BCF-BAF Database,974,K974;I974;J974,"{""BAF"": 377, ""BAF Min"": null, ""BAF Max"": null}",reported_database_value,377.0,True,True,bfc24df5dbd2d21341a9580e5053f7a7b89c1ddea1ebe75c55407f4cee27a54d,verified_summary,,CIT_21c71b40f20934d048b4,True,True,True,verified_summary,True,SI Table S11 PDF page 26; palaemon longirostris; PFOA; mean,2.576341350205793,not_reported
BIO_6563,1773,6563,PFOA,Perfluorooctanoic acid,335-67-1,PFCA,8.0,BAF,458.0,2.6609,L/kg,458.0,,wet weight,,Crangon crangon,Brown shrimp,invertebrate,whole body,,,,,brackish,,field,ITRC,https://pfas-1.itrcweb.org/wp-content/uploads/2023/10/ITRC_PFAS_-BCF-BAF_compilation_Table5-1_Oct2021.xlsx,Munoz 2017,ITRC-compiled,location=Gironde estuary; waterbody=Estuary; note=Error estimates available; uid=1276,2026-05-17T15:20:05+00:00,Perfluorooctanoic acid,335-67-1,SNGREZUHAYWORS-UHFFFAOYSA-N,,9554.0,OC(=O)C(F)(F)C(F)(F)C(F)(F)C(F)(F)C(F)(F)C(F)(F)C(F)(F)F,C8HF15O2,414.07,PFCA,4.9,,EPA,,,,,,O=C(O)C(F)(F)C(F)(F)C(F)(F)C(F)(F)C(F)(F)C(F)(F)C(F)(F)F,O=C(O)C(F)(F)C(F)(F)C(F)(F)C(F)(F)C(F)(F)C(F)(F)C(F)(F)F,CMP_d156c7f61581a866704b,munoz2017,10.1021/acs.est.7b02399,provisional_normalized_citation_cross_source_equivalence_unverified,,,L/kg,1.0,458.0,458.0,2.660865478003869,2.660865478003869,3.4521996130632004e-05,False,True,True,True,,retained,False,10.1021/acs.est.7b02399,Evidence for the Trophic Transfer of Perfluoroalkylated Substancesin a Temperate Macrotidal Estuary,Munoz 2017; Evidence for the Trophic Transfer of Perfluoroalkylated Substancesin a Temperate Macrotidal Estuary; Environmental Science & Technology,ITRC Table5-1; BCF-BAF Database!row 975; uid=1276; endpoint=BAF,,database_cell_verified,1.0,,,,,,,exact numeric cell match,original paper table/page and primary measurement not yet verified,,OBS_0f0b690cc51ca628,1,candidate only; missing conditions and repeated experiments prevent unique identification,not verified against original experimental table,original search date/operator unavailable; current audit is not original collection history,,10.1021/acs.est.7b02399,verified_summary,retain_verified_summary_separate_from_individual_measurements,SI Table S11 PDF page 26; crangon crangon; PFOA; mean,458.0,linear,"Wet whole-body equivalent; source Table S2 uses muscle-to-whole-body conversion for fish; group mean, not independent individual observations",sources/7b661dcc85c9262b/es7b02399_si_001.pdf,1d2e95d011beeb5b0eaa,,True,e69fd4b850d3fe8ce3c8bea28a89fb8f8179ceefc347202435fdb289f2eeb10d,https://ndownloader.figshare.com/files/8909803,data/04_bioaccumulation/ITRC_Table_5-1_BCF-BAF_aquatic.xlsx,BCF-BAF Database,975,K975;I975;J975,"{""BAF"": 458, ""BAF Min"": null, ""BAF Max"": null}",reported_database_value,458.0,True,True,bfc24df5dbd2d21341a9580e5053f7a7b89c1ddea1ebe75c55407f4cee27a54d,verified_summary,,CIT_21c71b40f20934d048b4,True,True,True,verified_summary,True,SI Table S11 PDF page 26; crangon crangon; PFOA; mean,2.660865478003869,not_reported
BIO_6567,1777,6567,PFNA,Perfluorononanoic acid,375-95-1,PFCA,9.0,BAF,48.0,1.6812,L/kg,48.0,,wet weight,,Crassostrea gigas,Oyster,invertebrate,whole body,,,,,brackish,,field,ITRC,https://pfas-1.itrcweb.org/wp-content/uploads/2023/10/ITRC_PFAS_-BCF-BAF_compilation_Table5-1_Oct2021.xlsx,Munoz 2017,ITRC-compiled,location=Gironde estuary; waterbody=Estuary; note=Error estimates available; uid=1280,2026-05-17T15:20:05+00:00,Perfluorononanoic acid,375-95-1,UZUFPBIDKMEQEQ-UHFFFAOYSA-N,,67821.0,OC(=O)C(F)(F)C(F)(F)C(F)(F)C(F)(F)C(F)(F)C(F)(F)C(F)(F)C(F)(F)F,C9HF17O2,464.078,PFCA,5.6,,EPA,,,,,,O=C(O)C(F)(F)C(F)(F)C(F)(F)C(F)(F)C(F)(F)C(F)(F)C(F)(F)C(F)(F)F,O=C(O)C(F)(F)C(F)(F)C(F)(F)C(F)(F)C(F)(F)C(F)(F)C(F)(F)C(F)(F)F,CMP_8e58943e0a19095fb6f4,munoz2017,10.1021/acs.est.7b02399,provisional_normalized_citation_cross_source_equivalence_unverified,,,L/kg,1.0,48.0,48.0,1.6812412373755872,1.6812412373755872,-4.123737558714424e-05,False,True,True,True,,retained,False,10.1021/acs.est.7b02399,Evidence for the Trophic Transfer of Perfluoroalkylated Substancesin a Temperate Macrotidal Estuary,Munoz 2017; Evidence for the Trophic Transfer of Perfluoroalkylated Substancesin a Temperate Macrotidal Estuary; Environmental Science & Technology,ITRC Table5-1; BCF-BAF Database!row 979; uid=1280; endpoint=BAF,,database_cell_verified,1.0,,,,,,,exact numeric cell match,original paper table/page and primary measurement not yet verified,,OBS_13ba1a3fa7d1b9a8,1,candidate only; missing conditions and repeated experiments prevent unique identification,not verified against original experimental table,original search date/operator unavailable; current audit is not original collection history,,10.1021/acs.est.7b02399,verified_summary,retain_verified_summary_separate_from_individual_measurements,SI Table S11 PDF page 26; crassostrea gigas; PFNA; mean,48.0,linear,"Wet whole-body equivalent; source Table S2 uses muscle-to-whole-body conversion for fish; group mean, not independent individual observations",sources/7b661dcc85c9262b/es7b02399_si_001.pdf,d477483507faaf3bcb1d,,True,e69fd4b850d3fe8ce3c8bea28a89fb8f8179ceefc347202435fdb289f2eeb10d,https://ndownloader.figshare.com/files/8909803,data/04_bioaccumulation/ITRC_Table_5-1_BCF-BAF_aquatic.xlsx,BCF-BAF Database,979,K979;I979;J979,"{""BAF"": 48, ""BAF Min"": null, ""BAF Max"": null}",reported_database_value,48.0,True,True,bfc24df5dbd2d21341a9580e5053f7a7b89c1ddea1ebe75c55407f4cee27a54d,verified_summary,,CIT_21c71b40f20934d048b4,True,True,True,verified_summary,True,SI Table S11 PDF page 26; crassostrea gigas; PFNA; mean,1.6812412373755872,not_reported
BIO_6568,1778,6568,PFNA,Perfluorononanoic acid,375-95-1,PFCA,9.0,BAF,447.0,2.6503,L/kg,447.0,,wet weight,,"Copepoda, ind.",Copepods,invertebrate,whole body,,,,,brackish,,field,ITRC,https://pfas-1.itrcweb.org/wp-content/uploads/2023/10/ITRC_PFAS_-BCF-BAF_compilation_Table5-1_Oct2021.xlsx,Munoz 2017,ITRC-compiled,location=Gironde estuary; waterbody=Estuary; note=Error estimates available; uid=1281,2026-05-17T15:20:05+00:00,Perfluorononanoic acid,375-95-1,UZUFPBIDKMEQEQ-UHFFFAOYSA-N,,67821.0,OC(=O)C(F)(F)C(F)(F)C(F)(F)C(F)(F)C(F)(F)C(F)(F)C(F)(F)C(F)(F)F,C9HF17O2,464.078,PFCA,5.6,,EPA,,,,,,O=C(O)C(F)(F)C(F)(F)C(F)(F)C(F)(F)C(F)(F)C(F)(F)C(F)(F)C(F)(F)F,O=C(O)C(F)(F)C(F)(F)C(F)(F)C(F)(F)C(F)(F)C(F)(F)C(F)(F)C(F)(F)F,CMP_8e58943e0a19095fb6f4,munoz2017,10.1021/acs.est.7b02399,provisional_normalized_citation_cross_source_equivalence_unverified,,,L/kg,1.0,447.0,447.0,2.6503075231319366,2.6503075231319366,-7.523131936526539e-06,False,True,True,True,,retained,False,10.1021/acs.est.7b02399,Evidence for the Trophic Transfer of Perfluoroalkylated Substancesin a Temperate Macrotidal Estuary,Munoz 2017; Evidence for the Trophic Transfer of Perfluoroalkylated Substancesin a Temperate Macrotidal Estuary; Environmental Science & Technology,ITRC Table5-1; BCF-BAF Database!row 980; uid=1281; endpoint=BAF,,database_cell_verified,1.0,,,,,,,exact numeric cell match,original paper table/page and primary measurement not yet verified,,OBS_c9c712979b4d47c3,1,candidate only; missing conditions and repeated experiments prevent unique identification,not verified against original experimental table,original search date/operator unavailable; current audit is not original collection history,,10.1021/acs.est.7b02399,verified_summary,retain_verified_summary_separate_from_individual_measurements,"SI Table S11 PDF page 26; copepoda, ind.; PFNA; mean",447.0,linear,"Wet whole-body equivalent; source Table S2 uses muscle-to-whole-body conversion for fish; group mean, not independent individual observations",sources/7b661dcc85c9262b/es7b02399_si_001.pdf,719594468d50a64713eb,invertebrate,True,e69fd4b850d3fe8ce3c8bea28a89fb8f8179ceefc347202435fdb289f2eeb10d,https://ndownloader.figshare.com/files/8909803,data/04_bioaccumulation/ITRC_Table_5-1_BCF-BAF_aquatic.xlsx,BCF-BAF Database,980,K980;I980;J980,"{""BAF"": 447, ""BAF Min"": null, ""BAF Max"": null}",reported_database_value,447.0,True,True,bfc24df5dbd2d21341a9580e5053f7a7b89c1ddea1ebe75c55407f4cee27a54d,verified_summary,invertebrate,CIT_21c71b40f20934d048b4,True,True,True,verified_summary,True,"SI Table S11 PDF page 26; copepoda, ind.; PFNA; mean",2.6503075231319366,not_reported
BIO_6569,1779,6569,PFNA,Perfluorononanoic acid,375-95-1,PFCA,9.0,BAF,611.0,2.786,L/kg,611.0,,wet weight,,Mysidacea,Mysids,invertebrate,whole body,,,,,brackish,,field,ITRC,https://pfas-1.itrcweb.org/wp-content/uploads/2023/10/ITRC_PFAS_-BCF-BAF_compilation_Table5-1_Oct2021.xlsx,Munoz 2017,ITRC-compiled,location=Gironde estuary; waterbody=Estuary; note=Error estimates available; uid=1282,2026-05-17T15:20:05+00:00,Perfluorononanoic acid,375-95-1,UZUFPBIDKMEQEQ-UHFFFAOYSA-N,,67821.0,OC(=O)C(F)(F)C(F)(F)C(F)(F)C(F)(F)C(F)(F)C(F)(F)C(F)(F)C(F)(F)F,C9HF17O2,464.078,PFCA,5.6,,EPA,,,,,,O=C(O)C(F)(F)C(F)(F)C(F)(F)C(F)(F)C(F)(F)C(F)(F)C(F)(F)C(F)(F)F,O=C(O)C(F)(F)C(F)(F)C(F)(F)C(F)(F)C(F)(F)C(F)(F)C(F)(F)C(F)(F)F,CMP_8e58943e0a19095fb6f4,munoz2017,10.1021/acs.est.7b02399,provisional_normalized_citation_cross_source_equivalence_unverified,,,L/kg,1.0,611.0,611.0,2.7860412102425545,2.7860412102425545,-4.121024255443473e-05,False,True,True,True,,retained,False,10.1021/acs.est.7b02399,Evidence for the Trophic Transfer of Perfluoroalkylated Substancesin a Temperate Macrotidal Estuary,Munoz 2017; Evidence for the Trophic Transfer of Perfluoroalkylated Substancesin a Temperate Macrotidal Estuary; Environmental Science & Technology,ITRC Table5-1; BCF-BAF Database!row 981; uid=1282; endpoint=BAF,,database_cell_verified,1.0,,,,,,,exact numeric cell match,original paper table/page and primary measurement not yet verified,,OBS_e1b2eb1fd6fe09f8,1,candidate only; missing conditions and repeated experiments prevent unique identification,not verified against original experimental table,original search date/operator unavailable; current audit is not original collection history,,10.1021/acs.est.7b02399,verified_summary,retain_verified_summary_separate_from_individual_measurements,"SI Table S11 PDF page 26; mysidacea, ind.; PFNA; mean",611.0,linear,"Wet whole-body equivalent; source Table S2 uses muscle-to-whole-body conversion for fish; group mean, not independent individual observations",sources/7b661dcc85c9262b/es7b02399_si_001.pdf,6cfb20d6bd9662fdbfe7,,True,e69fd4b850d3fe8ce3c8bea28a89fb8f8179ceefc347202435fdb289f2eeb10d,https://ndownloader.figshare.com/files/8909803,data/04_bioaccumulation/ITRC_Table_5-1_BCF-BAF_aquatic.xlsx,BCF-BAF Database,981,K981;I981;J981,"{""BAF"": 611, ""BAF Min"": null, ""BAF Max"": null}",reported_database_value,611.0,True,True,bfc24df5dbd2d21341a9580e5053f7a7b89c1ddea1ebe75c55407f4cee27a54d,verified_summary,,CIT_21c71b40f20934d048b4,True,True,True,verified_summary,True,"SI Table S11 PDF page 26; mysidacea, ind.; PFNA; mean",2.7860412102425545,not_reported
BIO_6570,1780,6570,PFNA,Perfluorononanoic acid,375-95-1,PFCA,9.0,BAF,2080.0,3.3181,L/kg,2080.0,,wet weight,,Gammarus spp.,Gammarus,invertebrate,whole body,,,,,brackish,,field,ITRC,https://pfas-1.itrcweb.org/wp-content/uploads/2023/10/ITRC_PFAS_-BCF-BAF_compilation_Table5-1_Oct2021.xlsx,Munoz 2017,ITRC-compiled,location=Gironde estuary; waterbody=Estuary; note=Error estimates available; uid=1283,2026-05-17T15:20:05+00:00,Perfluorononanoic acid,375-95-1,UZUFPBIDKMEQEQ-UHFFFAOYSA-N,,67821.0,OC(=O)C(F)(F)C(F)(F)C(F)(F)C(F)(F)C(F)(F)C(F)(F)C(F)(F)C(F)(F)F,C9HF17O2,464.078,PFCA,5.6,,EPA,,,,,,O=C(O)C(F)(F)C(F)(F)C(F)(F)C(F)(F)C(F)(F)C(F)(F)C(F)(F)C(F)(F)F,O=C(O)C(F)(F)C(F)(F)C(F)(F)C(F)(F)C(F)(F)C(F)(F)C(F)(F)C(F)(F)F,CMP_8e58943e0a19095fb6f4,munoz2017,10.1021/acs.est.7b02399,provisional_normalized_citation_cross_source_equivalence_unverified,,,L/kg,1.0,2080.0,2080.0,3.318063334962761,3.318063334962761,3.666503723831482e-05,False,True,True,True,,retained,False,10.1021/acs.est.7b02399,Evidence for the Trophic Transfer of Perfluoroalkylated Substancesin a Temperate Macrotidal Estuary,Munoz 2017; Evidence for the Trophic Transfer of Perfluoroalkylated Substancesin a Temperate Macrotidal Estuary; Environmental Science & Technology,ITRC Table5-1; BCF-BAF Database!row 982; uid=1283; endpoint=BAF,,database_cell_verified,1.0,,,,,,,exact numeric cell match,original paper table/page and primary measurement not yet verified,,OBS_6620971b77b28165,1,candidate only; missing conditions and repeated experiments prevent unique identification,not verified against original experimental table,original search date/operator unavailable; current audit is not original collection history,,10.1021/acs.est.7b02399,verified_summary,retain_verified_summary_separate_from_individual_measurements,SI Table S11 PDF page 26; gammarus spp.; PFNA; mean,2080.0,linear,"Wet whole-body equivalent; source Table S2 uses muscle-to-whole-body conversion for fish; group mean, not independent individual observations",sources/7b661dcc85c9262b/es7b02399_si_001.pdf,0dd223ff42d26ccc6b37,invertebrate,True,e69fd4b850d3fe8ce3c8bea28a89fb8f8179ceefc347202435fdb289f2eeb10d,https://ndownloader.figshare.com/files/8909803,data/04_bioaccumulation/ITRC_Table_5-1_BCF-BAF_aquatic.xlsx,BCF-BAF Database,982,K982;I982;J982,"{""BAF"": 2080, ""BAF Min"": null, ""BAF Max"": null}",reported_database_value,2080.0,True,True,bfc24df5dbd2d21341a9580e5053f7a7b89c1ddea1ebe75c55407f4cee27a54d,verified_summary,invertebrate,CIT_21c71b40f20934d048b4,True,True,True,verified_summary,True,SI Table S11 PDF page 26; gammarus spp.; PFNA; mean,3.318063334962761,not_reported
BIO_6571,1781,6571,PFNA,Perfluorononanoic acid,375-95-1,PFCA,9.0,BAF,1380.0,3.1399,L/kg,1380.0,,wet weight,,Palaemon longirostris,White shrimp,invertebrate,whole body,,,,,brackish,,field,ITRC,https://pfas-1.itrcweb.org/wp-content/uploads/2023/10/ITRC_PFAS_-BCF-BAF_compilation_Table5-1_Oct2021.xlsx,Munoz 2017,ITRC-compiled,location=Gironde estuary; waterbody=Estuary; note=Error estimates available; uid=1284,2026-05-17T15:20:05+00:00,Perfluorononanoic acid,375-95-1,UZUFPBIDKMEQEQ-UHFFFAOYSA-N,,67821.0,OC(=O)C(F)(F)C(F)(F)C(F)(F)C(F)(F)C(F)(F)C(F)(F)C(F)(F)C(F)(F)F,C9HF17O2,464.078,PFCA,5.6,,EPA,,,,,,O=C(O)C(F)(F)C(F)(F)C(F)(F)C(F)(F)C(F)(F)C(F)(F)C(F)(F)C(F)(F)F,O=C(O)C(F)(F)C(F)(F)C(F)(F)C(F)(F)C(F)(F)C(F)(F)C(F)(F)C(F)(F)F,CMP_8e58943e0a19095fb6f4,munoz2017,10.1021/acs.est.7b02399,provisional_normalized_citation_cross_source_equivalence_unverified,,,L/kg,1.0,1380.0,1380.0,3.1398790864012365,3.1398790864012365,2.091359876343901e-05,False,True,True,True,,retained,False,10.1021/acs.est.7b02399,Evidence for the Trophic Transfer of Perfluoroalkylated Substancesin a Temperate Macrotidal Estuary,Munoz 2017; Evidence for the Trophic Transfer of Perfluoroalkylated Substancesin a Temperate Macrotidal Estuary; Environmental Science & Technology,ITRC Table5-1; BCF-BAF Database!row 983; uid=1284; endpoint=BAF,,database_cell_verified,1.0,,,,,,,exact numeric cell match,original paper table/page and primary measurement not yet verified,,OBS_a70daddd9c31f796,1,candidate only; missing conditions and repeated experiments prevent unique identification,not verified against original experimental table,original search date/operator unavailable; current audit is not original collection history,,10.1021/acs.est.7b02399,verified_summary,retain_verified_summary_separate_from_individual_measurements,SI Table S11 PDF page 26; palaemon longirostris; PFNA; mean,1380.0,linear,"Wet whole-body equivalent; source Table S2 uses muscle-to-whole-body conversion for fish; group mean, not independent individual observations",sources/7b661dcc85c9262b/es7b02399_si_001.pdf,bc3973627afcfa1a57e1,,True,e69fd4b850d3fe8ce3c8bea28a89fb8f8179ceefc347202435fdb289f2eeb10d,https://ndownloader.figshare.com/files/8909803,data/04_bioaccumulation/ITRC_Table_5-1_BCF-BAF_aquatic.xlsx,BCF-BAF Database,983,K983;I983;J983,"{""BAF"": 1380, ""BAF Min"": null, ""BAF Max"": null}",reported_database_value,1380.0,True,True,bfc24df5dbd2d21341a9580e5053f7a7b89c1ddea1ebe75c55407f4cee27a54d,verified_summary,,CIT_21c71b40f20934d048b4,True,True,True,verified_summary,True,SI Table S11 PDF page 26; palaemon longirostris; PFNA; mean,3.1398790864012365,not_reported
BIO_6572,1782,6572,PFNA,Perfluorononanoic acid,375-95-1,PFCA,9.0,BAF,5660.0,3.7528,L/kg,5660.0,,wet weight,,Crangon crangon,Brown shrimp,invertebrate,whole body,,,,,brackish,,field,ITRC,https://pfas-1.itrcweb.org/wp-content/uploads/2023/10/ITRC_PFAS_-BCF-BAF_compilation_Table5-1_Oct2021.xlsx,Munoz 2017,ITRC-compiled,location=Gironde estuary; waterbody=Estuary; note=Error estimates available; uid=1285,2026-05-17T15:20:05+00:00,Perfluorononanoic acid,375-95-1,UZUFPBIDKMEQEQ-UHFFFAOYSA-N,,67821.0,OC(=O)C(F)(F)C(F)(F)C(F)(F)C(F)(F)C(F)(F)C(F)(F)C(F)(F)C(F)(F)F,C9HF17O2,464.078,PFCA,5.6,,EPA,,,,,,O=C(O)C(F)(F)C(F)(F)C(F)(F)C(F)(F)C(F)(F)C(F)(F)C(F)(F)C(F)(F)F,O=C(O)C(F)(F)C(F)(F)C(F)(F)C(F)(F)C(F)(F)C(F)(F)C(F)(F)C(F)(F)F,CMP_8e58943e0a19095fb6f4,munoz2017,10.1021/acs.est.7b02399,provisional_normalized_citation_cross_source_equivalence_unverified,,,L/kg,1.0,5660.0,5660.0,3.752816431188272,3.752816431188272,-1.643118827132639e-05,False,True,True,True,,retained,False,10.1021/acs.est.7b02399,Evidence for the Trophic Transfer of Perfluoroalkylated Substancesin a Temperate Macrotidal Estuary,Munoz 2017; Evidence for the Trophic Transfer of Perfluoroalkylated Substancesin a Temperate Macrotidal Estuary; Environmental Science & Technology,ITRC Table5-1; BCF-BAF Database!row 984; uid=1285; endpoint=BAF,,database_cell_verified,1.0,,,,,,,exact numeric cell match,original paper table/page and primary measurement not yet verified,,OBS_39f13d1955090f29,1,candidate only; missing conditions and repeated experiments prevent unique identification,not verified against original experimental table,original search date/operator unavailable; current audit is not original collection history,,10.1021/acs.est.7b02399,verified_summary,retain_verified_summary_separate_from_individual_measurements,SI Table S11 PDF page 26; crangon crangon; PFNA; mean,5660.0,linear,"Wet whole-body equivalent; source Table S2 uses muscle-to-whole-body conversion for fish; group mean, not independent individual observations",sources/7b661dcc85c9262b/es7b02399_si_001.pdf,594cc566c753f91fb77d,,True,e69fd4b850d3fe8ce3c8bea28a89fb8f8179ceefc347202435fdb289f2eeb10d,https://ndownloader.figshare.com/files/8909803,data/04_bioaccumulation/ITRC_Table_5-1_BCF-BAF_aquatic.xlsx,BCF-BAF Database,984,K984;I984;J984,"{""BAF"": 5660, ""BAF Min"": null, ""BAF Max"": null}",reported_database_value,5660.0,True,True,bfc24df5dbd2d21341a9580e5053f7a7b89c1ddea1ebe75c55407f4cee27a54d,verified_summary,,CIT_21c71b40f20934d048b4,True,True,True,verified_summary,True,SI Table S11 PDF page 26; crangon crangon; PFNA; mean,3.752816431188272,not_reported
BIO_6580,1790,6580,PFDA,Perfluorodecanoic acid,335-76-2,PFCA,10.0,BAF,89.0,1.9494,L/kg,89.0,,wet weight,,Crassostrea gigas,Oyster,invertebrate,whole body,,,,,brackish,,field,ITRC,https://pfas-1.itrcweb.org/wp-content/uploads/2023/10/ITRC_PFAS_-BCF-BAF_compilation_Table5-1_Oct2021.xlsx,Munoz 2017,ITRC-compiled,location=Gironde estuary; waterbody=Estuary; note=Error estimates available; uid=1293,2026-05-17T15:20:06+00:00,Perfluorodecanoic acid,335-76-2,PCIUEQPBYFRTEM-UHFFFAOYSA-N,,9555.0,OC(=O)C(F)(F)C(F)(F)C(F)(F)C(F)(F)C(F)(F)C(F)(F)C(F)(F)C(F)(F)C(F)(F)F,C10HF19O2,514.086,PFCA,6.3,,EPA,,,,,,O=C(O)C(F)(F)C(F)(F)C(F)(F)C(F)(F)C(F)(F)C(F)(F)C(F)(F)C(F)(F)C(F)(F)F,O=C(O)C(F)(F)C(F)(F)C(F)(F)C(F)(F)C(F)(F)C(F)(F)C(F)(F)C(F)(F)C(F)(F)F,CMP_5bc76544fcbe477197d1,munoz2017,10.1021/acs.est.7b02399,provisional_normalized_citation_cross_source_equivalence_unverified,,,L/kg,1.0,89.0,89.0,1.9493900066449128,1.9493900066449128,9.99335508722332e-06,False,True,True,True,,retained,False,10.1021/acs.est.7b02399,Evidence for the Trophic Transfer of Perfluoroalkylated Substancesin a Temperate Macrotidal Estuary,Munoz 2017; Evidence for the Trophic Transfer of Perfluoroalkylated Substancesin a Temperate Macrotidal Estuary; Environmental Science & Technology,ITRC Table5-1; BCF-BAF Database!row 992; uid=1293; endpoint=BAF,,database_cell_verified,1.0,,,,,,,exact numeric cell match,original paper table/page and primary measurement not yet verified,,OBS_3e4931d264b9304e,1,candidate only; missing conditions and repeated experiments prevent unique identification,not verified against original experimental table,original search date/operator unavailable; current audit is not original collection history,,10.1021/acs.est.7b02399,verified_summary,retain_verified_summary_separate_from_individual_measurements,SI Table S11 PDF page 26; crassostrea gigas; PFDA; mean,89.0,linear,"Wet whole-body equivalent; source Table S2 uses muscle-to-whole-body conversion for fish; group mean, not independent individual observations",sources/7b661dcc85c9262b/es7b02399_si_001.pdf,105e407880b9eb1371dc,,True,e69fd4b850d3fe8ce3c8bea28a89fb8f8179ceefc347202435fdb289f2eeb10d,https://ndownloader.figshare.com/files/8909803,data/04_bioaccumulation/ITRC_Table_5-1_BCF-BAF_aquatic.xlsx,BCF-BAF Database,992,K992;I992;J992,"{""BAF"": 89, ""BAF Min"": null, ""BAF Max"": null}",reported_database_value,89.0,True,True,bfc24df5dbd2d21341a9580e5053f7a7b89c1ddea1ebe75c55407f4cee27a54d,verified_summary,,CIT_21c71b40f20934d048b4,True,True,True,verified_summary,True,SI Table S11 PDF page 26; crassostrea gigas; PFDA; mean,1.9493900066449128,not_reported
BIO_6581,1791,6581,PFDA,Perfluorodecanoic acid,335-76-2,PFCA,10.0,BAF,1270.0,3.1038,L/kg,1270.0,,wet weight,,"Copepoda, ind.",Copepods,invertebrate,whole body,,,,,brackish,,field,ITRC,https://pfas-1.itrcweb.org/wp-content/uploads/2023/10/ITRC_PFAS_-BCF-BAF_compilation_Table5-1_Oct2021.xlsx,Munoz 2017,ITRC-compiled,location=Gironde estuary; waterbody=Estuary; note=Error estimates available; uid=1294,2026-05-17T15:20:06+00:00,Perfluorodecanoic acid,335-76-2,PCIUEQPBYFRTEM-UHFFFAOYSA-N,,9555.0,OC(=O)C(F)(F)C(F)(F)C(F)(F)C(F)(F)C(F)(F)C(F)(F)C(F)(F)C(F)(F)C(F)(F)F,C10HF19O2,514.086,PFCA,6.3,,EPA,,,,,,O=C(O)C(F)(F)C(F)(F)C(F)(F)C(F)(F)C(F)(F)C(F)(F)C(F)(F)C(F)(F)C(F)(F)F,O=C(O)C(F)(F)C(F)(F)C(F)(F)C(F)(F)C(F)(F)C(F)(F)C(F)(F)C(F)(F)C(F)(F)F,CMP_5bc76544fcbe477197d1,munoz2017,10.1021/acs.est.7b02399,provisional_normalized_citation_cross_source_equivalence_unverified,,,L/kg,1.0,1270.0,1270.0,3.103803720955957,3.103803720955957,-3.7209559566875328e-06,False,True,True,True,,retained,False,10.1021/acs.est.7b02399,Evidence for the Trophic Transfer of Perfluoroalkylated Substancesin a Temperate Macrotidal Estuary,Munoz 2017; Evidence for the Trophic Transfer of Perfluoroalkylated Substancesin a Temperate Macrotidal Estuary; Environmental Science & Technology,ITRC Table5-1; BCF-BAF Database!row 993; uid=1294; endpoint=BAF,,database_cell_verified,1.0,,,,,,,exact numeric cell match,original paper table/page and primary measurement not yet verified,,OBS_002fff72990dc205,1,candidate only; missing conditions and repeated experiments prevent unique identification,not verified against original experimental table,original search date/operator unavailable; current audit is not original collection history,,10.1021/acs.est.7b02399,verified_summary,retain_verified_summary_separate_from_individual_measurements,"SI Table S11 PDF page 26; copepoda, ind.; PFDA; mean",1270.0,linear,"Wet whole-body equivalent; source Table S2 uses muscle-to-whole-body conversion for fish; group mean, not independent individual observations",sources/7b661dcc85c9262b/es7b02399_si_001.pdf,eb9c475ee09d81cc1508,invertebrate,True,e69fd4b850d3fe8ce3c8bea28a89fb8f8179ceefc347202435fdb289f2eeb10d,https://ndownloader.figshare.com/files/8909803,data/04_bioaccumulation/ITRC_Table_5-1_BCF-BAF_aquatic.xlsx,BCF-BAF Database,993,K993;I993;J993,"{""BAF"": 1270, ""BAF Min"": null, ""BAF Max"": null}",reported_database_value,1270.0,True,True,bfc24df5dbd2d21341a9580e5053f7a7b89c1ddea1ebe75c55407f4cee27a54d,verified_summary,invertebrate,CIT_21c71b40f20934d048b4,True,True,True,verified_summary,True,"SI Table S11 PDF page 26; copepoda, ind.; PFDA; mean",3.103803720955957,not_reported
BIO_6582,1792,6582,PFDA,Perfluorodecanoic acid,335-76-2,PFCA,10.0,BAF,2240.0,3.3502,L/kg,2240.0,,wet weight,,Mysidacea,Mysids,invertebrate,whole body,,,,,brackish,,field,ITRC,https://pfas-1.itrcweb.org/wp-content/uploads/2023/10/ITRC_PFAS_-BCF-BAF_compilation_Table5-1_Oct2021.xlsx,Munoz 2017,ITRC-compiled,location=Gironde estuary; waterbody=Estuary; note=Error estimates available; uid=1295,2026-05-17T15:20:06+00:00,Perfluorodecanoic acid,335-76-2,PCIUEQPBYFRTEM-UHFFFAOYSA-N,,9555.0,OC(=O)C(F)(F)C(F)(F)C(F)(F)C(F)(F)C(F)(F)C(F)(F)C(F)(F)C(F)(F)C(F)(F)F,C10HF19O2,514.086,PFCA,6.3,,EPA,,,,,,O=C(O)C(F)(F)C(F)(F)C(F)(F)C(F)(F)C(F)(F)C(F)(F)C(F)(F)C(F)(F)C(F)(F)F,O=C(O)C(F)(F)C(F)(F)C(F)(F)C(F)(F)C(F)(F)C(F)(F)C(F)(F)C(F)(F)C(F)(F)F,CMP_5bc76544fcbe477197d1,munoz2017,10.1021/acs.est.7b02399,provisional_normalized_citation_cross_source_equivalence_unverified,,,L/kg,1.0,2240.0,2240.0,3.3502480183341627,3.3502480183341627,-4.801833416268053e-05,False,True,True,True,,retained,False,10.1021/acs.est.7b02399,Evidence for the Trophic Transfer of Perfluoroalkylated Substancesin a Temperate Macrotidal Estuary,Munoz 2017; Evidence for the Trophic Transfer of Perfluoroalkylated Substancesin a Temperate Macrotidal Estuary; Environmental Science & Technology,ITRC Table5-1; BCF-BAF Database!row 994; uid=1295; endpoint=BAF,,database_cell_verified,1.0,,,,,,,exact numeric cell match,original paper table/page and primary measurement not yet verified,,OBS_230f4ac6d9b3ab49,1,candidate only; missing conditions and repeated experiments prevent unique identification,not verified against original experimental table,original search date/operator unavailable; current audit is not original collection history,,10.1021/acs.est.7b02399,verified_summary,retain_verified_summary_separate_from_individual_measurements,"SI Table S11 PDF page 26; mysidacea, ind.; PFDA; mean",2240.0,linear,"Wet whole-body equivalent; source Table S2 uses muscle-to-whole-body conversion for fish; group mean, not independent individual observations",sources/7b661dcc85c9262b/es7b02399_si_001.pdf,65ef59719fb593294f68,,True,e69fd4b850d3fe8ce3c8bea28a89fb8f8179ceefc347202435fdb289f2eeb10d,https://ndownloader.figshare.com/files/8909803,data/04_bioaccumulation/ITRC_Table_5-1_BCF-BAF_aquatic.xlsx,BCF-BAF Database,994,K994;I994;J994,"{""BAF"": 2240, ""BAF Min"": null, ""BAF Max"": null}",reported_database_value,2240.0,True,True,bfc24df5dbd2d21341a9580e5053f7a7b89c1ddea1ebe75c55407f4cee27a54d,verified_summary,,CIT_21c71b40f20934d048b4,True,True,True,verified_summary,True,"SI Table S11 PDF page 26; mysidacea, ind.; PFDA; mean",3.3502480183341627,not_reported
BIO_6583,1793,6583,PFDA,Perfluorodecanoic acid,335-76-2,PFCA,10.0,BAF,3200.0,3.5051,L/kg,3200.0,,wet weight,,Gammarus spp.,Gammarus,invertebrate,whole body,,,,,brackish,,field,ITRC,https://pfas-1.itrcweb.org/wp-content/uploads/2023/10/ITRC_PFAS_-BCF-BAF_compilation_Table5-1_Oct2021.xlsx,Munoz 2017,ITRC-compiled,location=Gironde estuary; waterbody=Estuary; note=Error estimates available; uid=1296,2026-05-17T15:20:06+00:00,Perfluorodecanoic acid,335-76-2,PCIUEQPBYFRTEM-UHFFFAOYSA-N,,9555.0,OC(=O)C(F)(F)C(F)(F)C(F)(F)C(F)(F)C(F)(F)C(F)(F)C(F)(F)C(F)(F)C(F)(F)F,C10HF19O2,514.086,PFCA,6.3,,EPA,,,,,,O=C(O)C(F)(F)C(F)(F)C(F)(F)C(F)(F)C(F)(F)C(F)(F)C(F)(F)C(F)(F)C(F)(F)F,O=C(O)C(F)(F)C(F)(F)C(F)(F)C(F)(F)C(F)(F)C(F)(F)C(F)(F)C(F)(F)C(F)(F)F,CMP_5bc76544fcbe477197d1,munoz2017,10.1021/acs.est.7b02399,provisional_normalized_citation_cross_source_equivalence_unverified,,,L/kg,1.0,3200.0,3200.0,3.505149978319906,3.505149978319906,-4.9978319905719104e-05,False,True,True,True,,retained,False,10.1021/acs.est.7b02399,Evidence for the Trophic Transfer of Perfluoroalkylated Substancesin a Temperate Macrotidal Estuary,Munoz 2017; Evidence for the Trophic Transfer of Perfluoroalkylated Substancesin a Temperate Macrotidal Estuary; Environmental Science & Technology,ITRC Table5-1; BCF-BAF Database!row 995; uid=1296; endpoint=BAF,,database_cell_verified,1.0,,,,,,,exact numeric cell match,original paper table/page and primary measurement not yet verified,,OBS_2e2d76736af4931c,1,candidate only; missing conditions and repeated experiments prevent unique identification,not verified against original experimental table,original search date/operator unavailable; current audit is not original collection history,,10.1021/acs.est.7b02399,verified_summary,retain_verified_summary_separate_from_individual_measurements,SI Table S11 PDF page 26; gammarus spp.; PFDA; mean,3200.0,linear,"Wet whole-body equivalent; source Table S2 uses muscle-to-whole-body conversion for fish; group mean, not independent individual observations",sources/7b661dcc85c9262b/es7b02399_si_001.pdf,30f4e83d66278ee8c229,invertebrate,True,e69fd4b850d3fe8ce3c8bea28a89fb8f8179ceefc347202435fdb289f2eeb10d,https://ndownloader.figshare.com/files/8909803,data/04_bioaccumulation/ITRC_Table_5-1_BCF-BAF_aquatic.xlsx,BCF-BAF Database,995,K995;I995;J995,"{""BAF"": 3200, ""BAF Min"": null, ""BAF Max"": null}",reported_database_value,3200.0,True,True,bfc24df5dbd2d21341a9580e5053f7a7b89c1ddea1ebe75c55407f4cee27a54d,verified_summary,invertebrate,CIT_21c71b40f20934d048b4,True,True,True,verified_summary,True,SI Table S11 PDF page 26; gammarus spp.; PFDA; mean,3.505149978319906,not_reported
BIO_6584,1794,6584,PFDA,Perfluorodecanoic acid,335-76-2,PFCA,10.0,BAF,2850.0,3.4548,L/kg,2850.0,,wet weight,,Palaemon longirostris,White shrimp,invertebrate,whole body,,,,,brackish,,field,ITRC,https://pfas-1.itrcweb.org/wp-content/uploads/2023/10/ITRC_PFAS_-BCF-BAF_compilation_Table5-1_Oct2021.xlsx,Munoz 2017,ITRC-compiled,location=Gironde estuary; waterbody=Estuary; note=Error estimates available; uid=1297,2026-05-17T15:20:06+00:00,Perfluorodecanoic acid,335-76-2,PCIUEQPBYFRTEM-UHFFFAOYSA-N,,9555.0,OC(=O)C(F)(F)C(F)(F)C(F)(F)C(F)(F)C(F)(F)C(F)(F)C(F)(F)C(F)(F)C(F)(F)F,C10HF19O2,514.086,PFCA,6.3,,EPA,,,,,,O=C(O)C(F)(F)C(F)(F)C(F)(F)C(F)(F)C(F)(F)C(F)(F)C(F)(F)C(F)(F)C(F)(F)F,O=C(O)C(F)(F)C(F)(F)C(F)(F)C(F)(F)C(F)(F)C(F)(F)C(F)(F)C(F)(F)C(F)(F)F,CMP_5bc76544fcbe477197d1,munoz2017,10.1021/acs.est.7b02399,provisional_normalized_citation_cross_source_equivalence_unverified,,,L/kg,1.0,2850.0,2850.0,3.45484486000851,3.45484486000851,-4.486000851011696e-05,False,True,True,True,,retained,False,10.1021/acs.est.7b02399,Evidence for the Trophic Transfer of Perfluoroalkylated Substancesin a Temperate Macrotidal Estuary,Munoz 2017; Evidence for the Trophic Transfer of Perfluoroalkylated Substancesin a Temperate Macrotidal Estuary; Environmental Science & Technology,ITRC Table5-1; BCF-BAF Database!row 996; uid=1297; endpoint=BAF,,database_cell_verified,1.0,,,,,,,exact numeric cell match,original paper table/page and primary measurement not yet verified,,OBS_f7cc193e93074780,1,candidate only; missing conditions and repeated experiments prevent unique identification,not verified against original experimental table,original search date/operator unavailable; current audit is not original collection history,,10.1021/acs.est.7b02399,verified_summary,retain_verified_summary_separate_from_individual_measurements,SI Table S11 PDF page 26; palaemon longirostris; PFDA; mean,2850.0,linear,"Wet whole-body equivalent; source Table S2 uses muscle-to-whole-body conversion for fish; group mean, not independent individual observations",sources/7b661dcc85c9262b/es7b02399_si_001.pdf,1c88737fac135439d9e8,,True,e69fd4b850d3fe8ce3c8bea28a89fb8f8179ceefc347202435fdb289f2eeb10d,https://ndownloader.figshare.com/files/8909803,data/04_bioaccumulation/ITRC_Table_5-1_BCF-BAF_aquatic.xlsx,BCF-BAF Database,996,K996;I996;J996,"{""BAF"": 2850, ""BAF Min"": null, ""BAF Max"": null}",reported_database_value,2850.0,True,True,bfc24df5dbd2d21341a9580e5053f7a7b89c1ddea1ebe75c55407f4cee27a54d,verified_summary,,CIT_21c71b40f20934d048b4,True,True,True,verified_summary,True,SI Table S11 PDF page 26; palaemon longirostris; PFDA; mean,3.45484486000851,not_reported
BIO_6585,1795,6585,PFDA,Perfluorodecanoic acid,335-76-2,PFCA,10.0,BAF,7370.0,3.8675,L/kg,7370.0,,wet weight,,Crangon crangon,Brown shrimp,invertebrate,whole body,,,,,brackish,,field,ITRC,https://pfas-1.itrcweb.org/wp-content/uploads/2023/10/ITRC_PFAS_-BCF-BAF_compilation_Table5-1_Oct2021.xlsx,Munoz 2017,ITRC-compiled,location=Gironde estuary; waterbody=Estuary; note=Error estimates available; uid=1298,2026-05-17T15:20:06+00:00,Perfluorodecanoic acid,335-76-2,PCIUEQPBYFRTEM-UHFFFAOYSA-N,,9555.0,OC(=O)C(F)(F)C(F)(F)C(F)(F)C(F)(F)C(F)(F)C(F)(F)C(F)(F)C(F)(F)C(F)(F)F,C10HF19O2,514.086,PFCA,6.3,,EPA,,,,,,O=C(O)C(F)(F)C(F)(F)C(F)(F)C(F)(F)C(F)(F)C(F)(F)C(F)(F)C(F)(F)C(F)(F)F,O=C(O)C(F)(F)C(F)(F)C(F)(F)C(F)(F)C(F)(F)C(F)(F)C(F)(F)C(F)(F)C(F)(F)F,CMP_5bc76544fcbe477197d1,munoz2017,10.1021/acs.est.7b02399,provisional_normalized_citation_cross_source_equivalence_unverified,,,L/kg,1.0,7370.0,7370.0,3.8674674878590514,3.8674674878590514,3.2512140948792734e-05,False,True,True,True,,retained,False,10.1021/acs.est.7b02399,Evidence for the Trophic Transfer of Perfluoroalkylated Substancesin a Temperate Macrotidal Estuary,Munoz 2017; Evidence for the Trophic Transfer of Perfluoroalkylated Substancesin a Temperate Macrotidal Estuary; Environmental Science & Technology,ITRC Table5-1; BCF-BAF Database!row 997; uid=1298; endpoint=BAF,,database_cell_verified,1.0,,,,,,,exact numeric cell match,original paper table/page and primary measurement not yet verified,,OBS_decd60de9f983ce7,1,candidate only; missing conditions and repeated experiments prevent unique identification,not verified against original experimental table,original search date/operator unavailable; current audit is not original collection history,,10.1021/acs.est.7b02399,verified_summary,retain_verified_summary_separate_from_individual_measurements,SI Table S11 PDF page 26; crangon crangon; PFDA; mean,7370.0,linear,"Wet whole-body equivalent; source Table S2 uses muscle-to-whole-body conversion for fish; group mean, not independent individual observations",sources/7b661dcc85c9262b/es7b02399_si_001.pdf,776156db1ac9a8fbc975,,True,e69fd4b850d3fe8ce3c8bea28a89fb8f8179ceefc347202435fdb289f2eeb10d,https://ndownloader.figshare.com/files/8909803,data/04_bioaccumulation/ITRC_Table_5-1_BCF-BAF_aquatic.xlsx,BCF-BAF Database,997,K997;I997;J997,"{""BAF"": 7370, ""BAF Min"": null, ""BAF Max"": null}",reported_database_value,7370.0,True,True,bfc24df5dbd2d21341a9580e5053f7a7b89c1ddea1ebe75c55407f4cee27a54d,verified_summary,,CIT_21c71b40f20934d048b4,True,True,True,verified_summary,True,SI Table S11 PDF page 26; crangon crangon; PFDA; mean,3.8674674878590514,not_reported
BIO_6593,1803,6593,PFUnDA,Perfluoroundecanoic acid,2058-94-8,PFCA,11.0,BAF,1030.0,3.0128,L/kg,1030.0,,wet weight,,Crassostrea gigas,Oyster,invertebrate,whole body,,,,,brackish,,field,ITRC,https://pfas-1.itrcweb.org/wp-content/uploads/2023/10/ITRC_PFAS_-BCF-BAF_compilation_Table5-1_Oct2021.xlsx,Munoz 2017,ITRC-compiled,location=Gironde estuary; waterbody=Estuary; note=Error estimates available; uid=1306,2026-05-17T15:20:06+00:00,Perfluoroundecanoic acid,2058-94-8,SIDINRCMMRKXGQ-UHFFFAOYSA-N,,77222.0,OC(=O)C(F)(F)C(F)(F)C(F)(F)C(F)(F)C(F)(F)C(F)(F)C(F)(F)C(F)(F)C(F)(F)C(F)(F)F,C11HF21O2,564.093,PFCA,6.9,,EPA,,,,,,O=C(O)C(F)(F)C(F)(F)C(F)(F)C(F)(F)C(F)(F)C(F)(F)C(F)(F)C(F)(F)C(F)(F)C(F)(F)F,O=C(O)C(F)(F)C(F)(F)C(F)(F)C(F)(F)C(F)(F)C(F)(F)C(F)(F)C(F)(F)C(F)(F)C(F)(F)F,CMP_ba6c40d3726d16919ab2,munoz2017,10.1021/acs.est.7b02399,provisional_normalized_citation_cross_source_equivalence_unverified,,,L/kg,1.0,1030.0,1030.0,3.012837224705172,3.012837224705172,-3.722470517208976e-05,False,True,True,True,,retained,False,10.1021/acs.est.7b02399,Evidence for the Trophic Transfer of Perfluoroalkylated Substancesin a Temperate Macrotidal Estuary,Munoz 2017; Evidence for the Trophic Transfer of Perfluoroalkylated Substancesin a Temperate Macrotidal Estuary; Environmental Science & Technology,ITRC Table5-1; BCF-BAF Database!row 1005; uid=1306; endpoint=BAF,,database_cell_verified,1.0,,,,,,,exact numeric cell match,original paper table/page and primary measurement not yet verified,,OBS_37a07ccfe06ac0b6,1,candidate only; missing conditions and repeated experiments prevent unique identification,not verified against original experimental table,original search date/operator unavailable; current audit is not original collection history,,10.1021/acs.est.7b02399,verified_summary,retain_verified_summary_separate_from_individual_measurements,SI Table S11 PDF page 26; crassostrea gigas; PFUnDA; mean,1030.0,linear,"Wet whole-body equivalent; source Table S2 uses muscle-to-whole-body conversion for fish; group mean, not independent individual observations",sources/7b661dcc85c9262b/es7b02399_si_001.pdf,3babfe36315ff070feee,,True,e69fd4b850d3fe8ce3c8bea28a89fb8f8179ceefc347202435fdb289f2eeb10d,https://ndownloader.figshare.com/files/8909803,data/04_bioaccumulation/ITRC_Table_5-1_BCF-BAF_aquatic.xlsx,BCF-BAF Database,1005,K1005;I1005;J1005,"{""BAF"": 1030, ""BAF Min"": null, ""BAF Max"": null}",reported_database_value,1030.0,True,True,bfc24df5dbd2d21341a9580e5053f7a7b89c1ddea1ebe75c55407f4cee27a54d,verified_summary,,CIT_21c71b40f20934d048b4,True,True,True,verified_summary,True,SI Table S11 PDF page 26; crassostrea gigas; PFUnDA; mean,3.012837224705172,not_reported
BIO_6594,1804,6594,PFUnDA,Perfluoroundecanoic acid,2058-94-8,PFCA,11.0,BAF,6930.0,3.8407,L/kg,6930.0,,wet weight,,"Copepoda, ind.",Copepods,invertebrate,whole body,,,,,brackish,,field,ITRC,https://pfas-1.itrcweb.org/wp-content/uploads/2023/10/ITRC_PFAS_-BCF-BAF_compilation_Table5-1_Oct2021.xlsx,Munoz 2017,ITRC-compiled,location=Gironde estuary; waterbody=Estuary; note=Error estimates available; uid=1307,2026-05-17T15:20:06+00:00,Perfluoroundecanoic acid,2058-94-8,SIDINRCMMRKXGQ-UHFFFAOYSA-N,,77222.0,OC(=O)C(F)(F)C(F)(F)C(F)(F)C(F)(F)C(F)(F)C(F)(F)C(F)(F)C(F)(F)C(F)(F)C(F)(F)F,C11HF21O2,564.093,PFCA,6.9,,EPA,,,,,,O=C(O)C(F)(F)C(F)(F)C(F)(F)C(F)(F)C(F)(F)C(F)(F)C(F)(F)C(F)(F)C(F)(F)C(F)(F)F,O=C(O)C(F)(F)C(F)(F)C(F)(F)C(F)(F)C(F)(F)C(F)(F)C(F)(F)C(F)(F)C(F)(F)C(F)(F)F,CMP_ba6c40d3726d16919ab2,munoz2017,10.1021/acs.est.7b02399,provisional_normalized_citation_cross_source_equivalence_unverified,,,L/kg,1.0,6930.0,6930.0,3.840733234611807,3.840733234611807,-3.323461180659848e-05,False,True,True,True,,retained,False,10.1021/acs.est.7b02399,Evidence for the Trophic Transfer of Perfluoroalkylated Substancesin a Temperate Macrotidal Estuary,Munoz 2017; Evidence for the Trophic Transfer of Perfluoroalkylated Substancesin a Temperate Macrotidal Estuary; Environmental Science & Technology,ITRC Table5-1; BCF-BAF Database!row 1006; uid=1307; endpoint=BAF,,database_cell_verified,1.0,,,,,,,exact numeric cell match,original paper table/page and primary measurement not yet verified,,OBS_8b8cec5df8456d46,1,candidate only; missing conditions and repeated experiments prevent unique identification,not verified against original experimental table,original search date/operator unavailable; current audit is not original collection history,,10.1021/acs.est.7b02399,verified_summary,retain_verified_summary_separate_from_individual_measurements,"SI Table S11 PDF page 26; copepoda, ind.; PFUnDA; mean",6930.0,linear,"Wet whole-body equivalent; source Table S2 uses muscle-to-whole-body conversion for fish; group mean, not independent individual observations",sources/7b661dcc85c9262b/es7b02399_si_001.pdf,096ce4f2356714ee3a73,invertebrate,True,e69fd4b850d3fe8ce3c8bea28a89fb8f8179ceefc347202435fdb289f2eeb10d,https://ndownloader.figshare.com/files/8909803,data/04_bioaccumulation/ITRC_Table_5-1_BCF-BAF_aquatic.xlsx,BCF-BAF Database,1006,K1006;I1006;J1006,"{""BAF"": 6930, ""BAF Min"": null, ""BAF Max"": null}",reported_database_value,6930.0,True,True,bfc24df5dbd2d21341a9580e5053f7a7b89c1ddea1ebe75c55407f4cee27a54d,verified_summary,invertebrate,CIT_21c71b40f20934d048b4,True,True,True,verified_summary,True,"SI Table S11 PDF page 26; copepoda, ind.; PFUnDA; mean",3.840733234611807,not_reported
BIO_6595,1805,6595,PFUnDA,Perfluoroundecanoic acid,2058-94-8,PFCA,11.0,BAF,9900.0,3.9956,L/kg,9900.0,,wet weight,,Mysidacea,Mysids,invertebrate,whole body,,,,,brackish,,field,ITRC,https://pfas-1.itrcweb.org/wp-content/uploads/2023/10/ITRC_PFAS_-BCF-BAF_compilation_Table5-1_Oct2021.xlsx,Munoz 2017,ITRC-compiled,location=Gironde estuary; waterbody=Estuary; note=Error estimates available; uid=1308,2026-05-17T15:20:06+00:00,Perfluoroundecanoic acid,2058-94-8,SIDINRCMMRKXGQ-UHFFFAOYSA-N,,77222.0,OC(=O)C(F)(F)C(F)(F)C(F)(F)C(F)(F)C(F)(F)C(F)(F)C(F)(F)C(F)(F)C(F)(F)C(F)(F)F,C11HF21O2,564.093,PFCA,6.9,,EPA,,,,,,O=C(O)C(F)(F)C(F)(F)C(F)(F)C(F)(F)C(F)(F)C(F)(F)C(F)(F)C(F)(F)C(F)(F)C(F)(F)F,O=C(O)C(F)(F)C(F)(F)C(F)(F)C(F)(F)C(F)(F)C(F)(F)C(F)(F)C(F)(F)C(F)(F)C(F)(F)F,CMP_ba6c40d3726d16919ab2,munoz2017,10.1021/acs.est.7b02399,provisional_normalized_citation_cross_source_equivalence_unverified,,,L/kg,1.0,9900.0,9900.0,3.99563519459755,3.99563519459755,-3.519459755008114e-05,False,True,True,True,,retained,False,10.1021/acs.est.7b02399,Evidence for the Trophic Transfer of Perfluoroalkylated Substancesin a Temperate Macrotidal Estuary,Munoz 2017; Evidence for the Trophic Transfer of Perfluoroalkylated Substancesin a Temperate Macrotidal Estuary; Environmental Science & Technology,ITRC Table5-1; BCF-BAF Database!row 1007; uid=1308; endpoint=BAF,,database_cell_verified,1.0,,,,,,,exact numeric cell match,original paper table/page and primary measurement not yet verified,,OBS_5157b2a45d94e9b8,1,candidate only; missing conditions and repeated experiments prevent unique identification,not verified against original experimental table,original search date/operator unavailable; current audit is not original collection history,,10.1021/acs.est.7b02399,verified_summary,retain_verified_summary_separate_from_individual_measurements,"SI Table S11 PDF page 26; mysidacea, ind.; PFUnDA; mean",9900.0,linear,"Wet whole-body equivalent; source Table S2 uses muscle-to-whole-body conversion for fish; group mean, not independent individual observations",sources/7b661dcc85c9262b/es7b02399_si_001.pdf,1d1c841c4f1c494bb2ad,,True,e69fd4b850d3fe8ce3c8bea28a89fb8f8179ceefc347202435fdb289f2eeb10d,https://ndownloader.figshare.com/files/8909803,data/04_bioaccumulation/ITRC_Table_5-1_BCF-BAF_aquatic.xlsx,BCF-BAF Database,1007,K1007;I1007;J1007,"{""BAF"": 9900, ""BAF Min"": null, ""BAF Max"": null}",reported_database_value,9900.0,True,True,bfc24df5dbd2d21341a9580e5053f7a7b89c1ddea1ebe75c55407f4cee27a54d,verified_summary,,CIT_21c71b40f20934d048b4,True,True,True,verified_summary,True,"SI Table S11 PDF page 26; mysidacea, ind.; PFUnDA; mean",3.99563519459755,not_reported
BIO_6596,1806,6596,PFUnDA,Perfluoroundecanoic acid,2058-94-8,PFCA,11.0,BAF,28100.0,4.4487,L/kg,28100.0,,wet weight,,Gammarus spp.,Gammarus,invertebrate,whole body,,,,,brackish,,field,ITRC,https://pfas-1.itrcweb.org/wp-content/uploads/2023/10/ITRC_PFAS_-BCF-BAF_compilation_Table5-1_Oct2021.xlsx,Munoz 2017,ITRC-compiled,location=Gironde estuary; waterbody=Estuary; note=Error estimates available; uid=1309,2026-05-17T15:20:07+00:00,Perfluoroundecanoic acid,2058-94-8,SIDINRCMMRKXGQ-UHFFFAOYSA-N,,77222.0,OC(=O)C(F)(F)C(F)(F)C(F)(F)C(F)(F)C(F)(F)C(F)(F)C(F)(F)C(F)(F)C(F)(F)C(F)(F)F,C11HF21O2,564.093,PFCA,6.9,,EPA,,,,,,O=C(O)C(F)(F)C(F)(F)C(F)(F)C(F)(F)C(F)(F)C(F)(F)C(F)(F)C(F)(F)C(F)(F)C(F)(F)F,O=C(O)C(F)(F)C(F)(F)C(F)(F)C(F)(F)C(F)(F)C(F)(F)C(F)(F)C(F)(F)C(F)(F)C(F)(F)F,CMP_ba6c40d3726d16919ab2,munoz2017,10.1021/acs.est.7b02399,provisional_normalized_citation_cross_source_equivalence_unverified,,,L/kg,1.0,28100.0,28100.0,4.44870631990508,4.44870631990508,-6.319905080154342e-06,False,True,True,True,,retained,False,10.1021/acs.est.7b02399,Evidence for the Trophic Transfer of Perfluoroalkylated Substancesin a Temperate Macrotidal Estuary,Munoz 2017; Evidence for the Trophic Transfer of Perfluoroalkylated Substancesin a Temperate Macrotidal Estuary; Environmental Science & Technology,ITRC Table5-1; BCF-BAF Database!row 1008; uid=1309; endpoint=BAF,,database_cell_verified,1.0,,,,,,,exact numeric cell match,original paper table/page and primary measurement not yet verified,,OBS_9e0fc441c80368a9,1,candidate only; missing conditions and repeated experiments prevent unique identification,not verified against original experimental table,original search date/operator unavailable; current audit is not original collection history,,10.1021/acs.est.7b02399,verified_summary,retain_verified_summary_separate_from_individual_measurements,SI Table S11 PDF page 26; gammarus spp.; PFUnDA; mean,28100.0,linear,"Wet whole-body equivalent; source Table S2 uses muscle-to-whole-body conversion for fish; group mean, not independent individual observations",sources/7b661dcc85c9262b/es7b02399_si_001.pdf,71d6da4729a1a2baf8e9,invertebrate,True,e69fd4b850d3fe8ce3c8bea28a89fb8f8179ceefc347202435fdb289f2eeb10d,https://ndownloader.figshare.com/files/8909803,data/04_bioaccumulation/ITRC_Table_5-1_BCF-BAF_aquatic.xlsx,BCF-BAF Database,1008,K1008;I1008;J1008,"{""BAF"": 28100, ""BAF Min"": null, ""BAF Max"": null}",reported_database_value,28100.0,True,True,bfc24df5dbd2d21341a9580e5053f7a7b89c1ddea1ebe75c55407f4cee27a54d,verified_summary,invertebrate,CIT_21c71b40f20934d048b4,True,True,True,verified_summary,True,SI Table S11 PDF page 26; gammarus spp.; PFUnDA; mean,4.44870631990508,not_reported
BIO_6597,1807,6597,PFUnDA,Perfluoroundecanoic acid,2058-94-8,PFCA,11.0,BAF,26900.0,4.4298,L/kg,26900.0,,wet weight,,Palaemon longirostris,White shrimp,invertebrate,whole body,,,,,brackish,,field,ITRC,https://pfas-1.itrcweb.org/wp-content/uploads/2023/10/ITRC_PFAS_-BCF-BAF_compilation_Table5-1_Oct2021.xlsx,Munoz 2017,ITRC-compiled,location=Gironde estuary; waterbody=Estuary; note=Error estimates available; uid=1310,2026-05-17T15:20:07+00:00,Perfluoroundecanoic acid,2058-94-8,SIDINRCMMRKXGQ-UHFFFAOYSA-N,,77222.0,OC(=O)C(F)(F)C(F)(F)C(F)(F)C(F)(F)C(F)(F)C(F)(F)C(F)(F)C(F)(F)C(F)(F)C(F)(F)F,C11HF21O2,564.093,PFCA,6.9,,EPA,,,,,,O=C(O)C(F)(F)C(F)(F)C(F)(F)C(F)(F)C(F)(F)C(F)(F)C(F)(F)C(F)(F)C(F)(F)C(F)(F)F,O=C(O)C(F)(F)C(F)(F)C(F)(F)C(F)(F)C(F)(F)C(F)(F)C(F)(F)C(F)(F)C(F)(F)C(F)(F)F,CMP_ba6c40d3726d16919ab2,munoz2017,10.1021/acs.est.7b02399,provisional_normalized_citation_cross_source_equivalence_unverified,,,L/kg,1.0,26900.0,26900.0,4.429752280002408,4.429752280002408,4.771999759256573e-05,False,True,True,True,,retained,False,10.1021/acs.est.7b02399,Evidence for the Trophic Transfer of Perfluoroalkylated Substancesin a Temperate Macrotidal Estuary,Munoz 2017; Evidence for the Trophic Transfer of Perfluoroalkylated Substancesin a Temperate Macrotidal Estuary; Environmental Science & Technology,ITRC Table5-1; BCF-BAF Database!row 1009; uid=1310; endpoint=BAF,,database_cell_verified,1.0,,,,,,,exact numeric cell match,original paper table/page and primary measurement not yet verified,,OBS_e76f5d3fe97f38d7,1,candidate only; missing conditions and repeated experiments prevent unique identification,not verified against original experimental table,original search date/operator unavailable; current audit is not original collection history,,10.1021/acs.est.7b02399,verified_summary,retain_verified_summary_separate_from_individual_measurements,SI Table S11 PDF page 26; palaemon longirostris; PFUnDA; mean,26900.0,linear,"Wet whole-body equivalent; source Table S2 uses muscle-to-whole-body conversion for fish; group mean, not independent individual observations",sources/7b661dcc85c9262b/es7b02399_si_001.pdf,56a014b4e3236b0132b6,,True,e69fd4b850d3fe8ce3c8bea28a89fb8f8179ceefc347202435fdb289f2eeb10d,https://ndownloader.figshare.com/files/8909803,data/04_bioaccumulation/ITRC_Table_5-1_BCF-BAF_aquatic.xlsx,BCF-BAF Database,1009,K1009;I1009;J1009,"{""BAF"": 26900, ""BAF Min"": null, ""BAF Max"": null}",reported_database_value,26900.0,True,True,bfc24df5dbd2d21341a9580e5053f7a7b89c1ddea1ebe75c55407f4cee27a54d,verified_summary,,CIT_21c71b40f20934d048b4,True,True,True,verified_summary,True,SI Table S11 PDF page 26; palaemon longirostris; PFUnDA; mean,4.429752280002408,not_reported
BIO_6598,1808,6598,PFUnDA,Perfluoroundecanoic acid,2058-94-8,PFCA,11.0,BAF,32770.0,4.5155,L/kg,32770.0,,wet weight,,Crangon crangon,Brown shrimp,invertebrate,whole body,,,,,brackish,,field,ITRC,https://pfas-1.itrcweb.org/wp-content/uploads/2023/10/ITRC_PFAS_-BCF-BAF_compilation_Table5-1_Oct2021.xlsx,Munoz 2017,ITRC-compiled,location=Gironde estuary; waterbody=Estuary; note=Error estimates available; uid=1311,2026-05-17T15:20:07+00:00,Perfluoroundecanoic acid,2058-94-8,SIDINRCMMRKXGQ-UHFFFAOYSA-N,,77222.0,OC(=O)C(F)(F)C(F)(F)C(F)(F)C(F)(F)C(F)(F)C(F)(F)C(F)(F)C(F)(F)C(F)(F)C(F)(F)F,C11HF21O2,564.093,PFCA,6.9,,EPA,,,,,,O=C(O)C(F)(F)C(F)(F)C(F)(F)C(F)(F)C(F)(F)C(F)(F)C(F)(F)C(F)(F)C(F)(F)C(F)(F)F,O=C(O)C(F)(F)C(F)(F)C(F)(F)C(F)(F)C(F)(F)C(F)(F)C(F)(F)C(F)(F)C(F)(F)C(F)(F)F,CMP_ba6c40d3726d16919ab2,munoz2017,10.1021/acs.est.7b02399,provisional_normalized_citation_cross_source_equivalence_unverified,,,L/kg,1.0,32770.0,32770.0,4.515476441382376,4.515476441382376,2.355861762470824e-05,False,True,True,True,,retained,False,10.1021/acs.est.7b02399,Evidence for the Trophic Transfer of Perfluoroalkylated Substancesin a Temperate Macrotidal Estuary,Munoz 2017; Evidence for the Trophic Transfer of Perfluoroalkylated Substancesin a Temperate Macrotidal Estuary; Environmental Science & Technology,ITRC Table5-1; BCF-BAF Database!row 1010; uid=1311; endpoint=BAF,,database_cell_verified,1.0,,,,,,,exact numeric cell match,original paper table/page and primary measurement not yet verified,,OBS_3abbae9eaf9048f2,1,candidate only; missing conditions and repeated experiments prevent unique identification,not verified against original experimental table,original search date/operator unavailable; current audit is not original collection history,,10.1021/acs.est.7b02399,verified_summary,retain_verified_summary_separate_from_individual_measurements,SI Table S11 PDF page 26; crangon crangon; PFUnDA; mean,32770.0,linear,"Wet whole-body equivalent; source Table S2 uses muscle-to-whole-body conversion for fish; group mean, not independent individual observations",sources/7b661dcc85c9262b/es7b02399_si_001.pdf,c37cab50c0e34a6111a7,,True,e69fd4b850d3fe8ce3c8bea28a89fb8f8179ceefc347202435fdb289f2eeb10d,https://ndownloader.figshare.com/files/8909803,data/04_bioaccumulation/ITRC_Table_5-1_BCF-BAF_aquatic.xlsx,BCF-BAF Database,1010,K1010;I1010;J1010,"{""BAF"": 32770, ""BAF Min"": null, ""BAF Max"": null}",reported_database_value,32770.0,True,True,bfc24df5dbd2d21341a9580e5053f7a7b89c1ddea1ebe75c55407f4cee27a54d,verified_summary,,CIT_21c71b40f20934d048b4,True,True,True,verified_summary,True,SI Table S11 PDF page 26; crangon crangon; PFUnDA; mean,4.515476441382376,not_reported
BIO_6605,1815,6605,PFHxS,Perfluorohexanesulfonic acid,355-46-4,PFSA,6.0,BAF,10.0,1.0,L/kg,10.0,,wet weight,,Crassostrea gigas,Oyster,invertebrate,whole body,,,,,brackish,,field,ITRC,https://pfas-1.itrcweb.org/wp-content/uploads/2023/10/ITRC_PFAS_-BCF-BAF_compilation_Table5-1_Oct2021.xlsx,Munoz 2017,ITRC-compiled,location=Gironde estuary; waterbody=Estuary; note=Error estimates available; uid=1318,2026-05-17T15:20:07+00:00,Perfluorohexanesulfonic acid,355-46-4,QZHDEAJFRJCDMF-UHFFFAOYSA-N,,67734.0,OS(=O)(=O)C(F)(F)C(F)(F)C(F)(F)C(F)(F)C(F)(F)C(F)(F)F,C6HF13O3S,400.11,PFSA,3.7,,EPA,,,,,,O=S(=O)(O)C(F)(F)C(F)(F)C(F)(F)C(F)(F)C(F)(F)C(F)(F)F,O=S(=O)(O)C(F)(F)C(F)(F)C(F)(F)C(F)(F)C(F)(F)C(F)(F)F,CMP_83aa37c8a37d61e51382,munoz2017,10.1021/acs.est.7b02399,provisional_normalized_citation_cross_source_equivalence_unverified,,,L/kg,1.0,10.0,10.0,1.0,1.0,0.0,False,True,True,True,,retained,False,10.1021/acs.est.7b02399,Evidence for the Trophic Transfer of Perfluoroalkylated Substancesin a Temperate Macrotidal Estuary,Munoz 2017; Evidence for the Trophic Transfer of Perfluoroalkylated Substancesin a Temperate Macrotidal Estuary; Environmental Science & Technology,ITRC Table5-1; BCF-BAF Database!row 1017; uid=1318; endpoint=BAF,,database_cell_verified,1.0,,,,,,,exact numeric cell match,original paper table/page and primary measurement not yet verified,,OBS_6ec8f240a52039e6,1,candidate only; missing conditions and repeated experiments prevent unique identification,not verified against original experimental table,original search date/operator unavailable; current audit is not original collection history,,10.1021/acs.est.7b02399,verified_summary,retain_verified_summary_separate_from_individual_measurements,SI Table S11 PDF page 26; crassostrea gigas; PFHxS; mean,10.0,linear,"Wet whole-body equivalent; source Table S2 uses muscle-to-whole-body conversion for fish; group mean, not independent individual observations",sources/7b661dcc85c9262b/es7b02399_si_001.pdf,75383ed30510760d9c81,,True,e69fd4b850d3fe8ce3c8bea28a89fb8f8179ceefc347202435fdb289f2eeb10d,https://ndownloader.figshare.com/files/8909803,data/04_bioaccumulation/ITRC_Table_5-1_BCF-BAF_aquatic.xlsx,BCF-BAF Database,1017,K1017;I1017;J1017,"{""BAF"": 10, ""BAF Min"": null, ""BAF Max"": null}",reported_database_value,10.0,True,True,bfc24df5dbd2d21341a9580e5053f7a7b89c1ddea1ebe75c55407f4cee27a54d,verified_summary,,CIT_21c71b40f20934d048b4,True,True,True,verified_summary,True,SI Table S11 PDF page 26; crassostrea gigas; PFHxS; mean,1.0,not_reported
BIO_6606,1816,6606,PFHxS,Perfluorohexanesulfonic acid,355-46-4,PFSA,6.0,BAF,217.0,2.3365,L/kg,217.0,,wet weight,,"Copepoda, ind.",Copepods,invertebrate,whole body,,,,,brackish,,field,ITRC,https://pfas-1.itrcweb.org/wp-content/uploads/2023/10/ITRC_PFAS_-BCF-BAF_compilation_Table5-1_Oct2021.xlsx,Munoz 2017,ITRC-compiled,location=Gironde estuary; waterbody=Estuary; note=Error estimates available; uid=1319,2026-05-17T15:20:07+00:00,Perfluorohexanesulfonic acid,355-46-4,QZHDEAJFRJCDMF-UHFFFAOYSA-N,,67734.0,OS(=O)(=O)C(F)(F)C(F)(F)C(F)(F)C(F)(F)C(F)(F)C(F)(F)F,C6HF13O3S,400.11,PFSA,3.7,,EPA,,,,,,O=S(=O)(O)C(F)(F)C(F)(F)C(F)(F)C(F)(F)C(F)(F)C(F)(F)F,O=S(=O)(O)C(F)(F)C(F)(F)C(F)(F)C(F)(F)C(F)(F)C(F)(F)F,CMP_83aa37c8a37d61e51382,munoz2017,10.1021/acs.est.7b02399,provisional_normalized_citation_cross_source_equivalence_unverified,,,L/kg,1.0,217.0,217.0,2.3364597338485296,2.3364597338485296,4.026615147045831e-05,False,True,True,True,,retained,False,10.1021/acs.est.7b02399,Evidence for the Trophic Transfer of Perfluoroalkylated Substancesin a Temperate Macrotidal Estuary,Munoz 2017; Evidence for the Trophic Transfer of Perfluoroalkylated Substancesin a Temperate Macrotidal Estuary; Environmental Science & Technology,ITRC Table5-1; BCF-BAF Database!row 1018; uid=1319; endpoint=BAF,,database_cell_verified,1.0,,,,,,,exact numeric cell match,original paper table/page and primary measurement not yet verified,,OBS_d7e5f8723f719672,1,candidate only; missing conditions and repeated experiments prevent unique identification,not verified against original experimental table,original search date/operator unavailable; current audit is not original collection history,,10.1021/acs.est.7b02399,verified_summary,retain_verified_summary_separate_from_individual_measurements,"SI Table S11 PDF page 26; copepoda, ind.; PFHxS; mean",217.0,linear,"Wet whole-body equivalent; source Table S2 uses muscle-to-whole-body conversion for fish; group mean, not independent individual observations",sources/7b661dcc85c9262b/es7b02399_si_001.pdf,9d5d4ee7c1f61d5cf51a,invertebrate,True,e69fd4b850d3fe8ce3c8bea28a89fb8f8179ceefc347202435fdb289f2eeb10d,https://ndownloader.figshare.com/files/8909803,data/04_bioaccumulation/ITRC_Table_5-1_BCF-BAF_aquatic.xlsx,BCF-BAF Database,1018,K1018;I1018;J1018,"{""BAF"": 217, ""BAF Min"": null, ""BAF Max"": null}",reported_database_value,217.0,True,True,bfc24df5dbd2d21341a9580e5053f7a7b89c1ddea1ebe75c55407f4cee27a54d,verified_summary,invertebrate,CIT_21c71b40f20934d048b4,True,True,True,verified_summary,True,"SI Table S11 PDF page 26; copepoda, ind.; PFHxS; mean",2.3364597338485296,not_reported
BIO_6607,1817,6607,PFHxS,Perfluorohexanesulfonic acid,355-46-4,PFSA,6.0,BAF,461.0,2.6637,L/kg,461.0,,wet weight,,Mysidacea,Mysids,invertebrate,whole body,,,,,brackish,,field,ITRC,https://pfas-1.itrcweb.org/wp-content/uploads/2023/10/ITRC_PFAS_-BCF-BAF_compilation_Table5-1_Oct2021.xlsx,Munoz 2017,ITRC-compiled,location=Gironde estuary; waterbody=Estuary; note=Error estimates available; uid=1320,2026-05-17T15:20:07+00:00,Perfluorohexanesulfonic acid,355-46-4,QZHDEAJFRJCDMF-UHFFFAOYSA-N,,67734.0,OS(=O)(=O)C(F)(F)C(F)(F)C(F)(F)C(F)(F)C(F)(F)C(F)(F)F,C6HF13O3S,400.11,PFSA,3.7,,EPA,,,,,,O=S(=O)(O)C(F)(F)C(F)(F)C(F)(F)C(F)(F)C(F)(F)C(F)(F)F,O=S(=O)(O)C(F)(F)C(F)(F)C(F)(F)C(F)(F)C(F)(F)C(F)(F)F,CMP_83aa37c8a37d61e51382,munoz2017,10.1021/acs.est.7b02399,provisional_normalized_citation_cross_source_equivalence_unverified,,,L/kg,1.0,461.0,461.0,2.663700925389648,2.663700925389648,-9.253896480210244e-07,False,True,True,True,,retained,False,10.1021/acs.est.7b02399,Evidence for the Trophic Transfer of Perfluoroalkylated Substancesin a Temperate Macrotidal Estuary,Munoz 2017; Evidence for the Trophic Transfer of Perfluoroalkylated Substancesin a Temperate Macrotidal Estuary; Environmental Science & Technology,ITRC Table5-1; BCF-BAF Database!row 1019; uid=1320; endpoint=BAF,,database_cell_verified,1.0,,,,,,,exact numeric cell match,original paper table/page and primary measurement not yet verified,,OBS_51d6d4893e5b41ec,1,candidate only; missing conditions and repeated experiments prevent unique identification,not verified against original experimental table,original search date/operator unavailable; current audit is not original collection history,,10.1021/acs.est.7b02399,verified_summary,retain_verified_summary_separate_from_individual_measurements,"SI Table S11 PDF page 26; mysidacea, ind.; PFHxS; mean",461.0,linear,"Wet whole-body equivalent; source Table S2 uses muscle-to-whole-body conversion for fish; group mean, not independent individual observations",sources/7b661dcc85c9262b/es7b02399_si_001.pdf,e215ac18efa918669642,,True,e69fd4b850d3fe8ce3c8bea28a89fb8f8179ceefc347202435fdb289f2eeb10d,https://ndownloader.figshare.com/files/8909803,data/04_bioaccumulation/ITRC_Table_5-1_BCF-BAF_aquatic.xlsx,BCF-BAF Database,1019,K1019;I1019;J1019,"{""BAF"": 461, ""BAF Min"": null, ""BAF Max"": null}",reported_database_value,461.0,True,True,bfc24df5dbd2d21341a9580e5053f7a7b89c1ddea1ebe75c55407f4cee27a54d,verified_summary,,CIT_21c71b40f20934d048b4,True,True,True,verified_summary,True,"SI Table S11 PDF page 26; mysidacea, ind.; PFHxS; mean",2.663700925389648,not_reported
BIO_6608,1818,6608,PFHxS,Perfluorohexanesulfonic acid,355-46-4,PFSA,6.0,BAF,436.0,2.6395,L/kg,436.0,,wet weight,,Gammarus spp.,Gammarus,invertebrate,whole body,,,,,brackish,,field,ITRC,https://pfas-1.itrcweb.org/wp-content/uploads/2023/10/ITRC_PFAS_-BCF-BAF_compilation_Table5-1_Oct2021.xlsx,Munoz 2017,ITRC-compiled,location=Gironde estuary; waterbody=Estuary; note=Error estimates available; uid=1321,2026-05-17T15:20:07+00:00,Perfluorohexanesulfonic acid,355-46-4,QZHDEAJFRJCDMF-UHFFFAOYSA-N,,67734.0,OS(=O)(=O)C(F)(F)C(F)(F)C(F)(F)C(F)(F)C(F)(F)C(F)(F)F,C6HF13O3S,400.11,PFSA,3.7,,EPA,,,,,,O=S(=O)(O)C(F)(F)C(F)(F)C(F)(F)C(F)(F)C(F)(F)C(F)(F)F,O=S(=O)(O)C(F)(F)C(F)(F)C(F)(F)C(F)(F)C(F)(F)C(F)(F)F,CMP_83aa37c8a37d61e51382,munoz2017,10.1021/acs.est.7b02399,provisional_normalized_citation_cross_source_equivalence_unverified,,,L/kg,1.0,436.0,436.0,2.639486489268586,2.639486489268586,1.3510731414090316e-05,False,True,True,True,,retained,False,10.1021/acs.est.7b02399,Evidence for the Trophic Transfer of Perfluoroalkylated Substancesin a Temperate Macrotidal Estuary,Munoz 2017; Evidence for the Trophic Transfer of Perfluoroalkylated Substancesin a Temperate Macrotidal Estuary; Environmental Science & Technology,ITRC Table5-1; BCF-BAF Database!row 1020; uid=1321; endpoint=BAF,,database_cell_verified,1.0,,,,,,,exact numeric cell match,original paper table/page and primary measurement not yet verified,,OBS_a8ceb644d4f47850,1,candidate only; missing conditions and repeated experiments prevent unique identification,not verified against original experimental table,original search date/operator unavailable; current audit is not original collection history,,10.1021/acs.est.7b02399,verified_summary,retain_verified_summary_separate_from_individual_measurements,SI Table S11 PDF page 26; gammarus spp.; PFHxS; mean,436.0,linear,"Wet whole-body equivalent; source Table S2 uses muscle-to-whole-body conversion for fish; group mean, not independent individual observations",sources/7b661dcc85c9262b/es7b02399_si_001.pdf,29b37a187613b5f1731d,invertebrate,True,e69fd4b850d3fe8ce3c8bea28a89fb8f8179ceefc347202435fdb289f2eeb10d,https://ndownloader.figshare.com/files/8909803,data/04_bioaccumulation/ITRC_Table_5-1_BCF-BAF_aquatic.xlsx,BCF-BAF Database,1020,K1020;I1020;J1020,"{""BAF"": 436, ""BAF Min"": null, ""BAF Max"": null}",reported_database_value,436.0,True,True,bfc24df5dbd2d21341a9580e5053f7a7b89c1ddea1ebe75c55407f4cee27a54d,verified_summary,invertebrate,CIT_21c71b40f20934d048b4,True,True,True,verified_summary,True,SI Table S11 PDF page 26; gammarus spp.; PFHxS; mean,2.639486489268586,not_reported
BIO_6609,1819,6609,PFHxS,Perfluorohexanesulfonic acid,355-46-4,PFSA,6.0,BAF,448.0,2.6513,L/kg,448.0,,wet weight,,Palaemon longirostris,White shrimp,invertebrate,whole body,,,,,brackish,,field,ITRC,https://pfas-1.itrcweb.org/wp-content/uploads/2023/10/ITRC_PFAS_-BCF-BAF_compilation_Table5-1_Oct2021.xlsx,Munoz 2017,ITRC-compiled,location=Gironde estuary; waterbody=Estuary; note=Error estimates available; uid=1322,2026-05-17T15:20:07+00:00,Perfluorohexanesulfonic acid,355-46-4,QZHDEAJFRJCDMF-UHFFFAOYSA-N,,67734.0,OS(=O)(=O)C(F)(F)C(F)(F)C(F)(F)C(F)(F)C(F)(F)C(F)(F)F,C6HF13O3S,400.11,PFSA,3.7,,EPA,,,,,,O=S(=O)(O)C(F)(F)C(F)(F)C(F)(F)C(F)(F)C(F)(F)C(F)(F)F,O=S(=O)(O)C(F)(F)C(F)(F)C(F)(F)C(F)(F)C(F)(F)C(F)(F)F,CMP_83aa37c8a37d61e51382,munoz2017,10.1021/acs.est.7b02399,provisional_normalized_citation_cross_source_equivalence_unverified,,,L/kg,1.0,448.0,448.0,2.651278013998144,2.651278013998144,2.19860018559892e-05,False,True,True,True,,retained,False,10.1021/acs.est.7b02399,Evidence for the Trophic Transfer of Perfluoroalkylated Substancesin a Temperate Macrotidal Estuary,Munoz 2017; Evidence for the Trophic Transfer of Perfluoroalkylated Substancesin a Temperate Macrotidal Estuary; Environmental Science & Technology,ITRC Table5-1; BCF-BAF Database!row 1021; uid=1322; endpoint=BAF,,database_cell_verified,1.0,,,,,,,exact numeric cell match,original paper table/page and primary measurement not yet verified,,OBS_fe5473d4b163783e,1,candidate only; missing conditions and repeated experiments prevent unique identification,not verified against original experimental table,original search date/operator unavailable; current audit is not original collection history,,10.1021/acs.est.7b02399,verified_summary,retain_verified_summary_separate_from_individual_measurements,SI Table S11 PDF page 26; palaemon longirostris; PFHxS; mean,448.0,linear,"Wet whole-body equivalent; source Table S2 uses muscle-to-whole-body conversion for fish; group mean, not independent individual observations",sources/7b661dcc85c9262b/es7b02399_si_001.pdf,d38dd99aead71a0edb10,,True,e69fd4b850d3fe8ce3c8bea28a89fb8f8179ceefc347202435fdb289f2eeb10d,https://ndownloader.figshare.com/files/8909803,data/04_bioaccumulation/ITRC_Table_5-1_BCF-BAF_aquatic.xlsx,BCF-BAF Database,1021,K1021;I1021;J1021,"{""BAF"": 448, ""BAF Min"": null, ""BAF Max"": null}",reported_database_value,448.0,True,True,bfc24df5dbd2d21341a9580e5053f7a7b89c1ddea1ebe75c55407f4cee27a54d,verified_summary,,CIT_21c71b40f20934d048b4,True,True,True,verified_summary,True,SI Table S11 PDF page 26; palaemon longirostris; PFHxS; mean,2.651278013998144,not_reported
BIO_6610,1820,6610,PFHxS,Perfluorohexanesulfonic acid,355-46-4,PFSA,6.0,BAF,697.0,2.8432,L/kg,697.0,,wet weight,,Crangon crangon,Brown shrimp,invertebrate,whole body,,,,,brackish,,field,ITRC,https://pfas-1.itrcweb.org/wp-content/uploads/2023/10/ITRC_PFAS_-BCF-BAF_compilation_Table5-1_Oct2021.xlsx,Munoz 2017,ITRC-compiled,location=Gironde estuary; waterbody=Estuary; note=Error estimates available; uid=1323,2026-05-17T15:20:07+00:00,Perfluorohexanesulfonic acid,355-46-4,QZHDEAJFRJCDMF-UHFFFAOYSA-N,,67734.0,OS(=O)(=O)C(F)(F)C(F)(F)C(F)(F)C(F)(F)C(F)(F)C(F)(F)F,C6HF13O3S,400.11,PFSA,3.7,,EPA,,,,,,O=S(=O)(O)C(F)(F)C(F)(F)C(F)(F)C(F)(F)C(F)(F)C(F)(F)F,O=S(=O)(O)C(F)(F)C(F)(F)C(F)(F)C(F)(F)C(F)(F)C(F)(F)F,CMP_83aa37c8a37d61e51382,munoz2017,10.1021/acs.est.7b02399,provisional_normalized_citation_cross_source_equivalence_unverified,,,L/kg,1.0,697.0,697.0,2.8432327780980096,2.8432327780980096,-3.277809800961151e-05,False,True,True,True,,retained,False,10.1021/acs.est.7b02399,Evidence for the Trophic Transfer of Perfluoroalkylated Substancesin a Temperate Macrotidal Estuary,Munoz 2017; Evidence for the Trophic Transfer of Perfluoroalkylated Substancesin a Temperate Macrotidal Estuary; Environmental Science & Technology,ITRC Table5-1; BCF-BAF Database!row 1022; uid=1323; endpoint=BAF,,database_cell_verified,1.0,,,,,,,exact numeric cell match,original paper table/page and primary measurement not yet verified,,OBS_b023edb47831d8d9,1,candidate only; missing conditions and repeated experiments prevent unique identification,not verified against original experimental table,original search date/operator unavailable; current audit is not original collection history,,10.1021/acs.est.7b02399,verified_summary,retain_verified_summary_separate_from_individual_measurements,SI Table S11 PDF page 26; crangon crangon; PFHxS; mean,697.0,linear,"Wet whole-body equivalent; source Table S2 uses muscle-to-whole-body conversion for fish; group mean, not independent individual observations",sources/7b661dcc85c9262b/es7b02399_si_001.pdf,d49918497f8ab686d001,,True,e69fd4b850d3fe8ce3c8bea28a89fb8f8179ceefc347202435fdb289f2eeb10d,https://ndownloader.figshare.com/files/8909803,data/04_bioaccumulation/ITRC_Table_5-1_BCF-BAF_aquatic.xlsx,BCF-BAF Database,1022,K1022;I1022;J1022,"{""BAF"": 697, ""BAF Min"": null, ""BAF Max"": null}",reported_database_value,697.0,True,True,bfc24df5dbd2d21341a9580e5053f7a7b89c1ddea1ebe75c55407f4cee27a54d,verified_summary,,CIT_21c71b40f20934d048b4,True,True,True,verified_summary,True,SI Table S11 PDF page 26; crangon crangon; PFHxS; mean,2.8432327780980096,not_reported
BIO_6629,1839,6629,PFOS,Perfluorooctanesulfonic acid,1763-23-1,PFSA,8.0,BAF,122.0,2.0864,L/kg,122.0,,wet weight,,Crassostrea gigas,Oyster,invertebrate,whole body,,,,,brackish,,field,ITRC,https://pfas-1.itrcweb.org/wp-content/uploads/2023/10/ITRC_PFAS_-BCF-BAF_compilation_Table5-1_Oct2021.xlsx,Munoz 2017,ITRC-compiled,location=Gironde estuary; waterbody=Estuary; note=Error estimates available; uid=1342,2026-05-17T15:20:08+00:00,Perfluorooctanesulfonic acid,1763-23-1,YFSUTJLHUFNCNZ-UHFFFAOYSA-N,,74483.0,OS(=O)(=O)C(F)(F)C(F)(F)C(F)(F)C(F)(F)C(F)(F)C(F)(F)C(F)(F)C(F)(F)F,C8HF17O3S,500.13,PFSA,5.0,,EPA,,,,,,O=S(=O)(O)C(F)(F)C(F)(F)C(F)(F)C(F)(F)C(F)(F)C(F)(F)C(F)(F)C(F)(F)F,O=S(=O)(O)C(F)(F)C(F)(F)C(F)(F)C(F)(F)C(F)(F)C(F)(F)C(F)(F)C(F)(F)F,CMP_cfdde373a2a8c04668f0,munoz2017,10.1021/acs.est.7b02399,provisional_normalized_citation_cross_source_equivalence_unverified,,,L/kg,1.0,122.0,122.0,2.0863598306747484,2.0863598306747484,4.01693252514157e-05,False,True,True,True,,retained,False,10.1021/acs.est.7b02399,Evidence for the Trophic Transfer of Perfluoroalkylated Substancesin a Temperate Macrotidal Estuary,Munoz 2017; Evidence for the Trophic Transfer of Perfluoroalkylated Substancesin a Temperate Macrotidal Estuary; Environmental Science & Technology,ITRC Table5-1; BCF-BAF Database!row 1041; uid=1342; endpoint=BAF,,database_cell_verified,1.0,,,,,,,exact numeric cell match,original paper table/page and primary measurement not yet verified,,OBS_303580ad3f5cf6f3,1,candidate only; missing conditions and repeated experiments prevent unique identification,not verified against original experimental table,original search date/operator unavailable; current audit is not original collection history,,10.1021/acs.est.7b02399,verified_summary,retain_verified_summary_separate_from_individual_measurements,SI Table S11 PDF page 26; crassostrea gigas; PFOS; mean,122.0,linear,"Wet whole-body equivalent; source Table S2 uses muscle-to-whole-body conversion for fish; group mean, not independent individual observations",sources/7b661dcc85c9262b/es7b02399_si_001.pdf,ffc0e4b931be1063e0f7,,True,e69fd4b850d3fe8ce3c8bea28a89fb8f8179ceefc347202435fdb289f2eeb10d,https://ndownloader.figshare.com/files/8909803,data/04_bioaccumulation/ITRC_Table_5-1_BCF-BAF_aquatic.xlsx,BCF-BAF Database,1041,K1041;I1041;J1041,"{""BAF"": 122, ""BAF Min"": null, ""BAF Max"": null}",reported_database_value,122.0,True,True,bfc24df5dbd2d21341a9580e5053f7a7b89c1ddea1ebe75c55407f4cee27a54d,verified_summary,,CIT_21c71b40f20934d048b4,True,True,True,verified_summary,True,SI Table S11 PDF page 26; crassostrea gigas; PFOS; mean,2.0863598306747484,not_reported
BIO_6630,1840,6630,PFOS,Perfluorooctanesulfonic acid,1763-23-1,PFSA,8.0,BAF,1380.0,3.1399,L/kg,1380.0,,wet weight,,Copepoda,Copepods,invertebrate,whole body,,,,,brackish,,field,ITRC,https://pfas-1.itrcweb.org/wp-content/uploads/2023/10/ITRC_PFAS_-BCF-BAF_compilation_Table5-1_Oct2021.xlsx,Munoz 2017,ITRC-compiled,location=Gironde estuary; waterbody=Estuary; note=Error estimates available; uid=1343,2026-05-17T15:20:08+00:00,Perfluorooctanesulfonic acid,1763-23-1,YFSUTJLHUFNCNZ-UHFFFAOYSA-N,,74483.0,OS(=O)(=O)C(F)(F)C(F)(F)C(F)(F)C(F)(F)C(F)(F)C(F)(F)C(F)(F)C(F)(F)F,C8HF17O3S,500.13,PFSA,5.0,,EPA,,,,,,O=S(=O)(O)C(F)(F)C(F)(F)C(F)(F)C(F)(F)C(F)(F)C(F)(F)C(F)(F)C(F)(F)F,O=S(=O)(O)C(F)(F)C(F)(F)C(F)(F)C(F)(F)C(F)(F)C(F)(F)C(F)(F)C(F)(F)F,CMP_cfdde373a2a8c04668f0,munoz2017,10.1021/acs.est.7b02399,provisional_normalized_citation_cross_source_equivalence_unverified,,,L/kg,1.0,1380.0,1380.0,3.1398790864012365,3.1398790864012365,2.091359876343901e-05,False,True,True,True,,retained,False,10.1021/acs.est.7b02399,Evidence for the Trophic Transfer of Perfluoroalkylated Substancesin a Temperate Macrotidal Estuary,Munoz 2017; Evidence for the Trophic Transfer of Perfluoroalkylated Substancesin a Temperate Macrotidal Estuary; Environmental Science & Technology,ITRC Table5-1; BCF-BAF Database!row 1042; uid=1343; endpoint=BAF,,database_cell_verified,1.0,,,,,,,exact numeric cell match,original paper table/page and primary measurement not yet verified,,OBS_4d609594102960bf,1,candidate only; missing conditions and repeated experiments prevent unique identification,not verified against original experimental table,original search date/operator unavailable; current audit is not original collection history,,10.1021/acs.est.7b02399,verified_summary,retain_verified_summary_separate_from_individual_measurements,"SI Table S11 PDF page 26; copepoda, ind.; PFOS; mean",1380.0,linear,"Wet whole-body equivalent; source Table S2 uses muscle-to-whole-body conversion for fish; group mean, not independent individual observations",sources/7b661dcc85c9262b/es7b02399_si_001.pdf,e41a36413fbbad5926de,invertebrate,True,e69fd4b850d3fe8ce3c8bea28a89fb8f8179ceefc347202435fdb289f2eeb10d,https://ndownloader.figshare.com/files/8909803,data/04_bioaccumulation/ITRC_Table_5-1_BCF-BAF_aquatic.xlsx,BCF-BAF Database,1042,K1042;I1042;J1042,"{""BAF"": 1380, ""BAF Min"": null, ""BAF Max"": null}",reported_database_value,1380.0,True,True,bfc24df5dbd2d21341a9580e5053f7a7b89c1ddea1ebe75c55407f4cee27a54d,verified_summary,invertebrate,CIT_21c71b40f20934d048b4,True,True,True,verified_summary,True,"SI Table S11 PDF page 26; copepoda, ind.; PFOS; mean",3.1398790864012365,not_reported
BIO_6631,1841,6631,PFOS,Perfluorooctanesulfonic acid,1763-23-1,PFSA,8.0,BAF,3560.0,3.5514,L/kg,3560.0,,wet weight,,Mysidacea,Mysids,invertebrate,whole body,,,,,brackish,,field,ITRC,https://pfas-1.itrcweb.org/wp-content/uploads/2023/10/ITRC_PFAS_-BCF-BAF_compilation_Table5-1_Oct2021.xlsx,Munoz 2017,ITRC-compiled,location=Gironde estuary; waterbody=Estuary; note=Error estimates available; uid=1344,2026-05-17T15:20:08+00:00,Perfluorooctanesulfonic acid,1763-23-1,YFSUTJLHUFNCNZ-UHFFFAOYSA-N,,74483.0,OS(=O)(=O)C(F)(F)C(F)(F)C(F)(F)C(F)(F)C(F)(F)C(F)(F)C(F)(F)C(F)(F)F,C8HF17O3S,500.13,PFSA,5.0,,EPA,,,,,,O=S(=O)(O)C(F)(F)C(F)(F)C(F)(F)C(F)(F)C(F)(F)C(F)(F)C(F)(F)C(F)(F)F,O=S(=O)(O)C(F)(F)C(F)(F)C(F)(F)C(F)(F)C(F)(F)C(F)(F)C(F)(F)C(F)(F)F,CMP_cfdde373a2a8c04668f0,munoz2017,10.1021/acs.est.7b02399,provisional_normalized_citation_cross_source_equivalence_unverified,,,L/kg,1.0,3560.0,3560.0,3.551449997972876,3.551449997972876,-4.999797287519314e-05,False,True,True,True,,retained,False,10.1021/acs.est.7b02399,Evidence for the Trophic Transfer of Perfluoroalkylated Substancesin a Temperate Macrotidal Estuary,Munoz 2017; Evidence for the Trophic Transfer of Perfluoroalkylated Substancesin a Temperate Macrotidal Estuary; Environmental Science & Technology,ITRC Table5-1; BCF-BAF Database!row 1043; uid=1344; endpoint=BAF,,database_cell_verified,1.0,,,,,,,exact numeric cell match,original paper table/page and primary measurement not yet verified,,OBS_31559665d597d8fd,1,candidate only; missing conditions and repeated experiments prevent unique identification,not verified against original experimental table,original search date/operator unavailable; current audit is not original collection history,,10.1021/acs.est.7b02399,verified_summary,retain_verified_summary_separate_from_individual_measurements,"SI Table S11 PDF page 26; mysidacea, ind.; PFOS; mean",3560.0,linear,"Wet whole-body equivalent; source Table S2 uses muscle-to-whole-body conversion for fish; group mean, not independent individual observations",sources/7b661dcc85c9262b/es7b02399_si_001.pdf,4543889df5ef86a4f485,,True,e69fd4b850d3fe8ce3c8bea28a89fb8f8179ceefc347202435fdb289f2eeb10d,https://ndownloader.figshare.com/files/8909803,data/04_bioaccumulation/ITRC_Table_5-1_BCF-BAF_aquatic.xlsx,BCF-BAF Database,1043,K1043;I1043;J1043,"{""BAF"": 3560, ""BAF Min"": null, ""BAF Max"": null}",reported_database_value,3560.0,True,True,bfc24df5dbd2d21341a9580e5053f7a7b89c1ddea1ebe75c55407f4cee27a54d,verified_summary,,CIT_21c71b40f20934d048b4,True,True,True,verified_summary,True,"SI Table S11 PDF page 26; mysidacea, ind.; PFOS; mean",3.551449997972876,not_reported
BIO_6632,1842,6632,PFOS,Perfluorooctanesulfonic acid,1763-23-1,PFSA,8.0,BAF,2380.0,3.3766,L/kg,2380.0,,wet weight,,Gammarus spp.,Gammarus spp.,invertebrate,whole body,,,,,brackish,,field,ITRC,https://pfas-1.itrcweb.org/wp-content/uploads/2023/10/ITRC_PFAS_-BCF-BAF_compilation_Table5-1_Oct2021.xlsx,Munoz 2017,ITRC-compiled,location=Gironde estuary; waterbody=Estuary; note=Error estimates available; uid=1345,2026-05-17T15:20:08+00:00,Perfluorooctanesulfonic acid,1763-23-1,YFSUTJLHUFNCNZ-UHFFFAOYSA-N,,74483.0,OS(=O)(=O)C(F)(F)C(F)(F)C(F)(F)C(F)(F)C(F)(F)C(F)(F)C(F)(F)C(F)(F)F,C8HF17O3S,500.13,PFSA,5.0,,EPA,,,,,,O=S(=O)(O)C(F)(F)C(F)(F)C(F)(F)C(F)(F)C(F)(F)C(F)(F)C(F)(F)C(F)(F)F,O=S(=O)(O)C(F)(F)C(F)(F)C(F)(F)C(F)(F)C(F)(F)C(F)(F)C(F)(F)C(F)(F)F,CMP_cfdde373a2a8c04668f0,munoz2017,10.1021/acs.est.7b02399,provisional_normalized_citation_cross_source_equivalence_unverified,,,L/kg,1.0,2380.0,2380.0,3.376576957056512,3.376576957056512,2.304294348798308e-05,False,True,True,True,,retained,False,10.1021/acs.est.7b02399,Evidence for the Trophic Transfer of Perfluoroalkylated Substancesin a Temperate Macrotidal Estuary,Munoz 2017; Evidence for the Trophic Transfer of Perfluoroalkylated Substancesin a Temperate Macrotidal Estuary; Environmental Science & Technology,ITRC Table5-1; BCF-BAF Database!row 1044; uid=1345; endpoint=BAF,,database_cell_verified,1.0,,,,,,,exact numeric cell match,original paper table/page and primary measurement not yet verified,,OBS_dae3e1846f72361f,1,candidate only; missing conditions and repeated experiments prevent unique identification,not verified against original experimental table,original search date/operator unavailable; current audit is not original collection history,,10.1021/acs.est.7b02399,verified_summary,retain_verified_summary_separate_from_individual_measurements,SI Table S11 PDF page 26; gammarus spp.; PFOS; mean,2380.0,linear,"Wet whole-body equivalent; source Table S2 uses muscle-to-whole-body conversion for fish; group mean, not independent individual observations",sources/7b661dcc85c9262b/es7b02399_si_001.pdf,5e6b86401c4d917b42a6,invertebrate,True,e69fd4b850d3fe8ce3c8bea28a89fb8f8179ceefc347202435fdb289f2eeb10d,https://ndownloader.figshare.com/files/8909803,data/04_bioaccumulation/ITRC_Table_5-1_BCF-BAF_aquatic.xlsx,BCF-BAF Database,1044,K1044;I1044;J1044,"{""BAF"": 2380, ""BAF Min"": null, ""BAF Max"": null}",reported_database_value,2380.0,True,True,bfc24df5dbd2d21341a9580e5053f7a7b89c1ddea1ebe75c55407f4cee27a54d,verified_summary,invertebrate,CIT_21c71b40f20934d048b4,True,True,True,verified_summary,True,SI Table S11 PDF page 26; gammarus spp.; PFOS; mean,3.376576957056512,not_reported
BIO_6633,1843,6633,PFOS,Perfluorooctanesulfonic acid,1763-23-1,PFSA,8.0,BAF,2803.0,3.4476,L/kg,2803.0,,wet weight,,Palaemon longirostris,White shrimp,invertebrate,whole body,,,,,brackish,,field,ITRC,https://pfas-1.itrcweb.org/wp-content/uploads/2023/10/ITRC_PFAS_-BCF-BAF_compilation_Table5-1_Oct2021.xlsx,Munoz 2017,ITRC-compiled,location=Gironde estuary; waterbody=Estuary; note=Error estimates available; uid=1346,2026-05-17T15:20:08+00:00,Perfluorooctanesulfonic acid,1763-23-1,YFSUTJLHUFNCNZ-UHFFFAOYSA-N,,74483.0,OS(=O)(=O)C(F)(F)C(F)(F)C(F)(F)C(F)(F)C(F)(F)C(F)(F)C(F)(F)C(F)(F)F,C8HF17O3S,500.13,PFSA,5.0,,EPA,,,,,,O=S(=O)(O)C(F)(F)C(F)(F)C(F)(F)C(F)(F)C(F)(F)C(F)(F)C(F)(F)C(F)(F)F,O=S(=O)(O)C(F)(F)C(F)(F)C(F)(F)C(F)(F)C(F)(F)C(F)(F)C(F)(F)C(F)(F)F,CMP_cfdde373a2a8c04668f0,munoz2017,10.1021/acs.est.7b02399,provisional_normalized_citation_cross_source_equivalence_unverified,,,L/kg,1.0,2803.0,2803.0,3.447623097760286,3.447623097760286,-2.3097760286194813e-05,False,True,True,True,,retained,False,10.1021/acs.est.7b02399,Evidence for the Trophic Transfer of Perfluoroalkylated Substancesin a Temperate Macrotidal Estuary,Munoz 2017; Evidence for the Trophic Transfer of Perfluoroalkylated Substancesin a Temperate Macrotidal Estuary; Environmental Science & Technology,ITRC Table5-1; BCF-BAF Database!row 1045; uid=1346; endpoint=BAF,,database_cell_verified,1.0,,,,,,,exact numeric cell match,original paper table/page and primary measurement not yet verified,,OBS_ca54eaee3fd8f27c,1,candidate only; missing conditions and repeated experiments prevent unique identification,not verified against original experimental table,original search date/operator unavailable; current audit is not original collection history,,10.1021/acs.est.7b02399,verified_summary,retain_verified_summary_separate_from_individual_measurements,SI Table S11 PDF page 26; palaemon longirostris; PFOS; mean,2803.0,linear,"Wet whole-body equivalent; source Table S2 uses muscle-to-whole-body conversion for fish; group mean, not independent individual observations",sources/7b661dcc85c9262b/es7b02399_si_001.pdf,2afa4d7a74bcda7ff5f0,,True,e69fd4b850d3fe8ce3c8bea28a89fb8f8179ceefc347202435fdb289f2eeb10d,https://ndownloader.figshare.com/files/8909803,data/04_bioaccumulation/ITRC_Table_5-1_BCF-BAF_aquatic.xlsx,BCF-BAF Database,1045,K1045;I1045;J1045,"{""BAF"": 2803, ""BAF Min"": null, ""BAF Max"": null}",reported_database_value,2803.0,True,True,bfc24df5dbd2d21341a9580e5053f7a7b89c1ddea1ebe75c55407f4cee27a54d,verified_summary,,CIT_21c71b40f20934d048b4,True,True,True,verified_summary,True,SI Table S11 PDF page 26; palaemon longirostris; PFOS; mean,3.447623097760286,not_reported
BIO_6634,1844,6634,PFOS,Perfluorooctanesulfonic acid,1763-23-1,PFSA,8.0,BAF,7110.0,3.8519,L/kg,7110.0,,wet weight,,Crangon crangon,Brown shrimp,invertebrate,whole body,,,,,brackish,,field,ITRC,https://pfas-1.itrcweb.org/wp-content/uploads/2023/10/ITRC_PFAS_-BCF-BAF_compilation_Table5-1_Oct2021.xlsx,Munoz 2017,ITRC-compiled,location=Gironde estuary; waterbody=Estuary; note=Error estimates available; uid=1347,2026-05-17T15:20:08+00:00,Perfluorooctanesulfonic acid,1763-23-1,YFSUTJLHUFNCNZ-UHFFFAOYSA-N,,74483.0,OS(=O)(=O)C(F)(F)C(F)(F)C(F)(F)C(F)(F)C(F)(F)C(F)(F)C(F)(F)C(F)(F)F,C8HF17O3S,500.13,PFSA,5.0,,EPA,,,,,,O=S(=O)(O)C(F)(F)C(F)(F)C(F)(F)C(F)(F)C(F)(F)C(F)(F)C(F)(F)C(F)(F)F,O=S(=O)(O)C(F)(F)C(F)(F)C(F)(F)C(F)(F)C(F)(F)C(F)(F)C(F)(F)C(F)(F)F,CMP_cfdde373a2a8c04668f0,munoz2017,10.1021/acs.est.7b02399,provisional_normalized_citation_cross_source_equivalence_unverified,,,L/kg,1.0,7110.0,7110.0,3.851869600729766,3.851869600729766,3.0399270233960607e-05,False,True,True,True,,retained,False,10.1021/acs.est.7b02399,Evidence for the Trophic Transfer of Perfluoroalkylated Substancesin a Temperate Macrotidal Estuary,Munoz 2017; Evidence for the Trophic Transfer of Perfluoroalkylated Substancesin a Temperate Macrotidal Estuary; Environmental Science & Technology,ITRC Table5-1; BCF-BAF Database!row 1046; uid=1347; endpoint=BAF,,database_cell_verified,1.0,,,,,,,exact numeric cell match,original paper table/page and primary measurement not yet verified,,OBS_a8b4c053a9cb0e04,1,candidate only; missing conditions and repeated experiments prevent unique identification,not verified against original experimental table,original search date/operator unavailable; current audit is not original collection history,,10.1021/acs.est.7b02399,verified_summary,retain_verified_summary_separate_from_individual_measurements,SI Table S11 PDF page 26; crangon crangon; PFOS; mean,7110.0,linear,"Wet whole-body equivalent; source Table S2 uses muscle-to-whole-body conversion for fish; group mean, not independent individual observations",sources/7b661dcc85c9262b/es7b02399_si_001.pdf,00848507c2bcd33fcab2,,True,e69fd4b850d3fe8ce3c8bea28a89fb8f8179ceefc347202435fdb289f2eeb10d,https://ndownloader.figshare.com/files/8909803,data/04_bioaccumulation/ITRC_Table_5-1_BCF-BAF_aquatic.xlsx,BCF-BAF Database,1046,K1046;I1046;J1046,"{""BAF"": 7110, ""BAF Min"": null, ""BAF Max"": null}",reported_database_value,7110.0,True,True,bfc24df5dbd2d21341a9580e5053f7a7b89c1ddea1ebe75c55407f4cee27a54d,verified_summary,,CIT_21c71b40f20934d048b4,True,True,True,verified_summary,True,SI Table S11 PDF page 26; crangon crangon; PFOS; mean,3.851869600729766,not_reported
BIO_6642,1852,6642,FOSA,Perfluorooctanesulfonamide,754-91-6,Sulfonamide,8.0,BAF,29590.0,4.4711,L/kg,29590.0,,wet weight,,Crassostrea gigas,Oyster,invertebrate,whole body,,,,,brackish,,field,ITRC,https://pfas-1.itrcweb.org/wp-content/uploads/2023/10/ITRC_PFAS_-BCF-BAF_compilation_Table5-1_Oct2021.xlsx,Munoz 2017,ITRC-compiled,location=Gironde estuary; waterbody=Estuary; note=Error estimates available; uid=1355,2026-05-17T15:20:09+00:00,Perfluorooctanesulfonamide,754-91-6,RRRXPPIDPYTNJG-UHFFFAOYSA-N,,69785.0,NS(=O)(=O)C(F)(F)C(F)(F)C(F)(F)C(F)(F)C(F)(F)C(F)(F)C(F)(F)C(F)(F)F,C8H2F17NO2S,499.14,FASA,4.8,,EPA,17.0,0.0,7.0,1.0,0.0,NS(=O)(=O)C(F)(F)C(F)(F)C(F)(F)C(F)(F)C(F)(F)C(F)(F)C(F)(F)C(F)(F)F,NS(=O)(=O)C(F)(F)C(F)(F)C(F)(F)C(F)(F)C(F)(F)C(F)(F)C(F)(F)C(F)(F)F,CMP_6a78ec62602000d01409,munoz2017,10.1021/acs.est.7b02399,provisional_normalized_citation_cross_source_equivalence_unverified,,,L/kg,1.0,29590.0,29590.0,4.471144965160633,4.471144965160633,-4.496516063312584e-05,False,True,True,True,,retained,False,10.1021/acs.est.7b02399,Evidence for the Trophic Transfer of Perfluoroalkylated Substancesin a Temperate Macrotidal Estuary,Munoz 2017; Evidence for the Trophic Transfer of Perfluoroalkylated Substancesin a Temperate Macrotidal Estuary; Environmental Science & Technology,ITRC Table5-1; BCF-BAF Database!row 1054; uid=1355; endpoint=BAF,,database_cell_verified,1.0,,,,,,,exact numeric cell match,original paper table/page and primary measurement not yet verified,,OBS_be99e3a4462db914,1,candidate only; missing conditions and repeated experiments prevent unique identification,not verified against original experimental table,original search date/operator unavailable; current audit is not original collection history,,10.1021/acs.est.7b02399,verified_summary,retain_verified_summary_separate_from_individual_measurements,SI Table S11 PDF page 26; crassostrea gigas; FOSA; mean,29590.0,linear,"Wet whole-body equivalent; source Table S2 uses muscle-to-whole-body conversion for fish; group mean, not independent individual observations",sources/7b661dcc85c9262b/es7b02399_si_001.pdf,35b807789791b16c1382,,True,e69fd4b850d3fe8ce3c8bea28a89fb8f8179ceefc347202435fdb289f2eeb10d,https://ndownloader.figshare.com/files/8909803,data/04_bioaccumulation/ITRC_Table_5-1_BCF-BAF_aquatic.xlsx,BCF-BAF Database,1054,K1054;I1054;J1054,"{""BAF"": 29590, ""BAF Min"": null, ""BAF Max"": null}",reported_database_value,29590.0,True,True,bfc24df5dbd2d21341a9580e5053f7a7b89c1ddea1ebe75c55407f4cee27a54d,verified_summary,,CIT_21c71b40f20934d048b4,True,True,True,verified_summary,True,SI Table S11 PDF page 26; crassostrea gigas; FOSA; mean,4.471144965160633,not_reported
BIO_6643,1853,6643,FOSA,Perfluorooctanesulfonamide,754-91-6,Sulfonamide,8.0,BAF,13240.0,4.1219,L/kg,13240.0,,wet weight,,"Copepoda, ind.",Copepods,invertebrate,whole body,,,,,brackish,,field,ITRC,https://pfas-1.itrcweb.org/wp-content/uploads/2023/10/ITRC_PFAS_-BCF-BAF_compilation_Table5-1_Oct2021.xlsx,Munoz 2017,ITRC-compiled,location=Gironde estuary; waterbody=Estuary; note=Error estimates available; uid=1356,2026-05-17T15:20:09+00:00,Perfluorooctanesulfonamide,754-91-6,RRRXPPIDPYTNJG-UHFFFAOYSA-N,,69785.0,NS(=O)(=O)C(F)(F)C(F)(F)C(F)(F)C(F)(F)C(F)(F)C(F)(F)C(F)(F)C(F)(F)F,C8H2F17NO2S,499.14,FASA,4.8,,EPA,17.0,0.0,7.0,1.0,0.0,NS(=O)(=O)C(F)(F)C(F)(F)C(F)(F)C(F)(F)C(F)(F)C(F)(F)C(F)(F)C(F)(F)F,NS(=O)(=O)C(F)(F)C(F)(F)C(F)(F)C(F)(F)C(F)(F)C(F)(F)C(F)(F)C(F)(F)F,CMP_6a78ec62602000d01409,munoz2017,10.1021/acs.est.7b02399,provisional_normalized_citation_cross_source_equivalence_unverified,,,L/kg,1.0,13240.0,13240.0,4.121887985103681,4.121887985103681,1.2014896318746082e-05,False,True,True,True,,retained,False,10.1021/acs.est.7b02399,Evidence for the Trophic Transfer of Perfluoroalkylated Substancesin a Temperate Macrotidal Estuary,Munoz 2017; Evidence for the Trophic Transfer of Perfluoroalkylated Substancesin a Temperate Macrotidal Estuary; Environmental Science & Technology,ITRC Table5-1; BCF-BAF Database!row 1055; uid=1356; endpoint=BAF,,database_cell_verified,1.0,,,,,,,exact numeric cell match,original paper table/page and primary measurement not yet verified,,OBS_ec07da59710976f7,1,candidate only; missing conditions and repeated experiments prevent unique identification,not verified against original experimental table,original search date/operator unavailable; current audit is not original collection history,,10.1021/acs.est.7b02399,verified_summary,retain_verified_summary_separate_from_individual_measurements,"SI Table S11 PDF page 26; copepoda, ind.; FOSA; mean",13240.0,linear,"Wet whole-body equivalent; source Table S2 uses muscle-to-whole-body conversion for fish; group mean, not independent individual observations",sources/7b661dcc85c9262b/es7b02399_si_001.pdf,98283d3ee103a057a354,invertebrate,True,e69fd4b850d3fe8ce3c8bea28a89fb8f8179ceefc347202435fdb289f2eeb10d,https://ndownloader.figshare.com/files/8909803,data/04_bioaccumulation/ITRC_Table_5-1_BCF-BAF_aquatic.xlsx,BCF-BAF Database,1055,K1055;I1055;J1055,"{""BAF"": 13240, ""BAF Min"": null, ""BAF Max"": null}",reported_database_value,13240.0,True,True,bfc24df5dbd2d21341a9580e5053f7a7b89c1ddea1ebe75c55407f4cee27a54d,verified_summary,invertebrate,CIT_21c71b40f20934d048b4,True,True,True,verified_summary,True,"SI Table S11 PDF page 26; copepoda, ind.; FOSA; mean",4.121887985103681,not_reported
BIO_6644,1854,6644,FOSA,Perfluorooctanesulfonamide,754-91-6,Sulfonamide,8.0,BAF,48500.0,4.6857,L/kg,48500.0,,wet weight,,Mysidacea,Mysids,invertebrate,whole body,,,,,brackish,,field,ITRC,https://pfas-1.itrcweb.org/wp-content/uploads/2023/10/ITRC_PFAS_-BCF-BAF_compilation_Table5-1_Oct2021.xlsx,Munoz 2017,ITRC-compiled,location=Gironde estuary; waterbody=Estuary; note=Error estimates available; uid=1357,2026-05-17T15:20:09+00:00,Perfluorooctanesulfonamide,754-91-6,RRRXPPIDPYTNJG-UHFFFAOYSA-N,,69785.0,NS(=O)(=O)C(F)(F)C(F)(F)C(F)(F)C(F)(F)C(F)(F)C(F)(F)C(F)(F)C(F)(F)F,C8H2F17NO2S,499.14,FASA,4.8,,EPA,17.0,0.0,7.0,1.0,0.0,NS(=O)(=O)C(F)(F)C(F)(F)C(F)(F)C(F)(F)C(F)(F)C(F)(F)C(F)(F)C(F)(F)F,NS(=O)(=O)C(F)(F)C(F)(F)C(F)(F)C(F)(F)C(F)(F)C(F)(F)C(F)(F)C(F)(F)F,CMP_6a78ec62602000d01409,munoz2017,10.1021/acs.est.7b02399,provisional_normalized_citation_cross_source_equivalence_unverified,,,L/kg,1.0,48500.0,48500.0,4.685741738602264,4.685741738602264,-4.1738602264196345e-05,False,True,True,True,,retained,False,10.1021/acs.est.7b02399,Evidence for the Trophic Transfer of Perfluoroalkylated Substancesin a Temperate Macrotidal Estuary,Munoz 2017; Evidence for the Trophic Transfer of Perfluoroalkylated Substancesin a Temperate Macrotidal Estuary; Environmental Science & Technology,ITRC Table5-1; BCF-BAF Database!row 1056; uid=1357; endpoint=BAF,,database_cell_verified,1.0,,,,,,,exact numeric cell match,original paper table/page and primary measurement not yet verified,,OBS_0c4adf123e4752c6,1,candidate only; missing conditions and repeated experiments prevent unique identification,not verified against original experimental table,original search date/operator unavailable; current audit is not original collection history,,10.1021/acs.est.7b02399,verified_summary,retain_verified_summary_separate_from_individual_measurements,"SI Table S11 PDF page 26; mysidacea, ind.; FOSA; mean",48500.0,linear,"Wet whole-body equivalent; source Table S2 uses muscle-to-whole-body conversion for fish; group mean, not independent individual observations",sources/7b661dcc85c9262b/es7b02399_si_001.pdf,5bd7afe626d0aa34b609,,True,e69fd4b850d3fe8ce3c8bea28a89fb8f8179ceefc347202435fdb289f2eeb10d,https://ndownloader.figshare.com/files/8909803,data/04_bioaccumulation/ITRC_Table_5-1_BCF-BAF_aquatic.xlsx,BCF-BAF Database,1056,K1056;I1056;J1056,"{""BAF"": 48500, ""BAF Min"": null, ""BAF Max"": null}",reported_database_value,48500.0,True,True,bfc24df5dbd2d21341a9580e5053f7a7b89c1ddea1ebe75c55407f4cee27a54d,verified_summary,,CIT_21c71b40f20934d048b4,True,True,True,verified_summary,True,"SI Table S11 PDF page 26; mysidacea, ind.; FOSA; mean",4.685741738602264,not_reported
BIO_6645,1855,6645,FOSA,Perfluorooctanesulfonamide,754-91-6,Sulfonamide,8.0,BAF,20800.0,4.3181,L/kg,20800.0,,wet weight,,Gammarus spp.,Gammarus spp.,invertebrate,whole body,,,,,brackish,,field,ITRC,https://pfas-1.itrcweb.org/wp-content/uploads/2023/10/ITRC_PFAS_-BCF-BAF_compilation_Table5-1_Oct2021.xlsx,Munoz 2017,ITRC-compiled,location=Gironde estuary; waterbody=Estuary; note=Error estimates available; uid=1358,2026-05-17T15:20:09+00:00,Perfluorooctanesulfonamide,754-91-6,RRRXPPIDPYTNJG-UHFFFAOYSA-N,,69785.0,NS(=O)(=O)C(F)(F)C(F)(F)C(F)(F)C(F)(F)C(F)(F)C(F)(F)C(F)(F)C(F)(F)F,C8H2F17NO2S,499.14,FASA,4.8,,EPA,17.0,0.0,7.0,1.0,0.0,NS(=O)(=O)C(F)(F)C(F)(F)C(F)(F)C(F)(F)C(F)(F)C(F)(F)C(F)(F)C(F)(F)F,NS(=O)(=O)C(F)(F)C(F)(F)C(F)(F)C(F)(F)C(F)(F)C(F)(F)C(F)(F)C(F)(F)F,CMP_6a78ec62602000d01409,munoz2017,10.1021/acs.est.7b02399,provisional_normalized_citation_cross_source_equivalence_unverified,,,L/kg,1.0,20800.0,20800.0,4.318063334962762,4.318063334962762,3.666503723831482e-05,False,True,True,True,,retained,False,10.1021/acs.est.7b02399,Evidence for the Trophic Transfer of Perfluoroalkylated Substancesin a Temperate Macrotidal Estuary,Munoz 2017; Evidence for the Trophic Transfer of Perfluoroalkylated Substancesin a Temperate Macrotidal Estuary; Environmental Science & Technology,ITRC Table5-1; BCF-BAF Database!row 1057; uid=1358; endpoint=BAF,,database_cell_verified,1.0,,,,,,,exact numeric cell match,original paper table/page and primary measurement not yet verified,,OBS_21d3a7b51cc6fb76,1,candidate only; missing conditions and repeated experiments prevent unique identification,not verified against original experimental table,original search date/operator unavailable; current audit is not original collection history,,10.1021/acs.est.7b02399,verified_summary,retain_verified_summary_separate_from_individual_measurements,SI Table S11 PDF page 26; gammarus spp.; FOSA; mean,20800.0,linear,"Wet whole-body equivalent; source Table S2 uses muscle-to-whole-body conversion for fish; group mean, not independent individual observations",sources/7b661dcc85c9262b/es7b02399_si_001.pdf,359220fc9f02e93faf79,invertebrate,True,e69fd4b850d3fe8ce3c8bea28a89fb8f8179ceefc347202435fdb289f2eeb10d,https://ndownloader.figshare.com/files/8909803,data/04_bioaccumulation/ITRC_Table_5-1_BCF-BAF_aquatic.xlsx,BCF-BAF Database,1057,K1057;I1057;J1057,"{""BAF"": 20800, ""BAF Min"": null, ""BAF Max"": null}",reported_database_value,20800.0,True,True,bfc24df5dbd2d21341a9580e5053f7a7b89c1ddea1ebe75c55407f4cee27a54d,verified_summary,invertebrate,CIT_21c71b40f20934d048b4,True,True,True,verified_summary,True,SI Table S11 PDF page 26; gammarus spp.; FOSA; mean,4.318063334962762,not_reported
BIO_6646,1856,6646,FOSA,Perfluorooctanesulfonamide,754-91-6,Sulfonamide,8.0,BAF,108400.0,5.035,L/kg,108400.0,,wet weight,,Palaemon longirostris,White shrimp,invertebrate,whole body,,,,,brackish,,field,ITRC,https://pfas-1.itrcweb.org/wp-content/uploads/2023/10/ITRC_PFAS_-BCF-BAF_compilation_Table5-1_Oct2021.xlsx,Munoz 2017,ITRC-compiled,location=Gironde estuary; waterbody=Estuary; note=Error estimates available; uid=1359,2026-05-17T15:20:09+00:00,Perfluorooctanesulfonamide,754-91-6,RRRXPPIDPYTNJG-UHFFFAOYSA-N,,69785.0,NS(=O)(=O)C(F)(F)C(F)(F)C(F)(F)C(F)(F)C(F)(F)C(F)(F)C(F)(F)C(F)(F)F,C8H2F17NO2S,499.14,FASA,4.8,,EPA,17.0,0.0,7.0,1.0,0.0,NS(=O)(=O)C(F)(F)C(F)(F)C(F)(F)C(F)(F)C(F)(F)C(F)(F)C(F)(F)C(F)(F)F,NS(=O)(=O)C(F)(F)C(F)(F)C(F)(F)C(F)(F)C(F)(F)C(F)(F)C(F)(F)C(F)(F)F,CMP_6a78ec62602000d01409,munoz2017,10.1021/acs.est.7b02399,provisional_normalized_citation_cross_source_equivalence_unverified,,,L/kg,1.0,108400.0,108400.0,5.035029282202368,5.035029282202368,-2.928220236775303e-05,False,True,True,True,,retained,False,10.1021/acs.est.7b02399,Evidence for the Trophic Transfer of Perfluoroalkylated Substancesin a Temperate Macrotidal Estuary,Munoz 2017; Evidence for the Trophic Transfer of Perfluoroalkylated Substancesin a Temperate Macrotidal Estuary; Environmental Science & Technology,ITRC Table5-1; BCF-BAF Database!row 1058; uid=1359; endpoint=BAF,,database_cell_verified,1.0,,,,,,,exact numeric cell match,original paper table/page and primary measurement not yet verified,,OBS_fa2c8a750e27b5de,1,candidate only; missing conditions and repeated experiments prevent unique identification,not verified against original experimental table,original search date/operator unavailable; current audit is not original collection history,,10.1021/acs.est.7b02399,verified_summary,retain_verified_summary_separate_from_individual_measurements,SI Table S11 PDF page 26; palaemon longirostris; FOSA; mean,108400.0,linear,"Wet whole-body equivalent; source Table S2 uses muscle-to-whole-body conversion for fish; group mean, not independent individual observations",sources/7b661dcc85c9262b/es7b02399_si_001.pdf,fd75e7773608e171ee0f,,True,e69fd4b850d3fe8ce3c8bea28a89fb8f8179ceefc347202435fdb289f2eeb10d,https://ndownloader.figshare.com/files/8909803,data/04_bioaccumulation/ITRC_Table_5-1_BCF-BAF_aquatic.xlsx,BCF-BAF Database,1058,K1058;I1058;J1058,"{""BAF"": 108400, ""BAF Min"": null, ""BAF Max"": null}",reported_database_value,108400.0,True,True,bfc24df5dbd2d21341a9580e5053f7a7b89c1ddea1ebe75c55407f4cee27a54d,verified_summary,,CIT_21c71b40f20934d048b4,True,True,True,verified_summary,True,SI Table S11 PDF page 26; palaemon longirostris; FOSA; mean,5.035029282202368,not_reported
BIO_6647,1857,6647,FOSA,Perfluorooctanesulfonamide,754-91-6,Sulfonamide,8.0,BAF,151200.0,5.1796,L/kg,151200.0,,wet weight,,Crangon crangon,Brown shrimp,invertebrate,whole body,,,,,brackish,,field,ITRC,https://pfas-1.itrcweb.org/wp-content/uploads/2023/10/ITRC_PFAS_-BCF-BAF_compilation_Table5-1_Oct2021.xlsx,Munoz 2017,ITRC-compiled,location=Gironde estuary; waterbody=Estuary; note=Error estimates available; uid=1360,2026-05-17T15:20:09+00:00,Perfluorooctanesulfonamide,754-91-6,RRRXPPIDPYTNJG-UHFFFAOYSA-N,,69785.0,NS(=O)(=O)C(F)(F)C(F)(F)C(F)(F)C(F)(F)C(F)(F)C(F)(F)C(F)(F)C(F)(F)F,C8H2F17NO2S,499.14,FASA,4.8,,EPA,17.0,0.0,7.0,1.0,0.0,NS(=O)(=O)C(F)(F)C(F)(F)C(F)(F)C(F)(F)C(F)(F)C(F)(F)C(F)(F)C(F)(F)F,NS(=O)(=O)C(F)(F)C(F)(F)C(F)(F)C(F)(F)C(F)(F)C(F)(F)C(F)(F)C(F)(F)F,CMP_6a78ec62602000d01409,munoz2017,10.1021/acs.est.7b02399,provisional_normalized_citation_cross_source_equivalence_unverified,,,L/kg,1.0,151200.0,151200.0,5.179551791165188,5.179551791165188,4.820883481215788e-05,False,True,True,True,,retained,False,10.1021/acs.est.7b02399,Evidence for the Trophic Transfer of Perfluoroalkylated Substancesin a Temperate Macrotidal Estuary,Munoz 2017; Evidence for the Trophic Transfer of Perfluoroalkylated Substancesin a Temperate Macrotidal Estuary; Environmental Science & Technology,ITRC Table5-1; BCF-BAF Database!row 1059; uid=1360; endpoint=BAF,,database_cell_verified,1.0,,,,,,,exact numeric cell match,original paper table/page and primary measurement not yet verified,,OBS_9adde732d4c4fad0,1,candidate only; missing conditions and repeated experiments prevent unique identification,not verified against original experimental table,original search date/operator unavailable; current audit is not original collection history,,10.1021/acs.est.7b02399,verified_summary,retain_verified_summary_separate_from_individual_measurements,SI Table S11 PDF page 26; crangon crangon; FOSA; mean,151200.0,linear,"Wet whole-body equivalent; source Table S2 uses muscle-to-whole-body conversion for fish; group mean, not independent individual observations",sources/7b661dcc85c9262b/es7b02399_si_001.pdf,9c40c2d0b49e58535863,,True,e69fd4b850d3fe8ce3c8bea28a89fb8f8179ceefc347202435fdb289f2eeb10d,https://ndownloader.figshare.com/files/8909803,data/04_bioaccumulation/ITRC_Table_5-1_BCF-BAF_aquatic.xlsx,BCF-BAF Database,1059,K1059;I1059;J1059,"{""BAF"": 151200, ""BAF Min"": null, ""BAF Max"": null}",reported_database_value,151200.0,True,True,bfc24df5dbd2d21341a9580e5053f7a7b89c1ddea1ebe75c55407f4cee27a54d,verified_summary,,CIT_21c71b40f20934d048b4,True,True,True,verified_summary,True,SI Table S11 PDF page 26; crangon crangon; FOSA; mean,5.179551791165188,not_reported
BIO_6701,1907,6701,HFPO-DA,Hexafluoropropylene oxide dimer acid,13252-13-6,PFCA_ether,6.0,BAF,7.244359600749902,0.86,L/kg,7.2443596007499025,,wet weight,,Cyprinus carpio,Common Carp,fish,blood,,,,,freshwater,,field,ITRC,https://pfas-1.itrcweb.org/wp-content/uploads/2023/10/ITRC_PFAS_-BCF-BAF_compilation_Table5-1_Oct2021.xlsx,Pan 2017,ITRC-compiled,"location=Xiaoqing River, Huantai County, China; waterbody=River; note=Results reported as BCFs, however presented here as BAFs because influence from diet could not be accounted for.; uid=1410",2026-05-17T15:20:11+00:00,Perfluoro-2-methyl-3-oxahexanoic acid,13252-13-6,CSEBNABAWMZWIF-UHFFFAOYNA-N,,,OC(=O)C(F)(OC(F)(F)C(F)(F)C(F)(F)F)C(F)(F)F,C6HF11O3,330.053,Ether,,,EPA,,,,,,O=C(O)C(F)(OC(F)(F)C(F)(F)C(F)(F)F)C(F)(F)F,O=C(O)C(F)(OC(F)(F)C(F)(F)C(F)(F)F)C(F)(F)F,CMP_e6f2a6db0d8b9474c050,pan2017,10.1021/acs.est.7b02259,provisional_normalized_citation_cross_source_equivalence_unverified,,,L/kg,1.0,7.244359600749902,7.244359600749902,0.8600000000000001,0.8600000000000001,-1.1102230246251563e-16,False,True,True,True,,retained,False,10.1021/acs.est.7b02259,First report on the occurrence and bioaccumulation of hexafluoropropylene oxide trimer acid: an emerging concern,Pan 2017; First report on the occurrence and bioaccumulation of hexafluoropropylene oxide trimer acid: an emerging concern; Environmental Science & Technology,ITRC Table5-1; BCF-BAF Database!row 1109; uid=1410; endpoint=BAF,,database_cell_verified,1.0,,,,,,,exact numeric cell match,original paper table/page and primary measurement not yet verified,,OBS_876afbca944e77db,1,candidate only; missing conditions and repeated experiments prevent unique identification,not verified against original experimental table,original search date/operator unavailable; current audit is not original collection history,,10.1021/acs.est.7b02259,verified_summary,retain_verified_summary_separate_from_individual_measurements,SI Table S12 PDF page 18; HFPO-DA; blood; mean,0.86,log10,Source calls field ratios BCF; database harmonizes to BAF because dietary uptake is uncontrolled; original label retained; 15 fish share the source context,sources/06bc92a9c2bbad5c/es7b02259_si_001.pdf,ad0d5c8cc47cb57bfa91,fish,True,0c6428644cae17f6244d80810b4ea06319f4a22bcf83ab985e21d3cf5cd110ab,https://ndownloader.figshare.com/files/9158797,data/04_bioaccumulation/ITRC_Table_5-1_BCF-BAF_aquatic.xlsx,BCF-BAF Database,1109,K1109;I1109;J1109,"{""BAF"": 7.2443596007499025, ""BAF Min"": null, ""BAF Max"": null}",reported_database_value,7.2443596007499025,True,True,bfc24df5dbd2d21341a9580e5053f7a7b89c1ddea1ebe75c55407f4cee27a54d,verified_summary,fish,CIT_1a74c55ecb5e13670180,True,True,True,verified_summary,True,SI Table S12 PDF page 18; HFPO-DA; blood; mean,0.8600000000000001,not_reported
BIO_6702,1908,6702,HFPO-DA,Hexafluoropropylene oxide dimer acid,13252-13-6,PFCA_ether,6.0,BAF,3.16227766016838,0.5,L/kg,3.1622776601683795,,wet weight,,Cyprinus carpio,Common Carp,fish,liver,,,,,freshwater,,field,ITRC,https://pfas-1.itrcweb.org/wp-content/uploads/2023/10/ITRC_PFAS_-BCF-BAF_compilation_Table5-1_Oct2021.xlsx,Pan 2017,ITRC-compiled,"location=Xiaoqing River, Huantai County, China; waterbody=River; note=Results reported as BCFs, however presented here as BAFs because influence from diet could not be accounted for.; uid=1411",2026-05-17T15:20:11+00:00,Perfluoro-2-methyl-3-oxahexanoic acid,13252-13-6,CSEBNABAWMZWIF-UHFFFAOYNA-N,,,OC(=O)C(F)(OC(F)(F)C(F)(F)C(F)(F)F)C(F)(F)F,C6HF11O3,330.053,Ether,,,EPA,,,,,,O=C(O)C(F)(OC(F)(F)C(F)(F)C(F)(F)F)C(F)(F)F,O=C(O)C(F)(OC(F)(F)C(F)(F)C(F)(F)F)C(F)(F)F,CMP_e6f2a6db0d8b9474c050,pan2017,10.1021/acs.est.7b02259,provisional_normalized_citation_cross_source_equivalence_unverified,,,L/kg,1.0,3.16227766016838,3.16227766016838,0.5000000000000001,0.5000000000000001,-1.1102230246251563e-16,False,True,True,True,,retained,False,10.1021/acs.est.7b02259,First report on the occurrence and bioaccumulation of hexafluoropropylene oxide trimer acid: an emerging concern,Pan 2017; First report on the occurrence and bioaccumulation of hexafluoropropylene oxide trimer acid: an emerging concern; Environmental Science & Technology,ITRC Table5-1; BCF-BAF Database!row 1110; uid=1411; endpoint=BAF,,database_cell_verified,1.0,,,,,,,exact numeric cell match,original paper table/page and primary measurement not yet verified,,OBS_c94bec10aa1c822d,1,candidate only; missing conditions and repeated experiments prevent unique identification,not verified against original experimental table,original search date/operator unavailable; current audit is not original collection history,,10.1021/acs.est.7b02259,verified_summary,retain_verified_summary_separate_from_individual_measurements,SI Table S12 PDF page 18; HFPO-DA; liver; mean,0.5,log10,Source calls field ratios BCF; database harmonizes to BAF because dietary uptake is uncontrolled; original label retained; 15 fish share the source context,sources/06bc92a9c2bbad5c/es7b02259_si_001.pdf,ac01777970911c1b2bba,fish,True,0c6428644cae17f6244d80810b4ea06319f4a22bcf83ab985e21d3cf5cd110ab,https://ndownloader.figshare.com/files/9158797,data/04_bioaccumulation/ITRC_Table_5-1_BCF-BAF_aquatic.xlsx,BCF-BAF Database,1110,K1110;I1110;J1110,"{""BAF"": 3.1622776601683795, ""BAF Min"": null, ""BAF Max"": null}",reported_database_value,3.1622776601683795,True,True,bfc24df5dbd2d21341a9580e5053f7a7b89c1ddea1ebe75c55407f4cee27a54d,verified_summary,fish,CIT_1a74c55ecb5e13670180,True,True,True,verified_summary,True,SI Table S12 PDF page 18; HFPO-DA; liver; mean,0.5000000000000001,not_reported
BIO_6703,1909,6703,HFPO-DA,Hexafluoropropylene oxide dimer acid,13252-13-6,PFCA_ether,6.0,BAF,4.073802778041128,0.61,L/kg,4.073802778041128,,wet weight,,Cyprinus carpio,Common Carp,fish,muscle,,,,,freshwater,,field,ITRC,https://pfas-1.itrcweb.org/wp-content/uploads/2023/10/ITRC_PFAS_-BCF-BAF_compilation_Table5-1_Oct2021.xlsx,Pan 2017,ITRC-compiled,"location=Xiaoqing River, Huantai County, China; waterbody=River; note=Results reported as BCFs, however presented here as BAFs because influence from diet could not be accounted for.; uid=1412",2026-05-17T15:20:11+00:00,Perfluoro-2-methyl-3-oxahexanoic acid,13252-13-6,CSEBNABAWMZWIF-UHFFFAOYNA-N,,,OC(=O)C(F)(OC(F)(F)C(F)(F)C(F)(F)F)C(F)(F)F,C6HF11O3,330.053,Ether,,,EPA,,,,,,O=C(O)C(F)(OC(F)(F)C(F)(F)C(F)(F)F)C(F)(F)F,O=C(O)C(F)(OC(F)(F)C(F)(F)C(F)(F)F)C(F)(F)F,CMP_e6f2a6db0d8b9474c050,pan2017,10.1021/acs.est.7b02259,provisional_normalized_citation_cross_source_equivalence_unverified,,,L/kg,1.0,4.073802778041128,4.073802778041128,0.6100000000000001,0.6100000000000001,-1.1102230246251563e-16,False,True,True,True,,retained,False,10.1021/acs.est.7b02259,First report on the occurrence and bioaccumulation of hexafluoropropylene oxide trimer acid: an emerging concern,Pan 2017; First report on the occurrence and bioaccumulation of hexafluoropropylene oxide trimer acid: an emerging concern; Environmental Science & Technology,ITRC Table5-1; BCF-BAF Database!row 1111; uid=1412; endpoint=BAF,,database_cell_verified,1.0,,,,,,,exact numeric cell match,original paper table/page and primary measurement not yet verified,,OBS_ce2b7a86c31ee6bb,1,candidate only; missing conditions and repeated experiments prevent unique identification,not verified against original experimental table,original search date/operator unavailable; current audit is not original collection history,,10.1021/acs.est.7b02259,verified_summary,retain_verified_summary_separate_from_individual_measurements,SI Table S12 PDF page 18; HFPO-DA; muscle; mean,0.61,log10,Source calls field ratios BCF; database harmonizes to BAF because dietary uptake is uncontrolled; original label retained; 15 fish share the source context,sources/06bc92a9c2bbad5c/es7b02259_si_001.pdf,379d10dfcfef1116f3e4,fish,True,0c6428644cae17f6244d80810b4ea06319f4a22bcf83ab985e21d3cf5cd110ab,https://ndownloader.figshare.com/files/9158797,data/04_bioaccumulation/ITRC_Table_5-1_BCF-BAF_aquatic.xlsx,BCF-BAF Database,1111,K1111;I1111;J1111,"{""BAF"": 4.073802778041128, ""BAF Min"": null, ""BAF Max"": null}",reported_database_value,4.073802778041128,True,True,bfc24df5dbd2d21341a9580e5053f7a7b89c1ddea1ebe75c55407f4cee27a54d,verified_summary,fish,CIT_1a74c55ecb5e13670180,True,True,True,verified_summary,True,SI Table S12 PDF page 18; HFPO-DA; muscle; mean,0.6100000000000001,not_reported
BIO_6707,1913,6707,PFBA,Perfluorobutanoic acid,375-22-4,PFCA,4.0,BAF,8.912509381337458,0.95,L/kg,8.912509381337458,,wet weight,,Cyprinus carpio,Common Carp,fish,blood,,,,,freshwater,,field,ITRC,https://pfas-1.itrcweb.org/wp-content/uploads/2023/10/ITRC_PFAS_-BCF-BAF_compilation_Table5-1_Oct2021.xlsx,Pan 2017,ITRC-compiled,"location=Xiaoqing River, Huantai County, China; waterbody=River; note=Results reported as BCFs, however presented here as BAFs because influence from diet could not be accounted for.; uid=1416",2026-05-17T15:20:12+00:00,Perfluorobutanoic acid,375-22-4,YPJUNDFVDDCYIH-UHFFFAOYSA-N,,9777.0,OC(=O)C(F)(F)C(F)(F)C(F)(F)F,C4HF7O2,214.039,PFCA,2.2,,EPA,,,,,,O=C(O)C(F)(F)C(F)(F)C(F)(F)F,O=C(O)C(F)(F)C(F)(F)C(F)(F)F,CMP_622f8f0fcc1502149461,pan2017,10.1021/acs.est.7b02259,provisional_normalized_citation_cross_source_equivalence_unverified,,,L/kg,1.0,8.912509381337458,8.912509381337458,0.9500000000000002,0.9500000000000002,-2.220446049250313e-16,False,True,True,True,,retained,False,10.1021/acs.est.7b02259,First report on the occurrence and bioaccumulation of hexafluoropropylene oxide trimer acid: an emerging concern,Pan 2017; First report on the occurrence and bioaccumulation of hexafluoropropylene oxide trimer acid: an emerging concern; Environmental Science & Technology,ITRC Table5-1; BCF-BAF Database!row 1115; uid=1416; endpoint=BAF,,database_cell_verified,1.0,,,,,,,exact numeric cell match,original paper table/page and primary measurement not yet verified,,OBS_15d2511bc54dc819,1,candidate only; missing conditions and repeated experiments prevent unique identification,not verified against original experimental table,original search date/operator unavailable; current audit is not original collection history,,10.1021/acs.est.7b02259,verified_summary,retain_verified_summary_separate_from_individual_measurements,SI Table S12 PDF page 18; PFBA; blood; mean,0.95,log10,Source calls field ratios BCF; database harmonizes to BAF because dietary uptake is uncontrolled; original label retained; 15 fish share the source context,sources/06bc92a9c2bbad5c/es7b02259_si_001.pdf,a5ac8e7543d4b16ee52b,fish,True,0c6428644cae17f6244d80810b4ea06319f4a22bcf83ab985e21d3cf5cd110ab,https://ndownloader.figshare.com/files/9158797,data/04_bioaccumulation/ITRC_Table_5-1_BCF-BAF_aquatic.xlsx,BCF-BAF Database,1115,K1115;I1115;J1115,"{""BAF"": 8.912509381337458, ""BAF Min"": null, ""BAF Max"": null}",reported_database_value,8.912509381337458,True,True,bfc24df5dbd2d21341a9580e5053f7a7b89c1ddea1ebe75c55407f4cee27a54d,verified_summary,fish,CIT_1a74c55ecb5e13670180,True,True,True,verified_summary,True,SI Table S12 PDF page 18; PFBA; blood; mean,0.9500000000000002,not_reported
BIO_6708,1914,6708,PFBA,Perfluorobutanoic acid,375-22-4,PFCA,4.0,BAF,2.344228815319922,0.37,L/kg,2.344228815319922,,wet weight,,Cyprinus carpio,Common Carp,fish,liver,,,,,freshwater,,field,ITRC,https://pfas-1.itrcweb.org/wp-content/uploads/2023/10/ITRC_PFAS_-BCF-BAF_compilation_Table5-1_Oct2021.xlsx,Pan 2017,ITRC-compiled,"location=Xiaoqing River, Huantai County, China; waterbody=River; note=Results reported as BCFs, however presented here as BAFs because influence from diet could not be accounted for.; uid=1417",2026-05-17T15:20:12+00:00,Perfluorobutanoic acid,375-22-4,YPJUNDFVDDCYIH-UHFFFAOYSA-N,,9777.0,OC(=O)C(F)(F)C(F)(F)C(F)(F)F,C4HF7O2,214.039,PFCA,2.2,,EPA,,,,,,O=C(O)C(F)(F)C(F)(F)C(F)(F)F,O=C(O)C(F)(F)C(F)(F)C(F)(F)F,CMP_622f8f0fcc1502149461,pan2017,10.1021/acs.est.7b02259,provisional_normalized_citation_cross_source_equivalence_unverified,,,L/kg,1.0,2.344228815319922,2.344228815319922,0.37,0.37,0.0,False,True,True,True,,retained,False,10.1021/acs.est.7b02259,First report on the occurrence and bioaccumulation of hexafluoropropylene oxide trimer acid: an emerging concern,Pan 2017; First report on the occurrence and bioaccumulation of hexafluoropropylene oxide trimer acid: an emerging concern; Environmental Science & Technology,ITRC Table5-1; BCF-BAF Database!row 1116; uid=1417; endpoint=BAF,,database_cell_verified,1.0,,,,,,,exact numeric cell match,original paper table/page and primary measurement not yet verified,,OBS_77eecc34c682df3b,1,candidate only; missing conditions and repeated experiments prevent unique identification,not verified against original experimental table,original search date/operator unavailable; current audit is not original collection history,,10.1021/acs.est.7b02259,verified_summary,retain_verified_summary_separate_from_individual_measurements,SI Table S12 PDF page 18; PFBA; liver; mean,0.37,log10,Source calls field ratios BCF; database harmonizes to BAF because dietary uptake is uncontrolled; original label retained; 15 fish share the source context,sources/06bc92a9c2bbad5c/es7b02259_si_001.pdf,18f4a4f9286610983e1b,fish,True,0c6428644cae17f6244d80810b4ea06319f4a22bcf83ab985e21d3cf5cd110ab,https://ndownloader.figshare.com/files/9158797,data/04_bioaccumulation/ITRC_Table_5-1_BCF-BAF_aquatic.xlsx,BCF-BAF Database,1116,K1116;I1116;J1116,"{""BAF"": 2.344228815319922, ""BAF Min"": null, ""BAF Max"": null}",reported_database_value,2.344228815319922,True,True,bfc24df5dbd2d21341a9580e5053f7a7b89c1ddea1ebe75c55407f4cee27a54d,verified_summary,fish,CIT_1a74c55ecb5e13670180,True,True,True,verified_summary,True,SI Table S12 PDF page 18; PFBA; liver; mean,0.37,not_reported
BIO_6709,1915,6709,PFPeA,Perfluoropentanoic acid,2706-90-3,PFCA,5.0,BAF,3.630780547701014,0.56,L/kg,3.630780547701014,,wet weight,,Cyprinus carpio,Common Carp,fish,blood,,,,,freshwater,,field,ITRC,https://pfas-1.itrcweb.org/wp-content/uploads/2023/10/ITRC_PFAS_-BCF-BAF_compilation_Table5-1_Oct2021.xlsx,Pan 2017,ITRC-compiled,"location=Xiaoqing River, Huantai County, China; waterbody=River; note=Results reported as BCFs, however presented here as BAFs because influence from diet could not be accounted for.; uid=1418",2026-05-17T15:20:12+00:00,Perfluoropentanoic acid,2706-90-3,CXZGQIAOTKWCDB-UHFFFAOYSA-N,,75921.0,OC(=O)C(F)(F)C(F)(F)C(F)(F)C(F)(F)F,C5HF9O2,264.047,PFCA,2.9,,EPA,,,,,,O=C(O)C(F)(F)C(F)(F)C(F)(F)C(F)(F)F,O=C(O)C(F)(F)C(F)(F)C(F)(F)C(F)(F)F,CMP_1e0abf78953775c0134f,pan2017,10.1021/acs.est.7b02259,provisional_normalized_citation_cross_source_equivalence_unverified,,,L/kg,1.0,3.630780547701014,3.630780547701014,0.56,0.56,0.0,False,True,True,True,,retained,False,10.1021/acs.est.7b02259,First report on the occurrence and bioaccumulation of hexafluoropropylene oxide trimer acid: an emerging concern,Pan 2017; First report on the occurrence and bioaccumulation of hexafluoropropylene oxide trimer acid: an emerging concern; Environmental Science & Technology,ITRC Table5-1; BCF-BAF Database!row 1117; uid=1418; endpoint=BAF,,database_cell_verified,1.0,,,,,,,exact numeric cell match,original paper table/page and primary measurement not yet verified,,OBS_5ede8557c02afc87,1,candidate only; missing conditions and repeated experiments prevent unique identification,not verified against original experimental table,original search date/operator unavailable; current audit is not original collection history,,10.1021/acs.est.7b02259,verified_summary,retain_verified_summary_separate_from_individual_measurements,SI Table S12 PDF page 18; PFPeA; blood; mean,0.56,log10,Source calls field ratios BCF; database harmonizes to BAF because dietary uptake is uncontrolled; original label retained; 15 fish share the source context,sources/06bc92a9c2bbad5c/es7b02259_si_001.pdf,fd1f475d3ed92ac06709,fish,True,0c6428644cae17f6244d80810b4ea06319f4a22bcf83ab985e21d3cf5cd110ab,https://ndownloader.figshare.com/files/9158797,data/04_bioaccumulation/ITRC_Table_5-1_BCF-BAF_aquatic.xlsx,BCF-BAF Database,1117,K1117;I1117;J1117,"{""BAF"": 3.630780547701014, ""BAF Min"": null, ""BAF Max"": null}",reported_database_value,3.630780547701014,True,True,bfc24df5dbd2d21341a9580e5053f7a7b89c1ddea1ebe75c55407f4cee27a54d,verified_summary,fish,CIT_1a74c55ecb5e13670180,True,True,True,verified_summary,True,SI Table S12 PDF page 18; PFPeA; blood; mean,0.56,not_reported
BIO_6710,1916,6710,PFPeA,Perfluoropentanoic acid,2706-90-3,PFCA,5.0,BAF,1.023292992280754,0.01,L/kg,1.023292992280754,,wet weight,,Cyprinus carpio,Common Carp,fish,liver,,,,,freshwater,,field,ITRC,https://pfas-1.itrcweb.org/wp-content/uploads/2023/10/ITRC_PFAS_-BCF-BAF_compilation_Table5-1_Oct2021.xlsx,Pan 2017,ITRC-compiled,"location=Xiaoqing River, Huantai County, China; waterbody=River; note=Results reported as BCFs, however presented here as BAFs because influence from diet could not be accounted for.; uid=1419",2026-05-17T15:20:12+00:00,Perfluoropentanoic acid,2706-90-3,CXZGQIAOTKWCDB-UHFFFAOYSA-N,,75921.0,OC(=O)C(F)(F)C(F)(F)C(F)(F)C(F)(F)F,C5HF9O2,264.047,PFCA,2.9,,EPA,,,,,,O=C(O)C(F)(F)C(F)(F)C(F)(F)C(F)(F)F,O=C(O)C(F)(F)C(F)(F)C(F)(F)C(F)(F)F,CMP_1e0abf78953775c0134f,pan2017,10.1021/acs.est.7b02259,provisional_normalized_citation_cross_source_equivalence_unverified,,,L/kg,1.0,1.023292992280754,1.023292992280754,0.0099999999999999,0.0099999999999999,1.3877787807814457e-17,False,True,True,True,,retained,False,10.1021/acs.est.7b02259,First report on the occurrence and bioaccumulation of hexafluoropropylene oxide trimer acid: an emerging concern,Pan 2017; First report on the occurrence and bioaccumulation of hexafluoropropylene oxide trimer acid: an emerging concern; Environmental Science & Technology,ITRC Table5-1; BCF-BAF Database!row 1118; uid=1419; endpoint=BAF,,database_cell_verified,1.0,,,,,,,exact numeric cell match,original paper table/page and primary measurement not yet verified,,OBS_d75ee2722f30ff2c,1,candidate only; missing conditions and repeated experiments prevent unique identification,not verified against original experimental table,original search date/operator unavailable; current audit is not original collection history,,10.1021/acs.est.7b02259,verified_summary,retain_verified_summary_separate_from_individual_measurements,SI Table S12 PDF page 18; PFPeA; liver; mean,0.01,log10,Source calls field ratios BCF; database harmonizes to BAF because dietary uptake is uncontrolled; original label retained; 15 fish share the source context,sources/06bc92a9c2bbad5c/es7b02259_si_001.pdf,94e8cab297d67c6fb289,fish,True,0c6428644cae17f6244d80810b4ea06319f4a22bcf83ab985e21d3cf5cd110ab,https://ndownloader.figshare.com/files/9158797,data/04_bioaccumulation/ITRC_Table_5-1_BCF-BAF_aquatic.xlsx,BCF-BAF Database,1118,K1118;I1118;J1118,"{""BAF"": 1.023292992280754, ""BAF Min"": null, ""BAF Max"": null}",reported_database_value,1.023292992280754,True,True,bfc24df5dbd2d21341a9580e5053f7a7b89c1ddea1ebe75c55407f4cee27a54d,verified_summary,fish,CIT_1a74c55ecb5e13670180,True,True,True,verified_summary,True,SI Table S12 PDF page 18; PFPeA; liver; mean,0.0099999999999999,not_reported
BIO_6711,1917,6711,PFHxA,Perfluorohexanoic acid,307-24-4,PFCA,6.0,BAF,3.090295432513591,0.49,L/kg,3.0902954325135905,,wet weight,,Cyprinus carpio,Common Carp,fish,blood,,,,,freshwater,,field,ITRC,https://pfas-1.itrcweb.org/wp-content/uploads/2023/10/ITRC_PFAS_-BCF-BAF_compilation_Table5-1_Oct2021.xlsx,Pan 2017,ITRC-compiled,"location=Xiaoqing River, Huantai County, China; waterbody=River; note=Results reported as BCFs, however presented here as BAFs because influence from diet could not be accounted for.; uid=1420",2026-05-17T15:20:12+00:00,Perfluorohexanoic acid,307-24-4,PXUULQAPEKKVAH-UHFFFAOYSA-N,,67542.0,OC(=O)C(F)(F)C(F)(F)C(F)(F)C(F)(F)C(F)(F)F,C6HF11O2,314.054,PFCA,3.6,,EPA,,,,,,O=C(O)C(F)(F)C(F)(F)C(F)(F)C(F)(F)C(F)(F)F,O=C(O)C(F)(F)C(F)(F)C(F)(F)C(F)(F)C(F)(F)F,CMP_d645aa79f55e85d0da2e,pan2017,10.1021/acs.est.7b02259,provisional_normalized_citation_cross_source_equivalence_unverified,,,L/kg,1.0,3.090295432513591,3.090295432513591,0.4900000000000001,0.4900000000000001,-1.1102230246251563e-16,False,True,True,True,,retained,False,10.1021/acs.est.7b02259,First report on the occurrence and bioaccumulation of hexafluoropropylene oxide trimer acid: an emerging concern,Pan 2017; First report on the occurrence and bioaccumulation of hexafluoropropylene oxide trimer acid: an emerging concern; Environmental Science & Technology,ITRC Table5-1; BCF-BAF Database!row 1119; uid=1420; endpoint=BAF,,database_cell_verified,1.0,,,,,,,exact numeric cell match,original paper table/page and primary measurement not yet verified,,OBS_4c44df5059ef2e3a,1,candidate only; missing conditions and repeated experiments prevent unique identification,not verified against original experimental table,original search date/operator unavailable; current audit is not original collection history,,10.1021/acs.est.7b02259,verified_summary,retain_verified_summary_separate_from_individual_measurements,SI Table S12 PDF page 18; PFHxA; blood; mean,0.49,log10,Source calls field ratios BCF; database harmonizes to BAF because dietary uptake is uncontrolled; original label retained; 15 fish share the source context,sources/06bc92a9c2bbad5c/es7b02259_si_001.pdf,494aafc4e4cc1fbbf0f2,fish,True,0c6428644cae17f6244d80810b4ea06319f4a22bcf83ab985e21d3cf5cd110ab,https://ndownloader.figshare.com/files/9158797,data/04_bioaccumulation/ITRC_Table_5-1_BCF-BAF_aquatic.xlsx,BCF-BAF Database,1119,K1119;I1119;J1119,"{""BAF"": 3.0902954325135905, ""BAF Min"": null, ""BAF Max"": null}",reported_database_value,3.0902954325135905,True,True,bfc24df5dbd2d21341a9580e5053f7a7b89c1ddea1ebe75c55407f4cee27a54d,verified_summary,fish,CIT_1a74c55ecb5e13670180,True,True,True,verified_summary,True,SI Table S12 PDF page 18; PFHxA; blood; mean,0.4900000000000001,not_reported
BIO_6712,1918,6712,PFHxA,Perfluorohexanoic acid,307-24-4,PFCA,6.0,BAF,0.831763771102671,-0.08,L/kg,0.831763771102671,,wet weight,,Cyprinus carpio,Common Carp,fish,liver,,,,,freshwater,,field,ITRC,https://pfas-1.itrcweb.org/wp-content/uploads/2023/10/ITRC_PFAS_-BCF-BAF_compilation_Table5-1_Oct2021.xlsx,Pan 2017,ITRC-compiled,"location=Xiaoqing River, Huantai County, China; waterbody=River; note=Results reported as BCFs, however presented here as BAFs because influence from diet could not be accounted for.; uid=1421",2026-05-17T15:20:12+00:00,Perfluorohexanoic acid,307-24-4,PXUULQAPEKKVAH-UHFFFAOYSA-N,,67542.0,OC(=O)C(F)(F)C(F)(F)C(F)(F)C(F)(F)C(F)(F)F,C6HF11O2,314.054,PFCA,3.6,,EPA,,,,,,O=C(O)C(F)(F)C(F)(F)C(F)(F)C(F)(F)C(F)(F)F,O=C(O)C(F)(F)C(F)(F)C(F)(F)C(F)(F)C(F)(F)F,CMP_d645aa79f55e85d0da2e,pan2017,10.1021/acs.est.7b02259,provisional_normalized_citation_cross_source_equivalence_unverified,,,L/kg,1.0,0.831763771102671,0.831763771102671,-0.08,-0.08,1.3877787807814457e-17,False,True,True,True,,retained,False,10.1021/acs.est.7b02259,First report on the occurrence and bioaccumulation of hexafluoropropylene oxide trimer acid: an emerging concern,Pan 2017; First report on the occurrence and bioaccumulation of hexafluoropropylene oxide trimer acid: an emerging concern; Environmental Science & Technology,ITRC Table5-1; BCF-BAF Database!row 1120; uid=1421; endpoint=BAF,,database_cell_verified,1.0,,,,,,,exact numeric cell match,original paper table/page and primary measurement not yet verified,,OBS_512a9718588685f5,1,candidate only; missing conditions and repeated experiments prevent unique identification,not verified against original experimental table,original search date/operator unavailable; current audit is not original collection history,,10.1021/acs.est.7b02259,verified_summary,retain_verified_summary_separate_from_individual_measurements,SI Table S12 PDF page 18; PFHxA; liver; mean,-0.08,log10,Source calls field ratios BCF; database harmonizes to BAF because dietary uptake is uncontrolled; original label retained; 15 fish share the source context,sources/06bc92a9c2bbad5c/es7b02259_si_001.pdf,2a8fc103731f6970c596,fish,True,0c6428644cae17f6244d80810b4ea06319f4a22bcf83ab985e21d3cf5cd110ab,https://ndownloader.figshare.com/files/9158797,data/04_bioaccumulation/ITRC_Table_5-1_BCF-BAF_aquatic.xlsx,BCF-BAF Database,1120,K1120;I1120;J1120,"{""BAF"": 0.831763771102671, ""BAF Min"": null, ""BAF Max"": null}",reported_database_value,0.831763771102671,True,True,bfc24df5dbd2d21341a9580e5053f7a7b89c1ddea1ebe75c55407f4cee27a54d,verified_summary,fish,CIT_1a74c55ecb5e13670180,True,True,True,verified_summary,True,SI Table S12 PDF page 18; PFHxA; liver; mean,-0.08,not_reported
BIO_6713,1919,6713,PFHpA,Perfluoroheptanoic acid,375-85-9,PFCA,7.0,BAF,12.58925411794168,1.1,L/kg,12.58925411794168,,wet weight,,Cyprinus carpio,Common Carp,fish,blood,,,,,freshwater,,field,ITRC,https://pfas-1.itrcweb.org/wp-content/uploads/2023/10/ITRC_PFAS_-BCF-BAF_compilation_Table5-1_Oct2021.xlsx,Pan 2017,ITRC-compiled,"location=Xiaoqing River, Huantai County, China; waterbody=River; note=Results reported as BCFs, however presented here as BAFs because influence from diet could not be accounted for.; uid=1422",2026-05-17T15:20:12+00:00,Perfluoroheptanoic acid,375-85-9,ZWBAMYVPMDSJGQ-UHFFFAOYSA-N,,67818.0,OC(=O)C(F)(F)C(F)(F)C(F)(F)C(F)(F)C(F)(F)C(F)(F)F,C7HF13O2,364.062,PFCA,4.3,,EPA,,,,,,O=C(O)C(F)(F)C(F)(F)C(F)(F)C(F)(F)C(F)(F)C(F)(F)F,O=C(O)C(F)(F)C(F)(F)C(F)(F)C(F)(F)C(F)(F)C(F)(F)F,CMP_a97661d9260d026cb14f,pan2017,10.1021/acs.est.7b02259,provisional_normalized_citation_cross_source_equivalence_unverified,,,L/kg,1.0,12.58925411794168,12.58925411794168,1.1000000000000003,1.1000000000000003,-2.220446049250313e-16,False,True,True,True,,retained,False,10.1021/acs.est.7b02259,First report on the occurrence and bioaccumulation of hexafluoropropylene oxide trimer acid: an emerging concern,Pan 2017; First report on the occurrence and bioaccumulation of hexafluoropropylene oxide trimer acid: an emerging concern; Environmental Science & Technology,ITRC Table5-1; BCF-BAF Database!row 1121; uid=1422; endpoint=BAF,,database_cell_verified,1.0,,,,,,,exact numeric cell match,original paper table/page and primary measurement not yet verified,,OBS_01354614b070ab51,1,candidate only; missing conditions and repeated experiments prevent unique identification,not verified against original experimental table,original search date/operator unavailable; current audit is not original collection history,,10.1021/acs.est.7b02259,verified_summary,retain_verified_summary_separate_from_individual_measurements,SI Table S12 PDF page 18; PFHpA; blood; mean,1.1,log10,Source calls field ratios BCF; database harmonizes to BAF because dietary uptake is uncontrolled; original label retained; 15 fish share the source context,sources/06bc92a9c2bbad5c/es7b02259_si_001.pdf,224d6b839e3bd4c109c9,fish,True,0c6428644cae17f6244d80810b4ea06319f4a22bcf83ab985e21d3cf5cd110ab,https://ndownloader.figshare.com/files/9158797,data/04_bioaccumulation/ITRC_Table_5-1_BCF-BAF_aquatic.xlsx,BCF-BAF Database,1121,K1121;I1121;J1121,"{""BAF"": 12.58925411794168, ""BAF Min"": null, ""BAF Max"": null}",reported_database_value,12.58925411794168,True,True,bfc24df5dbd2d21341a9580e5053f7a7b89c1ddea1ebe75c55407f4cee27a54d,verified_summary,fish,CIT_1a74c55ecb5e13670180,True,True,True,verified_summary,True,SI Table S12 PDF page 18; PFHpA; blood; mean,1.1000000000000003,not_reported
BIO_6714,1920,6714,PFHpA,Perfluoroheptanoic acid,375-85-9,PFCA,7.0,BAF,4.073802778041128,0.61,L/kg,4.073802778041128,,wet weight,,Cyprinus carpio,Common Carp,fish,liver,,,,,freshwater,,field,ITRC,https://pfas-1.itrcweb.org/wp-content/uploads/2023/10/ITRC_PFAS_-BCF-BAF_compilation_Table5-1_Oct2021.xlsx,Pan 2017,ITRC-compiled,"location=Xiaoqing River, Huantai County, China; waterbody=River; note=Results reported as BCFs, however presented here as BAFs because influence from diet could not be accounted for.; uid=1423",2026-05-17T15:20:12+00:00,Perfluoroheptanoic acid,375-85-9,ZWBAMYVPMDSJGQ-UHFFFAOYSA-N,,67818.0,OC(=O)C(F)(F)C(F)(F)C(F)(F)C(F)(F)C(F)(F)C(F)(F)F,C7HF13O2,364.062,PFCA,4.3,,EPA,,,,,,O=C(O)C(F)(F)C(F)(F)C(F)(F)C(F)(F)C(F)(F)C(F)(F)F,O=C(O)C(F)(F)C(F)(F)C(F)(F)C(F)(F)C(F)(F)C(F)(F)F,CMP_a97661d9260d026cb14f,pan2017,10.1021/acs.est.7b02259,provisional_normalized_citation_cross_source_equivalence_unverified,,,L/kg,1.0,4.073802778041128,4.073802778041128,0.6100000000000001,0.6100000000000001,-1.1102230246251563e-16,False,True,True,True,,retained,False,10.1021/acs.est.7b02259,First report on the occurrence and bioaccumulation of hexafluoropropylene oxide trimer acid: an emerging concern,Pan 2017; First report on the occurrence and bioaccumulation of hexafluoropropylene oxide trimer acid: an emerging concern; Environmental Science & Technology,ITRC Table5-1; BCF-BAF Database!row 1122; uid=1423; endpoint=BAF,,database_cell_verified,1.0,,,,,,,exact numeric cell match,original paper table/page and primary measurement not yet verified,,OBS_e4ab41049b2099f6,1,candidate only; missing conditions and repeated experiments prevent unique identification,not verified against original experimental table,original search date/operator unavailable; current audit is not original collection history,,10.1021/acs.est.7b02259,verified_summary,retain_verified_summary_separate_from_individual_measurements,SI Table S12 PDF page 18; PFHpA; liver; mean,0.61,log10,Source calls field ratios BCF; database harmonizes to BAF because dietary uptake is uncontrolled; original label retained; 15 fish share the source context,sources/06bc92a9c2bbad5c/es7b02259_si_001.pdf,a05220468177e014b76e,fish,True,0c6428644cae17f6244d80810b4ea06319f4a22bcf83ab985e21d3cf5cd110ab,https://ndownloader.figshare.com/files/9158797,data/04_bioaccumulation/ITRC_Table_5-1_BCF-BAF_aquatic.xlsx,BCF-BAF Database,1122,K1122;I1122;J1122,"{""BAF"": 4.073802778041128, ""BAF Min"": null, ""BAF Max"": null}",reported_database_value,4.073802778041128,True,True,bfc24df5dbd2d21341a9580e5053f7a7b89c1ddea1ebe75c55407f4cee27a54d,verified_summary,fish,CIT_1a74c55ecb5e13670180,True,True,True,verified_summary,True,SI Table S12 PDF page 18; PFHpA; liver; mean,0.6100000000000001,not_reported
BIO_6715,1921,6715,PFHpA,Perfluoroheptanoic acid,375-85-9,PFCA,7.0,BAF,0.5370317963702527,-0.27,L/kg,0.5370317963702527,,wet weight,,Cyprinus carpio,Common Carp,fish,muscle,,,,,freshwater,,field,ITRC,https://pfas-1.itrcweb.org/wp-content/uploads/2023/10/ITRC_PFAS_-BCF-BAF_compilation_Table5-1_Oct2021.xlsx,Pan 2017,ITRC-compiled,"location=Xiaoqing River, Huantai County, China; waterbody=River; note=Results reported as BCFs, however presented here as BAFs because influence from diet could not be accounted for.; uid=1424",2026-05-17T15:20:12+00:00,Perfluoroheptanoic acid,375-85-9,ZWBAMYVPMDSJGQ-UHFFFAOYSA-N,,67818.0,OC(=O)C(F)(F)C(F)(F)C(F)(F)C(F)(F)C(F)(F)C(F)(F)F,C7HF13O2,364.062,PFCA,4.3,,EPA,,,,,,O=C(O)C(F)(F)C(F)(F)C(F)(F)C(F)(F)C(F)(F)C(F)(F)F,O=C(O)C(F)(F)C(F)(F)C(F)(F)C(F)(F)C(F)(F)C(F)(F)F,CMP_a97661d9260d026cb14f,pan2017,10.1021/acs.est.7b02259,provisional_normalized_citation_cross_source_equivalence_unverified,,,L/kg,1.0,0.5370317963702527,0.5370317963702527,-0.2700000000000001,-0.2700000000000001,5.551115123125783e-17,False,True,True,True,,retained,False,10.1021/acs.est.7b02259,First report on the occurrence and bioaccumulation of hexafluoropropylene oxide trimer acid: an emerging concern,Pan 2017; First report on the occurrence and bioaccumulation of hexafluoropropylene oxide trimer acid: an emerging concern; Environmental Science & Technology,ITRC Table5-1; BCF-BAF Database!row 1123; uid=1424; endpoint=BAF,,database_cell_verified,1.0,,,,,,,exact numeric cell match,original paper table/page and primary measurement not yet verified,,OBS_bdcd0f5405bc6d7f,1,candidate only; missing conditions and repeated experiments prevent unique identification,not verified against original experimental table,original search date/operator unavailable; current audit is not original collection history,,10.1021/acs.est.7b02259,verified_summary,retain_verified_summary_separate_from_individual_measurements,SI Table S12 PDF page 18; PFHpA; muscle; mean,-0.27,log10,Source calls field ratios BCF; database harmonizes to BAF because dietary uptake is uncontrolled; original label retained; 15 fish share the source context,sources/06bc92a9c2bbad5c/es7b02259_si_001.pdf,eab658109c70e9ef2a7c,fish,True,0c6428644cae17f6244d80810b4ea06319f4a22bcf83ab985e21d3cf5cd110ab,https://ndownloader.figshare.com/files/9158797,data/04_bioaccumulation/ITRC_Table_5-1_BCF-BAF_aquatic.xlsx,BCF-BAF Database,1123,K1123;I1123;J1123,"{""BAF"": 0.5370317963702527, ""BAF Min"": null, ""BAF Max"": null}",reported_database_value,0.5370317963702527,True,True,bfc24df5dbd2d21341a9580e5053f7a7b89c1ddea1ebe75c55407f4cee27a54d,verified_summary,fish,CIT_1a74c55ecb5e13670180,True,True,True,verified_summary,True,SI Table S12 PDF page 18; PFHpA; muscle; mean,-0.2700000000000001,not_reported
BIO_6716,1922,6716,PFOA,Perfluorooctanoic acid,335-67-1,PFCA,8.0,BAF,85.11380382023766,1.93,L/kg,85.11380382023766,,wet weight,,Cyprinus carpio,Common Carp,fish,blood,,,,,freshwater,,field,ITRC,https://pfas-1.itrcweb.org/wp-content/uploads/2023/10/ITRC_PFAS_-BCF-BAF_compilation_Table5-1_Oct2021.xlsx,Pan 2017,ITRC-compiled,"location=Xiaoqing River, Huantai County, China; waterbody=River; note=Results reported as BCFs, however presented here as BAFs because influence from diet could not be accounted for.; uid=1425",2026-05-17T15:20:12+00:00,Perfluorooctanoic acid,335-67-1,SNGREZUHAYWORS-UHFFFAOYSA-N,,9554.0,OC(=O)C(F)(F)C(F)(F)C(F)(F)C(F)(F)C(F)(F)C(F)(F)C(F)(F)F,C8HF15O2,414.07,PFCA,4.9,,EPA,,,,,,O=C(O)C(F)(F)C(F)(F)C(F)(F)C(F)(F)C(F)(F)C(F)(F)C(F)(F)F,O=C(O)C(F)(F)C(F)(F)C(F)(F)C(F)(F)C(F)(F)C(F)(F)C(F)(F)F,CMP_d156c7f61581a866704b,pan2017,10.1021/acs.est.7b02259,provisional_normalized_citation_cross_source_equivalence_unverified,,,L/kg,1.0,85.11380382023766,85.11380382023766,1.93,1.93,-2.220446049250313e-16,False,True,True,True,,retained,False,10.1021/acs.est.7b02259,First report on the occurrence and bioaccumulation of hexafluoropropylene oxide trimer acid: an emerging concern,Pan 2017; First report on the occurrence and bioaccumulation of hexafluoropropylene oxide trimer acid: an emerging concern; Environmental Science & Technology,ITRC Table5-1; BCF-BAF Database!row 1124; uid=1425; endpoint=BAF,,database_cell_verified,1.0,,,,,,,exact numeric cell match,original paper table/page and primary measurement not yet verified,,OBS_217a0a6e1332dda4,1,candidate only; missing conditions and repeated experiments prevent unique identification,not verified against original experimental table,original search date/operator unavailable; current audit is not original collection history,,10.1021/acs.est.7b02259,verified_summary,retain_verified_summary_separate_from_individual_measurements,SI Table S12 PDF page 18; PFOA; blood; mean,1.93,log10,Source calls field ratios BCF; database harmonizes to BAF because dietary uptake is uncontrolled; original label retained; 15 fish share the source context,sources/06bc92a9c2bbad5c/es7b02259_si_001.pdf,166af36c2979582669bd,fish,True,0c6428644cae17f6244d80810b4ea06319f4a22bcf83ab985e21d3cf5cd110ab,https://ndownloader.figshare.com/files/9158797,data/04_bioaccumulation/ITRC_Table_5-1_BCF-BAF_aquatic.xlsx,BCF-BAF Database,1124,K1124;I1124;J1124,"{""BAF"": 85.11380382023766, ""BAF Min"": null, ""BAF Max"": null}",reported_database_value,85.11380382023766,True,True,bfc24df5dbd2d21341a9580e5053f7a7b89c1ddea1ebe75c55407f4cee27a54d,verified_summary,fish,CIT_1a74c55ecb5e13670180,True,True,True,verified_summary,True,SI Table S12 PDF page 18; PFOA; blood; mean,1.93,not_reported
BIO_6717,1923,6717,PFOA,Perfluorooctanoic acid,335-67-1,PFCA,8.0,BAF,17.37800828749376,1.24,L/kg,17.378008287493756,,wet weight,,Cyprinus carpio,Common Carp,fish,liver,,,,,freshwater,,field,ITRC,https://pfas-1.itrcweb.org/wp-content/uploads/2023/10/ITRC_PFAS_-BCF-BAF_compilation_Table5-1_Oct2021.xlsx,Pan 2017,ITRC-compiled,"location=Xiaoqing River, Huantai County, China; waterbody=River; note=Results reported as BCFs, however presented here as BAFs because influence from diet could not be accounted for.; uid=1426",2026-05-17T15:20:12+00:00,Perfluorooctanoic acid,335-67-1,SNGREZUHAYWORS-UHFFFAOYSA-N,,9554.0,OC(=O)C(F)(F)C(F)(F)C(F)(F)C(F)(F)C(F)(F)C(F)(F)C(F)(F)F,C8HF15O2,414.07,PFCA,4.9,,EPA,,,,,,O=C(O)C(F)(F)C(F)(F)C(F)(F)C(F)(F)C(F)(F)C(F)(F)C(F)(F)F,O=C(O)C(F)(F)C(F)(F)C(F)(F)C(F)(F)C(F)(F)C(F)(F)C(F)(F)F,CMP_d156c7f61581a866704b,pan2017,10.1021/acs.est.7b02259,provisional_normalized_citation_cross_source_equivalence_unverified,,,L/kg,1.0,17.37800828749376,17.37800828749376,1.2400000000000002,1.2400000000000002,-2.220446049250313e-16,False,True,True,True,,retained,False,10.1021/acs.est.7b02259,First report on the occurrence and bioaccumulation of hexafluoropropylene oxide trimer acid: an emerging concern,Pan 2017; First report on the occurrence and bioaccumulation of hexafluoropropylene oxide trimer acid: an emerging concern; Environmental Science & Technology,ITRC Table5-1; BCF-BAF Database!row 1125; uid=1426; endpoint=BAF,,database_cell_verified,1.0,,,,,,,exact numeric cell match,original paper table/page and primary measurement not yet verified,,OBS_75472a2aaf3f5fbc,1,candidate only; missing conditions and repeated experiments prevent unique identification,not verified against original experimental table,original search date/operator unavailable; current audit is not original collection history,,10.1021/acs.est.7b02259,verified_summary,retain_verified_summary_separate_from_individual_measurements,SI Table S12 PDF page 18; PFOA; liver; mean,1.24,log10,Source calls field ratios BCF; database harmonizes to BAF because dietary uptake is uncontrolled; original label retained; 15 fish share the source context,sources/06bc92a9c2bbad5c/es7b02259_si_001.pdf,29fda70b9e222afb1cf2,fish,True,0c6428644cae17f6244d80810b4ea06319f4a22bcf83ab985e21d3cf5cd110ab,https://ndownloader.figshare.com/files/9158797,data/04_bioaccumulation/ITRC_Table_5-1_BCF-BAF_aquatic.xlsx,BCF-BAF Database,1125,K1125;I1125;J1125,"{""BAF"": 17.378008287493756, ""BAF Min"": null, ""BAF Max"": null}",reported_database_value,17.378008287493756,True,True,bfc24df5dbd2d21341a9580e5053f7a7b89c1ddea1ebe75c55407f4cee27a54d,verified_summary,fish,CIT_1a74c55ecb5e13670180,True,True,True,verified_summary,True,SI Table S12 PDF page 18; PFOA; liver; mean,1.2400000000000002,not_reported
BIO_6718,1924,6718,PFOA,Perfluorooctanoic acid,335-67-1,PFCA,8.0,BAF,2.884031503126606,0.46,L/kg,2.884031503126606,,wet weight,,Cyprinus carpio,Common Carp,fish,muscle,,,,,freshwater,,field,ITRC,https://pfas-1.itrcweb.org/wp-content/uploads/2023/10/ITRC_PFAS_-BCF-BAF_compilation_Table5-1_Oct2021.xlsx,Pan 2017,ITRC-compiled,"location=Xiaoqing River, Huantai County, China; waterbody=River; note=Results reported as BCFs, however presented here as BAFs because influence from diet could not be accounted for.; uid=1427",2026-05-17T15:20:12+00:00,Perfluorooctanoic acid,335-67-1,SNGREZUHAYWORS-UHFFFAOYSA-N,,9554.0,OC(=O)C(F)(F)C(F)(F)C(F)(F)C(F)(F)C(F)(F)C(F)(F)C(F)(F)F,C8HF15O2,414.07,PFCA,4.9,,EPA,,,,,,O=C(O)C(F)(F)C(F)(F)C(F)(F)C(F)(F)C(F)(F)C(F)(F)C(F)(F)F,O=C(O)C(F)(F)C(F)(F)C(F)(F)C(F)(F)C(F)(F)C(F)(F)C(F)(F)F,CMP_d156c7f61581a866704b,pan2017,10.1021/acs.est.7b02259,provisional_normalized_citation_cross_source_equivalence_unverified,,,L/kg,1.0,2.884031503126606,2.884031503126606,0.4599999999999999,0.4599999999999999,5.551115123125783e-17,False,True,True,True,,retained,False,10.1021/acs.est.7b02259,First report on the occurrence and bioaccumulation of hexafluoropropylene oxide trimer acid: an emerging concern,Pan 2017; First report on the occurrence and bioaccumulation of hexafluoropropylene oxide trimer acid: an emerging concern; Environmental Science & Technology,ITRC Table5-1; BCF-BAF Database!row 1126; uid=1427; endpoint=BAF,,database_cell_verified,1.0,,,,,,,exact numeric cell match,original paper table/page and primary measurement not yet verified,,OBS_0fb0be152379307e,1,candidate only; missing conditions and repeated experiments prevent unique identification,not verified against original experimental table,original search date/operator unavailable; current audit is not original collection history,,10.1021/acs.est.7b02259,verified_summary,retain_verified_summary_separate_from_individual_measurements,SI Table S12 PDF page 18; PFOA; muscle; mean,0.46,log10,Source calls field ratios BCF; database harmonizes to BAF because dietary uptake is uncontrolled; original label retained; 15 fish share the source context,sources/06bc92a9c2bbad5c/es7b02259_si_001.pdf,2ca058c81a043c698b2f,fish,True,0c6428644cae17f6244d80810b4ea06319f4a22bcf83ab985e21d3cf5cd110ab,https://ndownloader.figshare.com/files/9158797,data/04_bioaccumulation/ITRC_Table_5-1_BCF-BAF_aquatic.xlsx,BCF-BAF Database,1126,K1126;I1126;J1126,"{""BAF"": 2.884031503126606, ""BAF Min"": null, ""BAF Max"": null}",reported_database_value,2.884031503126606,True,True,bfc24df5dbd2d21341a9580e5053f7a7b89c1ddea1ebe75c55407f4cee27a54d,verified_summary,fish,CIT_1a74c55ecb5e13670180,True,True,True,verified_summary,True,SI Table S12 PDF page 18; PFOA; muscle; mean,0.4599999999999999,not_reported
BIO_6719,1925,6719,PFNA,Perfluorononanoic acid,375-95-1,PFCA,9.0,BAF,1023.292992280755,3.01,L/kg,1023.2929922807548,,wet weight,,Cyprinus carpio,Common Carp,fish,blood,,,,,freshwater,,field,ITRC,https://pfas-1.itrcweb.org/wp-content/uploads/2023/10/ITRC_PFAS_-BCF-BAF_compilation_Table5-1_Oct2021.xlsx,Pan 2017,ITRC-compiled,"location=Xiaoqing River, Huantai County, China; waterbody=River; note=Results reported as BCFs, however presented here as BAFs because influence from diet could not be accounted for.; uid=1428",2026-05-17T15:20:12+00:00,Perfluorononanoic acid,375-95-1,UZUFPBIDKMEQEQ-UHFFFAOYSA-N,,67821.0,OC(=O)C(F)(F)C(F)(F)C(F)(F)C(F)(F)C(F)(F)C(F)(F)C(F)(F)C(F)(F)F,C9HF17O2,464.078,PFCA,5.6,,EPA,,,,,,O=C(O)C(F)(F)C(F)(F)C(F)(F)C(F)(F)C(F)(F)C(F)(F)C(F)(F)C(F)(F)F,O=C(O)C(F)(F)C(F)(F)C(F)(F)C(F)(F)C(F)(F)C(F)(F)C(F)(F)C(F)(F)F,CMP_8e58943e0a19095fb6f4,pan2017,10.1021/acs.est.7b02259,provisional_normalized_citation_cross_source_equivalence_unverified,,,L/kg,1.0,1023.292992280755,1023.292992280755,3.01,3.01,-4.440892098500626e-16,False,True,True,True,,retained,False,10.1021/acs.est.7b02259,First report on the occurrence and bioaccumulation of hexafluoropropylene oxide trimer acid: an emerging concern,Pan 2017; First report on the occurrence and bioaccumulation of hexafluoropropylene oxide trimer acid: an emerging concern; Environmental Science & Technology,ITRC Table5-1; BCF-BAF Database!row 1127; uid=1428; endpoint=BAF,,database_cell_verified,1.0,,,,,,,exact numeric cell match,original paper table/page and primary measurement not yet verified,,OBS_bfe7895904604ea2,1,candidate only; missing conditions and repeated experiments prevent unique identification,not verified against original experimental table,original search date/operator unavailable; current audit is not original collection history,,10.1021/acs.est.7b02259,verified_summary,retain_verified_summary_separate_from_individual_measurements,SI Table S12 PDF page 18; PFNA; blood; mean,3.01,log10,Source calls field ratios BCF; database harmonizes to BAF because dietary uptake is uncontrolled; original label retained; 15 fish share the source context,sources/06bc92a9c2bbad5c/es7b02259_si_001.pdf,4f61fb9e101b8cd084e8,fish,True,0c6428644cae17f6244d80810b4ea06319f4a22bcf83ab985e21d3cf5cd110ab,https://ndownloader.figshare.com/files/9158797,data/04_bioaccumulation/ITRC_Table_5-1_BCF-BAF_aquatic.xlsx,BCF-BAF Database,1127,K1127;I1127;J1127,"{""BAF"": 1023.2929922807547, ""BAF Min"": null, ""BAF Max"": null}",reported_database_value,1023.2929922807548,True,True,bfc24df5dbd2d21341a9580e5053f7a7b89c1ddea1ebe75c55407f4cee27a54d,verified_summary,fish,CIT_1a74c55ecb5e13670180,True,True,True,verified_summary,True,SI Table S12 PDF page 18; PFNA; blood; mean,3.01,not_reported
BIO_6720,1926,6720,PFNA,Perfluorononanoic acid,375-95-1,PFCA,9.0,BAF,263.0267991895382,2.42,L/kg,263.02679918953817,,wet weight,,Cyprinus carpio,Common Carp,fish,liver,,,,,freshwater,,field,ITRC,https://pfas-1.itrcweb.org/wp-content/uploads/2023/10/ITRC_PFAS_-BCF-BAF_compilation_Table5-1_Oct2021.xlsx,Pan 2017,ITRC-compiled,"location=Xiaoqing River, Huantai County, China; waterbody=River; note=Results reported as BCFs, however presented here as BAFs because influence from diet could not be accounted for.; uid=1429",2026-05-17T15:20:12+00:00,Perfluorononanoic acid,375-95-1,UZUFPBIDKMEQEQ-UHFFFAOYSA-N,,67821.0,OC(=O)C(F)(F)C(F)(F)C(F)(F)C(F)(F)C(F)(F)C(F)(F)C(F)(F)C(F)(F)F,C9HF17O2,464.078,PFCA,5.6,,EPA,,,,,,O=C(O)C(F)(F)C(F)(F)C(F)(F)C(F)(F)C(F)(F)C(F)(F)C(F)(F)C(F)(F)F,O=C(O)C(F)(F)C(F)(F)C(F)(F)C(F)(F)C(F)(F)C(F)(F)C(F)(F)C(F)(F)F,CMP_8e58943e0a19095fb6f4,pan2017,10.1021/acs.est.7b02259,provisional_normalized_citation_cross_source_equivalence_unverified,,,L/kg,1.0,263.0267991895382,263.0267991895382,2.42,2.42,0.0,False,True,True,True,,retained,False,10.1021/acs.est.7b02259,First report on the occurrence and bioaccumulation of hexafluoropropylene oxide trimer acid: an emerging concern,Pan 2017; First report on the occurrence and bioaccumulation of hexafluoropropylene oxide trimer acid: an emerging concern; Environmental Science & Technology,ITRC Table5-1; BCF-BAF Database!row 1128; uid=1429; endpoint=BAF,,database_cell_verified,1.0,,,,,,,exact numeric cell match,original paper table/page and primary measurement not yet verified,,OBS_0e0c17a5a4012838,1,candidate only; missing conditions and repeated experiments prevent unique identification,not verified against original experimental table,original search date/operator unavailable; current audit is not original collection history,,10.1021/acs.est.7b02259,verified_summary,retain_verified_summary_separate_from_individual_measurements,SI Table S12 PDF page 18; PFNA; liver; mean,2.42,log10,Source calls field ratios BCF; database harmonizes to BAF because dietary uptake is uncontrolled; original label retained; 15 fish share the source context,sources/06bc92a9c2bbad5c/es7b02259_si_001.pdf,ced4619507b729165c55,fish,True,0c6428644cae17f6244d80810b4ea06319f4a22bcf83ab985e21d3cf5cd110ab,https://ndownloader.figshare.com/files/9158797,data/04_bioaccumulation/ITRC_Table_5-1_BCF-BAF_aquatic.xlsx,BCF-BAF Database,1128,K1128;I1128;J1128,"{""BAF"": 263.02679918953817, ""BAF Min"": null, ""BAF Max"": null}",reported_database_value,263.02679918953817,True,True,bfc24df5dbd2d21341a9580e5053f7a7b89c1ddea1ebe75c55407f4cee27a54d,verified_summary,fish,CIT_1a74c55ecb5e13670180,True,True,True,verified_summary,True,SI Table S12 PDF page 18; PFNA; liver; mean,2.42,not_reported
BIO_6721,1927,6721,PFNA,Perfluorononanoic acid,375-95-1,PFCA,9.0,BAF,47.86300923226386,1.68,L/kg,47.863009232263856,,wet weight,,Cyprinus carpio,Common Carp,fish,muscle,,,,,freshwater,,field,ITRC,https://pfas-1.itrcweb.org/wp-content/uploads/2023/10/ITRC_PFAS_-BCF-BAF_compilation_Table5-1_Oct2021.xlsx,Pan 2017,ITRC-compiled,"location=Xiaoqing River, Huantai County, China; waterbody=River; note=Results reported as BCFs, however presented here as BAFs because influence from diet could not be accounted for.; uid=1430",2026-05-17T15:20:13+00:00,Perfluorononanoic acid,375-95-1,UZUFPBIDKMEQEQ-UHFFFAOYSA-N,,67821.0,OC(=O)C(F)(F)C(F)(F)C(F)(F)C(F)(F)C(F)(F)C(F)(F)C(F)(F)C(F)(F)F,C9HF17O2,464.078,PFCA,5.6,,EPA,,,,,,O=C(O)C(F)(F)C(F)(F)C(F)(F)C(F)(F)C(F)(F)C(F)(F)C(F)(F)C(F)(F)F,O=C(O)C(F)(F)C(F)(F)C(F)(F)C(F)(F)C(F)(F)C(F)(F)C(F)(F)C(F)(F)F,CMP_8e58943e0a19095fb6f4,pan2017,10.1021/acs.est.7b02259,provisional_normalized_citation_cross_source_equivalence_unverified,,,L/kg,1.0,47.86300923226386,47.86300923226386,1.6800000000000002,1.6800000000000002,-2.220446049250313e-16,False,True,True,True,,retained,False,10.1021/acs.est.7b02259,First report on the occurrence and bioaccumulation of hexafluoropropylene oxide trimer acid: an emerging concern,Pan 2017; First report on the occurrence and bioaccumulation of hexafluoropropylene oxide trimer acid: an emerging concern; Environmental Science & Technology,ITRC Table5-1; BCF-BAF Database!row 1129; uid=1430; endpoint=BAF,,database_cell_verified,1.0,,,,,,,exact numeric cell match,original paper table/page and primary measurement not yet verified,,OBS_2304600d00065a1e,1,candidate only; missing conditions and repeated experiments prevent unique identification,not verified against original experimental table,original search date/operator unavailable; current audit is not original collection history,,10.1021/acs.est.7b02259,verified_summary,retain_verified_summary_separate_from_individual_measurements,SI Table S12 PDF page 18; PFNA; muscle; mean,1.68,log10,Source calls field ratios BCF; database harmonizes to BAF because dietary uptake is uncontrolled; original label retained; 15 fish share the source context,sources/06bc92a9c2bbad5c/es7b02259_si_001.pdf,3a8e07c02916308a60b0,fish,True,0c6428644cae17f6244d80810b4ea06319f4a22bcf83ab985e21d3cf5cd110ab,https://ndownloader.figshare.com/files/9158797,data/04_bioaccumulation/ITRC_Table_5-1_BCF-BAF_aquatic.xlsx,BCF-BAF Database,1129,K1129;I1129;J1129,"{""BAF"": 47.863009232263856, ""BAF Min"": null, ""BAF Max"": null}",reported_database_value,47.863009232263856,True,True,bfc24df5dbd2d21341a9580e5053f7a7b89c1ddea1ebe75c55407f4cee27a54d,verified_summary,fish,CIT_1a74c55ecb5e13670180,True,True,True,verified_summary,True,SI Table S12 PDF page 18; PFNA; muscle; mean,1.6800000000000002,not_reported
BIO_6722,1928,6722,PFDA,Perfluorodecanoic acid,335-76-2,PFCA,10.0,BAF,7943.282347242815,3.9,L/kg,7943.282347242815,,wet weight,,Cyprinus carpio,Common Carp,fish,blood,,,,,freshwater,,field,ITRC,https://pfas-1.itrcweb.org/wp-content/uploads/2023/10/ITRC_PFAS_-BCF-BAF_compilation_Table5-1_Oct2021.xlsx,Pan 2017,ITRC-compiled,"location=Xiaoqing River, Huantai County, China; waterbody=River; note=Results reported as BCFs, however presented here as BAFs because influence from diet could not be accounted for.; uid=1431",2026-05-17T15:20:13+00:00,Perfluorodecanoic acid,335-76-2,PCIUEQPBYFRTEM-UHFFFAOYSA-N,,9555.0,OC(=O)C(F)(F)C(F)(F)C(F)(F)C(F)(F)C(F)(F)C(F)(F)C(F)(F)C(F)(F)C(F)(F)F,C10HF19O2,514.086,PFCA,6.3,,EPA,,,,,,O=C(O)C(F)(F)C(F)(F)C(F)(F)C(F)(F)C(F)(F)C(F)(F)C(F)(F)C(F)(F)C(F)(F)F,O=C(O)C(F)(F)C(F)(F)C(F)(F)C(F)(F)C(F)(F)C(F)(F)C(F)(F)C(F)(F)C(F)(F)F,CMP_5bc76544fcbe477197d1,pan2017,10.1021/acs.est.7b02259,provisional_normalized_citation_cross_source_equivalence_unverified,,,L/kg,1.0,7943.282347242815,7943.282347242815,3.9,3.9,0.0,False,True,True,True,,retained,False,10.1021/acs.est.7b02259,First report on the occurrence and bioaccumulation of hexafluoropropylene oxide trimer acid: an emerging concern,Pan 2017; First report on the occurrence and bioaccumulation of hexafluoropropylene oxide trimer acid: an emerging concern; Environmental Science & Technology,ITRC Table5-1; BCF-BAF Database!row 1130; uid=1431; endpoint=BAF,,database_cell_verified,1.0,,,,,,,exact numeric cell match,original paper table/page and primary measurement not yet verified,,OBS_d479f7a110415495,1,candidate only; missing conditions and repeated experiments prevent unique identification,not verified against original experimental table,original search date/operator unavailable; current audit is not original collection history,,10.1021/acs.est.7b02259,verified_summary,retain_verified_summary_separate_from_individual_measurements,SI Table S12 PDF page 18; PFDA; blood; mean,3.9,log10,Source calls field ratios BCF; database harmonizes to BAF because dietary uptake is uncontrolled; original label retained; 15 fish share the source context,sources/06bc92a9c2bbad5c/es7b02259_si_001.pdf,ff3a8ca66945336bbda7,fish,True,0c6428644cae17f6244d80810b4ea06319f4a22bcf83ab985e21d3cf5cd110ab,https://ndownloader.figshare.com/files/9158797,data/04_bioaccumulation/ITRC_Table_5-1_BCF-BAF_aquatic.xlsx,BCF-BAF Database,1130,K1130;I1130;J1130,"{""BAF"": 7943.282347242815, ""BAF Min"": null, ""BAF Max"": null}",reported_database_value,7943.282347242815,True,True,bfc24df5dbd2d21341a9580e5053f7a7b89c1ddea1ebe75c55407f4cee27a54d,verified_summary,fish,CIT_1a74c55ecb5e13670180,True,True,True,verified_summary,True,SI Table S12 PDF page 18; PFDA; blood; mean,3.9,not_reported
BIO_6723,1929,6723,PFDA,Perfluorodecanoic acid,335-76-2,PFCA,10.0,BAF,2454.708915685034,3.39,L/kg,2454.708915685034,,wet weight,,Cyprinus carpio,Common Carp,fish,liver,,,,,freshwater,,field,ITRC,https://pfas-1.itrcweb.org/wp-content/uploads/2023/10/ITRC_PFAS_-BCF-BAF_compilation_Table5-1_Oct2021.xlsx,Pan 2017,ITRC-compiled,"location=Xiaoqing River, Huantai County, China; waterbody=River; note=Results reported as BCFs, however presented here as BAFs because influence from diet could not be accounted for.; uid=1432",2026-05-17T15:20:13+00:00,Perfluorodecanoic acid,335-76-2,PCIUEQPBYFRTEM-UHFFFAOYSA-N,,9555.0,OC(=O)C(F)(F)C(F)(F)C(F)(F)C(F)(F)C(F)(F)C(F)(F)C(F)(F)C(F)(F)C(F)(F)F,C10HF19O2,514.086,PFCA,6.3,,EPA,,,,,,O=C(O)C(F)(F)C(F)(F)C(F)(F)C(F)(F)C(F)(F)C(F)(F)C(F)(F)C(F)(F)C(F)(F)F,O=C(O)C(F)(F)C(F)(F)C(F)(F)C(F)(F)C(F)(F)C(F)(F)C(F)(F)C(F)(F)C(F)(F)F,CMP_5bc76544fcbe477197d1,pan2017,10.1021/acs.est.7b02259,provisional_normalized_citation_cross_source_equivalence_unverified,,,L/kg,1.0,2454.708915685034,2454.708915685034,3.390000000000001,3.390000000000001,-4.440892098500626e-16,False,True,True,True,,retained,False,10.1021/acs.est.7b02259,First report on the occurrence and bioaccumulation of hexafluoropropylene oxide trimer acid: an emerging concern,Pan 2017; First report on the occurrence and bioaccumulation of hexafluoropropylene oxide trimer acid: an emerging concern; Environmental Science & Technology,ITRC Table5-1; BCF-BAF Database!row 1131; uid=1432; endpoint=BAF,,database_cell_verified,1.0,,,,,,,exact numeric cell match,original paper table/page and primary measurement not yet verified,,OBS_1edad68486f96a12,1,candidate only; missing conditions and repeated experiments prevent unique identification,not verified against original experimental table,original search date/operator unavailable; current audit is not original collection history,,10.1021/acs.est.7b02259,verified_summary,retain_verified_summary_separate_from_individual_measurements,SI Table S12 PDF page 18; PFDA; liver; mean,3.39,log10,Source calls field ratios BCF; database harmonizes to BAF because dietary uptake is uncontrolled; original label retained; 15 fish share the source context,sources/06bc92a9c2bbad5c/es7b02259_si_001.pdf,233a2cac4b0cc15ea3f0,fish,True,0c6428644cae17f6244d80810b4ea06319f4a22bcf83ab985e21d3cf5cd110ab,https://ndownloader.figshare.com/files/9158797,data/04_bioaccumulation/ITRC_Table_5-1_BCF-BAF_aquatic.xlsx,BCF-BAF Database,1131,K1131;I1131;J1131,"{""BAF"": 2454.708915685034, ""BAF Min"": null, ""BAF Max"": null}",reported_database_value,2454.708915685034,True,True,bfc24df5dbd2d21341a9580e5053f7a7b89c1ddea1ebe75c55407f4cee27a54d,verified_summary,fish,CIT_1a74c55ecb5e13670180,True,True,True,verified_summary,True,SI Table S12 PDF page 18; PFDA; liver; mean,3.390000000000001,not_reported
BIO_6724,1930,6724,PFDA,Perfluorodecanoic acid,335-76-2,PFCA,10.0,BAF,436.5158322401662,2.64,L/kg,436.5158322401662,,wet weight,,Cyprinus carpio,Common Carp,fish,muscle,,,,,freshwater,,field,ITRC,https://pfas-1.itrcweb.org/wp-content/uploads/2023/10/ITRC_PFAS_-BCF-BAF_compilation_Table5-1_Oct2021.xlsx,Pan 2017,ITRC-compiled,"location=Xiaoqing River, Huantai County, China; waterbody=River; note=Results reported as BCFs, however presented here as BAFs because influence from diet could not be accounted for.; uid=1433",2026-05-17T15:20:13+00:00,Perfluorodecanoic acid,335-76-2,PCIUEQPBYFRTEM-UHFFFAOYSA-N,,9555.0,OC(=O)C(F)(F)C(F)(F)C(F)(F)C(F)(F)C(F)(F)C(F)(F)C(F)(F)C(F)(F)C(F)(F)F,C10HF19O2,514.086,PFCA,6.3,,EPA,,,,,,O=C(O)C(F)(F)C(F)(F)C(F)(F)C(F)(F)C(F)(F)C(F)(F)C(F)(F)C(F)(F)C(F)(F)F,O=C(O)C(F)(F)C(F)(F)C(F)(F)C(F)(F)C(F)(F)C(F)(F)C(F)(F)C(F)(F)C(F)(F)F,CMP_5bc76544fcbe477197d1,pan2017,10.1021/acs.est.7b02259,provisional_normalized_citation_cross_source_equivalence_unverified,,,L/kg,1.0,436.5158322401662,436.5158322401662,2.64,2.64,0.0,False,True,True,True,,retained,False,10.1021/acs.est.7b02259,First report on the occurrence and bioaccumulation of hexafluoropropylene oxide trimer acid: an emerging concern,Pan 2017; First report on the occurrence and bioaccumulation of hexafluoropropylene oxide trimer acid: an emerging concern; Environmental Science & Technology,ITRC Table5-1; BCF-BAF Database!row 1132; uid=1433; endpoint=BAF,,database_cell_verified,1.0,,,,,,,exact numeric cell match,original paper table/page and primary measurement not yet verified,,OBS_a93efee79c608a7e,1,candidate only; missing conditions and repeated experiments prevent unique identification,not verified against original experimental table,original search date/operator unavailable; current audit is not original collection history,,10.1021/acs.est.7b02259,verified_summary,retain_verified_summary_separate_from_individual_measurements,SI Table S12 PDF page 18; PFDA; muscle; mean,2.64,log10,Source calls field ratios BCF; database harmonizes to BAF because dietary uptake is uncontrolled; original label retained; 15 fish share the source context,sources/06bc92a9c2bbad5c/es7b02259_si_001.pdf,3b32c118f1f59823ff8f,fish,True,0c6428644cae17f6244d80810b4ea06319f4a22bcf83ab985e21d3cf5cd110ab,https://ndownloader.figshare.com/files/9158797,data/04_bioaccumulation/ITRC_Table_5-1_BCF-BAF_aquatic.xlsx,BCF-BAF Database,1132,K1132;I1132;J1132,"{""BAF"": 436.5158322401662, ""BAF Min"": null, ""BAF Max"": null}",reported_database_value,436.5158322401662,True,True,bfc24df5dbd2d21341a9580e5053f7a7b89c1ddea1ebe75c55407f4cee27a54d,verified_summary,fish,CIT_1a74c55ecb5e13670180,True,True,True,verified_summary,True,SI Table S12 PDF page 18; PFDA; muscle; mean,2.64,not_reported
BIO_6725,1931,6725,PFUnDA,Perfluoroundecanoic acid,2058-94-8,PFCA,11.0,BAF,26915.34803926917,4.43,L/kg,26915.348039269167,,wet weight,,Cyprinus carpio,Common Carp,fish,blood,,,,,freshwater,,field,ITRC,https://pfas-1.itrcweb.org/wp-content/uploads/2023/10/ITRC_PFAS_-BCF-BAF_compilation_Table5-1_Oct2021.xlsx,Pan 2017,ITRC-compiled,"location=Xiaoqing River, Huantai County, China; waterbody=River; note=Results reported as BCFs, however presented here as BAFs because influence from diet could not be accounted for.; uid=1434",2026-05-17T15:20:13+00:00,Perfluoroundecanoic acid,2058-94-8,SIDINRCMMRKXGQ-UHFFFAOYSA-N,,77222.0,OC(=O)C(F)(F)C(F)(F)C(F)(F)C(F)(F)C(F)(F)C(F)(F)C(F)(F)C(F)(F)C(F)(F)C(F)(F)F,C11HF21O2,564.093,PFCA,6.9,,EPA,,,,,,O=C(O)C(F)(F)C(F)(F)C(F)(F)C(F)(F)C(F)(F)C(F)(F)C(F)(F)C(F)(F)C(F)(F)C(F)(F)F,O=C(O)C(F)(F)C(F)(F)C(F)(F)C(F)(F)C(F)(F)C(F)(F)C(F)(F)C(F)(F)C(F)(F)C(F)(F)F,CMP_ba6c40d3726d16919ab2,pan2017,10.1021/acs.est.7b02259,provisional_normalized_citation_cross_source_equivalence_unverified,,,L/kg,1.0,26915.34803926917,26915.34803926917,4.430000000000001,4.430000000000001,-8.881784197001252e-16,False,True,True,True,,retained,False,10.1021/acs.est.7b02259,First report on the occurrence and bioaccumulation of hexafluoropropylene oxide trimer acid: an emerging concern,Pan 2017; First report on the occurrence and bioaccumulation of hexafluoropropylene oxide trimer acid: an emerging concern; Environmental Science & Technology,ITRC Table5-1; BCF-BAF Database!row 1133; uid=1434; endpoint=BAF,,database_cell_verified,1.0,,,,,,,exact numeric cell match,original paper table/page and primary measurement not yet verified,,OBS_7a258f15f07cd7d6,1,candidate only; missing conditions and repeated experiments prevent unique identification,not verified against original experimental table,original search date/operator unavailable; current audit is not original collection history,,10.1021/acs.est.7b02259,verified_summary,retain_verified_summary_separate_from_individual_measurements,SI Table S12 PDF page 18; PFUnDA; blood; mean,4.43,log10,Source calls field ratios BCF; database harmonizes to BAF because dietary uptake is uncontrolled; original label retained; 15 fish share the source context,sources/06bc92a9c2bbad5c/es7b02259_si_001.pdf,d5ebc9fb3dadb03451a7,fish,True,0c6428644cae17f6244d80810b4ea06319f4a22bcf83ab985e21d3cf5cd110ab,https://ndownloader.figshare.com/files/9158797,data/04_bioaccumulation/ITRC_Table_5-1_BCF-BAF_aquatic.xlsx,BCF-BAF Database,1133,K1133;I1133;J1133,"{""BAF"": 26915.348039269167, ""BAF Min"": null, ""BAF Max"": null}",reported_database_value,26915.348039269167,True,True,bfc24df5dbd2d21341a9580e5053f7a7b89c1ddea1ebe75c55407f4cee27a54d,verified_summary,fish,CIT_1a74c55ecb5e13670180,True,True,True,verified_summary,True,SI Table S12 PDF page 18; PFUnDA; blood; mean,4.430000000000001,not_reported
BIO_6726,1932,6726,PFUnDA,Perfluoroundecanoic acid,2058-94-8,PFCA,11.0,BAF,8128.305161641007,3.91,L/kg,8128.305161641007,,wet weight,,Cyprinus carpio,Common Carp,fish,liver,,,,,freshwater,,field,ITRC,https://pfas-1.itrcweb.org/wp-content/uploads/2023/10/ITRC_PFAS_-BCF-BAF_compilation_Table5-1_Oct2021.xlsx,Pan 2017,ITRC-compiled,"location=Xiaoqing River, Huantai County, China; waterbody=River; note=Results reported as BCFs, however presented here as BAFs because influence from diet could not be accounted for.; uid=1435",2026-05-17T15:20:13+00:00,Perfluoroundecanoic acid,2058-94-8,SIDINRCMMRKXGQ-UHFFFAOYSA-N,,77222.0,OC(=O)C(F)(F)C(F)(F)C(F)(F)C(F)(F)C(F)(F)C(F)(F)C(F)(F)C(F)(F)C(F)(F)C(F)(F)F,C11HF21O2,564.093,PFCA,6.9,,EPA,,,,,,O=C(O)C(F)(F)C(F)(F)C(F)(F)C(F)(F)C(F)(F)C(F)(F)C(F)(F)C(F)(F)C(F)(F)C(F)(F)F,O=C(O)C(F)(F)C(F)(F)C(F)(F)C(F)(F)C(F)(F)C(F)(F)C(F)(F)C(F)(F)C(F)(F)C(F)(F)F,CMP_ba6c40d3726d16919ab2,pan2017,10.1021/acs.est.7b02259,provisional_normalized_citation_cross_source_equivalence_unverified,,,L/kg,1.0,8128.305161641007,8128.305161641007,3.9100000000000006,3.9100000000000006,-4.440892098500626e-16,False,True,True,True,,retained,False,10.1021/acs.est.7b02259,First report on the occurrence and bioaccumulation of hexafluoropropylene oxide trimer acid: an emerging concern,Pan 2017; First report on the occurrence and bioaccumulation of hexafluoropropylene oxide trimer acid: an emerging concern; Environmental Science & Technology,ITRC Table5-1; BCF-BAF Database!row 1134; uid=1435; endpoint=BAF,,database_cell_verified,1.0,,,,,,,exact numeric cell match,original paper table/page and primary measurement not yet verified,,OBS_023466564206b259,1,candidate only; missing conditions and repeated experiments prevent unique identification,not verified against original experimental table,original search date/operator unavailable; current audit is not original collection history,,10.1021/acs.est.7b02259,verified_summary,retain_verified_summary_separate_from_individual_measurements,SI Table S12 PDF page 18; PFUnDA; liver; mean,3.91,log10,Source calls field ratios BCF; database harmonizes to BAF because dietary uptake is uncontrolled; original label retained; 15 fish share the source context,sources/06bc92a9c2bbad5c/es7b02259_si_001.pdf,82580eb1d5f218264e44,fish,True,0c6428644cae17f6244d80810b4ea06319f4a22bcf83ab985e21d3cf5cd110ab,https://ndownloader.figshare.com/files/9158797,data/04_bioaccumulation/ITRC_Table_5-1_BCF-BAF_aquatic.xlsx,BCF-BAF Database,1134,K1134;I1134;J1134,"{""BAF"": 8128.305161641007, ""BAF Min"": null, ""BAF Max"": null}",reported_database_value,8128.305161641007,True,True,bfc24df5dbd2d21341a9580e5053f7a7b89c1ddea1ebe75c55407f4cee27a54d,verified_summary,fish,CIT_1a74c55ecb5e13670180,True,True,True,verified_summary,True,SI Table S12 PDF page 18; PFUnDA; liver; mean,3.9100000000000006,not_reported
BIO_6727,1933,6727,PFUnDA,Perfluoroundecanoic acid,2058-94-8,PFCA,11.0,BAF,1479.108388168209,3.17,L/kg,1479.1083881682086,,wet weight,,Cyprinus carpio,Common Carp,fish,muscle,,,,,freshwater,,field,ITRC,https://pfas-1.itrcweb.org/wp-content/uploads/2023/10/ITRC_PFAS_-BCF-BAF_compilation_Table5-1_Oct2021.xlsx,Pan 2017,ITRC-compiled,"location=Xiaoqing River, Huantai County, China; waterbody=River; note=Results reported as BCFs, however presented here as BAFs because influence from diet could not be accounted for.; uid=1436",2026-05-17T15:20:13+00:00,Perfluoroundecanoic acid,2058-94-8,SIDINRCMMRKXGQ-UHFFFAOYSA-N,,77222.0,OC(=O)C(F)(F)C(F)(F)C(F)(F)C(F)(F)C(F)(F)C(F)(F)C(F)(F)C(F)(F)C(F)(F)C(F)(F)F,C11HF21O2,564.093,PFCA,6.9,,EPA,,,,,,O=C(O)C(F)(F)C(F)(F)C(F)(F)C(F)(F)C(F)(F)C(F)(F)C(F)(F)C(F)(F)C(F)(F)C(F)(F)F,O=C(O)C(F)(F)C(F)(F)C(F)(F)C(F)(F)C(F)(F)C(F)(F)C(F)(F)C(F)(F)C(F)(F)C(F)(F)F,CMP_ba6c40d3726d16919ab2,pan2017,10.1021/acs.est.7b02259,provisional_normalized_citation_cross_source_equivalence_unverified,,,L/kg,1.0,1479.108388168209,1479.108388168209,3.1700000000000004,3.1700000000000004,-4.440892098500626e-16,False,True,True,True,,retained,False,10.1021/acs.est.7b02259,First report on the occurrence and bioaccumulation of hexafluoropropylene oxide trimer acid: an emerging concern,Pan 2017; First report on the occurrence and bioaccumulation of hexafluoropropylene oxide trimer acid: an emerging concern; Environmental Science & Technology,ITRC Table5-1; BCF-BAF Database!row 1135; uid=1436; endpoint=BAF,,database_cell_verified,1.0,,,,,,,exact numeric cell match,original paper table/page and primary measurement not yet verified,,OBS_9119fcf87da0ecce,1,candidate only; missing conditions and repeated experiments prevent unique identification,not verified against original experimental table,original search date/operator unavailable; current audit is not original collection history,,10.1021/acs.est.7b02259,verified_summary,retain_verified_summary_separate_from_individual_measurements,SI Table S12 PDF page 18; PFUnDA; muscle; mean,3.17,log10,Source calls field ratios BCF; database harmonizes to BAF because dietary uptake is uncontrolled; original label retained; 15 fish share the source context,sources/06bc92a9c2bbad5c/es7b02259_si_001.pdf,4053e1df665976dab363,fish,True,0c6428644cae17f6244d80810b4ea06319f4a22bcf83ab985e21d3cf5cd110ab,https://ndownloader.figshare.com/files/9158797,data/04_bioaccumulation/ITRC_Table_5-1_BCF-BAF_aquatic.xlsx,BCF-BAF Database,1135,K1135;I1135;J1135,"{""BAF"": 1479.1083881682086, ""BAF Min"": null, ""BAF Max"": null}",reported_database_value,1479.1083881682086,True,True,bfc24df5dbd2d21341a9580e5053f7a7b89c1ddea1ebe75c55407f4cee27a54d,verified_summary,fish,CIT_1a74c55ecb5e13670180,True,True,True,verified_summary,True,SI Table S12 PDF page 18; PFUnDA; muscle; mean,3.1700000000000004,not_reported
BIO_6728,1934,6728,PFDoDA,Perfluorododecanoic acid,307-55-1,PFCA,12.0,BAF,58884.36553555894,4.77,L/kg,58884.365535558936,,wet weight,,Cyprinus carpio,Common Carp,fish,blood,,,,,freshwater,,field,ITRC,https://pfas-1.itrcweb.org/wp-content/uploads/2023/10/ITRC_PFAS_-BCF-BAF_compilation_Table5-1_Oct2021.xlsx,Pan 2017,ITRC-compiled,"location=Xiaoqing River, Huantai County, China; waterbody=River; note=Results reported as BCFs, however presented here as BAFs because influence from diet could not be accounted for.; uid=1437",2026-05-17T15:20:13+00:00,Perfluorododecanoic acid,307-55-1,CXGONMQFMIYUJR-UHFFFAOYSA-N,,67545.0,OC(=O)C(F)(F)C(F)(F)C(F)(F)C(F)(F)C(F)(F)C(F)(F)C(F)(F)C(F)(F)C(F)(F)C(F)(F)C(F)(F)F,C12HF23O2,614.101,PFCA,7.6,,EPA,,,,,,O=C(O)C(F)(F)C(F)(F)C(F)(F)C(F)(F)C(F)(F)C(F)(F)C(F)(F)C(F)(F)C(F)(F)C(F)(F)C(F)(F)F,O=C(O)C(F)(F)C(F)(F)C(F)(F)C(F)(F)C(F)(F)C(F)(F)C(F)(F)C(F)(F)C(F)(F)C(F)(F)C(F)(F)F,CMP_812738d2ca27e93d42c8,pan2017,10.1021/acs.est.7b02259,provisional_normalized_citation_cross_source_equivalence_unverified,,,L/kg,1.0,58884.36553555894,58884.36553555894,4.7700000000000005,4.7700000000000005,-8.881784197001252e-16,False,True,True,True,,retained,False,10.1021/acs.est.7b02259,First report on the occurrence and bioaccumulation of hexafluoropropylene oxide trimer acid: an emerging concern,Pan 2017; First report on the occurrence and bioaccumulation of hexafluoropropylene oxide trimer acid: an emerging concern; Environmental Science & Technology,ITRC Table5-1; BCF-BAF Database!row 1136; uid=1437; endpoint=BAF,,database_cell_verified,1.0,,,,,,,exact numeric cell match,original paper table/page and primary measurement not yet verified,,OBS_0e05c6565cdea454,1,candidate only; missing conditions and repeated experiments prevent unique identification,not verified against original experimental table,original search date/operator unavailable; current audit is not original collection history,,10.1021/acs.est.7b02259,verified_summary,retain_verified_summary_separate_from_individual_measurements,SI Table S12 PDF page 18; PFDoDA; blood; mean,4.77,log10,Source calls field ratios BCF; database harmonizes to BAF because dietary uptake is uncontrolled; original label retained; 15 fish share the source context,sources/06bc92a9c2bbad5c/es7b02259_si_001.pdf,47d3e3dba30f4e365edb,fish,True,0c6428644cae17f6244d80810b4ea06319f4a22bcf83ab985e21d3cf5cd110ab,https://ndownloader.figshare.com/files/9158797,data/04_bioaccumulation/ITRC_Table_5-1_BCF-BAF_aquatic.xlsx,BCF-BAF Database,1136,K1136;I1136;J1136,"{""BAF"": 58884.365535558936, ""BAF Min"": null, ""BAF Max"": null}",reported_database_value,58884.365535558936,True,True,bfc24df5dbd2d21341a9580e5053f7a7b89c1ddea1ebe75c55407f4cee27a54d,verified_summary,fish,CIT_1a74c55ecb5e13670180,True,True,True,verified_summary,True,SI Table S12 PDF page 18; PFDoDA; blood; mean,4.7700000000000005,not_reported
BIO_6729,1935,6729,PFDoDA,Perfluorododecanoic acid,307-55-1,PFCA,12.0,BAF,20892.96130854042,4.32,L/kg,20892.961308540423,,wet weight,,Cyprinus carpio,Common Carp,fish,liver,,,,,freshwater,,field,ITRC,https://pfas-1.itrcweb.org/wp-content/uploads/2023/10/ITRC_PFAS_-BCF-BAF_compilation_Table5-1_Oct2021.xlsx,Pan 2017,ITRC-compiled,"location=Xiaoqing River, Huantai County, China; waterbody=River; note=Results reported as BCFs, however presented here as BAFs because influence from diet could not be accounted for.; uid=1438",2026-05-17T15:20:13+00:00,Perfluorododecanoic acid,307-55-1,CXGONMQFMIYUJR-UHFFFAOYSA-N,,67545.0,OC(=O)C(F)(F)C(F)(F)C(F)(F)C(F)(F)C(F)(F)C(F)(F)C(F)(F)C(F)(F)C(F)(F)C(F)(F)C(F)(F)F,C12HF23O2,614.101,PFCA,7.6,,EPA,,,,,,O=C(O)C(F)(F)C(F)(F)C(F)(F)C(F)(F)C(F)(F)C(F)(F)C(F)(F)C(F)(F)C(F)(F)C(F)(F)C(F)(F)F,O=C(O)C(F)(F)C(F)(F)C(F)(F)C(F)(F)C(F)(F)C(F)(F)C(F)(F)C(F)(F)C(F)(F)C(F)(F)C(F)(F)F,CMP_812738d2ca27e93d42c8,pan2017,10.1021/acs.est.7b02259,provisional_normalized_citation_cross_source_equivalence_unverified,,,L/kg,1.0,20892.96130854042,20892.96130854042,4.32,4.32,0.0,False,True,True,True,,retained,False,10.1021/acs.est.7b02259,First report on the occurrence and bioaccumulation of hexafluoropropylene oxide trimer acid: an emerging concern,Pan 2017; First report on the occurrence and bioaccumulation of hexafluoropropylene oxide trimer acid: an emerging concern; Environmental Science & Technology,ITRC Table5-1; BCF-BAF Database!row 1137; uid=1438; endpoint=BAF,,database_cell_verified,1.0,,,,,,,exact numeric cell match,original paper table/page and primary measurement not yet verified,,OBS_34c82ebb3c6cd075,1,candidate only; missing conditions and repeated experiments prevent unique identification,not verified against original experimental table,original search date/operator unavailable; current audit is not original collection history,,10.1021/acs.est.7b02259,verified_summary,retain_verified_summary_separate_from_individual_measurements,SI Table S12 PDF page 18; PFDoDA; liver; mean,4.32,log10,Source calls field ratios BCF; database harmonizes to BAF because dietary uptake is uncontrolled; original label retained; 15 fish share the source context,sources/06bc92a9c2bbad5c/es7b02259_si_001.pdf,8345ac4d37c1223b4600,fish,True,0c6428644cae17f6244d80810b4ea06319f4a22bcf83ab985e21d3cf5cd110ab,https://ndownloader.figshare.com/files/9158797,data/04_bioaccumulation/ITRC_Table_5-1_BCF-BAF_aquatic.xlsx,BCF-BAF Database,1137,K1137;I1137;J1137,"{""BAF"": 20892.961308540423, ""BAF Min"": null, ""BAF Max"": null}",reported_database_value,20892.961308540423,True,True,bfc24df5dbd2d21341a9580e5053f7a7b89c1ddea1ebe75c55407f4cee27a54d,verified_summary,fish,CIT_1a74c55ecb5e13670180,True,True,True,verified_summary,True,SI Table S12 PDF page 18; PFDoDA; liver; mean,4.32,not_reported
BIO_6730,1936,6730,PFDoDA,Perfluorododecanoic acid,307-55-1,PFCA,12.0,BAF,4168.693834703358,3.62,L/kg,4168.693834703358,,wet weight,,Cyprinus carpio,Common Carp,fish,muscle,,,,,freshwater,,field,ITRC,https://pfas-1.itrcweb.org/wp-content/uploads/2023/10/ITRC_PFAS_-BCF-BAF_compilation_Table5-1_Oct2021.xlsx,Pan 2017,ITRC-compiled,"location=Xiaoqing River, Huantai County, China; waterbody=River; note=Results reported as BCFs, however presented here as BAFs because influence from diet could not be accounted for.; uid=1439",2026-05-17T15:20:13+00:00,Perfluorododecanoic acid,307-55-1,CXGONMQFMIYUJR-UHFFFAOYSA-N,,67545.0,OC(=O)C(F)(F)C(F)(F)C(F)(F)C(F)(F)C(F)(F)C(F)(F)C(F)(F)C(F)(F)C(F)(F)C(F)(F)C(F)(F)F,C12HF23O2,614.101,PFCA,7.6,,EPA,,,,,,O=C(O)C(F)(F)C(F)(F)C(F)(F)C(F)(F)C(F)(F)C(F)(F)C(F)(F)C(F)(F)C(F)(F)C(F)(F)C(F)(F)F,O=C(O)C(F)(F)C(F)(F)C(F)(F)C(F)(F)C(F)(F)C(F)(F)C(F)(F)C(F)(F)C(F)(F)C(F)(F)C(F)(F)F,CMP_812738d2ca27e93d42c8,pan2017,10.1021/acs.est.7b02259,provisional_normalized_citation_cross_source_equivalence_unverified,,,L/kg,1.0,4168.693834703358,4168.693834703358,3.620000000000001,3.620000000000001,-4.440892098500626e-16,False,True,True,True,,retained,False,10.1021/acs.est.7b02259,First report on the occurrence and bioaccumulation of hexafluoropropylene oxide trimer acid: an emerging concern,Pan 2017; First report on the occurrence and bioaccumulation of hexafluoropropylene oxide trimer acid: an emerging concern; Environmental Science & Technology,ITRC Table5-1; BCF-BAF Database!row 1138; uid=1439; endpoint=BAF,,database_cell_verified,1.0,,,,,,,exact numeric cell match,original paper table/page and primary measurement not yet verified,,OBS_dc0deaf814525849,1,candidate only; missing conditions and repeated experiments prevent unique identification,not verified against original experimental table,original search date/operator unavailable; current audit is not original collection history,,10.1021/acs.est.7b02259,verified_summary,retain_verified_summary_separate_from_individual_measurements,SI Table S12 PDF page 18; PFDoDA; muscle; mean,3.62,log10,Source calls field ratios BCF; database harmonizes to BAF because dietary uptake is uncontrolled; original label retained; 15 fish share the source context,sources/06bc92a9c2bbad5c/es7b02259_si_001.pdf,282ff681be4962b2a639,fish,True,0c6428644cae17f6244d80810b4ea06319f4a22bcf83ab985e21d3cf5cd110ab,https://ndownloader.figshare.com/files/9158797,data/04_bioaccumulation/ITRC_Table_5-1_BCF-BAF_aquatic.xlsx,BCF-BAF Database,1138,K1138;I1138;J1138,"{""BAF"": 4168.693834703358, ""BAF Min"": null, ""BAF Max"": null}",reported_database_value,4168.693834703358,True,True,bfc24df5dbd2d21341a9580e5053f7a7b89c1ddea1ebe75c55407f4cee27a54d,verified_summary,fish,CIT_1a74c55ecb5e13670180,True,True,True,verified_summary,True,SI Table S12 PDF page 18; PFDoDA; muscle; mean,3.620000000000001,not_reported
BIO_6737,1943,6737,PFBS,Perfluorobutanesulfonic acid,375-73-5,PFSA,4.0,BAF,15.48816618912482,1.19,L/kg,15.488166189124817,,wet weight,,Cyprinus carpio,Common Carp,fish,blood,,,,,freshwater,,field,ITRC,https://pfas-1.itrcweb.org/wp-content/uploads/2023/10/ITRC_PFAS_-BCF-BAF_compilation_Table5-1_Oct2021.xlsx,Pan 2017,ITRC-compiled,"location=Xiaoqing River, Huantai County, China; waterbody=River; note=Results reported as BCFs, however presented here as BAFs because influence from diet could not be accounted for.; uid=1446",2026-05-17T15:20:13+00:00,Perfluorobutanesulfonic acid,375-73-5,JGTNAGYHADQMCM-UHFFFAOYSA-N,,67815.0,OS(=O)(=O)C(F)(F)C(F)(F)C(F)(F)C(F)(F)F,C4HF9O3S,300.09,PFSA,2.3,,EPA,,,,,,O=S(=O)(O)C(F)(F)C(F)(F)C(F)(F)C(F)(F)F,O=S(=O)(O)C(F)(F)C(F)(F)C(F)(F)C(F)(F)F,CMP_5eaff469cfe578e26057,pan2017,10.1021/acs.est.7b02259,provisional_normalized_citation_cross_source_equivalence_unverified,,,L/kg,1.0,15.48816618912482,15.48816618912482,1.1900000000000002,1.1900000000000002,-2.220446049250313e-16,False,True,True,True,,retained,False,10.1021/acs.est.7b02259,First report on the occurrence and bioaccumulation of hexafluoropropylene oxide trimer acid: an emerging concern,Pan 2017; First report on the occurrence and bioaccumulation of hexafluoropropylene oxide trimer acid: an emerging concern; Environmental Science & Technology,ITRC Table5-1; BCF-BAF Database!row 1145; uid=1446; endpoint=BAF,,database_cell_verified,1.0,,,,,,,exact numeric cell match,original paper table/page and primary measurement not yet verified,,OBS_537786a1d91f122d,1,candidate only; missing conditions and repeated experiments prevent unique identification,not verified against original experimental table,original search date/operator unavailable; current audit is not original collection history,,10.1021/acs.est.7b02259,verified_summary,retain_verified_summary_separate_from_individual_measurements,SI Table S12 PDF page 18; PFBS; blood; mean,1.19,log10,Source calls field ratios BCF; database harmonizes to BAF because dietary uptake is uncontrolled; original label retained; 15 fish share the source context,sources/06bc92a9c2bbad5c/es7b02259_si_001.pdf,47261b29c800e65d65f9,fish,True,0c6428644cae17f6244d80810b4ea06319f4a22bcf83ab985e21d3cf5cd110ab,https://ndownloader.figshare.com/files/9158797,data/04_bioaccumulation/ITRC_Table_5-1_BCF-BAF_aquatic.xlsx,BCF-BAF Database,1145,K1145;I1145;J1145,"{""BAF"": 15.488166189124817, ""BAF Min"": null, ""BAF Max"": null}",reported_database_value,15.488166189124817,True,True,bfc24df5dbd2d21341a9580e5053f7a7b89c1ddea1ebe75c55407f4cee27a54d,verified_summary,fish,CIT_1a74c55ecb5e13670180,True,True,True,verified_summary,True,SI Table S12 PDF page 18; PFBS; blood; mean,1.1900000000000002,not_reported
BIO_6738,1944,6738,PFHxS,Perfluorohexanesulfonic acid,355-46-4,PFSA,6.0,BAF,363.0780547701015,2.56,L/kg,363.0780547701015,,wet weight,,Cyprinus carpio,Common Carp,fish,blood,,,,,freshwater,,field,ITRC,https://pfas-1.itrcweb.org/wp-content/uploads/2023/10/ITRC_PFAS_-BCF-BAF_compilation_Table5-1_Oct2021.xlsx,Pan 2017,ITRC-compiled,"location=Xiaoqing River, Huantai County, China; waterbody=River; note=Results reported as BCFs, however presented here as BAFs because influence from diet could not be accounted for.; uid=1447",2026-05-17T15:20:13+00:00,Perfluorohexanesulfonic acid,355-46-4,QZHDEAJFRJCDMF-UHFFFAOYSA-N,,67734.0,OS(=O)(=O)C(F)(F)C(F)(F)C(F)(F)C(F)(F)C(F)(F)C(F)(F)F,C6HF13O3S,400.11,PFSA,3.7,,EPA,,,,,,O=S(=O)(O)C(F)(F)C(F)(F)C(F)(F)C(F)(F)C(F)(F)C(F)(F)F,O=S(=O)(O)C(F)(F)C(F)(F)C(F)(F)C(F)(F)C(F)(F)C(F)(F)F,CMP_83aa37c8a37d61e51382,pan2017,10.1021/acs.est.7b02259,provisional_normalized_citation_cross_source_equivalence_unverified,,,L/kg,1.0,363.0780547701015,363.0780547701015,2.56,2.56,0.0,False,True,True,True,,retained,False,10.1021/acs.est.7b02259,First report on the occurrence and bioaccumulation of hexafluoropropylene oxide trimer acid: an emerging concern,Pan 2017; First report on the occurrence and bioaccumulation of hexafluoropropylene oxide trimer acid: an emerging concern; Environmental Science & Technology,ITRC Table5-1; BCF-BAF Database!row 1146; uid=1447; endpoint=BAF,,database_cell_verified,1.0,,,,,,,exact numeric cell match,original paper table/page and primary measurement not yet verified,,OBS_427e7c0f11c5cb7d,1,candidate only; missing conditions and repeated experiments prevent unique identification,not verified against original experimental table,original search date/operator unavailable; current audit is not original collection history,,10.1021/acs.est.7b02259,verified_summary,retain_verified_summary_separate_from_individual_measurements,SI Table S12 PDF page 18; PFHxS; blood; mean,2.56,log10,Source calls field ratios BCF; database harmonizes to BAF because dietary uptake is uncontrolled; original label retained; 15 fish share the source context,sources/06bc92a9c2bbad5c/es7b02259_si_001.pdf,09fa450876a541a49cae,fish,True,0c6428644cae17f6244d80810b4ea06319f4a22bcf83ab985e21d3cf5cd110ab,https://ndownloader.figshare.com/files/9158797,data/04_bioaccumulation/ITRC_Table_5-1_BCF-BAF_aquatic.xlsx,BCF-BAF Database,1146,K1146;I1146;J1146,"{""BAF"": 363.0780547701015, ""BAF Min"": null, ""BAF Max"": null}",reported_database_value,363.0780547701015,True,True,bfc24df5dbd2d21341a9580e5053f7a7b89c1ddea1ebe75c55407f4cee27a54d,verified_summary,fish,CIT_1a74c55ecb5e13670180,True,True,True,verified_summary,True,SI Table S12 PDF page 18; PFHxS; blood; mean,2.56,not_reported
BIO_6739,1945,6739,PFHxS,Perfluorohexanesulfonic acid,355-46-4,PFSA,6.0,BAF,199.526231496888,2.3,L/kg,199.526231496888,,wet weight,,Cyprinus carpio,Common Carp,fish,liver,,,,,freshwater,,field,ITRC,https://pfas-1.itrcweb.org/wp-content/uploads/2023/10/ITRC_PFAS_-BCF-BAF_compilation_Table5-1_Oct2021.xlsx,Pan 2017,ITRC-compiled,"location=Xiaoqing River, Huantai County, China; waterbody=River; note=Results reported as BCFs, however presented here as BAFs because influence from diet could not be accounted for.; uid=1448",2026-05-17T15:20:13+00:00,Perfluorohexanesulfonic acid,355-46-4,QZHDEAJFRJCDMF-UHFFFAOYSA-N,,67734.0,OS(=O)(=O)C(F)(F)C(F)(F)C(F)(F)C(F)(F)C(F)(F)C(F)(F)F,C6HF13O3S,400.11,PFSA,3.7,,EPA,,,,,,O=S(=O)(O)C(F)(F)C(F)(F)C(F)(F)C(F)(F)C(F)(F)C(F)(F)F,O=S(=O)(O)C(F)(F)C(F)(F)C(F)(F)C(F)(F)C(F)(F)C(F)(F)F,CMP_83aa37c8a37d61e51382,pan2017,10.1021/acs.est.7b02259,provisional_normalized_citation_cross_source_equivalence_unverified,,,L/kg,1.0,199.526231496888,199.526231496888,2.3000000000000003,2.3000000000000003,-4.440892098500626e-16,False,True,True,True,,retained,False,10.1021/acs.est.7b02259,First report on the occurrence and bioaccumulation of hexafluoropropylene oxide trimer acid: an emerging concern,Pan 2017; First report on the occurrence and bioaccumulation of hexafluoropropylene oxide trimer acid: an emerging concern; Environmental Science & Technology,ITRC Table5-1; BCF-BAF Database!row 1147; uid=1448; endpoint=BAF,,database_cell_verified,1.0,,,,,,,exact numeric cell match,original paper table/page and primary measurement not yet verified,,OBS_84872a298788c718,1,candidate only; missing conditions and repeated experiments prevent unique identification,not verified against original experimental table,original search date/operator unavailable; current audit is not original collection history,,10.1021/acs.est.7b02259,verified_summary,retain_verified_summary_separate_from_individual_measurements,SI Table S12 PDF page 18; PFHxS; liver; mean,2.3,log10,Source calls field ratios BCF; database harmonizes to BAF because dietary uptake is uncontrolled; original label retained; 15 fish share the source context,sources/06bc92a9c2bbad5c/es7b02259_si_001.pdf,3a8bc7a9e9374c02af84,fish,True,0c6428644cae17f6244d80810b4ea06319f4a22bcf83ab985e21d3cf5cd110ab,https://ndownloader.figshare.com/files/9158797,data/04_bioaccumulation/ITRC_Table_5-1_BCF-BAF_aquatic.xlsx,BCF-BAF Database,1147,K1147;I1147;J1147,"{""BAF"": 199.52623149688802, ""BAF Min"": null, ""BAF Max"": null}",reported_database_value,199.526231496888,True,True,bfc24df5dbd2d21341a9580e5053f7a7b89c1ddea1ebe75c55407f4cee27a54d,verified_summary,fish,CIT_1a74c55ecb5e13670180,True,True,True,verified_summary,True,SI Table S12 PDF page 18; PFHxS; liver; mean,2.3000000000000003,not_reported
BIO_6740,1946,6740,PFOS,Perfluorooctanesulfonic acid,1763-23-1,PFSA,8.0,BAF,7244.359600749904,3.86,L/kg,7244.359600749904,,wet weight,,Cyprinus carpio,Common Carp,fish,blood,,,,,freshwater,,field,ITRC,https://pfas-1.itrcweb.org/wp-content/uploads/2023/10/ITRC_PFAS_-BCF-BAF_compilation_Table5-1_Oct2021.xlsx,Pan 2017,ITRC-compiled,"location=Xiaoqing River, Huantai County, China; waterbody=River; note=Results reported as BCFs, however presented here as BAFs because influence from diet could not be accounted for.; uid=1449",2026-05-17T15:20:14+00:00,Perfluorooctanesulfonic acid,1763-23-1,YFSUTJLHUFNCNZ-UHFFFAOYSA-N,,74483.0,OS(=O)(=O)C(F)(F)C(F)(F)C(F)(F)C(F)(F)C(F)(F)C(F)(F)C(F)(F)C(F)(F)F,C8HF17O3S,500.13,PFSA,5.0,,EPA,,,,,,O=S(=O)(O)C(F)(F)C(F)(F)C(F)(F)C(F)(F)C(F)(F)C(F)(F)C(F)(F)C(F)(F)F,O=S(=O)(O)C(F)(F)C(F)(F)C(F)(F)C(F)(F)C(F)(F)C(F)(F)C(F)(F)C(F)(F)F,CMP_cfdde373a2a8c04668f0,pan2017,10.1021/acs.est.7b02259,provisional_normalized_citation_cross_source_equivalence_unverified,,,L/kg,1.0,7244.359600749904,7244.359600749904,3.86,3.86,-4.440892098500626e-16,False,True,True,True,,retained,False,10.1021/acs.est.7b02259,First report on the occurrence and bioaccumulation of hexafluoropropylene oxide trimer acid: an emerging concern,Pan 2017; First report on the occurrence and bioaccumulation of hexafluoropropylene oxide trimer acid: an emerging concern; Environmental Science & Technology,ITRC Table5-1; BCF-BAF Database!row 1148; uid=1449; endpoint=BAF,,database_cell_verified,1.0,,,,,,,exact numeric cell match,original paper table/page and primary measurement not yet verified,,OBS_339c1ac1f050b42b,1,candidate only; missing conditions and repeated experiments prevent unique identification,not verified against original experimental table,original search date/operator unavailable; current audit is not original collection history,,10.1021/acs.est.7b02259,verified_summary,retain_verified_summary_separate_from_individual_measurements,SI Table S12 PDF page 18; PFOS; blood; mean,3.86,log10,Source calls field ratios BCF; database harmonizes to BAF because dietary uptake is uncontrolled; original label retained; 15 fish share the source context,sources/06bc92a9c2bbad5c/es7b02259_si_001.pdf,20b6833c97c4e7a10034,fish,True,0c6428644cae17f6244d80810b4ea06319f4a22bcf83ab985e21d3cf5cd110ab,https://ndownloader.figshare.com/files/9158797,data/04_bioaccumulation/ITRC_Table_5-1_BCF-BAF_aquatic.xlsx,BCF-BAF Database,1148,K1148;I1148;J1148,"{""BAF"": 7244.359600749904, ""BAF Min"": null, ""BAF Max"": null}",reported_database_value,7244.359600749904,True,True,bfc24df5dbd2d21341a9580e5053f7a7b89c1ddea1ebe75c55407f4cee27a54d,verified_summary,fish,CIT_1a74c55ecb5e13670180,True,True,True,verified_summary,True,SI Table S12 PDF page 18; PFOS; blood; mean,3.86,not_reported
BIO_6741,1947,6741,PFOS,Perfluorooctanesulfonic acid,1763-23-1,PFSA,8.0,BAF,4466.835921509634,3.65,L/kg,4466.835921509634,,wet weight,,Cyprinus carpio,Common Carp,fish,liver,,,,,freshwater,,field,ITRC,https://pfas-1.itrcweb.org/wp-content/uploads/2023/10/ITRC_PFAS_-BCF-BAF_compilation_Table5-1_Oct2021.xlsx,Pan 2017,ITRC-compiled,"location=Xiaoqing River, Huantai County, China; waterbody=River; note=Results reported as BCFs, however presented here as BAFs because influence from diet could not be accounted for.; uid=1450",2026-05-17T15:20:14+00:00,Perfluorooctanesulfonic acid,1763-23-1,YFSUTJLHUFNCNZ-UHFFFAOYSA-N,,74483.0,OS(=O)(=O)C(F)(F)C(F)(F)C(F)(F)C(F)(F)C(F)(F)C(F)(F)C(F)(F)C(F)(F)F,C8HF17O3S,500.13,PFSA,5.0,,EPA,,,,,,O=S(=O)(O)C(F)(F)C(F)(F)C(F)(F)C(F)(F)C(F)(F)C(F)(F)C(F)(F)C(F)(F)F,O=S(=O)(O)C(F)(F)C(F)(F)C(F)(F)C(F)(F)C(F)(F)C(F)(F)C(F)(F)C(F)(F)F,CMP_cfdde373a2a8c04668f0,pan2017,10.1021/acs.est.7b02259,provisional_normalized_citation_cross_source_equivalence_unverified,,,L/kg,1.0,4466.835921509634,4466.835921509634,3.65,3.65,-4.440892098500626e-16,False,True,True,True,,retained,False,10.1021/acs.est.7b02259,First report on the occurrence and bioaccumulation of hexafluoropropylene oxide trimer acid: an emerging concern,Pan 2017; First report on the occurrence and bioaccumulation of hexafluoropropylene oxide trimer acid: an emerging concern; Environmental Science & Technology,ITRC Table5-1; BCF-BAF Database!row 1149; uid=1450; endpoint=BAF,,database_cell_verified,1.0,,,,,,,exact numeric cell match,original paper table/page and primary measurement not yet verified,,OBS_6bb967452bde421f,1,candidate only; missing conditions and repeated experiments prevent unique identification,not verified against original experimental table,original search date/operator unavailable; current audit is not original collection history,,10.1021/acs.est.7b02259,verified_summary,retain_verified_summary_separate_from_individual_measurements,SI Table S12 PDF page 18; PFOS; liver; mean,3.65,log10,Source calls field ratios BCF; database harmonizes to BAF because dietary uptake is uncontrolled; original label retained; 15 fish share the source context,sources/06bc92a9c2bbad5c/es7b02259_si_001.pdf,727b6fe603e48c77684b,fish,True,0c6428644cae17f6244d80810b4ea06319f4a22bcf83ab985e21d3cf5cd110ab,https://ndownloader.figshare.com/files/9158797,data/04_bioaccumulation/ITRC_Table_5-1_BCF-BAF_aquatic.xlsx,BCF-BAF Database,1149,K1149;I1149;J1149,"{""BAF"": 4466.835921509634, ""BAF Min"": null, ""BAF Max"": null}",reported_database_value,4466.835921509634,True,True,bfc24df5dbd2d21341a9580e5053f7a7b89c1ddea1ebe75c55407f4cee27a54d,verified_summary,fish,CIT_1a74c55ecb5e13670180,True,True,True,verified_summary,True,SI Table S12 PDF page 18; PFOS; liver; mean,3.65,not_reported
BIO_6742,1948,6742,PFOS,Perfluorooctanesulfonic acid,1763-23-1,PFSA,8.0,BAF,537.031796370253,2.73,L/kg,537.031796370253,,wet weight,,Cyprinus carpio,Common Carp,fish,muscle,,,,,freshwater,,field,ITRC,https://pfas-1.itrcweb.org/wp-content/uploads/2023/10/ITRC_PFAS_-BCF-BAF_compilation_Table5-1_Oct2021.xlsx,Pan 2017,ITRC-compiled,"location=Xiaoqing River, Huantai County, China; waterbody=River; note=Results reported as BCFs, however presented here as BAFs because influence from diet could not be accounted for.; uid=1451",2026-05-17T15:20:14+00:00,Perfluorooctanesulfonic acid,1763-23-1,YFSUTJLHUFNCNZ-UHFFFAOYSA-N,,74483.0,OS(=O)(=O)C(F)(F)C(F)(F)C(F)(F)C(F)(F)C(F)(F)C(F)(F)C(F)(F)C(F)(F)F,C8HF17O3S,500.13,PFSA,5.0,,EPA,,,,,,O=S(=O)(O)C(F)(F)C(F)(F)C(F)(F)C(F)(F)C(F)(F)C(F)(F)C(F)(F)C(F)(F)F,O=S(=O)(O)C(F)(F)C(F)(F)C(F)(F)C(F)(F)C(F)(F)C(F)(F)C(F)(F)C(F)(F)F,CMP_cfdde373a2a8c04668f0,pan2017,10.1021/acs.est.7b02259,provisional_normalized_citation_cross_source_equivalence_unverified,,,L/kg,1.0,537.031796370253,537.031796370253,2.7300000000000004,2.7300000000000004,-4.440892098500626e-16,False,True,True,True,,retained,False,10.1021/acs.est.7b02259,First report on the occurrence and bioaccumulation of hexafluoropropylene oxide trimer acid: an emerging concern,Pan 2017; First report on the occurrence and bioaccumulation of hexafluoropropylene oxide trimer acid: an emerging concern; Environmental Science & Technology,ITRC Table5-1; BCF-BAF Database!row 1150; uid=1451; endpoint=BAF,,database_cell_verified,1.0,,,,,,,exact numeric cell match,original paper table/page and primary measurement not yet verified,,OBS_d1eea4b290d4450a,1,candidate only; missing conditions and repeated experiments prevent unique identification,not verified against original experimental table,original search date/operator unavailable; current audit is not original collection history,,10.1021/acs.est.7b02259,verified_summary,retain_verified_summary_separate_from_individual_measurements,SI Table S12 PDF page 18; PFOS; muscle; mean,2.73,log10,Source calls field ratios BCF; database harmonizes to BAF because dietary uptake is uncontrolled; original label retained; 15 fish share the source context,sources/06bc92a9c2bbad5c/es7b02259_si_001.pdf,9d8ecd61ac5779bf79f4,fish,True,0c6428644cae17f6244d80810b4ea06319f4a22bcf83ab985e21d3cf5cd110ab,https://ndownloader.figshare.com/files/9158797,data/04_bioaccumulation/ITRC_Table_5-1_BCF-BAF_aquatic.xlsx,BCF-BAF Database,1150,K1150;I1150;J1150,"{""BAF"": 537.031796370253, ""BAF Min"": null, ""BAF Max"": null}",reported_database_value,537.031796370253,True,True,bfc24df5dbd2d21341a9580e5053f7a7b89c1ddea1ebe75c55407f4cee27a54d,verified_summary,fish,CIT_1a74c55ecb5e13670180,True,True,True,verified_summary,True,SI Table S12 PDF page 18; PFOS; muscle; mean,2.7300000000000004,not_reported
BIO_6745,1951,6745,F-53B (6:2),Potassium 9-chlorohexadecafluoro-3-oxanonane-1-sulfonate,73606-19-6,PFSA_Cl_ether,8.0,BAF,10715.19305237607,4.03,L/kg,10715.193052376071,,wet weight,,Cyprinus carpio,Common Carp,fish,blood,,,,,freshwater,,field,ITRC,https://pfas-1.itrcweb.org/wp-content/uploads/2023/10/ITRC_PFAS_-BCF-BAF_compilation_Table5-1_Oct2021.xlsx,Pan 2017,ITRC-compiled,"location=Xiaoqing River, Huantai County, China; waterbody=River; note=Results reported as BCFs, however presented here as BAFs because influence from diet could not be accounted for.; uid=1454",2026-05-17T15:20:14+00:00,Potassium 9-chlorohexadecafluoro-3-oxanonane-1-sulfonate,73606-19-6,OWQCHLFKOGVODW-UHFFFAOYSA-M,,,[K+].[O-]S(=O)(=O)C(F)(F)C(F)(F)OC(F)(F)C(F)(F)C(F)(F)C(F)(F)C(F)(F)C(F)(F)Cl,C8ClF16KO4S,570.67,其它全氟,,,EPA,,,,,,O=S(=O)([O-])C(F)(F)C(F)(F)OC(F)(F)C(F)(F)C(F)(F)C(F)(F)C(F)(F)C(F)(F)Cl.[K+],O=S(=O)(O)C(F)(F)C(F)(F)OC(F)(F)C(F)(F)C(F)(F)C(F)(F)C(F)(F)C(F)(F)Cl,CMP_b7e2eb89ae6c3db4e807,pan2017,10.1021/acs.est.7b02259,provisional_normalized_citation_cross_source_equivalence_unverified,,,L/kg,1.0,10715.19305237607,10715.19305237607,4.03,4.03,0.0,False,True,True,True,,retained,False,10.1021/acs.est.7b02259,First report on the occurrence and bioaccumulation of hexafluoropropylene oxide trimer acid: an emerging concern,Pan 2017; First report on the occurrence and bioaccumulation of hexafluoropropylene oxide trimer acid: an emerging concern; Environmental Science & Technology,ITRC Table5-1; BCF-BAF Database!row 1153; uid=1454; endpoint=BAF,,database_cell_verified,1.0,,,,,,,exact numeric cell match,original paper table/page and primary measurement not yet verified,,OBS_dd9d041caa1e3e34,1,candidate only; missing conditions and repeated experiments prevent unique identification,not verified against original experimental table,original search date/operator unavailable; current audit is not original collection history,,10.1021/acs.est.7b02259,verified_summary,retain_verified_summary_separate_from_individual_measurements,SI Table S12 PDF page 18; F-53B (6:2); blood; mean,4.03,log10,Source calls field ratios BCF; database harmonizes to BAF because dietary uptake is uncontrolled; original label retained; 15 fish share the source context,sources/06bc92a9c2bbad5c/es7b02259_si_001.pdf,f5854a14d2b0e9acaf74,fish,True,0c6428644cae17f6244d80810b4ea06319f4a22bcf83ab985e21d3cf5cd110ab,https://ndownloader.figshare.com/files/9158797,data/04_bioaccumulation/ITRC_Table_5-1_BCF-BAF_aquatic.xlsx,BCF-BAF Database,1153,K1153;I1153;J1153,"{""BAF"": 10715.193052376071, ""BAF Min"": null, ""BAF Max"": null}",reported_database_value,10715.193052376071,True,True,bfc24df5dbd2d21341a9580e5053f7a7b89c1ddea1ebe75c55407f4cee27a54d,verified_summary,fish,CIT_1a74c55ecb5e13670180,True,True,True,verified_summary,True,SI Table S12 PDF page 18; F-53B (6:2); blood; mean,4.03,not_reported
BIO_6746,1952,6746,F-53B (6:2),Potassium 9-chlorohexadecafluoro-3-oxanonane-1-sulfonate,73606-19-6,PFSA_Cl_ether,8.0,BAF,6309.573444801938,3.8,L/kg,6309.573444801938,,wet weight,,Cyprinus carpio,Common Carp,fish,liver,,,,,freshwater,,field,ITRC,https://pfas-1.itrcweb.org/wp-content/uploads/2023/10/ITRC_PFAS_-BCF-BAF_compilation_Table5-1_Oct2021.xlsx,Pan 2017,ITRC-compiled,"location=Xiaoqing River, Huantai County, China; waterbody=River; note=Results reported as BCFs, however presented here as BAFs because influence from diet could not be accounted for.; uid=1455",2026-05-17T15:20:14+00:00,Potassium 9-chlorohexadecafluoro-3-oxanonane-1-sulfonate,73606-19-6,OWQCHLFKOGVODW-UHFFFAOYSA-M,,,[K+].[O-]S(=O)(=O)C(F)(F)C(F)(F)OC(F)(F)C(F)(F)C(F)(F)C(F)(F)C(F)(F)C(F)(F)Cl,C8ClF16KO4S,570.67,其它全氟,,,EPA,,,,,,O=S(=O)([O-])C(F)(F)C(F)(F)OC(F)(F)C(F)(F)C(F)(F)C(F)(F)C(F)(F)C(F)(F)Cl.[K+],O=S(=O)(O)C(F)(F)C(F)(F)OC(F)(F)C(F)(F)C(F)(F)C(F)(F)C(F)(F)C(F)(F)Cl,CMP_b7e2eb89ae6c3db4e807,pan2017,10.1021/acs.est.7b02259,provisional_normalized_citation_cross_source_equivalence_unverified,,,L/kg,1.0,6309.573444801938,6309.573444801938,3.8,3.8,-4.440892098500626e-16,False,True,True,True,,retained,False,10.1021/acs.est.7b02259,First report on the occurrence and bioaccumulation of hexafluoropropylene oxide trimer acid: an emerging concern,Pan 2017; First report on the occurrence and bioaccumulation of hexafluoropropylene oxide trimer acid: an emerging concern; Environmental Science & Technology,ITRC Table5-1; BCF-BAF Database!row 1154; uid=1455; endpoint=BAF,,database_cell_verified,1.0,,,,,,,exact numeric cell match,original paper table/page and primary measurement not yet verified,,OBS_1bf73d0f41307500,1,candidate only; missing conditions and repeated experiments prevent unique identification,not verified against original experimental table,original search date/operator unavailable; current audit is not original collection history,,10.1021/acs.est.7b02259,verified_summary,retain_verified_summary_separate_from_individual_measurements,SI Table S12 PDF page 18; F-53B (6:2); liver; mean,3.8,log10,Source calls field ratios BCF; database harmonizes to BAF because dietary uptake is uncontrolled; original label retained; 15 fish share the source context,sources/06bc92a9c2bbad5c/es7b02259_si_001.pdf,9d4244f0defe77a9c796,fish,True,0c6428644cae17f6244d80810b4ea06319f4a22bcf83ab985e21d3cf5cd110ab,https://ndownloader.figshare.com/files/9158797,data/04_bioaccumulation/ITRC_Table_5-1_BCF-BAF_aquatic.xlsx,BCF-BAF Database,1154,K1154;I1154;J1154,"{""BAF"": 6309.573444801938, ""BAF Min"": null, ""BAF Max"": null}",reported_database_value,6309.573444801938,True,True,bfc24df5dbd2d21341a9580e5053f7a7b89c1ddea1ebe75c55407f4cee27a54d,verified_summary,fish,CIT_1a74c55ecb5e13670180,True,True,True,verified_summary,True,SI Table S12 PDF page 18; F-53B (6:2); liver; mean,3.8,not_reported
BIO_6747,1953,6747,F-53B (6:2),Potassium 9-chlorohexadecafluoro-3-oxanonane-1-sulfonate,73606-19-6,PFSA_Cl_ether,8.0,BAF,812.8305161640998,2.91,L/kg,812.8305161640998,,wet weight,,Cyprinus carpio,Common Carp,fish,muscle,,,,,freshwater,,field,ITRC,https://pfas-1.itrcweb.org/wp-content/uploads/2023/10/ITRC_PFAS_-BCF-BAF_compilation_Table5-1_Oct2021.xlsx,Pan 2017,ITRC-compiled,"location=Xiaoqing River, Huantai County, China; waterbody=River; note=Results reported as BCFs, however presented here as BAFs because influence from diet could not be accounted for.; uid=1456",2026-05-17T15:20:14+00:00,Potassium 9-chlorohexadecafluoro-3-oxanonane-1-sulfonate,73606-19-6,OWQCHLFKOGVODW-UHFFFAOYSA-M,,,[K+].[O-]S(=O)(=O)C(F)(F)C(F)(F)OC(F)(F)C(F)(F)C(F)(F)C(F)(F)C(F)(F)C(F)(F)Cl,C8ClF16KO4S,570.67,其它全氟,,,EPA,,,,,,O=S(=O)([O-])C(F)(F)C(F)(F)OC(F)(F)C(F)(F)C(F)(F)C(F)(F)C(F)(F)C(F)(F)Cl.[K+],O=S(=O)(O)C(F)(F)C(F)(F)OC(F)(F)C(F)(F)C(F)(F)C(F)(F)C(F)(F)C(F)(F)Cl,CMP_b7e2eb89ae6c3db4e807,pan2017,10.1021/acs.est.7b02259,provisional_normalized_citation_cross_source_equivalence_unverified,,,L/kg,1.0,812.8305161640998,812.8305161640998,2.91,2.91,0.0,False,True,True,True,,retained,False,10.1021/acs.est.7b02259,First report on the occurrence and bioaccumulation of hexafluoropropylene oxide trimer acid: an emerging concern,Pan 2017; First report on the occurrence and bioaccumulation of hexafluoropropylene oxide trimer acid: an emerging concern; Environmental Science & Technology,ITRC Table5-1; BCF-BAF Database!row 1155; uid=1456; endpoint=BAF,,database_cell_verified,1.0,,,,,,,exact numeric cell match,original paper table/page and primary measurement not yet verified,,OBS_797108d8ac61790e,1,candidate only; missing conditions and repeated experiments prevent unique identification,not verified against original experimental table,original search date/operator unavailable; current audit is not original collection history,,10.1021/acs.est.7b02259,verified_summary,retain_verified_summary_separate_from_individual_measurements,SI Table S12 PDF page 18; F-53B (6:2); muscle; mean,2.91,log10,Source calls field ratios BCF; database harmonizes to BAF because dietary uptake is uncontrolled; original label retained; 15 fish share the source context,sources/06bc92a9c2bbad5c/es7b02259_si_001.pdf,ed5ce61c8ee17fa809b1,fish,True,0c6428644cae17f6244d80810b4ea06319f4a22bcf83ab985e21d3cf5cd110ab,https://ndownloader.figshare.com/files/9158797,data/04_bioaccumulation/ITRC_Table_5-1_BCF-BAF_aquatic.xlsx,BCF-BAF Database,1155,K1155;I1155;J1155,"{""BAF"": 812.8305161640998, ""BAF Min"": null, ""BAF Max"": null}",reported_database_value,812.8305161640998,True,True,bfc24df5dbd2d21341a9580e5053f7a7b89c1ddea1ebe75c55407f4cee27a54d,verified_summary,fish,CIT_1a74c55ecb5e13670180,True,True,True,verified_summary,True,SI Table S12 PDF page 18; F-53B (6:2); muscle; mean,2.91,not_reported
